flex1,flex2,flex3,flex4,flex5,imu_x,imu_y,imu_z,SIGN
0.0017094017094017094,0.002442002442002442,0.003418803418803419,0.0007326007326007326,0.006837606837606838,325.87,-42.06,35.75,pink4
0.0014652014652014652,0.002442002442002442,0.0031746031746031746,0.0007326007326007326,0.0,325.94,-42.06,35.94,pink4
0.0014652014652014652,0.002442002442002442,0.0029304029304029304,0.0007326007326007326,0.00463980463980464,325.81,-42.19,35.94,pink4
0.001221001221001221,0.002442002442002442,0.0029304029304029304,0.0004884004884004884,0.00805860805860806,325.69,-42.25,36.31,pink4
0.001221001221001221,0.002197802197802198,0.0029304029304029304,0.0004884004884004884,0.002442002442002442,325.62,-42.06,36.81,pink4
0.0014652014652014652,0.0019536019536019536,0.0031746031746031746,0.0002442002442002442,0.0017094017094017094,325.5,-42.0,37.63,pink4
0.0014652014652014652,0.0017094017094017094,0.0031746031746031746,0.0,0.004395604395604396,325.44,-42.06,38.13,pink4
0.0017094017094017094,0.0014652014652014652,0.003418803418803419,0.0002442002442002442,0.006593406593406593,325.5,-42.0,38.5,pink4
0.0017094017094017094,0.0014652014652014652,0.003418803418803419,0.0002442002442002442,0.009035409035409036,325.75,-41.81,38.94,pink4
0.0019536019536019536,0.001221001221001221,0.003418803418803419,0.0002442002442002442,0.011965811965811967,325.94,-41.63,39.44,pink4
0.0019536019536019536,0.001221001221001221,0.003418803418803419,0.0002442002442002442,0.015384615384615385,326.12,-41.5,39.63,pink4
0.002197802197802198,0.001221001221001221,0.0031746031746031746,0.0002442002442002442,0.017582417582417582,326.0,-41.38,39.88,pink4
0.002197802197802198,0.001221001221001221,0.0031746031746031746,0.0002442002442002442,0.01904761904761905,325.94,-41.38,40.0,pink4
0.002197802197802198,0.0014652014652014652,0.002686202686202686,0.0002442002442002442,0.018070818070818073,325.87,-41.5,40.25,pink4
0.002197802197802198,0.0014652014652014652,0.002197802197802198,0.0,0.013675213675213675,325.87,-41.44,40.25,pink4
0.002197802197802198,0.0014652014652014652,0.0019536019536019536,0.0,0.007081807081807082,325.81,-41.38,40.25,pink4
0.0019536019536019536,0.0017094017094017094,0.0017094017094017094,0.0,0.0,325.81,-41.38,40.19,pink4
0.0019536019536019536,0.0017094017094017094,0.0014652014652014652,0.0,0.00463980463980464,325.87,-41.5,40.19,pink4
0.0019536019536019536,0.0019536019536019536,0.0014652014652014652,0.0,0.00927960927960928,325.94,-41.75,40.25,pink4
0.0019536019536019536,0.0019536019536019536,0.0014652014652014652,0.0,0.012454212454212455,325.94,-41.81,40.31,pink4
0.0017094017094017094,0.0019536019536019536,0.0014652014652014652,0.0,0.014652014652014652,325.94,-41.69,40.25,pink4
0.0017094017094017094,0.0017094017094017094,0.0014652014652014652,0.0002442002442002442,0.01514041514041514,326.06,-41.56,40.44,pink4
0.0019536019536019536,0.0017094017094017094,0.0014652014652014652,0.0002442002442002442,0.008547008547008548,326.0,-41.56,40.63,pink4
0.002197802197802198,0.0014652014652014652,0.0014652014652014652,0.0004884004884004884,0.002686202686202686,325.94,-41.5,40.75,pink4
0.002442002442002442,0.0014652014652014652,0.0014652014652014652,0.0004884004884004884,0.0014652014652014652,325.75,-41.38,40.63,pink4
0.002442002442002442,0.001221001221001221,0.0014652014652014652,0.0007326007326007326,0.005616605616605617,325.81,-41.44,40.5,pink4
0.002686202686202686,0.0009768009768009768,0.0014652014652014652,0.0007326007326007326,0.008547008547008548,326.06,-41.31,40.63,pink4
0.002686202686202686,0.0007326007326007326,0.0014652014652014652,0.0007326007326007326,0.010500610500610501,326.06,-41.25,40.63,pink4
0.0029304029304029304,0.0007326007326007326,0.0017094017094017094,0.0007326007326007326,0.012942612942612943,325.94,-41.25,40.56,pink4
0.0031746031746031746,0.0004884004884004884,0.0017094017094017094,0.0007326007326007326,0.01611721611721612,325.94,-41.31,40.69,pink4
0.0031746031746031746,0.0004884004884004884,0.0019536019536019536,0.0007326007326007326,0.018070818070818073,326.06,-41.19,40.81,pink4
0.003418803418803419,0.0002442002442002442,0.0017094017094017094,0.0007326007326007326,0.019536019536019536,326.0,-41.25,40.75,pink4
0.003418803418803419,0.0,0.0017094017094017094,0.0007326007326007326,0.020757020757020756,325.94,-41.31,40.88,pink4
0.003418803418803419,0.0,0.0014652014652014652,0.0007326007326007326,0.02148962148962149,325.87,-41.38,41.0,pink4
0.003418803418803419,0.0002442002442002442,0.001221001221001221,0.0007326007326007326,0.020757020757020756,325.87,-41.25,41.06,pink4
0.0031746031746031746,0.0002442002442002442,0.0007326007326007326,0.0004884004884004884,0.014407814407814409,325.87,-41.13,41.31,pink4
0.0029304029304029304,0.0002442002442002442,0.0,0.0004884004884004884,0.006349206349206349,325.69,-41.13,41.44,pink4
0.002686202686202686,0.0002442002442002442,0.0004884004884004884,0.0002442002442002442,0.0004884004884004884,325.31,-41.06,41.63,pink4
0.002686202686202686,0.0002442002442002442,0.0007326007326007326,0.0002442002442002442,0.006349206349206349,324.62,-40.94,42.0,pink4
0.002686202686202686,0.0004884004884004884,0.0009768009768009768,0.0,0.010256410256410256,321.81,-39.75,43.44,pink4
0.002686202686202686,0.0007326007326007326,0.001221001221001221,0.0,0.013186813186813187,316.56,-39.13,43.69,pink4
0.0031746031746031746,0.0014652014652014652,0.001221001221001221,0.0004884004884004884,0.01514041514041514,309.12,-40.13,44.88,pink4
0.004151404151404151,0.002686202686202686,0.006105006105006105,0.014896214896214897,0.01562881562881563,299.31,-41.0,48.19,pink4
0.004884004884004884,0.00463980463980464,0.02564102564102564,0.03467643467643468,0.01221001221001221,289.81,-40.0,48.69,pink4
0.00805860805860806,0.006837606837606838,0.042002442002442006,0.04932844932844933,0.00757020757020757,284.69,-40.0,49.56,pink4
0.01221001221001221,0.010012210012210013,0.05347985347985348,0.05958485958485959,0.0029304029304029304,282.87,-40.25,49.56,pink4
0.019536019536019536,0.013186813186813187,0.061782661782661785,0.06715506715506715,0.001221001221001221,282.56,-39.88,47.25,pink4
0.024664224664224663,0.01514041514041514,0.0673992673992674,0.07252747252747253,0.004151404151404151,283.0,-40.38,46.5,pink4
0.028327228327228327,0.016605616605616606,0.0713064713064713,0.0761904761904762,0.007326007326007326,286.25,-41.25,48.19,pink4
0.03028083028083028,0.01733821733821734,0.07374847374847375,0.0757020757020757,0.009768009768009768,296.25,-39.31,47.06,pink4
0.02783882783882784,0.01733821733821734,0.07545787545787545,0.073992673992674,0.011233211233211233,305.12,-32.88,44.69,pink4
0.024664224664224663,0.01733821733821734,0.07301587301587302,0.06935286935286936,0.012454212454212455,314.19,-27.06,42.75,pink4
0.020512820512820513,0.01733821733821734,0.0652014652014652,0.06105006105006105,0.016605616605616606,321.62,-25.81,41.19,pink4
0.01611721611721612,0.018803418803418803,0.05445665445665446,0.05128205128205128,0.01978021978021978,326.37,-25.87,42.44,pink4
0.011721611721611722,0.020024420024420026,0.04297924297924298,0.042735042735042736,0.021733821733821733,328.19,-25.87,44.38,pink4
0.008302808302808303,0.021001221001221003,0.033455433455433455,0.03638583638583639,0.01978021978021978,327.75,-26.19,44.75,pink4
0.005616605616605617,0.021733821733821733,0.026862026862026864,0.03199023199023199,0.014896214896214897,326.37,-27.0,46.25,pink4
0.003907203907203907,0.022222222222222223,0.022222222222222223,0.028815628815628817,0.011477411477411478,321.87,-29.31,50.63,pink4
0.002686202686202686,0.022222222222222223,0.01904761904761905,0.02783882783882784,0.007814407814407814,312.75,-33.06,55.13,pink4
0.0019536019536019536,0.020512820512820513,0.02783882783882784,0.036874236874236875,0.004151404151404151,301.19,-38.38,52.69,pink4
0.003663003663003663,0.019291819291819293,0.04542124542124542,0.05201465201465202,0.0004884004884004884,290.25,-39.19,47.75,pink4
0.009035409035409036,0.01855921855921856,0.057631257631257635,0.06275946275946276,0.005616605616605617,284.81,-39.81,47.19,pink4
0.012942612942612943,0.01855921855921856,0.06642246642246642,0.07008547008547009,0.010012210012210013,283.75,-40.13,47.31,pink4
0.015873015873015872,0.01904761904761905,0.07228327228327229,0.07374847374847375,0.012942612942612943,284.31,-39.5,46.13,pink4
0.017582417582417582,0.019536019536019536,0.07643467643467644,0.07521367521367521,0.011477411477411478,286.81,-39.75,46.19,pink4
0.018803418803418803,0.01978021978021978,0.07912087912087912,0.07594627594627594,0.007081807081807082,294.12,-38.31,44.31,pink4
0.01855921855921856,0.020024420024420026,0.08107448107448108,0.07594627594627594,0.0014652014652014652,305.06,-31.44,42.38,pink4
0.016605616605616606,0.02026862026862027,0.07838827838827839,0.07423687423687424,0.003418803418803419,317.5,-27.69,42.94,pink4
0.012942612942612943,0.021733821733821733,0.06813186813186813,0.06422466422466422,0.006837606837606838,327.0,-26.0,46.06,pink4
0.008791208791208791,0.0231990231990232,0.05396825396825397,0.05396825396825397,0.012942612942612943,331.56,-25.62,49.44,pink4
0.005616605616605617,0.02442002442002442,0.04297924297924298,0.04590964590964591,0.017094017094017096,332.56,-25.44,51.88,pink4
0.003418803418803419,0.025152625152625153,0.03492063492063492,0.040293040293040296,0.016605616605616606,330.37,-26.12,53.31,pink4
0.0017094017094017094,0.025152625152625153,0.029304029304029304,0.03638583638583639,0.014896214896214897,325.19,-27.87,55.5,pink4
0.0007326007326007326,0.025152625152625153,0.025396825396825397,0.03394383394383394,0.01391941391941392,315.44,-31.06,59.56,pink4
0.0002442002442002442,0.023931623931623933,0.02905982905982906,0.03956043956043956,0.008302808302808303,304.0,-34.56,57.25,pink4
0.0004884004884004884,0.022466422466422466,0.04371184371184371,0.05567765567765568,0.004395604395604396,291.87,-34.0,51.06,pink4
0.007326007326007326,0.021733821733821733,0.054212454212454214,0.06666666666666667,0.0007326007326007326,282.19,-33.0,45.75,pink4
0.01611721611721612,0.021001221001221003,0.06129426129426129,0.07472527472527472,0.0019536019536019536,278.19,-32.63,42.81,pink4
0.022222222222222223,0.021733821733821733,0.06642246642246642,0.07838827838827839,0.006349206349206349,277.94,-32.94,43.38,pink4
0.026617826617826617,0.022222222222222223,0.0695970695970696,0.08034188034188035,0.010500610500610501,279.12,-33.0,43.69,pink4
0.029304029304029304,0.02271062271062271,0.07203907203907203,0.08107448107448108,0.014407814407814409,282.0,-34.13,44.19,pink4
0.03076923076923077,0.022954822954822957,0.07301587301587302,0.08083028083028083,0.01733821733821734,289.31,-34.75,45.19,pink4
0.031013431013431014,0.0231990231990232,0.0735042735042735,0.08034188034188035,0.019291819291819293,301.87,-28.94,44.38,pink4
0.026373626373626374,0.0231990231990232,0.07374847374847375,0.07912087912087912,0.019536019536019536,313.31,-25.44,45.25,pink4
0.020757020757020756,0.023443223443223443,0.06471306471306472,0.06862026862026863,0.011477411477411478,322.31,-24.19,47.81,pink4
0.014896214896214897,0.02442002442002442,0.05225885225885226,0.057631257631257635,0.005860805860805861,327.5,-23.69,49.56,pink4
0.010744810744810745,0.025152625152625153,0.04151404151404151,0.04908424908424908,0.0007326007326007326,328.56,-23.81,50.69,pink4
0.007814407814407814,0.02564102564102564,0.03418803418803419,0.04322344322344322,0.004151404151404151,326.56,-25.25,51.69,pink4
0.005860805860805861,0.02564102564102564,0.028815628815628817,0.03907203907203907,0.007326007326007326,321.37,-27.25,54.56,pink4
0.004395604395604396,0.02564102564102564,0.02612942612942613,0.03638583638583639,0.009768009768009768,310.44,-31.06,55.56,pink4
0.005128205128205128,0.024175824175824177,0.0336996336996337,0.0442002442002442,0.011233211233211233,298.87,-35.81,53.19,pink4
0.008302808302808303,0.0231990231990232,0.04957264957264957,0.05641025641025641,0.011233211233211233,289.81,-37.5,49.19,pink4
0.013186813186813187,0.022466422466422466,0.06105006105006105,0.06471306471306472,0.010012210012210013,284.81,-38.25,46.56,pink4
0.01684981684981685,0.022466422466422466,0.06910866910866911,0.07057387057387057,0.00805860805860806,283.75,-38.19,46.75,pink4
0.019291819291819293,0.02271062271062271,0.07472527472527472,0.07374847374847375,0.006837606837606838,284.25,-38.5,47.31,pink4
0.021001221001221003,0.02271062271062271,0.07838827838827839,0.07545787545787545,0.00463980463980464,286.87,-39.25,48.75,pink4
0.02197802197802198,0.02271062271062271,0.08058608058608059,0.07594627594627594,0.0029304029304029304,295.19,-39.44,51.25,pink4
0.02148962148962149,0.02271062271062271,0.08205128205128205,0.07521367521367521,0.0007326007326007326,307.37,-31.69,50.0,pink4
0.018803418803418803,0.02271062271062271,0.08131868131868132,0.0735042735042735,0.0007326007326007326,318.94,-24.75,47.75,pink4
0.014407814407814409,0.0231990231990232,0.07228327228327229,0.06568986568986569,0.0017094017094017094,324.44,-23.37,48.56,pink4
0.00927960927960928,0.024664224664224663,0.059096459096459095,0.054945054945054944,0.0014652014652014652,326.5,-24.0,50.0,pink4
0.005860805860805861,0.02564102564102564,0.04737484737484737,0.0463980463980464,0.001221001221001221,326.06,-24.5,50.56,pink4
0.003418803418803419,0.026373626373626374,0.03833943833943834,0.04004884004884005,0.004151404151404151,323.94,-24.87,51.25,pink4
0.0017094017094017094,0.026862026862026864,0.03223443223443224,0.03565323565323565,0.00757020757020757,319.62,-25.94,52.19,pink4
0.0007326007326007326,0.027106227106227107,0.02783882783882784,0.032722832722832725,0.01221001221001221,313.12,-27.37,54.25,pink4
0.0,0.026862026862026864,0.025885225885225887,0.03199023199023199,0.015384615384615385,300.12,-29.44,54.75,pink4
0.0007326007326007326,0.025152625152625153,0.0336996336996337,0.04078144078144078,0.017582417582417582,289.75,-32.31,51.56,pink4
0.002197802197802198,0.023931623931623933,0.04981684981684982,0.0547008547008547,0.01904761904761905,281.87,-35.31,47.13,pink4
0.007081807081807082,0.0231990231990232,0.06105006105006105,0.06446886446886448,0.01684981684981685,278.5,-37.81,45.25,pink4
0.011477411477411478,0.022466422466422466,0.06886446886446887,0.0713064713064713,0.012698412698412698,278.62,-38.0,44.31,pink4
0.014407814407814409,0.022466422466422466,0.07423687423687424,0.07496947496947497,0.010012210012210013,279.75,-37.94,44.44,pink4
0.016605616605616606,0.022466422466422466,0.07814407814407814,0.07643467643467644,0.00805860805860806,284.0,-38.88,45.5,pink4
0.018070818070818073,0.022466422466422466,0.07985347985347985,0.0761904761904762,0.0031746031746031746,296.44,-34.5,45.88,pink4
0.01684981684981685,0.022466422466422466,0.08107448107448108,0.073992673992674,0.0002442002442002442,309.81,-25.94,46.19,pink4
0.012942612942612943,0.022466422466422466,0.0761904761904762,0.06862026862026863,0.002686202686202686,320.94,-22.56,47.81,pink4
0.00805860805860806,0.023687423687423687,0.06153846153846154,0.05787545787545788,0.005372405372405372,327.81,-21.81,50.94,pink4
0.004395604395604396,0.02490842490842491,0.04810744810744811,0.04884004884004884,0.008791208791208791,330.44,-21.5,53.81,pink4
0.0017094017094017094,0.02564102564102564,0.037606837606837605,0.04224664224664225,0.011965811965811967,329.94,-22.12,54.06,pink4
0.0004884004884004884,0.02612942612942613,0.03028083028083028,0.03736263736263736,0.01562881562881563,327.87,-22.75,54.13,pink4
0.0019536019536019536,0.02612942612942613,0.025152625152625153,0.03418803418803419,0.018070818070818073,322.5,-24.5,54.13,pink4
0.002686202686202686,0.025885225885225887,0.02197802197802198,0.031746031746031744,0.01978021978021978,311.06,-27.62,55.38,pink4
0.0029304029304029304,0.025152625152625153,0.022954822954822957,0.03199023199023199,0.01391941391941392,296.12,-34.06,53.5,pink4
0.0019536019536019536,0.02442002442002442,0.03540903540903541,0.046153846153846156,0.00757020757020757,287.75,-38.13,49.75,pink4
0.0017094017094017094,0.024175824175824177,0.050061050061050064,0.05616605616605617,0.0007326007326007326,283.44,-37.94,46.44,pink4
0.010256410256410256,0.024175824175824177,0.06031746031746032,0.06324786324786325,0.003907203907203907,282.25,-37.31,44.94,pink4
0.017582417582417582,0.024664224664224663,0.06764346764346764,0.06813186813186813,0.007326007326007326,282.44,-37.06,44.0,pink4
0.02271062271062271,0.02490842490842491,0.07228327228327229,0.07008547008547009,0.007326007326007326,285.37,-38.25,45.88,pink4
0.026373626373626374,0.025152625152625153,0.07496947496947497,0.07155067155067155,0.006105006105006105,293.94,-33.81,47.44,pink4
0.026617826617826617,0.025152625152625153,0.0761904761904762,0.07106227106227106,0.004151404151404151,307.12,-24.12,46.69,pink4
0.022466422466422466,0.025396825396825397,0.07203907203907203,0.06764346764346764,0.0031746031746031746,316.25,-21.62,47.25,pink4
0.01611721611721612,0.02612942612942613,0.058363858363858365,0.05787545787545788,0.00927960927960928,321.37,-21.0,49.81,pink4
0.010500610500610501,0.026617826617826617,0.045177045177045176,0.04908424908424908,0.013675213675213675,324.06,-21.06,52.94,pink4
0.006593406593406593,0.027106227106227107,0.034432234432234435,0.04224664224664225,0.01684981684981685,323.87,-22.56,54.31,pink4
0.003907203907203907,0.027594627594627594,0.026862026862026864,0.03736263736263736,0.018803418803418803,321.75,-24.94,56.06,pink4
0.0019536019536019536,0.027594627594627594,0.021733821733821733,0.03394383394383394,0.020512820512820513,316.12,-27.62,57.19,pink4
0.0007326007326007326,0.026862026862026864,0.01904761904761905,0.03223443223443224,0.02148962148962149,309.75,-29.56,58.25,pink4
0.0002442002442002442,0.02564102564102564,0.01855921855921856,0.0315018315018315,0.022222222222222223,298.69,-33.56,58.25,pink4
0.0,0.024664224664224663,0.026862026862026864,0.0398046398046398,0.019291819291819293,292.31,-38.13,51.5,pink4
0.0031746031746031746,0.023931623931623933,0.04737484737484737,0.0568986568986569,0.012454212454212455,285.69,-38.69,47.56,pink4
0.008302808302808303,0.023443223443223443,0.061782661782661785,0.06910866910866911,0.006593406593406593,281.81,-38.06,46.25,pink4
0.011965811965811967,0.023443223443223443,0.07179487179487179,0.07741147741147741,0.002442002442002442,280.31,-37.63,44.63,pink4
0.014407814407814409,0.023443223443223443,0.07838827838827839,0.08180708180708181,0.0004884004884004884,281.25,-37.56,44.81,pink4
0.015873015873015872,0.023443223443223443,0.08278388278388278,0.08424908424908426,0.006105006105006105,284.81,-37.13,46.56,pink4
0.01684981684981685,0.023443223443223443,0.08571428571428572,0.08522588522588523,0.011233211233211233,291.25,-30.31,47.88,pink4
0.01684981684981685,0.023443223443223443,0.08693528693528693,0.08205128205128205,0.014652014652014652,300.0,-24.06,48.38,pink4
0.013675213675213675,0.024175824175824177,0.08205128205128205,0.07496947496947497,0.017094017094017096,307.19,-23.69,49.94,pink4
0.008547008547008548,0.025396825396825397,0.06837606837606838,0.06349206349206349,0.018803418803418803,311.69,-24.62,51.69,pink4
0.00463980463980464,0.026373626373626374,0.0547008547008547,0.05372405372405373,0.017582417582417582,314.06,-24.94,53.31,pink4
0.0019536019536019536,0.026862026862026864,0.04371184371184371,0.046886446886446886,0.009768009768009768,314.69,-25.56,55.13,pink4
0.0002442002442002442,0.027106227106227107,0.03540903540903541,0.042002442002442006,0.0031746031746031746,313.44,-25.94,55.75,pink4
0.0014652014652014652,0.027106227106227107,0.029548229548229547,0.038583638583638585,0.004884004884004884,309.12,-27.37,53.06,pink4
0.002442002442002442,0.026862026862026864,0.02564102564102564,0.036141636141636145,0.010500610500610501,300.56,-31.69,50.19,pink4
0.002442002442002442,0.025885225885225887,0.029304029304029304,0.03833943833943834,0.01562881562881563,289.25,-38.88,47.13,pink4
0.0007326007326007326,0.025152625152625153,0.04493284493284493,0.05396825396825397,0.019291819291819293,284.06,-41.38,43.94,pink4
0.00805860805860806,0.02442002442002442,0.05860805860805861,0.06642246642246642,0.020757020757020756,280.31,-42.0,42.38,pink4
0.01514041514041514,0.02442002442002442,0.06837606837606838,0.07521367521367521,0.01562881562881563,278.75,-42.13,41.88,pink4
0.020757020757020756,0.025396825396825397,0.07496947496947497,0.08156288156288156,0.011233211233211233,278.75,-40.56,39.25,pink4
0.024664224664224663,0.025885225885225887,0.07887667887667887,0.08498168498168499,0.005616605616605617,278.75,-41.0,39.31,pink4
0.027594627594627594,0.026373626373626374,0.08156288156288156,0.08644688644688645,0.0017094017094017094,279.12,-42.25,39.88,pink4
0.029548229548229547,0.02612942612942613,0.08327228327228327,0.08693528693528693,0.00805860805860806,282.0,-44.25,42.0,pink4
0.03028083028083028,0.025396825396825397,0.08424908424908426,0.08644688644688645,0.012454212454212455,293.19,-41.06,44.94,pink4
0.027106227106227107,0.024664224664224663,0.0844932844932845,0.08351648351648351,0.01562881562881563,307.81,-29.19,49.38,pink4
0.022222222222222223,0.02442002442002442,0.0800976800976801,0.07643467643467644,0.017826617826617826,319.37,-22.31,52.25,pink4
0.015384615384615385,0.02564102564102564,0.06593406593406594,0.063003663003663,0.018070818070818073,325.37,-19.87,54.0,pink4
0.009768009768009768,0.026617826617826617,0.051770451770451774,0.052503052503052504,0.01611721611721612,327.5,-19.62,55.88,pink4
0.005860805860805861,0.02735042735042735,0.04004884004884005,0.045177045177045176,0.010012210012210013,326.56,-20.56,56.44,pink4
0.0029304029304029304,0.028083028083028084,0.03199023199023199,0.04004884004884005,0.003418803418803419,321.56,-23.5,58.88,pink4
0.0009768009768009768,0.028083028083028084,0.02612942612942613,0.03638583638583639,0.001221001221001221,308.94,-29.25,61.31,pink4
0.0004884004884004884,0.026862026862026864,0.0315018315018315,0.03907203907203907,0.004395604395604396,298.12,-36.25,56.38,pink4
0.005372405372405372,0.024664224664224663,0.04981684981684982,0.05103785103785104,0.004395604395604396,287.56,-40.0,52.06,pink4
0.013431013431013432,0.022954822954822957,0.06349206349206349,0.05934065934065934,0.004395604395604396,282.5,-41.63,50.31,pink4
0.01978021978021978,0.02197802197802198,0.07301587301587302,0.0652014652014652,0.004395604395604396,280.75,-42.63,49.44,pink4
0.024175824175824177,0.02197802197802198,0.07985347985347985,0.06837606837606838,0.005616605616605617,281.19,-42.63,49.31,pink4
0.02735042735042735,0.02197802197802198,0.08376068376068375,0.06984126984126984,0.006349206349206349,282.44,-41.94,47.69,pink4
0.029304029304029304,0.02197802197802198,0.0862026862026862,0.06984126984126984,0.006837606837606838,287.12,-40.31,47.13,pink4
0.03076923076923077,0.02197802197802198,0.08791208791208792,0.06935286935286936,0.007326007326007326,296.94,-31.31,43.56,pink4
0.027594627594627594,0.022222222222222223,0.08717948717948718,0.06764346764346764,0.00757020757020757,309.56,-24.5,41.31,pink4
0.022954822954822957,0.022222222222222223,0.07838827838827839,0.06105006105006105,0.011477411477411478,318.69,-24.37,43.88,pink4
0.01684981684981685,0.023931623931623933,0.063003663003663,0.05103785103785104,0.014163614163614164,324.25,-24.81,46.38,pink4
0.011233211233211233,0.025152625152625153,0.04957264957264957,0.04249084249084249,0.015873015873015872,326.56,-24.69,49.5,pink4
0.007326007326007326,0.026373626373626374,0.0398046398046398,0.03638583638583639,0.009035409035409036,326.62,-24.81,50.25,pink4
0.00463980463980464,0.02735042735042735,0.032722832722832725,0.03199023199023199,0.0029304029304029304,324.62,-25.06,50.88,pink4
0.002686202686202686,0.028083028083028084,0.028083028083028084,0.02905982905982906,0.003663003663003663,317.94,-27.12,53.38,pink4
0.0017094017094017094,0.028083028083028084,0.024664224664224663,0.02783882783882784,0.008302808302808303,303.0,-31.06,57.06,pink4
0.0009768009768009768,0.027106227106227107,0.027106227106227107,0.030525030525030524,0.011477411477411478,289.0,-37.13,57.0,pink4
0.004151404151404151,0.02564102564102564,0.040293040293040296,0.04493284493284493,0.012698412698412698,282.06,-40.75,53.0,pink4
0.00757020757020757,0.024664224664224663,0.054945054945054944,0.05885225885225885,0.008791208791208791,278.44,-41.63,50.13,pink4
0.017826617826617826,0.023931623931623933,0.0652014652014652,0.06837606837606838,0.006105006105006105,277.87,-41.88,49.38,pink4
0.02490842490842491,0.024175824175824177,0.07228327228327229,0.07521367521367521,0.003907203907203907,278.44,-41.75,48.81,pink4
0.029792429792429794,0.024175824175824177,0.07643467643467644,0.07863247863247863,0.002686202686202686,280.31,-41.75,49.06,pink4
0.03321123321123321,0.02442002442002442,0.07936507936507936,0.0800976800976801,0.0017094017094017094,286.94,-40.69,52.25,pink4
0.03540903540903541,0.023931623931623933,0.08131868131868132,0.0800976800976801,0.0002442002442002442,299.31,-33.31,53.69,pink4
0.03492063492063492,0.023443223443223443,0.08205128205128205,0.07765567765567766,0.002442002442002442,315.19,-24.0,52.06,pink4
0.029548229548229547,0.023443223443223443,0.0796092796092796,0.07203907203907203,0.004151404151404151,323.75,-21.56,53.63,pink4
0.02148962148962149,0.02442002442002442,0.0673992673992674,0.060073260073260075,0.006593406593406593,329.62,-20.31,55.19,pink4
0.015384615384615385,0.025396825396825397,0.054945054945054944,0.04981684981684982,0.009523809523809525,331.56,-19.94,56.19,pink4
0.011233211233211233,0.02612942612942613,0.04493284493284493,0.04249084249084249,0.009035409035409036,331.12,-20.06,56.5,pink4
0.008302808302808303,0.026617826617826617,0.03785103785103785,0.03736263736263736,0.005372405372405372,328.19,-21.0,56.94,pink4
0.006105006105006105,0.026617826617826617,0.03296703296703297,0.0336996336996337,0.002686202686202686,320.5,-23.81,58.44,pink4
0.005128205128205128,0.02612942612942613,0.03076923076923077,0.031746031746031744,0.0007326007326007326,306.19,-27.06,60.13,pink4
0.00463980463980464,0.02490842490842491,0.038583638583638585,0.03882783882783883,0.0004884004884004884,292.5,-30.94,58.56,pink4
0.00757020757020757,0.023931623931623933,0.05299145299145299,0.05347985347985348,0.002686202686202686,282.25,-34.31,55.0,pink4
0.01098901098901099,0.0231990231990232,0.06446886446886448,0.06764346764346764,0.005128205128205128,277.44,-36.06,53.38,pink4
0.013675213675213675,0.02271062271062271,0.07252747252747253,0.07765567765567766,0.011721611721611722,275.81,-37.44,52.81,pink4
0.01611721611721612,0.02271062271062271,0.07814407814407814,0.08473748473748474,0.01733821733821734,276.37,-38.0,52.63,pink4
0.018070818070818073,0.02271062271062271,0.08131868131868132,0.0884004884004884,0.021245421245421246,278.0,-37.88,52.44,pink4
0.019291819291819293,0.02271062271062271,0.08302808302808302,0.09035409035409035,0.024175824175824177,283.81,-36.81,53.06,pink4
0.019536019536019536,0.022954822954822957,0.08400488400488401,0.09084249084249084,0.02148962148962149,297.87,-28.44,53.0,pink4
0.019291819291819293,0.0231990231990232,0.0844932844932845,0.08766788766788766,0.01855921855921856,312.06,-19.5,51.75,pink4
0.015384615384615385,0.0231990231990232,0.0778998778998779,0.07814407814407814,0.011721611721611722,322.62,-16.06,53.38,pink4
0.009768009768009768,0.02442002442002442,0.06373626373626373,0.06544566544566545,0.005616605616605617,327.44,-15.88,54.5,pink4
0.005372405372405372,0.025152625152625153,0.05054945054945055,0.054945054945054944,0.0002442002442002442,328.81,-16.19,55.63,pink4
0.002197802197802198,0.025885225885225887,0.041025641025641026,0.04737484737484737,0.003418803418803419,328.75,-16.5,55.81,pink4
0.0,0.02612942612942613,0.03418803418803419,0.04224664224664225,0.006105006105006105,327.5,-17.12,56.0,pink4
0.0014652014652014652,0.026373626373626374,0.029304029304029304,0.038583638583638585,0.006837606837606838,321.56,-20.81,58.88,pink4
0.002197802197802198,0.026617826617826617,0.028083028083028084,0.03663003663003663,0.004884004884004884,309.69,-26.31,59.94,pink4
0.0002442002442002442,0.025152625152625153,0.040293040293040296,0.047619047619047616,0.002442002442002442,298.75,-32.94,54.75,pink4
0.00463980463980464,0.0231990231990232,0.058363858363858365,0.060805860805860805,0.0007326007326007326,289.0,-37.38,49.81,pink4
0.010744810744810745,0.02197802197802198,0.07081807081807082,0.07008547008547009,0.0004884004884004884,284.06,-39.75,47.19,pink4
0.01514041514041514,0.021245421245421246,0.0796092796092796,0.07667887667887668,0.001221001221001221,282.56,-40.31,46.88,pink4
0.018803418803418803,0.021001221001221003,0.08547008547008547,0.0800976800976801,0.0031746031746031746,283.06,-40.5,46.88,pink4
0.021001221001221003,0.021001221001221003,0.08937728937728938,0.08180708180708181,0.005372405372405372,286.06,-39.81,47.75,pink4
0.02197802197802198,0.021001221001221003,0.09181929181929183,0.0822954822954823,0.007326007326007326,296.19,-32.88,47.56,pink4
0.022466422466422466,0.021245421245421246,0.09304029304029304,0.08034188034188035,0.008547008547008548,308.94,-23.81,48.44,pink4
0.020024420024420026,0.02148962148962149,0.09108669108669108,0.07643467643467644,0.00927960927960928,318.31,-20.12,50.63,pink4
0.014896214896214897,0.02271062271062271,0.0822954822954823,0.0673992673992674,0.00757020757020757,325.75,-17.69,52.94,pink4
0.009523809523809525,0.02442002442002442,0.06764346764346764,0.05616605616605617,0.003907203907203907,329.12,-17.75,55.25,pink4
0.005616605616605617,0.02564102564102564,0.05396825396825397,0.046886446886446886,0.0014652014652014652,329.75,-17.94,56.56,pink4
0.002686202686202686,0.026373626373626374,0.04322344322344322,0.04004884004884005,0.0014652014652014652,328.5,-18.56,57.0,pink4
0.0007326007326007326,0.026862026862026864,0.035897435897435895,0.03540903540903541,0.00463980463980464,324.44,-21.06,59.31,pink4
0.0007326007326007326,0.026617826617826617,0.030525030525030524,0.03199023199023199,0.00805860805860806,316.06,-24.12,61.75,pink4
0.0017094017094017094,0.025396825396825397,0.03028083028083028,0.03247863247863248,0.010500610500610501,301.12,-28.37,62.0,pink4
0.002197802197802198,0.022466422466422466,0.03882783882783883,0.03956043956043956,0.01221001221001221,286.44,-33.75,58.44,pink4
0.002197802197802198,0.020512820512820513,0.054945054945054944,0.05543345543345543,0.01098901098901099,278.19,-35.38,54.06,pink4
0.001221001221001221,0.01904761904761905,0.06935286935286936,0.06886446886446887,0.010256410256410256,274.75,-36.25,52.44,pink4
0.00927960927960928,0.01904761904761905,0.07936507936507936,0.07814407814407814,0.007326007326007326,274.0,-37.13,52.5,pink4
0.01514041514041514,0.020024420024420026,0.08644688644688645,0.08473748473748474,0.005128205128205128,274.69,-36.94,51.5,pink4
0.01904761904761905,0.020512820512820513,0.09108669108669108,0.08791208791208792,0.003663003663003663,277.06,-37.19,51.88,pink4
0.02148962148962149,0.021001221001221003,0.09377289377289377,0.08962148962148962,0.002686202686202686,284.94,-34.88,51.13,pink4
0.022222222222222223,0.021245421245421246,0.09523809523809523,0.08986568986568987,0.0019536019536019536,301.25,-25.75,47.06,pink4
0.018070818070818073,0.02148962148962149,0.09401709401709402,0.08547008547008547,0.0007326007326007326,313.37,-21.44,47.69,pink4
0.011965811965811967,0.023443223443223443,0.08253968253968254,0.07252747252747253,0.007326007326007326,320.81,-20.62,50.44,pink4
0.007081807081807082,0.025152625152625153,0.06788766788766788,0.05958485958485959,0.011965811965811967,325.87,-20.5,53.81,pink4
0.003418803418803419,0.02612942612942613,0.05518925518925519,0.05030525030525031,0.015384615384615385,327.81,-20.44,56.0,pink4
0.0009768009768009768,0.027106227106227107,0.045177045177045176,0.04395604395604396,0.014163614163614164,327.06,-20.87,56.38,pink4
0.0009768009768009768,0.02735042735042735,0.0380952380952381,0.039316239316239315,0.008547008547008548,325.0,-21.44,56.25,pink4
0.002197802197802198,0.027106227106227107,0.03296703296703297,0.036141636141636145,0.002197802197802198,321.87,-22.19,56.25,pink4
0.0029304029304029304,0.026862026862026864,0.029548229548229547,0.03394383394383394,0.004395604395604396,316.31,-23.87,56.31,pink4
0.003418803418803419,0.02612942612942613,0.027594627594627594,0.03247863247863248,0.010256410256410256,304.56,-25.75,58.25,pink4
0.003418803418803419,0.024664224664224663,0.02857142857142857,0.032722832722832725,0.014163614163614164,290.37,-26.44,58.75,pink4
0.002197802197802198,0.021733821733821733,0.04126984126984127,0.04468864468864469,0.017094017094017096,281.5,-28.94,56.75,pink4
0.0017094017094017094,0.01978021978021978,0.057387057387057384,0.060073260073260075,0.014407814407814409,277.37,-29.87,53.44,pink4
0.009035409035409036,0.018315018315018316,0.06886446886446887,0.07081807081807082,0.010256410256410256,274.81,-29.69,50.81,pink4
0.016605616605616606,0.019536019536019536,0.07667887667887668,0.07814407814407814,0.007326007326007326,274.31,-28.75,48.63,pink4
0.02197802197802198,0.021001221001221003,0.0822954822954823,0.08278388278388278,0.004151404151404151,274.94,-28.75,48.69,pink4
0.02564102564102564,0.022222222222222223,0.08595848595848596,0.08522588522588523,0.0019536019536019536,276.37,-29.56,48.13,pink4
0.028327228327228327,0.022954822954822957,0.08815628815628816,0.08644688644688645,0.0002442002442002442,283.31,-29.62,45.31,pink4
0.029792429792429794,0.023443223443223443,0.08913308913308914,0.08473748473748474,0.0019536019536019536,295.81,-26.69,41.25,pink4
0.026862026862026864,0.023931623931623933,0.08791208791208792,0.07936507936507936,0.00463980463980464,305.62,-28.37,42.25,pink4
0.020512820512820513,0.024664224664224663,0.07741147741147741,0.06788766788766788,0.006837606837606838,314.06,-28.31,46.06,pink4
0.014407814407814409,0.025396825396825397,0.06471306471306472,0.0568986568986569,0.010500610500610501,320.44,-27.87,48.44,pink4
0.008791208791208791,0.026373626373626374,0.05347985347985348,0.04810744810744811,0.013186813186813187,324.62,-26.94,50.13,pink4
0.004395604395604396,0.026862026862026864,0.044444444444444446,0.041758241758241756,0.018315018315018316,325.5,-26.56,52.94,pink4
0.001221001221001221,0.02735042735042735,0.03785103785103785,0.03736263736263736,0.02197802197802198,324.31,-26.62,53.38,pink4
0.0009768009768009768,0.02735042735042735,0.03321123321123321,0.03418803418803419,0.024664224664224663,320.25,-27.25,56.75,pink4
0.002197802197802198,0.02735042735042735,0.030036630036630037,0.03199023199023199,0.020757020757020756,312.5,-29.37,62.94,pink4
0.0029304029304029304,0.026862026862026864,0.03296703296703297,0.03418803418803419,0.014407814407814409,301.31,-33.56,64.0,pink4
0.001221001221001221,0.026373626373626374,0.04786324786324787,0.046886446886446886,0.008791208791208791,290.56,-34.19,58.69,pink4
0.004884004884004884,0.02564102564102564,0.05982905982905983,0.057387057387057384,0.001221001221001221,281.87,-32.44,51.94,pink4
0.011965811965811967,0.025152625152625153,0.06837606837606838,0.06471306471306472,0.003907203907203907,277.5,-31.06,48.06,pink4
0.017094017094017096,0.024664224664224663,0.07423687423687424,0.06984126984126984,0.00757020757020757,275.94,-31.19,46.81,pink4
0.020757020757020756,0.024664224664224663,0.07838827838827839,0.07252747252747253,0.006593406593406593,276.06,-31.5,46.69,pink4
0.0231990231990232,0.024664224664224663,0.08131868131868132,0.07374847374847375,0.001221001221001221,277.06,-31.5,46.19,pink4
0.024664224664224663,0.02490842490842491,0.08302808302808302,0.07374847374847375,0.003663003663003663,280.12,-32.44,45.94,pink4
0.02564102564102564,0.025152625152625153,0.0844932844932845,0.07301587301587302,0.008302808302808303,288.94,-26.75,42.44,pink4
0.022466422466422466,0.025152625152625153,0.08522588522588523,0.07008547008547009,0.01391941391941392,300.44,-23.56,40.44,pink4
0.016605616605616606,0.026373626373626374,0.07545787545787545,0.06056166056166056,0.017826617826617826,308.94,-23.87,44.0,pink4
0.010256410256410256,0.027594627594627594,0.06153846153846154,0.050061050061050064,0.020512820512820513,315.19,-24.25,47.25,pink4
0.005372405372405372,0.02857142857142857,0.04932844932844933,0.042002442002442006,0.022466422466422466,317.69,-24.69,48.94,pink4
0.0019536019536019536,0.029304029304029304,0.040293040293040296,0.035897435897435895,0.023687423687423687,317.75,-24.62,49.31,pink4
0.0004884004884004884,0.029792429792429794,0.03394383394383394,0.031746031746031744,0.024664224664224663,316.06,-25.19,50.19,pink4
0.002197802197802198,0.029792429792429794,0.029548229548229547,0.028815628815628817,0.025396825396825397,310.62,-26.31,53.25,pink4
0.0031746031746031746,0.029548229548229547,0.026862026862026864,0.027106227106227107,0.02564102564102564,299.37,-29.37,56.81,pink4
0.001221001221001221,0.02735042735042735,0.035164835164835165,0.0336996336996337,0.02612942612942613,291.06,-33.94,54.13,pink4
0.003907203907203907,0.025396825396825397,0.05347985347985348,0.051526251526251524,0.019291819291819293,285.06,-35.69,49.13,pink4
0.008302808302808303,0.024175824175824177,0.06715506715506715,0.06398046398046398,0.013431013431013432,281.62,-35.38,46.06,pink4
0.013186813186813187,0.0231990231990232,0.07692307692307693,0.07277167277167278,0.00927960927960928,280.94,-35.06,44.81,pink4
0.016605616605616606,0.0231990231990232,0.08376068376068375,0.07814407814407814,0.006349206349206349,281.87,-35.31,45.13,pink4
0.01904761904761905,0.0231990231990232,0.0884004884004884,0.08083028083028083,0.004395604395604396,285.75,-35.5,49.13,pink4
0.020512820512820513,0.0231990231990232,0.09157509157509157,0.08156288156288156,0.0029304029304029304,297.37,-31.75,53.13,pink4
0.02026862026862027,0.0231990231990232,0.09352869352869353,0.0796092796092796,0.0007326007326007326,309.62,-25.44,53.56,pink4
0.018803418803418803,0.0231990231990232,0.09035409035409035,0.07496947496947497,0.006593406593406593,318.69,-21.81,52.38,pink4
0.01514041514041514,0.023443223443223443,0.07985347985347985,0.06495726495726496,0.012942612942612943,322.94,-20.87,53.25,pink4
0.009768009768009768,0.024175824175824177,0.06666666666666667,0.05445665445665446,0.01733821733821734,324.31,-21.25,53.88,pink4
0.005128205128205128,0.025396825396825397,0.0547008547008547,0.04542124542124542,0.020512820512820513,324.25,-21.56,54.25,pink4
0.0017094017094017094,0.026373626373626374,0.04590964590964591,0.03882783882783883,0.02026862026862027,323.69,-21.62,54.13,pink4
0.0007326007326007326,0.026862026862026864,0.0398046398046398,0.03394383394383394,0.013186813186813187,322.12,-22.06,54.13,pink4
0.002442002442002442,0.02735042735042735,0.03540903540903541,0.030525030525030524,0.008302808302808303,318.12,-23.19,55.63,pink4
0.003418803418803419,0.027594627594627594,0.032722832722832725,0.028083028083028084,0.002442002442002442,310.25,-26.44,59.38,pink4
0.003663003663003663,0.026617826617826617,0.03565323565323565,0.03028083028083028,0.0017094017094017094,299.19,-31.69,57.88,pink4
0.0004884004884004884,0.021001221001221003,0.047619047619047616,0.04371184371184371,0.00463980463980464,287.69,-36.38,52.63,pink4
0.002686202686202686,0.01733821733821734,0.05787545787545788,0.05445665445665446,0.004395604395604396,280.62,-38.88,49.81,pink4
0.007814407814407814,0.014652014652014652,0.06495726495726496,0.06227106227106227,0.003907203907203907,277.62,-40.0,49.25,pink4
0.011965811965811967,0.013186813186813187,0.07008547008547009,0.0673992673992674,0.002686202686202686,277.81,-40.0,49.19,pink4
0.014896214896214897,0.012942612942612943,0.0735042735042735,0.06984126984126984,0.0017094017094017094,280.06,-40.06,49.44,pink4
0.017094017094017096,0.012942612942612943,0.07521367521367521,0.07032967032967033,0.0,284.56,-37.5,50.13,pink4
0.018315018315018316,0.013431013431013432,0.07643467643467644,0.06935286935286936,0.0014652014652014652,291.37,-32.31,48.75,pink4
0.016361416361416362,0.014407814407814409,0.07667887667887668,0.06617826617826618,0.005860805860805861,300.94,-28.06,49.31,pink4
0.01098901098901099,0.01562881562881563,0.07008547008547009,0.057631257631257635,0.008791208791208791,310.12,-24.87,51.56,pink4
0.005128205128205128,0.017582417582417582,0.057631257631257635,0.047619047619047616,0.01098901098901099,315.5,-21.87,54.06,pink4
0.0007326007326007326,0.019291819291819293,0.04590964590964591,0.03882783882783883,0.013675213675213675,319.0,-20.69,56.88,pink4
0.002442002442002442,0.02026862026862027,0.03663003663003663,0.03199023199023199,0.01562881562881563,319.44,-20.81,57.44,pink4
0.00463980463980464,0.021245421245421246,0.030036630036630037,0.027106227106227107,0.01684981684981685,318.37,-21.37,57.63,pink4
0.006105006105006105,0.021733821733821733,0.025396825396825397,0.023687423687423687,0.015384615384615385,313.19,-23.62,59.13,pink4
0.006837606837606838,0.02197802197802198,0.022954822954822957,0.021245421245421246,0.01221001221001221,300.25,-29.12,62.0,pink4
0.006593406593406593,0.020024420024420026,0.02857142857142857,0.024175824175824177,0.008547008547008548,288.5,-36.25,60.75,pink4
0.003907203907203907,0.01855921855921856,0.047619047619047616,0.04224664224664225,0.006105006105006105,278.94,-39.0,58.13,pink4
0.005128205128205128,0.017826617826617826,0.06202686202686203,0.0547008547008547,0.004395604395604396,274.69,-39.31,56.88,pink4
0.011477411477411478,0.017094017094017096,0.07203907203907203,0.06349206349206349,0.0031746031746031746,274.06,-39.25,57.06,pink4
0.015873015873015872,0.017582417582417582,0.07887667887667887,0.06764346764346764,0.001221001221001221,274.75,-39.13,56.88,pink4
0.018315018315018316,0.017826617826617826,0.08400488400488401,0.06910866910866911,0.0,276.75,-39.19,56.13,pink4
0.019536019536019536,0.018070818070818073,0.08644688644688645,0.07008547008547009,0.0009768009768009768,285.06,-37.13,53.94,pink4
0.01978021978021978,0.018315018315018316,0.08815628815628816,0.07032967032967033,0.0017094017094017094,297.0,-28.75,50.06,pink4
0.01684981684981685,0.018315018315018316,0.08815628815628816,0.07032967032967033,0.003418803418803419,308.31,-21.81,48.13,pink4
0.012698412698412698,0.019291819291819293,0.08034188034188035,0.063003663003663,0.010500610500610501,315.87,-19.0,49.88,pink4
0.007326007326007326,0.02148962148962149,0.06593406593406594,0.051770451770451774,0.015384615384615385,319.94,-18.19,51.94,pink4
0.0031746031746031746,0.022954822954822957,0.05201465201465202,0.042735042735042736,0.01904761904761905,322.12,-17.37,53.0,pink4
0.0,0.024175824175824177,0.040293040293040296,0.03638583638583639,0.01904761904761905,322.25,-17.19,53.31,pink4
0.002197802197802198,0.024664224664224663,0.031013431013431014,0.0315018315018315,0.016605616605616606,321.37,-17.81,53.56,pink4
0.003907203907203907,0.02490842490842491,0.024664224664224663,0.028327228327228327,0.012698412698412698,319.0,-19.44,54.44,pink4
0.004884004884004884,0.024664224664224663,0.02026862026862027,0.025885225885225887,0.00757020757020757,314.19,-21.69,55.81,pink4
0.005616605616605617,0.024175824175824177,0.01904761904761905,0.02490842490842491,0.002686202686202686,304.25,-25.25,59.81,pink4
0.005860805860805861,0.022466422466422466,0.023931623931623933,0.02783882783882784,0.0004884004884004884,293.94,-31.0,60.63,pink4
0.005860805860805861,0.020024420024420026,0.03882783882783883,0.04224664224664225,0.0029304029304029304,286.37,-36.19,58.44,pink4
0.0009768009768009768,0.018070818070818073,0.05641025641025641,0.05811965811965812,0.0,280.12,-37.94,54.5,pink4
0.008547008547008548,0.01684981684981685,0.06862026862026863,0.06910866910866911,0.002197802197802198,276.87,-38.75,52.38,pink4
0.015384615384615385,0.016361416361416362,0.07716727716727717,0.07692307692307693,0.003907203907203907,276.25,-38.94,52.44,pink4
0.02026862026862027,0.016605616605616606,0.08205128205128205,0.08107448107448108,0.004884004884004884,277.37,-38.44,51.56,pink4
0.023443223443223443,0.016605616605616606,0.08547008547008547,0.08302808302808302,0.005616605616605617,281.19,-38.31,52.06,pink4
0.02564102564102564,0.01684981684981685,0.08766788766788766,0.08376068376068375,0.006105006105006105,291.44,-33.75,51.31,pink4
0.02564102564102564,0.017094017094017096,0.08913308913308914,0.08278388278388278,0.006593406593406593,302.56,-25.06,48.44,pink4
0.02271062271062271,0.01733821733821734,0.08913308913308914,0.0796092796092796,0.007814407814407814,313.06,-17.25,45.88,pink4
0.01733821733821734,0.01904761904761905,0.08083028083028083,0.07008547008547009,0.010012210012210013,318.44,-17.31,48.5,pink4
0.010500610500610501,0.021001221001221003,0.07008547008547009,0.05787545787545788,0.01391941391941392,321.69,-17.62,50.69,pink4
0.005860805860805861,0.022466422466422466,0.05860805860805861,0.04835164835164835,0.016605616605616606,323.81,-17.12,51.56,pink4
0.002442002442002442,0.023687423687423687,0.04713064713064713,0.04126984126984127,0.01855921855921856,323.19,-17.62,52.63,pink4
0.0002442002442002442,0.02442002442002442,0.039316239316239315,0.03638583638583639,0.01978021978021978,319.25,-19.5,53.25,pink4
0.001221001221001221,0.02490842490842491,0.0336996336996337,0.03296703296703297,0.019536019536019536,308.62,-24.5,57.13,pink4
0.002197802197802198,0.025152625152625153,0.03028083028083028,0.03247863247863248,0.018070818070818073,295.75,-31.19,58.06,pink4
0.0019536019536019536,0.025152625152625153,0.04884004884004884,0.051770451770451774,0.012698412698412698,285.25,-34.63,55.31,pink4
0.002442002442002442,0.023443223443223443,0.06568986568986569,0.06568986568986569,0.008791208791208791,277.25,-36.94,53.06,pink4
0.011477411477411478,0.022222222222222223,0.07741147741147741,0.0757020757020757,0.005860805860805861,273.69,-38.25,52.44,pink4
0.020024420024420026,0.02148962148962149,0.08571428571428572,0.08253968253968254,0.003907203907203907,272.94,-38.69,52.88,pink4
0.026862026862026864,0.020757020757020756,0.09108669108669108,0.08644688644688645,0.002686202686202686,274.0,-38.19,52.88,pink4
0.0315018315018315,0.02026862026862027,0.09474969474969475,0.08888888888888889,0.0004884004884004884,277.87,-38.0,54.13,pink4
0.03467643467643468,0.019536019536019536,0.09694749694749695,0.08962148962148962,0.0009768009768009768,289.44,-34.25,53.88,pink4
0.03467643467643468,0.01904761904761905,0.09816849816849817,0.08815628815628816,0.0019536019536019536,302.81,-26.0,50.75,pink4
0.029304029304029304,0.018803418803418803,0.09694749694749695,0.08547008547008547,0.002686202686202686,313.94,-21.12,49.94,pink4
0.021733821733821733,0.02026862026862027,0.08644688644688645,0.07448107448107448,0.0031746031746031746,320.19,-19.87,51.44,pink4
0.01391941391941392,0.022222222222222223,0.07496947496947497,0.06202686202686203,0.002197802197802198,322.37,-20.37,52.69,pink4
0.008547008547008548,0.023687423687423687,0.06446886446886448,0.05225885225885226,0.0007326007326007326,321.75,-20.94,52.81,pink4
0.00463980463980464,0.024664224664224663,0.05567765567765568,0.045177045177045176,0.004884004884004884,319.5,-21.56,53.06,pink4
0.0019536019536019536,0.025396825396825397,0.04957264957264957,0.040293040293040296,0.00805860805860806,314.19,-22.75,53.63,pink4
0.0002442002442002442,0.02564102564102564,0.04542124542124542,0.036874236874236875,0.010256410256410256,303.75,-26.87,56.56,pink4
0.0002442002442002442,0.025396825396825397,0.047619047619047616,0.03833943833943834,0.011721611721611722,290.31,-32.63,57.38,pink4
0.004884004884004884,0.024175824175824177,0.06227106227106227,0.054945054945054944,0.00927960927960928,279.81,-36.19,54.63,pink4
0.014163614163614164,0.019291819291819293,0.07936507936507936,0.07057387057387057,0.00757020757020757,273.19,-38.56,54.38,pink4
0.029792429792429794,0.01611721611721612,0.09133089133089133,0.08156288156288156,0.005128205128205128,270.56,-39.88,53.38,pink4
0.04224664224664225,0.013675213675213675,0.09963369963369964,0.08937728937728938,0.003418803418803419,270.75,-39.88,53.25,pink4
0.05103785103785104,0.013186813186813187,0.1054945054945055,0.09352869352869353,0.002442002442002442,273.56,-39.56,53.38,pink4
0.057387057387057384,0.012942612942612943,0.10891330891330891,0.09548229548229548,0.0014652014652014652,283.75,-36.56,53.06,pink4
0.05860805860805861,0.012698412698412698,0.1111111111111111,0.09499389499389499,0.0009768009768009768,298.0,-29.44,51.0,pink4
0.05299145299145299,0.013186813186813187,0.10915750915750916,0.09157509157509157,0.0004884004884004884,308.94,-23.62,50.38,pink4
0.0442002442002442,0.014407814407814409,0.1010989010989011,0.08205128205128205,0.00463980463980464,317.25,-21.12,52.44,pink4
0.03492063492063492,0.016605616605616606,0.08742368742368742,0.06886446886446887,0.00805860805860806,321.44,-20.25,55.19,pink4
0.027106227106227107,0.018803418803418803,0.07374847374847375,0.057387057387057384,0.010500610500610501,322.12,-20.5,56.75,pink4
0.021733821733821733,0.02026862026862027,0.06398046398046398,0.04835164835164835,0.008547008547008548,320.81,-20.62,56.88,pink4
0.017826617826617826,0.02148962148962149,0.05714285714285714,0.042002442002442006,0.006349206349206349,316.94,-21.12,57.13,pink4
0.015384615384615385,0.02197802197802198,0.052503052503052504,0.037606837606837605,0.002197802197802198,307.44,-23.75,59.88,pink4
0.01391941391941392,0.022466422466422466,0.04981684981684982,0.03467643467643468,0.0007326007326007326,293.37,-30.31,63.13,pink4
0.01562881562881563,0.021245421245421246,0.05543345543345543,0.04126984126984127,0.002686202686202686,282.19,-35.81,61.13,pink4
0.022466422466422466,0.01855921855921856,0.07179487179487179,0.05885225885225885,0.0029304029304029304,274.62,-38.5,58.69,pink4
0.03223443223443224,0.014652014652014652,0.0862026862026862,0.0713064713064713,0.0031746031746031746,271.25,-38.81,55.56,pink4
0.04322344322344322,0.011965811965811967,0.09621489621489622,0.08034188034188035,0.0031746031746031746,271.12,-38.88,55.06,pink4
0.05103785103785104,0.010012210012210013,0.10305250305250305,0.08644688644688645,0.0031746031746031746,273.62,-38.75,54.88,pink4
0.05641025641025641,0.008791208791208791,0.1076923076923077,0.08962148962148962,0.0031746031746031746,282.44,-35.44,53.75,pink4
0.057387057387057384,0.00805860805860806,0.11037851037851037,0.08913308913308914,0.0031746031746031746,295.81,-28.31,51.38,pink4
0.05128205128205128,0.008791208791208791,0.1076923076923077,0.0844932844932845,0.0031746031746031746,307.0,-21.81,48.94,pink4
0.042735042735042736,0.011721611721611722,0.09792429792429792,0.07448107448107448,0.0009768009768009768,313.56,-19.75,50.25,pink4
0.0336996336996337,0.014896214896214897,0.08253968253968254,0.06251526251526252,0.0029304029304029304,317.44,-19.5,51.63,pink4
0.025885225885225887,0.017582417582417582,0.06788766788766788,0.05225885225885226,0.00805860805860806,319.25,-19.31,53.13,pink4
0.020512820512820513,0.019536019536019536,0.0568986568986569,0.04395604395604396,0.011721611721611722,318.56,-19.81,54.06,pink4
0.016605616605616606,0.020757020757020756,0.04932844932844933,0.0380952380952381,0.014163614163614164,314.12,-21.12,54.38,pink4
0.014163614163614164,0.021733821733821733,0.04395604395604396,0.03418803418803419,0.011233211233211233,306.37,-22.69,56.56,pink4
0.012698412698412698,0.022466422466422466,0.04297924297924298,0.03247863247863248,0.00805860805860806,292.94,-26.5,60.88,pink4
0.014163614163614164,0.02026862026862027,0.050793650793650794,0.041025641025641026,0.005616605616605617,282.37,-32.75,62.0,pink4
0.019536019536019536,0.01611721611721612,0.06715506715506715,0.05885225885225885,0.0029304029304029304,274.56,-34.25,57.94,pink4
0.027106227106227107,0.013186813186813187,0.08180708180708181,0.07228327228327229,0.0009768009768009768,269.44,-34.94,53.88,pink4
0.03223443223443224,0.011233211233211233,0.09206349206349207,0.08180708180708181,0.0002442002442002442,267.62,-35.06,53.0,pink4
0.035897435897435895,0.011721611721611722,0.09914529914529914,0.0884004884004884,0.001221001221001221,268.19,-34.69,52.94,pink4
0.03833943833943834,0.011965811965811967,0.10378510378510379,0.09157509157509157,0.0019536019536019536,271.0,-35.06,52.94,pink4
0.03907203907203907,0.012942612942612943,0.10671550671550671,0.0927960927960928,0.001221001221001221,280.44,-31.81,49.94,pink4
0.03711843711843712,0.013675213675213675,0.10793650793650794,0.09084249084249084,0.0007326007326007326,291.94,-24.94,47.0,pink4
0.03199023199023199,0.014652014652014652,0.10305250305250305,0.08571428571428572,0.002197802197802198,301.06,-22.06,48.5,pink4
0.025152625152625153,0.016605616605616606,0.08791208791208792,0.07155067155067155,0.003907203907203907,308.0,-20.94,50.94,pink4
0.018803418803418803,0.01855921855921856,0.07228327228327229,0.05934065934065934,0.005372405372405372,311.69,-20.87,52.81,pink4
0.014163614163614164,0.020512820512820513,0.059096459096459095,0.04908424908424908,0.007326007326007326,312.94,-20.87,54.06,pink4
0.010744810744810745,0.021733821733821733,0.04932844932844933,0.04151404151404151,0.008791208791208791,312.44,-20.81,54.06,pink4
0.008302808302808303,0.022466422466422466,0.04249084249084249,0.03638583638583639,0.009768009768009768,310.31,-21.0,53.69,pink4
0.006593406593406593,0.022954822954822957,0.037606837606837605,0.032722832722832725,0.010500610500610501,305.5,-22.12,56.0,pink4
0.005372405372405372,0.02271062271062271,0.03492063492063492,0.031746031746031744,0.013431013431013432,295.06,-27.37,62.13,pink4
0.005128205128205128,0.02197802197802198,0.04664224664224664,0.04542124542124542,0.016605616605616606,285.5,-31.25,60.75,pink4
0.011721611721611722,0.01855921855921856,0.06813186813186813,0.0652014652014652,0.018803418803418803,276.75,-33.31,57.5,pink4
0.02564102564102564,0.013186813186813187,0.0844932844932845,0.07912087912087912,0.02026862026862027,270.25,-35.19,55.13,pink4
0.03833943833943834,0.00927960927960928,0.0971916971916972,0.08888888888888889,0.02148962148962149,268.19,-36.56,54.63,pink4
0.04713064713064713,0.006837606837606838,0.10622710622710622,0.0945054945054945,0.014163614163614164,268.0,-36.94,54.56,pink4
0.053235653235653234,0.005860805860805861,0.11257631257631258,0.09743589743589744,0.00757020757020757,270.81,-36.44,54.69,pink4
0.056654456654456654,0.005128205128205128,0.115995115995116,0.09816849816849817,0.0007326007326007326,280.0,-32.56,53.06,pink4
0.054212454212454214,0.004884004884004884,0.115995115995116,0.09523809523809523,0.004151404151404151,292.94,-25.12,49.56,pink4
0.046886446886446886,0.006349206349206349,0.1111111111111111,0.0905982905982906,0.007326007326007326,302.62,-22.31,50.25,pink4
0.03711843711843712,0.010256410256410256,0.0971916971916972,0.07741147741147741,0.006349206349206349,308.75,-21.87,52.94,pink4
0.02857142857142857,0.013675213675213675,0.08083028083028083,0.06495726495726496,0.0007326007326007326,311.19,-22.12,54.31,pink4
0.021733821733821733,0.016361416361416362,0.0673992673992674,0.05518925518925519,0.004395604395604396,312.06,-21.62,55.19,pink4
0.01684981684981685,0.018070818070818073,0.057387057387057384,0.04786324786324787,0.009035409035409036,310.81,-22.06,54.81,pink4
0.013431013431013432,0.019291819291819293,0.05054945054945055,0.04249084249084249,0.01221001221001221,307.25,-21.56,54.13,pink4
0.01098901098901099,0.019536019536019536,0.04566544566544566,0.03882783882783883,0.014652014652014652,298.12,-24.37,56.31,pink4
0.009523809523809525,0.019536019536019536,0.043467643467643466,0.0380952380952381,0.01611721611721612,285.94,-29.5,59.94,pink4
0.01098901098901099,0.017826617826617826,0.05811965811965812,0.051770451770451774,0.011477411477411478,277.0,-32.81,60.25,pink4
0.01978021978021978,0.010744810744810745,0.07594627594627594,0.06715506715506715,0.008302808302808303,270.25,-34.13,59.06,pink4
0.03076923076923077,0.001221001221001221,0.09010989010989011,0.07863247863247863,0.005860805860805861,266.25,-34.94,57.38,pink4
0.03833943833943834,0.005372405372405372,0.09987789987789988,0.08669108669108669,0.004395604395604396,265.31,-35.38,56.88,pink4
0.04371184371184371,0.010012210012210013,0.10695970695970695,0.09230769230769231,0.0031746031746031746,266.0,-34.5,55.56,pink4
0.046886446886446886,0.012698412698412698,0.1115995115995116,0.09572649572649573,0.003663003663003663,267.87,-34.56,56.19,pink4
0.04932844932844933,0.014652014652014652,0.11477411477411477,0.0971916971916972,0.003663003663003663,276.44,-31.94,54.38,pink4
0.04957264957264957,0.015384615384615385,0.11648351648351649,0.09597069597069598,0.003907203907203907,289.19,-25.62,50.06,pink4
0.042002442002442006,0.013675213675213675,0.11282051282051282,0.09035409035409035,0.00757020757020757,300.06,-22.31,49.88,pink4
0.032722832722832725,0.00927960927960928,0.10183150183150183,0.07741147741147741,0.010012210012210013,306.12,-21.44,52.44,pink4
0.02442002442002442,0.003907203907203907,0.08766788766788766,0.06422466422466422,0.011965811965811967,309.56,-21.94,54.19,pink4
0.017826617826617826,0.0007326007326007326,0.07521367521367521,0.053235653235653234,0.008302808302808303,310.5,-22.31,55.69,pink4
0.013431013431013432,0.004395604395604396,0.06593406593406594,0.04468864468864469,0.003663003663003663,310.19,-22.56,56.25,pink4
0.010256410256410256,0.006837606837606838,0.05934065934065934,0.03882783882783883,0.0019536019536019536,308.12,-23.0,56.81,pink4
0.00805860805860806,0.008547008547008548,0.054945054945054944,0.03467643467643468,0.005860805860805861,300.81,-24.44,62.0,pink4
0.007081807081807082,0.009035409035409036,0.05299145299145299,0.03394383394383394,0.008791208791208791,290.25,-28.87,67.87,pink4
0.009035409035409036,0.007326007326007326,0.061782661782661785,0.0485958485958486,0.009523809523809525,282.25,-32.75,67.31,pink4
0.015873015873015872,0.003418803418803419,0.07643467643467644,0.06642246642246642,0.007814407814407814,274.25,-35.44,65.06,pink4
0.02442002442002442,0.0004884004884004884,0.08644688644688645,0.07887667887667887,0.006349206349206349,270.56,-36.5,61.75,pink4
0.03028083028083028,0.001221001221001221,0.09352869352869353,0.08742368742368742,0.004395604395604396,269.25,-37.38,60.19,pink4
0.03418803418803419,0.0009768009768009768,0.09768009768009768,0.09230769230769231,0.0029304029304029304,269.44,-37.5,60.25,pink4
0.03663003663003663,0.0004884004884004884,0.10036630036630037,0.09474969474969475,0.0019536019536019536,271.81,-37.75,58.94,pink4
0.0380952380952381,0.0002442002442002442,0.10158730158730159,0.09621489621489622,0.001221001221001221,280.19,-33.06,52.31,pink4
0.0380952380952381,0.001221001221001221,0.10231990231990232,0.09474969474969475,0.0007326007326007326,292.12,-24.37,46.5,pink4
0.03321123321123321,0.004395604395604396,0.09841269841269841,0.09010989010989011,0.005616605616605617,301.19,-21.37,46.56,pink4
0.02564102564102564,0.00757020757020757,0.08547008547008547,0.07667887667887668,0.010012210012210013,308.44,-20.44,48.44,pink4
0.01904761904761905,0.010500610500610501,0.07252747252747253,0.06471306471306472,0.012942612942612943,313.0,-20.19,49.38,pink4
0.014407814407814409,0.012698412698412698,0.06275946275946276,0.05518925518925519,0.010500610500610501,315.75,-20.0,51.31,pink4
0.011233211233211233,0.014407814407814409,0.055921855921855924,0.0485958485958486,0.006105006105006105,314.81,-20.75,53.56,pink4
0.008791208791208791,0.01562881562881563,0.05103785103785104,0.04395604395604396,0.0031746031746031746,309.62,-22.69,57.13,pink4
0.00757020757020757,0.015873015873015872,0.0485958485958486,0.04249084249084249,0.001221001221001221,296.81,-28.75,61.44,pink4
0.008302808302808303,0.013431013431013432,0.060805860805860805,0.05811965811965812,0.001221001221001221,282.69,-35.0,61.06,pink4
0.00927960927960928,0.011721611721611722,0.07545787545787545,0.07203907203907203,0.0019536019536019536,273.37,-37.88,59.38,pink4
0.01391941391941392,0.010744810744810745,0.08547008547008547,0.08205128205128205,0.002442002442002442,268.87,-38.75,57.5,pink4
0.02026862026862027,0.010012210012210013,0.0927960927960928,0.08888888888888889,0.003907203907203907,268.06,-37.44,55.0,pink4
0.024664224664224663,0.010012210012210013,0.09694749694749695,0.09328449328449329,0.004884004884004884,268.56,-36.81,54.44,pink4
0.02783882783882784,0.010012210012210013,0.09914529914529914,0.09548229548229548,0.004395604395604396,270.44,-36.69,54.69,pink4
0.029792429792429794,0.010012210012210013,0.10061050061050061,0.09597069597069598,0.004151404151404151,280.5,-32.5,51.88,pink4
0.030525030525030524,0.010500610500610501,0.10134310134310134,0.09474969474969475,0.002686202686202686,293.69,-25.06,47.56,pink4
0.025396825396825397,0.01098901098901099,0.09914529914529914,0.0905982905982906,0.0017094017094017094,303.75,-22.5,49.13,pink4
0.017826617826617826,0.012942612942612943,0.08644688644688645,0.07667887667887668,0.004884004884004884,310.62,-22.25,51.5,pink4
0.011965811965811967,0.014896214896214897,0.07228327228327229,0.06422466422466422,0.007081807081807082,312.5,-22.94,53.56,pink4
0.007814407814407814,0.016361416361416362,0.06056166056166056,0.0547008547008547,0.008547008547008548,312.31,-23.56,55.13,pink4
0.004884004884004884,0.01733821733821734,0.051526251526251524,0.04786324786324787,0.009768009768009768,310.75,-23.56,55.25,pink4
0.0029304029304029304,0.017582417582417582,0.045177045177045176,0.04322344322344322,0.010500610500610501,307.37,-23.44,54.38,pink4
0.0014652014652014652,0.017582417582417582,0.04078144078144078,0.0398046398046398,0.01098901098901099,300.19,-24.37,53.63,pink4
0.0007326007326007326,0.01733821733821734,0.0380952380952381,0.037606837606837605,0.011233211233211233,286.5,-28.25,57.31,pink4
0.0002442002442002442,0.01684981684981685,0.038583638583638585,0.039316239316239315,0.011477411477411478,275.44,-33.19,59.81,pink4
0.0019536019536019536,0.014896214896214897,0.05641025641025641,0.054945054945054944,0.009523809523809525,269.69,-34.38,58.88,pink4
0.010256410256410256,0.01221001221001221,0.0735042735042735,0.06788766788766788,0.006837606837606838,267.0,-34.75,58.63,pink4
0.017582417582417582,0.010012210012210013,0.08522588522588523,0.07692307692307693,0.004884004884004884,266.62,-33.88,56.5,pink4
0.02271062271062271,0.008791208791208791,0.09377289377289377,0.08327228327228327,0.002442002442002442,267.37,-33.81,55.31,pink4
0.026373626373626374,0.007814407814407814,0.0989010989010989,0.08693528693528693,0.0007326007326007326,272.87,-33.19,54.5,pink4
0.028083028083028084,0.007326007326007326,0.10231990231990232,0.0884004884004884,0.0004884004884004884,285.5,-26.31,48.81,pink4
0.026617826617826617,0.007326007326007326,0.10305250305250305,0.08644688644688645,0.0014652014652014652,298.75,-21.81,44.81,pink4
0.021733821733821733,0.009523809523809525,0.09572649572649573,0.0778998778998779,0.0031746031746031746,306.94,-20.81,46.69,pink4
0.01514041514041514,0.012454212454212455,0.08131868131868132,0.0652014652014652,0.004395604395604396,311.25,-20.25,49.13,pink4
0.00927960927960928,0.01514041514041514,0.0673992673992674,0.054945054945054944,0.005372405372405372,313.37,-20.31,51.31,pink4
0.005372405372405372,0.01684981684981685,0.05641025641025641,0.047619047619047616,0.002442002442002442,313.25,-20.37,52.06,pink4
0.002442002442002442,0.018070818070818073,0.04835164835164835,0.04224664224664225,0.0004884004884004884,311.31,-20.81,52.44,pink4
0.0004884004884004884,0.018803418803418803,0.042735042735042736,0.03833943833943834,0.002197802197802198,304.12,-22.75,53.44,pink4
0.0004884004884004884,0.018803418803418803,0.03907203907203907,0.03565323565323565,0.004151404151404151,291.25,-26.37,56.25,pink4
0.0007326007326007326,0.016605616605616606,0.041025641025641026,0.0380952380952381,0.005372405372405372,277.19,-32.75,58.81,pink4
0.0004884004884004884,0.014407814407814409,0.057387057387057384,0.054212454212454214,0.003907203907203907,269.62,-35.44,56.81,pink4
0.006349206349206349,0.012454212454212455,0.07496947496947497,0.06910866910866911,0.0029304029304029304,266.19,-36.0,56.25,pink4
0.01611721611721612,0.01098901098901099,0.08717948717948718,0.07985347985347985,0.002197802197802198,265.5,-36.0,56.0,pink4
0.022954822954822957,0.010012210012210013,0.09597069597069598,0.08717948717948718,0.0017094017094017094,266.31,-35.44,54.81,pink4
0.02783882783882784,0.009523809523809525,0.10134310134310134,0.09157509157509157,0.0014652014652014652,271.44,-34.75,55.5,pink4
0.03028083028083028,0.00927960927960928,0.10500610500610501,0.09304029304029304,0.001221001221001221,284.75,-26.0,48.56,pink4
0.027106227106227107,0.00927960927960928,0.10525030525030525,0.08986568986568987,0.002197802197802198,295.94,-22.62,45.19,pink4
0.02026862026862027,0.011965811965811967,0.09523809523809523,0.0778998778998779,0.003907203907203907,301.69,-22.19,47.31,pink4
0.013675213675213675,0.01514041514041514,0.0796092796092796,0.06422466422466422,0.005128205128205128,304.06,-22.81,48.31,pink4
0.008547008547008548,0.01733821733821734,0.06666666666666667,0.05299145299145299,0.006105006105006105,305.25,-23.19,49.31,pink4
0.004884004884004884,0.018803418803418803,0.057387057387057384,0.044444444444444446,0.0031746031746031746,305.25,-23.31,49.75,pink4
0.002197802197802198,0.01978021978021978,0.05103785103785104,0.038583638583638585,0.0,303.19,-24.06,50.31,pink4
0.0004884004884004884,0.020512820512820513,0.04664224664224664,0.034432234432234435,0.002197802197802198,295.37,-25.94,50.06,pink4
0.0004884004884004884,0.02026862026862027,0.044444444444444446,0.032722832722832725,0.003907203907203907,283.44,-29.75,53.13,pink4
0.0004884004884004884,0.01904761904761905,0.05128205128205128,0.038583638583638585,0.004884004884004884,273.25,-36.56,55.94,pink4
0.002686202686202686,0.017582417582417582,0.06935286935286936,0.057387057387057384,0.004395604395604396,268.0,-38.31,54.0,pink4
0.011477411477411478,0.016605616605616606,0.08424908424908426,0.07081807081807082,0.004151404151404151,265.62,-38.13,51.25,pink4
0.021001221001221003,0.01611721611721612,0.09474969474969475,0.0800976800976801,0.002686202686202686,265.0,-37.88,49.75,pink4
0.027594627594627594,0.01562881562881563,0.10207570207570207,0.08644688644688645,0.0017094017094017094,265.56,-37.63,49.31,pink4
0.03247863247863248,0.01562881562881563,0.10622710622710622,0.08962148962148962,0.0,268.12,-37.19,48.38,pink4
0.035164835164835165,0.015384615384615385,0.10915750915750916,0.09133089133089133,0.001221001221001221,277.19,-35.31,47.06,pink4
0.035164835164835165,0.015384615384615385,0.11135531135531136,0.0905982905982906,0.002197802197802198,290.37,-30.12,44.06,pink4
0.031013431013431014,0.015384615384615385,0.10866910866910867,0.08766788766788766,0.0029304029304029304,300.81,-27.75,44.25,pink4
0.024175824175824177,0.016361416361416362,0.09841269841269841,0.07692307692307693,0.005616605616605617,306.94,-28.19,47.0,pink4
0.01733821733821734,0.018315018315018316,0.08351648351648351,0.06398046398046398,0.00757020757020757,311.12,-27.37,50.19,pink4
0.011721611721611722,0.02026862026862027,0.06984126984126984,0.053235653235653234,0.009035409035409036,312.69,-26.69,52.63,pink4
0.00757020757020757,0.021733821733821733,0.05934065934065934,0.045177045177045176,0.006349206349206349,312.25,-26.37,52.81,pink4
0.004395604395604396,0.02271062271062271,0.051770451770451774,0.03907203907203907,0.002197802197802198,310.44,-25.94,53.0,pink4
0.002442002442002442,0.0231990231990232,0.04664224664224664,0.03492063492063492,0.0004884004884004884,305.19,-26.19,52.44,pink4
0.0009768009768009768,0.023443223443223443,0.04297924297924298,0.03199023199023199,0.002686202686202686,294.87,-27.75,55.06,pink4
0.0009768009768009768,0.02271062271062271,0.042735042735042736,0.03199023199023199,0.004151404151404151,282.12,-35.06,58.75,pink4
0.002686202686202686,0.02026862026862027,0.055921855921855924,0.04566544566544566,0.005128205128205128,271.44,-38.94,53.75,pink4
0.010012210012210013,0.017826617826617826,0.07545787545787545,0.063003663003663,0.00463980463980464,265.87,-39.25,50.38,pink4
0.01978021978021978,0.016361416361416362,0.08913308913308914,0.07521367521367521,0.004151404151404151,264.69,-39.13,49.88,pink4
0.026862026862026864,0.01514041514041514,0.09865689865689865,0.08376068376068375,0.0029304029304029304,265.31,-38.56,48.94,pink4
0.031746031746031744,0.014163614163614164,0.10500610500610501,0.08864468864468865,0.0019536019536019536,269.06,-38.06,49.69,pink4
0.03418803418803419,0.013675213675213675,0.10891330891330891,0.09084249084249084,0.001221001221001221,280.06,-31.31,46.06,pink4
0.03296703296703297,0.013675213675213675,0.11013431013431013,0.08888888888888889,0.0007326007326007326,290.62,-27.19,43.88,pink4
0.02612942612942613,0.015384615384615385,0.10256410256410256,0.07985347985347985,0.0019536019536019536,298.69,-25.69,46.38,pink4
0.018070818070818073,0.018070818070818073,0.08595848595848596,0.06691086691086691,0.005128205128205128,305.81,-24.75,49.63,pink4
0.01221001221001221,0.020024420024420026,0.07203907203907203,0.056654456654456654,0.007326007326007326,310.19,-24.19,51.88,pink4
0.007814407814407814,0.02148962148962149,0.06129426129426129,0.04932844932844933,0.008791208791208791,311.69,-24.37,54.63,pink4
0.00463980463980464,0.022222222222222223,0.05396825396825397,0.04395604395604396,0.01098901098901099,310.75,-24.37,54.69,pink4
0.002442002442002442,0.02271062271062271,0.0485958485958486,0.04004884004884005,0.013675213675213675,308.75,-24.31,54.31,pink4
0.0009768009768009768,0.022954822954822957,0.04493284493284493,0.03736263736263736,0.013186813186813187,303.94,-25.31,55.75,pink4
0.0,0.02271062271062271,0.04371184371184371,0.03638583638583639,0.012942612942612943,293.12,-27.56,58.25,pink4
0.0007326007326007326,0.021733821733821733,0.052503052503052504,0.044444444444444446,0.011721611721611722,281.0,-30.56,57.0,pink4
0.008302808302808303,0.01904761904761905,0.07008547008547009,0.061782661782661785,0.008302808302808303,271.87,-31.19,52.88,pink4
0.020757020757020756,0.017094017094017096,0.08473748473748474,0.073992673992674,0.003663003663003663,265.25,-31.31,48.63,pink4
0.029548229548229547,0.015873015873015872,0.09499389499389499,0.08253968253968254,0.0031746031746031746,262.62,-31.81,46.44,pink4
0.035897435897435895,0.01514041514041514,0.10231990231990232,0.08766788766788766,0.007814407814407814,262.06,-32.44,46.75,pink4
0.03956043956043956,0.014407814407814409,0.10598290598290598,0.09035409035409035,0.011233211233211233,263.69,-32.63,47.81,pink4
0.041025641025641026,0.014407814407814409,0.10744810744810745,0.09157509157509157,0.013675213675213675,272.06,-29.44,43.75,pink4
0.03956043956043956,0.014407814407814409,0.10818070818070818,0.08962148962148962,0.008302808302808303,283.0,-25.12,40.13,pink4
0.03321123321123321,0.01514041514041514,0.10134310134310134,0.08253968253968254,0.004395604395604396,290.06,-24.94,42.0,pink4
0.02442002442002442,0.01733821733821734,0.08547008547008547,0.06862026862026863,0.0017094017094017094,295.69,-26.12,45.19,pink4
0.017582417582417582,0.01904761904761905,0.07057387057387057,0.0568986568986569,0.002442002442002442,299.87,-26.37,47.31,pink4
0.012454212454212455,0.020512820512820513,0.05934065934065934,0.04786324786324787,0.005372405372405372,302.12,-26.12,49.25,pink4
0.009035409035409036,0.02148962148962149,0.050793650793650794,0.04151404151404151,0.008547008547008548,302.44,-26.0,50.25,pink4
0.006593406593406593,0.02148962148962149,0.04493284493284493,0.036874236874236875,0.013186813186813187,300.62,-26.12,50.56,pink4
0.004884004884004884,0.02148962148962149,0.04078144078144078,0.03394383394383394,0.016361416361416362,296.56,-26.69,52.19,pink4
0.004395604395604396,0.021245421245421246,0.03785103785103785,0.03199023199023199,0.018803418803418803,286.0,-29.25,58.25,pink4
0.005128205128205128,0.020024420024420026,0.04371184371184371,0.03711843711843712,0.02026862026862027,276.12,-33.31,59.19,pink4
0.009768009768009768,0.017094017094017096,0.06422466422466422,0.05641025641025641,0.014407814407814409,268.25,-33.19,55.13,pink4
0.019536019536019536,0.014163614163614164,0.07936507936507936,0.06984126984126984,0.010256410256410256,263.37,-34.38,50.94,pink4
0.02783882783882784,0.011965811965811967,0.08986568986568987,0.07936507936507936,0.007326007326007326,262.31,-35.69,50.69,pink4
0.0336996336996337,0.010256410256410256,0.09743589743589744,0.08498168498168499,0.005372405372405372,262.94,-36.0,51.63,pink4
0.03785103785103785,0.00927960927960928,0.10231990231990232,0.08791208791208792,0.003907203907203907,269.25,-32.44,49.63,pink4
0.03785103785103785,0.008547008547008548,0.1054945054945055,0.08766788766788766,0.0029304029304029304,281.25,-26.81,45.19,pink4
0.03199023199023199,0.00927960927960928,0.10329670329670329,0.08351648351648351,0.002197802197802198,290.75,-26.06,46.19,pink4
0.02442002442002442,0.011965811965811967,0.09304029304029304,0.0713064713064713,0.0007326007326007326,298.0,-25.5,49.25,pink4
0.018070818070818073,0.014652014652014652,0.07985347985347985,0.05958485958485959,0.002686202686202686,302.81,-25.19,51.75,pink4
0.013675213675213675,0.01733821733821734,0.06788766788766788,0.05030525030525031,0.004151404151404151,304.31,-25.31,53.88,pink4
0.010500610500610501,0.01904761904761905,0.059096459096459095,0.04395604395604396,0.006105006105006105,301.87,-26.19,54.31,pink4
0.008547008547008548,0.02026862026862027,0.05299145299145299,0.039316239316239315,0.007814407814407814,294.69,-27.56,56.69,pink4
0.007326007326007326,0.020512820512820513,0.04884004884004884,0.03638583638583639,0.008791208791208791,282.75,-31.56,58.5,pink4
0.007326007326007326,0.01904761904761905,0.056654456654456654,0.04737484737484737,0.009523809523809525,273.87,-34.88,56.19,pink4
0.010744810744810745,0.01562881562881563,0.07545787545787545,0.06642246642246642,0.007814407814407814,268.31,-36.06,53.75,pink4
0.019291819291819293,0.013431013431013432,0.08913308913308914,0.07985347985347985,0.005372405372405372,265.12,-35.5,50.31,pink4
0.028083028083028084,0.011721611721611722,0.09865689865689865,0.08913308913308914,0.003663003663003663,264.12,-34.38,49.0,pink4
0.03418803418803419,0.010744810744810745,0.10525030525030525,0.0945054945054945,0.002442002442002442,264.62,-33.19,48.25,pink4
0.03833943833943834,0.010012210012210013,0.1094017094017094,0.09694749694749695,0.0014652014652014652,265.19,-33.0,48.06,pink4
0.04078144078144078,0.009768009768009768,0.11233211233211234,0.09768009768009768,0.0009768009768009768,271.81,-30.69,46.25,pink4
0.041758241758241756,0.009523809523809525,0.11428571428571428,0.0971916971916972,0.0007326007326007326,284.37,-24.87,44.0,pink4
0.03565323565323565,0.011965811965811967,0.11062271062271062,0.0927960927960928,0.0029304029304029304,297.0,-22.94,46.5,pink4
0.026617826617826617,0.01562881562881563,0.09743589743589744,0.07887667887667887,0.00805860805860806,304.44,-22.56,50.44,pink4
0.02026862026862027,0.018315018315018316,0.08131868131868132,0.06544566544566545,0.011721611721611722,308.75,-22.5,52.44,pink4
0.015384615384615385,0.02026862026862027,0.06935286935286936,0.0547008547008547,0.014163614163614164,310.5,-22.37,54.19,pink4
0.011965811965811967,0.021733821733821733,0.06031746031746032,0.046886446886446886,0.01221001221001221,310.06,-22.5,55.25,pink4
0.009768009768009768,0.02271062271062271,0.05372405372405373,0.04151404151404151,0.008791208791208791,307.87,-22.87,55.44,pink4
0.008302808302808303,0.0231990231990232,0.04908424908424908,0.03785103785103785,0.002686202686202686,302.31,-24.19,55.63,pink4
0.00757020757020757,0.023443223443223443,0.046153846153846156,0.035164835164835165,0.0014652014652014652,288.56,-27.12,57.94,pink4
0.00757020757020757,0.02271062271062271,0.04908424908424908,0.037606837606837605,0.004395604395604396,274.69,-31.0,53.5,pink4
0.011233211233211233,0.020024420024420026,0.06837606837606838,0.058363858363858365,0.004151404151404151,265.87,-30.37,48.0,pink4
0.022222222222222223,0.015873015873015872,0.08547008547008547,0.07374847374847375,0.002686202686202686,262.12,-30.56,45.56,pink4
0.03394383394383394,0.013186813186813187,0.09743589743589744,0.0844932844932845,0.0017094017094017094,261.56,-31.19,45.5,pink4
0.04224664224664225,0.01098901098901099,0.10573870573870574,0.09181929181929183,0.001221001221001221,262.62,-32.19,46.38,pink4
0.04786324786324787,0.010012210012210013,0.11135531135531136,0.09597069597069598,0.0007326007326007326,271.69,-29.94,46.88,pink4
0.04981684981684982,0.009768009768009768,0.11428571428571428,0.09523809523809523,0.0009768009768009768,287.06,-25.5,44.5,pink4
0.043467643467643466,0.011965811965811967,0.10915750915750916,0.08791208791208792,0.004151404151404151,297.62,-25.25,47.25,pink4
0.034432234432234435,0.014896214896214897,0.0945054945054945,0.073992673992674,0.007814407814407814,303.31,-25.0,49.25,pink4
0.02783882783882784,0.01684981684981685,0.07985347985347985,0.06227106227106227,0.010256410256410256,306.12,-25.56,51.69,pink4
0.022954822954822957,0.018315018315018316,0.06862026862026863,0.05372405372405373,0.014407814407814409,306.56,-25.81,52.75,pink4
0.01978021978021978,0.019291819291819293,0.06056166056166056,0.04786324786324787,0.017094017094017096,304.56,-26.19,53.5,pink4
0.017582417582417582,0.01978021978021978,0.054945054945054944,0.04371184371184371,0.019291819291819293,297.44,-27.5,56.25,pink4
0.015873015873015872,0.020024420024420026,0.05128205128205128,0.04151404151404151,0.019291819291819293,282.87,-31.12,61.38,pink4
0.015873015873015872,0.018070818070818073,0.05982905982905983,0.05128205128205128,0.01611721611721612,271.31,-34.81,59.19,pink4
0.021245421245421246,0.013431013431013432,0.07741147741147741,0.06691086691086691,0.012698412698412698,264.94,-35.56,55.94,pink4
0.028327228327228327,0.010256410256410256,0.08986568986568987,0.07765567765567766,0.010012210012210013,262.06,-35.19,53.0,pink4
0.033455433455433455,0.007814407814407814,0.09865689865689865,0.08547008547008547,0.008302808302808303,261.62,-34.25,51.44,pink4
0.03711843711843712,0.006349206349206349,0.10427350427350428,0.08962148962148962,0.006105006105006105,262.75,-34.38,50.88,pink4
0.0398046398046398,0.005128205128205128,0.10818070818070818,0.09181929181929183,0.004395604395604396,269.75,-30.62,49.19,pink4
0.04078144078144078,0.00463980463980464,0.11062271062271062,0.09157509157509157,0.0031746031746031746,284.31,-23.19,43.13,pink4
0.03492063492063492,0.006593406593406593,0.10793650793650794,0.08742368742368742,0.0009768009768009768,293.94,-22.94,44.19,pink4
0.025885225885225887,0.010744810744810745,0.09304029304029304,0.07277167277167278,0.004151404151404151,300.19,-21.81,47.44,pink4
0.019536019536019536,0.014407814407814409,0.07838827838827839,0.060805860805860805,0.006105006105006105,304.94,-20.19,49.25,pink4
0.014896214896214897,0.01684981684981685,0.06666666666666667,0.051770451770451774,0.004151404151404151,307.12,-19.31,50.63,pink4
0.011721611721611722,0.01855921855921856,0.057631257631257635,0.04493284493284493,0.0004884004884004884,306.5,-20.06,52.0,pink4
0.009523809523809525,0.019536019536019536,0.05054945054945055,0.04004884004884005,0.003418803418803419,303.94,-21.25,53.13,pink4
0.00805860805860806,0.020024420024420026,0.04590964590964591,0.03663003663003663,0.007326007326007326,297.87,-23.37,53.94,pink4
0.007326007326007326,0.020024420024420026,0.04249084249084249,0.035164835164835165,0.010012210012210013,286.62,-28.25,57.06,pink4
0.008302808302808303,0.019291819291819293,0.047619047619047616,0.039316239316239315,0.011721611721611722,273.81,-34.13,57.81,pink4
0.018315018315018316,0.016605616605616606,0.06617826617826618,0.056654456654456654,0.009523809523809525,265.5,-34.88,53.75,pink4
0.03296703296703297,0.014407814407814409,0.08058608058608059,0.06935286935286936,0.00805860805860806,261.19,-35.13,51.88,pink4
0.04322344322344322,0.012698412698412698,0.09084249084249084,0.07838827838827839,0.007081807081807082,259.94,-34.38,49.81,pink4
0.05030525030525031,0.011721611721611722,0.09792429792429792,0.08473748473748474,0.006105006105006105,260.5,-34.38,50.0,pink4
0.0547008547008547,0.011477411477411478,0.10256410256410256,0.0884004884004884,0.005616605616605617,263.94,-33.94,50.56,pink4
0.0568986568986569,0.011477411477411478,0.10525030525030525,0.08986568986568987,0.005128205128205128,276.62,-28.81,45.5,pink4
0.05347985347985348,0.011721611721611722,0.10695970695970695,0.08766788766788766,0.003907203907203907,288.94,-25.0,44.31,pink4
0.04371184371184371,0.01391941391941392,0.09938949938949938,0.07838827838827839,0.0029304029304029304,298.37,-24.06,47.19,pink4
0.03418803418803419,0.01611721611721612,0.08644688644688645,0.06617826617826618,0.0009768009768009768,305.31,-23.25,50.06,pink4
0.027106227106227107,0.018803418803418803,0.073992673992674,0.05567765567765568,0.0014652014652014652,308.44,-22.75,52.38,pink4
0.022222222222222223,0.020757020757020756,0.06373626373626373,0.04737484737484737,0.004395604395604396,308.87,-22.69,54.31,pink4
0.018803418803418803,0.02197802197802198,0.05641025641025641,0.04151404151404151,0.008791208791208791,305.94,-23.25,55.06,pink4
0.016361416361416362,0.022954822954822957,0.05128205128205128,0.03736263736263736,0.011721611721611722,297.19,-25.56,57.0,pink4
0.014896214896214897,0.0231990231990232,0.04786324786324787,0.035897435897435895,0.01391941391941392,285.19,-30.25,58.63,pink4
0.01684981684981685,0.021733821733821733,0.05885225885225885,0.04932844932844933,0.008547008547008548,273.44,-34.13,55.13,pink4
0.023443223443223443,0.019291819291819293,0.07643467643467644,0.06568986568986569,0.00463980463980464,265.44,-36.44,52.31,pink4
0.03492063492063492,0.017582417582417582,0.08888888888888889,0.07716727716727717,0.0019536019536019536,262.56,-37.31,51.13,pink4
0.042735042735042736,0.016361416361416362,0.09743589743589744,0.08522588522588523,0.0,262.5,-36.81,49.88,pink4
0.04835164835164835,0.015873015873015872,0.1028083028083028,0.08962148962148962,0.001221001221001221,264.0,-36.5,49.31,pink4
0.05201465201465202,0.01562881562881563,0.10622710622710622,0.09157509157509157,0.002197802197802198,272.12,-34.94,50.0,pink4
0.05274725274725275,0.01562881562881563,0.10842490842490843,0.09108669108669108,0.0029304029304029304,286.56,-27.62,46.75,pink4
0.04566544566544566,0.01611721611721612,0.1072039072039072,0.08717948717948718,0.003418803418803419,297.62,-23.44,47.06,pink4
0.035897435897435895,0.018070818070818073,0.0971916971916972,0.073992673992674,0.0014652014652014652,304.19,-22.81,49.69,pink4
0.027594627594627594,0.020024420024420026,0.08327228327228327,0.06129426129426129,0.0,306.87,-23.69,51.44,pink4
0.021733821733821733,0.021733821733821733,0.07155067155067155,0.051526251526251524,0.001221001221001221,307.12,-24.19,52.75,pink4
0.017582417582417582,0.022954822954822957,0.06251526251526252,0.04468864468864469,0.0029304029304029304,305.12,-24.5,53.88,pink4
0.014896214896214897,0.023931623931623933,0.05641025641025641,0.0398046398046398,0.005372405372405372,298.87,-26.31,54.81,pink4
0.012942612942612943,0.023931623931623933,0.05201465201465202,0.03711843711843712,0.006105006105006105,286.12,-30.37,58.31,pink4
0.013675213675213675,0.023443223443223443,0.0568986568986569,0.04322344322344322,0.006349206349206349,273.56,-34.38,54.31,pink4
0.020512820512820513,0.02148962148962149,0.07448107448107448,0.060805860805860805,0.004395604395604396,265.31,-35.25,49.06,pink4
0.032722832722832725,0.018803418803418803,0.08717948717948718,0.073992673992674,0.0029304029304029304,261.44,-35.13,46.63,pink4
0.042002442002442006,0.01684981684981685,0.09597069597069598,0.08327228327228327,0.0019536019536019536,260.37,-34.38,45.75,pink4
0.04835164835164835,0.01562881562881563,0.10231990231990232,0.08962148962148962,0.001221001221001221,260.31,-33.06,45.25,pink4
0.05274725274725275,0.014652014652014652,0.10598290598290598,0.0927960927960928,0.0004884004884004884,262.31,-31.5,44.63,pink4
0.054945054945054944,0.014163614163614164,0.10842490842490843,0.09377289377289377,0.0017094017094017094,271.81,-26.81,40.31,pink4
0.050061050061050064,0.014163614163614164,0.10915750915750916,0.09010989010989011,0.002442002442002442,283.5,-23.87,38.5,pink4
0.04053724053724054,0.016605616605616606,0.09987789987789988,0.07765567765567766,0.006593406593406593,293.5,-23.44,43.38,pink4
0.03076923076923077,0.01904761904761905,0.08424908424908426,0.06471306471306472,0.009523809523809525,301.56,-23.06,47.69,pink4
0.023687423687423687,0.021001221001221003,0.07106227106227106,0.054212454212454214,0.012698412698412698,307.06,-22.25,50.81,pink4
0.018803418803418803,0.022466422466422466,0.060805860805860805,0.04664224664224664,0.017094017094017096,308.69,-21.69,51.88,pink4
0.01514041514041514,0.023443223443223443,0.05372405372405373,0.04126984126984127,0.02026862026862027,308.12,-21.56,52.63,pink4
0.012942612942612943,0.024175824175824177,0.04884004884004884,0.037606837606837605,0.022466422466422466,305.69,-22.31,53.06,pink4
0.011477411477411478,0.02490842490842491,0.04590964590964591,0.03492063492063492,0.018315018315018316,299.19,-25.06,54.0,pink4
0.010744810744810745,0.025152625152625153,0.04468864468864469,0.03321123321123321,0.012942612942612943,286.31,-29.69,55.94,pink4
0.01098901098901099,0.024664224664224663,0.05103785103785104,0.039316239316239315,0.009035409035409036,275.37,-34.06,53.63,pink4
0.014896214896214897,0.022954822954822957,0.06935286935286936,0.05787545787545788,0.006593406593406593,266.5,-33.63,49.0,pink4
0.0231990231990232,0.019291819291819293,0.0844932844932845,0.07179487179487179,0.00463980463980464,261.12,-33.38,46.38,pink4
0.029548229548229547,0.01684981684981685,0.09499389499389499,0.08131868131868132,0.003418803418803419,259.81,-33.69,46.19,pink4
0.03418803418803419,0.014896214896214897,0.10256410256410256,0.08815628815628816,0.002686202686202686,259.94,-33.69,45.94,pink4
0.03736263736263736,0.014163614163614164,0.1072039072039072,0.09181929181929183,0.0019536019536019536,262.12,-34.19,47.63,pink4
0.03882783882783883,0.013675213675213675,0.11013431013431013,0.0927960927960928,0.0017094017094017094,273.62,-29.81,48.69,pink4
0.035164835164835165,0.013675213675213675,0.11135531135531136,0.08888888888888889,0.001221001221001221,289.19,-23.06,47.63,pink4
0.028327228327228327,0.01611721611721612,0.10500610500610501,0.07985347985347985,0.0009768009768009768,298.94,-21.12,50.06,pink4
0.02148962148962149,0.01904761904761905,0.08986568986568987,0.06617826617826618,0.0009768009768009768,302.44,-23.0,52.44,pink4
0.01611721611721612,0.021001221001221003,0.07521367521367521,0.05567765567765568,0.0031746031746031746,302.81,-24.5,53.06,pink4
0.012454212454212455,0.022466422466422466,0.06349206349206349,0.047619047619047616,0.005860805860805861,301.44,-25.37,53.13,pink4
0.009768009768009768,0.023443223443223443,0.05518925518925519,0.04224664224664225,0.010012210012210013,298.19,-25.94,53.0,pink4
0.008302808302808303,0.024175824175824177,0.04932844932844933,0.03833943833943834,0.013186813186813187,291.0,-26.56,54.06,pink4
0.00757020757020757,0.023931623931623933,0.045177045177045176,0.03565323565323565,0.01514041514041514,276.5,-25.75,54.13,pink4
0.008302808302808303,0.0231990231990232,0.050793650793650794,0.04053724053724054,0.016605616605616606,266.56,-27.37,50.31,pink4
0.014407814407814409,0.020757020757020756,0.07008547008547009,0.05787545787545788,0.012942612942612943,259.87,-27.19,46.94,pink4
0.027594627594627594,0.01733821733821734,0.08376068376068375,0.0713064713064713,0.010500610500610501,255.62,-27.12,44.5,pink4
0.036874236874236875,0.014896214896214897,0.09328449328449329,0.08058608058608059,0.008547008547008548,253.87,-26.44,42.88,pink4
0.043467643467643466,0.013186813186813187,0.09987789987789988,0.08717948717948718,0.007326007326007326,253.0,-26.06,41.88,pink4
0.04737484737484737,0.012454212454212455,0.10402930402930403,0.09084249084249084,0.005372405372405372,253.12,-25.94,41.81,pink4
0.04981684981684982,0.01221001221001221,0.10671550671550671,0.09255189255189256,0.003907203907203907,258.44,-24.5,40.63,pink4
0.050061050061050064,0.011965811965811967,0.10866910866910867,0.09133089133089133,0.0029304029304029304,271.31,-18.81,36.19,pink4
0.04493284493284493,0.012698412698412698,0.1076923076923077,0.08791208791208792,0.002197802197802198,281.56,-19.31,38.75,pink4
0.036141636141636145,0.015873015873015872,0.09523809523809523,0.07301587301587302,0.0029304029304029304,289.62,-20.56,43.31,pink4
0.027594627594627594,0.01855921855921856,0.08083028083028083,0.05982905982905983,0.006593406593406593,294.31,-21.19,45.56,pink4
0.021733821733821733,0.020757020757020756,0.06910866910866911,0.050061050061050064,0.009035409035409036,296.0,-22.12,48.31,pink4
0.01733821733821734,0.022222222222222223,0.05958485958485959,0.04322344322344322,0.01098901098901099,295.56,-22.87,49.94,pink4
0.014407814407814409,0.0231990231990232,0.051770451770451774,0.03833943833943834,0.005128205128205128,293.62,-23.44,49.94,pink4
0.012454212454212455,0.023687423687423687,0.0463980463980464,0.03540903540903541,0.001221001221001221,289.5,-24.12,50.38,pink4
0.011477411477411478,0.023687423687423687,0.04249084249084249,0.0336996336996337,0.005860805860805861,280.81,-26.37,52.06,pink4
0.010744810744810745,0.023687423687423687,0.04468864468864469,0.03540903540903541,0.008791208791208791,270.44,-29.56,51.63,pink4
0.014163614163614164,0.022466422466422466,0.063003663003663,0.05372405372405373,0.008791208791208791,261.5,-28.69,46.25,pink4
0.02197802197802198,0.01904761904761905,0.0796092796092796,0.07057387057387057,0.006349206349206349,256.44,-27.31,43.25,pink4
0.030525030525030524,0.016605616605616606,0.09108669108669108,0.0822954822954823,0.00463980463980464,254.81,-25.75,40.81,pink4
0.03711843711843712,0.014896214896214897,0.09914529914529914,0.0905982905982906,0.003418803418803419,255.31,-26.06,41.19,pink4
0.041758241758241756,0.01391941391941392,0.10476190476190476,0.09523809523809523,0.002442002442002442,257.12,-25.81,41.13,pink4
0.04493284493284493,0.012942612942612943,0.10842490842490843,0.09743589743589744,0.0017094017094017094,263.19,-25.31,39.88,pink4
0.044444444444444446,0.012454212454212455,0.11086691086691086,0.09548229548229548,0.0002442002442002442,275.19,-22.31,36.63,pink4
0.038583638583638585,0.011965811965811967,0.11013431013431013,0.09133089133089133,0.0007326007326007326,284.69,-22.19,37.5,pink4
0.03125763125763126,0.014163614163614164,0.09938949938949938,0.07765567765567766,0.005128205128205128,292.19,-23.25,40.5,pink4
0.02442002442002442,0.016361416361416362,0.08595848595848596,0.06471306471306472,0.00805860805860806,296.5,-24.75,42.56,pink4
0.018803418803418803,0.01855921855921856,0.07301587301587302,0.05445665445665446,0.012454212454212455,298.31,-24.81,44.69,pink4
0.014896214896214897,0.02026862026862027,0.06398046398046398,0.04664224664224664,0.01562881562881563,296.56,-25.31,44.69,pink4
0.01221001221001221,0.021245421245421246,0.057387057387057384,0.041025641025641026,0.015384615384615385,291.94,-24.37,43.94,pink4
0.010744810744810745,0.021733821733821733,0.052503052503052504,0.03711843711843712,0.014163614163614164,286.37,-23.31,42.88,pink4
0.009523809523809525,0.021733821733821733,0.04981684981684982,0.03565323565323565,0.013186813186813187,278.87,-23.44,44.06,pink4
0.00927960927960928,0.021245421245421246,0.05054945054945055,0.03833943833943834,0.009035409035409036,268.69,-25.94,45.81,pink4
0.010012210012210013,0.02026862026862027,0.06593406593406594,0.055921855921855924,0.006349206349206349,262.19,-25.75,43.44,pink4
0.01391941391941392,0.01684981684981685,0.08547008547008547,0.07277167277167278,0.004395604395604396,259.0,-24.94,41.69,pink4
0.02271062271062271,0.014407814407814409,0.09914529914529914,0.0844932844932845,0.0029304029304029304,258.0,-24.94,41.19,pink4
0.02905982905982906,0.012698412698412698,0.10866910866910867,0.0927960927960928,0.0019536019536019536,258.5,-24.87,41.13,pink4
0.03321123321123321,0.011965811965811967,0.11477411477411477,0.0971916971916972,0.001221001221001221,264.44,-22.75,39.75,pink4
0.03565323565323565,0.011721611721611722,0.11892551892551892,0.0971916971916972,0.0007326007326007326,275.81,-19.81,36.44,pink4
0.03199023199023199,0.011965811965811967,0.11623931623931624,0.09352869352869353,0.0004884004884004884,284.62,-21.94,39.19,pink4
0.024664224664224663,0.013675213675213675,0.10451770451770452,0.08156288156288156,0.002442002442002442,291.25,-23.87,41.69,pink4
0.01855921855921856,0.015873015873015872,0.0905982905982906,0.06813186813186813,0.005128205128205128,295.25,-23.87,43.06,pink4
0.014163614163614164,0.018315018315018316,0.07814407814407814,0.05714285714285714,0.00805860805860806,296.69,-23.56,45.38,pink4
0.01098901098901099,0.020024420024420026,0.06837606837606838,0.04884004884004884,0.010256410256410256,295.5,-22.94,46.13,pink4
0.008791208791208791,0.021001221001221003,0.060073260073260075,0.04297924297924298,0.011721611721611722,292.06,-22.06,45.31,pink4
0.00757020757020757,0.021733821733821733,0.05372405372405373,0.03882783882783883,0.005616605616605617,285.69,-21.5,43.5,pink4
0.006837606837606838,0.021733821733821733,0.04908424908424908,0.036141636141636145,0.0002442002442002442,278.31,-20.94,41.56,pink4
0.006593406593406593,0.021001221001221003,0.04590964590964591,0.034432234432234435,0.003663003663003663,270.69,-22.0,41.19,pink4
0.006349206349206349,0.020024420024420026,0.04664224664224664,0.03565323565323565,0.006105006105006105,262.69,-23.0,43.88,pink4
0.00757020757020757,0.018803418803418803,0.05982905982905983,0.05128205128205128,0.004395604395604396,258.5,-21.5,42.75,pink4
0.01391941391941392,0.01684981684981685,0.07448107448107448,0.0695970695970696,0.003418803418803419,256.75,-20.5,42.13,pink4
0.022222222222222223,0.01562881562881563,0.08473748473748474,0.08253968253968254,0.002442002442002442,256.75,-20.69,42.25,pink4
0.028327228327228327,0.014652014652014652,0.09181929181929183,0.09157509157509157,0.0017094017094017094,258.44,-22.12,43.75,pink4
0.03247863247863248,0.014163614163614164,0.09694749694749695,0.09597069597069598,0.0014652014652014652,268.62,-20.75,39.94,pink4
0.030036630036630037,0.014407814407814409,0.09963369963369964,0.09426129426129426,0.001221001221001221,280.0,-18.62,38.75,pink4
0.024175824175824177,0.015873015873015872,0.09426129426129426,0.08424908424908426,0.00805860805860806,287.81,-19.12,42.75,pink4
0.01733821733821734,0.01855921855921856,0.08278388278388278,0.07106227106227106,0.012698412698412698,294.37,-20.87,46.19,pink4
0.01221001221001221,0.020757020757020756,0.07155067155067155,0.05982905982905983,0.01611721611721612,296.75,-22.0,48.75,pink4
0.008791208791208791,0.022466422466422466,0.06373626373626373,0.05201465201465202,0.014896214896214897,295.37,-23.25,50.56,pink4
0.006105006105006105,0.023443223443223443,0.05811965811965812,0.04664224664224664,0.010500610500610501,290.75,-24.5,51.69,pink4
0.005128205128205128,0.023931623931623933,0.054212454212454214,0.043467643467643466,0.00757020757020757,283.12,-25.94,53.5,pink4
0.005860805860805861,0.023687423687423687,0.05714285714285714,0.04566544566544566,0.005372405372405372,273.5,-27.5,52.75,pink4
0.00757020757020757,0.02271062271062271,0.06837606837606838,0.05787545787545788,0.003907203907203907,265.5,-26.12,48.44,pink4
0.01098901098901099,0.020512820512820513,0.08131868131868132,0.07008547008547009,0.0029304029304029304,259.81,-23.19,44.06,pink4
0.01684981684981685,0.01904761904761905,0.09035409035409035,0.07863247863247863,0.002197802197802198,256.69,-22.44,41.5,pink4
0.021245421245421246,0.018070818070818073,0.0967032967032967,0.08473748473748474,0.0004884004884004884,256.19,-21.75,40.19,pink4
0.024175824175824177,0.01733821733821734,0.10085470085470086,0.08766788766788766,0.0004884004884004884,257.94,-21.87,40.81,pink4
0.026373626373626374,0.017094017094017096,0.10329670329670329,0.08913308913308914,0.0014652014652014652,263.94,-21.37,40.81,pink4
0.026862026862026864,0.01684981684981685,0.10500610500610501,0.08815628815628816,0.0007326007326007326,275.87,-18.75,36.31,pink4
0.023443223443223443,0.01684981684981685,0.10329670329670329,0.08424908424908426,0.0031746031746031746,286.5,-20.0,37.25,pink4
0.016605616605616606,0.01904761904761905,0.09108669108669108,0.07081807081807082,0.005860805860805861,294.06,-21.94,40.56,pink4
0.01098901098901099,0.02148962148962149,0.0761904761904762,0.05885225885225885,0.009035409035409036,297.81,-23.31,43.44,pink4
0.007326007326007326,0.0231990231990232,0.06422466422466422,0.050061050061050064,0.01221001221001221,297.69,-24.19,45.44,pink4
0.00463980463980464,0.02442002442002442,0.05567765567765568,0.04371184371184371,0.014652014652014652,293.44,-24.06,44.88,pink4
0.002686202686202686,0.02490842490842491,0.04957264957264957,0.039316239316239315,0.016361416361416362,286.94,-23.69,43.5,pink4
0.0014652014652014652,0.025396825396825397,0.045177045177045176,0.036141636141636145,0.01733821733821734,278.69,-24.25,45.5,pink4
0.001221001221001221,0.025396825396825397,0.04566544566544566,0.035164835164835165,0.012454212454212455,268.56,-29.0,47.06,pink4
0.0031746031746031746,0.024175824175824177,0.06202686202686203,0.051770451770451774,0.008791208791208791,260.37,-31.0,43.94,pink4
0.012698412698412698,0.021245421245421246,0.07814407814407814,0.0673992673992674,0.006349206349206349,257.0,-32.19,42.56,pink4
0.02026862026862027,0.019291819291819293,0.08937728937728938,0.07838827838827839,0.00463980463980464,256.56,-32.69,42.06,pink4
0.025396825396825397,0.017582417582417582,0.0971916971916972,0.0862026862026862,0.003418803418803419,258.81,-33.63,43.06,pink4
0.02905982905982906,0.016605616605616606,0.10256410256410256,0.09035409035409035,0.0014652014652014652,266.75,-30.44,42.31,pink4
0.030525030525030524,0.015873015873015872,0.10573870573870574,0.09035409035409035,0.0,281.31,-23.94,37.63,pink4
0.027106227106227107,0.016361416361416362,0.10476190476190476,0.0862026862026862,0.0009768009768009768,290.69,-22.37,39.0,pink4
0.019536019536019536,0.018803418803418803,0.09157509157509157,0.07155067155067155,0.0004884004884004884,295.75,-22.87,41.13,pink4
0.013186813186813187,0.02148962148962149,0.07692307692307693,0.05958485958485959,0.0019536019536019536,297.81,-23.5,44.06,pink4
0.008791208791208791,0.0231990231990232,0.06446886446886448,0.050061050061050064,0.005128205128205128,298.06,-23.69,44.81,pink4
0.005372405372405372,0.02442002442002442,0.05567765567765568,0.043467643467643466,0.008302808302808303,297.12,-23.81,45.88,pink4
0.0029304029304029304,0.02490842490842491,0.04957264957264957,0.038583638583638585,0.012942612942612943,293.62,-24.5,45.75,pink4
0.001221001221001221,0.02490842490842491,0.045177045177045176,0.03540903540903541,0.017582417582417582,287.62,-25.87,45.5,pink4
0.0002442002442002442,0.02442002442002442,0.04249084249084249,0.03394383394383394,0.020757020757020756,276.69,-29.69,47.69,pink4
0.0002442002442002442,0.023443223443223443,0.046153846153846156,0.037606837606837605,0.022954822954822957,267.12,-35.06,47.19,pink4
0.002442002442002442,0.022222222222222223,0.06544566544566545,0.05543345543345543,0.01733821733821734,262.31,-35.75,44.56,pink4
0.013675213675213675,0.01904761904761905,0.0800976800976801,0.06910866910866911,0.013431013431013432,260.44,-35.13,42.81,pink4
0.02148962148962149,0.01684981684981685,0.09035409035409035,0.07838827838827839,0.010744810744810745,260.06,-34.31,42.13,pink4
0.027106227106227107,0.015384615384615385,0.09768009768009768,0.08498168498168499,0.00757020757020757,261.31,-34.69,43.19,pink4
0.030525030525030524,0.014407814407814409,0.10256410256410256,0.08864468864468865,0.005616605616605617,269.5,-32.69,44.0,pink4
0.03125763125763126,0.01391941391941392,0.1054945054945055,0.08815628815628816,0.003907203907203907,284.75,-26.75,40.63,pink4
0.02564102564102564,0.015873015873015872,0.10207570207570207,0.07936507936507936,0.0007326007326007326,293.0,-25.0,41.13,pink4
0.017826617826617826,0.01904761904761905,0.0884004884004884,0.0652014652014652,0.005128205128205128,296.44,-24.62,41.44,pink4
0.011965811965811967,0.021733821733821733,0.07496947496947497,0.05372405372405373,0.00805860805860806,296.81,-24.44,41.13,pink4
0.007814407814407814,0.023443223443223443,0.06373626373626373,0.04542124542124542,0.010256410256410256,295.75,-23.06,39.63,pink4
0.004884004884004884,0.024664224664224663,0.0547008547008547,0.03956043956043956,0.010500610500610501,292.19,-22.5,38.38,pink4
0.0029304029304029304,0.02564102564102564,0.0485958485958486,0.03565323565323565,0.006105006105006105,286.75,-24.12,40.75,pink4
0.0017094017094017094,0.02612942612942613,0.0442002442002442,0.03296703296703297,0.0029304029304029304,275.44,-23.94,45.25,pink4
0.0014652014652014652,0.025885225885225887,0.04590964590964591,0.03467643467643468,0.0007326007326007326,263.81,-22.81,44.0,pink4
0.00927960927960928,0.024175824175824177,0.06568986568986569,0.054212454212454214,0.0002442002442002442,255.5,-21.94,42.19,pink4
0.025885225885225887,0.020512820512820513,0.0796092796092796,0.06837606837606838,0.0,251.31,-23.31,42.13,pink4
0.03736263736263736,0.017826617826617826,0.08937728937728938,0.07838827838827839,0.0002442002442002442,251.06,-24.69,43.31,pink4
0.04542124542124542,0.01611721611721612,0.09523809523809523,0.08522588522588523,0.0002442002442002442,256.5,-21.5,42.44,pink4
0.04908424908424908,0.014896214896214897,0.0989010989010989,0.08791208791208792,0.0002442002442002442,266.56,-16.19,38.0,pink4
0.046153846153846156,0.014163614163614164,0.1010989010989011,0.08742368742368742,0.0004884004884004884,280.94,-13.81,37.25,pink4
0.0380952380952381,0.01562881562881563,0.09474969474969475,0.07838827838827839,0.0017094017094017094,289.31,-16.87,40.44,pink4
0.029548229548229547,0.018315018315018316,0.07985347985347985,0.06544566544566545,0.004884004884004884,292.94,-19.31,41.81,pink4
0.023687423687423687,0.020512820512820513,0.06764346764346764,0.05543345543345543,0.007081807081807082,294.06,-21.06,42.69,pink4
0.019536019536019536,0.02197802197802198,0.059096459096459095,0.04810744810744811,0.008547008547008548,293.75,-21.31,42.75,pink4
0.016361416361416362,0.022954822954822957,0.05299145299145299,0.042735042735042736,0.006105006105006105,293.75,-21.94,43.19,pink4
0.014163614163614164,0.023443223443223443,0.0485958485958486,0.03907203907203907,0.003418803418803419,293.75,-22.69,44.13,pink4
0.012454212454212455,0.023687423687423687,0.04542124542124542,0.036141636141636145,0.001221001221001221,292.12,-23.31,45.0,pink4
0.011233211233211233,0.023687423687423687,0.04322344322344322,0.03394383394383394,0.001221001221001221,287.19,-24.06,47.56,pink4
0.010500610500610501,0.023687423687423687,0.04151404151404151,0.03247863247863248,0.0029304029304029304,274.12,-25.81,52.31,pink4
0.010744810744810745,0.023443223443223443,0.046153846153846156,0.03663003663003663,0.004395604395604396,262.81,-27.69,50.5,pink4
0.01611721611721612,0.020757020757020756,0.06568986568986569,0.05641025641025641,0.005128205128205128,256.37,-27.0,48.31,pink4
0.025885225885225887,0.017582417582417582,0.0796092796092796,0.07008547008547009,0.00463980463980464,254.69,-27.31,46.75,pink4
0.032722832722832725,0.015384615384615385,0.08937728937728938,0.07985347985347985,0.004151404151404151,255.62,-27.81,45.88,pink4
0.03736263736263736,0.013431013431013432,0.09597069597069598,0.08498168498168499,0.003907203907203907,258.19,-27.19,44.0,pink4
0.04004884004884005,0.012454212454212455,0.10036630036630037,0.08742368742368742,0.003663003663003663,269.12,-22.69,40.44,pink4
0.0398046398046398,0.011965811965811967,0.10354090354090355,0.0862026862026862,0.003663003663003663,283.31,-20.12,39.38,pink4
0.03492063492063492,0.012454212454212455,0.09816849816849817,0.0800976800976801,0.001221001221001221,294.0,-22.0,42.31,pink4
0.027594627594627594,0.01514041514041514,0.0844932844932845,0.06764346764346764,0.006837606837606838,297.81,-24.87,44.81,pink4
0.020757020757020756,0.017582417582417582,0.07081807081807082,0.056654456654456654,0.010744810744810745,296.44,-26.69,45.75,pink4
0.015873015873015872,0.019536019536019536,0.06129426129426129,0.0485958485958486,0.013431013431013432,290.31,-26.87,45.25,pink4
0.012454212454212455,0.020757020757020756,0.0547008547008547,0.04297924297924298,0.013186813186813187,278.87,-26.06,46.0,pink4
0.011233211233211233,0.021245421245421246,0.050793650793650794,0.03907203907203907,0.007081807081807082,267.0,-27.75,47.13,pink4
0.011233211233211233,0.01978021978021978,0.059096459096459095,0.04737484737484737,0.002686202686202686,260.62,-27.56,45.25,pink4
0.017582417582417582,0.01562881562881563,0.07423687423687424,0.060073260073260075,0.0002442002442002442,257.94,-26.62,44.06,pink4
0.025885225885225887,0.012942612942612943,0.08473748473748474,0.06910866910866911,0.002442002442002442,257.06,-26.5,43.81,pink4
0.03199023199023199,0.01098901098901099,0.09230769230769231,0.07545787545787545,0.003907203907203907,258.12,-28.06,44.94,pink4
0.036141636141636145,0.010012210012210013,0.09694749694749695,0.07887667887667887,0.004884004884004884,265.19,-28.81,44.94,pink4
0.03736263736263736,0.009523809523809525,0.09987789987789988,0.07936507936507936,0.005616605616605617,277.5,-26.75,43.19,pink4
0.03296703296703297,0.010012210012210013,0.09938949938949938,0.07643467643467644,0.011965811965811967,288.25,-26.44,44.31,pink4
0.026373626373626374,0.012454212454212455,0.0905982905982906,0.06495726495726496,0.016605616605616606,294.69,-27.62,46.94,pink4
0.020024420024420026,0.015384615384615385,0.0778998778998779,0.05372405372405373,0.01978021978021978,298.62,-28.56,49.5,pink4
0.01514041514041514,0.017826617826617826,0.06593406593406594,0.04468864468864469,0.015873015873015872,297.81,-29.81,52.5,pink4
0.011721611721611722,0.01978021978021978,0.05567765567765568,0.037606837606837605,0.009768009768009768,292.12,-29.25,51.63,pink4
0.00927960927960928,0.021001221001221003,0.04835164835164835,0.032722832722832725,0.004395604395604396,281.87,-27.94,48.38,pink4
0.00757020757020757,0.021733821733821733,0.04322344322344322,0.029304029304029304,0.0004884004884004884,268.37,-27.12,47.56,pink4
0.006593406593406593,0.021245421245421246,0.04297924297924298,0.029792429792429794,0.002197802197802198,255.81,-26.0,49.0,pink4
0.00927960927960928,0.01855921855921856,0.05714285714285714,0.04126984126984127,0.0017094017094017094,251.0,-24.87,46.56,pink4
0.017582417582417582,0.016361416361416362,0.07252747252747253,0.05641025641025641,0.0014652014652014652,248.81,-24.87,46.56,pink4
0.027594627594627594,0.014896214896214897,0.08327228327228327,0.06715506715506715,0.001221001221001221,249.94,-25.12,46.38,pink4
0.03467643467643468,0.013675213675213675,0.09084249084249084,0.07448107448107448,0.0009768009768009768,254.06,-27.37,48.38,pink4
0.03956043956043956,0.012942612942612943,0.09572649572649573,0.07814407814407814,0.0009768009768009768,267.19,-25.19,46.25,pink4
0.03907203907203907,0.012942612942612943,0.09914529914529914,0.07667887667887668,0.0007326007326007326,282.5,-21.56,42.5,pink4
0.03247863247863248,0.014652014652014652,0.09352869352869353,0.06788766788766788,0.0019536019536019536,291.44,-23.44,45.06,pink4
0.024175824175824177,0.017826617826617826,0.07912087912087912,0.05641025641025641,0.008547008547008548,296.5,-24.94,47.56,pink4
0.018070818070818073,0.020024420024420026,0.06642246642246642,0.04664224664224664,0.013186813186813187,298.75,-24.94,48.88,pink4
0.01391941391941392,0.02148962148962149,0.057387057387057384,0.03956043956043956,0.016361416361416362,297.81,-25.94,51.81,pink4
0.01098901098901099,0.02271062271062271,0.05128205128205128,0.034432234432234435,0.010256410256410256,292.12,-28.87,55.38,pink4
0.00927960927960928,0.0231990231990232,0.046886446886446886,0.031013431013431014,0.006105006105006105,279.75,-33.81,57.69,pink4
0.008302808302808303,0.022466422466422466,0.05030525030525031,0.03321123321123321,0.0031746031746031746,265.0,-37.69,54.0,pink4
0.009768009768009768,0.020024420024420026,0.0652014652014652,0.05054945054945055,0.001221001221001221,258.31,-37.13,50.56,pink4
0.01514041514041514,0.01684981684981685,0.07887667887667887,0.06275946275946276,0.0,255.87,-36.44,49.88,pink4
0.020757020757020756,0.014652014652014652,0.08864468864468865,0.0713064713064713,0.0009768009768009768,256.0,-35.88,48.75,pink4
0.024664224664224663,0.012942612942612943,0.09523809523809523,0.07643467643467644,0.0017094017094017094,260.19,-34.94,47.75,pink4
0.02735042735042735,0.011965811965811967,0.09914529914529914,0.07863247863247863,0.002197802197802198,268.06,-33.06,48.75,pink4
0.02783882783882784,0.011477411477411478,0.0989010989010989,0.07643467643467644,0.002442002442002442,281.25,-30.75,49.13,pink4
0.02026862026862027,0.012698412698412698,0.09157509157509157,0.06617826617826618,0.004395604395604396,291.06,-30.12,50.81,pink4
0.013186813186813187,0.01562881562881563,0.07765567765567766,0.0547008547008547,0.010256410256410256,296.87,-30.12,52.75,pink4
0.008302808302808303,0.018315018315018316,0.06495726495726496,0.045177045177045176,0.015384615384615385,298.81,-30.0,53.63,pink4
0.004884004884004884,0.020024420024420026,0.055921855921855924,0.038583638583638585,0.01904761904761905,296.19,-30.81,54.88,pink4
0.002442002442002442,0.021245421245421246,0.04957264957264957,0.03394383394383394,0.021733821733821733,290.44,-32.25,56.69,pink4
0.0017094017094017094,0.021733821733821733,0.045177045177045176,0.03076923076923077,0.015384615384615385,279.12,-34.88,59.0,pink4
0.003907203907203907,0.020757020757020756,0.04786324786324787,0.034432234432234435,0.01098901098901099,267.69,-37.56,56.88,pink4
0.008791208791208791,0.018803418803418803,0.060073260073260075,0.05103785103785104,0.007814407814407814,259.81,-37.63,52.13,pink4
0.015384615384615385,0.017582417582417582,0.0713064713064713,0.0652014652014652,0.005616605616605617,255.94,-36.69,49.56,pink4
0.024664224664224663,0.016605616605616606,0.07912087912087912,0.07521367521367521,0.004151404151404151,255.56,-35.69,47.81,pink4
0.031013431013431014,0.01684981684981685,0.0844932844932845,0.08205128205128205,0.0031746031746031746,258.12,-36.06,48.19,pink4
0.03565323565323565,0.017094017094017096,0.08791208791208792,0.08571428571428572,0.002442002442002442,267.37,-34.69,51.25,pink4
0.03785103785103785,0.017582417582417582,0.09010989010989011,0.08571428571428572,0.0007326007326007326,280.94,-25.69,49.38,pink4
0.0336996336996337,0.017826617826617826,0.08986568986568987,0.07985347985347985,0.0029304029304029304,289.06,-23.06,49.88,pink4
0.025885225885225887,0.02026862026862027,0.07912087912087912,0.0652014652014652,0.009035409035409036,294.5,-22.44,52.31,pink4
0.018803418803418803,0.022466422466422466,0.06715506715506715,0.053235653235653234,0.015384615384615385,296.87,-23.0,54.5,pink4
0.01391941391941392,0.023931623931623933,0.05714285714285714,0.044444444444444446,0.020024420024420026,297.0,-23.56,56.06,pink4
0.010500610500610501,0.025152625152625153,0.05030525030525031,0.0380952380952381,0.0231990231990232,293.56,-24.5,56.06,pink4
0.008302808302808303,0.025885225885225887,0.04542124542124542,0.0336996336996337,0.02442002442002442,283.19,-27.5,55.19,pink4
0.007081807081807082,0.025885225885225887,0.04249084249084249,0.0336996336996337,0.025152625152625153,267.62,-32.88,51.25,pink4
0.006593406593406593,0.02442002442002442,0.04908424908424908,0.04371184371184371,0.0231990231990232,260.75,-36.56,49.63,pink4
0.006593406593406593,0.021733821733821733,0.06324786324786325,0.05885225885225885,0.01611721611721612,257.37,-37.75,49.69,pink4
0.010500610500610501,0.01978021978021978,0.07863247863247863,0.07081807081807082,0.011233211233211233,257.19,-37.56,50.25,pink4
0.01562881562881563,0.018315018315018316,0.08937728937728938,0.07936507936507936,0.00757020757020757,257.75,-36.88,50.31,pink4
0.019291819291819293,0.018070818070818073,0.0967032967032967,0.08522588522588523,0.005128205128205128,258.87,-36.88,50.81,pink4
0.02197802197802198,0.017826617826617826,0.10134310134310134,0.0884004884004884,0.003418803418803419,265.94,-33.75,49.38,pink4
0.022954822954822957,0.017826617826617826,0.10402930402930403,0.08815628815628816,0.002197802197802198,277.75,-28.56,48.25,pink4
0.021245421245421246,0.017826617826617826,0.10231990231990232,0.08327228327228327,0.0014652014652014652,290.06,-23.81,48.69,pink4
0.018070818070818073,0.018070818070818073,0.09474969474969475,0.07203907203907203,0.004395604395604396,298.25,-22.62,50.75,pink4
0.013675213675213675,0.019536019536019536,0.08278388278388278,0.05885225885225885,0.00757020757020757,304.12,-22.25,52.69,pink4
0.00927960927960928,0.021733821733821733,0.07008547008547009,0.047619047619047616,0.01098901098901099,306.12,-22.37,54.13,pink4
0.006349206349206349,0.0231990231990232,0.05982905982905983,0.03956043956043956,0.01562881562881563,303.19,-23.12,55.0,pink4
0.004395604395604396,0.02442002442002442,0.052503052503052504,0.03394383394383394,0.01904761904761905,296.69,-23.37,54.63,pink4
0.0029304029304029304,0.02490842490842491,0.047619047619047616,0.03028083028083028,0.02148962148962149,287.94,-25.19,55.44,pink4
0.003663003663003663,0.02442002442002442,0.04566544566544566,0.030036630036630037,0.0231990231990232,276.56,-28.75,56.69,pink4
0.008791208791208791,0.022954822954822957,0.05103785103785104,0.0380952380952381,0.024175824175824177,265.87,-34.25,56.69,pink4
0.012454212454212455,0.02148962148962149,0.06446886446886448,0.054212454212454214,0.017826617826617826,261.25,-34.88,54.06,pink4
0.01684981684981685,0.019291819291819293,0.0778998778998779,0.06764346764346764,0.012454212454212455,259.5,-33.94,52.13,pink4
0.025152625152625153,0.017094017094017096,0.08717948717948718,0.07716727716727717,0.008547008547008548,261.19,-32.81,50.56,pink4
0.03076923076923077,0.01562881562881563,0.09352869352869353,0.08376068376068375,0.005860805860805861,267.19,-32.88,51.25,pink4
0.03467643467643468,0.014652014652014652,0.09792429792429792,0.08644688644688645,0.003907203907203907,280.94,-27.56,47.13,pink4
0.03247863247863248,0.014163614163614164,0.09816849816849817,0.08253968253968254,0.002197802197802198,292.12,-24.94,48.44,pink4
0.024664224664224663,0.01684981684981685,0.0862026862026862,0.06691086691086691,0.00757020757020757,300.31,-24.69,51.56,pink4
0.01733821733821734,0.019291819291819293,0.07203907203907203,0.051526251526251524,0.012454212454212455,303.81,-25.0,53.44,pink4
0.011965811965811967,0.020757020757020756,0.060805860805860805,0.04053724053724054,0.015873015873015872,301.81,-26.0,54.56,pink4
0.008302808302808303,0.02197802197802198,0.05299145299145299,0.03296703296703297,0.018315018315018316,295.56,-26.69,55.0,pink4
0.006105006105006105,0.02271062271062271,0.04737484737484737,0.03028083028083028,0.017582417582417582,285.06,-29.75,58.94,pink4
0.005860805860805861,0.022222222222222223,0.05054945054945055,0.040293040293040296,0.013675213675213675,275.0,-34.63,59.25,pink4
0.00757020757020757,0.020757020757020756,0.06691086691086691,0.05982905982905983,0.01098901098901099,265.87,-35.88,53.81,pink4
0.014896214896214897,0.018803418803418803,0.07838827838827839,0.0735042735042735,0.009035409035409036,261.5,-36.31,51.06,pink4
0.020024420024420026,0.01733821733821734,0.08644688644688645,0.08302808302808302,0.006349206349206349,261.69,-35.94,51.38,pink4
0.023687423687423687,0.01611721611721612,0.09230769230769231,0.08864468864468865,0.00463980463980464,264.56,-35.19,52.69,pink4
0.02612942612942613,0.015384615384615385,0.09597069597069598,0.09157509157509157,0.003418803418803419,272.0,-30.69,51.44,pink4
0.026617826617826617,0.01514041514041514,0.09792429792429792,0.09108669108669108,0.002442002442002442,282.94,-23.25,48.56,pink4
0.022954822954822957,0.01562881562881563,0.09523809523809523,0.08351648351648351,0.0017094017094017094,291.25,-23.37,51.31,pink4
0.015873015873015872,0.01855921855921856,0.08205128205128205,0.06764346764346764,0.006837606837606838,297.81,-23.75,53.88,pink4
0.009523809523809525,0.02148962148962149,0.06837606837606838,0.05396825396825397,0.010500610500610501,301.44,-23.87,55.56,pink4
0.004884004884004884,0.023443223443223443,0.05714285714285714,0.0442002442002442,0.012942612942612943,301.87,-24.62,56.69,pink4
0.0019536019536019536,0.02490842490842491,0.0485958485958486,0.03711843711843712,0.009035409035409036,299.56,-25.75,56.94,pink4
0.0002442002442002442,0.02564102564102564,0.042735042735042736,0.03223443223443224,0.003907203907203907,294.69,-28.62,60.94,pink4
0.001221001221001221,0.02564102564102564,0.038583638583638585,0.031013431013431014,0.0002442002442002442,285.5,-33.81,66.19,pink4
0.0009768009768009768,0.024664224664224663,0.044444444444444446,0.036141636141636145,0.002442002442002442,274.56,-37.63,63.31,pink4
0.0007326007326007326,0.023931623931623933,0.06202686202686203,0.0547008547008547,0.004151404151404151,267.19,-35.75,54.94,pink4
0.011233211233211233,0.0231990231990232,0.07448107448107448,0.06764346764346764,0.005372405372405372,262.87,-34.94,50.81,pink4
0.01855921855921856,0.02271062271062271,0.08327228327228327,0.07692307692307693,0.006349206349206349,261.75,-35.13,50.75,pink4
0.023687423687423687,0.022466422466422466,0.08962148962148962,0.08278388278388278,0.005860805860805861,263.12,-35.25,51.0,pink4
0.027106227106227107,0.022222222222222223,0.09328449328449329,0.08595848595848596,0.005372405372405372,267.69,-35.75,52.88,pink4
0.029548229548229547,0.022466422466422466,0.09572649572649573,0.08669108669108669,0.004884004884004884,275.44,-35.06,54.63,pink4
0.028327228327228327,0.022954822954822957,0.0971916971916972,0.08522588522588523,0.003663003663003663,286.69,-28.81,52.94,pink4
0.022466422466422466,0.023687423687423687,0.09621489621489622,0.07912087912087912,0.002686202686202686,296.69,-22.0,49.44,pink4
0.01611721611721612,0.02564102564102564,0.08571428571428572,0.06398046398046398,0.0009768009768009768,300.56,-21.44,51.81,pink4
0.00927960927960928,0.02735042735042735,0.07081807081807082,0.04884004884004884,0.0017094017094017094,302.69,-21.5,54.56,pink4
0.004395604395604396,0.02857142857142857,0.05811965811965812,0.03736263736263736,0.00463980463980464,302.81,-21.31,56.13,pink4
0.0009768009768009768,0.029548229548229547,0.04908424908424908,0.029304029304029304,0.006593406593406593,301.06,-21.37,56.31,pink4
0.001221001221001221,0.03028083028083028,0.042735042735042736,0.023687423687423687,0.00805860805860806,296.31,-22.5,56.31,pink4
0.002442002442002442,0.03028083028083028,0.03833943833943834,0.020757020757020756,0.009035409035409036,288.44,-23.19,57.63,pink4
0.002686202686202686,0.030036630036630037,0.0380952380952381,0.02271062271062271,0.009768009768009768,276.75,-28.62,59.5,pink4
0.0014652014652014652,0.028815628815628817,0.05347985347985348,0.042002442002442006,0.007814407814407814,267.69,-34.0,55.75,pink4
0.006105006105006105,0.02783882783882784,0.07155067155067155,0.06031746031746032,0.005372405372405372,261.75,-36.13,51.0,pink4
0.00927960927960928,0.027106227106227107,0.08400488400488401,0.07326007326007326,0.003663003663003663,259.62,-37.44,50.19,pink4
0.011721611721611722,0.026862026862026864,0.0927960927960928,0.0822954822954823,0.002442002442002442,260.25,-37.31,50.19,pink4
0.013675213675213675,0.026617826617826617,0.09865689865689865,0.08742368742368742,0.0017094017094017094,262.62,-36.5,50.69,pink4
0.01514041514041514,0.026373626373626374,0.10207570207570207,0.08986568986568987,0.0009768009768009768,269.0,-31.19,49.06,pink4
0.01562881562881563,0.025885225885225887,0.10451770451770452,0.09010989010989011,0.0004884004884004884,280.25,-23.5,47.31,pink4
0.01611721611721612,0.025396825396825397,0.10183150183150183,0.08522588522588523,0.005616605616605617,289.0,-22.12,50.88,pink4
0.01391941391941392,0.025152625152625153,0.08913308913308914,0.07057387057387057,0.010012210012210013,295.37,-22.87,54.69,pink4
0.00927960927960928,0.025885225885225887,0.07521367521367521,0.055921855921855924,0.012942612942612943,298.5,-22.69,56.81,pink4
0.005372405372405372,0.026617826617826617,0.06373626373626373,0.04395604395604396,0.00805860805860806,299.62,-21.81,57.56,pink4
0.002442002442002442,0.027594627594627594,0.05518925518925519,0.03492063492063492,0.003418803418803419,297.69,-22.12,57.44,pink4
0.0004884004884004884,0.028083028083028084,0.0485958485958486,0.02857142857142857,0.003418803418803419,293.81,-23.06,56.56,pink4
0.0007326007326007326,0.02857142857142857,0.04395604395604396,0.024175824175824177,0.00805860805860806,288.69,-24.19,55.88,pink4
0.0014652014652014652,0.02857142857142857,0.04078144078144078,0.021245421245421246,0.011233211233211233,279.19,-27.69,57.81,pink4
0.0019536019536019536,0.028083028083028084,0.03833943833943834,0.0231990231990232,0.010012210012210013,270.31,-34.13,56.38,pink4
0.0004884004884004884,0.02612942612942613,0.05274725274725275,0.03956043956043956,0.00805860805860806,263.75,-35.38,53.19,pink4
0.008547008547008548,0.024664224664224663,0.07203907203907203,0.05372405372405373,0.006593406593406593,259.81,-33.75,48.56,pink4
0.014652014652014652,0.023687423687423687,0.08522588522588523,0.06398046398046398,0.005616605616605617,258.44,-32.31,45.31,pink4
0.019291819291819293,0.024175824175824177,0.09474969474969475,0.07081807081807082,0.004884004884004884,259.44,-30.69,43.13,pink4
0.022466422466422466,0.02442002442002442,0.10061050061050061,0.073992673992674,0.004395604395604396,261.94,-31.25,43.75,pink4
0.02442002442002442,0.024664224664224663,0.10451770451770452,0.07594627594627594,0.004151404151404151,268.87,-31.69,44.63,pink4
0.02442002442002442,0.02442002442002442,0.10695970695970695,0.0761904761904762,0.003907203907203907,279.81,-31.19,45.0,pink4
0.022954822954822957,0.024175824175824177,0.10354090354090355,0.07252747252747253,0.002442002442002442,290.12,-30.12,48.81,pink4
0.020757020757020756,0.023931623931623933,0.09230769230769231,0.06153846153846154,0.0029304029304029304,298.69,-27.81,52.25,pink4
0.01611721611721612,0.02564102564102564,0.07643467643467644,0.04981684981684982,0.00805860805860806,303.44,-25.87,53.88,pink4
0.01098901098901099,0.026617826617826617,0.06202686202686203,0.040293040293040296,0.012942612942612943,304.31,-25.0,54.13,pink4
0.006837606837606838,0.02735042735042735,0.05128205128205128,0.03223443223443224,0.01611721611721612,303.37,-24.94,54.56,pink4
0.004151404151404151,0.027594627594627594,0.04395604395604396,0.026617826617826617,0.01855921855921856,300.37,-25.12,54.13,pink4
0.002197802197802198,0.02783882783882784,0.03882783882783883,0.02271062271062271,0.020024420024420026,294.75,-25.75,53.0,pink4
0.0007326007326007326,0.027594627594627594,0.036141636141636145,0.020024420024420026,0.016605616605616606,287.5,-26.19,50.63,pink4
0.0004884004884004884,0.026862026862026864,0.035164835164835165,0.019291819291819293,0.011721611721611722,280.0,-26.81,49.5,pink4
0.001221001221001221,0.02612942612942613,0.036874236874236875,0.020024420024420026,0.008302808302808303,271.31,-28.62,48.0,pink4
0.003663003663003663,0.02490842490842491,0.04566544566544566,0.02857142857142857,0.004884004884004884,267.19,-30.37,46.44,pink4
0.005860805860805861,0.024175824175824177,0.06446886446886448,0.04884004884004884,0.001221001221001221,265.12,-30.06,45.5,pink4
0.00927960927960928,0.023687423687423687,0.07912087912087912,0.063003663003663,0.0,265.25,-29.12,44.44,pink4
0.011721611721611722,0.023443223443223443,0.08986568986568987,0.07301587301587302,0.0,267.0,-29.37,45.19,pink4
0.013431013431013432,0.0231990231990232,0.0971916971916972,0.07912087912087912,0.0009768009768009768,270.31,-30.12,46.13,pink4
0.014163614163614164,0.022954822954822957,0.10207570207570207,0.08131868131868132,0.0017094017094017094,276.87,-28.12,48.0,pink4
0.013186813186813187,0.022954822954822957,0.10402930402930403,0.07912087912087912,0.0009768009768009768,287.0,-24.44,47.06,pink4
0.010744810744810745,0.023687423687423687,0.09865689865689865,0.06886446886446887,0.0004884004884004884,294.75,-25.75,48.13,pink4
0.006105006105006105,0.02612942612942613,0.08302808302808302,0.054945054945054944,0.0002442002442002442,299.12,-26.5,49.25,pink4
0.0019536019536019536,0.028083028083028084,0.06764346764346764,0.04371184371184371,0.003663003663003663,300.44,-26.19,49.69,pink4
0.001221001221001221,0.029304029304029304,0.05616605616605617,0.03540903540903541,0.007326007326007326,299.81,-25.94,49.63,pink4
0.003418803418803419,0.030036630036630037,0.04810744810744811,0.029548229548229547,0.010012210012210013,298.12,-26.0,50.63,pink4
0.00463980463980464,0.029792429792429794,0.042735042735042736,0.025396825396825397,0.011965811965811967,293.44,-28.0,51.75,pink4
0.005372405372405372,0.029548229548229547,0.039316239316239315,0.0231990231990232,0.013186813186813187,283.81,-33.88,55.5,pink4
0.004395604395604396,0.028327228327228327,0.044444444444444446,0.026373626373626374,0.00927960927960928,273.19,-38.94,53.0,pink4
0.0014652014652014652,0.02564102564102564,0.06398046398046398,0.04468864468864469,0.006837606837606838,267.62,-38.31,49.38,pink4
0.004884004884004884,0.02197802197802198,0.07863247863247863,0.057631257631257635,0.004884004884004884,266.06,-36.81,47.75,pink4
0.009523809523809525,0.019291819291819293,0.08864468864468865,0.06666666666666667,0.003663003663003663,266.31,-36.0,47.81,pink4
0.012454212454212455,0.01733821733821734,0.09597069597069598,0.07277167277167278,0.002686202686202686,268.06,-35.44,48.44,pink4
0.014652014652014652,0.01611721611721612,0.10085470085470086,0.07692307692307693,0.0009768009768009768,274.19,-31.87,49.06,pink4
0.01514041514041514,0.01514041514041514,0.10354090354090355,0.07936507936507936,0.0004884004884004884,286.69,-26.94,48.06,pink4
0.014163614163614164,0.014896214896214897,0.10256410256410256,0.07545787545787545,0.002442002442002442,294.31,-22.69,48.56,pink4
0.011233211233211233,0.016605616605616606,0.09304029304029304,0.06324786324786325,0.003907203907203907,298.25,-22.75,50.13,pink4
0.006593406593406593,0.01978021978021978,0.0778998778998779,0.050061050061050064,0.006105006105006105,301.06,-22.94,52.06,pink4
0.002197802197802198,0.022466422466422466,0.06471306471306472,0.038583638583638585,0.011233211233211233,301.81,-23.25,52.63,pink4
0.0007326007326007326,0.02442002442002442,0.05543345543345543,0.030525030525030524,0.015873015873015872,300.06,-25.31,54.38,pink4
0.0029304029304029304,0.02564102564102564,0.04884004884004884,0.02490842490842491,0.019291819291819293,293.12,-28.69,54.06,pink4
0.003907203907203907,0.02564102564102564,0.04468864468864469,0.02271062271062271,0.02148962148962149,282.31,-34.06,57.0,pink4
0.0031746031746031746,0.022954822954822957,0.05201465201465202,0.03247863247863248,0.02197802197802198,272.87,-40.81,58.25,pink4
0.0004884004884004884,0.020512820512820513,0.0673992673992674,0.051526251526251524,0.015384615384615385,265.0,-43.25,54.81,pink4
0.006837606837606838,0.01904761904761905,0.07814407814407814,0.06495726495726496,0.010500610500610501,260.62,-42.63,53.56,pink4
0.011233211233211233,0.017826617826617826,0.08571428571428572,0.07423687423687424,0.007326007326007326,259.69,-41.94,52.5,pink4
0.014407814407814409,0.017094017094017096,0.09084249084249084,0.07936507936507936,0.004884004884004884,262.5,-41.63,50.25,pink4
0.016361416361416362,0.016605616605616606,0.0945054945054945,0.08180708180708181,0.002197802197802198,269.06,-37.63,47.63,pink4
0.017826617826617826,0.016361416361416362,0.0967032967032967,0.08156288156288156,0.0002442002442002442,280.81,-29.56,44.75,pink4
0.014652014652014652,0.016361416361416362,0.09572649572649573,0.0757020757020757,0.001221001221001221,291.69,-25.69,46.31,pink4
0.008302808302808303,0.019536019536019536,0.08302808302808302,0.06129426129426129,0.002197802197802198,299.06,-24.94,49.06,pink4
0.0031746031746031746,0.022466422466422466,0.0695970695970696,0.04884004884004884,0.0007326007326007326,302.81,-25.19,51.06,pink4
0.0002442002442002442,0.024664224664224663,0.05958485958485959,0.04004884004884005,0.003907203907203907,303.06,-24.94,51.56,pink4
0.002686202686202686,0.02612942612942613,0.052503052503052504,0.03394383394383394,0.008547008547008548,299.12,-25.94,54.63,pink4
0.004395604395604396,0.026862026862026864,0.047619047619047616,0.029792429792429794,0.011721611721611722,288.25,-30.06,57.81,pink4
0.004884004884004884,0.026862026862026864,0.04810744810744811,0.03223443223443224,0.01391941391941392,276.25,-36.94,60.25,pink4
0.0017094017094017094,0.025152625152625153,0.06373626373626373,0.051770451770451774,0.009523809523809525,267.87,-39.44,57.19,pink4
0.007081807081807082,0.022954822954822957,0.0778998778998779,0.06544566544566545,0.006593406593406593,261.37,-39.94,52.63,pink4
0.01611721611721612,0.021245421245421246,0.08766788766788766,0.07496947496947497,0.00463980463980464,257.87,-40.19,49.56,pink4
0.02271062271062271,0.020024420024420026,0.09499389499389499,0.08034188034188035,0.0031746031746031746,259.19,-40.38,49.88,pink4
0.027106227106227107,0.019291819291819293,0.09963369963369964,0.08302808302808302,0.0019536019536019536,270.94,-33.38,48.56,pink4
0.02905982905982906,0.018803418803418803,0.10256410256410256,0.0844932844932845,0.001221001221001221,287.81,-23.19,46.5,pink4
0.020512820512820513,0.02026862026862027,0.0989010989010989,0.07716727716727717,0.0014652014652014652,297.44,-22.06,49.75,pink4
0.011721611721611722,0.02271062271062271,0.08278388278388278,0.06251526251526252,0.004884004884004884,303.44,-21.81,52.56,pink4
0.005616605616605617,0.02442002442002442,0.06813186813186813,0.05103785103785104,0.00805860805860806,305.75,-22.19,55.56,pink4
0.0014652014652014652,0.02564102564102564,0.05811965811965812,0.04322344322344322,0.010500610500610501,304.44,-23.12,57.06,pink4
0.0007326007326007326,0.02612942612942613,0.05103785103785104,0.037606837606837605,0.01221001221001221,297.31,-26.44,58.63,pink4
0.0017094017094017094,0.02612942612942613,0.04664224664224664,0.0336996336996337,0.013186813186813187,285.37,-30.0,57.56,pink4
0.0017094017094017094,0.02490842490842491,0.04737484737484737,0.03467643467643468,0.014163614163614164,271.12,-36.38,57.81,pink4
0.0002442002442002442,0.023443223443223443,0.0547008547008547,0.043467643467643466,0.010012210012210013,262.5,-40.69,54.06,pink4
0.0029304029304029304,0.022466422466422466,0.07228327228327229,0.059096459096459095,0.007326007326007326,258.0,-39.81,49.75,pink4
0.011965811965811967,0.021733821733821733,0.08644688644688645,0.06984126984126984,0.005128205128205128,256.87,-39.31,49.0,pink4
0.01855921855921856,0.02197802197802198,0.09645909645909646,0.07765567765567766,0.003663003663003663,257.69,-38.75,49.31,pink4
0.022954822954822957,0.022222222222222223,0.10329670329670329,0.08180708180708181,0.0017094017094017094,263.87,-36.94,52.06,pink4
0.025885225885225887,0.022222222222222223,0.10818070818070818,0.08424908424908426,0.0,277.56,-26.31,46.75,pink4
0.024175824175824177,0.02271062271062271,0.10695970695970695,0.08034188034188035,0.009035409035409036,287.12,-24.12,50.19,pink4
0.017826617826617826,0.02490842490842491,0.09255189255189256,0.06568986568986569,0.01562881562881563,294.5,-23.06,52.94,pink4
0.01221001221001221,0.026617826617826617,0.07838827838827839,0.05372405372405373,0.020024420024420026,299.12,-22.19,54.38,pink4
0.00805860805860806,0.027594627594627594,0.06666666666666667,0.045177045177045176,0.016361416361416362,302.06,-21.69,55.19,pink4
0.005128205128205128,0.028327228327228327,0.05714285714285714,0.03907203907203907,0.011233211233211233,302.31,-22.0,55.94,pink4
0.0029304029304029304,0.028815628815628817,0.05030525030525031,0.03467643467643468,0.006593406593406593,297.5,-25.19,56.81,pink4
0.0019536019536019536,0.02905982905982906,0.04566544566544566,0.031746031746031744,0.002197802197802198,286.81,-30.94,57.06,pink4
0.001221001221001221,0.028083028083028084,0.0442002442002442,0.031746031746031744,0.0009768009768009768,272.5,-37.19,57.56,pink4
0.003907203907203907,0.02564102564102564,0.05616605616605617,0.044444444444444446,0.0019536019536019536,262.56,-39.56,52.94,pink4
0.009035409035409036,0.0231990231990232,0.07423687423687424,0.05885225885225885,0.002686202686202686,256.19,-39.19,49.0,pink4
0.017094017094017096,0.02148962148962149,0.08693528693528693,0.06862026862026863,0.0031746031746031746,254.37,-38.94,48.06,pink4
0.02271062271062271,0.02026862026862027,0.09572649572649573,0.0757020757020757,0.002442002442002442,256.69,-38.88,48.19,pink4
0.026617826617826617,0.01978021978021978,0.1010989010989011,0.0796092796092796,0.0019536019536019536,264.31,-39.19,50.0,pink4
0.029548229548229547,0.019291819291819293,0.10451770451770452,0.08107448107448108,0.0014652014652014652,281.87,-26.94,44.94,pink4
0.029304029304029304,0.019291819291819293,0.10573870573870574,0.07936507936507936,0.0,0.0,0.0,0.0,pink4
0.021001221001221003,0.02271062271062271,0.09181929181929183,0.06422466422466422,0.0009768009768009768,0.0,0.0,0.0,pink4
0.012942612942612943,0.025152625152625153,0.07594627594627594,0.05054945054945055,0.0017094017094017094,0.0,0.0,0.0,pink4
0.007081807081807082,0.026617826617826617,0.063003663003663,0.041025641025641026,0.002442002442002442,0.0,0.0,0.0,pink4
0.0029304029304029304,0.02783882783882784,0.05396825396825397,0.034432234432234435,0.0031746031746031746,0.0,0.0,0.0,pink4
0.001221001221001221,0.028083028083028084,0.047619047619047616,0.03076923076923077,0.007081807081807082,0.0,0.0,0.0,pink4
0.0019536019536019536,0.027106227106227107,0.04932844932844933,0.03247863247863248,0.009768009768009768,0.0,0.0,0.0,pink4
0.007326007326007326,0.025396825396825397,0.06715506715506715,0.051770451770451774,0.008302808302808303,0.0,0.0,0.0,pink4
0.016361416361416362,0.0231990231990232,0.08107448107448108,0.06568986568986569,0.007081807081807082,0.0,0.0,0.0,pink4
0.024664224664224663,0.02148962148962149,0.0905982905982906,0.07545787545787545,0.006349206349206349,0.0,0.0,0.0,pink4
0.03028083028083028,0.02026862026862027,0.09768009768009768,0.0822954822954823,0.005616605616605617,0.0,0.0,0.0,pink4
0.034432234432234435,0.019536019536019536,0.10231990231990232,0.08595848595848596,0.005372405372405372,0.0,0.0,0.0,pink4
0.03565323565323565,0.019291819291819293,0.10525030525030525,0.08815628815628816,0.003907203907203907,0.0,0.0,0.0,pink4
0.031013431013431014,0.020024420024420026,0.10305250305250305,0.08278388278388278,0.002686202686202686,0.0,0.0,0.0,pink4
0.021245421245421246,0.022954822954822957,0.08864468864468865,0.06691086691086691,0.0009768009768009768,0.0,0.0,0.0,pink4
0.013675213675213675,0.02490842490842491,0.07472527472527472,0.054212454212454214,0.0004884004884004884,0.0,0.0,0.0,pink4
0.008547008547008548,0.026373626373626374,0.06373626373626373,0.04468864468864469,0.003663003663003663,0.0,0.0,0.0,pink4
0.004884004884004884,0.027594627594627594,0.05543345543345543,0.0380952380952381,0.005860805860805861,0.0,0.0,0.0,pink4
0.002197802197802198,0.028327228327228327,0.04981684981684982,0.033455433455433455,0.009768009768009768,0.0,0.0,0.0,pink4
0.0014652014652014652,0.028327228327228327,0.04590964590964591,0.03028083028083028,0.012698412698412698,0.0,0.0,0.0,pink4
0.0031746031746031746,0.02735042735042735,0.04908424908424908,0.03223443223443224,0.014407814407814409,0.0,0.0,0.0,pink4
0.009523809523809525,0.023931623931623933,0.06495726495726496,0.04810744810744811,0.011233211233211233,0.0,0.0,0.0,pink4
0.022466422466422466,0.01904761904761905,0.0796092796092796,0.05934065934065934,0.008791208791208791,0.0,0.0,0.0,pink4
0.032722832722832725,0.015384615384615385,0.09010989010989011,0.06691086691086691,0.006105006105006105,0.0,0.0,0.0,pink4
0.0398046398046398,0.012942612942612943,0.09743589743589744,0.0713064713064713,0.004151404151404151,0.0,0.0,0.0,pink4
0.04468864468864469,0.011233211233211233,0.10231990231990232,0.07326007326007326,0.002686202686202686,0.0,0.0,0.0,pink4
0.04249084249084249,0.010500610500610501,0.10256410256410256,0.07179487179487179,0.0017094017094017094,0.0,0.0,0.0,pink4
0.035164835164835165,0.011965811965811967,0.09377289377289377,0.06251526251526252,0.003663003663003663,0.0,0.0,0.0,pink4
0.02612942612942613,0.01562881562881563,0.07863247863247863,0.051770451770451774,0.007326007326007326,0.0,0.0,0.0,pink4
0.019291819291819293,0.018803418803418803,0.06446886446886448,0.04322344322344322,0.01098901098901099,0.0,0.0,0.0,pink4
0.014652014652014652,0.021001221001221003,0.054212454212454214,0.036874236874236875,0.014896214896214897,0.0,0.0,0.0,pink4
0.011233211233211233,0.022466422466422466,0.046886446886446886,0.03223443223443224,0.017582417582417582,0.0,0.0,0.0,pink4
0.009523809523809525,0.0231990231990232,0.041758241758241756,0.02905982905982906,0.019536019536019536,0.0,0.0,0.0,pink4
0.011477411477411478,0.02026862026862027,0.04810744810744811,0.03296703296703297,0.01733821733821734,0.0,0.0,0.0,pink4
0.014652014652014652,0.012454212454212455,0.06349206349206349,0.04590964590964591,0.013431013431013432,0.0,0.0,0.0,pink4
0.018315018315018316,0.002442002442002442,0.07765567765567766,0.054945054945054944,0.010744810744810745,0.0,0.0,0.0,pink4
0.021245421245421246,0.007814407814407814,0.08766788766788766,0.06129426129426129,0.008791208791208791,0.0,0.0,0.0,pink4
0.0231990231990232,0.016605616605616606,0.09474969474969475,0.06544566544566545,0.007326007326007326,0.0,0.0,0.0,pink4
0.024664224664224663,0.02271062271062271,0.09963369963369964,0.06642246642246642,0.006349206349206349,0.0,0.0,0.0,pink4
0.025396825396825397,0.026862026862026864,0.10158730158730159,0.06495726495726496,0.005860805860805861,0.0,0.0,0.0,pink4
0.02490842490842491,0.029304029304029304,0.0989010989010989,0.061782661782661785,0.004151404151404151,0.0,0.0,0.0,pink4
0.021245421245421246,0.028327228327228327,0.09157509157509157,0.054945054945054944,0.0031746031746031746,0.0,0.0,0.0,pink4
0.018070818070818073,0.023931623931623933,0.08180708180708181,0.0463980463980464,0.001221001221001221,0.0,0.0,0.0,pink4
0.015873015873015872,0.020757020757020756,0.07301587301587302,0.03956043956043956,0.0002442002442002442,0.0,0.0,0.0,pink4
0.014407814407814409,0.018803418803418803,0.06642246642246642,0.034432234432234435,0.002442002442002442,0.0,0.0,0.0,pink4
0.013186813186813187,0.016361416361416362,0.06202686202686203,0.03076923076923077,0.005128205128205128,0.0,0.0,0.0,pink4
0.012698412698412698,0.01562881562881563,0.05885225885225885,0.02857142857142857,0.00805860805860806,0.0,0.0,0.0,pink4
0.012454212454212455,0.01562881562881563,0.057631257631257635,0.027106227106227107,0.011477411477411478,0.0,0.0,0.0,pink4
0.012942612942612943,0.01562881562881563,0.057631257631257635,0.027106227106227107,0.015873015873015872,0.0,0.0,0.0,pink4
0.014407814407814409,0.01733821733821734,0.05811965811965812,0.027106227106227107,0.019291819291819293,0.0,0.0,0.0,pink4
0.015384615384615385,0.019291819291819293,0.05860805860805861,0.02735042735042735,0.02148962148962149,0.0,0.0,0.0,pink4
0.01611721611721612,0.020757020757020756,0.05934065934065934,0.027594627594627594,0.02197802197802198,0.0,0.0,0.0,pink4
0.016605616605616606,0.022222222222222223,0.05982905982905983,0.028083028083028084,0.022222222222222223,0.0,0.0,0.0,pink4
0.01684981684981685,0.022954822954822957,0.06031746031746032,0.028327228327228327,0.022466422466422466,0.0,0.0,0.0,pink4
0.01733821733821734,0.023687423687423687,0.06056166056166056,0.02857142857142857,0.02490842490842491,0.0,0.0,0.0,pink4
0.01733821733821734,0.023931623931623933,0.060805860805860805,0.028327228327228327,0.026617826617826617,0.0,0.0,0.0,pink4
0.017582417582417582,0.024175824175824177,0.06105006105006105,0.028327228327228327,0.02783882783882784,0.0,0.0,0.0,pink4
0.01733821733821734,0.024175824175824177,0.06105006105006105,0.028327228327228327,0.027594627594627594,0.0,0.0,0.0,pink4
0.01733821733821734,0.024175824175824177,0.060805860805860805,0.028327228327228327,0.023931623931623933,0.0,0.0,0.0,pink4
0.01733821733821734,0.024175824175824177,0.06056166056166056,0.028327228327228327,0.017826617826617826,0.0,0.0,0.0,pink4
0.017094017094017096,0.024175824175824177,0.06031746031746032,0.028327228327228327,0.013431013431013432,0.0,0.0,0.0,pink4
0.01684981684981685,0.023931623931623933,0.05982905982905983,0.028327228327228327,0.00927960927960928,0.0,0.0,0.0,pink4
0.016361416361416362,0.023931623931623933,0.05958485958485959,0.028327228327228327,0.005128205128205128,0.0,0.0,0.0,pink4
0.015873015873015872,0.023687423687423687,0.05934065934065934,0.028327228327228327,0.002442002442002442,0.0,0.0,0.0,pink4
0.015873015873015872,0.023687423687423687,0.05934065934065934,0.028327228327228327,0.0004884004884004884,0.0,0.0,0.0,pink4
0.01562881562881563,0.023443223443223443,0.05958485958485959,0.028083028083028084,0.001221001221001221,0.0,0.0,0.0,pink4
0.01562881562881563,0.022954822954822957,0.05958485958485959,0.028083028083028084,0.0019536019536019536,0.0,0.0,0.0,pink4
0.015384615384615385,0.02271062271062271,0.05958485958485959,0.02783882783882784,0.002442002442002442,0.0,0.0,0.0,pink4
0.01514041514041514,0.022466422466422466,0.05982905982905983,0.02783882783882784,0.003907203907203907,0.0,0.0,0.0,pink4
0.014896214896214897,0.022222222222222223,0.05982905982905983,0.027594627594627594,0.004884004884004884,0.0,0.0,0.0,pink4
0.01391941391941392,0.02197802197802198,0.05982905982905983,0.02735042735042735,0.005616605616605617,0.0,0.0,0.0,pink4
0.013431013431013432,0.021245421245421246,0.05811965811965812,0.026862026862026864,0.003663003663003663,0.0,0.0,0.0,pink4
0.011965811965811967,0.02026862026862027,0.055921855921855924,0.026373626373626374,0.001221001221001221,0.0,0.0,0.0,pink4
0.01098901098901099,0.019291819291819293,0.05396825396825397,0.025885225885225887,0.0014652014652014652,0.0,0.0,0.0,pink4
0.009523809523809525,0.01855921855921856,0.052503052503052504,0.02564102564102564,0.003418803418803419,0.0,0.0,0.0,pink4
0.00805860805860806,0.018070818070818073,0.05128205128205128,0.025152625152625153,0.006105006105006105,0.0,0.0,0.0,pink4
0.006837606837606838,0.017826617826617826,0.05054945054945055,0.02490842490842491,0.007814407814407814,0.0,0.0,0.0,pink4
0.005860805860805861,0.017582417582417582,0.04957264957264957,0.024175824175824177,0.009035409035409036,0.0,0.0,0.0,pink4
0.005372405372405372,0.01733821733821734,0.04810744810744811,0.02271062271062271,0.006593406593406593,0.0,0.0,0.0,pink4
0.00463980463980464,0.01391941391941392,0.04713064713064713,0.02148962148962149,0.003663003663003663,0.0,0.0,0.0,pink4
0.004395604395604396,0.010500610500610501,0.0463980463980464,0.020757020757020756,0.0014652014652014652,0.0,0.0,0.0,pink4
0.004151404151404151,0.007814407814407814,0.04590964590964591,0.020757020757020756,0.0,0.0,0.0,0.0,pink4
0.003907203907203907,0.005616605616605617,0.04713064713064713,0.021245421245421246,0.0009768009768009768,0.0,0.0,0.0,pink4
0.003663003663003663,0.004151404151404151,0.04908424908424908,0.021733821733821733,0.0017094017094017094,0.0,0.0,0.0,pink4
0.003418803418803419,0.002686202686202686,0.05103785103785104,0.021733821733821733,0.002197802197802198,0.0,0.0,0.0,pink4
0.0029304029304029304,0.0009768009768009768,0.05274725274725275,0.02197802197802198,0.002442002442002442,0.0,0.0,0.0,pink4
0.002686202686202686,0.0004884004884004884,0.054212454212454214,0.02197802197802198,0.002686202686202686,0.0,0.0,0.0,pink4
0.002442002442002442,0.0014652014652014652,0.05543345543345543,0.022222222222222223,0.0029304029304029304,0.0,0.0,0.0,pink4
0.002442002442002442,0.002197802197802198,0.05641025641025641,0.022222222222222223,0.004395604395604396,0.0,0.0,0.0,pink4
0.002686202686202686,0.002442002442002442,0.05714285714285714,0.022222222222222223,0.006349206349206349,0.0,0.0,0.0,pink4
0.0029304029304029304,0.002686202686202686,0.057631257631257635,0.022222222222222223,0.007814407814407814,0.0,0.0,0.0,pink4
0.0029304029304029304,0.0029304029304029304,0.05787545787545788,0.022222222222222223,0.008791208791208791,0.0,0.0,0.0,pink4
0.0029304029304029304,0.002686202686202686,0.0568986568986569,0.022222222222222223,0.009523809523809525,0.0,0.0,0.0,pink4
0.002686202686202686,0.002442002442002442,0.05567765567765568,0.022222222222222223,0.010012210012210013,0.0,0.0,0.0,pink4
0.002686202686202686,0.002686202686202686,0.0547008547008547,0.022222222222222223,0.010256410256410256,0.0,0.0,0.0,pink4
0.002442002442002442,0.0029304029304029304,0.054212454212454214,0.022222222222222223,0.010500610500610501,0.0,0.0,0.0,pink4
0.002442002442002442,0.0031746031746031746,0.05372405372405373,0.022222222222222223,0.010744810744810745,0.0,0.0,0.0,pink4
0.002686202686202686,0.003663003663003663,0.054212454212454214,0.02197802197802198,0.010744810744810745,0.0,0.0,0.0,pink4
0.0029304029304029304,0.004151404151404151,0.054212454212454214,0.02197802197802198,0.01098901098901099,0.0,0.0,0.0,pink4
0.0031746031746031746,0.004395604395604396,0.05445665445665446,0.02197802197802198,0.01098901098901099,0.0,0.0,0.0,pink4
0.003418803418803419,0.004395604395604396,0.054945054945054944,0.02197802197802198,0.01098901098901099,0.0,0.0,0.0,pink4
0.003907203907203907,0.0017094017094017094,0.05543345543345543,0.022222222222222223,0.01098901098901099,0.0,0.0,0.0,pink4
0.004395604395604396,0.0,0.05616605616605617,0.02271062271062271,0.01098901098901099,0.0,0.0,0.0,pink4
0.00463980463980464,0.0014652014652014652,0.056654456654456654,0.022954822954822957,0.01098901098901099,0.0,0.0,0.0,pink4
0.004884004884004884,0.0009768009768009768,0.05714285714285714,0.0231990231990232,0.01098901098901099,0.0,0.0,0.0,pink4
0.004884004884004884,0.0,0.056654456654456654,0.0231990231990232,0.010012210012210013,0.0,0.0,0.0,pink4
0.004884004884004884,0.0004884004884004884,0.05567765567765568,0.0231990231990232,0.00927960927960928,0.0,0.0,0.0,pink4
0.004884004884004884,0.0009768009768009768,0.05445665445665446,0.022954822954822957,0.008791208791208791,0.0,0.0,0.0,pink4
0.00463980463980464,0.001221001221001221,0.05372405372405373,0.022954822954822957,0.008302808302808303,0.0,0.0,0.0,pink4
0.004884004884004884,0.008547008547008548,0.053235653235653234,0.022954822954822957,0.00805860805860806,0.0,0.0,0.0,pink4
0.005128205128205128,0.01562881562881563,0.052503052503052504,0.022954822954822957,0.007814407814407814,0.0,0.0,0.0,pink4
0.005128205128205128,0.02026862026862027,0.05225885225885226,0.022466422466422466,0.00757020757020757,0.0,0.0,0.0,pink4
0.005372405372405372,0.022466422466422466,0.05128205128205128,0.02197802197802198,0.00757020757020757,0.0,0.0,0.0,pink4
0.005372405372405372,0.0231990231990232,0.050061050061050064,0.02148962148962149,0.007326007326007326,0.0,0.0,0.0,pink4
0.005372405372405372,0.023931623931623933,0.04908424908424908,0.021001221001221003,0.007326007326007326,0.0,0.0,0.0,pink4
0.005372405372405372,0.024175824175824177,0.04835164835164835,0.020757020757020756,0.007326007326007326,0.0,0.0,0.0,pink4
