flex1,flex2,flex3,flex4,flex5,imu_x,imu_y,imu_z,SIGN
0.005860805860805861,0.022466422466422466,0.02490842490842491,0.023931623931623933,0.003418803418803419,29.81,-51.25,39.88,xinchao0
0.005860805860805861,0.02271062271062271,0.02490842490842491,0.023443223443223443,0.002686202686202686,29.37,-51.75,40.13,xinchao0
0.005616605616605617,0.02271062271062271,0.024664224664224663,0.022954822954822957,0.001221001221001221,29.44,-52.13,40.38,xinchao0
0.005616605616605617,0.02271062271062271,0.02442002442002442,0.022222222222222223,0.0,29.81,-52.25,40.5,xinchao0
0.005372405372405372,0.02271062271062271,0.024175824175824177,0.02148962148962149,0.0007326007326007326,30.12,-52.38,40.63,xinchao0
0.005372405372405372,0.02271062271062271,0.024175824175824177,0.021001221001221003,0.001221001221001221,30.31,-52.5,40.69,xinchao0
0.005372405372405372,0.02271062271062271,0.024175824175824177,0.020757020757020756,0.0004884004884004884,30.31,-52.69,40.75,xinchao0
0.005372405372405372,0.02271062271062271,0.02442002442002442,0.020512820512820513,0.0,30.19,-52.75,40.63,xinchao0
0.005372405372405372,0.02271062271062271,0.02442002442002442,0.02026862026862027,0.0004884004884004884,30.19,-52.63,40.5,xinchao0
0.005372405372405372,0.02271062271062271,0.02442002442002442,0.02026862026862027,0.0007326007326007326,30.19,-52.56,40.31,xinchao0
0.005372405372405372,0.02271062271062271,0.024664224664224663,0.020024420024420026,0.0009768009768009768,30.31,-52.69,40.44,xinchao0
0.005372405372405372,0.02271062271062271,0.024664224664224663,0.020024420024420026,0.0009768009768009768,30.5,-52.75,40.81,xinchao0
0.005372405372405372,0.02271062271062271,0.024664224664224663,0.020024420024420026,0.001221001221001221,30.81,-52.69,41.19,xinchao0
0.005128205128205128,0.02271062271062271,0.02442002442002442,0.020024420024420026,0.001221001221001221,30.81,-52.69,41.13,xinchao0
0.005128205128205128,0.02271062271062271,0.02442002442002442,0.01978021978021978,0.0,30.25,-52.69,40.75,xinchao0
0.004884004884004884,0.02271062271062271,0.024175824175824177,0.01978021978021978,0.0007326007326007326,27.94,-53.44,35.69,xinchao0
0.004884004884004884,0.02271062271062271,0.024175824175824177,0.01978021978021978,0.0014652014652014652,19.56,-50.75,17.5,xinchao0
0.00463980463980464,0.022466422466422466,0.024175824175824177,0.019536019536019536,0.0017094017094017094,11.0,-42.69,4.94,xinchao0
0.004884004884004884,0.02197802197802198,0.024175824175824177,0.01904761904761905,0.002197802197802198,12.13,-44.88,5.19,xinchao0
0.005372405372405372,0.021733821733821733,0.023687423687423687,0.018315018315018316,0.002442002442002442,21.94,-55.44,24.62,xinchao0
0.005616605616605617,0.021245421245421246,0.023443223443223443,0.017582417582417582,0.002442002442002442,36.81,-57.81,63.44,xinchao0
0.005860805860805861,0.021001221001221003,0.0231990231990232,0.017094017094017096,0.002686202686202686,43.88,-55.0,74.75,xinchao0
0.005860805860805861,0.020757020757020756,0.0231990231990232,0.016605616605616606,0.002686202686202686,34.31,-57.63,57.19,xinchao0
0.005616605616605617,0.020757020757020756,0.022954822954822957,0.016361416361416362,0.002686202686202686,17.31,-53.06,25.56,xinchao0
0.005616605616605617,0.020512820512820513,0.022954822954822957,0.01611721611721612,0.002686202686202686,7.5,-41.19,9.25,xinchao0
0.005860805860805861,0.020512820512820513,0.02271062271062271,0.01562881562881563,0.0014652014652014652,7.62,-41.75,8.38,xinchao0
0.006105006105006105,0.02026862026862027,0.02271062271062271,0.014896214896214897,0.0007326007326007326,16.5,-52.81,24.06,xinchao0
0.006349206349206349,0.020024420024420026,0.02271062271062271,0.014163614163614164,0.0,28.81,-55.81,58.38,xinchao0
0.006349206349206349,0.020024420024420026,0.02271062271062271,0.01391941391941392,0.0002442002442002442,39.13,-51.63,77.19,xinchao0
0.006105006105006105,0.01978021978021978,0.02271062271062271,0.013675213675213675,0.0017094017094017094,39.13,-50.0,75.62,xinchao0
0.005616605616605617,0.01978021978021978,0.02271062271062271,0.013431013431013432,0.002686202686202686,29.12,-52.5,57.0,xinchao0
0.005128205128205128,0.01978021978021978,0.02271062271062271,0.013431013431013432,0.003418803418803419,15.63,-49.56,25.75,xinchao0
0.004884004884004884,0.01978021978021978,0.02271062271062271,0.013186813186813187,0.002686202686202686,7.69,-37.25,10.75,xinchao0
0.004884004884004884,0.019536019536019536,0.02271062271062271,0.012942612942612943,0.001221001221001221,6.37,-33.44,7.69,xinchao0
0.005128205128205128,0.019291819291819293,0.02271062271062271,0.012942612942612943,0.0,11.38,-42.13,15.25,xinchao0
0.005128205128205128,0.019291819291819293,0.022954822954822957,0.012698412698412698,0.0007326007326007326,23.31,-52.13,38.06,xinchao0
0.005128205128205128,0.01904761904761905,0.0231990231990232,0.012698412698412698,0.0014652014652014652,37.88,-50.06,67.94,xinchao0
0.005128205128205128,0.01904761904761905,0.0231990231990232,0.012454212454212455,0.0017094017094017094,49.25,-43.25,81.87,xinchao0
0.004884004884004884,0.01904761904761905,0.0231990231990232,0.012454212454212455,0.0019536019536019536,47.25,-44.31,77.44,xinchao0
0.004395604395604396,0.01904761904761905,0.0231990231990232,0.01221001221001221,0.002197802197802198,32.44,-51.31,54.44,xinchao0
0.004151404151404151,0.01904761904761905,0.022954822954822957,0.011965811965811967,0.002197802197802198,16.25,-49.75,20.81,xinchao0
0.003907203907203907,0.01904761904761905,0.022466422466422466,0.011965811965811967,0.002442002442002442,7.56,-38.94,3.94,xinchao0
0.003907203907203907,0.018803418803418803,0.022466422466422466,0.011721611721611722,0.002442002442002442,7.81,-36.44,1.94,xinchao0
0.004395604395604396,0.01855921855921856,0.022466422466422466,0.011477411477411478,0.002442002442002442,14.94,-46.88,14.81,xinchao0
0.00463980463980464,0.018315018315018316,0.022466422466422466,0.011233211233211233,0.002442002442002442,25.94,-54.13,39.75,xinchao0
0.004884004884004884,0.018070818070818073,0.022466422466422466,0.01098901098901099,0.0014652014652014652,38.38,-50.38,68.69,xinchao0
0.004884004884004884,0.018070818070818073,0.02271062271062271,0.010744810744810745,0.0004884004884004884,45.69,-44.5,78.31,xinchao0
0.004884004884004884,0.017826617826617826,0.02271062271062271,0.010744810744810745,0.0,39.25,-47.88,70.31,xinchao0
0.004395604395604396,0.017826617826617826,0.022466422466422466,0.010500610500610501,0.0014652014652014652,29.62,-52.25,52.44,xinchao0
0.004151404151404151,0.017826617826617826,0.022466422466422466,0.010256410256410256,0.002686202686202686,26.25,-53.63,50.88,xinchao0
0.003907203907203907,0.017826617826617826,0.022222222222222223,0.010256410256410256,0.003418803418803419,22.44,-52.94,45.44,xinchao0
0.003663003663003663,0.017826617826617826,0.021733821733821733,0.010012210012210013,0.003907203907203907,11.56,-46.25,21.81,xinchao0
0.003663003663003663,0.017582417582417582,0.021733821733821733,0.010012210012210013,0.0031746031746031746,4.69,-37.06,8.5,xinchao0
0.003907203907203907,0.01733821733821734,0.02148962148962149,0.009768009768009768,0.002442002442002442,7.44,-39.75,10.75,xinchao0
0.003907203907203907,0.017094017094017096,0.02148962148962149,0.009768009768009768,0.002197802197802198,17.5,-51.5,31.94,xinchao0
0.004151404151404151,0.017094017094017096,0.02148962148962149,0.009523809523809525,0.0007326007326007326,33.88,-53.13,68.31,xinchao0
0.004151404151404151,0.01684981684981685,0.021733821733821733,0.009523809523809525,0.0002442002442002442,45.25,-47.31,83.87,xinchao0
0.003907203907203907,0.01684981684981685,0.021733821733821733,0.009523809523809525,0.0009768009768009768,41.25,-50.38,74.87,xinchao0
0.003418803418803419,0.01684981684981685,0.021733821733821733,0.00927960927960928,0.0014652014652014652,25.94,-54.19,44.69,xinchao0
0.0031746031746031746,0.01684981684981685,0.021733821733821733,0.00927960927960928,0.0019536019536019536,12.94,-46.31,16.5,xinchao0
0.0029304029304029304,0.01684981684981685,0.021733821733821733,0.00927960927960928,0.0019536019536019536,7.25,-38.25,7.94,xinchao0
0.0031746031746031746,0.01684981684981685,0.02197802197802198,0.009035409035409036,0.002197802197802198,11.13,-44.81,16.31,xinchao0
0.003418803418803419,0.01684981684981685,0.022222222222222223,0.009035409035409036,0.002442002442002442,23.0,-54.0,43.75,xinchao0
0.003663003663003663,0.01684981684981685,0.022466422466422466,0.008791208791208791,0.002442002442002442,34.06,-52.19,68.75,xinchao0
0.003907203907203907,0.017094017094017096,0.02271062271062271,0.008791208791208791,0.001221001221001221,43.13,-47.0,79.5,xinchao0
0.003907203907203907,0.01733821733821734,0.022954822954822957,0.009035409035409036,0.0004884004884004884,39.38,-48.31,71.87,xinchao0
0.003907203907203907,0.017826617826617826,0.0231990231990232,0.009035409035409036,0.0,25.06,-51.88,45.25,xinchao0
0.003663003663003663,0.017826617826617826,0.0231990231990232,0.00927960927960928,0.0004884004884004884,12.63,-47.25,19.62,xinchao0
0.003663003663003663,0.018070818070818073,0.0231990231990232,0.00927960927960928,0.0007326007326007326,4.75,-38.56,6.94,xinchao0
0.003907203907203907,0.018070818070818073,0.0231990231990232,0.009523809523809525,0.0009768009768009768,6.37,-40.06,9.81,xinchao0
0.004395604395604396,0.018070818070818073,0.0231990231990232,0.009523809523809525,0.0009768009768009768,15.94,-50.0,28.0,xinchao0
0.00463980463980464,0.017826617826617826,0.0231990231990232,0.009523809523809525,0.0009768009768009768,28.87,-54.5,60.5,xinchao0
0.00463980463980464,0.017582417582417582,0.022954822954822957,0.009523809523809525,0.0,40.94,-49.44,79.12,xinchao0
0.00463980463980464,0.01733821733821734,0.022222222222222223,0.009523809523809525,0.0007326007326007326,42.13,-49.13,78.37,xinchao0
0.004151404151404151,0.017094017094017096,0.021733821733821733,0.00927960927960928,0.0014652014652014652,29.75,-54.75,57.25,xinchao0
0.003907203907203907,0.01684981684981685,0.02148962148962149,0.00927960927960928,0.0017094017094017094,15.5,-53.0,27.81,xinchao0
0.003663003663003663,0.01684981684981685,0.021245421245421246,0.00927960927960928,0.002197802197802198,5.69,-43.0,9.63,xinchao0
0.003663003663003663,0.016605616605616606,0.021245421245421246,0.00927960927960928,0.002442002442002442,4.87,-41.0,8.06,xinchao0
0.003907203907203907,0.016361416361416362,0.02148962148962149,0.00927960927960928,0.002442002442002442,12.5,-49.81,23.12,xinchao0
0.004395604395604396,0.016361416361416362,0.022222222222222223,0.00927960927960928,0.001221001221001221,24.62,-54.38,48.63,xinchao0
0.00463980463980464,0.01611721611721612,0.02271062271062271,0.00927960927960928,0.0004884004884004884,37.94,-50.06,72.06,xinchao0
0.004884004884004884,0.01611721611721612,0.0231990231990232,0.009523809523809525,0.0,43.56,-46.38,76.75,xinchao0
0.004884004884004884,0.01611721611721612,0.023443223443223443,0.009523809523809525,0.0004884004884004884,36.19,-50.13,66.87,xinchao0
0.00463980463980464,0.016361416361416362,0.023687423687423687,0.009768009768009768,0.0007326007326007326,22.75,-53.75,40.88,xinchao0
0.004395604395604396,0.016361416361416362,0.023931623931623933,0.009768009768009768,0.0007326007326007326,10.81,-47.5,17.31,xinchao0
0.004395604395604396,0.016361416361416362,0.023931623931623933,0.009768009768009768,0.0009768009768009768,6.56,-42.69,10.06,xinchao0
0.004395604395604396,0.016361416361416362,0.024175824175824177,0.009768009768009768,0.0009768009768009768,11.69,-48.44,23.56,xinchao0
0.00463980463980464,0.016361416361416362,0.02442002442002442,0.009768009768009768,0.0009768009768009768,24.75,-52.38,54.13,xinchao0
0.00463980463980464,0.016361416361416362,0.024664224664224663,0.009768009768009768,0.001221001221001221,38.94,-47.0,74.62,xinchao0
0.00463980463980464,0.016361416361416362,0.02490842490842491,0.009768009768009768,0.001221001221001221,46.94,-41.81,81.5,xinchao0
0.004151404151404151,0.016605616605616606,0.025152625152625153,0.009768009768009768,0.001221001221001221,39.25,-46.81,73.31,xinchao0
0.003907203907203907,0.01684981684981685,0.025152625152625153,0.010012210012210013,0.001221001221001221,23.81,-52.88,48.88,xinchao0
0.003418803418803419,0.01684981684981685,0.025152625152625153,0.010012210012210013,0.0,11.94,-48.19,24.0,xinchao0
0.003418803418803419,0.017094017094017096,0.025152625152625153,0.010012210012210013,0.0007326007326007326,6.94,-41.44,12.25,xinchao0
0.003418803418803419,0.017094017094017096,0.025152625152625153,0.010012210012210013,0.0014652014652014652,11.63,-47.75,23.19,xinchao0
0.003663003663003663,0.016605616605616606,0.025396825396825397,0.010012210012210013,0.0017094017094017094,26.31,-53.19,54.44,xinchao0
0.003663003663003663,0.016361416361416362,0.02564102564102564,0.010012210012210013,0.0009768009768009768,43.06,-45.94,79.31,xinchao0
0.003907203907203907,0.016361416361416362,0.025885225885225887,0.010012210012210013,0.0002442002442002442,54.88,-38.38,86.06,xinchao0
0.003663003663003663,0.016361416361416362,0.025885225885225887,0.010012210012210013,0.0002442002442002442,47.81,-43.56,77.25,xinchao0
0.003418803418803419,0.016361416361416362,0.02612942612942613,0.010012210012210013,0.0004884004884004884,31.87,-52.5,55.38,xinchao0
0.0031746031746031746,0.016361416361416362,0.02612942612942613,0.010012210012210013,0.0007326007326007326,16.31,-51.38,24.75,xinchao0
0.0031746031746031746,0.016361416361416362,0.02612942612942613,0.010012210012210013,0.002197802197802198,6.87,-42.5,7.69,xinchao0
0.0029304029304029304,0.016361416361416362,0.02612942612942613,0.010012210012210013,0.0031746031746031746,6.94,-44.0,9.5,xinchao0
0.0031746031746031746,0.01611721611721612,0.025885225885225887,0.010256410256410256,0.003663003663003663,16.0,-52.25,32.44,xinchao0
0.0031746031746031746,0.01562881562881563,0.025885225885225887,0.010256410256410256,0.004151404151404151,32.13,-52.06,65.87,xinchao0
0.003418803418803419,0.01562881562881563,0.025885225885225887,0.010256410256410256,0.004395604395604396,47.81,-43.63,84.62,xinchao0
0.003418803418803419,0.015384615384615385,0.025885225885225887,0.010256410256410256,0.00463980463980464,50.88,-41.56,83.62,xinchao0
0.0031746031746031746,0.015384615384615385,0.025885225885225887,0.010256410256410256,0.00463980463980464,37.88,-47.19,65.19,xinchao0
0.0029304029304029304,0.015384615384615385,0.025396825396825397,0.010256410256410256,0.004884004884004884,21.56,-48.88,34.25,xinchao0
0.0029304029304029304,0.015384615384615385,0.025152625152625153,0.010012210012210013,0.004884004884004884,9.75,-40.88,11.56,xinchao0
0.0029304029304029304,0.015384615384615385,0.024664224664224663,0.010012210012210013,0.003663003663003663,8.06,-39.75,10.31,xinchao0
0.0031746031746031746,0.01514041514041514,0.02442002442002442,0.010012210012210013,0.0017094017094017094,14.56,-47.5,25.94,xinchao0
0.003663003663003663,0.014896214896214897,0.024175824175824177,0.010012210012210013,0.0004884004884004884,27.87,-51.69,58.44,xinchao0
0.003907203907203907,0.014896214896214897,0.024175824175824177,0.010012210012210013,0.0004884004884004884,43.5,-45.63,82.19,xinchao0
0.004151404151404151,0.014896214896214897,0.023931623931623933,0.010012210012210013,0.001221001221001221,49.31,-42.63,86.25,xinchao0
0.003907203907203907,0.014896214896214897,0.023931623931623933,0.010012210012210013,0.0017094017094017094,39.69,-46.88,72.75,xinchao0
0.003663003663003663,0.01514041514041514,0.023443223443223443,0.009523809523809525,0.0007326007326007326,25.56,-50.0,46.5,xinchao0
0.003418803418803419,0.015384615384615385,0.0231990231990232,0.009523809523809525,0.0002442002442002442,14.38,-45.44,23.44,xinchao0
0.003418803418803419,0.015384615384615385,0.0231990231990232,0.00927960927960928,0.0002442002442002442,6.94,-36.0,7.87,xinchao0
0.003418803418803419,0.015384615384615385,0.0231990231990232,0.00927960927960928,0.0007326007326007326,8.06,-37.38,12.38,xinchao0
0.003663003663003663,0.01514041514041514,0.023687423687423687,0.00927960927960928,0.0007326007326007326,19.25,-47.19,36.13,xinchao0
0.003907203907203907,0.014896214896214897,0.023931623931623933,0.00927960927960928,0.002197802197802198,34.75,-48.13,64.31,xinchao0
0.004151404151404151,0.014896214896214897,0.024175824175824177,0.00927960927960928,0.0029304029304029304,47.69,-42.0,82.5,xinchao0
0.004151404151404151,0.014896214896214897,0.02442002442002442,0.00927960927960928,0.003663003663003663,41.75,-44.75,72.69,xinchao0
0.003907203907203907,0.01514041514041514,0.024175824175824177,0.00927960927960928,0.004151404151404151,29.0,-47.31,51.06,xinchao0
0.003663003663003663,0.015384615384615385,0.023931623931623933,0.00927960927960928,0.0031746031746031746,14.88,-42.81,26.12,xinchao0
0.003663003663003663,0.015384615384615385,0.023687423687423687,0.00927960927960928,0.002686202686202686,6.94,-34.63,12.5,xinchao0
0.003418803418803419,0.015384615384615385,0.023687423687423687,0.00927960927960928,0.002197802197802198,8.19,-37.69,14.31,xinchao0
0.003418803418803419,0.01514041514041514,0.023931623931623933,0.009523809523809525,0.0019536019536019536,15.94,-47.25,29.25,xinchao0
0.003418803418803419,0.01514041514041514,0.024175824175824177,0.009523809523809525,0.0004884004884004884,28.0,-51.75,58.06,xinchao0
0.003418803418803419,0.014896214896214897,0.02442002442002442,0.009523809523809525,0.0002442002442002442,41.25,-46.88,79.0,xinchao0
0.003418803418803419,0.01514041514041514,0.02442002442002442,0.009768009768009768,0.0009768009768009768,43.75,-44.44,82.31,xinchao0
0.003418803418803419,0.015384615384615385,0.02442002442002442,0.009768009768009768,0.0017094017094017094,31.0,-48.88,62.88,xinchao0
0.0031746031746031746,0.01562881562881563,0.02442002442002442,0.009768009768009768,0.0019536019536019536,16.87,-46.81,34.13,xinchao0
0.0031746031746031746,0.01562881562881563,0.02442002442002442,0.009768009768009768,0.002197802197802198,7.69,-38.19,15.31,xinchao0
0.0029304029304029304,0.015873015873015872,0.024664224664224663,0.009768009768009768,0.002197802197802198,7.06,-37.38,13.25,xinchao0
0.0031746031746031746,0.01562881562881563,0.024664224664224663,0.009768009768009768,0.002442002442002442,14.56,-46.19,30.0,xinchao0
0.0031746031746031746,0.015384615384615385,0.02490842490842491,0.009768009768009768,0.002442002442002442,27.56,-50.94,59.06,xinchao0
0.003418803418803419,0.015384615384615385,0.025152625152625153,0.009523809523809525,0.0014652014652014652,41.44,-44.44,80.06,xinchao0
0.003418803418803419,0.015384615384615385,0.025152625152625153,0.009523809523809525,0.0007326007326007326,41.94,-42.13,77.56,xinchao0
0.0031746031746031746,0.01562881562881563,0.025152625152625153,0.009523809523809525,0.0,29.12,-46.0,59.75,xinchao0
0.0031746031746031746,0.01562881562881563,0.025152625152625153,0.009523809523809525,0.0002442002442002442,15.0,-45.81,35.19,xinchao0
0.0029304029304029304,0.015873015873015872,0.025396825396825397,0.009523809523809525,0.0007326007326007326,3.37,-37.44,15.94,xinchao0
0.0031746031746031746,0.01562881562881563,0.025396825396825397,0.00927960927960928,0.0007326007326007326,1.19,-34.94,11.38,xinchao0
0.0031746031746031746,0.01514041514041514,0.025396825396825397,0.00927960927960928,0.002197802197802198,9.5,-42.56,26.25,xinchao0
0.003418803418803419,0.014896214896214897,0.02564102564102564,0.00927960927960928,0.0029304029304029304,22.94,-46.5,52.81,xinchao0
0.003418803418803419,0.014652014652014652,0.02564102564102564,0.009035409035409036,0.002442002442002442,41.31,-41.44,74.69,xinchao0
0.003663003663003663,0.014407814407814409,0.02564102564102564,0.009035409035409036,0.0031746031746031746,49.25,-37.44,78.69,xinchao0
0.0031746031746031746,0.014652014652014652,0.025396825396825397,0.008791208791208791,0.002686202686202686,41.19,-40.13,70.06,xinchao0
0.0029304029304029304,0.014652014652014652,0.025152625152625153,0.008791208791208791,0.002197802197802198,27.44,-44.25,51.69,xinchao0
0.002686202686202686,0.014896214896214897,0.02490842490842491,0.008791208791208791,0.0019536019536019536,13.38,-43.25,28.81,xinchao0
0.002686202686202686,0.014896214896214897,0.02490842490842491,0.009035409035409036,0.0004884004884004884,2.12,-34.81,13.56,xinchao0
0.002686202686202686,0.01514041514041514,0.024664224664224663,0.009035409035409036,0.0004884004884004884,359.94,-31.5,9.94,xinchao0
0.0029304029304029304,0.01514041514041514,0.024664224664224663,0.009035409035409036,0.0009768009768009768,6.37,-39.63,21.37,xinchao0
0.0029304029304029304,0.01514041514041514,0.02490842490842491,0.009035409035409036,0.0014652014652014652,16.75,-47.69,42.88,xinchao0
0.0031746031746031746,0.01514041514041514,0.02490842490842491,0.00927960927960928,0.0007326007326007326,29.44,-47.06,67.87,xinchao0
0.0031746031746031746,0.01514041514041514,0.025152625152625153,0.00927960927960928,0.0002442002442002442,35.38,-43.88,76.06,xinchao0
0.0031746031746031746,0.01562881562881563,0.025152625152625153,0.009523809523809525,0.0002442002442002442,27.94,-48.06,67.0,xinchao0
0.0031746031746031746,0.01611721611721612,0.025152625152625153,0.009523809523809525,0.0004884004884004884,15.38,-50.81,44.0,xinchao0
0.0031746031746031746,0.016361416361416362,0.025152625152625153,0.009768009768009768,0.0007326007326007326,3.87,-42.56,19.31,xinchao0
0.0031746031746031746,0.016605616605616606,0.025152625152625153,0.009768009768009768,0.0007326007326007326,0.56,-37.19,11.69,xinchao0
0.0031746031746031746,0.016361416361416362,0.02490842490842491,0.010012210012210013,0.0009768009768009768,5.5,-43.69,22.12,xinchao0
0.0031746031746031746,0.01562881562881563,0.02490842490842491,0.010012210012210013,0.0009768009768009768,17.06,-50.63,49.25,xinchao0
0.0031746031746031746,0.01514041514041514,0.024664224664224663,0.010012210012210013,0.0009768009768009768,32.31,-47.19,75.37,xinchao0
0.0031746031746031746,0.014896214896214897,0.02442002442002442,0.010012210012210013,0.0,39.75,-41.44,84.69,xinchao0
0.0031746031746031746,0.01514041514041514,0.02442002442002442,0.010012210012210013,0.0007326007326007326,36.0,-43.69,77.62,xinchao0
0.0029304029304029304,0.015384615384615385,0.023931623931623933,0.010012210012210013,0.0014652014652014652,24.44,-50.19,59.13,xinchao0
0.0029304029304029304,0.01562881562881563,0.023931623931623933,0.010012210012210013,0.0017094017094017094,10.31,-50.56,26.19,xinchao0
0.0029304029304029304,0.01562881562881563,0.023687423687423687,0.010012210012210013,0.0031746031746031746,0.44,-41.38,8.06,xinchao0
0.0029304029304029304,0.01562881562881563,0.023687423687423687,0.010012210012210013,0.004151404151404151,0.94,-42.75,9.19,xinchao0
0.0031746031746031746,0.015384615384615385,0.023931623931623933,0.010012210012210013,0.004884004884004884,10.06,-51.88,28.44,xinchao0
0.003418803418803419,0.014896214896214897,0.024175824175824177,0.010256410256410256,0.005616605616605617,22.87,-53.13,59.0,xinchao0
0.003663003663003663,0.014407814407814409,0.02442002442002442,0.010256410256410256,0.00463980463980464,34.81,-47.5,75.19,xinchao0
0.003663003663003663,0.014163614163614164,0.024664224664224663,0.010256410256410256,0.0029304029304029304,45.44,-42.5,80.5,xinchao0
0.003663003663003663,0.014163614163614164,0.024664224664224663,0.010500610500610501,0.0017094017094017094,38.19,-46.94,69.62,xinchao0
0.003663003663003663,0.014407814407814409,0.025152625152625153,0.010500610500610501,0.0007326007326007326,22.44,-50.06,44.06,xinchao0
0.003663003663003663,0.014652014652014652,0.02564102564102564,0.010744810744810745,0.0002442002442002442,9.75,-44.0,20.94,xinchao0
0.003663003663003663,0.01514041514041514,0.026862026862026864,0.011477411477411478,0.0002442002442002442,5.81,-39.31,12.38,xinchao0
0.004151404151404151,0.01611721611721612,0.02905982905982906,0.013186813186813187,0.0004884004884004884,10.25,-45.19,20.94,xinchao0
0.004884004884004884,0.01684981684981685,0.031013431013431014,0.014652014652014652,0.0007326007326007326,22.62,-51.75,47.0,xinchao0
0.005372405372405372,0.017582417582417582,0.03223443223443224,0.01562881562881563,0.0007326007326007326,36.44,-46.94,72.44,xinchao0
0.005860805860805861,0.018315018315018316,0.03321123321123321,0.016361416361416362,0.0009768009768009768,46.44,-42.19,81.81,xinchao0
0.006105006105006105,0.018803418803418803,0.0336996336996337,0.01684981684981685,0.0002442002442002442,40.56,-46.31,75.5,xinchao0
0.005860805860805861,0.019291819291819293,0.0336996336996337,0.01684981684981685,0.0009768009768009768,25.12,-52.38,51.69,xinchao0
0.005860805860805861,0.01978021978021978,0.033455433455433455,0.01684981684981685,0.0014652014652014652,11.25,-50.5,27.94,xinchao0
0.005860805860805861,0.01978021978021978,0.033455433455433455,0.016361416361416362,0.0017094017094017094,3.62,-44.44,15.06,xinchao0
0.005860805860805861,0.01978021978021978,0.03321123321123321,0.01611721611721612,0.0019536019536019536,3.94,-44.75,14.56,xinchao0
0.006105006105006105,0.019536019536019536,0.033455433455433455,0.015873015873015872,0.002197802197802198,12.31,-51.63,33.94,xinchao0
0.006105006105006105,0.019536019536019536,0.033455433455433455,0.01562881562881563,0.001221001221001221,25.37,-52.38,62.31,xinchao0
0.006105006105006105,0.019291819291819293,0.033455433455433455,0.015384615384615385,0.0004884004884004884,38.31,-45.31,80.37,xinchao0
0.006105006105006105,0.01904761904761905,0.033455433455433455,0.01514041514041514,0.0,36.56,-45.5,75.37,xinchao0
0.005616605616605617,0.01904761904761905,0.03296703296703297,0.01514041514041514,0.0002442002442002442,23.19,-49.06,51.63,xinchao0
0.005128205128205128,0.018803418803418803,0.032722832722832725,0.014896214896214897,0.0004884004884004884,9.38,-44.19,24.5,xinchao0
0.004884004884004884,0.018803418803418803,0.03247863247863248,0.014896214896214897,0.0007326007326007326,2.0,-36.94,10.63,xinchao0
0.004884004884004884,0.01855921855921856,0.03247863247863248,0.014652014652014652,0.0007326007326007326,2.06,-38.44,11.44,xinchao0
0.004884004884004884,0.018315018315018316,0.03223443223443224,0.014652014652014652,0.0009768009768009768,9.94,-48.38,28.56,xinchao0
0.005128205128205128,0.017826617826617826,0.03223443223443224,0.014652014652014652,0.0009768009768009768,22.37,-52.81,58.81,xinchao0
0.005128205128205128,0.017826617826617826,0.03199023199023199,0.014652014652014652,0.0009768009768009768,33.38,-49.13,78.69,xinchao0
0.004884004884004884,0.017826617826617826,0.031746031746031744,0.014407814407814409,0.0009768009768009768,30.62,-50.13,73.25,xinchao0
0.00463980463980464,0.017826617826617826,0.031013431013431014,0.014163614163614164,0.0009768009768009768,18.44,-51.19,48.63,xinchao0
0.004395604395604396,0.017826617826617826,0.030525030525030524,0.014163614163614164,0.0,7.5,-44.69,24.75,xinchao0
0.004395604395604396,0.017826617826617826,0.03028083028083028,0.01391941391941392,0.0007326007326007326,1.31,-36.38,11.94,xinchao0
0.004395604395604396,0.017826617826617826,0.03028083028083028,0.01391941391941392,0.0014652014652014652,4.31,-40.81,16.81,xinchao0
0.004395604395604396,0.017582417582417582,0.03028083028083028,0.01391941391941392,0.0019536019536019536,14.44,-51.25,37.56,xinchao0
0.00463980463980464,0.017582417582417582,0.030525030525030524,0.01391941391941392,0.002197802197802198,26.62,-52.88,67.87,xinchao0
0.00463980463980464,0.01733821733821734,0.030525030525030524,0.013675213675213675,0.002442002442002442,33.25,-49.19,82.31,xinchao0
0.00463980463980464,0.017582417582417582,0.03028083028083028,0.013675213675213675,0.001221001221001221,26.12,-51.69,72.37,xinchao0
0.00463980463980464,0.017826617826617826,0.029792429792429794,0.013431013431013432,0.0004884004884004884,10.63,-51.38,42.31,xinchao0
0.00463980463980464,0.018070818070818073,0.029304029304029304,0.013431013431013432,0.0,0.62,-43.63,21.37,xinchao0
0.00463980463980464,0.018070818070818073,0.02905982905982906,0.013186813186813187,0.0002442002442002442,356.19,-36.75,12.06,xinchao0
0.00463980463980464,0.018070818070818073,0.02905982905982906,0.013186813186813187,0.0004884004884004884,0.69,-41.69,18.0,xinchao0
0.004884004884004884,0.017826617826617826,0.029304029304029304,0.013186813186813187,0.0007326007326007326,13.25,-50.44,40.94,xinchao0
0.004884004884004884,0.017826617826617826,0.029548229548229547,0.013186813186813187,0.0009768009768009768,26.75,-50.25,66.25,xinchao0
0.005128205128205128,0.017582417582417582,0.029792429792429794,0.013186813186813187,0.0009768009768009768,35.69,-45.94,78.94,xinchao0
0.004884004884004884,0.017826617826617826,0.029792429792429794,0.013186813186813187,0.001221001221001221,31.06,-47.31,72.06,xinchao0
0.00463980463980464,0.018070818070818073,0.029792429792429794,0.013186813186813187,0.001221001221001221,17.37,-49.5,48.94,xinchao0
0.00463980463980464,0.018315018315018316,0.029792429792429794,0.013186813186813187,0.0,5.56,-44.81,24.75,xinchao0
0.004395604395604396,0.018315018315018316,0.029792429792429794,0.013186813186813187,0.0009768009768009768,358.69,-37.94,11.06,xinchao0
0.004395604395604396,0.018315018315018316,0.030036630036630037,0.013431013431013432,0.0014652014652014652,1.31,-42.38,15.88,xinchao0
0.004395604395604396,0.018070818070818073,0.030036630036630037,0.013431013431013432,0.0019536019536019536,11.25,-49.63,38.75,xinchao0
0.004395604395604396,0.018070818070818073,0.03028083028083028,0.013431013431013432,0.002197802197802198,25.0,-47.88,68.62,xinchao0
0.004395604395604396,0.017826617826617826,0.03028083028083028,0.013431013431013432,0.002442002442002442,34.13,-44.06,80.31,xinchao0
0.004395604395604396,0.018070818070818073,0.030525030525030524,0.013431013431013432,0.002442002442002442,29.44,-46.31,72.25,xinchao0
0.004395604395604396,0.018070818070818073,0.030525030525030524,0.013431013431013432,0.001221001221001221,16.37,-48.81,48.13,xinchao0
0.004395604395604396,0.018070818070818073,0.030525030525030524,0.013431013431013432,0.0004884004884004884,4.12,-42.5,23.75,xinchao0
0.004395604395604396,0.018070818070818073,0.030525030525030524,0.013431013431013432,0.0,359.81,-37.38,15.44,xinchao0
0.004395604395604396,0.017826617826617826,0.03076923076923077,0.013431013431013432,0.0004884004884004884,5.06,-42.06,25.25,xinchao0
0.00463980463980464,0.01733821733821734,0.03076923076923077,0.013431013431013432,0.0007326007326007326,16.87,-47.19,48.06,xinchao0
0.00463980463980464,0.017094017094017096,0.03076923076923077,0.013431013431013432,0.0009768009768009768,31.37,-45.38,70.94,xinchao0
0.004884004884004884,0.01684981684981685,0.03076923076923077,0.013431013431013432,0.0009768009768009768,38.75,-42.13,78.31,xinchao0
0.004884004884004884,0.017094017094017096,0.03076923076923077,0.013431013431013432,0.002197802197802198,32.88,-44.13,69.81,xinchao0
0.00463980463980464,0.01733821733821734,0.03076923076923077,0.013431013431013432,0.0029304029304029304,21.12,-46.38,51.88,xinchao0
0.00463980463980464,0.01733821733821734,0.030525030525030524,0.013431013431013432,0.003663003663003663,7.37,-41.94,29.87,xinchao0
0.004395604395604396,0.017582417582417582,0.030525030525030524,0.013431013431013432,0.004151404151404151,359.56,-35.31,16.69,xinchao0
0.004395604395604396,0.01733821733821734,0.03076923076923077,0.013431013431013432,0.004395604395604396,0.94,-37.81,21.31,xinchao0
0.00463980463980464,0.017094017094017096,0.031013431013431014,0.013431013431013432,0.00463980463980464,9.69,-44.81,38.38,xinchao0
0.00463980463980464,0.01684981684981685,0.031013431013431014,0.013431013431013432,0.00463980463980464,22.12,-47.0,62.13,xinchao0
0.00463980463980464,0.016605616605616606,0.03125763125763126,0.013431013431013432,0.003663003663003663,31.81,-44.81,75.69,xinchao0
0.00463980463980464,0.016605616605616606,0.03125763125763126,0.013431013431013432,0.0029304029304029304,31.81,-44.25,74.81,xinchao0
0.004395604395604396,0.01684981684981685,0.031013431013431014,0.013675213675213675,0.001221001221001221,23.5,-46.19,61.44,xinchao0
0.004151404151404151,0.017094017094017096,0.03076923076923077,0.013675213675213675,0.0,10.5,-44.5,37.88,xinchao0
0.004151404151404151,0.017094017094017096,0.030525030525030524,0.013675213675213675,0.0007326007326007326,0.56,-37.31,20.44,xinchao0
0.004151404151404151,0.01733821733821734,0.030525030525030524,0.013675213675213675,0.001221001221001221,359.25,-36.69,18.37,xinchao0
0.004151404151404151,0.01684981684981685,0.03028083028083028,0.013675213675213675,0.0017094017094017094,6.94,-42.69,33.88,xinchao0
0.004395604395604396,0.016361416361416362,0.03028083028083028,0.013675213675213675,0.0007326007326007326,20.0,-46.56,57.75,xinchao0
0.00463980463980464,0.01611721611721612,0.03028083028083028,0.013431013431013432,0.0002442002442002442,31.44,-42.69,78.69,xinchao0
0.00463980463980464,0.015873015873015872,0.03028083028083028,0.013431013431013432,0.0002442002442002442,34.56,-41.56,79.69,xinchao0
0.00463980463980464,0.015873015873015872,0.03028083028083028,0.013431013431013432,0.0004884004884004884,26.94,-44.75,65.62,xinchao0
0.004395604395604396,0.01611721611721612,0.03028083028083028,0.013431013431013432,0.0007326007326007326,13.38,-45.31,40.75,xinchao0
0.004151404151404151,0.016361416361416362,0.030036630036630037,0.013431013431013432,0.0009768009768009768,1.19,-38.38,20.37,xinchao0
0.004151404151404151,0.016361416361416362,0.030036630036630037,0.013675213675213675,0.0009768009768009768,357.25,-35.44,14.31,xinchao0
0.004151404151404151,0.016361416361416362,0.029792429792429794,0.013675213675213675,0.001221001221001221,2.19,-41.75,24.06,xinchao0
0.004151404151404151,0.01611721611721612,0.029792429792429794,0.013675213675213675,0.001221001221001221,14.5,-47.94,48.94,xinchao0
0.004151404151404151,0.01611721611721612,0.029792429792429794,0.013675213675213675,0.001221001221001221,29.69,-43.94,73.37,xinchao0
0.004151404151404151,0.015873015873015872,0.029792429792429794,0.013675213675213675,0.001221001221001221,38.06,-39.44,80.81,xinchao0
0.004151404151404151,0.01611721611721612,0.029792429792429794,0.013675213675213675,0.001221001221001221,30.56,-42.88,70.44,xinchao0
0.004151404151404151,0.016361416361416362,0.029792429792429794,0.013675213675213675,0.001221001221001221,17.12,-45.56,48.44,xinchao0
0.003907203907203907,0.016605616605616606,0.029792429792429794,0.013675213675213675,0.001221001221001221,3.94,-40.13,26.25,xinchao0
0.003907203907203907,0.016605616605616606,0.029792429792429794,0.013675213675213675,0.0,358.69,-35.81,17.0,xinchao0
0.003907203907203907,0.016605616605616606,0.029792429792429794,0.013675213675213675,0.0007326007326007326,3.94,-40.31,26.44,xinchao0
0.003907203907203907,0.016361416361416362,0.029792429792429794,0.013675213675213675,0.0014652014652014652,16.44,-45.31,47.75,xinchao0
0.003907203907203907,0.016361416361416362,0.030036630036630037,0.013431013431013432,0.0029304029304029304,31.25,-42.81,72.94,xinchao0
0.004151404151404151,0.01611721611721612,0.030036630036630037,0.013431013431013432,0.003907203907203907,39.06,-39.56,82.87,xinchao0
0.004151404151404151,0.016361416361416362,0.030036630036630037,0.013431013431013432,0.003663003663003663,31.56,-42.94,73.87,xinchao0
0.004151404151404151,0.01684981684981685,0.029792429792429794,0.013186813186813187,0.0031746031746031746,16.75,-44.94,50.94,xinchao0
0.004151404151404151,0.01684981684981685,0.029792429792429794,0.013186813186813187,0.0031746031746031746,4.0,-40.56,28.0,xinchao0
0.004151404151404151,0.017094017094017096,0.029548229548229547,0.013186813186813187,0.0017094017094017094,359.56,-38.13,19.94,xinchao0
0.004395604395604396,0.017094017094017096,0.029548229548229547,0.013186813186813187,0.0009768009768009768,5.06,-43.81,31.69,xinchao0
0.004395604395604396,0.01684981684981685,0.029548229548229547,0.013186813186813187,0.0002442002442002442,16.75,-48.56,56.38,xinchao0
0.004395604395604396,0.01684981684981685,0.029548229548229547,0.013186813186813187,0.0002442002442002442,29.06,-45.25,78.12,xinchao0
0.004395604395604396,0.016605616605616606,0.029304029304029304,0.013186813186813187,0.0004884004884004884,36.38,-42.13,84.06,xinchao0
0.004395604395604396,0.017094017094017096,0.028815628815628817,0.012942612942612943,0.0007326007326007326,29.31,-45.0,72.06,xinchao0
0.004395604395604396,0.01733821733821734,0.02857142857142857,0.012942612942612943,0.0007326007326007326,18.37,-45.75,53.13,xinchao0
0.004395604395604396,0.017582417582417582,0.028327228327228327,0.012942612942612943,0.0009768009768009768,6.12,-40.75,32.94,xinchao0
0.004395604395604396,0.017826617826617826,0.028327228327228327,0.012942612942612943,0.0009768009768009768,358.75,-34.81,19.75,xinchao0
0.004395604395604396,0.017826617826617826,0.02857142857142857,0.012942612942612943,0.001221001221001221,359.37,-36.81,21.19,xinchao0
0.00463980463980464,0.017582417582417582,0.02857142857142857,0.012942612942612943,0.001221001221001221,6.12,-44.19,32.94,xinchao0
0.00463980463980464,0.01733821733821734,0.02857142857142857,0.012942612942612943,0.001221001221001221,18.06,-48.19,59.25,xinchao0
0.004884004884004884,0.01733821733821734,0.02857142857142857,0.012942612942612943,0.0,30.94,-44.06,80.31,xinchao0
0.00463980463980464,0.01733821733821734,0.02857142857142857,0.012942612942612943,0.0007326007326007326,34.06,-41.63,82.37,xinchao0
0.00463980463980464,0.017582417582417582,0.02857142857142857,0.012942612942612943,0.0014652014652014652,25.5,-44.5,67.81,xinchao0
0.004395604395604396,0.017826617826617826,0.028327228327228327,0.013186813186813187,0.0017094017094017094,11.44,-44.56,41.25,xinchao0
0.004151404151404151,0.017826617826617826,0.028327228327228327,0.013186813186813187,0.0019536019536019536,1.06,-38.56,22.5,xinchao0
0.004151404151404151,0.017826617826617826,0.028327228327228327,0.013186813186813187,0.002197802197802198,358.37,-36.69,18.69,xinchao0
0.004151404151404151,0.017582417582417582,0.028327228327228327,0.013186813186813187,0.001221001221001221,5.06,-43.06,30.19,xinchao0
0.004151404151404151,0.01733821733821734,0.028327228327228327,0.013186813186813187,0.0004884004884004884,16.75,-48.94,54.25,xinchao0
0.004151404151404151,0.017094017094017096,0.028327228327228327,0.013186813186813187,0.0,28.31,-47.25,75.12,xinchao0
0.004151404151404151,0.017094017094017096,0.028327228327228327,0.013186813186813187,0.0004884004884004884,33.81,-44.06,82.81,xinchao0
0.004151404151404151,0.017094017094017096,0.02783882783882784,0.013186813186813187,0.0007326007326007326,25.5,-46.31,69.25,xinchao0
0.004151404151404151,0.01733821733821734,0.02783882783882784,0.013186813186813187,0.0009768009768009768,12.69,-45.06,44.25,xinchao0
0.003907203907203907,0.01733821733821734,0.02735042735042735,0.013186813186813187,0.0009768009768009768,2.56,-38.81,25.0,xinchao0
0.003907203907203907,0.017582417582417582,0.027106227106227107,0.013186813186813187,0.001221001221001221,359.25,-36.63,19.56,xinchao0
0.003907203907203907,0.017094017094017096,0.027106227106227107,0.013186813186813187,0.001221001221001221,4.94,-42.94,29.25,xinchao0
0.004151404151404151,0.01684981684981685,0.027106227106227107,0.013186813186813187,0.001221001221001221,17.06,-48.56,51.81,xinchao0
0.004151404151404151,0.016605616605616606,0.027106227106227107,0.013186813186813187,0.001221001221001221,29.87,-46.25,74.69,xinchao0
0.004395604395604396,0.016605616605616606,0.027106227106227107,0.013186813186813187,0.001221001221001221,34.0,-43.88,81.06,xinchao0
0.004395604395604396,0.01684981684981685,0.026862026862026864,0.013186813186813187,0.001221001221001221,25.5,-45.81,68.19,xinchao0
0.004395604395604396,0.017094017094017096,0.026617826617826617,0.013431013431013432,0.001221001221001221,12.56,-44.75,44.06,xinchao0
0.004395604395604396,0.017094017094017096,0.026617826617826617,0.013431013431013432,0.001221001221001221,1.44,-37.5,23.44,xinchao0
0.004151404151404151,0.017094017094017096,0.026373626373626374,0.013431013431013432,0.0,357.75,-34.19,15.69,xinchao0
0.004151404151404151,0.01684981684981685,0.026373626373626374,0.013431013431013432,0.0007326007326007326,2.87,-40.13,24.06,xinchao0
0.004151404151404151,0.016605616605616606,0.02612942612942613,0.013431013431013432,0.002442002442002442,12.88,-46.69,42.0,xinchao0
0.004151404151404151,0.016361416361416362,0.025885225885225887,0.013431013431013432,0.003663003663003663,25.69,-46.56,66.19,xinchao0
0.004151404151404151,0.016605616605616606,0.025885225885225887,0.013431013431013432,0.00463980463980464,31.94,-44.88,74.5,xinchao0
0.004151404151404151,0.01684981684981685,0.02564102564102564,0.013186813186813187,0.003907203907203907,26.06,-46.56,64.87,xinchao0
0.004151404151404151,0.01684981684981685,0.025396825396825397,0.013186813186813187,0.003663003663003663,13.44,-46.69,42.75,xinchao0
0.004151404151404151,0.017094017094017096,0.025152625152625153,0.013186813186813187,0.002197802197802198,2.75,-40.63,26.0,xinchao0
0.004151404151404151,0.017094017094017096,0.025152625152625153,0.013186813186813187,0.001221001221001221,357.62,-36.31,18.19,xinchao0
0.004151404151404151,0.01684981684981685,0.02490842490842491,0.013186813186813187,0.0004884004884004884,2.56,-40.69,24.75,xinchao0
0.004151404151404151,0.016605616605616606,0.02490842490842491,0.013186813186813187,0.0,16.31,-45.75,44.0,xinchao0
0.004151404151404151,0.016361416361416362,0.02490842490842491,0.013186813186813187,0.0004884004884004884,29.62,-44.19,67.19,xinchao0
0.004151404151404151,0.016361416361416362,0.02490842490842491,0.013186813186813187,0.0007326007326007326,34.06,-43.81,73.12,xinchao0
0.003907203907203907,0.016361416361416362,0.024664224664224663,0.013186813186813187,0.0007326007326007326,25.56,-45.94,62.06,xinchao0
0.003663003663003663,0.016605616605616606,0.02442002442002442,0.013186813186813187,0.0009768009768009768,10.81,-44.75,39.75,xinchao0
0.003663003663003663,0.016605616605616606,0.02442002442002442,0.013186813186813187,0.0009768009768009768,359.37,-37.94,22.25,xinchao0
0.003663003663003663,0.016605616605616606,0.02442002442002442,0.013186813186813187,0.0009768009768009768,355.44,-35.38,15.31,xinchao0
0.003663003663003663,0.016361416361416362,0.024664224664224663,0.013186813186813187,0.0009768009768009768,1.81,-41.56,26.06,xinchao0
0.003663003663003663,0.01611721611721612,0.024664224664224663,0.013431013431013432,0.0,15.63,-45.94,51.31,xinchao0
0.003907203907203907,0.01611721611721612,0.02490842490842491,0.013431013431013432,0.0007326007326007326,30.62,-42.06,75.31,xinchao0
0.004151404151404151,0.01611721611721612,0.02490842490842491,0.013431013431013432,0.0014652014652014652,34.81,-38.88,79.44,xinchao0
0.003907203907203907,0.016361416361416362,0.02490842490842491,0.013431013431013432,0.0017094017094017094,25.0,-41.25,66.0,xinchao0
0.003663003663003663,0.016605616605616606,0.02490842490842491,0.013431013431013432,0.002197802197802198,9.94,-41.13,41.81,xinchao0
0.003663003663003663,0.01684981684981685,0.02490842490842491,0.013431013431013432,0.002197802197802198,0.19,-36.88,21.19,xinchao0
0.003663003663003663,0.01684981684981685,0.02490842490842491,0.013431013431013432,0.002442002442002442,0.06,-38.0,19.62,xinchao0
0.003907203907203907,0.016605616605616606,0.02490842490842491,0.013431013431013432,0.002686202686202686,10.38,-43.88,37.88,xinchao0
0.003907203907203907,0.016361416361416362,0.025152625152625153,0.013431013431013432,0.002686202686202686,27.94,-42.25,69.12,xinchao0
0.004151404151404151,0.01611721611721612,0.025152625152625153,0.013431013431013432,0.0014652014652014652,41.94,-37.75,81.69,xinchao0
0.003907203907203907,0.01611721611721612,0.025152625152625153,0.013186813186813187,0.0007326007326007326,34.63,-39.13,74.69,xinchao0
0.004151404151404151,0.01611721611721612,0.02442002442002442,0.012942612942612943,0.0002442002442002442,20.62,-40.75,57.06,xinchao0
0.004151404151404151,0.01611721611721612,0.023931623931623933,0.012942612942612943,0.0002442002442002442,7.5,-38.5,35.69,xinchao0
0.004151404151404151,0.01611721611721612,0.023687423687423687,0.012454212454212455,0.0004884004884004884,358.06,-32.13,20.69,xinchao0
0.004151404151404151,0.01562881562881563,0.023443223443223443,0.01221001221001221,0.0007326007326007326,357.06,-32.56,18.12,xinchao0
0.004151404151404151,0.01514041514041514,0.023443223443223443,0.011965811965811967,0.0009768009768009768,4.25,-39.81,30.37,xinchao0
0.004151404151404151,0.014896214896214897,0.023443223443223443,0.011721611721611722,0.0009768009768009768,15.19,-45.5,51.88,xinchao0
0.004151404151404151,0.014652014652014652,0.023443223443223443,0.011233211233211233,0.0009768009768009768,26.31,-44.94,69.19,xinchao0
0.004151404151404151,0.014652014652014652,0.0231990231990232,0.01098901098901099,0.0,28.31,-43.44,71.81,xinchao0
0.004151404151404151,0.014896214896214897,0.0231990231990232,0.010744810744810745,0.0007326007326007326,19.19,-43.69,56.94,xinchao0
0.003907203907203907,0.014896214896214897,0.0231990231990232,0.010744810744810745,0.001221001221001221,7.62,-39.13,36.56,xinchao0
0.003907203907203907,0.01514041514041514,0.0231990231990232,0.010500610500610501,0.0017094017094017094,358.94,-31.81,21.0,xinchao0
0.003663003663003663,0.01514041514041514,0.023443223443223443,0.010500610500610501,0.0019536019536019536,357.94,-31.75,19.12,xinchao0
0.003907203907203907,0.014896214896214897,0.023931623931623933,0.010500610500610501,0.002197802197802198,4.81,-39.5,30.37,xinchao0
0.004151404151404151,0.014652014652014652,0.024175824175824177,0.010744810744810745,0.002197802197802198,15.56,-44.63,51.25,xinchao0
0.004151404151404151,0.014652014652014652,0.024175824175824177,0.010744810744810745,0.001221001221001221,27.44,-43.38,71.69,xinchao0
0.004151404151404151,0.014652014652014652,0.02442002442002442,0.010744810744810745,0.0004884004884004884,30.5,-42.06,75.31,xinchao0
0.004151404151404151,0.014896214896214897,0.024175824175824177,0.010744810744810745,0.0,21.0,-44.19,60.69,xinchao0
0.004151404151404151,0.01514041514041514,0.023931623931623933,0.01098901098901099,0.0002442002442002442,6.81,-42.19,34.75,xinchao0
0.004151404151404151,0.01514041514041514,0.023931623931623933,0.01098901098901099,0.0007326007326007326,355.06,-33.25,15.69,xinchao0
0.003907203907203907,0.01514041514041514,0.023931623931623933,0.01098901098901099,0.0009768009768009768,353.12,-32.38,11.25,xinchao0
0.003907203907203907,0.01514041514041514,0.023931623931623933,0.01098901098901099,0.0009768009768009768,0.69,-40.81,21.5,xinchao0
0.004151404151404151,0.014896214896214897,0.023931623931623933,0.01098901098901099,0.0002442002442002442,14.31,-48.31,44.06,xinchao0
0.004151404151404151,0.014652014652014652,0.023931623931623933,0.01098901098901099,0.0009768009768009768,27.75,-47.38,66.06,xinchao0
0.004151404151404151,0.014652014652014652,0.023687423687423687,0.01098901098901099,0.0014652014652014652,30.81,-47.0,67.37,xinchao0
0.004151404151404151,0.014896214896214897,0.0231990231990232,0.01098901098901099,0.0019536019536019536,19.75,-47.56,49.56,xinchao0
0.003907203907203907,0.014896214896214897,0.022954822954822957,0.010744810744810745,0.002197802197802198,6.31,-42.06,27.81,xinchao0
0.003907203907203907,0.014896214896214897,0.02271062271062271,0.010744810744810745,0.002197802197802198,355.75,-32.63,13.06,xinchao0
0.003663003663003663,0.014896214896214897,0.022954822954822957,0.010500610500610501,0.002442002442002442,356.56,-34.5,13.63,xinchao0
0.003907203907203907,0.014652014652014652,0.0231990231990232,0.010500610500610501,0.002442002442002442,6.75,-43.5,31.87,xinchao0
0.003907203907203907,0.014652014652014652,0.023443223443223443,0.010500610500610501,0.002442002442002442,22.69,-47.0,60.13,xinchao0
0.003907203907203907,0.014407814407814409,0.023443223443223443,0.010500610500610501,0.002442002442002442,33.44,-44.56,73.06,xinchao0
0.003907203907203907,0.014896214896214897,0.023443223443223443,0.010500610500610501,0.0014652014652014652,30.25,-45.31,66.81,xinchao0
0.003907203907203907,0.014896214896214897,0.023443223443223443,0.010256410256410256,0.0007326007326007326,18.25,-45.38,48.56,xinchao0
0.003907203907203907,0.01514041514041514,0.0231990231990232,0.010256410256410256,0.0002442002442002442,6.19,-39.69,30.25,xinchao0
0.003907203907203907,0.01514041514041514,0.022954822954822957,0.010256410256410256,0.0002442002442002442,356.81,-30.19,15.38,xinchao0
0.003907203907203907,0.01514041514041514,0.022954822954822957,0.010256410256410256,0.0004884004884004884,355.81,-29.81,13.31,xinchao0
0.004151404151404151,0.014896214896214897,0.023443223443223443,0.010500610500610501,0.0007326007326007326,3.94,-38.56,25.12,xinchao0
0.004395604395604396,0.014652014652014652,0.023931623931623933,0.010500610500610501,0.0009768009768009768,16.37,-45.13,45.81,xinchao0
0.004395604395604396,0.014652014652014652,0.023931623931623933,0.010500610500610501,0.0009768009768009768,27.69,-45.5,63.13,xinchao0
0.00463980463980464,0.014652014652014652,0.024175824175824177,0.010500610500610501,0.001221001221001221,30.94,-44.44,66.44,xinchao0
0.00463980463980464,0.014652014652014652,0.024175824175824177,0.010500610500610501,0.001221001221001221,22.37,-44.13,52.19,xinchao0
0.004151404151404151,0.014896214896214897,0.024175824175824177,0.010500610500610501,0.0,8.69,-39.44,31.62,xinchao0
0.003907203907203907,0.014896214896214897,0.024175824175824177,0.010500610500610501,0.0007326007326007326,358.81,-31.75,18.81,xinchao0
0.003907203907203907,0.01514041514041514,0.02442002442002442,0.010500610500610501,0.001221001221001221,356.19,-30.31,14.5,xinchao0
0.003663003663003663,0.014896214896214897,0.02442002442002442,0.010500610500610501,0.0004884004884004884,3.56,-37.19,25.25,xinchao0
0.003907203907203907,0.014652014652014652,0.024664224664224663,0.010744810744810745,0.0,16.94,-43.81,44.0,xinchao0
0.004151404151404151,0.014407814407814409,0.024664224664224663,0.010744810744810745,0.0004884004884004884,30.25,-43.81,64.0,xinchao0
0.004151404151404151,0.014163614163614164,0.024664224664224663,0.010744810744810745,0.0007326007326007326,33.06,-42.5,68.81,xinchao0
0.004151404151404151,0.014407814407814409,0.024664224664224663,0.010500610500610501,0.0009768009768009768,22.44,-42.69,54.56,xinchao0
0.003907203907203907,0.014407814407814409,0.024664224664224663,0.010500610500610501,0.0002442002442002442,7.87,-37.5,32.13,xinchao0
0.003907203907203907,0.014652014652014652,0.024664224664224663,0.010500610500610501,0.0009768009768009768,359.12,-31.31,18.12,xinchao0
0.003663003663003663,0.014652014652014652,0.024664224664224663,0.010500610500610501,0.0014652014652014652,0.56,-34.69,20.56,xinchao0
0.003907203907203907,0.014407814407814409,0.024664224664224663,0.010256410256410256,0.0007326007326007326,9.81,-42.0,35.63,xinchao0
0.003907203907203907,0.014163614163614164,0.024664224664224663,0.010012210012210013,0.0,23.19,-45.81,60.56,xinchao0
0.004151404151404151,0.01391941391941392,0.024664224664224663,0.009523809523809525,0.0014652014652014652,35.56,-43.5,76.62,xinchao0
0.004395604395604396,0.01391941391941392,0.024664224664224663,0.00927960927960928,0.002442002442002442,34.88,-42.88,72.31,xinchao0
0.004395604395604396,0.014163614163614164,0.02442002442002442,0.009035409035409036,0.0031746031746031746,23.06,-43.69,56.75,xinchao0
0.004395604395604396,0.014407814407814409,0.024175824175824177,0.009035409035409036,0.003907203907203907,8.13,-40.0,36.13,xinchao0
0.004395604395604396,0.014407814407814409,0.023931623931623933,0.008791208791208791,0.0031746031746031746,356.25,-31.94,19.69,xinchao0
0.00463980463980464,0.014652014652014652,0.023931623931623933,0.008791208791208791,0.002442002442002442,350.0,-26.37,11.56,xinchao0
0.004884004884004884,0.014407814407814409,0.023931623931623933,0.008791208791208791,0.002197802197802198,354.87,-31.69,17.87,xinchao0
0.005128205128205128,0.014163614163614164,0.023931623931623933,0.008791208791208791,0.0017094017094017094,6.81,-41.38,33.44,xinchao0
0.005128205128205128,0.013675213675213675,0.023931623931623933,0.008547008547008548,0.0004884004884004884,22.44,-45.69,58.25,xinchao0
0.005128205128205128,0.013675213675213675,0.023931623931623933,0.008547008547008548,0.0004884004884004884,34.25,-43.5,72.75,xinchao0
0.005128205128205128,0.01391941391941392,0.023687423687423687,0.008302808302808303,0.0009768009768009768,29.31,-43.5,68.37,xinchao0
0.005128205128205128,0.014407814407814409,0.023443223443223443,0.008547008547008548,0.0017094017094017094,16.87,-42.63,52.25,xinchao0
0.004884004884004884,0.014896214896214897,0.0231990231990232,0.008547008547008548,0.0019536019536019536,3.0,-37.56,33.5,xinchao0
0.004884004884004884,0.01514041514041514,0.0231990231990232,0.008547008547008548,0.002197802197802198,353.19,-29.44,19.0,xinchao0
0.004884004884004884,0.01514041514041514,0.0231990231990232,0.008791208791208791,0.002197802197802198,352.94,-30.5,16.31,xinchao0
0.005128205128205128,0.014896214896214897,0.023443223443223443,0.008791208791208791,0.002442002442002442,1.81,-38.75,27.62,xinchao0
0.005128205128205128,0.014896214896214897,0.023931623931623933,0.008791208791208791,0.002442002442002442,14.19,-44.81,47.5,xinchao0
0.005372405372405372,0.014652014652014652,0.023931623931623933,0.008791208791208791,0.0014652014652014652,26.81,-44.69,68.06,xinchao0
0.005372405372405372,0.014652014652014652,0.023931623931623933,0.008791208791208791,0.0007326007326007326,29.69,-44.25,71.62,xinchao0
0.005128205128205128,0.014896214896214897,0.023931623931623933,0.008791208791208791,0.0002442002442002442,20.94,-44.94,59.5,xinchao0
0.004884004884004884,0.01514041514041514,0.023687423687423687,0.008791208791208791,0.0002442002442002442,9.06,-42.0,42.06,xinchao0
0.004884004884004884,0.01514041514041514,0.023687423687423687,0.009035409035409036,0.0007326007326007326,357.75,-34.81,23.94,xinchao0
0.00463980463980464,0.015384615384615385,0.023443223443223443,0.00927960927960928,0.0007326007326007326,353.69,-32.19,17.56,xinchao0
0.00463980463980464,0.014896214896214897,0.023687423687423687,0.00927960927960928,0.0009768009768009768,359.87,-38.56,27.62,xinchao0
0.004884004884004884,0.014652014652014652,0.023687423687423687,0.009523809523809525,0.0009768009768009768,13.56,-45.38,49.31,xinchao0
0.004884004884004884,0.014652014652014652,0.023931623931623933,0.00927960927960928,0.0,27.5,-44.31,72.0,xinchao0
0.004884004884004884,0.014652014652014652,0.023931623931623933,0.00927960927960928,0.0007326007326007326,32.88,-42.88,76.81,xinchao0
0.004884004884004884,0.01514041514041514,0.023687423687423687,0.00927960927960928,0.0014652014652014652,26.06,-43.75,66.87,xinchao0
0.00463980463980464,0.015384615384615385,0.023443223443223443,0.00927960927960928,0.0019536019536019536,14.0,-42.56,49.5,xinchao0
0.004395604395604396,0.01562881562881563,0.023443223443223443,0.00927960927960928,0.002197802197802198,1.12,-35.88,30.25,xinchao0
0.004151404151404151,0.01562881562881563,0.0231990231990232,0.00927960927960928,0.002197802197802198,355.81,-31.81,18.94,xinchao0
0.004151404151404151,0.015384615384615385,0.0231990231990232,0.00927960927960928,0.002442002442002442,359.69,-36.88,26.0,xinchao0
0.004151404151404151,0.014896214896214897,0.023443223443223443,0.00927960927960928,0.002442002442002442,10.94,-43.88,44.25,xinchao0
0.004395604395604396,0.014652014652014652,0.023443223443223443,0.009035409035409036,0.002442002442002442,23.12,-44.63,65.5,xinchao0
0.00463980463980464,0.014407814407814409,0.023687423687423687,0.009035409035409036,0.002442002442002442,32.81,-42.38,76.94,xinchao0
0.00463980463980464,0.014407814407814409,0.023443223443223443,0.009035409035409036,0.002442002442002442,27.81,-43.63,70.62,xinchao0
0.004884004884004884,0.014407814407814409,0.022954822954822957,0.009035409035409036,0.0014652014652014652,16.75,-44.56,54.25,xinchao0
0.004884004884004884,0.014652014652014652,0.02271062271062271,0.009035409035409036,0.0007326007326007326,2.87,-39.25,30.62,xinchao0
0.004884004884004884,0.014652014652014652,0.022466422466422466,0.009035409035409036,0.0002442002442002442,354.37,-31.94,14.5,xinchao0
0.004884004884004884,0.014407814407814409,0.022466422466422466,0.009035409035409036,0.0002442002442002442,355.31,-34.5,13.94,xinchao0
0.004884004884004884,0.013431013431013432,0.022466422466422466,0.009035409035409036,0.0004884004884004884,5.19,-44.19,25.56,xinchao0
0.005128205128205128,0.012942612942612943,0.022466422466422466,0.009035409035409036,0.0007326007326007326,18.75,-49.13,50.19,xinchao0
0.005372405372405372,0.012454212454212455,0.02271062271062271,0.008791208791208791,0.0009768009768009768,28.69,-46.88,66.5,xinchao0
0.005372405372405372,0.012698412698412698,0.02271062271062271,0.008791208791208791,0.002197802197802198,30.12,-45.38,69.25,xinchao0
0.005372405372405372,0.013186813186813187,0.02271062271062271,0.008791208791208791,0.0019536019536019536,19.37,-46.25,53.81,xinchao0
0.005372405372405372,0.013431013431013432,0.02271062271062271,0.008791208791208791,0.0017094017094017094,5.37,-40.69,30.56,xinchao0
0.005128205128205128,0.013675213675213675,0.02271062271062271,0.008791208791208791,0.0017094017094017094,355.25,-30.44,13.63,xinchao0
0.004884004884004884,0.013675213675213675,0.02271062271062271,0.008791208791208791,0.0002442002442002442,353.75,-30.5,11.81,xinchao0
0.004884004884004884,0.013431013431013432,0.022954822954822957,0.008791208791208791,0.0004884004884004884,1.31,-40.25,24.56,xinchao0
0.004884004884004884,0.013186813186813187,0.0231990231990232,0.008791208791208791,0.001221001221001221,13.88,-47.38,49.25,xinchao0
0.005128205128205128,0.012942612942612943,0.0231990231990232,0.008791208791208791,0.0014652014652014652,25.56,-45.56,69.37,xinchao0
0.005128205128205128,0.012942612942612943,0.0231990231990232,0.008791208791208791,0.0007326007326007326,26.5,-44.44,67.94,xinchao0
0.004884004884004884,0.013431013431013432,0.022954822954822957,0.008791208791208791,0.0002442002442002442,15.31,-42.69,51.06,xinchao0
0.004884004884004884,0.013675213675213675,0.022466422466422466,0.008791208791208791,0.0002442002442002442,1.0,-34.44,27.87,xinchao0
0.00463980463980464,0.013675213675213675,0.022466422466422466,0.008791208791208791,0.0007326007326007326,351.62,-25.81,12.5,xinchao0
0.00463980463980464,0.01391941391941392,0.022466422466422466,0.008791208791208791,0.0007326007326007326,352.5,-28.94,13.63,xinchao0
0.005128205128205128,0.013186813186813187,0.02271062271062271,0.008791208791208791,0.0009768009768009768,2.44,-41.13,28.06,xinchao0
0.005128205128205128,0.012942612942612943,0.02271062271062271,0.008791208791208791,0.0009768009768009768,17.31,-47.63,51.94,xinchao0
0.005372405372405372,0.012698412698412698,0.022954822954822957,0.008791208791208791,0.0009768009768009768,31.31,-45.13,70.75,xinchao0
0.005372405372405372,0.012454212454212455,0.02271062271062271,0.008791208791208791,0.0009768009768009768,31.62,-43.06,66.81,xinchao0
0.005128205128205128,0.012942612942612943,0.022466422466422466,0.008791208791208791,0.0009768009768009768,21.75,-41.44,51.63,xinchao0
0.004884004884004884,0.013186813186813187,0.022222222222222223,0.008791208791208791,0.0009768009768009768,7.56,-36.19,30.87,xinchao0
0.00463980463980464,0.013431013431013432,0.022222222222222223,0.009035409035409036,0.0009768009768009768,356.0,-28.19,14.75,xinchao0
0.004395604395604396,0.013431013431013432,0.022222222222222223,0.00927960927960928,0.0009768009768009768,354.87,-29.56,13.19,xinchao0
0.004395604395604396,0.013186813186813187,0.022466422466422466,0.00927960927960928,0.0009768009768009768,3.69,-38.19,28.31,xinchao0
0.004395604395604396,0.012942612942612943,0.022466422466422466,0.009523809523809525,0.0,17.12,-44.63,51.88,xinchao0
0.004395604395604396,0.012942612942612943,0.02271062271062271,0.009523809523809525,0.0007326007326007326,32.75,-42.13,72.87,xinchao0
0.004395604395604396,0.012942612942612943,0.02271062271062271,0.009523809523809525,0.0014652014652014652,31.25,-41.25,67.81,xinchao0
0.004395604395604396,0.013431013431013432,0.022466422466422466,0.009523809523809525,0.0017094017094017094,18.19,-41.0,47.25,xinchao0
0.004395604395604396,0.013675213675213675,0.022222222222222223,0.009768009768009768,0.0019536019536019536,3.62,-33.38,25.94,xinchao0
0.004395604395604396,0.01391941391941392,0.02197802197802198,0.009768009768009768,0.002197802197802198,356.06,-28.0,15.94,xinchao0
0.00463980463980464,0.01391941391941392,0.022222222222222223,0.010012210012210013,0.001221001221001221,358.56,-33.13,19.25,xinchao0
0.005128205128205128,0.013675213675213675,0.022466422466422466,0.010012210012210013,0.0004884004884004884,10.13,-43.5,37.19,xinchao0
0.005128205128205128,0.013431013431013432,0.02271062271062271,0.010012210012210013,0.001221001221001221,25.62,-45.94,65.62,xinchao0
0.005372405372405372,0.013186813186813187,0.022954822954822957,0.009768009768009768,0.002442002442002442,35.25,-44.31,77.37,xinchao0
0.005372405372405372,0.013431013431013432,0.022954822954822957,0.009523809523809525,0.0031746031746031746,27.37,-46.06,68.69,xinchao0
0.005372405372405372,0.01391941391941392,0.022954822954822957,0.00927960927960928,0.002442002442002442,11.38,-44.88,48.31,xinchao0
0.005128205128205128,0.014163614163614164,0.022954822954822957,0.00927960927960928,0.002197802197802198,355.69,-36.56,28.87,xinchao0
0.005128205128205128,0.014407814407814409,0.022954822954822957,0.009035409035409036,0.0017094017094017094,348.75,-30.37,16.94,xinchao0
0.005128205128205128,0.014407814407814409,0.022954822954822957,0.009035409035409036,0.0017094017094017094,354.5,-36.19,22.44,xinchao0
0.005128205128205128,0.01391941391941392,0.022954822954822957,0.009035409035409036,0.0002442002442002442,9.19,-45.38,45.5,xinchao0
0.005128205128205128,0.013675213675213675,0.0231990231990232,0.009035409035409036,0.0004884004884004884,24.87,-45.44,69.12,xinchao0
0.005372405372405372,0.013431013431013432,0.0231990231990232,0.008791208791208791,0.001221001221001221,33.94,-42.13,76.12,xinchao0
0.005372405372405372,0.013675213675213675,0.02271062271062271,0.008547008547008548,0.0014652014652014652,24.81,-43.63,64.69,xinchao0
0.005128205128205128,0.013675213675213675,0.022222222222222223,0.008302808302808303,0.0019536019536019536,8.38,-43.19,42.69,xinchao0
0.004884004884004884,0.01391941391941392,0.021733821733821733,0.008302808302808303,0.0019536019536019536,352.94,-33.94,22.94,xinchao0
0.00463980463980464,0.01391941391941392,0.02148962148962149,0.008302808302808303,0.002197802197802198,344.62,-25.5,12.69,xinchao0
0.00463980463980464,0.013431013431013432,0.021245421245421246,0.008547008547008548,0.001221001221001221,346.44,-27.31,13.63,xinchao0
0.00463980463980464,0.012454212454212455,0.021245421245421246,0.008547008547008548,0.0004884004884004884,358.25,-36.75,26.37,xinchao0
0.00463980463980464,0.011721611721611722,0.021245421245421246,0.008547008547008548,0.0,14.69,-45.19,51.75,xinchao0
0.00463980463980464,0.011233211233211233,0.021245421245421246,0.008547008547008548,0.0004884004884004884,28.19,-44.31,72.87,xinchao0
0.00463980463980464,0.01098901098901099,0.021001221001221003,0.008302808302808303,0.0007326007326007326,24.5,-43.94,73.06,xinchao0
0.00463980463980464,0.011721611721611722,0.021001221001221003,0.00805860805860806,0.0009768009768009768,11.75,-42.5,60.44,xinchao0
0.00463980463980464,0.011965811965811967,0.020757020757020756,0.007814407814407814,0.0009768009768009768,357.37,-36.94,37.31,xinchao0
0.00463980463980464,0.012454212454212455,0.020757020757020756,0.007081807081807082,0.001221001221001221,348.31,-30.94,20.12,xinchao0
0.00463980463980464,0.01221001221001221,0.020757020757020756,0.006837606837606838,0.001221001221001221,347.44,-31.75,16.75,xinchao0
0.004884004884004884,0.01098901098901099,0.020512820512820513,0.006349206349206349,0.001221001221001221,356.94,-41.5,28.62,xinchao0
0.004884004884004884,0.010256410256410256,0.020512820512820513,0.005860805860805861,0.001221001221001221,9.69,-48.75,53.0,xinchao0
0.005128205128205128,0.009768009768009768,0.020512820512820513,0.005616605616605617,0.001221001221001221,22.5,-50.13,73.5,xinchao0
0.005128205128205128,0.010012210012210013,0.020512820512820513,0.005372405372405372,0.001221001221001221,23.0,-49.38,73.25,xinchao0
0.005128205128205128,0.010744810744810745,0.020512820512820513,0.005128205128205128,0.002197802197802198,11.75,-46.88,53.5,xinchao0
0.005128205128205128,0.011233211233211233,0.020757020757020756,0.005372405372405372,0.0031746031746031746,357.19,-38.13,27.06,xinchao0
0.005128205128205128,0.011721611721611722,0.02148962148962149,0.005616605616605617,0.003663003663003663,346.81,-26.81,10.0,xinchao0
0.005372405372405372,0.011721611721611722,0.022222222222222223,0.005860805860805861,0.004151404151404151,345.44,-25.44,8.5,xinchao0
0.005860805860805861,0.011477411477411478,0.02271062271062271,0.006105006105006105,0.004395604395604396,353.19,-35.38,19.81,xinchao0
0.006349206349206349,0.011233211233211233,0.0231990231990232,0.006349206349206349,0.003418803418803419,5.56,-46.31,43.44,xinchao0
0.006593406593406593,0.011233211233211233,0.023687423687423687,0.006593406593406593,0.0029304029304029304,17.62,-46.56,65.87,xinchao0
0.006593406593406593,0.011233211233211233,0.023931623931623933,0.006593406593406593,0.002442002442002442,20.12,-45.88,64.56,xinchao0
0.006349206349206349,0.011965811965811967,0.024175824175824177,0.006837606837606838,0.0019536019536019536,11.44,-45.88,48.94,xinchao0
0.006105006105006105,0.012698412698412698,0.024175824175824177,0.006837606837606838,0.0019536019536019536,357.62,-39.19,24.69,xinchao0
0.006105006105006105,0.012942612942612943,0.02442002442002442,0.006837606837606838,0.0017094017094017094,346.94,-27.81,9.88,xinchao0
0.006105006105006105,0.012942612942612943,0.02442002442002442,0.007081807081807082,0.0017094017094017094,343.75,-24.19,5.06,xinchao0
0.006105006105006105,0.013186813186813187,0.02442002442002442,0.007081807081807082,0.0014652014652014652,348.25,-30.62,10.75,xinchao0
0.006105006105006105,0.013186813186813187,0.025152625152625153,0.007814407814407814,0.0014652014652014652,358.31,-42.69,25.06,xinchao0
0.006349206349206349,0.013186813186813187,0.026862026862026864,0.00927960927960928,0.0014652014652014652,10.81,-50.25,48.94,xinchao0
0.006349206349206349,0.013675213675213675,0.028327228327228327,0.010256410256410256,0.0014652014652014652,18.19,-50.94,59.69,xinchao0
0.006349206349206349,0.014407814407814409,0.029304029304029304,0.011233211233211233,0.001221001221001221,13.56,-50.5,48.13,xinchao0
0.006105006105006105,0.01514041514041514,0.03028083028083028,0.011965811965811967,0.001221001221001221,3.06,-45.25,24.87,xinchao0
0.005860805860805861,0.01562881562881563,0.031013431013431014,0.012942612942612943,0.001221001221001221,351.12,-31.31,7.31,xinchao0
0.005616605616605617,0.015873015873015872,0.0315018315018315,0.01391941391941392,0.001221001221001221,345.5,-21.75,-0.31,xinchao0
0.005616605616605617,0.015873015873015872,0.03199023199023199,0.014652014652014652,0.001221001221001221,348.81,-28.25,3.25,xinchao0
0.005616605616605617,0.01562881562881563,0.03223443223443224,0.01514041514041514,0.0,357.37,-41.13,14.63,xinchao0
0.005616605616605617,0.01562881562881563,0.03223443223443224,0.01562881562881563,0.0007326007326007326,8.94,-50.75,37.44,xinchao0
0.005860805860805861,0.015384615384615385,0.03223443223443224,0.015873015873015872,0.001221001221001221,16.25,-52.5,52.56,xinchao0
0.005860805860805861,0.01562881562881563,0.03199023199023199,0.01611721611721612,0.0017094017094017094,12.56,-51.88,46.06,xinchao0
0.005616605616605617,0.015873015873015872,0.03199023199023199,0.01611721611721612,0.0019536019536019536,0.19,-44.5,24.37,xinchao0
0.005616605616605617,0.01611721611721612,0.03199023199023199,0.016361416361416362,0.002197802197802198,348.81,-29.5,8.38,xinchao0
0.005616605616605617,0.01611721611721612,0.03199023199023199,0.016361416361416362,0.002442002442002442,345.5,-23.5,3.31,xinchao0
0.005616605616605617,0.01611721611721612,0.03199023199023199,0.016361416361416362,0.002442002442002442,350.19,-31.25,8.75,xinchao0
0.005616605616605617,0.015873015873015872,0.03199023199023199,0.01611721611721612,0.0014652014652014652,0.31,-44.19,22.37,xinchao0
0.005860805860805861,0.01562881562881563,0.03199023199023199,0.01562881562881563,0.0007326007326007326,12.31,-51.56,44.13,xinchao0
0.005860805860805861,0.015384615384615385,0.031746031746031744,0.015384615384615385,0.0002442002442002442,17.81,-51.94,56.56,xinchao0
0.005860805860805861,0.01562881562881563,0.0315018315018315,0.014896214896214897,0.0002442002442002442,13.19,-50.5,47.06,xinchao0
0.005860805860805861,0.01562881562881563,0.03125763125763126,0.014652014652014652,0.0004884004884004884,3.5,-43.44,29.0,xinchao0
0.005860805860805861,0.015873015873015872,0.03076923076923077,0.014652014652014652,0.0007326007326007326,355.62,-33.19,17.25,xinchao0
0.005860805860805861,0.015873015873015872,0.03076923076923077,0.014407814407814409,0.0019536019536019536,352.37,-28.44,12.88,xinchao0
0.005860805860805861,0.015873015873015872,0.030525030525030524,0.014407814407814409,0.0029304029304029304,356.06,-34.0,17.44,xinchao0
0.005860805860805861,0.01562881562881563,0.030525030525030524,0.014163614163614164,0.003418803418803419,3.94,-43.25,28.0,xinchao0
0.005860805860805861,0.01562881562881563,0.030525030525030524,0.014163614163614164,0.002686202686202686,12.38,-49.31,42.56,xinchao0
0.005616605616605617,0.015873015873015872,0.030525030525030524,0.014163614163614164,0.001221001221001221,16.94,-51.0,53.25,xinchao0
0.005616605616605617,0.01611721611721612,0.03028083028083028,0.014163614163614164,0.0,12.44,-49.25,44.63,xinchao0
0.005616605616605617,0.016361416361416362,0.03028083028083028,0.014163614163614164,0.0007326007326007326,3.31,-41.38,28.69,xinchao0
0.005616605616605617,0.016605616605616606,0.030036630036630037,0.014163614163614164,0.002442002442002442,355.31,-31.25,16.87,xinchao0
0.005616605616605617,0.016605616605616606,0.029792429792429794,0.014163614163614164,0.003663003663003663,353.12,-29.19,13.63,xinchao0
0.005616605616605617,0.016361416361416362,0.030036630036630037,0.014163614163614164,0.003418803418803419,357.75,-35.25,19.06,xinchao0
0.005860805860805861,0.016361416361416362,0.030036630036630037,0.014407814407814409,0.0019536019536019536,8.19,-44.5,33.56,xinchao0
0.006105006105006105,0.01611721611721612,0.03028083028083028,0.014407814407814409,0.0009768009768009768,20.25,-48.5,53.81,xinchao0
0.006105006105006105,0.01684981684981685,0.03076923076923077,0.014652014652014652,0.0002442002442002442,26.12,-47.44,63.56,xinchao0
0.006349206349206349,0.01733821733821734,0.03125763125763126,0.014652014652014652,0.0002442002442002442,20.75,-46.75,53.0,xinchao0
0.006349206349206349,0.018070818070818073,0.03199023199023199,0.014896214896214897,0.0004884004884004884,10.19,-42.69,35.06,xinchao0
0.006349206349206349,0.018803418803418803,0.03223443223443224,0.01514041514041514,0.0007326007326007326,0.19,-35.19,20.37,xinchao0
0.006349206349206349,0.019291819291819293,0.032722832722832725,0.01514041514041514,0.0009768009768009768,351.87,-26.44,9.81,xinchao0
0.006593406593406593,0.019291819291819293,0.03296703296703297,0.015384615384615385,0.0009768009768009768,351.19,-26.87,8.63,xinchao0
0.006593406593406593,0.019291819291819293,0.033455433455433455,0.015384615384615385,0.0009768009768009768,358.06,-36.63,15.81,xinchao0
0.006593406593406593,0.019291819291819293,0.0336996336996337,0.01562881562881563,0.0009768009768009768,10.25,-46.81,33.31,xinchao0
0.006593406593406593,0.019291819291819293,0.03394383394383394,0.01562881562881563,0.0009768009768009768,22.87,-49.31,57.25,xinchao0
0.006593406593406593,0.01978021978021978,0.03418803418803419,0.01562881562881563,0.0009768009768009768,26.81,-48.81,64.44,xinchao0
0.006593406593406593,0.020024420024420026,0.03418803418803419,0.01562881562881563,0.0,17.87,-49.19,49.94,xinchao0
0.006349206349206349,0.02026862026862027,0.034432234432234435,0.015873015873015872,0.0007326007326007326,4.44,-43.13,28.25,xinchao0
0.006349206349206349,0.02026862026862027,0.034432234432234435,0.015873015873015872,0.0014652014652014652,354.19,-33.19,14.88,xinchao0
0.006105006105006105,0.02026862026862027,0.03418803418803419,0.015873015873015872,0.0017094017094017094,350.56,-28.62,8.69,xinchao0
0.006105006105006105,0.020024420024420026,0.03394383394383394,0.015873015873015872,0.0019536019536019536,355.06,-34.63,13.44,xinchao0
0.006105006105006105,0.01978021978021978,0.03394383394383394,0.015873015873015872,0.002197802197802198,5.87,-44.13,27.87,xinchao0
0.006105006105006105,0.01978021978021978,0.0336996336996337,0.015873015873015872,0.002442002442002442,16.56,-48.56,45.5,xinchao0
0.006105006105006105,0.019536019536019536,0.0336996336996337,0.015873015873015872,0.002442002442002442,20.81,-48.63,53.13,xinchao0
0.006105006105006105,0.019536019536019536,0.033455433455433455,0.015873015873015872,0.002686202686202686,17.37,-47.69,50.63,xinchao0
0.006105006105006105,0.01978021978021978,0.033455433455433455,0.015873015873015872,0.002686202686202686,5.44,-43.44,34.94,xinchao0
0.006105006105006105,0.01978021978021978,0.03321123321123321,0.015873015873015872,0.0014652014652014652,353.56,-33.31,18.56,xinchao0
0.006105006105006105,0.01978021978021978,0.033455433455433455,0.015873015873015872,0.0007326007326007326,349.56,-28.31,14.75,xinchao0
0.006105006105006105,0.019536019536019536,0.033455433455433455,0.015873015873015872,0.0002442002442002442,353.69,-34.06,19.81,xinchao0
0.006105006105006105,0.019291819291819293,0.033455433455433455,0.015873015873015872,0.0002442002442002442,4.62,-44.56,34.44,xinchao0
0.006105006105006105,0.01904761904761905,0.033455433455433455,0.015873015873015872,0.0004884004884004884,16.56,-48.56,54.88,xinchao0
0.006105006105006105,0.01904761904761905,0.033455433455433455,0.015873015873015872,0.0007326007326007326,20.12,-48.13,62.25,xinchao0
0.006105006105006105,0.019291819291819293,0.033455433455433455,0.015873015873015872,0.0007326007326007326,13.88,-47.63,52.81,xinchao0
0.005860805860805861,0.019536019536019536,0.033455433455433455,0.01611721611721612,0.0002442002442002442,1.06,-42.31,31.5,xinchao0
0.005860805860805861,0.01978021978021978,0.0336996336996337,0.01611721611721612,0.002197802197802198,349.12,-30.12,14.44,xinchao0
0.005616605616605617,0.01978021978021978,0.0336996336996337,0.01611721611721612,0.003418803418803419,344.75,-25.62,9.88,xinchao0
0.005616605616605617,0.019536019536019536,0.0336996336996337,0.016361416361416362,0.004395604395604396,351.25,-35.0,17.94,xinchao0
0.005372405372405372,0.019291819291819293,0.0336996336996337,0.016361416361416362,0.003907203907203907,5.31,-46.5,38.25,xinchao0
0.005372405372405372,0.019291819291819293,0.0336996336996337,0.016361416361416362,0.003418803418803419,17.75,-49.69,60.13,xinchao0
0.005372405372405372,0.019291819291819293,0.033455433455433455,0.016361416361416362,0.0031746031746031746,21.19,-49.63,65.12,xinchao0
0.005372405372405372,0.019536019536019536,0.033455433455433455,0.016361416361416362,0.0019536019536019536,11.56,-47.88,50.5,xinchao0
0.005372405372405372,0.019536019536019536,0.03321123321123321,0.016361416361416362,0.0009768009768009768,358.19,-39.5,30.19,xinchao0
0.005372405372405372,0.01978021978021978,0.03296703296703297,0.016361416361416362,0.0004884004884004884,349.62,-31.06,16.81,xinchao0
0.005372405372405372,0.01978021978021978,0.032722832722832725,0.016361416361416362,0.0002442002442002442,350.37,-30.87,17.19,xinchao0
0.005616605616605617,0.019291819291819293,0.032722832722832725,0.016361416361416362,0.0004884004884004884,0.25,-39.25,28.5,xinchao0
0.005860805860805861,0.01904761904761905,0.032722832722832725,0.016361416361416362,0.0007326007326007326,14.13,-46.13,49.81,xinchao0
0.005860805860805861,0.01904761904761905,0.032722832722832725,0.01611721611721612,0.0009768009768009768,24.0,-45.56,64.44,xinchao0
0.006105006105006105,0.01904761904761905,0.032722832722832725,0.01611721611721612,0.0009768009768009768,21.12,-44.94,59.94,xinchao0
0.005860805860805861,0.01904761904761905,0.032722832722832725,0.01611721611721612,0.001221001221001221,8.81,-40.5,41.25,xinchao0
0.005616605616605617,0.01904761904761905,0.032722832722832725,0.01611721611721612,0.002197802197802198,356.75,-30.25,23.31,xinchao0
0.005616605616605617,0.018803418803418803,0.032722832722832725,0.01611721611721612,0.0031746031746031746,353.06,-27.81,16.12,xinchao0
0.005616605616605617,0.01855921855921856,0.03247863247863248,0.01611721611721612,0.002686202686202686,358.62,-36.88,22.44,xinchao0
0.005616605616605617,0.018315018315018316,0.03223443223443224,0.015873015873015872,0.002197802197802198,9.06,-46.94,37.25,xinchao0
0.005860805860805861,0.018070818070818073,0.03199023199023199,0.015873015873015872,0.0019536019536019536,17.75,-50.63,53.63,xinchao0
0.005860805860805861,0.018070818070818073,0.031746031746031744,0.01562881562881563,0.0004884004884004884,20.87,-48.94,61.06,xinchao0
0.005860805860805861,0.018315018315018316,0.031746031746031744,0.015384615384615385,0.0004884004884004884,13.0,-45.44,48.88,xinchao0
0.005860805860805861,0.018315018315018316,0.0315018315018315,0.015384615384615385,0.0009768009768009768,359.75,-37.31,30.69,xinchao0
0.005860805860805861,0.018315018315018316,0.0315018315018315,0.01514041514041514,0.0014652014652014652,351.06,-30.12,21.31,xinchao0
0.005860805860805861,0.018315018315018316,0.0315018315018315,0.01514041514041514,0.0007326007326007326,349.81,-29.94,19.5,xinchao0
0.005860805860805861,0.018070818070818073,0.0315018315018315,0.01514041514041514,0.0002442002442002442,358.87,-38.69,28.75,xinchao0
0.005860805860805861,0.018070818070818073,0.0315018315018315,0.01514041514041514,0.0002442002442002442,14.31,-46.0,50.75,xinchao0
0.006105006105006105,0.017826617826617826,0.0315018315018315,0.01514041514041514,0.0004884004884004884,26.06,-45.56,68.5,xinchao0
0.006105006105006105,0.018070818070818073,0.0315018315018315,0.01514041514041514,0.0007326007326007326,24.94,-44.94,66.81,xinchao0
0.005860805860805861,0.01855921855921856,0.0315018315018315,0.01514041514041514,0.0007326007326007326,12.88,-42.81,50.5,xinchao0
0.005860805860805861,0.018803418803418803,0.03125763125763126,0.01514041514041514,0.0009768009768009768,358.75,-35.19,32.38,xinchao0
0.005616605616605617,0.01904761904761905,0.03125763125763126,0.014896214896214897,0.0009768009768009768,347.75,-26.44,15.56,xinchao0
0.005860805860805861,0.018803418803418803,0.03125763125763126,0.014896214896214897,0.0009768009768009768,348.69,-29.81,17.06,xinchao0
0.005860805860805861,0.01855921855921856,0.0315018315018315,0.014896214896214897,0.0009768009768009768,359.31,-40.88,29.5,xinchao0
0.006105006105006105,0.018070818070818073,0.0315018315018315,0.014652014652014652,0.002197802197802198,12.81,-47.75,49.94,xinchao0
0.006105006105006105,0.018070818070818073,0.0315018315018315,0.014652014652014652,0.0031746031746031746,23.56,-47.38,67.75,xinchao0
0.005860805860805861,0.018070818070818073,0.03125763125763126,0.014652014652014652,0.002442002442002442,23.19,-47.13,68.06,xinchao0
0.005860805860805861,0.018315018315018316,0.031013431013431014,0.014652014652014652,0.002197802197802198,12.25,-46.19,53.06,xinchao0
0.005616605616605617,0.018315018315018316,0.030525030525030524,0.014652014652014652,0.0007326007326007326,357.75,-39.56,33.88,xinchao0
0.005372405372405372,0.01855921855921856,0.030525030525030524,0.014652014652014652,0.0002442002442002442,348.62,-31.5,19.81,xinchao0
0.005372405372405372,0.018803418803418803,0.03028083028083028,0.014652014652014652,0.0009768009768009768,349.31,-34.5,20.25,xinchao0
0.005128205128205128,0.018315018315018316,0.03028083028083028,0.014652014652014652,0.0014652014652014652,359.37,-43.38,32.56,xinchao0
0.005128205128205128,0.017826617826617826,0.03028083028083028,0.014652014652014652,0.0017094017094017094,13.19,-48.13,54.75,xinchao0
0.005128205128205128,0.017826617826617826,0.03028083028083028,0.014652014652014652,0.0019536019536019536,22.87,-46.56,70.5,xinchao0
0.005128205128205128,0.017826617826617826,0.03028083028083028,0.014652014652014652,0.002197802197802198,23.06,-45.94,71.12,xinchao0
0.005372405372405372,0.018070818070818073,0.03028083028083028,0.014652014652014652,0.002197802197802198,13.0,-45.94,56.06,xinchao0
0.005372405372405372,0.018315018315018316,0.030036630036630037,0.014652014652014652,0.001221001221001221,359.37,-41.06,34.69,xinchao0
0.005616605616605617,0.018315018315018316,0.030036630036630037,0.014652014652014652,0.0004884004884004884,349.31,-32.0,19.75,xinchao0
0.005616605616605617,0.01855921855921856,0.029792429792429794,0.014652014652014652,0.0,348.56,-32.56,17.75,xinchao0
0.005616605616605617,0.018070818070818073,0.030036630036630037,0.014652014652014652,0.0004884004884004884,356.81,-41.19,28.75,xinchao0
0.005860805860805861,0.017826617826617826,0.03028083028083028,0.014896214896214897,0.0007326007326007326,10.56,-47.25,49.81,xinchao0
0.005860805860805861,0.017826617826617826,0.03028083028083028,0.014896214896214897,0.0009768009768009768,23.37,-46.0,68.75,xinchao0
0.005860805860805861,0.017826617826617826,0.03028083028083028,0.014896214896214897,0.002197802197802198,26.87,-44.5,72.06,xinchao0
0.005860805860805861,0.018070818070818073,0.030036630036630037,0.014652014652014652,0.0029304029304029304,15.81,-44.81,56.75,xinchao0
0.005616605616605617,0.018315018315018316,0.030036630036630037,0.014652014652014652,0.003663003663003663,1.87,-40.75,35.13,xinchao0
0.005372405372405372,0.01855921855921856,0.029792429792429794,0.014652014652014652,0.003907203907203907,353.06,-34.81,22.37,xinchao0
0.005128205128205128,0.01855921855921856,0.029792429792429794,0.014652014652014652,0.0019536019536019536,351.31,-34.06,19.62,xinchao0
0.005128205128205128,0.018315018315018316,0.029792429792429794,0.014652014652014652,0.0007326007326007326,357.87,-40.69,27.81,xinchao0
0.005128205128205128,0.018070818070818073,0.030036630036630037,0.014652014652014652,0.0002442002442002442,9.94,-46.69,43.5,xinchao0
0.005128205128205128,0.018070818070818073,0.03028083028083028,0.014652014652014652,0.0009768009768009768,21.06,-47.19,61.0,xinchao0
0.005372405372405372,0.018070818070818073,0.03028083028083028,0.014652014652014652,0.0002442002442002442,27.12,-45.63,69.44,xinchao0
0.005372405372405372,0.018070818070818073,0.030036630036630037,0.014652014652014652,0.0002442002442002442,22.12,-45.0,62.06,xinchao0
0.005372405372405372,0.018315018315018316,0.030036630036630037,0.014896214896214897,0.0004884004884004884,10.31,-42.19,44.19,xinchao0
0.005372405372405372,0.018315018315018316,0.029792429792429794,0.014896214896214897,0.0007326007326007326,358.81,-34.13,26.56,xinchao0
0.005372405372405372,0.018315018315018316,0.029792429792429794,0.014896214896214897,0.0009768009768009768,354.5,-30.37,19.44,xinchao0
0.005372405372405372,0.018070818070818073,0.030036630036630037,0.014896214896214897,0.0009768009768009768,358.25,-34.88,24.5,xinchao0
0.005616605616605617,0.018070818070818073,0.030036630036630037,0.014896214896214897,0.001221001221001221,8.31,-42.31,38.94,xinchao0
0.005616605616605617,0.017826617826617826,0.03028083028083028,0.014896214896214897,0.001221001221001221,20.12,-44.94,56.19,xinchao0
0.005616605616605617,0.017826617826617826,0.03028083028083028,0.014896214896214897,0.002442002442002442,25.12,-43.06,68.5,xinchao0
0.005616605616605617,0.017826617826617826,0.03028083028083028,0.014896214896214897,0.0031746031746031746,23.12,-42.56,66.25,xinchao0
0.005372405372405372,0.018070818070818073,0.030036630036630037,0.014896214896214897,0.003663003663003663,13.5,-41.69,52.0,xinchao0
0.005372405372405372,0.018315018315018316,0.029792429792429794,0.014896214896214897,0.004151404151404151,1.19,-36.88,33.81,xinchao0
0.005372405372405372,0.018315018315018316,0.029792429792429794,0.014896214896214897,0.004395604395604396,354.37,-31.75,23.25,xinchao0
0.005616605616605617,0.018315018315018316,0.029792429792429794,0.014896214896214897,0.00463980463980464,355.31,-33.75,26.06,xinchao0
0.005616605616605617,0.017826617826617826,0.029792429792429794,0.014896214896214897,0.003663003663003663,3.0,-39.88,38.63,xinchao0
0.005616605616605617,0.017582417582417582,0.029548229548229547,0.014896214896214897,0.0029304029304029304,14.63,-42.38,54.81,xinchao0
0.005616605616605617,0.01733821733821734,0.029548229548229547,0.014896214896214897,0.002442002442002442,25.12,-40.81,68.44,xinchao0
0.005616605616605617,0.01733821733821734,0.02905982905982906,0.014652014652014652,0.0019536019536019536,22.94,-40.38,64.37,xinchao0
0.005616605616605617,0.017582417582417582,0.028815628815628817,0.014652014652014652,0.0017094017094017094,11.88,-38.63,48.13,xinchao0
0.005616605616605617,0.017582417582417582,0.02857142857142857,0.014652014652014652,0.0002442002442002442,359.69,-34.31,31.0,xinchao0
0.005616605616605617,0.017826617826617826,0.028327228327228327,0.014652014652014652,0.0004884004884004884,351.5,-29.62,21.37,xinchao0
0.005616605616605617,0.017582417582417582,0.028327228327228327,0.014896214896214897,0.001221001221001221,351.87,-32.13,23.06,xinchao0
0.005860805860805861,0.017582417582417582,0.028083028083028084,0.014896214896214897,0.0017094017094017094,0.37,-39.69,34.56,xinchao0
0.005860805860805861,0.01733821733821734,0.028083028083028084,0.014896214896214897,0.0019536019536019536,13.44,-44.25,53.5,xinchao0
0.005860805860805861,0.017094017094017096,0.028083028083028084,0.014896214896214897,0.0009768009768009768,24.25,-43.31,67.56,xinchao0
0.005860805860805861,0.017094017094017096,0.028083028083028084,0.014896214896214897,0.0004884004884004884,23.81,-42.94,65.06,xinchao0
0.005860805860805861,0.017582417582417582,0.028083028083028084,0.014652014652014652,0.0,12.75,-41.5,49.44,xinchao0
0.005860805860805861,0.017826617826617826,0.028327228327228327,0.014652014652014652,0.0004884004884004884,359.31,-35.06,31.31,xinchao0
0.005860805860805861,0.017826617826617826,0.02857142857142857,0.014652014652014652,0.0007326007326007326,351.06,-30.94,19.94,xinchao0
0.005860805860805861,0.017826617826617826,0.028815628815628817,0.014652014652014652,0.0009768009768009768,351.81,-34.44,22.5,xinchao0
0.005860805860805861,0.017826617826617826,0.028815628815628817,0.014896214896214897,0.0009768009768009768,1.19,-41.69,34.81,xinchao0
0.005860805860805861,0.017826617826617826,0.02905982905982906,0.014896214896214897,0.0009768009768009768,17.5,-45.13,56.81,xinchao0
0.005860805860805861,0.017826617826617826,0.02905982905982906,0.014896214896214897,0.0002442002442002442,29.31,-41.81,69.5,xinchao0
0.005860805860805861,0.017826617826617826,0.02905982905982906,0.014896214896214897,0.0009768009768009768,26.44,-41.56,67.06,xinchao0
0.005616605616605617,0.018070818070818073,0.02905982905982906,0.014896214896214897,0.0014652014652014652,12.56,-41.06,51.81,xinchao0
0.005372405372405372,0.018315018315018316,0.02905982905982906,0.014896214896214897,0.0019536019536019536,357.62,-35.94,32.88,xinchao0
0.005372405372405372,0.018315018315018316,0.02905982905982906,0.014896214896214897,0.002197802197802198,349.56,-32.31,22.87,xinchao0
0.005372405372405372,0.018315018315018316,0.029304029304029304,0.014896214896214897,0.002442002442002442,352.0,-35.31,26.31,xinchao0
0.005372405372405372,0.018070818070818073,0.029548229548229547,0.01514041514041514,0.002442002442002442,2.0,-41.56,36.13,xinchao0
0.005372405372405372,0.017826617826617826,0.029792429792429794,0.01514041514041514,0.002686202686202686,12.88,-45.25,49.5,xinchao0
0.005372405372405372,0.017582417582417582,0.029792429792429794,0.01514041514041514,0.002686202686202686,22.94,-46.0,62.19,xinchao0
0.005372405372405372,0.017582417582417582,0.029792429792429794,0.01514041514041514,0.002686202686202686,26.69,-44.25,66.0,xinchao0
0.005372405372405372,0.01733821733821734,0.029304029304029304,0.014407814407814409,0.002686202686202686,21.31,-43.5,59.63,xinchao0
0.005128205128205128,0.017094017094017096,0.028815628815628817,0.014163614163614164,0.002686202686202686,9.88,-41.06,45.75,xinchao0
0.005128205128205128,0.016605616605616606,0.02857142857142857,0.01391941391941392,0.0017094017094017094,358.75,-35.69,30.62,xinchao0
0.005128205128205128,0.016361416361416362,0.028327228327228327,0.013675213675213675,0.0007326007326007326,354.62,-34.44,23.0,xinchao0
0.005128205128205128,0.015873015873015872,0.028083028083028084,0.013675213675213675,0.0002442002442002442,359.0,-38.81,29.5,xinchao0
0.005372405372405372,0.01514041514041514,0.028083028083028084,0.013431013431013432,0.0002442002442002442,10.38,-44.75,44.38,xinchao0
0.005372405372405372,0.014652014652014652,0.028083028083028084,0.013431013431013432,0.0004884004884004884,22.81,-46.0,62.69,xinchao0
0.005372405372405372,0.014407814407814409,0.028083028083028084,0.013186813186813187,0.0019536019536019536,28.44,-43.94,73.25,xinchao0
0.005372405372405372,0.014407814407814409,0.02783882783882784,0.013186813186813187,0.0029304029304029304,24.56,-43.38,68.75,xinchao0
0.005372405372405372,0.014407814407814409,0.027594627594627594,0.013186813186813187,0.003663003663003663,14.19,-42.75,55.0,xinchao0
0.005372405372405372,0.014652014652014652,0.02735042735042735,0.013431013431013432,0.004151404151404151,2.37,-39.38,38.44,xinchao0
0.005372405372405372,0.014896214896214897,0.02735042735042735,0.013431013431013432,0.004395604395604396,352.81,-33.56,26.94,xinchao0
0.005616605616605617,0.014652014652014652,0.02735042735042735,0.013431013431013432,0.00463980463980464,349.94,-33.0,22.69,xinchao0
0.005616605616605617,0.014407814407814409,0.02735042735042735,0.013431013431013432,0.003663003663003663,354.25,-36.88,28.69,xinchao0
0.005860805860805861,0.014163614163614164,0.02735042735042735,0.013675213675213675,0.0029304029304029304,4.75,-42.19,40.31,xinchao0
0.005860805860805861,0.01391941391941392,0.02735042735042735,0.013675213675213675,0.002442002442002442,17.75,-43.75,55.81,xinchao0
0.005860805860805861,0.01391941391941392,0.02735042735042735,0.013675213675213675,0.0019536019536019536,25.69,-42.31,64.56,xinchao0
0.005616605616605617,0.014163614163614164,0.02735042735042735,0.013675213675213675,0.0007326007326007326,22.81,-42.13,61.19,xinchao0
0.005616605616605617,0.014407814407814409,0.02735042735042735,0.013675213675213675,0.0002442002442002442,12.25,-41.25,49.31,xinchao0
0.005372405372405372,0.014407814407814409,0.02735042735042735,0.013675213675213675,0.0009768009768009768,0.31,-36.94,34.38,xinchao0
0.005372405372405372,0.014652014652014652,0.02735042735042735,0.013675213675213675,0.0014652014652014652,352.37,-33.06,25.12,xinchao0
0.005372405372405372,0.014652014652014652,0.027594627594627594,0.013675213675213675,0.0007326007326007326,351.44,-34.44,23.37,xinchao0
0.005372405372405372,0.014652014652014652,0.02783882783882784,0.013675213675213675,0.0002442002442002442,357.44,-38.63,30.31,xinchao0
0.005372405372405372,0.014652014652014652,0.02783882783882784,0.013675213675213675,0.0002442002442002442,9.5,-42.81,43.13,xinchao0
0.005372405372405372,0.014652014652014652,0.028083028083028084,0.01391941391941392,0.0004884004884004884,23.06,-42.56,60.06,xinchao0
0.005372405372405372,0.014652014652014652,0.028327228327228327,0.01391941391941392,0.0007326007326007326,29.12,-41.38,69.56,xinchao0
0.005372405372405372,0.01514041514041514,0.028327228327228327,0.01391941391941392,0.0009768009768009768,21.75,-41.63,62.19,xinchao0
0.005128205128205128,0.015384615384615385,0.02857142857142857,0.01391941391941392,0.0009768009768009768,9.25,-39.31,45.44,xinchao0
0.005128205128205128,0.01562881562881563,0.028815628815628817,0.01391941391941392,0.001221001221001221,358.75,-34.13,31.06,xinchao0
0.004884004884004884,0.01562881562881563,0.028815628815628817,0.014163614163614164,0.001221001221001221,352.12,-30.19,20.75,xinchao0
0.004884004884004884,0.015384615384615385,0.028815628815628817,0.014163614163614164,0.001221001221001221,354.62,-33.56,24.69,xinchao0
0.004884004884004884,0.014896214896214897,0.028815628815628817,0.014163614163614164,0.001221001221001221,4.25,-40.44,37.81,xinchao0
0.005128205128205128,0.014407814407814409,0.028815628815628817,0.01391941391941392,0.002442002442002442,16.56,-44.13,55.13,xinchao0
0.005372405372405372,0.01391941391941392,0.028815628815628817,0.013675213675213675,0.0031746031746031746,24.62,-43.31,66.12,xinchao0
0.005372405372405372,0.013675213675213675,0.02857142857142857,0.013675213675213675,0.003663003663003663,22.12,-42.44,60.5,xinchao0
0.005128205128205128,0.01391941391941392,0.028327228327228327,0.013431013431013432,0.004151404151404151,13.0,-40.0,48.0,xinchao0
0.005128205128205128,0.014163614163614164,0.028327228327228327,0.013431013431013432,0.0031746031746031746,2.37,-34.88,35.19,xinchao0
0.005128205128205128,0.014407814407814409,0.028083028083028084,0.013431013431013432,0.002686202686202686,355.75,-31.37,25.62,xinchao0
0.005128205128205128,0.014407814407814409,0.028083028083028084,0.013431013431013432,0.0009768009768009768,355.25,-33.38,25.44,xinchao0
0.005372405372405372,0.01391941391941392,0.02783882783882784,0.013431013431013432,0.0,1.75,-39.69,33.13,xinchao0
0.005372405372405372,0.013431013431013432,0.027594627594627594,0.013431013431013432,0.0009768009768009768,12.06,-44.88,46.31,xinchao0
0.005372405372405372,0.012942612942612943,0.027594627594627594,0.013431013431013432,0.0014652014652014652,20.87,-46.19,58.88,xinchao0
0.005372405372405372,0.012698412698412698,0.02735042735042735,0.013431013431013432,0.0019536019536019536,21.44,-45.63,60.38,xinchao0
0.005372405372405372,0.013186813186813187,0.027106227106227107,0.013431013431013432,0.002197802197802198,15.25,-43.69,51.94,xinchao0
0.005372405372405372,0.013431013431013432,0.026862026862026864,0.013431013431013432,0.002442002442002442,5.31,-38.56,38.63,xinchao0
0.005616605616605617,0.013675213675213675,0.026862026862026864,0.013186813186813187,0.001221001221001221,356.62,-32.25,28.0,xinchao0
0.005616605616605617,0.013675213675213675,0.026862026862026864,0.013186813186813187,0.0004884004884004884,353.06,-30.75,22.94,xinchao0
0.005860805860805861,0.013431013431013432,0.027106227106227107,0.012942612942612943,0.0,355.12,-34.38,25.62,xinchao0
0.005860805860805861,0.013431013431013432,0.027106227106227107,0.012698412698412698,0.0004884004884004884,4.06,-41.38,35.81,xinchao0
0.005860805860805861,0.013186813186813187,0.027106227106227107,0.012698412698412698,0.0007326007326007326,16.31,-46.25,52.56,xinchao0
0.005860805860805861,0.013186813186813187,0.027106227106227107,0.012942612942612943,0.0002442002442002442,24.94,-46.75,67.19,xinchao0
0.005860805860805861,0.013431013431013432,0.02735042735042735,0.013186813186813187,0.0009768009768009768,23.19,-47.06,66.06,xinchao0
0.005860805860805861,0.014163614163614164,0.02735042735042735,0.013186813186813187,0.0014652014652014652,11.06,-44.06,47.13,xinchao0
0.005860805860805861,0.014896214896214897,0.027594627594627594,0.013431013431013432,0.0017094017094017094,0.06,-37.56,29.56,xinchao0
0.005860805860805861,0.01514041514041514,0.028327228327228327,0.013431013431013432,0.0019536019536019536,352.06,-30.44,17.62,xinchao0
0.005860805860805861,0.01562881562881563,0.028815628815628817,0.013675213675213675,0.002197802197802198,352.56,-32.25,17.12,xinchao0
0.006105006105006105,0.01562881562881563,0.029304029304029304,0.013675213675213675,0.002442002442002442,0.31,-41.19,27.69,xinchao0
0.006105006105006105,0.01562881562881563,0.029548229548229547,0.013675213675213675,0.002442002442002442,11.5,-48.19,47.06,xinchao0
0.006105006105006105,0.01562881562881563,0.029792429792429794,0.013675213675213675,0.002686202686202686,22.44,-48.44,64.37,xinchao0
0.006105006105006105,0.015873015873015872,0.029792429792429794,0.013675213675213675,0.002686202686202686,23.56,-47.81,63.56,xinchao0
0.005860805860805861,0.016361416361416362,0.030036630036630037,0.01391941391941392,0.0014652014652014652,13.56,-46.44,45.81,xinchao0
0.005860805860805861,0.01684981684981685,0.030525030525030524,0.01391941391941392,0.0007326007326007326,0.88,-38.56,25.69,xinchao0
0.005860805860805861,0.01733821733821734,0.03125763125763126,0.014163614163614164,0.0002442002442002442,352.62,-30.06,15.88,xinchao0
0.005860805860805861,0.017582417582417582,0.03223443223443224,0.014163614163614164,0.0002442002442002442,352.31,-30.37,15.25,xinchao0
0.006105006105006105,0.017582417582417582,0.03296703296703297,0.014407814407814409,0.0004884004884004884,0.0,-37.94,24.25,xinchao0
0.006105006105006105,0.017582417582417582,0.033455433455433455,0.014407814407814409,0.0007326007326007326,10.56,-44.06,41.06,xinchao0
0.006349206349206349,0.017582417582417582,0.0336996336996337,0.014407814407814409,0.0009768009768009768,21.62,-46.0,59.94,xinchao0
0.006105006105006105,0.017582417582417582,0.03394383394383394,0.014407814407814409,0.0009768009768009768,25.19,-44.88,67.0,xinchao0
0.006105006105006105,0.017582417582417582,0.03394383394383394,0.014407814407814409,0.001221001221001221,18.19,-44.44,52.63,xinchao0
0.005860805860805861,0.017826617826617826,0.0336996336996337,0.014652014652014652,0.001221001221001221,7.56,-39.44,32.13,xinchao0
0.005860805860805861,0.018070818070818073,0.0336996336996337,0.014652014652014652,0.001221001221001221,359.94,-31.62,21.19,xinchao0
0.005860805860805861,0.017826617826617826,0.033455433455433455,0.014652014652014652,0.0,355.69,-27.5,14.69,xinchao0
0.005860805860805861,0.017826617826617826,0.033455433455433455,0.014652014652014652,0.0009768009768009768,359.06,-32.38,19.31,xinchao0
0.005860805860805861,0.017582417582417582,0.03321123321123321,0.014652014652014652,0.0014652014652014652,7.56,-41.06,33.63,xinchao0
0.005860805860805861,0.01733821733821734,0.03321123321123321,0.014652014652014652,0.0017094017094017094,18.19,-45.56,53.13,xinchao0
0.005616605616605617,0.01733821733821734,0.03321123321123321,0.014652014652014652,0.0009768009768009768,26.19,-44.13,67.94,xinchao0
0.005616605616605617,0.01733821733821734,0.03296703296703297,0.014407814407814409,0.0002442002442002442,25.44,-44.75,66.37,xinchao0
0.005616605616605617,0.01733821733821734,0.032722832722832725,0.014407814407814409,0.0,16.5,-44.56,50.63,xinchao0
0.005372405372405372,0.017094017094017096,0.03247863247863248,0.014407814407814409,0.0004884004884004884,6.31,-39.5,32.25,xinchao0
0.005372405372405372,0.017094017094017096,0.03247863247863248,0.014407814407814409,0.0007326007326007326,358.44,-32.81,20.06,xinchao0
0.005372405372405372,0.01684981684981685,0.03223443223443224,0.014652014652014652,0.0019536019536019536,357.75,-33.63,18.06,xinchao0
0.005372405372405372,0.01684981684981685,0.03223443223443224,0.014652014652014652,0.0029304029304029304,4.0,-41.88,29.19,xinchao0
0.005372405372405372,0.016605616605616606,0.03223443223443224,0.014652014652014652,0.003663003663003663,14.75,-48.25,52.0,xinchao0
0.005372405372405372,0.016605616605616606,0.03223443223443224,0.014652014652014652,0.0029304029304029304,25.0,-47.25,73.75,xinchao0
0.005372405372405372,0.016605616605616606,0.03199023199023199,0.014652014652014652,0.002442002442002442,24.44,-47.25,71.75,xinchao0
0.005372405372405372,0.017094017094017096,0.03199023199023199,0.014652014652014652,0.0009768009768009768,13.75,-46.75,51.31,xinchao0
0.005128205128205128,0.01733821733821734,0.03199023199023199,0.014652014652014652,0.0002442002442002442,3.12,-41.19,30.37,xinchao0
0.005128205128205128,0.017582417582417582,0.031746031746031744,0.014652014652014652,0.0009768009768009768,354.81,-33.81,17.62,xinchao0
0.005128205128205128,0.01733821733821734,0.0315018315018315,0.014652014652014652,0.0014652014652014652,353.94,-34.44,15.25,xinchao0
0.005128205128205128,0.017094017094017096,0.0315018315018315,0.014652014652014652,0.0017094017094017094,1.81,-43.44,26.31,xinchao0
0.005128205128205128,0.01684981684981685,0.03125763125763126,0.014652014652014652,0.0019536019536019536,14.63,-49.81,53.19,xinchao0
0.005372405372405372,0.016605616605616606,0.03076923076923077,0.014652014652014652,0.0009768009768009768,24.94,-48.5,73.5,xinchao0
0.005372405372405372,0.016605616605616606,0.030525030525030524,0.014652014652014652,0.0004884004884004884,25.69,-47.19,74.75,xinchao0
0.005616605616605617,0.016361416361416362,0.030036630036630037,0.014407814407814409,0.0,16.12,-45.94,56.25,xinchao0
0.005616605616605617,0.016361416361416362,0.029792429792429794,0.014407814407814409,0.0002442002442002442,4.25,-39.44,31.31,xinchao0
0.005616605616605617,0.016361416361416362,0.029304029304029304,0.014407814407814409,0.0004884004884004884,358.69,-33.94,22.19,xinchao0
0.005372405372405372,0.01611721611721612,0.02905982905982906,0.014407814407814409,0.0007326007326007326,358.62,-34.75,20.75,xinchao0
0.005372405372405372,0.015873015873015872,0.02905982905982906,0.014407814407814409,0.0009768009768009768,5.62,-42.56,30.87,xinchao0
0.005372405372405372,0.01562881562881563,0.028815628815628817,0.014407814407814409,0.0009768009768009768,16.81,-48.31,54.13,xinchao0
0.005372405372405372,0.015384615384615385,0.028815628815628817,0.014407814407814409,0.001221001221001221,26.62,-47.19,73.31,xinchao0
0.005372405372405372,0.015384615384615385,0.028815628815628817,0.014407814407814409,0.001221001221001221,25.94,-45.88,72.62,xinchao0
0.005372405372405372,0.01562881562881563,0.028815628815628817,0.014407814407814409,0.002442002442002442,15.88,-43.94,54.0,xinchao0
0.005372405372405372,0.01611721611721612,0.02857142857142857,0.014407814407814409,0.0031746031746031746,3.87,-35.38,31.0,xinchao0
0.005128205128205128,0.016361416361416362,0.02857142857142857,0.014407814407814409,0.003663003663003663,359.25,-32.75,23.81,xinchao0
0.005128205128205128,0.016605616605616606,0.02905982905982906,0.014407814407814409,0.0029304029304029304,3.06,-40.81,29.62,xinchao0
0.005128205128205128,0.01684981684981685,0.029304029304029304,0.014407814407814409,0.002442002442002442,11.25,-47.38,50.88,xinchao0
0.005128205128205128,0.01684981684981685,0.029548229548229547,0.014407814407814409,0.0009768009768009768,21.0,-48.13,75.56,xinchao0
0.005128205128205128,0.017094017094017096,0.029792429792429794,0.014407814407814409,0.0002442002442002442,23.5,-48.69,77.56,xinchao0
0.005128205128205128,0.01733821733821734,0.029792429792429794,0.014407814407814409,0.0009768009768009768,13.63,-48.56,55.44,xinchao0
0.005128205128205128,0.01733821733821734,0.029792429792429794,0.014407814407814409,0.0002442002442002442,2.5,-41.69,30.81,xinchao0
0.005128205128205128,0.017582417582417582,0.029792429792429794,0.014407814407814409,0.0002442002442002442,353.75,-32.44,14.94,xinchao0
0.005128205128205128,0.017094017094017096,0.030036630036630037,0.014407814407814409,0.0004884004884004884,353.62,-34.31,14.69,xinchao0
0.005128205128205128,0.016605616605616606,0.030036630036630037,0.014407814407814409,0.0007326007326007326,1.25,-44.19,27.69,xinchao0
0.005128205128205128,0.01611721611721612,0.03028083028083028,0.014407814407814409,0.0019536019536019536,12.38,-50.38,51.38,xinchao0
0.005128205128205128,0.015873015873015872,0.03028083028083028,0.014407814407814409,0.0029304029304029304,20.56,-50.75,69.06,xinchao0
0.005128205128205128,0.01562881562881563,0.03028083028083028,0.014407814407814409,0.003418803418803419,19.94,-51.38,65.94,xinchao0
0.005372405372405372,0.015873015873015872,0.030036630036630037,0.014407814407814409,0.003907203907203907,11.25,-49.5,45.5,xinchao0
0.005372405372405372,0.01611721611721612,0.030036630036630037,0.014407814407814409,0.004395604395604396,0.37,-40.63,24.0,xinchao0
0.005372405372405372,0.01611721611721612,0.030036630036630037,0.014163614163614164,0.004395604395604396,356.0,-35.88,9.75,xinchao0
0.005372405372405372,0.015873015873015872,0.030036630036630037,0.014163614163614164,0.00463980463980464,359.94,-40.94,14.75,xinchao0
0.005372405372405372,0.015384615384615385,0.030036630036630037,0.014163614163614164,0.00463980463980464,11.56,-50.44,33.06,xinchao0
0.005372405372405372,0.014896214896214897,0.030036630036630037,0.014163614163614164,0.004884004884004884,23.75,-52.88,58.25,xinchao0
0.005372405372405372,0.014652014652014652,0.029792429792429794,0.014163614163614164,0.004884004884004884,24.87,-53.56,66.75,xinchao0
0.005372405372405372,0.014896214896214897,0.029548229548229547,0.014163614163614164,0.003907203907203907,14.88,-53.88,50.44,xinchao0
0.005372405372405372,0.01514041514041514,0.029304029304029304,0.014163614163614164,0.0019536019536019536,1.75,-47.63,25.56,xinchao0
0.005372405372405372,0.015384615384615385,0.02905982905982906,0.014163614163614164,0.0004884004884004884,352.44,-34.75,9.0,xinchao0
0.005372405372405372,0.01562881562881563,0.02905982905982906,0.014163614163614164,0.0004884004884004884,352.0,-35.25,6.75,xinchao0
0.005372405372405372,0.015384615384615385,0.02905982905982906,0.014163614163614164,0.0009768009768009768,1.37,-46.38,20.19,xinchao0
0.005616605616605617,0.01514041514041514,0.02905982905982906,0.014163614163614164,0.0004884004884004884,15.94,-52.94,49.63,xinchao0
0.005616605616605617,0.01514041514041514,0.029304029304029304,0.014163614163614164,0.0,26.12,-50.19,71.56,xinchao0
0.005616605616605617,0.015384615384615385,0.029304029304029304,0.014163614163614164,0.0004884004884004884,22.25,-51.13,66.12,xinchao0
0.005616605616605617,0.01611721611721612,0.029548229548229547,0.014163614163614164,0.0004884004884004884,9.13,-48.56,40.75,xinchao0
0.005616605616605617,0.016361416361416362,0.029792429792429794,0.014163614163614164,0.0007326007326007326,357.62,-39.69,17.69,xinchao0
0.005616605616605617,0.01684981684981685,0.029792429792429794,0.014163614163614164,0.002197802197802198,354.06,-36.19,10.25,xinchao0
0.005616605616605617,0.016361416361416362,0.029792429792429794,0.014163614163614164,0.0031746031746031746,359.81,-42.25,20.37,xinchao0
0.005860805860805861,0.01611721611721612,0.030036630036630037,0.014163614163614164,0.003663003663003663,11.25,-51.0,40.94,xinchao0
0.005860805860805861,0.015873015873015872,0.030036630036630037,0.014163614163614164,0.004151404151404151,21.81,-53.06,63.06,xinchao0
0.005860805860805861,0.015873015873015872,0.030036630036630037,0.014163614163614164,0.004395604395604396,24.5,-53.0,70.06,xinchao0
0.005860805860805861,0.01611721611721612,0.030036630036630037,0.014163614163614164,0.00463980463980464,18.19,-52.75,57.94,xinchao0
0.005616605616605617,0.016361416361416362,0.030036630036630037,0.014163614163614164,0.003418803418803419,8.25,-46.69,36.69,xinchao0
0.005616605616605617,0.016361416361416362,0.030036630036630037,0.014163614163614164,0.0017094017094017094,0.06,-37.56,21.87,xinchao0
0.005616605616605617,0.016605616605616606,0.030036630036630037,0.014163614163614164,0.0002442002442002442,354.62,-30.0,12.63,xinchao0
0.005616605616605617,0.016361416361416362,0.03028083028083028,0.014163614163614164,0.0007326007326007326,356.19,-32.69,15.31,xinchao0
0.005616605616605617,0.01611721611721612,0.03028083028083028,0.014163614163614164,0.001221001221001221,3.44,-41.81,26.62,xinchao0
0.005616605616605617,0.015873015873015872,0.030525030525030524,0.014163614163614164,0.0017094017094017094,13.69,-49.38,44.63,xinchao0
0.005616605616605617,0.015873015873015872,0.030525030525030524,0.014163614163614164,0.0019536019536019536,22.62,-50.44,63.56,xinchao0
0.005616605616605617,0.015873015873015872,0.03076923076923077,0.014163614163614164,0.0009768009768009768,24.25,-49.81,67.25,xinchao0
0.005616605616605617,0.01611721611721612,0.03076923076923077,0.014163614163614164,0.0002442002442002442,16.06,-49.44,53.81,xinchao0
0.005372405372405372,0.01611721611721612,0.030525030525030524,0.014163614163614164,0.0002442002442002442,5.19,-44.31,34.81,xinchao0
0.005372405372405372,0.016361416361416362,0.030525030525030524,0.014163614163614164,0.0004884004884004884,355.31,-36.0,20.06,xinchao0
0.005372405372405372,0.01611721611721612,0.030525030525030524,0.014163614163614164,0.0019536019536019536,350.87,-31.69,13.5,xinchao0
0.005372405372405372,0.01611721611721612,0.03028083028083028,0.014163614163614164,0.0029304029304029304,355.37,-37.06,19.87,xinchao0
0.005372405372405372,0.01562881562881563,0.03028083028083028,0.014407814407814409,0.003418803418803419,4.94,-45.06,35.63,xinchao0
0.005372405372405372,0.015384615384615385,0.03028083028083028,0.014407814407814409,0.003907203907203907,17.0,-47.94,59.19,xinchao0
0.005372405372405372,0.01514041514041514,0.03028083028083028,0.014407814407814409,0.004395604395604396,23.06,-46.88,71.25,xinchao0
0.005616605616605617,0.015384615384615385,0.03028083028083028,0.014407814407814409,0.003418803418803419,16.5,-47.81,61.5,xinchao0
0.005616605616605617,0.01562881562881563,0.030036630036630037,0.014652014652014652,0.002686202686202686,4.06,-43.94,40.75,xinchao0
0.005616605616605617,0.01611721611721612,0.030036630036630037,0.014652014652014652,0.002197802197802198,352.25,-34.19,25.0,xinchao0
0.005372405372405372,0.016361416361416362,0.029792429792429794,0.014652014652014652,0.0019536019536019536,345.56,-27.5,15.69,xinchao0
0.005372405372405372,0.015873015873015872,0.029792429792429794,0.014407814407814409,0.0017094017094017094,348.62,-31.94,20.12,xinchao0
0.005372405372405372,0.01562881562881563,0.029792429792429794,0.014407814407814409,0.0014652014652014652,1.31,-42.63,35.69,xinchao0
0.005372405372405372,0.015384615384615385,0.029792429792429794,0.014407814407814409,0.0014652014652014652,17.0,-47.25,58.63,xinchao0
0.005372405372405372,0.015384615384615385,0.029792429792429794,0.014407814407814409,0.0002442002442002442,26.37,-46.81,73.5,xinchao0
0.005372405372405372,0.01562881562881563,0.029548229548229547,0.014407814407814409,0.0007326007326007326,19.25,-48.0,61.69,xinchao0
0.005372405372405372,0.01562881562881563,0.029548229548229547,0.014407814407814409,0.001221001221001221,7.06,-43.06,38.94,xinchao0
0.005372405372405372,0.015873015873015872,0.029548229548229547,0.014407814407814409,0.0017094017094017094,358.06,-35.88,26.25,xinchao0
0.005372405372405372,0.015873015873015872,0.029548229548229547,0.014163614163614164,0.0009768009768009768,354.25,-32.5,19.87,xinchao0
0.005372405372405372,0.015873015873015872,0.029548229548229547,0.014163614163614164,0.0002442002442002442,359.37,-37.88,27.0,xinchao0
0.005372405372405372,0.015873015873015872,0.029792429792429794,0.014163614163614164,0.0014652014652014652,9.94,-44.75,43.63,xinchao0
0.005372405372405372,0.015873015873015872,0.029792429792429794,0.014163614163614164,0.002442002442002442,21.25,-46.19,61.31,xinchao0
0.005128205128205128,0.015873015873015872,0.029792429792429794,0.014407814407814409,0.003418803418803419,26.56,-45.25,69.94,xinchao0
0.005128205128205128,0.01611721611721612,0.029792429792429794,0.014407814407814409,0.003907203907203907,18.87,-45.31,58.31,xinchao0
0.005128205128205128,0.01611721611721612,0.029792429792429794,0.014652014652014652,0.004395604395604396,6.94,-41.0,39.06,xinchao0
0.005128205128205128,0.016361416361416362,0.029792429792429794,0.014652014652014652,0.003418803418803419,358.5,-35.06,27.19,xinchao0
0.005128205128205128,0.016361416361416362,0.029792429792429794,0.014652014652014652,0.0014652014652014652,356.62,-34.5,24.94,xinchao0
0.005128205128205128,0.01611721611721612,0.029792429792429794,0.014652014652014652,0.0002442002442002442,0.75,-38.75,31.5,xinchao0
0.005128205128205128,0.015873015873015872,0.029792429792429794,0.014652014652014652,0.0004884004884004884,11.44,-44.0,46.25,xinchao0
0.005372405372405372,0.01562881562881563,0.029792429792429794,0.014652014652014652,0.001221001221001221,23.19,-42.63,64.87,xinchao0
0.005372405372405372,0.01611721611721612,0.029792429792429794,0.014652014652014652,0.0017094017094017094,23.19,-39.63,64.94,xinchao0
0.005372405372405372,0.016361416361416362,0.029548229548229547,0.014652014652014652,0.0019536019536019536,12.56,-36.19,48.56,xinchao0
0.005128205128205128,0.016605616605616606,0.029792429792429794,0.014652014652014652,0.002197802197802198,0.13,-30.94,30.06,xinchao0
0.004884004884004884,0.01684981684981685,0.029792429792429794,0.014652014652014652,0.002442002442002442,352.12,-27.44,21.5,xinchao0
0.004884004884004884,0.016361416361416362,0.030036630036630037,0.014652014652014652,0.002442002442002442,353.44,-31.06,23.75,xinchao0
0.004884004884004884,0.015873015873015872,0.030036630036630037,0.014652014652014652,0.002442002442002442,3.75,-39.56,35.69,xinchao0
0.004884004884004884,0.01562881562881563,0.030036630036630037,0.014652014652014652,0.0014652014652014652,16.75,-43.31,56.56,xinchao0
0.005128205128205128,0.015384615384615385,0.029792429792429794,0.014652014652014652,0.0007326007326007326,23.25,-43.5,66.5,xinchao0
0.005128205128205128,0.01562881562881563,0.029548229548229547,0.014407814407814409,0.0,14.56,-42.81,52.38,xinchao0
0.005128205128205128,0.01562881562881563,0.029548229548229547,0.014407814407814409,0.0002442002442002442,1.0,-33.88,31.19,xinchao0
0.005128205128205128,0.015873015873015872,0.029304029304029304,0.014407814407814409,0.0007326007326007326,351.81,-25.37,18.06,xinchao0
0.005128205128205128,0.015873015873015872,0.029304029304029304,0.014163614163614164,0.0009768009768009768,351.25,-26.0,17.19,xinchao0
0.005128205128205128,0.015384615384615385,0.029304029304029304,0.014163614163614164,0.0009768009768009768,359.12,-35.81,25.44,xinchao0
0.005372405372405372,0.01514041514041514,0.029304029304029304,0.014163614163614164,0.001221001221001221,11.63,-44.63,44.38,xinchao0
0.005372405372405372,0.014896214896214897,0.029304029304029304,0.014163614163614164,0.001221001221001221,21.56,-45.56,62.25,xinchao0
0.005372405372405372,0.01514041514041514,0.02905982905982906,0.01391941391941392,0.001221001221001221,17.06,-44.19,56.06,xinchao0
0.005128205128205128,0.015384615384615385,0.02905982905982906,0.01391941391941392,0.001221001221001221,6.75,-38.38,39.81,xinchao0
0.005128205128205128,0.01562881562881563,0.028815628815628817,0.01391941391941392,0.0,357.5,-29.69,25.94,xinchao0
0.005128205128205128,0.01562881562881563,0.028815628815628817,0.01391941391941392,0.0007326007326007326,353.62,-26.5,21.12,xinchao0
0.005128205128205128,0.015384615384615385,0.028815628815628817,0.01391941391941392,0.001221001221001221,358.25,-32.38,26.19,xinchao0
0.005372405372405372,0.01514041514041514,0.028815628815628817,0.014163614163614164,0.0004884004884004884,7.75,-40.31,37.25,xinchao0
0.005372405372405372,0.014896214896214897,0.028815628815628817,0.014163614163614164,0.0,20.25,-46.0,54.94,xinchao0
0.005372405372405372,0.014652014652014652,0.028815628815628817,0.014163614163614164,0.0002442002442002442,22.12,-46.63,58.5,xinchao0
0.005372405372405372,0.014896214896214897,0.02857142857142857,0.014163614163614164,0.0007326007326007326,14.31,-44.5,47.0,xinchao0
0.005372405372405372,0.014896214896214897,0.028083028083028084,0.014163614163614164,0.0007326007326007326,3.37,-37.38,31.5,xinchao0
0.005372405372405372,0.01514041514041514,0.028083028083028084,0.014163614163614164,0.0009768009768009768,354.81,-28.94,20.75,xinchao0
0.005372405372405372,0.014896214896214897,0.02783882783882784,0.014163614163614164,0.0009768009768009768,351.75,-27.12,17.69,xinchao0
0.005372405372405372,0.014652014652014652,0.02783882783882784,0.014163614163614164,0.002197802197802198,356.19,-33.13,21.69,xinchao0
0.005372405372405372,0.014407814407814409,0.02783882783882784,0.014163614163614164,0.0031746031746031746,5.81,-42.44,32.69,xinchao0
0.005372405372405372,0.014163614163614164,0.02783882783882784,0.014407814407814409,0.003663003663003663,15.94,-47.75,48.19,xinchao0
0.005372405372405372,0.014163614163614164,0.02783882783882784,0.014407814407814409,0.004151404151404151,22.37,-48.19,60.94,xinchao0
0.005372405372405372,0.014652014652014652,0.027594627594627594,0.014407814407814409,0.004395604395604396,16.31,-47.25,52.25,xinchao0
0.005372405372405372,0.014896214896214897,0.027594627594627594,0.014407814407814409,0.00463980463980464,3.31,-40.06,33.06,xinchao0
0.005372405372405372,0.015384615384615385,0.027594627594627594,0.014407814407814409,0.00463980463980464,352.94,-29.37,20.19,xinchao0
0.005372405372405372,0.015384615384615385,0.02783882783882784,0.014407814407814409,0.004884004884004884,349.12,-25.75,16.56,xinchao0
0.005616605616605617,0.015384615384615385,0.02783882783882784,0.014407814407814409,0.003663003663003663,353.37,-31.12,20.94,xinchao0
0.005616605616605617,0.01514041514041514,0.028083028083028084,0.014407814407814409,0.0029304029304029304,3.44,-40.56,34.25,xinchao0
0.005860805860805861,0.01514041514041514,0.028083028083028084,0.014407814407814409,0.002442002442002442,14.56,-45.69,51.19,xinchao0
0.005860805860805861,0.01514041514041514,0.028327228327228327,0.014407814407814409,0.0019536019536019536,18.31,-45.06,60.38,xinchao0
0.005860805860805861,0.015384615384615385,0.028327228327228327,0.014407814407814409,0.0017094017094017094,12.0,-42.38,50.56,xinchao0
0.005860805860805861,0.01562881562881563,0.028327228327228327,0.014407814407814409,0.0014652014652014652,1.75,-35.81,36.44,xinchao0
0.005860805860805861,0.01562881562881563,0.028327228327228327,0.014407814407814409,0.0014652014652014652,351.75,-27.12,23.56,xinchao0
0.005860805860805861,0.015873015873015872,0.02857142857142857,0.014407814407814409,0.0014652014652014652,349.75,-26.5,20.62,xinchao0
0.005860805860805861,0.015384615384615385,0.028815628815628817,0.014407814407814409,0.001221001221001221,356.31,-33.56,27.81,xinchao0
0.005860805860805861,0.015384615384615385,0.028815628815628817,0.014407814407814409,0.001221001221001221,7.81,-42.13,41.88,xinchao0
0.006105006105006105,0.01514041514041514,0.028815628815628817,0.014407814407814409,0.001221001221001221,18.44,-44.31,57.56,xinchao0
0.006105006105006105,0.014896214896214897,0.028815628815628817,0.014163614163614164,0.001221001221001221,19.12,-43.63,59.25,xinchao0
0.006105006105006105,0.01514041514041514,0.028815628815628817,0.014163614163614164,0.002442002442002442,9.88,-40.44,46.81,xinchao0
0.006105006105006105,0.015384615384615385,0.028815628815628817,0.014163614163614164,0.0031746031746031746,357.31,-32.0,30.56,xinchao0
0.006105006105006105,0.015384615384615385,0.028815628815628817,0.014163614163614164,0.002686202686202686,350.06,-26.62,21.06,xinchao0
0.006105006105006105,0.015384615384615385,0.028815628815628817,0.014163614163614164,0.002197802197802198,352.06,-30.06,23.69,xinchao0
0.006105006105006105,0.01514041514041514,0.028815628815628817,0.014163614163614164,0.0019536019536019536,0.13,-37.31,32.5,xinchao0
0.006105006105006105,0.014896214896214897,0.028815628815628817,0.014163614163614164,0.0017094017094017094,11.13,-42.75,48.44,xinchao0
0.006105006105006105,0.014896214896214897,0.02857142857142857,0.014163614163614164,0.0014652014652014652,18.75,-42.88,59.13,xinchao0
0.006105006105006105,0.01514041514041514,0.02857142857142857,0.014163614163614164,0.0014652014652014652,15.81,-41.0,53.81,xinchao0
0.006105006105006105,0.015384615384615385,0.028327228327228327,0.014163614163614164,0.001221001221001221,4.87,-38.0,40.44,xinchao0
0.006105006105006105,0.01562881562881563,0.028327228327228327,0.014163614163614164,0.001221001221001221,352.94,-31.87,26.25,xinchao0
0.006105006105006105,0.01562881562881563,0.028083028083028084,0.014163614163614164,0.001221001221001221,346.44,-26.81,19.19,xinchao0
0.005860805860805861,0.01562881562881563,0.028083028083028084,0.014163614163614164,0.001221001221001221,347.44,-29.19,20.06,xinchao0
0.006105006105006105,0.01514041514041514,0.028083028083028084,0.014163614163614164,0.002442002442002442,355.19,-37.0,28.06,xinchao0
0.006105006105006105,0.01514041514041514,0.02783882783882784,0.014163614163614164,0.0031746031746031746,5.31,-44.31,41.94,xinchao0
0.006349206349206349,0.014896214896214897,0.02783882783882784,0.014163614163614164,0.003907203907203907,13.94,-47.13,57.13,xinchao0
0.006349206349206349,0.01514041514041514,0.02783882783882784,0.014163614163614164,0.004395604395604396,14.0,-46.0,59.44,xinchao0
0.006593406593406593,0.015384615384615385,0.027106227106227107,0.014163614163614164,0.00463980463980464,5.62,-42.88,46.94,xinchao0
0.006593406593406593,0.01562881562881563,0.026373626373626374,0.014163614163614164,0.004884004884004884,355.37,-35.19,30.0,xinchao0
0.006349206349206349,0.015873015873015872,0.02612942612942613,0.014163614163614164,0.004884004884004884,348.56,-29.06,19.56,xinchao0
0.006349206349206349,0.01562881562881563,0.025885225885225887,0.014163614163614164,0.005128205128205128,349.31,-31.12,19.62,xinchao0
0.006349206349206349,0.01514041514041514,0.02564102564102564,0.01391941391941392,0.005128205128205128,357.19,-39.31,29.81,xinchao0
0.006349206349206349,0.014652014652014652,0.02564102564102564,0.01391941391941392,0.005128205128205128,8.81,-44.63,49.75,xinchao0
0.006349206349206349,0.014407814407814409,0.02564102564102564,0.01391941391941392,0.005128205128205128,17.81,-43.69,63.13,xinchao0
0.006349206349206349,0.014407814407814409,0.025396825396825397,0.01391941391941392,0.005128205128205128,15.75,-42.88,58.25,xinchao0
0.006349206349206349,0.014896214896214897,0.025396825396825397,0.01391941391941392,0.005128205128205128,6.12,-40.06,43.56,xinchao0
0.006349206349206349,0.01514041514041514,0.025396825396825397,0.01391941391941392,0.005128205128205128,355.75,-34.38,30.12,xinchao0
0.006105006105006105,0.015384615384615385,0.025396825396825397,0.01391941391941392,0.005128205128205128,347.56,-28.12,20.87,xinchao0
0.006105006105006105,0.015384615384615385,0.025396825396825397,0.01391941391941392,0.003907203907203907,346.44,-28.19,20.06,xinchao0
0.006105006105006105,0.01514041514041514,0.025396825396825397,0.01391941391941392,0.0031746031746031746,353.37,-34.63,26.69,xinchao0
0.006105006105006105,0.014652014652014652,0.025396825396825397,0.01391941391941392,0.002442002442002442,5.06,-41.5,40.5,xinchao0
0.006105006105006105,0.014652014652014652,0.025396825396825397,0.013675213675213675,0.0019536019536019536,15.38,-43.38,54.13,xinchao0
0.006105006105006105,0.014652014652014652,0.025396825396825397,0.013675213675213675,0.0019536019536019536,20.44,-43.0,60.56,xinchao0
0.006105006105006105,0.014896214896214897,0.02564102564102564,0.013675213675213675,0.0017094017094017094,15.5,-41.75,52.25,xinchao0
0.006105006105006105,0.015384615384615385,0.02564102564102564,0.013675213675213675,0.0017094017094017094,4.81,-37.75,36.25,xinchao0
0.005860805860805861,0.01562881562881563,0.02564102564102564,0.013675213675213675,0.002686202686202686,355.37,-30.62,24.75,xinchao0
0.005860805860805861,0.01562881562881563,0.02564102564102564,0.01391941391941392,0.003418803418803419,348.69,-25.31,16.81,xinchao0
0.005860805860805861,0.01562881562881563,0.02564102564102564,0.01391941391941392,0.003907203907203907,349.56,-28.44,18.06,xinchao0
0.006105006105006105,0.01514041514041514,0.02564102564102564,0.014163614163614164,0.004395604395604396,359.0,-37.69,28.5,xinchao0
0.006105006105006105,0.014896214896214897,0.025885225885225887,0.014163614163614164,0.00463980463980464,9.75,-42.56,44.88,xinchao0
0.006105006105006105,0.014652014652014652,0.025885225885225887,0.014163614163614164,0.00463980463980464,18.19,-43.06,58.69,xinchao0
0.006105006105006105,0.014896214896214897,0.025885225885225887,0.014163614163614164,0.004884004884004884,18.5,-42.44,57.13,xinchao0
0.005860805860805861,0.01514041514041514,0.02612942612942613,0.014163614163614164,0.004884004884004884,11.94,-41.19,47.56,xinchao0
0.005860805860805861,0.015384615384615385,0.02612942612942613,0.014163614163614164,0.004884004884004884,2.31,-37.13,35.5,xinchao0
0.005616605616605617,0.01562881562881563,0.026373626373626374,0.014163614163614164,0.004884004884004884,352.56,-30.12,23.06,xinchao0
0.005616605616605617,0.01562881562881563,0.026373626373626374,0.014163614163614164,0.003907203907203907,348.62,-28.12,18.94,xinchao0
0.005372405372405372,0.015384615384615385,0.026617826617826617,0.014163614163614164,0.0029304029304029304,351.81,-32.06,21.94,xinchao0
0.005372405372405372,0.015384615384615385,0.026617826617826617,0.014407814407814409,0.0014652014652014652,0.62,-39.63,31.19,xinchao0
0.005372405372405372,0.01514041514041514,0.026862026862026864,0.014407814407814409,0.0002442002442002442,11.81,-44.31,46.38,xinchao0
0.005372405372405372,0.014896214896214897,0.026862026862026864,0.014407814407814409,0.0007326007326007326,19.62,-44.38,57.38,xinchao0
0.005372405372405372,0.015384615384615385,0.026617826617826617,0.014407814407814409,0.0014652014652014652,18.31,-43.56,56.31,xinchao0
0.005372405372405372,0.01562881562881563,0.026617826617826617,0.014407814407814409,0.0017094017094017094,9.69,-41.19,45.06,xinchao0
0.005372405372405372,0.015873015873015872,0.026617826617826617,0.014407814407814409,0.0019536019536019536,359.31,-36.0,32.63,xinchao0
0.005372405372405372,0.015873015873015872,0.026617826617826617,0.014407814407814409,0.0009768009768009768,350.94,-29.81,21.5,xinchao0
0.005616605616605617,0.015873015873015872,0.026617826617826617,0.014407814407814409,0.0004884004884004884,351.56,-32.13,22.94,xinchao0
0.005860805860805861,0.015384615384615385,0.026617826617826617,0.014407814407814409,0.0,0.44,-39.63,34.44,xinchao0
0.005860805860805861,0.01514041514041514,0.026617826617826617,0.014407814407814409,0.0002442002442002442,11.5,-43.31,54.31,xinchao0
0.006105006105006105,0.01514041514041514,0.026617826617826617,0.014163614163614164,0.0004884004884004884,17.37,-42.31,66.31,xinchao0
0.006105006105006105,0.015384615384615385,0.026617826617826617,0.014163614163614164,0.0019536019536019536,15.69,-41.69,61.38,xinchao0
0.006105006105006105,0.01562881562881563,0.026617826617826617,0.014163614163614164,0.0029304029304029304,7.69,-40.25,46.5,xinchao0
0.006105006105006105,0.015873015873015872,0.026617826617826617,0.01391941391941392,0.003418803418803419,358.06,-36.19,31.69,xinchao0
0.006105006105006105,0.015873015873015872,0.026617826617826617,0.01391941391941392,0.003907203907203907,349.37,-30.87,19.87,xinchao0
0.006105006105006105,0.015873015873015872,0.026617826617826617,0.014163614163614164,0.004151404151404151,348.06,-30.69,18.44,xinchao0
0.006105006105006105,0.01562881562881563,0.026862026862026864,0.014163614163614164,0.003418803418803419,355.44,-37.25,28.87,xinchao0
0.006105006105006105,0.01562881562881563,0.027106227106227107,0.01391941391941392,0.002686202686202686,5.44,-41.63,46.19,xinchao0
0.006105006105006105,0.015384615384615385,0.027106227106227107,0.01391941391941392,0.002197802197802198,14.19,-42.63,58.19,xinchao0
0.006105006105006105,0.01562881562881563,0.026862026862026864,0.01391941391941392,0.0019536019536019536,14.25,-42.44,58.19,xinchao0
0.005860805860805861,0.015873015873015872,0.026862026862026864,0.01391941391941392,0.0017094017094017094,6.81,-41.0,47.19,xinchao0
0.005860805860805861,0.015873015873015872,0.026862026862026864,0.01391941391941392,0.0014652014652014652,357.12,-36.31,34.06,xinchao0
0.005860805860805861,0.01611721611721612,0.026617826617826617,0.014163614163614164,0.0014652014652014652,348.56,-28.81,22.25,xinchao0
0.005860805860805861,0.01611721611721612,0.026862026862026864,0.014163614163614164,0.0014652014652014652,346.56,-28.19,18.69,xinchao0
0.005860805860805861,0.015873015873015872,0.026862026862026864,0.014163614163614164,0.0014652014652014652,353.56,-35.69,27.62,xinchao0
0.005860805860805861,0.015873015873015872,0.026862026862026864,0.014163614163614164,0.0014652014652014652,6.0,-42.0,48.31,xinchao0
0.005860805860805861,0.015873015873015872,0.027106227106227107,0.014163614163614164,0.0014652014652014652,16.25,-42.56,62.13,xinchao0
0.005860805860805861,0.015873015873015872,0.027106227106227107,0.014163614163614164,0.0014652014652014652,16.12,-42.06,60.75,xinchao0
0.005860805860805861,0.01611721611721612,0.026862026862026864,0.014163614163614164,0.002442002442002442,7.25,-40.38,47.94,xinchao0
0.005860805860805861,0.016361416361416362,0.026617826617826617,0.014163614163614164,0.0031746031746031746,356.75,-35.0,31.87,xinchao0
0.005860805860805861,0.016361416361416362,0.026373626373626374,0.014407814407814409,0.003663003663003663,348.37,-26.81,20.75,xinchao0
0.005860805860805861,0.016361416361416362,0.026373626373626374,0.014407814407814409,0.0029304029304029304,347.12,-26.37,18.81,xinchao0
0.005860805860805861,0.015873015873015872,0.02612942612942613,0.014407814407814409,0.002442002442002442,354.5,-32.13,27.44,xinchao0
0.005860805860805861,0.01562881562881563,0.02612942612942613,0.014652014652014652,0.002197802197802198,5.87,-38.56,41.81,xinchao0
0.005860805860805861,0.015384615384615385,0.02612942612942613,0.014652014652014652,0.0019536019536019536,15.06,-40.56,55.06,xinchao0
0.005616605616605617,0.01514041514041514,0.02612942612942613,0.014407814407814409,0.0017094017094017094,14.25,-39.63,52.75,xinchao0
0.005616605616605617,0.01514041514041514,0.02564102564102564,0.014407814407814409,0.0014652014652014652,4.19,-35.88,40.31,xinchao0
0.005616605616605617,0.01514041514041514,0.025396825396825397,0.014163614163614164,0.0014652014652014652,353.94,-29.69,29.12,xinchao0
0.005616605616605617,0.01514041514041514,0.025152625152625153,0.014163614163614164,0.0002442002442002442,345.75,-22.06,20.81,xinchao0
0.005616605616605617,0.01514041514041514,0.02490842490842491,0.014163614163614164,0.0007326007326007326,345.5,-23.0,20.62,xinchao0
0.005616605616605617,0.014896214896214897,0.025152625152625153,0.014163614163614164,0.0014652014652014652,352.69,-31.5,25.81,xinchao0
0.005616605616605617,0.014652014652014652,0.025152625152625153,0.014163614163614164,0.0017094017094017094,5.25,-41.75,37.5,xinchao0
0.005860805860805861,0.014407814407814409,0.025396825396825397,0.014163614163614164,0.002197802197802198,18.81,-46.5,58.31,xinchao0
0.005860805860805861,0.014407814407814409,0.025396825396825397,0.014163614163614164,0.002197802197802198,20.31,-48.06,62.81,xinchao0
0.006105006105006105,0.014896214896214897,0.02564102564102564,0.014163614163614164,0.001221001221001221,9.06,-45.38,47.75,xinchao0
0.006349206349206349,0.015384615384615385,0.02564102564102564,0.01391941391941392,0.0004884004884004884,355.44,-35.81,29.25,xinchao0
0.006349206349206349,0.015384615384615385,0.02564102564102564,0.01391941391941392,0.0,345.87,-27.56,18.5,xinchao0
0.006349206349206349,0.01562881562881563,0.02564102564102564,0.01391941391941392,0.0014652014652014652,344.5,-28.19,17.19,xinchao0
0.006349206349206349,0.015384615384615385,0.025885225885225887,0.014163614163614164,0.002686202686202686,352.44,-37.0,23.62,xinchao0
0.006349206349206349,0.01514041514041514,0.025885225885225887,0.014163614163614164,0.003418803418803419,5.31,-47.06,39.75,xinchao0
0.006105006105006105,0.01514041514041514,0.02612942612942613,0.014163614163614164,0.0014652014652014652,16.81,-51.81,58.75,xinchao0
0.006105006105006105,0.01514041514041514,0.02612942612942613,0.014163614163614164,0.0002442002442002442,18.12,-53.31,63.69,xinchao0
0.005860805860805861,0.01562881562881563,0.026373626373626374,0.014163614163614164,0.0007326007326007326,8.56,-51.94,49.56,xinchao0
0.005860805860805861,0.015873015873015872,0.02612942612942613,0.014163614163614164,0.001221001221001221,356.06,-42.69,29.06,xinchao0
0.005860805860805861,0.01611721611721612,0.02612942612942613,0.014163614163614164,0.0017094017094017094,347.81,-31.94,16.25,xinchao0
0.005616605616605617,0.015873015873015872,0.025885225885225887,0.014163614163614164,0.0019536019536019536,346.19,-27.0,12.13,xinchao0
0.005616605616605617,0.015873015873015872,0.02564102564102564,0.014407814407814409,0.002197802197802198,351.44,-33.5,15.69,xinchao0
0.005860805860805861,0.01562881562881563,0.02564102564102564,0.014407814407814409,0.002197802197802198,2.25,-44.81,27.5,xinchao0
0.005860805860805861,0.01562881562881563,0.02564102564102564,0.014407814407814409,0.002442002442002442,14.38,-50.19,50.06,xinchao0
0.005860805860805861,0.01562881562881563,0.02564102564102564,0.014407814407814409,0.002442002442002442,18.94,-51.31,59.31,xinchao0
0.005860805860805861,0.015873015873015872,0.02564102564102564,0.014407814407814409,0.0014652014652014652,13.5,-50.19,49.13,xinchao0
0.005860805860805861,0.01611721611721612,0.02564102564102564,0.014407814407814409,0.0007326007326007326,1.5,-41.31,25.5,xinchao0
0.005616605616605617,0.01611721611721612,0.025396825396825397,0.014407814407814409,0.0,353.25,-30.69,12.81,xinchao0
0.005616605616605617,0.016361416361416362,0.02490842490842491,0.014407814407814409,0.0002442002442002442,351.44,-30.69,10.31,xinchao0
0.005616605616605617,0.01611721611721612,0.02490842490842491,0.014407814407814409,0.0017094017094017094,358.12,-41.38,20.0,xinchao0
0.005616605616605617,0.015873015873015872,0.024664224664224663,0.014407814407814409,0.002686202686202686,11.56,-49.44,43.75,xinchao0
0.005616605616605617,0.01562881562881563,0.024175824175824177,0.014407814407814409,0.003418803418803419,21.25,-50.0,61.69,xinchao0
0.005616605616605617,0.015384615384615385,0.023687423687423687,0.014407814407814409,0.003907203907203907,20.37,-48.75,62.13,xinchao0
0.005616605616605617,0.015384615384615385,0.023443223443223443,0.014407814407814409,0.0031746031746031746,9.31,-44.13,44.5,xinchao0
0.005616605616605617,0.015384615384615385,0.0231990231990232,0.014407814407814409,0.002686202686202686,356.56,-32.06,26.69,xinchao0
0.005616605616605617,0.015384615384615385,0.022954822954822957,0.014652014652014652,0.002197802197802198,349.87,-25.62,17.06,xinchao0
0.005616605616605617,0.015384615384615385,0.022954822954822957,0.014652014652014652,0.0019536019536019536,352.62,-31.37,19.37,xinchao0
0.005616605616605617,0.01514041514041514,0.022954822954822957,0.014652014652014652,0.0017094017094017094,2.62,-41.0,35.38,xinchao0
0.005616605616605617,0.014896214896214897,0.0231990231990232,0.014652014652014652,0.0004884004884004884,15.19,-46.63,53.63,xinchao0
0.005616605616605617,0.014896214896214897,0.0231990231990232,0.014652014652014652,0.0004884004884004884,23.94,-45.75,66.69,xinchao0
0.005616605616605617,0.014896214896214897,0.0231990231990232,0.014652014652014652,0.0009768009768009768,20.87,-44.94,60.81,xinchao0
0.005616605616605617,0.015384615384615385,0.023443223443223443,0.014652014652014652,0.0014652014652014652,8.81,-41.94,43.81,xinchao0
0.005616605616605617,0.01562881562881563,0.023443223443223443,0.014652014652014652,0.0019536019536019536,354.81,-34.38,26.94,xinchao0
0.005616605616605617,0.015873015873015872,0.023687423687423687,0.014652014652014652,0.0019536019536019536,346.44,-28.69,16.75,xinchao0
0.005616605616605617,0.015384615384615385,0.023687423687423687,0.014652014652014652,0.001221001221001221,347.5,-31.81,17.75,xinchao0
0.005616605616605617,0.014652014652014652,0.023687423687423687,0.014652014652014652,0.0004884004884004884,357.31,-41.38,28.69,xinchao0
0.005616605616605617,0.014163614163614164,0.023687423687423687,0.014652014652014652,0.0,10.56,-47.06,50.06,xinchao0
0.005616605616605617,0.013675213675213675,0.023687423687423687,0.014652014652014652,0.0004884004884004884,18.37,-47.31,62.63,xinchao0
0.005616605616605617,0.01391941391941392,0.023687423687423687,0.014652014652014652,0.0019536019536019536,16.75,-47.88,58.44,xinchao0
0.005616605616605617,0.014407814407814409,0.023443223443223443,0.014652014652014652,0.0029304029304029304,7.19,-45.56,44.25,xinchao0
0.005616605616605617,0.014652014652014652,0.022954822954822957,0.014652014652014652,0.003663003663003663,354.19,-36.19,25.69,xinchao0
0.005616605616605617,0.014896214896214897,0.02271062271062271,0.014652014652014652,0.0029304029304029304,345.25,-25.81,14.25,xinchao0
0.005616605616605617,0.014896214896214897,0.02271062271062271,0.014652014652014652,0.001221001221001221,344.06,-24.81,14.75,xinchao0
0.005616605616605617,0.014407814407814409,0.022466422466422466,0.014652014652014652,0.0,350.06,-33.06,20.75,xinchao0
0.005616605616605617,0.014163614163614164,0.022466422466422466,0.014652014652014652,0.0007326007326007326,358.94,-42.63,32.81,xinchao0
0.005616605616605617,0.01391941391941392,0.022466422466422466,0.014652014652014652,0.0014652014652014652,9.31,-48.13,52.38,xinchao0
0.005616605616605617,0.01391941391941392,0.022466422466422466,0.014652014652014652,0.0019536019536019536,14.75,-48.88,62.56,xinchao0
0.005616605616605617,0.01391941391941392,0.022466422466422466,0.014407814407814409,0.002197802197802198,10.69,-48.38,54.06,xinchao0
0.005616605616605617,0.014163614163614164,0.022466422466422466,0.014163614163614164,0.001221001221001221,357.37,-40.75,33.31,xinchao0
0.005616605616605617,0.014163614163614164,0.022466422466422466,0.014163614163614164,0.0004884004884004884,346.62,-28.62,20.0,xinchao0
0.005616605616605617,0.014163614163614164,0.022466422466422466,0.014163614163614164,0.0,341.44,-23.5,15.5,xinchao0
0.005616605616605617,0.01391941391941392,0.022466422466422466,0.014163614163614164,0.0002442002442002442,344.87,-29.62,18.69,xinchao0
0.005616605616605617,0.013675213675213675,0.02271062271062271,0.014163614163614164,0.0004884004884004884,353.25,-39.25,28.0,xinchao0
0.005616605616605617,0.013431013431013432,0.02271062271062271,0.014163614163614164,0.0007326007326007326,4.44,-47.19,47.44,xinchao0
0.005616605616605617,0.013431013431013432,0.02271062271062271,0.01391941391941392,0.0009768009768009768,11.63,-50.31,60.88,xinchao0
0.005616605616605617,0.013431013431013432,0.02271062271062271,0.013431013431013432,0.0009768009768009768,8.81,-50.75,55.38,xinchao0
0.005860805860805861,0.013431013431013432,0.022954822954822957,0.012942612942612943,0.002197802197802198,359.44,-44.25,36.69,xinchao0
0.005860805860805861,0.013431013431013432,0.022954822954822957,0.012454212454212455,0.0031746031746031746,348.69,-32.56,22.94,xinchao0
0.005860805860805861,0.013431013431013432,0.022954822954822957,0.01221001221001221,0.003663003663003663,343.75,-25.87,16.81,xinchao0
0.005860805860805861,0.013186813186813187,0.0231990231990232,0.011721611721611722,0.004151404151404151,345.56,-28.75,19.06,xinchao0
0.005860805860805861,0.012454212454212455,0.0231990231990232,0.011477411477411478,0.004395604395604396,353.12,-37.69,27.56,xinchao0
0.005860805860805861,0.011965811965811967,0.0231990231990232,0.01098901098901099,0.00463980463980464,3.31,-45.38,41.06,xinchao0
0.005860805860805861,0.011721611721611722,0.0231990231990232,0.010744810744810745,0.003418803418803419,9.69,-47.94,51.94,xinchao0
0.005860805860805861,0.011965811965811967,0.0231990231990232,0.010500610500610501,0.0017094017094017094,8.88,-46.44,52.56,xinchao0
0.005860805860805861,0.01221001221001221,0.0231990231990232,0.009768009768009768,0.0004884004884004884,359.62,-40.81,40.25,xinchao0
0.005860805860805861,0.012454212454212455,0.023443223443223443,0.00927960927960928,0.0004884004884004884,347.19,-27.56,25.94,xinchao0
0.005860805860805861,0.012698412698412698,0.023443223443223443,0.008791208791208791,0.0,340.75,-17.81,17.12,xinchao0
0.005860805860805861,0.012698412698412698,0.023443223443223443,0.008547008547008548,0.0004884004884004884,341.37,-20.69,17.0,xinchao0
0.005860805860805861,0.011965811965811967,0.023687423687423687,0.008302808302808303,0.0017094017094017094,349.19,-31.69,23.75,xinchao0
0.005860805860805861,0.011721611721611722,0.023931623931623933,0.00805860805860806,0.002686202686202686,1.12,-42.13,38.0,xinchao0
0.005860805860805861,0.011233211233211233,0.024175824175824177,0.00805860805860806,0.003418803418803419,12.19,-46.63,55.56,xinchao0
0.005860805860805861,0.011233211233211233,0.024175824175824177,0.007814407814407814,0.003907203907203907,15.81,-46.56,62.06,xinchao0
0.005860805860805861,0.011477411477411478,0.024175824175824177,0.00757020757020757,0.004151404151404151,7.94,-44.94,52.06,xinchao0
0.006105006105006105,0.011721611721611722,0.024175824175824177,0.00757020757020757,0.004395604395604396,355.62,-37.25,36.94,xinchao0
0.006105006105006105,0.011965811965811967,0.024175824175824177,0.007326007326007326,0.00463980463980464,347.75,-28.06,27.0,xinchao0
0.006105006105006105,0.01221001221001221,0.023931623931623933,0.00757020757020757,0.00463980463980464,347.69,-27.81,29.5,xinchao0
0.005860805860805861,0.011965811965811967,0.023931623931623933,0.00757020757020757,0.004884004884004884,354.25,-34.94,36.5,xinchao0
0.005860805860805861,0.011721611721611722,0.024175824175824177,0.007814407814407814,0.003663003663003663,4.87,-41.69,47.56,xinchao0
0.005616605616605617,0.011477411477411478,0.024175824175824177,0.007814407814407814,0.0029304029304029304,13.56,-44.69,58.31,xinchao0
0.005616605616605617,0.011477411477411478,0.024175824175824177,0.007814407814407814,0.001221001221001221,12.88,-45.13,58.25,xinchao0
0.005616605616605617,0.011721611721611722,0.024175824175824177,0.007814407814407814,0.0002442002442002442,2.5,-41.63,43.56,xinchao0
0.005616605616605617,0.011965811965811967,0.024175824175824177,0.007814407814407814,0.0007326007326007326,351.12,-33.13,27.87,xinchao0
0.005616605616605617,0.011965811965811967,0.02442002442002442,0.007814407814407814,0.001221001221001221,342.62,-25.87,17.87,xinchao0
0.005616605616605617,0.011965811965811967,0.024664224664224663,0.007814407814407814,0.0017094017094017094,343.44,-27.94,18.62,xinchao0
0.005616605616605617,0.011965811965811967,0.025152625152625153,0.00805860805860806,0.0019536019536019536,352.94,-37.31,28.75,xinchao0
0.005860805860805861,0.011721611721611722,0.025152625152625153,0.00805860805860806,0.0009768009768009768,6.31,-44.63,47.69,xinchao0
0.005860805860805861,0.011721611721611722,0.025396825396825397,0.00805860805860806,0.0004884004884004884,14.69,-46.19,60.75,xinchao0
0.005860805860805861,0.011965811965811967,0.025396825396825397,0.00805860805860806,0.0,11.44,-46.25,57.56,xinchao0
0.006105006105006105,0.01221001221001221,0.02564102564102564,0.00805860805860806,0.0004884004884004884,359.94,-41.75,41.06,xinchao0
0.006105006105006105,0.012454212454212455,0.02564102564102564,0.00805860805860806,0.0007326007326007326,348.31,-32.25,25.69,xinchao0
0.006105006105006105,0.012698412698412698,0.02564102564102564,0.00805860805860806,0.0019536019536019536,343.06,-27.25,18.75,xinchao0
0.006105006105006105,0.012698412698412698,0.025396825396825397,0.00805860805860806,0.0029304029304029304,347.19,-31.69,22.37,xinchao0
0.006105006105006105,0.01221001221001221,0.025396825396825397,0.00805860805860806,0.003418803418803419,357.81,-41.06,34.81,xinchao0
0.006105006105006105,0.011965811965811967,0.025396825396825397,0.007814407814407814,0.003907203907203907,9.38,-46.69,52.44,xinchao0
0.006105006105006105,0.011721611721611722,0.025152625152625153,0.007814407814407814,0.0031746031746031746,12.75,-47.75,60.31,xinchao0
0.006105006105006105,0.01221001221001221,0.025152625152625153,0.007814407814407814,0.0014652014652014652,6.69,-46.5,51.63,xinchao0
0.006105006105006105,0.012454212454212455,0.025152625152625153,0.007814407814407814,0.0002442002442002442,355.62,-39.75,34.13,xinchao0
0.006105006105006105,0.012698412698412698,0.025152625152625153,0.007814407814407814,0.0007326007326007326,346.44,-31.44,20.87,xinchao0
0.005860805860805861,0.012698412698412698,0.025152625152625153,0.007814407814407814,0.001221001221001221,342.19,-27.62,15.56,xinchao0
0.005860805860805861,0.012454212454212455,0.025152625152625153,0.00805860805860806,0.0017094017094017094,346.81,-33.0,20.25,xinchao0
0.005860805860805861,0.01221001221001221,0.025396825396825397,0.00805860805860806,0.0007326007326007326,357.62,-42.88,36.25,xinchao0
0.005616605616605617,0.011965811965811967,0.025396825396825397,0.00805860805860806,0.0,7.5,-47.56,54.63,xinchao0
0.005616605616605617,0.011721611721611722,0.025152625152625153,0.00805860805860806,0.0002442002442002442,9.56,-47.88,59.06,xinchao0
0.005616605616605617,0.011721611721611722,0.025152625152625153,0.00805860805860806,0.0007326007326007326,3.31,-45.31,48.56,xinchao0
0.005616605616605617,0.011965811965811967,0.02490842490842491,0.00805860805860806,0.0007326007326007326,353.37,-35.13,30.75,xinchao0
0.005616605616605617,0.01221001221001221,0.02490842490842491,0.00805860805860806,0.002197802197802198,347.37,-24.44,19.75,xinchao0
0.005616605616605617,0.01221001221001221,0.02490842490842491,0.007814407814407814,0.0029304029304029304,349.06,-26.56,18.75,xinchao0
0.005860805860805861,0.011721611721611722,0.02490842490842491,0.007814407814407814,0.003663003663003663,358.81,-36.5,29.81,xinchao0
0.005860805860805861,0.011477411477411478,0.024664224664224663,0.007814407814407814,0.003907203907203907,10.94,-42.94,50.88,xinchao0
0.006105006105006105,0.011233211233211233,0.024664224664224663,0.007814407814407814,0.004395604395604396,19.87,-43.44,64.37,xinchao0
0.006105006105006105,0.011477411477411478,0.02442002442002442,0.007814407814407814,0.003418803418803419,21.94,-42.5,65.69,xinchao0
0.006105006105006105,0.011721611721611722,0.02442002442002442,0.007814407814407814,0.002686202686202686,13.0,-41.06,54.81,xinchao0
0.005860805860805861,0.011965811965811967,0.02442002442002442,0.007814407814407814,0.001221001221001221,358.75,-36.5,38.88,xinchao0
0.005860805860805861,0.01221001221001221,0.024175824175824177,0.007814407814407814,0.0,345.62,-28.5,24.62,xinchao0
0.005860805860805861,0.01221001221001221,0.02442002442002442,0.007814407814407814,0.0009768009768009768,341.12,-25.19,18.5,xinchao0
0.005860805860805861,0.011965811965811967,0.02442002442002442,0.007326007326007326,0.0014652014652014652,347.37,-31.25,25.06,xinchao0
0.005860805860805861,0.011721611721611722,0.024664224664224663,0.006837606837606838,0.0019536019536019536,0.44,-39.19,40.44,xinchao0
0.006105006105006105,0.011721611721611722,0.02490842490842491,0.006593406593406593,0.002197802197802198,13.44,-40.94,56.44,xinchao0
0.006105006105006105,0.011965811965811967,0.025152625152625153,0.006349206349206349,0.002442002442002442,17.56,-39.25,60.56,xinchao0
0.006105006105006105,0.012454212454212455,0.025396825396825397,0.006105006105006105,0.002442002442002442,8.44,-38.06,49.06,xinchao0
0.006105006105006105,0.012698412698412698,0.025885225885225887,0.006105006105006105,0.002442002442002442,354.0,-33.44,31.56,xinchao0
0.006105006105006105,0.012942612942612943,0.02612942612942613,0.005860805860805861,0.0014652014652014652,341.62,-26.87,19.69,xinchao0
0.006105006105006105,0.012942612942612943,0.026373626373626374,0.006105006105006105,0.0007326007326007326,338.87,-25.81,18.37,xinchao0
0.006105006105006105,0.012454212454212455,0.026617826617826617,0.006105006105006105,0.0002442002442002442,345.37,-32.0,24.25,xinchao0
0.006105006105006105,0.011965811965811967,0.026862026862026864,0.006349206349206349,0.0002442002442002442,358.0,-39.5,37.75,xinchao0
0.006105006105006105,0.011721611721611722,0.026862026862026864,0.006349206349206349,0.0007326007326007326,10.94,-42.94,54.44,xinchao0
0.006105006105006105,0.011477411477411478,0.026862026862026864,0.006349206349206349,0.0007326007326007326,16.69,-43.81,62.94,xinchao0
0.006105006105006105,0.011477411477411478,0.026862026862026864,0.006349206349206349,0.0009768009768009768,12.19,-44.06,58.63,xinchao0
0.005860805860805861,0.011965811965811967,0.026617826617826617,0.006349206349206349,0.0009768009768009768,359.75,-41.13,45.06,xinchao0
0.005616605616605617,0.01221001221001221,0.026617826617826617,0.006593406593406593,0.0009768009768009768,345.94,-34.75,29.19,xinchao0
0.005616605616605617,0.012454212454212455,0.026373626373626374,0.006593406593406593,0.0,336.62,-30.0,17.69,xinchao0
0.005372405372405372,0.01221001221001221,0.026373626373626374,0.006837606837606838,0.0007326007326007326,338.44,-32.63,18.56,xinchao0
0.005372405372405372,0.011965811965811967,0.026373626373626374,0.006837606837606838,0.001221001221001221,348.56,-39.81,27.19,xinchao0
0.005372405372405372,0.011477411477411478,0.026373626373626374,0.007081807081807082,0.0017094017094017094,4.19,-45.88,46.31,xinchao0
0.005372405372405372,0.011477411477411478,0.02612942612942613,0.007081807081807082,0.0019536019536019536,17.25,-46.75,65.69,xinchao0
0.005372405372405372,0.011477411477411478,0.02612942612942613,0.007081807081807082,0.002197802197802198,19.44,-46.75,69.81,xinchao0
0.005372405372405372,0.011965811965811967,0.02612942612942613,0.007081807081807082,0.002197802197802198,10.19,-46.75,57.31,xinchao0
0.005372405372405372,0.01221001221001221,0.02612942612942613,0.007326007326007326,0.002442002442002442,355.56,-41.19,35.75,xinchao0
0.005372405372405372,0.012454212454212455,0.02612942612942613,0.007326007326007326,0.002442002442002442,344.25,-32.56,19.19,xinchao0
0.005372405372405372,0.012698412698412698,0.02612942612942613,0.007326007326007326,0.002442002442002442,341.31,-30.87,16.0,xinchao0
0.005372405372405372,0.012454212454212455,0.026373626373626374,0.00757020757020757,0.0014652014652014652,348.06,-38.44,23.69,xinchao0
0.005616605616605617,0.01221001221001221,0.026373626373626374,0.00757020757020757,0.0007326007326007326,359.94,-45.25,42.31,xinchao0
0.005616605616605617,0.011965811965811967,0.026617826617826617,0.007814407814407814,0.0,13.06,-46.19,66.06,xinchao0
0.005860805860805861,0.011965811965811967,0.026617826617826617,0.007814407814407814,0.0002442002442002442,18.37,-44.13,77.25,xinchao0
0.005860805860805861,0.012454212454212455,0.026862026862026864,0.007814407814407814,0.0017094017094017094,14.31,-44.38,71.62,xinchao0
0.005860805860805861,0.012942612942612943,0.026862026862026864,0.007814407814407814,0.002686202686202686,3.0,-44.38,52.94,xinchao0
0.005860805860805861,0.013186813186813187,0.026862026862026864,0.007814407814407814,0.003418803418803419,350.37,-38.19,30.75,xinchao0
0.005860805860805861,0.013431013431013432,0.026862026862026864,0.00805860805860806,0.003907203907203907,342.81,-30.69,19.69,xinchao0
0.005860805860805861,0.013431013431013432,0.026862026862026864,0.00805860805860806,0.004151404151404151,343.06,-30.62,17.12,xinchao0
0.005616605616605617,0.013186813186813187,0.026862026862026864,0.008302808302808303,0.004395604395604396,352.5,-39.38,27.06,xinchao0
0.005616605616605617,0.012942612942612943,0.026862026862026864,0.008302808302808303,0.003418803418803419,4.37,-45.63,50.13,xinchao0
0.005616605616605617,0.012942612942612943,0.026862026862026864,0.008302808302808303,0.002686202686202686,16.19,-46.5,75.06,xinchao0
0.005616605616605617,0.012942612942612943,0.026617826617826617,0.008302808302808303,0.002197802197802198,16.5,-46.94,77.44,xinchao0
0.005616605616605617,0.013431013431013432,0.026617826617826617,0.008302808302808303,0.0019536019536019536,5.06,-46.63,55.94,xinchao0
0.005616605616605617,0.01391941391941392,0.026862026862026864,0.008302808302808303,0.0017094017094017094,351.37,-37.38,29.19,xinchao0
0.005616605616605617,0.014163614163614164,0.027106227106227107,0.008547008547008548,0.002686202686202686,341.37,-25.94,14.25,xinchao0
0.005616605616605617,0.014407814407814409,0.02783882783882784,0.008791208791208791,0.003418803418803419,339.69,-24.75,11.25,xinchao0
0.005860805860805861,0.014163614163614164,0.028815628815628817,0.009035409035409036,0.003907203907203907,348.12,-34.81,20.62,xinchao0
0.006105006105006105,0.014163614163614164,0.029548229548229547,0.00927960927960928,0.004151404151404151,2.62,-45.06,44.19,xinchao0
0.006349206349206349,0.01391941391941392,0.030036630036630037,0.009523809523809525,0.004395604395604396,16.56,-45.75,67.62,xinchao0
0.006349206349206349,0.014163614163614164,0.03028083028083028,0.009523809523809525,0.00463980463980464,17.5,-45.5,66.62,xinchao0
0.006349206349206349,0.014652014652014652,0.03076923076923077,0.009523809523809525,0.00463980463980464,7.75,-42.06,45.25,xinchao0
0.006593406593406593,0.015384615384615385,0.031013431013431014,0.009768009768009768,0.004884004884004884,355.75,-31.06,25.94,xinchao0
0.006593406593406593,0.016361416361416362,0.03247863247863248,0.010744810744810745,0.004884004884004884,346.69,-20.5,17.19,xinchao0
0.006593406593406593,0.017094017094017096,0.034432234432234435,0.01221001221001221,0.005128205128205128,342.87,-18.12,12.88,xinchao0
0.006593406593406593,0.017582417582417582,0.035897435897435895,0.013186813186813187,0.005128205128205128,348.81,-27.37,18.75,xinchao0
0.006837606837606838,0.018070818070818073,0.036874236874236875,0.01391941391941392,0.005128205128205128,2.12,-40.06,38.94,xinchao0
0.006837606837606838,0.018315018315018316,0.03711843711843712,0.014163614163614164,0.003907203907203907,16.62,-44.38,62.81,xinchao0
0.006837606837606838,0.01855921855921856,0.03711843711843712,0.014407814407814409,0.0019536019536019536,19.37,-44.19,66.06,xinchao0
0.006593406593406593,0.01855921855921856,0.036874236874236875,0.014407814407814409,0.0007326007326007326,9.56,-41.81,51.25,xinchao0
0.006349206349206349,0.018803418803418803,0.03663003663003663,0.014407814407814409,0.0002442002442002442,358.0,-34.69,35.81,xinchao0
0.006349206349206349,0.018803418803418803,0.03638583638583639,0.014407814407814409,0.0009768009768009768,346.75,-25.81,24.44,xinchao0
0.006349206349206349,0.01855921855921856,0.036141636141636145,0.014407814407814409,0.0014652014652014652,344.25,-25.44,22.75,xinchao0
0.006349206349206349,0.018070818070818073,0.035897435897435895,0.014163614163614164,0.0017094017094017094,351.62,-32.56,30.0,xinchao0
0.006349206349206349,0.017826617826617826,0.035897435897435895,0.01391941391941392,0.0009768009768009768,3.81,-40.13,47.19,xinchao0
0.006349206349206349,0.017582417582417582,0.03565323565323565,0.013675213675213675,0.0002442002442002442,13.88,-40.63,62.13,xinchao0
0.006349206349206349,0.01733821733821734,0.034432234432234435,0.012698412698412698,0.0,17.94,-40.25,64.5,xinchao0
0.006349206349206349,0.01733821733821734,0.03321123321123321,0.011965811965811967,0.0004884004884004884,15.06,-39.38,58.25,xinchao0
0.006105006105006105,0.01733821733821734,0.03247863247863248,0.011477411477411478,0.0017094017094017094,7.69,-35.25,49.0,xinchao0
0.006105006105006105,0.01733821733821734,0.03199023199023199,0.011233211233211233,0.002686202686202686,356.37,-26.62,38.56,xinchao0
0.006105006105006105,0.017094017094017096,0.031746031746031744,0.011233211233211233,0.003418803418803419,346.5,-20.06,25.12,xinchao0
0.006105006105006105,0.01684981684981685,0.031746031746031744,0.01098901098901099,0.003907203907203907,345.62,-21.37,22.37,xinchao0
0.006349206349206349,0.01611721611721612,0.031746031746031744,0.01098901098901099,0.004151404151404151,353.25,-28.5,27.62,xinchao0
0.006349206349206349,0.015873015873015872,0.03199023199023199,0.010744810744810745,0.004395604395604396,4.87,-37.75,42.94,xinchao0
0.006593406593406593,0.015384615384615385,0.03199023199023199,0.010500610500610501,0.003418803418803419,13.94,-41.19,59.0,xinchao0
0.006349206349206349,0.01562881562881563,0.03199023199023199,0.010500610500610501,0.0017094017094017094,12.81,-39.81,58.63,xinchao0
0.006349206349206349,0.016361416361416362,0.03199023199023199,0.010256410256410256,0.0004884004884004884,2.81,-36.13,47.94,xinchao0
0.006105006105006105,0.01684981684981685,0.03199023199023199,0.010256410256410256,0.0004884004884004884,350.69,-27.19,33.31,xinchao0
0.006105006105006105,0.01733821733821734,0.03199023199023199,0.010256410256410256,0.0,343.31,-21.25,23.75,xinchao0
0.006105006105006105,0.01733821733821734,0.03223443223443224,0.010256410256410256,0.0002442002442002442,344.81,-25.37,25.25,xinchao0
0.006105006105006105,0.016605616605616606,0.03223443223443224,0.010256410256410256,0.0007326007326007326,354.06,-34.75,33.13,xinchao0
0.006349206349206349,0.01611721611721612,0.03223443223443224,0.010256410256410256,0.0007326007326007326,6.69,-42.56,49.63,xinchao0
0.006349206349206349,0.01562881562881563,0.03223443223443224,0.010256410256410256,0.0009768009768009768,15.94,-44.88,60.94,xinchao0
0.006593406593406593,0.01562881562881563,0.03223443223443224,0.010012210012210013,0.002197802197802198,15.38,-43.69,59.19,xinchao0
0.006593406593406593,0.01611721611721612,0.03199023199023199,0.010012210012210013,0.0029304029304029304,5.37,-38.81,48.25,xinchao0
0.006593406593406593,0.016361416361416362,0.03199023199023199,0.009768009768009768,0.003663003663003663,353.75,-29.94,36.56,xinchao0
0.006593406593406593,0.016605616605616606,0.031746031746031744,0.009523809523809525,0.004151404151404151,343.94,-22.81,26.62,xinchao0
0.006593406593406593,0.016361416361416362,0.031746031746031744,0.00927960927960928,0.004395604395604396,342.0,-22.75,23.31,xinchao0
0.006593406593406593,0.015873015873015872,0.031746031746031744,0.008791208791208791,0.00463980463980464,348.94,-29.0,28.5,xinchao0
0.006593406593406593,0.015384615384615385,0.031746031746031744,0.008547008547008548,0.00463980463980464,359.87,-37.13,41.31,xinchao0
0.006593406593406593,0.01514041514041514,0.0315018315018315,0.008302808302808303,0.004884004884004884,9.0,-42.06,53.31,xinchao0
0.006593406593406593,0.014896214896214897,0.0315018315018315,0.007814407814407814,0.003663003663003663,12.38,-43.75,57.75,xinchao0
0.006593406593406593,0.015384615384615385,0.03125763125763126,0.006593406593406593,0.0029304029304029304,8.0,-41.38,51.25,xinchao0
0.006593406593406593,0.015384615384615385,0.031013431013431014,0.005860805860805861,0.002442002442002442,359.06,-33.75,40.44,xinchao0
0.006593406593406593,0.01562881562881563,0.03076923076923077,0.005372405372405372,0.0019536019536019536,348.56,-24.62,29.25,xinchao0
0.006593406593406593,0.015873015873015872,0.03028083028083028,0.004884004884004884,0.0007326007326007326,342.06,-20.94,19.94,xinchao0
0.006593406593406593,0.01562881562881563,0.030036630036630037,0.004884004884004884,0.0002442002442002442,343.94,-24.81,21.25,xinchao0
0.006593406593406593,0.01514041514041514,0.030036630036630037,0.004884004884004884,0.0009768009768009768,354.12,-34.63,31.44,xinchao0
0.006593406593406593,0.014652014652014652,0.030036630036630037,0.004884004884004884,0.0014652014652014652,7.81,-40.56,51.25,xinchao0
0.006593406593406593,0.014652014652014652,0.029792429792429794,0.004884004884004884,0.0007326007326007326,17.69,-41.75,64.75,xinchao0
0.006593406593406593,0.014896214896214897,0.029792429792429794,0.004884004884004884,0.0002442002442002442,16.87,-41.63,64.25,xinchao0
0.006593406593406593,0.015384615384615385,0.029792429792429794,0.004884004884004884,0.0002442002442002442,7.37,-39.31,52.56,xinchao0
0.006593406593406593,0.015873015873015872,0.030036630036630037,0.004884004884004884,0.0017094017094017094,353.56,-32.94,37.56,xinchao0
0.006593406593406593,0.01611721611721612,0.03028083028083028,0.005128205128205128,0.002686202686202686,342.06,-23.69,23.06,xinchao0
0.006593406593406593,0.016361416361416362,0.03028083028083028,0.005128205128205128,0.002197802197802198,339.31,-21.81,18.81,xinchao0
0.006837606837606838,0.01611721611721612,0.030525030525030524,0.005372405372405372,0.0019536019536019536,346.44,-28.81,24.56,xinchao0
0.006837606837606838,0.015873015873015872,0.03028083028083028,0.005372405372405372,0.0017094017094017094,359.37,-38.25,41.0,xinchao0
0.006593406593406593,0.01562881562881563,0.03028083028083028,0.005616605616605617,0.0014652014652014652,12.69,-40.75,64.25,xinchao0
0.006593406593406593,0.01562881562881563,0.030036630036630037,0.005372405372405372,0.0002442002442002442,20.37,-40.25,73.69,xinchao0
0.006593406593406593,0.015873015873015872,0.029792429792429794,0.005372405372405372,0.0004884004884004884,17.44,-40.44,68.62,xinchao0
0.006593406593406593,0.016361416361416362,0.029548229548229547,0.005128205128205128,0.001221001221001221,9.5,-39.06,56.63,xinchao0
0.006349206349206349,0.016605616605616606,0.029304029304029304,0.005128205128205128,0.0014652014652014652,358.19,-35.25,43.94,xinchao0
0.006349206349206349,0.01684981684981685,0.02905982905982906,0.005128205128205128,0.0019536019536019536,347.19,-27.94,32.0,xinchao0
0.006349206349206349,0.01684981684981685,0.02905982905982906,0.005372405372405372,0.002197802197802198,341.44,-23.31,25.31,xinchao0
0.006105006105006105,0.016605616605616606,0.02905982905982906,0.005372405372405372,0.002197802197802198,343.62,-26.75,26.69,xinchao0
0.006105006105006105,0.01611721611721612,0.02905982905982906,0.005372405372405372,0.002442002442002442,354.37,-35.94,37.81,xinchao0
0.006105006105006105,0.015873015873015872,0.02905982905982906,0.005372405372405372,0.001221001221001221,9.13,-41.31,59.88,xinchao0
0.006105006105006105,0.01562881562881563,0.02905982905982906,0.005372405372405372,0.0004884004884004884,19.5,-41.19,73.75,xinchao0
0.006105006105006105,0.01562881562881563,0.02905982905982906,0.005372405372405372,0.0,16.44,-41.56,68.56,xinchao0
0.006105006105006105,0.01611721611721612,0.02905982905982906,0.005128205128205128,0.0004884004884004884,8.0,-39.19,56.75,xinchao0
0.006349206349206349,0.016361416361416362,0.02905982905982906,0.005128205128205128,0.0007326007326007326,357.44,-33.13,44.19,xinchao0
0.006349206349206349,0.016605616605616606,0.028815628815628817,0.005128205128205128,0.0009768009768009768,348.25,-26.56,38.06,xinchao0
0.006349206349206349,0.016361416361416362,0.02857142857142857,0.005128205128205128,0.0009768009768009768,342.69,-23.94,34.88,xinchao0
0.006593406593406593,0.015873015873015872,0.02857142857142857,0.005128205128205128,0.001221001221001221,342.81,-25.69,32.25,xinchao0
0.006593406593406593,0.01514041514041514,0.028327228327228327,0.005128205128205128,0.001221001221001221,350.12,-30.5,36.63,xinchao0
0.006837606837606838,0.014407814407814409,0.028083028083028084,0.005128205128205128,0.001221001221001221,4.25,-36.25,49.69,xinchao0
0.006837606837606838,0.014163614163614164,0.02783882783882784,0.005128205128205128,0.001221001221001221,17.69,-38.31,63.31,xinchao0
0.006837606837606838,0.014163614163614164,0.02783882783882784,0.005128205128205128,0.001221001221001221,22.06,-38.69,67.75,xinchao0
0.006837606837606838,0.014652014652014652,0.027594627594627594,0.005128205128205128,0.0,17.19,-39.06,61.5,xinchao0
0.006837606837606838,0.01514041514041514,0.027594627594627594,0.004884004884004884,0.0007326007326007326,9.13,-37.0,50.19,xinchao0
0.006593406593406593,0.01562881562881563,0.027594627594627594,0.004884004884004884,0.001221001221001221,355.25,-29.5,35.13,xinchao0
0.006593406593406593,0.015873015873015872,0.02735042735042735,0.00463980463980464,0.0017094017094017094,347.31,-25.94,30.19,xinchao0
0.006593406593406593,0.01562881562881563,0.02735042735042735,0.00463980463980464,0.0019536019536019536,347.31,-26.62,33.5,xinchao0
0.006837606837606838,0.014896214896214897,0.02735042735042735,0.00463980463980464,0.002197802197802198,355.0,-30.5,39.75,xinchao0
0.006837606837606838,0.014407814407814409,0.02735042735042735,0.00463980463980464,0.002197802197802198,6.56,-33.94,47.69,xinchao0
0.007081807081807082,0.014163614163614164,0.02735042735042735,0.00463980463980464,0.001221001221001221,16.12,-36.69,53.13,xinchao0
0.007081807081807082,0.01391941391941392,0.027594627594627594,0.00463980463980464,0.0004884004884004884,20.87,-38.81,56.69,xinchao0
0.007081807081807082,0.014163614163614164,0.027594627594627594,0.00463980463980464,0.001221001221001221,20.25,-41.19,58.81,xinchao0
0.007081807081807082,0.014407814407814409,0.027594627594627594,0.00463980463980464,0.002442002442002442,13.94,-40.31,53.0,xinchao0
0.007081807081807082,0.014407814407814409,0.027594627594627594,0.00463980463980464,0.003418803418803419,2.25,-35.13,41.69,xinchao0
0.006837606837606838,0.014652014652014652,0.027594627594627594,0.00463980463980464,0.003907203907203907,352.62,-30.06,32.19,xinchao0
0.006837606837606838,0.014652014652014652,0.027594627594627594,0.004884004884004884,0.004151404151404151,352.31,-31.56,29.12,xinchao0
0.006593406593406593,0.014163614163614164,0.02735042735042735,0.004884004884004884,0.004395604395604396,359.5,-36.94,35.44,xinchao0
0.006593406593406593,0.01391941391941392,0.02735042735042735,0.005128205128205128,0.00463980463980464,10.56,-42.13,50.69,xinchao0
0.006593406593406593,0.013675213675213675,0.027106227106227107,0.005128205128205128,0.003663003663003663,20.62,-42.44,64.25,xinchao0
0.006349206349206349,0.014163614163614164,0.026862026862026864,0.004884004884004884,0.0029304029304029304,21.0,-41.06,63.81,xinchao0
0.006349206349206349,0.014652014652014652,0.02612942612942613,0.00463980463980464,0.001221001221001221,13.13,-38.19,55.56,xinchao0
0.006105006105006105,0.014896214896214897,0.02564102564102564,0.004395604395604396,0.0,2.19,-32.0,46.19,xinchao0
0.006105006105006105,0.01514041514041514,0.025152625152625153,0.004151404151404151,0.0007326007326007326,352.87,-28.31,33.94,xinchao0
0.006105006105006105,0.014896214896214897,0.02490842490842491,0.004151404151404151,0.0014652014652014652,350.06,-29.19,27.75,xinchao0
0.006105006105006105,0.014163614163614164,0.02490842490842491,0.003907203907203907,0.0019536019536019536,357.12,-34.19,32.5,xinchao0
0.006349206349206349,0.013675213675213675,0.02490842490842491,0.003907203907203907,0.0019536019536019536,9.13,-39.06,44.0,xinchao0
0.006349206349206349,0.013186813186813187,0.024664224664224663,0.003663003663003663,0.002197802197802198,18.62,-40.31,56.44,xinchao0
0.006349206349206349,0.013186813186813187,0.024664224664224663,0.003418803418803419,0.002197802197802198,18.25,-40.81,57.31,xinchao0
0.006349206349206349,0.013675213675213675,0.023443223443223443,0.002686202686202686,0.002442002442002442,9.94,-39.13,48.69,xinchao0
0.006105006105006105,0.013675213675213675,0.022466422466422466,0.002197802197802198,0.002442002442002442,357.75,-34.13,37.06,xinchao0
0.006105006105006105,0.01391941391941392,0.02197802197802198,0.0019536019536019536,0.002442002442002442,349.81,-30.31,26.62,xinchao0
0.006105006105006105,0.013431013431013432,0.021733821733821733,0.0017094017094017094,0.0014652014652014652,349.94,-32.75,24.31,xinchao0
0.006105006105006105,0.013186813186813187,0.021733821733821733,0.0017094017094017094,0.0007326007326007326,358.5,-39.38,33.19,xinchao0
0.006349206349206349,0.012942612942612943,0.02197802197802198,0.0017094017094017094,0.0,11.0,-43.94,51.06,xinchao0
0.006593406593406593,0.012942612942612943,0.02197802197802198,0.0017094017094017094,0.0002442002442002442,21.0,-44.25,63.75,xinchao0
0.006593406593406593,0.013431013431013432,0.022222222222222223,0.0017094017094017094,0.0017094017094017094,20.62,-44.0,63.69,xinchao0
0.006593406593406593,0.01391941391941392,0.022222222222222223,0.0014652014652014652,0.0017094017094017094,14.5,-42.13,57.88,xinchao0
0.006593406593406593,0.014407814407814409,0.022222222222222223,0.0014652014652014652,0.0014652014652014652,4.37,-37.56,48.06,xinchao0
0.006349206349206349,0.014652014652014652,0.022222222222222223,0.001221001221001221,0.0014652014652014652,352.06,-31.0,35.0,xinchao0
0.006349206349206349,0.014896214896214897,0.022222222222222223,0.001221001221001221,0.0014652014652014652,347.25,-28.56,24.12,xinchao0
0.006349206349206349,0.014652014652014652,0.022222222222222223,0.0014652014652014652,0.0014652014652014652,350.94,-31.69,28.69,xinchao0
0.006349206349206349,0.014163614163614164,0.022222222222222223,0.0014652014652014652,0.001221001221001221,1.87,-38.25,39.44,xinchao0
0.006593406593406593,0.013675213675213675,0.022222222222222223,0.0017094017094017094,0.0002442002442002442,13.5,-41.38,54.69,xinchao0
0.006593406593406593,0.013431013431013432,0.022222222222222223,0.0017094017094017094,0.0007326007326007326,20.81,-40.75,62.69,xinchao0
0.006593406593406593,0.013675213675213675,0.02197802197802198,0.0014652014652014652,0.0002442002442002442,19.0,-40.31,61.0,xinchao0
0.006593406593406593,0.014163614163614164,0.021733821733821733,0.001221001221001221,0.0002442002442002442,10.75,-38.38,53.81,xinchao0
0.006593406593406593,0.014407814407814409,0.02148962148962149,0.0009768009768009768,0.0004884004884004884,358.0,-34.81,42.88,xinchao0
0.006349206349206349,0.014652014652014652,0.02148962148962149,0.0009768009768009768,0.0007326007326007326,348.44,-29.69,30.31,xinchao0
0.006349206349206349,0.014407814407814409,0.02148962148962149,0.0007326007326007326,0.0009768009768009768,345.81,-28.44,25.44,xinchao0
0.006105006105006105,0.014163614163614164,0.02148962148962149,0.0009768009768009768,0.0009768009768009768,352.19,-32.13,31.06,xinchao0
0.006349206349206349,0.013675213675213675,0.02148962148962149,0.0009768009768009768,0.001221001221001221,4.44,-37.94,45.56,xinchao0
0.006349206349206349,0.013675213675213675,0.02148962148962149,0.0009768009768009768,0.001221001221001221,15.81,-39.0,58.81,xinchao0
0.006349206349206349,0.013431013431013432,0.021245421245421246,0.0004884004884004884,0.001221001221001221,21.06,-39.81,62.44,xinchao0
0.006593406593406593,0.013431013431013432,0.021245421245421246,0.0,0.001221001221001221,18.12,-39.88,60.31,xinchao0
0.006593406593406593,0.01391941391941392,0.021001221001221003,0.0002442002442002442,0.002442002442002442,10.0,-38.56,52.75,xinchao0
0.006349206349206349,0.01391941391941392,0.021001221001221003,0.0004884004884004884,0.0031746031746031746,358.5,-34.94,41.81,xinchao0
0.006349206349206349,0.014163614163614164,0.021001221001221003,0.0004884004884004884,0.003663003663003663,346.56,-29.56,27.69,xinchao0
0.006593406593406593,0.014163614163614164,0.021001221001221003,0.0002442002442002442,0.004151404151404151,343.12,-27.69,22.94,xinchao0
0.006593406593406593,0.013431013431013432,0.021001221001221003,0.0002442002442002442,0.004395604395604396,350.12,-33.13,29.0,xinchao0
0.006593406593406593,0.013186813186813187,0.021001221001221003,0.0002442002442002442,0.003418803418803419,2.0,-39.81,47.56,xinchao0
0.006593406593406593,0.012698412698412698,0.021001221001221003,0.0002442002442002442,0.002686202686202686,15.25,-42.19,69.5,xinchao0
0.006593406593406593,0.012942612942612943,0.020757020757020756,0.0002442002442002442,0.001221001221001221,18.5,-41.25,71.37,xinchao0
0.006593406593406593,0.013675213675213675,0.021001221001221003,0.0002442002442002442,0.0,11.56,-40.06,60.94,xinchao0
0.006593406593406593,0.014652014652014652,0.021245421245421246,0.0002442002442002442,0.0007326007326007326,0.69,-36.38,46.88,xinchao0
0.006593406593406593,0.01514041514041514,0.022222222222222223,0.0002442002442002442,0.001221001221001221,350.94,-31.31,36.81,xinchao0
0.006593406593406593,0.01562881562881563,0.023687423687423687,0.0009768009768009768,0.0004884004884004884,343.0,-26.94,27.62,xinchao0
0.006837606837606838,0.01562881562881563,0.025152625152625153,0.0017094017094017094,0.0,341.56,-27.94,25.56,xinchao0
0.007081807081807082,0.015384615384615385,0.026373626373626374,0.002442002442002442,0.0002442002442002442,347.94,-35.0,32.44,xinchao0
0.007081807081807082,0.015384615384615385,0.027106227106227107,0.0029304029304029304,0.0007326007326007326,359.62,-42.31,48.38,xinchao0
0.007326007326007326,0.01514041514041514,0.02783882783882784,0.0031746031746031746,0.0019536019536019536,11.31,-42.75,65.44,xinchao0
0.007326007326007326,0.015384615384615385,0.028327228327228327,0.003663003663003663,0.0029304029304029304,13.94,-42.31,66.62,xinchao0
0.007081807081807082,0.015873015873015872,0.028083028083028084,0.003907203907203907,0.003418803418803419,8.44,-41.44,57.88,xinchao0
0.006837606837606838,0.01611721611721612,0.028083028083028084,0.003907203907203907,0.003907203907203907,359.31,-37.88,43.75,xinchao0
0.006837606837606838,0.016361416361416362,0.028083028083028084,0.004151404151404151,0.004395604395604396,349.56,-32.31,33.38,xinchao0
0.006593406593406593,0.016361416361416362,0.028083028083028084,0.002686202686202686,0.003418803418803419,341.94,-27.19,26.12,xinchao0
0.006593406593406593,0.015873015873015872,0.028083028083028084,0.0017094017094017094,0.002686202686202686,339.37,-26.19,23.0,xinchao0
0.006593406593406593,0.01562881562881563,0.028327228327228327,0.0009768009768009768,0.001221001221001221,344.31,-30.75,26.06,xinchao0
0.006593406593406593,0.015384615384615385,0.02857142857142857,0.0007326007326007326,0.0,353.25,-37.13,34.44,xinchao0
0.006593406593406593,0.015384615384615385,0.02857142857142857,0.005372405372405372,0.0009768009768009768,4.62,-42.69,46.19,xinchao0
0.006593406593406593,0.015384615384615385,0.028327228327228327,0.010500610500610501,0.0014652014652014652,11.75,-44.31,54.94,xinchao0
0.006593406593406593,0.015384615384615385,0.028327228327228327,0.01391941391941392,0.0019536019536019536,9.38,-43.81,51.88,xinchao0
0.006593406593406593,0.015873015873015872,0.028083028083028084,0.016361416361416362,0.002197802197802198,0.75,-40.56,42.56,xinchao0
0.006349206349206349,0.016361416361416362,0.028327228327228327,0.014652014652014652,0.001221001221001221,350.44,-34.0,32.38,xinchao0
0.006349206349206349,0.016605616605616606,0.029304029304029304,0.011965811965811967,0.0004884004884004884,342.69,-27.56,24.31,xinchao0
0.006593406593406593,0.01684981684981685,0.031013431013431014,0.00927960927960928,0.0,339.19,-24.69,19.62,xinchao0
0.006837606837606838,0.017094017094017096,0.03296703296703297,0.006349206349206349,0.0014652014652014652,344.06,-29.44,22.69,xinchao0
0.007081807081807082,0.01733821733821734,0.03492063492063492,0.003907203907203907,0.002686202686202686,355.31,-37.63,31.75,xinchao0
0.007326007326007326,0.017582417582417582,0.036141636141636145,0.002197802197802198,0.003418803418803419,7.75,-43.13,45.0,xinchao0
0.007326007326007326,0.017826617826617826,0.03711843711843712,0.0009768009768009768,0.003907203907203907,13.19,-43.75,52.69,xinchao0
0.00757020757020757,0.018315018315018316,0.03785103785103785,0.0002442002442002442,0.004151404151404151,8.69,-42.25,47.75,xinchao0
0.00757020757020757,0.018803418803418803,0.03833943833943834,0.0014652014652014652,0.004395604395604396,359.31,-37.69,38.31,xinchao0
0.00757020757020757,0.019291819291819293,0.03882783882783883,0.002197802197802198,0.00463980463980464,351.25,-31.87,31.75,xinchao0
0.00757020757020757,0.019536019536019536,0.03882783882783883,0.0029304029304029304,0.00463980463980464,344.75,-26.37,27.94,xinchao0
0.00757020757020757,0.019536019536019536,0.03907203907203907,0.003418803418803419,0.004884004884004884,343.37,-25.0,27.12,xinchao0
0.00757020757020757,0.019536019536019536,0.03907203907203907,0.003663003663003663,0.004884004884004884,348.31,-29.81,29.75,xinchao0
0.007326007326007326,0.019291819291819293,0.039316239316239315,0.003663003663003663,0.003907203907203907,357.62,-35.88,36.81,xinchao0
0.007326007326007326,0.019291819291819293,0.03956043956043956,0.003663003663003663,0.0019536019536019536,8.63,-40.5,47.63,xinchao0
0.007326007326007326,0.01904761904761905,0.03956043956043956,0.003663003663003663,0.0004884004884004884,12.75,-42.31,51.31,xinchao0
0.007326007326007326,0.019291819291819293,0.03956043956043956,0.003418803418803419,0.0004884004884004884,9.69,-40.63,47.94,xinchao0
0.007326007326007326,0.019536019536019536,0.03907203907203907,0.003418803418803419,0.0,3.81,-37.0,43.19,xinchao0
0.007326007326007326,0.01978021978021978,0.03907203907203907,0.003663003663003663,0.0004884004884004884,355.12,-31.37,38.13,xinchao0
0.007326007326007326,0.01978021978021978,0.03882783882783883,0.003663003663003663,0.0007326007326007326,347.44,-26.25,32.56,xinchao0
0.007326007326007326,0.020024420024420026,0.03882783882783883,0.003907203907203907,0.0009768009768009768,347.12,-27.69,31.06,xinchao0
0.007081807081807082,0.019536019536019536,0.038583638583638585,0.003907203907203907,0.002197802197802198,355.94,-34.31,38.88,xinchao0
0.007081807081807082,0.019291819291819293,0.03833943833943834,0.003907203907203907,0.0029304029304029304,8.88,-39.69,55.25,xinchao0
0.007081807081807082,0.01904761904761905,0.03833943833943834,0.003907203907203907,0.003663003663003663,16.37,-41.0,63.06,xinchao0
0.006837606837606838,0.01904761904761905,0.0380952380952381,0.004151404151404151,0.003907203907203907,12.56,-41.06,56.5,xinchao0
0.006837606837606838,0.019291819291819293,0.03785103785103785,0.004151404151404151,0.0031746031746031746,1.62,-36.94,41.63,xinchao0
0.006837606837606838,0.019291819291819293,0.037606837606837605,0.004151404151404151,0.002442002442002442,349.69,-29.37,27.87,xinchao0
0.006593406593406593,0.019536019536019536,0.03736263736263736,0.004395604395604396,0.002197802197802198,344.06,-25.87,21.06,xinchao0
0.006593406593406593,0.01904761904761905,0.03736263736263736,0.004395604395604396,0.0017094017094017094,348.62,-31.06,26.94,xinchao0
0.006593406593406593,0.018803418803418803,0.03736263736263736,0.004395604395604396,0.0017094017094017094,0.06,-39.5,44.56,xinchao0
0.006593406593406593,0.01855921855921856,0.03736263736263736,0.00463980463980464,0.0014652014652014652,12.38,-42.31,65.87,xinchao0
0.006593406593406593,0.01855921855921856,0.03736263736263736,0.00463980463980464,0.0014652014652014652,13.19,-41.69,63.25,xinchao0
0.006593406593406593,0.01904761904761905,0.03736263736263736,0.00463980463980464,0.0014652014652014652,5.5,-38.13,50.38,xinchao0
0.006593406593406593,0.019291819291819293,0.03736263736263736,0.004884004884004884,0.0002442002442002442,354.37,-30.31,34.5,xinchao0
0.006593406593406593,0.019536019536019536,0.03736263736263736,0.005128205128205128,0.0007326007326007326,345.25,-23.06,24.19,xinchao0
0.006593406593406593,0.019291819291819293,0.03736263736263736,0.005128205128205128,0.001221001221001221,344.25,-24.62,22.62,xinchao0
0.006837606837606838,0.018803418803418803,0.037606837606837605,0.005372405372405372,0.0017094017094017094,352.5,-33.38,31.87,xinchao0
0.006837606837606838,0.018315018315018316,0.037606837606837605,0.005372405372405372,0.0019536019536019536,2.69,-40.75,48.13,xinchao0
0.006837606837606838,0.018070818070818073,0.03785103785103785,0.005372405372405372,0.0009768009768009768,9.13,-44.0,63.06,xinchao0
0.006837606837606838,0.018315018315018316,0.03785103785103785,0.005372405372405372,0.0004884004884004884,4.81,-44.88,56.63,xinchao0
0.006837606837606838,0.01855921855921856,0.03785103785103785,0.005372405372405372,0.0,354.19,-36.38,37.88,xinchao0
0.006837606837606838,0.018803418803418803,0.037606837606837605,0.005372405372405372,0.0004884004884004884,344.0,-24.44,20.12,xinchao0
0.007081807081807082,0.01904761904761905,0.03736263736263736,0.005372405372405372,0.0007326007326007326,340.25,-21.31,15.44,xinchao0
0.007081807081807082,0.01855921855921856,0.03711843711843712,0.005372405372405372,0.0019536019536019536,344.81,-27.62,21.06,xinchao0
0.007081807081807082,0.018315018315018316,0.036874236874236875,0.005372405372405372,0.0029304029304029304,354.81,-36.75,32.19,xinchao0
0.007081807081807082,0.018070818070818073,0.03663003663003663,0.005616605616605617,0.003418803418803419,5.5,-42.19,49.81,xinchao0
0.007081807081807082,0.018070818070818073,0.03638583638583639,0.005616605616605617,0.002686202686202686,11.38,-44.19,59.38,xinchao0
0.006837606837606838,0.018070818070818073,0.035897435897435895,0.005616605616605617,0.001221001221001221,8.06,-43.44,54.88,xinchao0
0.006837606837606838,0.018315018315018316,0.03540903540903541,0.005616605616605617,0.0,355.94,-35.69,38.25,xinchao0
0.006593406593406593,0.018315018315018316,0.03540903540903541,0.005616605616605617,0.0007326007326007326,345.94,-26.56,24.75,xinchao0
0.006593406593406593,0.018315018315018316,0.035164835164835165,0.005616605616605617,0.001221001221001221,341.94,-23.5,19.62,xinchao0
0.006593406593406593,0.017826617826617826,0.035164835164835165,0.005860805860805861,0.0017094017094017094,347.0,-30.0,25.31,xinchao0
0.006837606837606838,0.017826617826617826,0.035164835164835165,0.005860805860805861,0.0019536019536019536,357.12,-39.75,41.31,xinchao0
0.006837606837606838,0.017582417582417582,0.035164835164835165,0.005860805860805861,0.002197802197802198,8.13,-44.44,62.94,xinchao0
0.006837606837606838,0.017826617826617826,0.035164835164835165,0.005860805860805861,0.002197802197802198,12.88,-44.69,72.25,xinchao0
0.006837606837606838,0.018070818070818073,0.03492063492063492,0.005860805860805861,0.002442002442002442,7.5,-43.81,61.94,xinchao0
0.006837606837606838,0.018315018315018316,0.035164835164835165,0.005860805860805861,0.001221001221001221,357.19,-38.94,41.94,xinchao0
0.006593406593406593,0.01855921855921856,0.035164835164835165,0.005860805860805861,0.0004884004884004884,347.81,-31.5,26.25,xinchao0
0.006593406593406593,0.018803418803418803,0.03492063492063492,0.005860805860805861,0.0,344.19,-27.94,22.44,xinchao0
0.006593406593406593,0.01855921855921856,0.03492063492063492,0.005860805860805861,0.0004884004884004884,348.06,-33.38,24.75,xinchao0
0.006593406593406593,0.018315018315018316,0.03492063492063492,0.006105006105006105,0.0007326007326007326,357.75,-42.0,39.69,xinchao0
0.006593406593406593,0.018070818070818073,0.03467643467643468,0.006105006105006105,0.0019536019536019536,7.44,-46.0,58.19,xinchao0
0.006593406593406593,0.017826617826617826,0.03467643467643468,0.006105006105006105,0.0029304029304029304,13.19,-46.19,68.62,xinchao0
0.006837606837606838,0.017826617826617826,0.034432234432234435,0.006105006105006105,0.003663003663003663,9.06,-45.63,60.0,xinchao0
0.006593406593406593,0.018070818070818073,0.034432234432234435,0.006105006105006105,0.004151404151404151,358.25,-41.06,39.88,xinchao0
0.006593406593406593,0.018315018315018316,0.03418803418803419,0.006105006105006105,0.004395604395604396,346.31,-30.94,23.19,xinchao0
0.006593406593406593,0.018315018315018316,0.03418803418803419,0.006105006105006105,0.00463980463980464,339.69,-24.44,16.25,xinchao0
0.006593406593406593,0.018315018315018316,0.03394383394383394,0.006349206349206349,0.003663003663003663,341.31,-26.87,17.62,xinchao0
0.006593406593406593,0.017826617826617826,0.03394383394383394,0.006349206349206349,0.0029304029304029304,349.87,-36.31,26.62,xinchao0
0.006593406593406593,0.017582417582417582,0.03394383394383394,0.006349206349206349,0.001221001221001221,1.31,-44.56,46.81,xinchao0
0.006593406593406593,0.01733821733821734,0.03394383394383394,0.006349206349206349,0.0,12.88,-47.0,64.25,xinchao0
0.006593406593406593,0.017582417582417582,0.03394383394383394,0.006105006105006105,0.0007326007326007326,14.06,-46.81,64.87,xinchao0
0.006593406593406593,0.017826617826617826,0.0336996336996337,0.006105006105006105,0.0014652014652014652,6.12,-44.06,49.13,xinchao0
0.006593406593406593,0.018070818070818073,0.0336996336996337,0.006105006105006105,0.0017094017094017094,356.5,-37.19,32.94,xinchao0
0.006593406593406593,0.018315018315018316,0.0336996336996337,0.006105006105006105,0.0009768009768009768,347.5,-28.31,19.62,xinchao0
0.006593406593406593,0.018315018315018316,0.0336996336996337,0.006105006105006105,0.0002442002442002442,343.87,-24.75,15.5,xinchao0
0.006593406593406593,0.017826617826617826,0.0336996336996337,0.006105006105006105,0.0002442002442002442,348.12,-30.87,19.87,xinchao0
0.006593406593406593,0.017582417582417582,0.0336996336996337,0.006349206349206349,0.0017094017094017094,357.06,-40.69,30.81,xinchao0
0.006593406593406593,0.01733821733821734,0.033455433455433455,0.006349206349206349,0.002686202686202686,8.44,-48.44,50.44,xinchao0
0.006593406593406593,0.017094017094017096,0.03321123321123321,0.006349206349206349,0.003418803418803419,14.94,-48.94,64.12,xinchao0
0.006593406593406593,0.01733821733821734,0.03247863247863248,0.006349206349206349,0.003907203907203907,10.38,-48.5,55.0,xinchao0
0.006593406593406593,0.017582417582417582,0.031746031746031744,0.006349206349206349,0.004395604395604396,0.37,-43.44,31.87,xinchao0
0.006593406593406593,0.017826617826617826,0.03125763125763126,0.006349206349206349,0.00463980463980464,349.31,-30.0,13.69,xinchao0
0.006593406593406593,0.017826617826617826,0.03076923076923077,0.006349206349206349,0.003663003663003663,344.0,-21.31,8.0,xinchao0
0.006349206349206349,0.017582417582417582,0.03076923076923077,0.006349206349206349,0.0029304029304029304,345.06,-23.37,8.69,xinchao0
0.006105006105006105,0.01733821733821734,0.030525030525030524,0.006593406593406593,0.002197802197802198,352.69,-34.06,16.31,xinchao0
0.006105006105006105,0.01733821733821734,0.03076923076923077,0.006593406593406593,0.0007326007326007326,3.37,-44.0,33.44,xinchao0
0.005860805860805861,0.01733821733821734,0.03076923076923077,0.006593406593406593,0.0009768009768009768,12.5,-46.69,55.75,xinchao0
0.005860805860805861,0.01733821733821734,0.031013431013431014,0.006593406593406593,0.0009768009768009768,17.25,-46.5,64.25,xinchao0
0.005860805860805861,0.01733821733821734,0.031013431013431014,0.006593406593406593,0.0009768009768009768,13.75,-45.56,59.06,xinchao0
0.005860805860805861,0.017582417582417582,0.031013431013431014,0.006593406593406593,0.001221001221001221,0.56,-38.5,39.06,xinchao0
0.005860805860805861,0.017826617826617826,0.031013431013431014,0.006593406593406593,0.001221001221001221,349.44,-29.25,24.75,xinchao0
0.006105006105006105,0.017826617826617826,0.031013431013431014,0.006593406593406593,0.001221001221001221,341.69,-22.06,17.44,xinchao0
0.006105006105006105,0.017582417582417582,0.031013431013431014,0.006593406593406593,0.001221001221001221,342.37,-24.12,18.31,xinchao0
0.006105006105006105,0.01733821733821734,0.031013431013431014,0.006593406593406593,0.001221001221001221,351.25,-33.94,29.81,xinchao0
0.006349206349206349,0.01733821733821734,0.03125763125763126,0.006593406593406593,0.001221001221001221,3.0,-40.0,54.31,xinchao0
0.006349206349206349,0.017094017094017096,0.03125763125763126,0.006349206349206349,0.001221001221001221,11.38,-41.63,62.69,xinchao0
0.006349206349206349,0.017582417582417582,0.03125763125763126,0.006349206349206349,0.002442002442002442,11.25,-41.25,57.13,xinchao0
0.006349206349206349,0.018070818070818073,0.03125763125763126,0.006349206349206349,0.0031746031746031746,3.56,-36.81,42.38,xinchao0
0.006349206349206349,0.018315018315018316,0.03125763125763126,0.006349206349206349,0.003663003663003663,350.81,-24.81,25.56,xinchao0
0.006349206349206349,0.01855921855921856,0.03125763125763126,0.006349206349206349,0.004151404151404151,342.87,-17.37,17.06,xinchao0
0.006349206349206349,0.018315018315018316,0.03125763125763126,0.006349206349206349,0.004395604395604396,343.25,-19.19,18.31,xinchao0
0.006349206349206349,0.018070818070818073,0.03125763125763126,0.006349206349206349,0.003418803418803419,349.94,-28.31,23.12,xinchao0
0.006349206349206349,0.017582417582417582,0.0315018315018315,0.006349206349206349,0.0014652014652014652,0.19,-38.94,39.94,xinchao0
0.006349206349206349,0.017582417582417582,0.03125763125763126,0.006349206349206349,0.0002442002442002442,8.88,-43.0,62.81,xinchao0
0.006349206349206349,0.017582417582417582,0.03125763125763126,0.006349206349206349,0.0007326007326007326,13.25,-44.19,70.75,xinchao0
0.006349206349206349,0.018070818070818073,0.031013431013431014,0.006349206349206349,0.0,9.75,-44.63,63.69,xinchao0
0.006349206349206349,0.018315018315018316,0.031013431013431014,0.006349206349206349,0.0002442002442002442,0.37,-39.88,46.19,xinchao0
0.006349206349206349,0.01855921855921856,0.031013431013431014,0.006349206349206349,0.0007326007326007326,350.31,-29.0,27.44,xinchao0
0.006349206349206349,0.018803418803418803,0.031013431013431014,0.006349206349206349,0.0009768009768009768,344.87,-22.81,21.19,xinchao0
0.006593406593406593,0.01855921855921856,0.031013431013431014,0.006349206349206349,0.002197802197802198,346.87,-27.56,24.69,xinchao0
0.006837606837606838,0.018070818070818073,0.031013431013431014,0.006349206349206349,0.0029304029304029304,355.0,-38.75,34.19,xinchao0
0.006837606837606838,0.017826617826617826,0.031013431013431014,0.006349206349206349,0.003663003663003663,5.75,-45.19,59.56,xinchao0
0.006837606837606838,0.017582417582417582,0.03076923076923077,0.006349206349206349,0.003907203907203907,13.0,-43.0,78.87,xinchao0
0.006837606837606838,0.017826617826617826,0.030525030525030524,0.006349206349206349,0.004395604395604396,16.12,-40.69,80.62,xinchao0
0.006593406593406593,0.018315018315018316,0.03028083028083028,0.006349206349206349,0.00463980463980464,13.06,-41.31,70.0,xinchao0
0.006349206349206349,0.01855921855921856,0.030036630036630037,0.006349206349206349,0.00463980463980464,4.06,-39.75,50.56,xinchao0
0.006105006105006105,0.018803418803418803,0.030036630036630037,0.006349206349206349,0.004884004884004884,354.5,-33.19,31.69,xinchao0
0.005860805860805861,0.01855921855921856,0.029792429792429794,0.006349206349206349,0.004884004884004884,346.62,-26.75,22.44,xinchao0
0.005616605616605617,0.018315018315018316,0.029792429792429794,0.006593406593406593,0.005128205128205128,344.75,-26.81,21.87,xinchao0
0.005860805860805861,0.017582417582417582,0.029548229548229547,0.006593406593406593,0.005128205128205128,349.06,-33.19,26.06,xinchao0
0.005860805860805861,0.01733821733821734,0.029304029304029304,0.006593406593406593,0.005128205128205128,358.31,-41.63,40.19,xinchao0
0.005860805860805861,0.01684981684981685,0.02905982905982906,0.006593406593406593,0.003907203907203907,7.56,-44.81,63.81,xinchao0
0.005860805860805861,0.01684981684981685,0.02905982905982906,0.006593406593406593,0.0019536019536019536,11.56,-41.94,79.44,xinchao0
0.005860805860805861,0.017094017094017096,0.028815628815628817,0.006349206349206349,0.0004884004884004884,9.81,-41.44,75.37,xinchao0
0.005860805860805861,0.017582417582417582,0.02857142857142857,0.006349206349206349,0.0004884004884004884,2.31,-41.56,60.44,xinchao0
0.005860805860805861,0.017826617826617826,0.028327228327228327,0.006105006105006105,0.0009768009768009768,352.37,-38.25,38.44,xinchao0
0.005860805860805861,0.018070818070818073,0.028327228327228327,0.006105006105006105,0.0004884004884004884,344.0,-31.0,25.87,xinchao0
0.005860805860805861,0.017826617826617826,0.028327228327228327,0.006105006105006105,0.0,340.44,-27.5,20.19,xinchao0
0.006105006105006105,0.017582417582417582,0.028327228327228327,0.006105006105006105,0.0002442002442002442,344.81,-32.63,24.56,xinchao0
0.006105006105006105,0.017094017094017096,0.028327228327228327,0.005860805860805861,0.0017094017094017094,353.19,-40.25,38.38,xinchao0
0.006105006105006105,0.017094017094017096,0.028327228327228327,0.005860805860805861,0.002686202686202686,2.37,-44.38,60.56,xinchao0
0.006349206349206349,0.01684981684981685,0.028327228327228327,0.005616605616605617,0.003418803418803419,7.81,-45.0,70.81,xinchao0
0.006349206349206349,0.017094017094017096,0.028327228327228327,0.005616605616605617,0.003907203907203907,4.62,-44.94,63.94,xinchao0
0.006349206349206349,0.017094017094017096,0.028083028083028084,0.005616605616605617,0.004395604395604396,355.37,-41.44,44.31,xinchao0
0.006349206349206349,0.01733821733821734,0.02783882783882784,0.005616605616605617,0.00463980463980464,345.5,-32.31,28.31,xinchao0
0.006349206349206349,0.01733821733821734,0.027594627594627594,0.005616605616605617,0.00463980463980464,339.12,-24.44,20.81,xinchao0
0.006349206349206349,0.01733821733821734,0.027594627594627594,0.005616605616605617,0.004884004884004884,338.37,-23.81,17.69,xinchao0
0.006105006105006105,0.01684981684981685,0.02735042735042735,0.005860805860805861,0.003663003663003663,345.62,-31.94,23.62,xinchao0
0.006105006105006105,0.016361416361416362,0.02735042735042735,0.005860805860805861,0.0029304029304029304,356.62,-40.63,40.13,xinchao0
0.005860805860805861,0.016361416361416362,0.02735042735042735,0.006105006105006105,0.002442002442002442,5.75,-45.0,56.38,xinchao0
0.005860805860805861,0.016361416361416362,0.02735042735042735,0.006105006105006105,0.0009768009768009768,4.69,-45.75,51.81,xinchao0
0.005860805860805861,0.016605616605616606,0.027106227106227107,0.006105006105006105,0.0,354.31,-38.19,33.31,xinchao0
0.005616605616605617,0.01684981684981685,0.026862026862026864,0.006105006105006105,0.0007326007326007326,344.81,-23.62,19.56,xinchao0
0.005616605616605617,0.017094017094017096,0.026617826617826617,0.006105006105006105,0.0014652014652014652,339.81,-15.56,12.88,xinchao0
0.005616605616605617,0.017094017094017096,0.026862026862026864,0.006105006105006105,0.0007326007326007326,342.25,-21.44,12.56,xinchao0
0.005616605616605617,0.01684981684981685,0.027106227106227107,0.006105006105006105,0.0,350.5,-35.0,23.94,xinchao0
0.005616605616605617,0.016605616605616606,0.027106227106227107,0.006105006105006105,0.0002442002442002442,359.94,-43.63,47.25,xinchao0
0.005616605616605617,0.016605616605616606,0.027106227106227107,0.006105006105006105,0.0017094017094017094,6.44,-47.5,60.19,xinchao0
0.005616605616605617,0.016605616605616606,0.026862026862026864,0.006105006105006105,0.002686202686202686,2.25,-46.63,51.63,xinchao0
0.005616605616605617,0.01684981684981685,0.02612942612942613,0.006105006105006105,0.003418803418803419,353.19,-38.19,35.69,xinchao0
0.005616605616605617,0.01684981684981685,0.025396825396825397,0.006105006105006105,0.003907203907203907,344.12,-23.81,22.44,xinchao0
0.005616605616605617,0.016605616605616606,0.02490842490842491,0.005860805860805861,0.004151404151404151,340.81,-20.62,14.31,xinchao0
0.005616605616605617,0.01611721611721612,0.02490842490842491,0.005616605616605617,0.004395604395604396,347.44,-29.37,23.75,xinchao0
0.005616605616605617,0.015384615384615385,0.02490842490842491,0.005616605616605617,0.00463980463980464,356.31,-38.88,39.31,xinchao0
0.005616605616605617,0.014896214896214897,0.02490842490842491,0.005372405372405372,0.00463980463980464,4.5,-43.94,56.81,xinchao0
0.005860805860805861,0.014652014652014652,0.02490842490842491,0.005372405372405372,0.004884004884004884,8.56,-45.63,67.94,xinchao0
0.005860805860805861,0.014652014652014652,0.02490842490842491,0.005128205128205128,0.004884004884004884,4.44,-47.38,64.69,xinchao0
0.005860805860805861,0.014896214896214897,0.024664224664224663,0.005128205128205128,0.004884004884004884,353.81,-45.56,51.63,xinchao0
0.005860805860805861,0.014896214896214897,0.024175824175824177,0.004884004884004884,0.004884004884004884,345.81,-38.44,42.13,xinchao0
0.005616605616605617,0.014896214896214897,0.023931623931623933,0.004884004884004884,0.003907203907203907,339.25,-34.25,36.19,xinchao0
0.005616605616605617,0.014652014652014652,0.023687423687423687,0.004884004884004884,0.0019536019536019536,337.19,-31.69,34.69,xinchao0
0.005616605616605617,0.014163614163614164,0.023443223443223443,0.004884004884004884,0.0004884004884004884,343.25,-36.06,37.88,xinchao0
0.005616605616605617,0.01391941391941392,0.0231990231990232,0.004884004884004884,0.0004884004884004884,353.31,-41.19,53.25,xinchao0
0.005616605616605617,0.013675213675213675,0.022954822954822957,0.004884004884004884,0.0,6.44,-43.94,68.62,xinchao0
0.005860805860805861,0.013431013431013432,0.022954822954822957,0.004884004884004884,0.0004884004884004884,7.62,-43.19,73.5,xinchao0
0.005860805860805861,0.013675213675213675,0.02271062271062271,0.004884004884004884,0.0007326007326007326,356.75,-41.56,61.56,xinchao0
0.006105006105006105,0.01391941391941392,0.02271062271062271,0.004884004884004884,0.0019536019536019536,343.37,-34.81,39.31,xinchao0
0.006105006105006105,0.01391941391941392,0.022466422466422466,0.00463980463980464,0.0029304029304029304,334.44,-31.37,32.5,xinchao0
0.006349206349206349,0.013431013431013432,0.022222222222222223,0.00463980463980464,0.003418803418803419,335.69,-32.19,34.19,xinchao0
0.006593406593406593,0.012942612942612943,0.02197802197802198,0.00463980463980464,0.003907203907203907,343.06,-36.25,40.75,xinchao0
0.006837606837606838,0.012454212454212455,0.021733821733821733,0.004395604395604396,0.004395604395604396,351.75,-41.0,50.19,xinchao0
0.006837606837606838,0.01221001221001221,0.02148962148962149,0.004395604395604396,0.004395604395604396,2.44,-42.69,68.31,xinchao0
0.006837606837606838,0.011965811965811967,0.021245421245421246,0.004151404151404151,0.00463980463980464,7.81,-42.5,75.5,xinchao0
0.006837606837606838,0.011965811965811967,0.020757020757020756,0.004151404151404151,0.00463980463980464,359.56,-41.94,64.81,xinchao0
0.006593406593406593,0.01221001221001221,0.020512820512820513,0.004151404151404151,0.004884004884004884,348.44,-37.13,47.5,xinchao0
0.006349206349206349,0.01221001221001221,0.02026862026862027,0.004151404151404151,0.003907203907203907,338.62,-32.38,36.44,xinchao0
0.006349206349206349,0.011965811965811967,0.020024420024420026,0.004151404151404151,0.004151404151404151,336.19,-32.06,35.38,xinchao0
0.006349206349206349,0.011477411477411478,0.01978021978021978,0.004395604395604396,0.004395604395604396,342.0,-36.5,38.63,xinchao0
0.006349206349206349,0.01098901098901099,0.019536019536019536,0.004395604395604396,0.003418803418803419,354.5,-41.5,52.19,xinchao0
0.006349206349206349,0.010744810744810745,0.019536019536019536,0.004395604395604396,0.002686202686202686,5.87,-41.31,71.69,xinchao0
0.006349206349206349,0.01098901098901099,0.019536019536019536,0.004395604395604396,0.002197802197802198,10.69,-40.0,78.75,xinchao0
0.006105006105006105,0.011721611721611722,0.019536019536019536,0.004151404151404151,0.0019536019536019536,6.94,-39.94,71.06,xinchao0
0.005860805860805861,0.01221001221001221,0.019536019536019536,0.003663003663003663,0.0017094017094017094,355.56,-36.38,53.5,xinchao0
0.005860805860805861,0.012698412698412698,0.019536019536019536,0.0031746031746031746,0.0014652014652014652,343.87,-30.87,35.31,xinchao0
0.005616605616605617,0.012942612942612943,0.019291819291819293,0.0029304029304029304,0.0014652014652014652,337.62,-27.81,32.0,xinchao0
0.005616605616605617,0.011965811965811967,0.01904761904761905,0.002686202686202686,0.001221001221001221,336.19,-29.31,30.69,xinchao0
0.005616605616605617,0.011477411477411478,0.018803418803418803,0.002686202686202686,0.001221001221001221,341.12,-34.06,35.75,xinchao0
0.005860805860805861,0.01098901098901099,0.018803418803418803,0.002442002442002442,0.001221001221001221,351.62,-39.88,49.56,xinchao0
0.005860805860805861,0.010744810744810745,0.018803418803418803,0.002197802197802198,0.002442002442002442,1.12,-41.25,65.75,xinchao0
0.006105006105006105,0.010744810744810745,0.01904761904761905,0.002197802197802198,0.0031746031746031746,5.0,-40.0,72.37,xinchao0
0.006105006105006105,0.011233211233211233,0.01904761904761905,0.0017094017094017094,0.003663003663003663,3.31,-39.13,61.81,xinchao0
0.005860805860805861,0.011721611721611722,0.018803418803418803,0.001221001221001221,0.004151404151404151,355.06,-36.19,43.81,xinchao0
0.005860805860805861,0.011965811965811967,0.018803418803418803,0.0009768009768009768,0.004395604395604396,344.5,-31.12,29.19,xinchao0
0.005616605616605617,0.01221001221001221,0.01855921855921856,0.0009768009768009768,0.002197802197802198,337.94,-26.06,24.94,xinchao0
0.005616605616605617,0.011721611721611722,0.01855921855921856,0.0009768009768009768,0.0007326007326007326,338.37,-28.19,28.5,xinchao0
0.005616605616605617,0.01098901098901099,0.018315018315018316,0.0009768009768009768,0.0002442002442002442,345.06,-34.94,36.44,xinchao0
0.005616605616605617,0.010500610500610501,0.018070818070818073,0.0009768009768009768,0.0009768009768009768,354.19,-40.56,48.81,xinchao0
0.005616605616605617,0.010256410256410256,0.017826617826617826,0.0009768009768009768,0.0014652014652014652,3.44,-41.81,64.19,xinchao0
0.005616605616605617,0.010256410256410256,0.01733821733821734,0.0009768009768009768,0.0019536019536019536,7.62,-40.56,69.5,xinchao0
0.005616605616605617,0.010744810744810745,0.01684981684981685,0.0009768009768009768,0.002197802197802198,4.12,-40.56,60.5,xinchao0
0.005616605616605617,0.01098901098901099,0.016605616605616606,0.0009768009768009768,0.002442002442002442,353.0,-37.38,40.0,xinchao0
0.005616605616605617,0.011233211233211233,0.016605616605616606,0.0009768009768009768,0.002442002442002442,341.75,-30.37,25.69,xinchao0
0.005616605616605617,0.011477411477411478,0.016361416361416362,0.0009768009768009768,0.0014652014652014652,336.56,-26.06,22.0,xinchao0
0.005616605616605617,0.010744810744810745,0.016361416361416362,0.0009768009768009768,0.0007326007326007326,340.25,-30.62,29.25,xinchao0
0.005860805860805861,0.010256410256410256,0.01611721611721612,0.0009768009768009768,0.0002442002442002442,348.19,-38.69,39.88,xinchao0
0.005860805860805861,0.009768009768009768,0.01611721611721612,0.0009768009768009768,0.0002442002442002442,357.56,-43.0,55.69,xinchao0
0.005860805860805861,0.009523809523809525,0.01611721611721612,0.0009768009768009768,0.0004884004884004884,3.44,-43.31,65.94,xinchao0
0.005860805860805861,0.009768009768009768,0.01611721611721612,0.0007326007326007326,0.0019536019536019536,2.37,-42.94,64.37,xinchao0
0.005860805860805861,0.010256410256410256,0.01611721611721612,0.0004884004884004884,0.0029304029304029304,355.87,-40.81,52.19,xinchao0
0.005860805860805861,0.010500610500610501,0.01611721611721612,0.0002442002442002442,0.003418803418803419,345.81,-34.81,34.88,xinchao0
0.005860805860805861,0.010744810744810745,0.01611721611721612,0.0,0.003907203907203907,336.75,-27.44,24.25,xinchao0
0.005860805860805861,0.010744810744810745,0.01611721611721612,0.0,0.004151404151404151,337.0,-28.87,24.87,xinchao0
0.006105006105006105,0.010012210012210013,0.01611721611721612,0.0,0.004395604395604396,344.81,-36.75,35.69,xinchao0
0.006105006105006105,0.009768009768009768,0.01611721611721612,0.0,0.00463980463980464,356.69,-42.19,53.44,xinchao0
0.006349206349206349,0.00927960927960928,0.01611721611721612,0.0,0.003663003663003663,4.5,-41.5,68.37,xinchao0
0.006349206349206349,0.009768009768009768,0.01611721611721612,0.0002442002442002442,0.0029304029304029304,7.5,-42.38,70.0,xinchao0
0.006105006105006105,0.010500610500610501,0.016361416361416362,0.0002442002442002442,0.002442002442002442,1.62,-42.13,60.69,xinchao0
0.005860805860805861,0.011233211233211233,0.016361416361416362,0.0004884004884004884,0.0019536019536019536,351.19,-38.75,44.5,xinchao0
0.005860805860805861,0.011477411477411478,0.016361416361416362,0.0004884004884004884,0.0007326007326007326,343.69,-32.69,32.5,xinchao0
0.005616605616605617,0.011477411477411478,0.016361416361416362,0.0004884004884004884,0.0004884004884004884,339.75,-29.69,28.56,xinchao0
0.005616605616605617,0.01098901098901099,0.016361416361416362,0.0004884004884004884,0.001221001221001221,341.87,-33.0,32.44,xinchao0
0.005616605616605617,0.010500610500610501,0.016605616605616606,0.0004884004884004884,0.0017094017094017094,349.5,-39.06,43.13,xinchao0
0.005860805860805861,0.010256410256410256,0.016605616605616606,0.0004884004884004884,0.0007326007326007326,0.37,-42.19,58.81,xinchao0
0.005860805860805861,0.010012210012210013,0.01684981684981685,0.0004884004884004884,0.0002442002442002442,6.62,-40.75,73.0,xinchao0
0.005616605616605617,0.010500610500610501,0.01684981684981685,0.0004884004884004884,0.0014652014652014652,5.5,-40.81,68.31,xinchao0
0.005372405372405372,0.010744810744810745,0.01684981684981685,0.0007326007326007326,0.002442002442002442,358.44,-39.44,53.56,xinchao0
0.005372405372405372,0.01098901098901099,0.01684981684981685,0.0007326007326007326,0.0031746031746031746,348.62,-33.75,37.44,xinchao0
0.005128205128205128,0.01098901098901099,0.01684981684981685,0.0004884004884004884,0.003663003663003663,342.94,-27.12,28.44,xinchao0
0.005128205128205128,0.010744810744810745,0.017094017094017096,0.0,0.004151404151404151,341.31,-28.12,25.81,xinchao0
0.005372405372405372,0.010256410256410256,0.01733821733821734,0.0004884004884004884,0.004395604395604396,345.5,-33.25,32.75,xinchao0
0.005372405372405372,0.009768009768009768,0.017582417582417582,0.0007326007326007326,0.00463980463980464,353.12,-38.13,42.56,xinchao0
0.005616605616605617,0.009523809523809525,0.017582417582417582,0.0009768009768009768,0.003663003663003663,1.5,-40.5,60.13,xinchao0
0.005616605616605617,0.00927960927960928,0.017582417582417582,0.0009768009768009768,0.0029304029304029304,3.37,-41.06,66.19,xinchao0
0.005372405372405372,0.009768009768009768,0.017094017094017096,0.0,0.002442002442002442,358.12,-40.0,57.56,xinchao0
0.005128205128205128,0.010256410256410256,0.01684981684981685,0.0009768009768009768,0.0009768009768009768,350.62,-36.44,45.75,xinchao0
0.005128205128205128,0.010744810744810745,0.016605616605616606,0.0014652014652014652,0.0002442002442002442,343.12,-31.56,35.75,xinchao0
0.004884004884004884,0.01098901098901099,0.016605616605616606,0.0017094017094017094,0.0009768009768009768,338.44,-28.06,30.94,xinchao0
0.005128205128205128,0.010744810744810745,0.016605616605616606,0.0014652014652014652,0.0014652014652014652,338.94,-29.75,31.44,xinchao0
0.005128205128205128,0.010256410256410256,0.016605616605616606,0.0009768009768009768,0.0017094017094017094,343.94,-33.94,35.31,xinchao0
0.005372405372405372,0.010012210012210013,0.016605616605616606,0.0007326007326007326,0.0019536019536019536,351.87,-38.88,47.44,xinchao0
0.005616605616605617,0.009768009768009768,0.016605616605616606,0.0004884004884004884,0.0009768009768009768,0.37,-40.88,64.94,xinchao0
0.005616605616605617,0.009523809523809525,0.01684981684981685,0.0004884004884004884,0.0004884004884004884,2.0,-41.5,66.69,xinchao0
0.005616605616605617,0.010256410256410256,0.01684981684981685,0.0002442002442002442,0.0,354.12,-39.31,53.81,xinchao0
0.005616605616605617,0.01098901098901099,0.017094017094017096,0.0002442002442002442,0.0004884004884004884,344.87,-35.13,40.13,xinchao0
0.005372405372405372,0.011233211233211233,0.017094017094017096,0.0,0.0007326007326007326,337.19,-30.62,35.56,xinchao0
0.005372405372405372,0.010744810744810745,0.017094017094017096,0.0,0.0009768009768009768,336.37,-30.06,34.25,xinchao0
0.005372405372405372,0.010256410256410256,0.01684981684981685,0.0002442002442002442,0.002197802197802198,341.94,-34.06,39.56,xinchao0
0.005616605616605617,0.009768009768009768,0.01684981684981685,0.0002442002442002442,0.0029304029304029304,350.19,-38.69,48.88,xinchao0
0.005616605616605617,0.009523809523809525,0.01684981684981685,0.0002442002442002442,0.003663003663003663,359.69,-42.19,61.63,xinchao0
0.005860805860805861,0.009523809523809525,0.01684981684981685,0.0002442002442002442,0.0029304029304029304,4.0,-43.63,67.62,xinchao0
0.005860805860805861,0.010012210012210013,0.01684981684981685,0.0002442002442002442,0.002442002442002442,357.56,-42.25,58.94,xinchao0
0.005616605616605617,0.010256410256410256,0.01684981684981685,0.0002442002442002442,0.0009768009768009768,346.56,-36.69,42.5,xinchao0
0.005372405372405372,0.010500610500610501,0.017094017094017096,0.0004884004884004884,0.0002442002442002442,333.75,-30.75,25.0,xinchao0
0.005372405372405372,0.010744810744810745,0.017582417582417582,0.0007326007326007326,0.0009768009768009768,331.19,-29.69,21.81,xinchao0
0.005128205128205128,0.010256410256410256,0.017826617826617826,0.0009768009768009768,0.0002442002442002442,341.44,-37.19,30.87,xinchao0
0.005128205128205128,0.009768009768009768,0.018070818070818073,0.0009768009768009768,0.0002442002442002442,355.69,-45.75,49.5,xinchao0
0.005128205128205128,0.009523809523809525,0.018315018315018316,0.0009768009768009768,0.0017094017094017094,5.06,-47.19,65.75,xinchao0
0.004884004884004884,0.009768009768009768,0.018070818070818073,0.0009768009768009768,0.002686202686202686,2.31,-45.69,63.0,xinchao0
0.004884004884004884,0.010012210012210013,0.018070818070818073,0.0009768009768009768,0.003418803418803419,350.25,-40.31,47.25,xinchao0
0.004884004884004884,0.010256410256410256,0.017826617826617826,0.0009768009768009768,0.003907203907203907,338.69,-33.88,33.88,xinchao0
0.00463980463980464,0.010500610500610501,0.017826617826617826,0.0009768009768009768,0.0029304029304029304,334.19,-31.19,29.62,xinchao0
0.004395604395604396,0.009768009768009768,0.017582417582417582,0.0009768009768009768,0.002442002442002442,340.62,-36.0,34.19,xinchao0
0.004395604395604396,0.00927960927960928,0.01733821733821734,0.0009768009768009768,0.0031746031746031746,352.19,-42.19,43.38,xinchao0
0.004395604395604396,0.009035409035409036,0.01733821733821734,0.0009768009768009768,0.003663003663003663,3.12,-45.31,58.44,xinchao0
0.004395604395604396,0.008791208791208791,0.017094017094017096,0.0009768009768009768,0.004151404151404151,6.56,-46.13,66.75,xinchao0
0.004395604395604396,0.009035409035409036,0.01684981684981685,0.0007326007326007326,0.004395604395604396,3.06,-46.13,60.75,xinchao0
0.004395604395604396,0.00927960927960928,0.016361416361416362,0.0007326007326007326,0.00463980463980464,355.87,-40.13,47.19,xinchao0
0.004395604395604396,0.009768009768009768,0.015873015873015872,0.0007326007326007326,0.004884004884004884,345.94,-31.44,34.19,xinchao0
0.004395604395604396,0.010012210012210013,0.015384615384615385,0.0007326007326007326,0.004884004884004884,338.25,-27.94,26.87,xinchao0
0.004395604395604396,0.009523809523809525,0.01514041514041514,0.0007326007326007326,0.005128205128205128,339.37,-32.0,29.81,xinchao0
0.004395604395604396,0.00927960927960928,0.014896214896214897,0.0007326007326007326,0.003907203907203907,346.87,-39.31,36.31,xinchao0
0.00463980463980464,0.009035409035409036,0.014652014652014652,0.0007326007326007326,0.0031746031746031746,355.69,-44.94,49.0,xinchao0
0.00463980463980464,0.009035409035409036,0.014163614163614164,0.0007326007326007326,0.0014652014652014652,3.37,-47.94,62.38,xinchao0
0.004884004884004884,0.009035409035409036,0.01391941391941392,0.0007326007326007326,0.0002442002442002442,5.06,-46.31,64.44,xinchao0
0.00463980463980464,0.009523809523809525,0.013675213675213675,0.0004884004884004884,0.0007326007326007326,359.31,-42.25,52.19,xinchao0
0.00463980463980464,0.010012210012210013,0.013675213675213675,0.0002442002442002442,0.0,349.06,-33.88,38.38,xinchao0
0.004395604395604396,0.010256410256410256,0.013431013431013432,0.0002442002442002442,0.0002442002442002442,337.81,-24.44,27.12,xinchao0
0.004395604395604396,0.010256410256410256,0.013675213675213675,0.0,0.0004884004884004884,334.94,-24.69,23.12,xinchao0
0.00463980463980464,0.009523809523809525,0.01391941391941392,0.0,0.0007326007326007326,340.75,-31.5,28.44,xinchao0
0.004884004884004884,0.009035409035409036,0.014163614163614164,0.0,0.0009768009768009768,349.69,-38.38,36.38,xinchao0
0.005128205128205128,0.008791208791208791,0.014407814407814409,0.0,0.002197802197802198,356.25,-44.44,47.94,xinchao0
0.005372405372405372,0.008547008547008548,0.014407814407814409,0.0002442002442002442,0.0029304029304029304,357.5,-46.69,57.31,xinchao0
0.005372405372405372,0.008547008547008548,0.01391941391941392,0.001221001221001221,0.003663003663003663,356.81,-44.69,54.94,xinchao0
0.005372405372405372,0.009035409035409036,0.013186813186813187,0.002442002442002442,0.004151404151404151,353.87,-39.0,44.81,xinchao0
0.005128205128205128,0.00927960927960928,0.012698412698412698,0.0031746031746031746,0.004395604395604396,347.5,-30.44,34.75,xinchao0
0.005128205128205128,0.00927960927960928,0.01221001221001221,0.003663003663003663,0.00463980463980464,340.19,-24.19,26.44,xinchao0
0.005372405372405372,0.009035409035409036,0.011965811965811967,0.004151404151404151,0.00463980463980464,338.62,-25.25,24.06,xinchao0
0.005372405372405372,0.008547008547008548,0.011721611721611722,0.004151404151404151,0.003663003663003663,345.12,-31.19,28.56,xinchao0
0.005616605616605617,0.00805860805860806,0.011965811965811967,0.004151404151404151,0.0029304029304029304,353.19,-39.06,36.81,xinchao0
0.005616605616605617,0.007814407814407814,0.011965811965811967,0.004151404151404151,0.002442002442002442,0.0,-45.44,48.13,xinchao0
0.005616605616605617,0.007814407814407814,0.011965811965811967,0.004151404151404151,0.0009768009768009768,2.56,-48.0,53.0,xinchao0
0.005616605616605617,0.008302808302808303,0.011965811965811967,0.004151404151404151,0.0002442002442002442,0.19,-47.0,49.31,xinchao0
0.005616605616605617,0.008791208791208791,0.011965811965811967,0.004151404151404151,0.0009768009768009768,355.12,-42.63,40.06,xinchao0
0.005616605616605617,0.009035409035409036,0.011965811965811967,0.004151404151404151,0.0014652014652014652,347.56,-36.56,28.87,xinchao0
0.005372405372405372,0.00927960927960928,0.01221001221001221,0.004151404151404151,0.0007326007326007326,340.81,-32.0,20.69,xinchao0
0.005372405372405372,0.00927960927960928,0.012454212454212455,0.003907203907203907,0.0,341.81,-34.44,21.94,xinchao0
0.005372405372405372,0.008791208791208791,0.012454212454212455,0.003663003663003663,0.0002442002442002442,348.69,-41.31,28.94,xinchao0
0.005372405372405372,0.008547008547008548,0.012698412698412698,0.003418803418803419,0.0004884004884004884,358.5,-47.88,48.06,xinchao0
0.005372405372405372,0.008302808302808303,0.012698412698412698,0.0031746031746031746,0.0007326007326007326,3.25,-48.0,59.94,xinchao0
0.005372405372405372,0.008791208791208791,0.012698412698412698,0.0031746031746031746,0.0007326007326007326,358.5,-45.63,50.81,xinchao0
0.005372405372405372,0.00927960927960928,0.012942612942612943,0.0029304029304029304,0.0009768009768009768,349.31,-38.94,33.75,xinchao0
0.005372405372405372,0.009768009768009768,0.012942612942612943,0.0029304029304029304,0.0009768009768009768,341.31,-34.13,22.81,xinchao0
0.005372405372405372,0.010012210012210013,0.012942612942612943,0.0029304029304029304,0.001221001221001221,339.81,-33.44,21.75,xinchao0
0.005372405372405372,0.009768009768009768,0.013186813186813187,0.002686202686202686,0.001221001221001221,346.19,-40.0,25.0,xinchao0
0.005372405372405372,0.009523809523809525,0.013186813186813187,0.002686202686202686,0.002442002442002442,358.75,-49.13,45.56,xinchao0
0.005372405372405372,0.00927960927960928,0.013186813186813187,0.002442002442002442,0.0031746031746031746,8.13,-50.25,66.19,xinchao0
0.005128205128205128,0.009523809523809525,0.013186813186813187,0.002686202686202686,0.003663003663003663,5.69,-49.56,60.44,xinchao0
0.004884004884004884,0.010012210012210013,0.013186813186813187,0.002686202686202686,0.004151404151404151,357.87,-44.44,46.25,xinchao0
0.004884004884004884,0.010256410256410256,0.013186813186813187,0.0029304029304029304,0.00463980463980464,348.94,-37.19,36.19,xinchao0
0.00463980463980464,0.010500610500610501,0.013186813186813187,0.0031746031746031746,0.00463980463980464,342.44,-30.94,28.44,xinchao0
0.00463980463980464,0.010256410256410256,0.013431013431013432,0.0031746031746031746,0.003663003663003663,343.12,-30.5,28.19,xinchao0
0.00463980463980464,0.009768009768009768,0.013431013431013432,0.0029304029304029304,0.0017094017094017094,350.31,-36.19,33.44,xinchao0
0.00463980463980464,0.00927960927960928,0.013431013431013432,0.002686202686202686,0.0004884004884004884,359.69,-43.75,45.13,xinchao0
0.00463980463980464,0.008791208791208791,0.013431013431013432,0.002442002442002442,0.0007326007326007326,5.87,-47.13,59.38,xinchao0
0.00463980463980464,0.009035409035409036,0.013431013431013432,0.002442002442002442,0.0007326007326007326,3.75,-45.44,58.31,xinchao0
0.00463980463980464,0.009523809523809525,0.013186813186813187,0.002686202686202686,0.0009768009768009768,356.44,-38.19,43.94,xinchao0
0.00463980463980464,0.009768009768009768,0.012942612942612943,0.0029304029304029304,0.0009768009768009768,348.94,-30.56,33.0,xinchao0
0.00463980463980464,0.010012210012210013,0.012698412698412698,0.0029304029304029304,0.0009768009768009768,345.25,-28.0,29.81,xinchao0
0.004395604395604396,0.009768009768009768,0.012698412698412698,0.0029304029304029304,0.002197802197802198,348.0,-31.81,31.69,xinchao0
0.004395604395604396,0.00927960927960928,0.012698412698412698,0.0029304029304029304,0.0029304029304029304,355.44,-38.88,39.13,xinchao0
0.004395604395604396,0.00927960927960928,0.012698412698412698,0.002686202686202686,0.002442002442002442,4.19,-43.56,54.25,xinchao0
0.004395604395604396,0.00927960927960928,0.012698412698412698,0.002442002442002442,0.002197802197802198,6.56,-44.19,58.06,xinchao0
0.004395604395604396,0.009768009768009768,0.012942612942612943,0.002442002442002442,0.0019536019536019536,1.12,-40.75,50.5,xinchao0
0.004395604395604396,0.010256410256410256,0.013186813186813187,0.002197802197802198,0.0017094017094017094,352.31,-30.56,39.56,xinchao0
0.004395604395604396,0.010500610500610501,0.013186813186813187,0.002197802197802198,0.0014652014652014652,344.87,-24.06,28.31,xinchao0
0.004395604395604396,0.010500610500610501,0.013186813186813187,0.002197802197802198,0.0014652014652014652,343.19,-24.31,27.0,xinchao0
0.004395604395604396,0.010012210012210013,0.013186813186813187,0.002197802197802198,0.0014652014652014652,347.5,-31.19,30.75,xinchao0
0.00463980463980464,0.009768009768009768,0.012698412698412698,0.002197802197802198,0.002442002442002442,356.0,-39.88,44.13,xinchao0
0.00463980463980464,0.009523809523809525,0.012454212454212455,0.002197802197802198,0.003418803418803419,3.0,-42.69,61.25,xinchao0
0.004884004884004884,0.00927960927960928,0.01221001221001221,0.002686202686202686,0.003907203907203907,7.31,-43.56,62.69,xinchao0
0.004884004884004884,0.009768009768009768,0.011965811965811967,0.0031746031746031746,0.004395604395604396,3.56,-43.44,52.63,xinchao0
0.004884004884004884,0.010012210012210013,0.011965811965811967,0.003418803418803419,0.00463980463980464,356.31,-39.31,41.0,xinchao0
0.004884004884004884,0.010256410256410256,0.011721611721611722,0.003663003663003663,0.004884004884004884,345.56,-31.31,30.44,xinchao0
0.004884004884004884,0.010500610500610501,0.011721611721611722,0.003907203907203907,0.004884004884004884,337.31,-25.25,20.06,xinchao0
0.004884004884004884,0.010256410256410256,0.011477411477411478,0.003907203907203907,0.003907203907203907,340.44,-28.62,24.94,xinchao0
0.004884004884004884,0.009523809523809525,0.011477411477411478,0.004151404151404151,0.0029304029304029304,350.19,-36.63,33.56,xinchao0
0.004884004884004884,0.009035409035409036,0.011477411477411478,0.004151404151404151,0.002442002442002442,1.5,-41.75,48.31,xinchao0
0.004884004884004884,0.008791208791208791,0.011477411477411478,0.004395604395604396,0.002197802197802198,10.63,-43.19,63.06,xinchao0
0.004884004884004884,0.008791208791208791,0.01098901098901099,0.00463980463980464,0.0019536019536019536,8.69,-43.5,61.5,xinchao0
0.00463980463980464,0.009035409035409036,0.010256410256410256,0.004884004884004884,0.0029304029304029304,0.31,-42.13,49.38,xinchao0
0.004395604395604396,0.009035409035409036,0.009523809523809525,0.005128205128205128,0.003418803418803419,350.0,-37.75,35.56,xinchao0
0.004395604395604396,0.008302808302808303,0.009035409035409036,0.005128205128205128,0.003907203907203907,340.31,-31.25,26.62,xinchao0
0.004151404151404151,0.007326007326007326,0.008791208791208791,0.005128205128205128,0.004395604395604396,339.31,-30.69,26.56,xinchao0
0.004151404151404151,0.005860805860805861,0.008302808302808303,0.005128205128205128,0.00463980463980464,346.12,-35.13,29.62,xinchao0
0.004151404151404151,0.004884004884004884,0.00805860805860806,0.005128205128205128,0.004884004884004884,356.31,-41.56,39.81,xinchao0
0.004151404151404151,0.004151404151404151,0.00805860805860806,0.005372405372405372,0.004884004884004884,6.31,-43.25,56.13,xinchao0
0.004151404151404151,0.003907203907203907,0.00805860805860806,0.005372405372405372,0.005128205128205128,11.44,-42.31,59.44,xinchao0
0.004151404151404151,0.004151404151404151,0.00805860805860806,0.005128205128205128,0.005128205128205128,6.81,-40.88,52.81,xinchao0
0.004151404151404151,0.004395604395604396,0.008302808302808303,0.005128205128205128,0.005128205128205128,356.37,-36.63,42.25,xinchao0
0.004151404151404151,0.00463980463980464,0.008302808302808303,0.004884004884004884,0.005128205128205128,346.62,-30.75,31.81,xinchao0
0.004151404151404151,0.004884004884004884,0.008547008547008548,0.004884004884004884,0.005128205128205128,338.56,-25.0,23.94,xinchao0
0.004151404151404151,0.00463980463980464,0.008547008547008548,0.00463980463980464,0.005128205128205128,340.75,-27.87,25.06,xinchao0
0.004151404151404151,0.004151404151404151,0.008547008547008548,0.004151404151404151,0.005128205128205128,349.87,-35.25,36.75,xinchao0
0.004395604395604396,0.003907203907203907,0.008547008547008548,0.003907203907203907,0.003907203907203907,1.81,-39.94,52.75,xinchao0
0.00463980463980464,0.003663003663003663,0.008791208791208791,0.003663003663003663,0.0031746031746031746,7.87,-39.44,60.0,xinchao0
0.00463980463980464,0.003907203907203907,0.008791208791208791,0.003418803418803419,0.002442002442002442,7.87,-37.88,57.25,xinchao0
0.004884004884004884,0.004395604395604396,0.009035409035409036,0.003418803418803419,0.0009768009768009768,1.5,-36.06,48.31,xinchao0
0.004884004884004884,0.00463980463980464,0.00927960927960928,0.0031746031746031746,0.0,350.5,-31.75,38.63,xinchao0
0.004884004884004884,0.004884004884004884,0.009523809523809525,0.0029304029304029304,0.0007326007326007326,339.94,-26.06,28.75,xinchao0
0.004884004884004884,0.004884004884004884,0.009768009768009768,0.002686202686202686,0.0014652014652014652,336.75,-23.19,25.94,xinchao0
0.004884004884004884,0.00463980463980464,0.010012210012210013,0.002442002442002442,0.0004884004884004884,343.87,-28.19,30.06,xinchao0
0.004884004884004884,0.004151404151404151,0.010256410256410256,0.002442002442002442,0.0,354.31,-35.5,40.0,xinchao0
0.004884004884004884,0.003907203907203907,0.010256410256410256,0.002197802197802198,0.0004884004884004884,6.75,-38.75,59.75,xinchao0
0.004884004884004884,0.004151404151404151,0.010744810744810745,0.002442002442002442,0.0007326007326007326,10.81,-38.75,62.31,xinchao0
0.004884004884004884,0.005128205128205128,0.011233211233211233,0.002686202686202686,0.0009768009768009768,5.69,-37.88,52.75,xinchao0
0.004884004884004884,0.005616605616605617,0.011477411477411478,0.002686202686202686,0.0009768009768009768,354.5,-33.38,38.13,xinchao0
0.00463980463980464,0.006105006105006105,0.011721611721611722,0.0029304029304029304,0.001221001221001221,344.12,-28.69,26.19,xinchao0
0.00463980463980464,0.006349206349206349,0.01221001221001221,0.0031746031746031746,0.002197802197802198,338.62,-26.31,22.31,xinchao0
0.00463980463980464,0.005860805860805861,0.012454212454212455,0.0031746031746031746,0.0031746031746031746,342.37,-32.13,25.0,xinchao0
0.004884004884004884,0.005372405372405372,0.012454212454212455,0.0031746031746031746,0.003663003663003663,353.81,-41.44,37.31,xinchao0
0.004884004884004884,0.005372405372405372,0.012698412698412698,0.0029304029304029304,0.004151404151404151,7.37,-44.88,62.44,xinchao0
0.004884004884004884,0.005616605616605617,0.012942612942612943,0.0029304029304029304,0.0031746031746031746,12.75,-43.31,71.12,xinchao0
0.004884004884004884,0.006593406593406593,0.013431013431013432,0.002686202686202686,0.002442002442002442,7.37,-41.88,60.94,xinchao0
0.004884004884004884,0.007814407814407814,0.013675213675213675,0.002442002442002442,0.002197802197802198,356.31,-37.5,41.94,xinchao0
0.004884004884004884,0.008547008547008548,0.014163614163614164,0.002442002442002442,0.0007326007326007326,344.62,-31.44,27.12,xinchao0
0.00463980463980464,0.00927960927960928,0.014407814407814409,0.002197802197802198,0.0002442002442002442,338.62,-27.31,24.37,xinchao0
0.00463980463980464,0.00927960927960928,0.014652014652014652,0.002197802197802198,0.0002442002442002442,339.25,-28.94,23.62,xinchao0
0.00463980463980464,0.00927960927960928,0.014896214896214897,0.0019536019536019536,0.0004884004884004884,345.94,-35.88,25.75,xinchao0
0.00463980463980464,0.00927960927960928,0.014896214896214897,0.0019536019536019536,0.0007326007326007326,357.37,-43.75,43.63,xinchao0
0.00463980463980464,0.00927960927960928,0.014896214896214897,0.0019536019536019536,0.0007326007326007326,5.37,-46.75,59.88,xinchao0
0.004884004884004884,0.009523809523809525,0.014896214896214897,0.0019536019536019536,0.002197802197802198,3.5,-45.81,56.88,xinchao0
0.004884004884004884,0.010012210012210013,0.014896214896214897,0.0019536019536019536,0.0029304029304029304,355.44,-40.38,43.0,xinchao0
0.004884004884004884,0.010500610500610501,0.014896214896214897,0.0019536019536019536,0.003663003663003663,346.06,-33.38,29.06,xinchao0
0.004884004884004884,0.01098901098901099,0.014896214896214897,0.0019536019536019536,0.003907203907203907,338.12,-28.0,19.94,xinchao0
0.004884004884004884,0.010500610500610501,0.014896214896214897,0.0019536019536019536,0.004395604395604396,340.56,-31.37,23.12,xinchao0
0.004884004884004884,0.010256410256410256,0.01514041514041514,0.0017094017094017094,0.00463980463980464,348.37,-38.56,29.81,xinchao0
0.004884004884004884,0.009768009768009768,0.015384615384615385,0.0017094017094017094,0.00463980463980464,358.37,-45.19,45.56,xinchao0
0.004884004884004884,0.009523809523809525,0.015384615384615385,0.0014652014652014652,0.004884004884004884,5.94,-47.0,58.81,xinchao0
0.005128205128205128,0.009768009768009768,0.01562881562881563,0.0014652014652014652,0.004884004884004884,4.81,-46.56,56.88,xinchao0
0.005128205128205128,0.010500610500610501,0.01562881562881563,0.0014652014652014652,0.004884004884004884,357.62,-42.06,43.63,xinchao0
0.005128205128205128,0.01098901098901099,0.015873015873015872,0.001221001221001221,0.004884004884004884,347.31,-33.56,29.69,xinchao0
0.004884004884004884,0.011233211233211233,0.015873015873015872,0.001221001221001221,0.004884004884004884,341.19,-27.5,22.19,xinchao0
0.004884004884004884,0.01098901098901099,0.015873015873015872,0.001221001221001221,0.004884004884004884,342.0,-29.62,23.12,xinchao0
0.004884004884004884,0.010744810744810745,0.015873015873015872,0.0009768009768009768,0.004884004884004884,348.81,-38.13,28.75,xinchao0
0.004884004884004884,0.010744810744810745,0.015873015873015872,0.0009768009768009768,0.003907203907203907,358.44,-46.0,44.19,xinchao0
0.004884004884004884,0.010744810744810745,0.015873015873015872,0.0009768009768009768,0.0029304029304029304,6.5,-48.81,61.75,xinchao0
0.004884004884004884,0.010744810744810745,0.015873015873015872,0.0009768009768009768,0.002442002442002442,7.94,-48.31,66.5,xinchao0
0.004884004884004884,0.01098901098901099,0.015873015873015872,0.0009768009768009768,0.0019536019536019536,1.75,-45.94,55.13,xinchao0
0.004884004884004884,0.011233211233211233,0.015873015873015872,0.0009768009768009768,0.0017094017094017094,352.5,-39.06,40.19,xinchao0
0.004884004884004884,0.011477411477411478,0.015873015873015872,0.0009768009768009768,0.0017094017094017094,344.81,-32.38,31.5,xinchao0
0.004884004884004884,0.011477411477411478,0.01611721611721612,0.0009768009768009768,0.002686202686202686,341.12,-28.62,26.19,xinchao0
0.004884004884004884,0.01098901098901099,0.01611721611721612,0.0009768009768009768,0.003418803418803419,344.44,-31.81,29.94,xinchao0
0.005128205128205128,0.010500610500610501,0.01611721611721612,0.0009768009768009768,0.003907203907203907,351.19,-38.63,35.88,xinchao0
0.005128205128205128,0.010256410256410256,0.01611721611721612,0.0009768009768009768,0.004151404151404151,359.69,-44.19,47.38,xinchao0
0.005128205128205128,0.010012210012210013,0.01611721611721612,0.0009768009768009768,0.004395604395604396,5.44,-45.63,58.5,xinchao0
0.005128205128205128,0.010012210012210013,0.01611721611721612,0.0009768009768009768,0.00463980463980464,5.75,-45.44,58.06,xinchao0
0.005128205128205128,0.010256410256410256,0.015873015873015872,0.0009768009768009768,0.00463980463980464,1.62,-42.88,48.75,xinchao0
0.005128205128205128,0.010500610500610501,0.015873015873015872,0.0009768009768009768,0.004884004884004884,354.06,-37.5,38.13,xinchao0
0.005128205128205128,0.010500610500610501,0.015873015873015872,0.0009768009768009768,0.004884004884004884,347.19,-31.75,30.56,xinchao0
0.004884004884004884,0.010500610500610501,0.01562881562881563,0.0007326007326007326,0.004884004884004884,343.69,-29.5,26.12,xinchao0
0.004884004884004884,0.010256410256410256,0.01562881562881563,0.0007326007326007326,0.005128205128205128,347.75,-35.0,32.94,xinchao0
0.00463980463980464,0.010012210012210013,0.01562881562881563,0.0004884004884004884,0.005128205128205128,357.0,-43.44,43.56,xinchao0
0.00463980463980464,0.010012210012210013,0.01562881562881563,0.0004884004884004884,0.005128205128205128,5.87,-46.44,58.19,xinchao0
0.00463980463980464,0.009768009768009768,0.015384615384615385,0.0002442002442002442,0.003907203907203907,9.19,-46.81,63.06,xinchao0
0.00463980463980464,0.010012210012210013,0.015384615384615385,0.0002442002442002442,0.0031746031746031746,5.62,-45.38,57.5,xinchao0
0.00463980463980464,0.010256410256410256,0.015384615384615385,0.0002442002442002442,0.002442002442002442,357.12,-40.44,46.31,xinchao0
0.00463980463980464,0.010500610500610501,0.01562881562881563,0.0002442002442002442,0.0009768009768009768,346.19,-33.44,35.69,xinchao0
0.00463980463980464,0.010744810744810745,0.01562881562881563,0.0002442002442002442,0.0,339.94,-29.37,27.44,xinchao0
0.00463980463980464,0.010744810744810745,0.01562881562881563,0.0002442002442002442,0.0007326007326007326,342.19,-32.5,28.75,xinchao0
0.00463980463980464,0.010744810744810745,0.01562881562881563,0.0002442002442002442,0.0014652014652014652,349.87,-39.13,36.31,xinchao0
0.00463980463980464,0.010744810744810745,0.01562881562881563,0.0002442002442002442,0.0007326007326007326,0.31,-44.63,50.63,xinchao0
0.004884004884004884,0.010744810744810745,0.015384615384615385,0.0002442002442002442,0.0,6.75,-45.63,61.31,xinchao0
0.004884004884004884,0.010744810744810745,0.015384615384615385,0.0002442002442002442,0.0002442002442002442,3.94,-44.25,57.13,xinchao0
0.004884004884004884,0.011233211233211233,0.01562881562881563,0.0004884004884004884,0.0004884004884004884,355.31,-38.0,46.19,xinchao0
0.004884004884004884,0.011477411477411478,0.015873015873015872,0.0004884004884004884,0.0019536019536019536,346.69,-31.31,34.13,xinchao0
0.004884004884004884,0.011721611721611722,0.015873015873015872,0.0004884004884004884,0.0029304029304029304,344.25,-31.75,26.25,xinchao0
0.005128205128205128,0.011477411477411478,0.015873015873015872,0.0004884004884004884,0.003418803418803419,349.94,-38.19,30.25,xinchao0
0.005128205128205128,0.011477411477411478,0.01611721611721612,0.0002442002442002442,0.003907203907203907,359.81,-45.44,42.69,xinchao0
0.005128205128205128,0.011233211233211233,0.01611721611721612,0.0002442002442002442,0.004151404151404151,8.81,-48.25,60.31,xinchao0
0.005128205128205128,0.011233211233211233,0.016361416361416362,0.0002442002442002442,0.004395604395604396,11.19,-47.25,67.06,xinchao0
0.005128205128205128,0.011721611721611722,0.016605616605616606,0.0,0.00463980463980464,5.12,-44.75,58.44,xinchao0
0.005128205128205128,0.011721611721611722,0.016605616605616606,0.0,0.003663003663003663,355.37,-38.0,44.13,xinchao0
0.004884004884004884,0.011965811965811967,0.016605616605616606,0.0002442002442002442,0.0029304029304029304,350.5,-32.56,34.19,xinchao0
0.004884004884004884,0.011965811965811967,0.016605616605616606,0.0002442002442002442,0.002442002442002442,349.06,-33.94,35.69,xinchao0
0.004884004884004884,0.011477411477411478,0.016605616605616606,0.0002442002442002442,0.0009768009768009768,352.56,-39.13,39.31,xinchao0
0.004884004884004884,0.011233211233211233,0.016361416361416362,0.0002442002442002442,0.0002442002442002442,0.56,-44.25,49.75,xinchao0
0.004884004884004884,0.01098901098901099,0.016361416361416362,0.0002442002442002442,0.0009768009768009768,10.0,-44.81,68.37,xinchao0
0.004884004884004884,0.01098901098901099,0.01611721611721612,0.0002442002442002442,0.0014652014652014652,13.0,-42.06,75.19,xinchao0
0.004884004884004884,0.011477411477411478,0.016361416361416362,0.0002442002442002442,0.0007326007326007326,6.62,-41.19,64.87,xinchao0
0.004884004884004884,0.011965811965811967,0.016361416361416362,0.0004884004884004884,0.0,353.87,-36.44,43.88,xinchao0
0.004884004884004884,0.01221001221001221,0.016605616605616606,0.0004884004884004884,0.0002442002442002442,343.0,-30.75,28.31,xinchao0
0.004884004884004884,0.01221001221001221,0.01684981684981685,0.0004884004884004884,0.0004884004884004884,341.5,-30.75,27.56,xinchao0
0.004884004884004884,0.011477411477411478,0.017094017094017096,0.0004884004884004884,0.0007326007326007326,348.19,-36.88,34.88,xinchao0
0.005128205128205128,0.01098901098901099,0.017094017094017096,0.0004884004884004884,0.0019536019536019536,358.06,-43.0,48.31,xinchao0
0.005128205128205128,0.010744810744810745,0.017094017094017096,0.0004884004884004884,0.0029304029304029304,7.75,-44.13,65.94,xinchao0
0.005128205128205128,0.010500610500610501,0.01684981684981685,0.0004884004884004884,0.003663003663003663,7.06,-45.06,62.13,xinchao0
0.005128205128205128,0.01098901098901099,0.01684981684981685,0.0004884004884004884,0.004151404151404151,2.81,-43.38,52.5,xinchao0
0.004884004884004884,0.011233211233211233,0.016605616605616606,0.0004884004884004884,0.004395604395604396,355.25,-38.0,39.69,xinchao0
0.004884004884004884,0.011477411477411478,0.016605616605616606,0.0004884004884004884,0.00463980463980464,344.5,-30.62,27.87,xinchao0
0.004884004884004884,0.011477411477411478,0.01684981684981685,0.0004884004884004884,0.004884004884004884,341.31,-28.81,24.44,xinchao0
0.004884004884004884,0.011233211233211233,0.017094017094017096,0.0007326007326007326,0.004884004884004884,346.87,-33.75,28.69,xinchao0
0.004884004884004884,0.010744810744810745,0.017094017094017096,0.0007326007326007326,0.005128205128205128,356.62,-41.38,35.88,xinchao0
0.004884004884004884,0.010500610500610501,0.01733821733821734,0.0007326007326007326,0.005128205128205128,4.87,-45.63,48.81,xinchao0
0.004884004884004884,0.010256410256410256,0.01733821733821734,0.0007326007326007326,0.005128205128205128,10.25,-46.44,57.13,xinchao0
0.004884004884004884,0.010500610500610501,0.01733821733821734,0.0007326007326007326,0.003907203907203907,5.25,-42.94,48.25,xinchao0
0.00463980463980464,0.010744810744810745,0.01733821733821734,0.0007326007326007326,0.0031746031746031746,353.5,-33.25,33.88,xinchao0
0.00463980463980464,0.01098901098901099,0.017826617826617826,0.0007326007326007326,0.002442002442002442,345.94,-26.62,26.37,xinchao0
0.00463980463980464,0.01098901098901099,0.018070818070818073,0.0007326007326007326,0.0019536019536019536,346.0,-27.94,27.06,xinchao0
0.004884004884004884,0.010744810744810745,0.018070818070818073,0.0007326007326007326,0.0017094017094017094,353.5,-35.5,32.81,xinchao0
0.004884004884004884,0.010500610500610501,0.018315018315018316,0.0007326007326007326,0.0017094017094017094,5.06,-41.56,48.0,xinchao0
0.005128205128205128,0.010256410256410256,0.01855921855921856,0.0004884004884004884,0.002686202686202686,11.0,-42.19,58.56,xinchao0
0.005128205128205128,0.010500610500610501,0.018803418803418803,0.0004884004884004884,0.003418803418803419,5.62,-41.06,51.13,xinchao0
0.005128205128205128,0.010744810744810745,0.018803418803418803,0.0004884004884004884,0.003907203907203907,353.25,-33.88,33.94,xinchao0
0.005128205128205128,0.01098901098901099,0.01904761904761905,0.0004884004884004884,0.004151404151404151,343.31,-25.81,23.75,xinchao0
0.005128205128205128,0.01098901098901099,0.01904761904761905,0.0004884004884004884,0.004395604395604396,340.31,-23.87,21.25,xinchao0
0.004884004884004884,0.010744810744810745,0.01904761904761905,0.0004884004884004884,0.00463980463980464,344.31,-31.12,24.81,xinchao0
0.004884004884004884,0.010744810744810745,0.01904761904761905,0.0004884004884004884,0.00463980463980464,353.19,-40.06,37.13,xinchao0
0.004884004884004884,0.010500610500610501,0.018803418803418803,0.0004884004884004884,0.004884004884004884,6.5,-44.69,60.88,xinchao0
0.004884004884004884,0.010500610500610501,0.018803418803418803,0.0002442002442002442,0.004884004884004884,9.63,-44.38,63.0,xinchao0
0.004884004884004884,0.010744810744810745,0.01855921855921856,0.0002442002442002442,0.004884004884004884,4.06,-40.19,49.25,xinchao0
0.004884004884004884,0.01098901098901099,0.01855921855921856,0.0004884004884004884,0.004884004884004884,355.12,-31.94,32.94,xinchao0
0.004884004884004884,0.01098901098901099,0.01855921855921856,0.0007326007326007326,0.004884004884004884,349.56,-25.0,24.06,xinchao0
0.004884004884004884,0.01098901098901099,0.01855921855921856,0.0004884004884004884,0.003907203907203907,349.69,-24.5,23.44,xinchao0
0.004884004884004884,0.010500610500610501,0.01855921855921856,0.0004884004884004884,0.0029304029304029304,356.5,-33.0,29.06,xinchao0
0.004884004884004884,0.010012210012210013,0.01855921855921856,0.0002442002442002442,0.0014652014652014652,7.56,-41.69,47.69,xinchao0
0.004884004884004884,0.009768009768009768,0.018315018315018316,0.0002442002442002442,0.0002442002442002442,14.75,-44.25,65.75,xinchao0
0.004884004884004884,0.009768009768009768,0.018315018315018316,0.0002442002442002442,0.0007326007326007326,12.81,-43.94,62.19,xinchao0
0.004884004884004884,0.010012210012210013,0.018070818070818073,0.0002442002442002442,0.001221001221001221,4.25,-37.44,47.06,xinchao0
0.004884004884004884,0.010500610500610501,0.018070818070818073,0.0002442002442002442,0.0017094017094017094,356.06,-29.62,33.13,xinchao0
0.004884004884004884,0.010500610500610501,0.018070818070818073,0.0002442002442002442,0.0007326007326007326,352.5,-27.06,25.44,xinchao0
0.005128205128205128,0.010500610500610501,0.018070818070818073,0.0002442002442002442,0.0002442002442002442,356.0,-31.56,29.62,xinchao0
0.005128205128205128,0.010256410256410256,0.018070818070818073,0.0002442002442002442,0.0002442002442002442,2.81,-39.5,41.88,xinchao0
0.005372405372405372,0.010256410256410256,0.018070818070818073,0.0002442002442002442,0.0017094017094017094,9.56,-43.5,55.44,xinchao0
0.005372405372405372,0.010256410256410256,0.018070818070818073,0.0002442002442002442,0.002686202686202686,12.19,-43.44,61.56,xinchao0
0.005372405372405372,0.010500610500610501,0.018070818070818073,0.0002442002442002442,0.003418803418803419,8.75,-43.06,53.5,xinchao0
0.005372405372405372,0.010744810744810745,0.018070818070818073,0.0002442002442002442,0.003907203907203907,0.5,-39.19,40.63,xinchao0
0.005372405372405372,0.01098901098901099,0.018070818070818073,0.0002442002442002442,0.0031746031746031746,350.69,-32.63,28.0,xinchao0
0.005372405372405372,0.01098901098901099,0.018070818070818073,0.0002442002442002442,0.002686202686202686,346.5,-29.37,22.12,xinchao0
0.005128205128205128,0.01098901098901099,0.018070818070818073,0.0,0.002197802197802198,350.06,-34.13,25.81,xinchao0
0.005128205128205128,0.01098901098901099,0.018070818070818073,0.0,0.0019536019536019536,358.81,-42.0,38.25,xinchao0
0.005128205128205128,0.01098901098901099,0.018070818070818073,0.0002442002442002442,0.0017094017094017094,9.13,-45.63,60.63,xinchao0
0.005128205128205128,0.01098901098901099,0.018070818070818073,0.0002442002442002442,0.0017094017094017094,14.38,-44.81,68.31,xinchao0
0.005128205128205128,0.011477411477411478,0.018070818070818073,0.0002442002442002442,0.0014652014652014652,10.56,-44.06,60.5,xinchao0
0.005128205128205128,0.011721611721611722,0.018070818070818073,0.0002442002442002442,0.0014652014652014652,6.87,-42.88,51.0,xinchao0
0.004884004884004884,0.011965811965811967,0.018070818070818073,0.0002442002442002442,0.001221001221001221,5.5,-43.13,50.13,xinchao0
0.004884004884004884,0.011721611721611722,0.018070818070818073,0.0002442002442002442,0.001221001221001221,6.31,-43.56,51.5,xinchao0
0.004884004884004884,0.011721611721611722,0.018070818070818073,0.0002442002442002442,0.001221001221001221,7.06,-45.81,54.44,xinchao0
0.004884004884004884,0.011721611721611722,0.018070818070818073,0.0002442002442002442,0.002442002442002442,7.94,-47.81,58.19,xinchao0
0.004884004884004884,0.011477411477411478,0.018070818070818073,0.0002442002442002442,0.0019536019536019536,8.06,-47.44,57.88,xinchao0
0.004884004884004884,0.011477411477411478,0.017826617826617826,0.0002442002442002442,0.0029304029304029304,7.44,-48.25,57.81,xinchao0
0.004884004884004884,0.011477411477411478,0.017826617826617826,0.0004884004884004884,0.003418803418803419,7.31,-48.5,58.19,xinchao0
0.004884004884004884,0.011477411477411478,0.017826617826617826,0.0004884004884004884,0.004151404151404151,6.37,-49.25,58.19,xinchao0
0.004884004884004884,0.011477411477411478,0.017826617826617826,0.0004884004884004884,0.004395604395604396,2.5,-49.81,53.5,xinchao0
0.004884004884004884,0.011477411477411478,0.017826617826617826,0.0004884004884004884,0.00463980463980464,354.0,-47.94,38.88,xinchao0
0.004884004884004884,0.011477411477411478,0.017826617826617826,0.0004884004884004884,0.00463980463980464,344.56,-41.0,24.5,xinchao0
0.004884004884004884,0.011477411477411478,0.017826617826617826,0.0007326007326007326,0.004884004884004884,340.62,-37.81,20.62,xinchao0
0.004884004884004884,0.011477411477411478,0.017826617826617826,0.0007326007326007326,0.004884004884004884,344.37,-42.88,24.44,xinchao0
0.004884004884004884,0.011233211233211233,0.017826617826617826,0.0009768009768009768,0.003907203907203907,355.44,-51.06,43.13,xinchao0
0.004884004884004884,0.01098901098901099,0.017826617826617826,0.0009768009768009768,0.0031746031746031746,7.12,-50.63,73.81,xinchao0
0.004884004884004884,0.01098901098901099,0.017826617826617826,0.0007326007326007326,0.002686202686202686,12.0,-47.31,84.69,xinchao0
0.004884004884004884,0.011477411477411478,0.018070818070818073,0.0004884004884004884,0.002197802197802198,10.5,-48.31,78.31,xinchao0
0.004884004884004884,0.011721611721611722,0.018070818070818073,0.0004884004884004884,0.0019536019536019536,3.25,-49.38,63.5,xinchao0
0.004884004884004884,0.011965811965811967,0.018315018315018316,0.0002442002442002442,0.0017094017094017094,354.0,-48.06,47.0,xinchao0
0.00463980463980464,0.01221001221001221,0.018315018315018316,0.0004884004884004884,0.0017094017094017094,344.12,-42.5,30.87,xinchao0
0.00463980463980464,0.011965811965811967,0.018315018315018316,0.0004884004884004884,0.0014652014652014652,337.87,-36.5,22.19,xinchao0
0.00463980463980464,0.011477411477411478,0.018315018315018316,0.0007326007326007326,0.0014652014652014652,338.44,-36.94,20.81,xinchao0
0.00463980463980464,0.010744810744810745,0.018315018315018316,0.0007326007326007326,0.0014652014652014652,345.37,-43.81,26.19,xinchao0
0.00463980463980464,0.010256410256410256,0.018315018315018316,0.0007326007326007326,0.0014652014652014652,357.12,-51.69,44.5,xinchao0
0.004884004884004884,0.010012210012210013,0.018315018315018316,0.0007326007326007326,0.002442002442002442,7.5,-51.88,73.87,xinchao0
0.004884004884004884,0.010012210012210013,0.01855921855921856,0.0007326007326007326,0.0031746031746031746,15.25,-47.56,86.44,xinchao0
0.004884004884004884,0.010256410256410256,0.01855921855921856,0.0007326007326007326,0.003663003663003663,12.0,-49.13,77.81,xinchao0
0.004884004884004884,0.010744810744810745,0.01855921855921856,0.0004884004884004884,0.004151404151404151,2.62,-50.31,57.69,xinchao0
0.004884004884004884,0.011233211233211233,0.01855921855921856,0.0004884004884004884,0.004395604395604396,351.75,-46.06,36.19,xinchao0
0.004884004884004884,0.011721611721611722,0.01855921855921856,0.0007326007326007326,0.00463980463980464,342.25,-39.31,22.75,xinchao0
0.004884004884004884,0.011477411477411478,0.01855921855921856,0.0009768009768009768,0.003663003663003663,338.31,-37.38,17.87,xinchao0
0.004884004884004884,0.011233211233211233,0.01855921855921856,0.0009768009768009768,0.0029304029304029304,343.19,-44.25,24.94,xinchao0
0.004884004884004884,0.01098901098901099,0.01855921855921856,0.001221001221001221,0.002442002442002442,354.12,-52.38,45.94,xinchao0
0.004884004884004884,0.010744810744810745,0.018315018315018316,0.001221001221001221,0.0019536019536019536,4.06,-53.06,68.25,xinchao0
0.004884004884004884,0.010744810744810745,0.018315018315018316,0.0009768009768009768,0.0017094017094017094,9.25,-52.56,74.12,xinchao0
0.004884004884004884,0.01098901098901099,0.018070818070818073,0.0009768009768009768,0.0017094017094017094,7.75,-51.88,69.37,xinchao0
0.00463980463980464,0.011233211233211233,0.018070818070818073,0.0007326007326007326,0.0014652014652014652,1.25,-49.19,53.0,xinchao0
0.00463980463980464,0.011233211233211233,0.017826617826617826,0.0007326007326007326,0.0002442002442002442,351.06,-43.19,36.06,xinchao0
0.00463980463980464,0.011233211233211233,0.017582417582417582,0.0007326007326007326,0.0007326007326007326,343.69,-36.81,27.5,xinchao0
0.00463980463980464,0.011233211233211233,0.01733821733821734,0.0007326007326007326,0.001221001221001221,341.06,-33.94,23.25,xinchao0
0.00463980463980464,0.01098901098901099,0.01733821733821734,0.0007326007326007326,0.0017094017094017094,344.0,-35.38,21.94,xinchao0
0.00463980463980464,0.010500610500610501,0.017094017094017096,0.0007326007326007326,0.0019536019536019536,354.87,-44.81,33.25,xinchao0
0.00463980463980464,0.010256410256410256,0.017094017094017096,0.0007326007326007326,0.0009768009768009768,6.19,-50.13,62.38,xinchao0
0.004884004884004884,0.010012210012210013,0.01684981684981685,0.0007326007326007326,0.0004884004884004884,12.5,-49.44,80.37,xinchao0
0.004884004884004884,0.010012210012210013,0.017094017094017096,0.0007326007326007326,0.0,7.75,-49.31,70.31,xinchao0
0.005128205128205128,0.010256410256410256,0.01733821733821734,0.0007326007326007326,0.0004884004884004884,357.25,-44.19,46.38,xinchao0
0.005128205128205128,0.010500610500610501,0.01733821733821734,0.0007326007326007326,0.0007326007326007326,346.19,-36.38,27.5,xinchao0
0.005372405372405372,0.010500610500610501,0.01733821733821734,0.0007326007326007326,0.0019536019536019536,341.56,-33.63,20.69,xinchao0
0.005372405372405372,0.010012210012210013,0.017094017094017096,0.0007326007326007326,0.0029304029304029304,344.62,-39.19,24.81,xinchao0
0.005616605616605617,0.009523809523809525,0.017094017094017096,0.0007326007326007326,0.003418803418803419,355.06,-47.94,39.81,xinchao0
0.005616605616605617,0.00927960927960928,0.017094017094017096,0.0007326007326007326,0.002686202686202686,6.06,-51.56,55.81,xinchao0
0.005616605616605617,0.009035409035409036,0.017094017094017096,0.0007326007326007326,0.002197802197802198,11.06,-53.06,63.44,xinchao0
0.005616605616605617,0.00927960927960928,0.017094017094017096,0.0007326007326007326,0.0007326007326007326,13.88,-53.75,64.25,xinchao0
0.005616605616605617,0.009768009768009768,0.017094017094017096,0.0009768009768009768,0.0002442002442002442,14.69,-53.69,63.38,xinchao0
0.005616605616605617,0.010012210012210013,0.01684981684981685,0.0009768009768009768,0.0009768009768009768,14.25,-52.19,60.44,xinchao0
0.005616605616605617,0.010256410256410256,0.01684981684981685,0.0009768009768009768,0.0002442002442002442,13.69,-48.19,60.63,xinchao0
0.005616605616605617,0.010500610500610501,0.01684981684981685,0.0009768009768009768,0.0,6.12,-44.06,53.13,xinchao0
0.005372405372405372,0.010500610500610501,0.01684981684981685,0.0009768009768009768,0.0004884004884004884,347.69,-37.75,22.56,xinchao0
0.005372405372405372,0.010500610500610501,0.016605616605616606,0.0009768009768009768,0.0007326007326007326,345.81,-37.25,19.37,xinchao0
0.005372405372405372,0.010012210012210013,0.01684981684981685,0.0009768009768009768,0.0007326007326007326,354.06,-45.94,36.88,xinchao0
0.005372405372405372,0.009768009768009768,0.017094017094017096,0.0004884004884004884,0.0009768009768009768,6.94,-49.19,65.44,xinchao0
0.005616605616605617,0.009523809523809525,0.01733821733821734,0.0002442002442002442,0.0009768009768009768,15.19,-47.06,79.81,xinchao0
0.005616605616605617,0.010012210012210013,0.017582417582417582,0.0,0.001221001221001221,14.69,-46.75,76.06,xinchao0
0.005616605616605617,0.010256410256410256,0.017826617826617826,0.0,0.002442002442002442,14.06,-46.38,70.69,xinchao0
0.005616605616605617,0.010500610500610501,0.018070818070818073,0.0,0.0031746031746031746,13.19,-47.13,69.5,xinchao0
0.005616605616605617,0.010500610500610501,0.018070818070818073,0.0,0.003663003663003663,12.94,-48.06,69.19,xinchao0
0.005616605616605617,0.010744810744810745,0.018315018315018316,0.0,0.004151404151404151,13.38,-47.38,69.69,xinchao0
0.005372405372405372,0.010744810744810745,0.018315018315018316,0.0002442002442002442,0.004395604395604396,12.88,-47.44,69.44,xinchao0
0.005372405372405372,0.010744810744810745,0.018315018315018316,0.0002442002442002442,0.00463980463980464,14.38,-46.56,68.37,xinchao0
0.005372405372405372,0.010744810744810745,0.018315018315018316,0.0002442002442002442,0.003663003663003663,13.19,-45.88,71.81,xinchao0
0.005372405372405372,0.010744810744810745,0.018315018315018316,0.0004884004884004884,0.0029304029304029304,3.19,-48.5,61.75,xinchao0
0.005372405372405372,0.010744810744810745,0.018315018315018316,0.0004884004884004884,0.002442002442002442,346.81,-44.19,38.63,xinchao0
0.005372405372405372,0.010744810744810745,0.018315018315018316,0.0004884004884004884,0.0019536019536019536,337.87,-36.38,19.06,xinchao0
0.005372405372405372,0.010744810744810745,0.01855921855921856,0.0004884004884004884,0.0017094017094017094,341.62,-40.31,24.56,xinchao0
0.005372405372405372,0.010256410256410256,0.01855921855921856,0.0004884004884004884,0.0017094017094017094,354.06,-50.13,42.13,xinchao0
0.005616605616605617,0.009768009768009768,0.018803418803418803,0.0004884004884004884,0.002686202686202686,7.94,-50.75,70.81,xinchao0
0.005616605616605617,0.009523809523809525,0.018803418803418803,0.0004884004884004884,0.003418803418803419,19.87,-44.44,89.62,xinchao0
0.005616605616605617,0.009768009768009768,0.018803418803418803,0.0002442002442002442,0.003907203907203907,18.31,-45.06,85.94,xinchao0
0.005616605616605617,0.010500610500610501,0.018803418803418803,0.0002442002442002442,0.004151404151404151,7.06,-47.63,65.0,xinchao0
0.005616605616605617,0.010744810744810745,0.018803418803418803,0.0002442002442002442,0.004395604395604396,353.0,-45.19,39.25,xinchao0
0.005616605616605617,0.011233211233211233,0.01904761904761905,0.0004884004884004884,0.00463980463980464,341.87,-36.0,24.31,xinchao0
0.005616605616605617,0.01098901098901099,0.01904761904761905,0.0004884004884004884,0.004884004884004884,337.87,-31.87,16.19,xinchao0
0.005616605616605617,0.010744810744810745,0.01904761904761905,0.0007326007326007326,0.004884004884004884,343.25,-38.88,22.75,xinchao0
0.005616605616605617,0.010256410256410256,0.01904761904761905,0.0007326007326007326,0.004884004884004884,354.69,-48.81,41.75,xinchao0
0.005616605616605617,0.010012210012210013,0.018803418803418803,0.0007326007326007326,0.004884004884004884,5.06,-51.44,70.56,xinchao0
0.005616605616605617,0.009768009768009768,0.018803418803418803,0.0007326007326007326,0.004884004884004884,12.94,-49.13,86.0,xinchao0
0.005616605616605617,0.010256410256410256,0.01855921855921856,0.0007326007326007326,0.003907203907203907,12.38,-48.56,85.0,xinchao0
0.005616605616605617,0.01098901098901099,0.01855921855921856,0.0007326007326007326,0.0019536019536019536,3.62,-48.38,70.25,xinchao0
0.005616605616605617,0.011477411477411478,0.01855921855921856,0.0007326007326007326,0.0004884004884004884,351.69,-45.0,46.81,xinchao0
0.005616605616605617,0.011721611721611722,0.018315018315018316,0.0007326007326007326,0.0004884004884004884,341.19,-38.19,28.0,xinchao0
0.005372405372405372,0.011477411477411478,0.018315018315018316,0.0007326007326007326,0.0009768009768009768,338.62,-37.25,19.75,xinchao0
0.005372405372405372,0.010744810744810745,0.018070818070818073,0.0007326007326007326,0.0002442002442002442,344.37,-45.44,28.19,xinchao0
0.005372405372405372,0.010256410256410256,0.018070818070818073,0.0007326007326007326,0.0002442002442002442,354.56,-52.56,49.94,xinchao0
0.005616605616605617,0.009768009768009768,0.017582417582417582,0.0004884004884004884,0.0004884004884004884,6.31,-51.5,80.25,xinchao0
0.005616605616605617,0.009768009768009768,0.01733821733821734,0.0004884004884004884,0.0007326007326007326,11.06,-49.56,88.37,xinchao0
0.005616605616605617,0.010256410256410256,0.017094017094017096,0.0002442002442002442,0.0009768009768009768,6.12,-50.38,77.62,xinchao0
0.005616605616605617,0.010744810744810745,0.016605616605616606,0.0002442002442002442,0.002197802197802198,357.19,-49.0,55.63,xinchao0
0.005616605616605617,0.01098901098901099,0.016361416361416362,0.0002442002442002442,0.0029304029304029304,347.56,-42.44,38.81,xinchao0
0.005616605616605617,0.01098901098901099,0.01611721611721612,0.0002442002442002442,0.003663003663003663,342.56,-37.44,27.31,xinchao0
0.005860805860805861,0.010744810744810745,0.015873015873015872,0.0004884004884004884,0.004151404151404151,343.25,-40.56,22.75,xinchao0
0.005860805860805861,0.010500610500610501,0.01562881562881563,0.0004884004884004884,0.004395604395604396,351.25,-48.88,36.25,xinchao0
0.006105006105006105,0.010500610500610501,0.01562881562881563,0.0007326007326007326,0.00463980463980464,6.25,-51.94,68.19,xinchao0
0.006105006105006105,0.010256410256410256,0.01562881562881563,0.0007326007326007326,0.004884004884004884,17.75,-45.31,91.0,xinchao0
0.006105006105006105,0.010744810744810745,0.015873015873015872,0.0007326007326007326,0.004884004884004884,17.62,-45.0,89.0,xinchao0
0.006105006105006105,0.011233211233211233,0.01611721611721612,0.0007326007326007326,0.003907203907203907,9.81,-46.63,75.56,xinchao0
0.006105006105006105,0.011721611721611722,0.016361416361416362,0.0007326007326007326,0.0029304029304029304,357.19,-46.44,57.38,xinchao0
0.006105006105006105,0.01221001221001221,0.016361416361416362,0.0009768009768009768,0.002442002442002442,347.0,-43.5,37.44,xinchao0
0.006105006105006105,0.012454212454212455,0.016361416361416362,0.0009768009768009768,0.0019536019536019536,343.37,-40.75,25.12,xinchao0
0.005860805860805861,0.011965811965811967,0.016361416361416362,0.0009768009768009768,0.0017094017094017094,349.44,-45.88,34.13,xinchao0
0.005860805860805861,0.011721611721611722,0.016361416361416362,0.0009768009768009768,0.0017094017094017094,1.75,-50.31,57.5,xinchao0
0.005860805860805861,0.011477411477411478,0.016361416361416362,0.0007326007326007326,0.0014652014652014652,12.88,-49.31,77.06,xinchao0
0.006105006105006105,0.011233211233211233,0.016605616605616606,0.0007326007326007326,0.0014652014652014652,15.63,-48.69,81.94,xinchao0
0.006105006105006105,0.011477411477411478,0.01684981684981685,0.0007326007326007326,0.0014652014652014652,6.69,-51.69,69.5,xinchao0
0.006105006105006105,0.011721611721611722,0.01684981684981685,0.0007326007326007326,0.002442002442002442,352.12,-50.0,43.63,xinchao0
0.006105006105006105,0.011721611721611722,0.017094017094017096,0.0009768009768009768,0.0031746031746031746,342.5,-41.06,26.25,xinchao0
0.006349206349206349,0.011965811965811967,0.01733821733821734,0.001221001221001221,0.003663003663003663,338.69,-36.5,18.0,xinchao0
0.006349206349206349,0.011721611721611722,0.01733821733821734,0.0014652014652014652,0.004151404151404151,344.75,-43.0,27.44,xinchao0
0.006349206349206349,0.011477411477411478,0.017582417582417582,0.0014652014652014652,0.004395604395604396,356.69,-50.25,51.69,xinchao0
0.006349206349206349,0.011477411477411478,0.017582417582417582,0.0017094017094017094,0.00463980463980464,7.19,-48.81,79.69,xinchao0
0.006349206349206349,0.011233211233211233,0.017826617826617826,0.0014652014652014652,0.003663003663003663,13.56,-46.63,88.25,xinchao0
0.006349206349206349,0.011721611721611722,0.017826617826617826,0.0014652014652014652,0.0029304029304029304,8.81,-47.81,77.94,xinchao0
0.006349206349206349,0.011721611721611722,0.018070818070818073,0.0014652014652014652,0.002442002442002442,358.5,-47.56,56.69,xinchao0
0.006105006105006105,0.011965811965811967,0.018070818070818073,0.0014652014652014652,0.0019536019536019536,348.19,-43.75,34.19,xinchao0
0.006105006105006105,0.011965811965811967,0.018315018315018316,0.0017094017094017094,0.0017094017094017094,342.0,-38.56,20.12,xinchao0
0.006105006105006105,0.011965811965811967,0.018315018315018316,0.0017094017094017094,0.0014652014652014652,342.94,-40.94,21.37,xinchao0
0.006105006105006105,0.011721611721611722,0.01855921855921856,0.0019536019536019536,0.0014652014652014652,351.81,-49.25,36.56,xinchao0
0.006105006105006105,0.011477411477411478,0.01855921855921856,0.0019536019536019536,0.001221001221001221,1.56,-51.88,66.56,xinchao0
0.006105006105006105,0.011233211233211233,0.01855921855921856,0.0019536019536019536,0.001221001221001221,8.88,-48.06,86.31,xinchao0
0.006105006105006105,0.011233211233211233,0.01855921855921856,0.0019536019536019536,0.001221001221001221,7.44,-48.44,81.44,xinchao0
0.006105006105006105,0.011721611721611722,0.01855921855921856,0.0017094017094017094,0.001221001221001221,359.69,-50.25,63.44,xinchao0
0.005860805860805861,0.011721611721611722,0.01855921855921856,0.0017094017094017094,0.001221001221001221,349.56,-46.19,38.94,xinchao0
0.005860805860805861,0.011965811965811967,0.01855921855921856,0.0017094017094017094,0.001221001221001221,342.44,-39.0,22.81,xinchao0
0.005860805860805861,0.011721611721611722,0.018315018315018316,0.0017094017094017094,0.001221001221001221,339.62,-36.38,18.31,xinchao0
0.005860805860805861,0.011477411477411478,0.018315018315018316,0.0017094017094017094,0.001221001221001221,344.37,-42.5,23.81,xinchao0
0.005860805860805861,0.011233211233211233,0.018070818070818073,0.0014652014652014652,0.002442002442002442,352.81,-50.81,41.0,xinchao0
0.005860805860805861,0.01098901098901099,0.017826617826617826,0.0014652014652014652,0.0031746031746031746,1.12,-54.44,64.0,xinchao0
0.005860805860805861,0.01098901098901099,0.01733821733821734,0.001221001221001221,0.002686202686202686,7.62,-52.69,82.56,xinchao0
0.005860805860805861,0.01098901098901099,0.01733821733821734,0.001221001221001221,0.002197802197802198,7.37,-53.44,79.44,xinchao0
0.006105006105006105,0.011477411477411478,0.017094017094017096,0.001221001221001221,0.0019536019536019536,0.13,-54.38,59.0,xinchao0
0.006105006105006105,0.011721611721611722,0.017094017094017096,0.001221001221001221,0.0017094017094017094,348.94,-47.31,29.94,xinchao0
0.006105006105006105,0.011965811965811967,0.017826617826617826,0.001221001221001221,0.0017094017094017094,341.25,-37.56,13.38,xinchao0
0.006105006105006105,0.01221001221001221,0.018315018315018316,0.0017094017094017094,0.0004884004884004884,340.5,-36.81,10.63,xinchao0
0.006593406593406593,0.012454212454212455,0.01904761904761905,0.0019536019536019536,0.0004884004884004884,347.62,-45.94,18.19,xinchao0
0.006837606837606838,0.012942612942612943,0.020512820512820513,0.002442002442002442,0.0007326007326007326,359.56,-56.25,40.5,xinchao0
0.007081807081807082,0.013675213675213675,0.02197802197802198,0.0029304029304029304,0.0007326007326007326,10.06,-57.31,70.62,xinchao0
0.007081807081807082,0.014163614163614164,0.023931623931623933,0.003663003663003663,0.0009768009768009768,13.5,-56.13,78.37,xinchao0
0.007326007326007326,0.01514041514041514,0.02564102564102564,0.004395604395604396,0.0009768009768009768,7.75,-56.63,66.19,xinchao0
0.007326007326007326,0.015873015873015872,0.02783882783882784,0.005372405372405372,0.0009768009768009768,357.81,-53.38,43.69,xinchao0
0.00757020757020757,0.01611721611721612,0.029548229548229547,0.005860805860805861,0.0009768009768009768,348.37,-45.44,26.5,xinchao0
0.00757020757020757,0.016361416361416362,0.031013431013431014,0.006593406593406593,0.002197802197802198,342.94,-38.81,17.69,xinchao0
0.00757020757020757,0.016361416361416362,0.03199023199023199,0.007081807081807082,0.0031746031746031746,344.25,-40.13,19.62,xinchao0
0.00757020757020757,0.016361416361416362,0.032722832722832725,0.00757020757020757,0.003663003663003663,352.5,-48.06,30.69,xinchao0
0.00805860805860806,0.016361416361416362,0.033455433455433455,0.007814407814407814,0.0029304029304029304,4.31,-54.0,50.25,xinchao0
0.008302808302808303,0.016605616605616606,0.03394383394383394,0.00805860805860806,0.002442002442002442,14.75,-54.0,67.44,xinchao0
0.008547008547008548,0.017094017094017096,0.034432234432234435,0.008302808302808303,0.002197802197802198,15.75,-52.06,61.31,xinchao0
0.008791208791208791,0.017826617826617826,0.035164835164835165,0.008547008547008548,0.0017094017094017094,8.38,-46.88,41.13,xinchao0
0.008791208791208791,0.018803418803418803,0.035897435897435895,0.010012210012210013,0.0017094017094017094,359.75,-38.56,25.44,xinchao0
0.00927960927960928,0.02026862026862027,0.03736263736263736,0.01221001221001221,0.0002442002442002442,353.0,-32.31,17.87,xinchao0
0.010012210012210013,0.022466422466422466,0.03956043956043956,0.014407814407814409,0.0004884004884004884,348.94,-29.31,14.94,xinchao0
0.010744810744810745,0.024175824175824177,0.04126984126984127,0.015873015873015872,0.001221001221001221,352.12,-33.75,18.44,xinchao0
0.011233211233211233,0.025396825396825397,0.04249084249084249,0.01684981684981685,0.0004884004884004884,2.37,-42.0,30.06,xinchao0
0.011477411477411478,0.026617826617826617,0.043467643467643466,0.017582417582417582,0.0,15.0,-47.44,47.81,xinchao0
0.011477411477411478,0.02735042735042735,0.0442002442002442,0.018070818070818073,0.0004884004884004884,23.25,-48.44,60.44,xinchao0
0.011477411477411478,0.02783882783882784,0.044444444444444446,0.018315018315018316,0.0007326007326007326,20.81,-48.94,57.81,xinchao0
0.01098901098901099,0.028083028083028084,0.0442002442002442,0.018070818070818073,0.0009768009768009768,11.13,-45.69,42.44,xinchao0
0.010500610500610501,0.028327228327228327,0.0442002442002442,0.018070818070818073,0.0009768009768009768,3.5,-39.81,31.0,xinchao0
0.010256410256410256,0.028327228327228327,0.04395604395604396,0.017826617826617826,0.001221001221001221,359.37,-35.38,25.06,xinchao0
0.010012210012210013,0.028327228327228327,0.04395604395604396,0.017826617826617826,0.001221001221001221,2.19,-38.25,26.75,xinchao0
0.009768009768009768,0.02783882783882784,0.04371184371184371,0.017826617826617826,0.002442002442002442,11.75,-46.25,40.75,xinchao0
0.009523809523809525,0.027594627594627594,0.043467643467643466,0.017826617826617826,0.0031746031746031746,22.94,-50.69,61.69,xinchao0
0.00927960927960928,0.02735042735042735,0.04322344322344322,0.017582417582417582,0.003907203907203907,27.31,-50.94,72.75,xinchao0
0.009035409035409036,0.027594627594627594,0.04297924297924298,0.01733821733821734,0.004395604395604396,22.31,-51.25,67.5,xinchao0
0.008791208791208791,0.027594627594627594,0.042735042735042736,0.017094017094017096,0.003418803418803419,11.31,-49.25,51.94,xinchao0
0.008791208791208791,0.02783882783882784,0.04249084249084249,0.017094017094017096,0.002686202686202686,359.62,-43.0,35.19,xinchao0
0.008791208791208791,0.027594627594627594,0.04249084249084249,0.01684981684981685,0.002197802197802198,352.12,-36.75,24.44,xinchao0
0.008791208791208791,0.027594627594627594,0.04224664224664225,0.01684981684981685,0.0007326007326007326,351.19,-36.25,22.56,xinchao0
0.008791208791208791,0.027106227106227107,0.04224664224664225,0.01684981684981685,0.0002442002442002442,358.31,-42.5,32.88,xinchao0
0.008791208791208791,0.026617826617826617,0.04224664224664225,0.01684981684981685,0.0009768009768009768,10.69,-48.19,52.69,xinchao0
0.008547008547008548,0.026373626373626374,0.042002442002442006,0.016605616605616606,0.0002442002442002442,20.5,-48.44,72.37,xinchao0
0.008302808302808303,0.026373626373626374,0.04151404151404151,0.01611721611721612,0.0002442002442002442,19.06,-48.56,72.5,xinchao0
0.008302808302808303,0.026373626373626374,0.041025641025641026,0.01562881562881563,0.0004884004884004884,10.31,-47.0,58.44,xinchao0
0.00805860805860806,0.026617826617826617,0.04078144078144078,0.01514041514041514,0.0019536019536019536,0.13,-39.88,40.44,xinchao0
0.00805860805860806,0.026617826617826617,0.040293040293040296,0.014652014652014652,0.0029304029304029304,353.75,-34.0,28.87,xinchao0
0.007814407814407814,0.026373626373626374,0.04004884004884005,0.014407814407814409,0.003418803418803419,355.19,-35.13,30.94,xinchao0
0.007814407814407814,0.025885225885225887,0.0398046398046398,0.014163614163614164,0.003907203907203907,3.19,-38.06,42.19,xinchao0
0.007814407814407814,0.02564102564102564,0.03956043956043956,0.01391941391941392,0.0031746031746031746,16.06,-39.88,55.88,xinchao0
0.007814407814407814,0.025396825396825397,0.03907203907203907,0.01391941391941392,0.002686202686202686,25.12,-39.81,65.06,xinchao0
0.007814407814407814,0.025396825396825397,0.038583638583638585,0.013675213675213675,0.002197802197802198,24.12,-40.94,62.44,xinchao0
0.007814407814407814,0.025396825396825397,0.0380952380952381,0.013675213675213675,0.0031746031746031746,14.38,-40.94,52.63,xinchao0
0.007814407814407814,0.025396825396825397,0.03785103785103785,0.013431013431013432,0.003663003663003663,2.44,-38.06,39.25,xinchao0
0.007814407814407814,0.025396825396825397,0.037606837606837605,0.013431013431013432,0.004151404151404151,353.87,-33.63,30.31,xinchao0
0.00805860805860806,0.025152625152625153,0.037606837606837605,0.013431013431013432,0.004395604395604396,351.5,-34.25,28.25,xinchao0
0.00805860805860806,0.02490842490842491,0.03785103785103785,0.013431013431013432,0.00463980463980464,358.87,-39.81,37.81,xinchao0
0.008302808302808303,0.02490842490842491,0.03785103785103785,0.013431013431013432,0.003663003663003663,11.94,-43.25,59.38,xinchao0
0.008302808302808303,0.025152625152625153,0.0380952380952381,0.013431013431013432,0.0029304029304029304,21.75,-42.13,73.94,xinchao0
0.008547008547008548,0.025396825396825397,0.03785103785103785,0.013431013431013432,0.001221001221001221,18.44,-43.44,65.75,xinchao0
0.008302808302808303,0.02564102564102564,0.03736263736263736,0.013431013431013432,0.0,8.88,-42.81,50.63,xinchao0
0.00805860805860806,0.025885225885225887,0.036874236874236875,0.013431013431013432,0.0007326007326007326,359.31,-38.94,35.19,xinchao0
0.00805860805860806,0.025885225885225887,0.03663003663003663,0.013431013431013432,0.001221001221001221,355.31,-37.94,28.56,xinchao0
0.007814407814407814,0.025396825396825397,0.03638583638583639,0.013431013431013432,0.0004884004884004884,0.81,-42.63,35.25,xinchao0
0.007814407814407814,0.025152625152625153,0.036141636141636145,0.013186813186813187,0.0,9.75,-46.88,53.31,xinchao0
0.007814407814407814,0.02490842490842491,0.036141636141636145,0.012942612942612943,0.0014652014652014652,17.44,-47.63,73.37,xinchao0
0.007814407814407814,0.024664224664224663,0.035897435897435895,0.012942612942612943,0.002442002442002442,18.44,-48.44,76.69,xinchao0
0.007814407814407814,0.02490842490842491,0.03540903540903541,0.012942612942612943,0.0031746031746031746,11.44,-48.31,61.75,xinchao0
0.00757020757020757,0.02490842490842491,0.035164835164835165,0.012942612942612943,0.003907203907203907,1.19,-42.69,39.69,xinchao0
0.00757020757020757,0.02490842490842491,0.03492063492063492,0.012942612942612943,0.004151404151404151,353.0,-35.69,26.31,xinchao0
0.00757020757020757,0.02442002442002442,0.03467643467643468,0.012942612942612943,0.003418803418803419,351.19,-35.38,21.06,xinchao0
0.007814407814407814,0.023931623931623933,0.03467643467643468,0.012942612942612943,0.002686202686202686,357.31,-42.0,30.19,xinchao0
0.007814407814407814,0.023687423687423687,0.034432234432234435,0.012942612942612943,0.002197802197802198,9.81,-48.88,54.31,xinchao0
0.007814407814407814,0.023687423687423687,0.034432234432234435,0.012942612942612943,0.0007326007326007326,21.94,-48.69,80.06,xinchao0
0.007814407814407814,0.023687423687423687,0.034432234432234435,0.012698412698412698,0.0002442002442002442,18.94,-51.0,74.25,xinchao0
0.007814407814407814,0.023931623931623933,0.034432234432234435,0.012698412698412698,0.0009768009768009768,6.87,-48.38,49.19,xinchao0
0.007814407814407814,0.023931623931623933,0.03467643467643468,0.012698412698412698,0.0014652014652014652,355.81,-40.63,29.81,xinchao0
0.007814407814407814,0.024175824175824177,0.03467643467643468,0.012698412698412698,0.0019536019536019536,350.25,-37.0,21.81,xinchao0
0.00805860805860806,0.023687423687423687,0.03467643467643468,0.012454212454212455,0.0009768009768009768,354.69,-42.81,28.87,xinchao0
0.008302808302808303,0.0231990231990232,0.03467643467643468,0.012454212454212455,0.0002442002442002442,5.56,-50.13,49.94,xinchao0
0.008302808302808303,0.022954822954822957,0.03467643467643468,0.012454212454212455,0.0002442002442002442,17.19,-51.75,75.12,xinchao0
0.008547008547008548,0.02271062271062271,0.03467643467643468,0.01221001221001221,0.0004884004884004884,20.25,-51.06,82.37,xinchao0
0.008302808302808303,0.022954822954822957,0.03418803418803419,0.01221001221001221,0.0019536019536019536,13.25,-51.88,68.56,xinchao0
0.00805860805860806,0.0231990231990232,0.03394383394383394,0.01221001221001221,0.0029304029304029304,0.94,-47.63,42.44,xinchao0
0.00805860805860806,0.023443223443223443,0.0336996336996337,0.01221001221001221,0.003418803418803419,352.75,-41.94,27.69,xinchao0
0.007814407814407814,0.023443223443223443,0.033455433455433455,0.01221001221001221,0.003907203907203907,353.06,-42.94,28.06,xinchao0
0.007814407814407814,0.0231990231990232,0.033455433455433455,0.01221001221001221,0.004395604395604396,1.87,-49.31,41.0,xinchao0
0.00757020757020757,0.0231990231990232,0.033455433455433455,0.01221001221001221,0.00463980463980464,12.81,-51.69,65.81,xinchao0
0.00757020757020757,0.0231990231990232,0.03321123321123321,0.01221001221001221,0.003663003663003663,21.81,-49.94,85.44,xinchao0
0.007326007326007326,0.023443223443223443,0.03321123321123321,0.01221001221001221,0.0029304029304029304,16.31,-51.69,76.0,xinchao0
0.007326007326007326,0.023931623931623933,0.03321123321123321,0.01221001221001221,0.001221001221001221,2.56,-49.69,47.94,xinchao0
0.007326007326007326,0.02442002442002442,0.03321123321123321,0.01221001221001221,0.0,350.0,-41.25,21.62,xinchao0
0.00757020757020757,0.024664224664224663,0.0336996336996337,0.01221001221001221,0.0007326007326007326,345.87,-37.19,14.31,xinchao0
0.00757020757020757,0.02442002442002442,0.03418803418803419,0.01221001221001221,0.0002442002442002442,350.94,-43.25,21.06,xinchao0
0.007814407814407814,0.02442002442002442,0.03467643467643468,0.01221001221001221,0.0002442002442002442,1.62,-52.44,44.06,xinchao0
0.00805860805860806,0.02442002442002442,0.03492063492063492,0.01221001221001221,0.0004884004884004884,11.06,-54.69,71.94,xinchao0
0.00805860805860806,0.02442002442002442,0.035164835164835165,0.01221001221001221,0.0007326007326007326,13.56,-55.0,80.31,xinchao0
0.007814407814407814,0.024664224664224663,0.035164835164835165,0.01221001221001221,0.0009768009768009768,8.94,-57.0,64.87,xinchao0
0.007814407814407814,0.02490842490842491,0.035164835164835165,0.01221001221001221,0.002197802197802198,356.37,-54.13,31.56,xinchao0
0.007814407814407814,0.02490842490842491,0.03492063492063492,0.01221001221001221,0.0031746031746031746,346.75,-45.69,13.75,xinchao0
0.007814407814407814,0.02490842490842491,0.03467643467643468,0.01221001221001221,0.003663003663003663,350.19,-48.5,19.62,xinchao0
0.007814407814407814,0.02442002442002442,0.03418803418803419,0.01221001221001221,0.004151404151404151,2.37,-55.38,50.5,xinchao0
0.007814407814407814,0.023931623931623933,0.03394383394383394,0.011965811965811967,0.003418803418803419,14.06,-53.25,82.06,xinchao0
0.00757020757020757,0.023687423687423687,0.033455433455433455,0.011721611721611722,0.002686202686202686,15.69,-52.38,86.5,xinchao0
0.007326007326007326,0.023931623931623933,0.032722832722832725,0.011477411477411478,0.001221001221001221,9.31,-55.38,65.69,xinchao0
0.006837606837606838,0.023931623931623933,0.03223443223443224,0.011477411477411478,0.0,356.87,-51.5,36.25,xinchao0
0.006593406593406593,0.024175824175824177,0.03199023199023199,0.011233211233211233,0.0007326007326007326,345.94,-40.44,16.87,xinchao0
0.006837606837606838,0.023931623931623933,0.03223443223443224,0.011233211233211233,0.0002442002442002442,344.06,-38.13,14.06,xinchao0
0.006837606837606838,0.0231990231990232,0.03223443223443224,0.011233211233211233,0.0002442002442002442,351.81,-45.81,26.69,xinchao0
0.007081807081807082,0.022466422466422466,0.03247863247863248,0.011233211233211233,0.0007326007326007326,2.25,-51.63,48.25,xinchao0
0.007081807081807082,0.02197802197802198,0.03247863247863248,0.011233211233211233,0.0007326007326007326,12.63,-51.44,71.5,xinchao0
0.007081807081807082,0.021733821733821733,0.03247863247863248,0.011233211233211233,0.0009768009768009768,13.69,-50.38,78.31,xinchao0
0.007081807081807082,0.02148962148962149,0.03199023199023199,0.011233211233211233,0.0009768009768009768,6.44,-49.06,68.81,xinchao0
0.006837606837606838,0.02148962148962149,0.031746031746031744,0.011233211233211233,0.0009768009768009768,356.12,-44.81,50.75,xinchao0
0.006837606837606838,0.02148962148962149,0.0315018315018315,0.011233211233211233,0.0009768009768009768,348.69,-41.88,35.88,xinchao0
0.006837606837606838,0.021245421245421246,0.031746031746031744,0.011233211233211233,0.002197802197802198,348.87,-41.94,31.5,xinchao0
0.006837606837606838,0.020757020757020756,0.03199023199023199,0.011477411477411478,0.0031746031746031746,357.31,-45.5,39.0,xinchao0
0.006837606837606838,0.020512820512820513,0.03223443223443224,0.011477411477411478,0.003663003663003663,8.06,-48.56,54.94,xinchao0
0.006837606837606838,0.02026862026862027,0.03223443223443224,0.011477411477411478,0.004151404151404151,17.37,-48.13,78.19,xinchao0
0.006837606837606838,0.020512820512820513,0.03223443223443224,0.011477411477411478,0.00463980463980464,18.37,-45.75,84.69,xinchao0
0.006593406593406593,0.021001221001221003,0.03223443223443224,0.011721611721611722,0.00463980463980464,10.88,-45.13,69.44,xinchao0
0.006349206349206349,0.022466422466422466,0.03223443223443224,0.011721611721611722,0.004884004884004884,1.37,-43.0,49.81,xinchao0
0.006349206349206349,0.023687423687423687,0.03296703296703297,0.011965811965811967,0.002686202686202686,354.44,-39.69,39.19,xinchao0
0.006593406593406593,0.02442002442002442,0.034432234432234435,0.01221001221001221,0.0009768009768009768,353.81,-41.06,35.19,xinchao0
0.006837606837606838,0.02490842490842491,0.035164835164835165,0.01221001221001221,0.0,1.56,-46.63,44.81,xinchao0
0.006837606837606838,0.02490842490842491,0.035897435897435895,0.012454212454212455,0.0002442002442002442,12.13,-50.44,63.56,xinchao0
0.007081807081807082,0.02490842490842491,0.035897435897435895,0.012454212454212455,0.0007326007326007326,18.44,-51.25,76.44,xinchao0
0.007081807081807082,0.02490842490842491,0.035897435897435895,0.012454212454212455,0.0019536019536019536,16.87,-52.44,77.37,xinchao0
0.007081807081807082,0.02490842490842491,0.03565323565323565,0.012454212454212455,0.0029304029304029304,8.81,-52.25,66.62,xinchao0
0.006837606837606838,0.025152625152625153,0.03540903540903541,0.012454212454212455,0.003418803418803419,357.31,-49.63,47.44,xinchao0
0.006837606837606838,0.025152625152625153,0.035164835164835165,0.012454212454212455,0.003907203907203907,349.0,-43.88,32.5,xinchao0
0.006837606837606838,0.024664224664224663,0.03492063492063492,0.012454212454212455,0.004395604395604396,349.06,-43.56,32.81,xinchao0
0.006837606837606838,0.023931623931623933,0.03467643467643468,0.01221001221001221,0.00463980463980464,357.69,-47.94,42.69,xinchao0
0.006837606837606838,0.023443223443223443,0.03418803418803419,0.01221001221001221,0.00463980463980464,10.63,-51.31,63.88,xinchao0
0.006837606837606838,0.022954822954822957,0.03394383394383394,0.01221001221001221,0.004884004884004884,22.19,-50.5,83.19,xinchao0
0.006837606837606838,0.02271062271062271,0.0336996336996337,0.011965811965811967,0.004884004884004884,21.37,-51.69,84.19,xinchao0
0.006593406593406593,0.02271062271062271,0.03296703296703297,0.011965811965811967,0.004884004884004884,10.69,-52.44,70.25,xinchao0
0.006593406593406593,0.02271062271062271,0.03223443223443224,0.011965811965811967,0.004884004884004884,358.37,-47.94,51.06,xinchao0
0.006349206349206349,0.02271062271062271,0.031746031746031744,0.011965811965811967,0.004884004884004884,353.19,-45.69,45.5,xinchao0
0.006349206349206349,0.022466422466422466,0.03125763125763126,0.011965811965811967,0.003907203907203907,357.31,-47.81,54.06,xinchao0
0.006105006105006105,0.022222222222222223,0.031013431013431014,0.01221001221001221,0.0031746031746031746,7.5,-49.63,66.31,xinchao0
0.006105006105006105,0.02197802197802198,0.03076923076923077,0.01221001221001221,0.002686202686202686,13.94,-49.31,80.5,xinchao0
0.006105006105006105,0.021733821733821733,0.03028083028083028,0.01221001221001221,0.0009768009768009768,16.31,-47.31,95.0,xinchao0
0.006349206349206349,0.021733821733821733,0.03028083028083028,0.01221001221001221,0.0,11.81,-50.88,85.5,xinchao0
0.006593406593406593,0.021733821733821733,0.030036630036630037,0.011965811965811967,0.0007326007326007326,359.5,-51.5,54.25,xinchao0
0.006593406593406593,0.021733821733821733,0.030036630036630037,0.011965811965811967,0.001221001221001221,352.0,-47.88,31.81,xinchao0
0.006837606837606838,0.021733821733821733,0.030036630036630037,0.011965811965811967,0.0004884004884004884,355.25,-49.75,40.69,xinchao0
0.006837606837606838,0.021733821733821733,0.03028083028083028,0.011965811965811967,0.0,4.56,-52.38,59.06,xinchao0
0.007081807081807082,0.021733821733821733,0.030525030525030524,0.011965811965811967,0.0002442002442002442,14.5,-51.94,79.94,xinchao0
0.007081807081807082,0.02197802197802198,0.030525030525030524,0.011965811965811967,0.0017094017094017094,20.87,-50.25,91.31,xinchao0
0.007081807081807082,0.022222222222222223,0.030525030525030524,0.011965811965811967,0.002686202686202686,18.37,-51.44,86.19,xinchao0
0.007081807081807082,0.022466422466422466,0.030036630036630037,0.011965811965811967,0.003418803418803419,10.19,-52.94,68.0,xinchao0
0.006837606837606838,0.022466422466422466,0.030036630036630037,0.011965811965811967,0.004151404151404151,358.0,-48.94,40.88,xinchao0
0.006837606837606838,0.022466422466422466,0.029548229548229547,0.011965811965811967,0.004395604395604396,354.37,-45.94,31.44,xinchao0
0.006837606837606838,0.02197802197802198,0.029304029304029304,0.011965811965811967,0.00463980463980464,358.0,-47.13,37.44,xinchao0
0.006593406593406593,0.021733821733821733,0.02905982905982906,0.011965811965811967,0.003663003663003663,7.94,-51.19,53.19,xinchao0
0.006593406593406593,0.02148962148962149,0.02905982905982906,0.011965811965811967,0.0029304029304029304,18.0,-51.56,75.44,xinchao0
0.006593406593406593,0.02148962148962149,0.028815628815628817,0.011965811965811967,0.001221001221001221,23.62,-51.0,85.5,xinchao0
0.006593406593406593,0.021733821733821733,0.028815628815628817,0.011965811965811967,0.0,20.62,-52.13,81.31,xinchao0
0.006349206349206349,0.02197802197802198,0.028327228327228327,0.011965811965811967,0.0007326007326007326,8.13,-52.81,59.44,xinchao0
0.006349206349206349,0.02197802197802198,0.02783882783882784,0.011965811965811967,0.0002442002442002442,356.25,-48.0,32.38,xinchao0
0.006349206349206349,0.02197802197802198,0.027594627594627594,0.011965811965811967,0.0002442002442002442,353.19,-43.63,25.31,xinchao0
0.006593406593406593,0.021733821733821733,0.026862026862026864,0.011965811965811967,0.0004884004884004884,359.56,-47.63,36.56,xinchao0
0.006593406593406593,0.021245421245421246,0.026617826617826617,0.011965811965811967,0.0019536019536019536,10.56,-52.25,54.0,xinchao0
0.006593406593406593,0.020757020757020756,0.02612942612942613,0.011965811965811967,0.0029304029304029304,19.5,-53.06,69.87,xinchao0
0.006593406593406593,0.020024420024420026,0.025152625152625153,0.011965811965811967,0.003418803418803419,24.56,-50.75,87.69,xinchao0
0.006593406593406593,0.019536019536019536,0.024664224664224663,0.011965811965811967,0.003907203907203907,21.62,-49.31,90.5,xinchao0
0.006349206349206349,0.019291819291819293,0.024175824175824177,0.011965811965811967,0.004151404151404151,14.13,-51.5,69.94,xinchao0
0.006349206349206349,0.018803418803418803,0.023931623931623933,0.011965811965811967,0.004395604395604396,1.56,-48.63,41.56,xinchao0
0.006349206349206349,0.01855921855921856,0.023931623931623933,0.011965811965811967,0.00463980463980464,356.75,-43.19,27.37,xinchao0
0.006349206349206349,0.018315018315018316,0.024664224664224663,0.01221001221001221,0.00463980463980464,358.87,-44.81,29.5,xinchao0
0.006349206349206349,0.018070818070818073,0.025152625152625153,0.01221001221001221,0.003663003663003663,7.56,-50.0,47.5,xinchao0
0.006349206349206349,0.018070818070818073,0.02564102564102564,0.01221001221001221,0.0017094017094017094,17.62,-48.44,72.06,xinchao0
0.006593406593406593,0.017826617826617826,0.025885225885225887,0.01221001221001221,0.0004884004884004884,23.5,-44.75,86.62,xinchao0
0.006593406593406593,0.018070818070818073,0.02612942612942613,0.01221001221001221,0.0004884004884004884,23.56,-44.88,85.12,xinchao0
0.006349206349206349,0.018315018315018316,0.02612942612942613,0.011965811965811967,0.0009768009768009768,16.37,-47.88,68.94,xinchao0
0.006349206349206349,0.01855921855921856,0.02612942612942613,0.011965811965811967,0.0014652014652014652,2.19,-45.13,46.25,xinchao0
0.006105006105006105,0.018803418803418803,0.02612942612942613,0.011965811965811967,0.0019536019536019536,353.5,-39.56,27.94,xinchao0
0.006105006105006105,0.01855921855921856,0.026373626373626374,0.011965811965811967,0.0019536019536019536,352.94,-39.06,27.0,xinchao0
0.006105006105006105,0.018315018315018316,0.026373626373626374,0.01221001221001221,0.002197802197802198,359.5,-44.19,36.19,xinchao0
0.006349206349206349,0.018070818070818073,0.026617826617826617,0.01221001221001221,0.002197802197802198,10.0,-49.56,55.13,xinchao0
0.006349206349206349,0.017826617826617826,0.026862026862026864,0.01221001221001221,0.001221001221001221,18.94,-48.94,78.25,xinchao0
0.006593406593406593,0.018070818070818073,0.027106227106227107,0.01221001221001221,0.0004884004884004884,24.25,-46.38,91.81,xinchao0
0.006593406593406593,0.018315018315018316,0.02735042735042735,0.01221001221001221,0.001221001221001221,21.81,-47.81,87.44,xinchao0
0.006593406593406593,0.018803418803418803,0.027594627594627594,0.011965811965811967,0.002442002442002442,13.31,-50.19,67.44,xinchao0
0.006593406593406593,0.019291819291819293,0.02783882783882784,0.011965811965811967,0.0031746031746031746,3.06,-45.81,39.38,xinchao0
0.006593406593406593,0.019536019536019536,0.028083028083028084,0.011965811965811967,0.003663003663003663,358.0,-40.31,25.94,xinchao0
0.006593406593406593,0.019291819291819293,0.02857142857142857,0.011965811965811967,0.0029304029304029304,0.19,-43.06,30.87,xinchao0
0.006593406593406593,0.019291819291819293,0.028815628815628817,0.01221001221001221,0.001221001221001221,9.38,-51.38,45.19,xinchao0
0.006593406593406593,0.01904761904761905,0.029304029304029304,0.01221001221001221,0.0002442002442002442,19.31,-54.38,72.31,xinchao0
0.006593406593406593,0.01904761904761905,0.029548229548229547,0.01221001221001221,0.0007326007326007326,23.81,-53.0,89.44,xinchao0
0.006593406593406593,0.019291819291819293,0.029792429792429794,0.01221001221001221,0.001221001221001221,18.12,-54.25,76.5,xinchao0
0.006593406593406593,0.020024420024420026,0.030036630036630037,0.01221001221001221,0.0004884004884004884,6.56,-47.63,45.94,xinchao0
0.006593406593406593,0.020512820512820513,0.030525030525030524,0.01221001221001221,0.0,2.44,-40.56,31.75,xinchao0
0.006837606837606838,0.020757020757020756,0.031013431013431014,0.01221001221001221,0.0004884004884004884,7.56,-40.88,38.25,xinchao0
0.006837606837606838,0.020757020757020756,0.0315018315018315,0.01221001221001221,0.0007326007326007326,17.44,-44.75,47.69,xinchao0
0.006837606837606838,0.020757020757020756,0.031746031746031744,0.01221001221001221,0.0019536019536019536,27.25,-47.38,61.88,xinchao0
0.006837606837606838,0.020757020757020756,0.03199023199023199,0.01221001221001221,0.0029304029304029304,37.44,-47.5,76.44,xinchao0
0.006837606837606838,0.020757020757020756,0.03199023199023199,0.01221001221001221,0.003418803418803419,42.44,-45.75,78.56,xinchao0
0.006837606837606838,0.021001221001221003,0.03223443223443224,0.01221001221001221,0.003907203907203907,33.88,-43.69,59.88,xinchao0
0.006837606837606838,0.021245421245421246,0.03247863247863248,0.01221001221001221,0.004395604395604396,22.75,-33.31,37.13,xinchao0
0.006593406593406593,0.02148962148962149,0.032722832722832725,0.01221001221001221,0.00463980463980464,18.69,-28.44,24.69,xinchao0
0.006349206349206349,0.021733821733821733,0.032722832722832725,0.012454212454212455,0.004884004884004884,21.94,-30.69,24.75,xinchao0
0.006349206349206349,0.02148962148962149,0.03296703296703297,0.012454212454212455,0.004884004884004884,30.0,-39.25,37.06,xinchao0
0.006105006105006105,0.02148962148962149,0.03321123321123321,0.012698412698412698,0.005128205128205128,33.44,-46.81,53.19,xinchao0
0.006105006105006105,0.021245421245421246,0.03321123321123321,0.012698412698412698,0.005128205128205128,37.31,-49.25,64.44,xinchao0
0.006105006105006105,0.02148962148962149,0.03321123321123321,0.012698412698412698,0.003907203907203907,37.13,-48.56,58.88,xinchao0
0.005860805860805861,0.02148962148962149,0.03321123321123321,0.012698412698412698,0.0031746031746031746,31.06,-43.38,47.06,xinchao0
0.005860805860805861,0.021733821733821733,0.03321123321123321,0.012454212454212455,0.0014652014652014652,24.44,-37.81,33.13,xinchao0
0.005616605616605617,0.021733821733821733,0.03321123321123321,0.012454212454212455,0.0002442002442002442,20.62,-37.19,26.81,xinchao0
0.005616605616605617,0.021245421245421246,0.033455433455433455,0.012454212454212455,0.0007326007326007326,22.69,-40.88,31.25,xinchao0
0.005616605616605617,0.021001221001221003,0.033455433455433455,0.012454212454212455,0.0,28.0,-45.44,43.44,xinchao0
0.005616605616605617,0.020757020757020756,0.033455433455433455,0.012454212454212455,0.0002442002442002442,31.5,-47.31,57.5,xinchao0
0.005860805860805861,0.020757020757020756,0.033455433455433455,0.01221001221001221,0.0017094017094017094,33.63,-47.63,68.62,xinchao0
0.005860805860805861,0.020757020757020756,0.033455433455433455,0.011965811965811967,0.002686202686202686,33.88,-48.31,68.31,xinchao0
0.005860805860805861,0.020757020757020756,0.03296703296703297,0.011721611721611722,0.003418803418803419,28.19,-47.44,57.06,xinchao0
0.005860805860805861,0.020757020757020756,0.032722832722832725,0.011721611721611722,0.003907203907203907,20.12,-43.0,38.56,xinchao0
0.005860805860805861,0.020757020757020756,0.03247863247863248,0.011477411477411478,0.004395604395604396,14.31,-39.56,25.31,xinchao0
0.005860805860805861,0.020757020757020756,0.03223443223443224,0.011721611721611722,0.00463980463980464,13.38,-40.0,24.37,xinchao0
0.005860805860805861,0.020512820512820513,0.03247863247863248,0.011965811965811967,0.00463980463980464,18.69,-45.81,32.94,xinchao0
0.006105006105006105,0.020512820512820513,0.032722832722832725,0.01221001221001221,0.004884004884004884,28.5,-49.75,45.5,xinchao0
0.007326007326007326,0.021733821733821733,0.03467643467643468,0.012698412698412698,0.003663003663003663,36.38,-50.19,55.69,xinchao0
0.008791208791208791,0.02442002442002442,0.037606837606837605,0.01391941391941392,0.0029304029304029304,35.81,-49.31,54.38,xinchao0
0.009523809523809525,0.026862026862026864,0.040293040293040296,0.01562881562881563,0.002442002442002442,28.5,-45.56,42.38,xinchao0
0.010256410256410256,0.028815628815628817,0.04297924297924298,0.017826617826617826,0.002197802197802198,21.12,-38.75,31.25,xinchao0
0.010500610500610501,0.03028083028083028,0.045177045177045176,0.02026862026862027,0.0019536019536019536,16.37,-33.5,25.94,xinchao0
0.010744810744810745,0.03125763125763126,0.046886446886446886,0.02197802197802198,0.0017094017094017094,17.94,-36.06,28.25,xinchao0
0.01098901098901099,0.03199023199023199,0.04786324786324787,0.0231990231990232,0.0017094017094017094,25.0,-42.19,35.75,xinchao0
0.01098901098901099,0.03247863247863248,0.0485958485958486,0.024175824175824177,0.0014652014652014652,33.25,-46.31,47.19,xinchao0
0.011233211233211233,0.032722832722832725,0.04908424908424908,0.02490842490842491,0.002686202686202686,36.06,-46.0,55.69,xinchao0
0.011233211233211233,0.03296703296703297,0.04932844932844933,0.025152625152625153,0.003418803418803419,28.37,-41.75,44.5,xinchao0
0.011477411477411478,0.03321123321123321,0.04932844932844933,0.025396825396825397,0.003907203907203907,17.06,-32.19,25.37,xinchao0
0.011477411477411478,0.03247863247863248,0.0485958485958486,0.025152625152625153,0.004151404151404151,8.06,-23.0,15.19,xinchao0
0.011721611721611722,0.0315018315018315,0.04786324786324787,0.024664224664224663,0.00463980463980464,7.62,-23.56,16.94,xinchao0
0.01221001221001221,0.03076923076923077,0.04737484737484737,0.0231990231990232,0.00463980463980464,14.81,-30.94,22.87,xinchao0
0.012454212454212455,0.03028083028083028,0.046886446886446886,0.02148962148962149,0.004884004884004884,25.19,-39.5,35.25,xinchao0
0.012698412698412698,0.03028083028083028,0.046886446886446886,0.020024420024420026,0.005128205128205128,33.06,-43.88,48.81,xinchao0
0.012454212454212455,0.03028083028083028,0.046886446886446886,0.018803418803418803,0.005128205128205128,33.75,-43.75,51.44,xinchao0
0.011965811965811967,0.03028083028083028,0.046886446886446886,0.018070818070818073,0.005128205128205128,24.75,-38.81,38.69,xinchao0
0.011721611721611722,0.03028083028083028,0.046153846153846156,0.017582417582417582,0.005128205128205128,14.88,-31.5,25.19,xinchao0
0.011477411477411478,0.029304029304029304,0.04493284493284493,0.01733821733821734,0.005128205128205128,10.25,-29.19,19.94,xinchao0
0.011233211233211233,0.028815628815628817,0.04395604395604396,0.017094017094017096,0.003907203907203907,11.69,-33.38,23.94,xinchao0
0.01098901098901099,0.028327228327228327,0.04322344322344322,0.01684981684981685,0.0031746031746031746,19.56,-40.5,32.0,xinchao0
0.010500610500610501,0.028327228327228327,0.042735042735042736,0.016605616605616606,0.002442002442002442,29.87,-45.56,48.0,xinchao0
0.010012210012210013,0.028327228327228327,0.04249084249084249,0.016605616605616606,0.0019536019536019536,36.94,-47.06,63.31,xinchao0
0.009768009768009768,0.02857142857142857,0.04224664224664225,0.016605616605616606,0.0029304029304029304,36.25,-46.94,66.94,xinchao0
0.009523809523809525,0.02857142857142857,0.04151404151404151,0.016605616605616606,0.003663003663003663,25.06,-44.75,53.06,xinchao0
0.00927960927960928,0.028815628815628817,0.04078144078144078,0.016605616605616606,0.004151404151404151,12.06,-37.63,31.81,xinchao0
0.00927960927960928,0.02857142857142857,0.040293040293040296,0.01684981684981685,0.005616605616605617,5.06,-31.12,21.37,xinchao0
0.009035409035409036,0.02783882783882784,0.0398046398046398,0.017094017094017096,0.006593406593406593,7.31,-33.63,23.75,xinchao0
0.008791208791208791,0.02735042735042735,0.0398046398046398,0.017094017094017096,0.007326007326007326,19.19,-41.81,41.25,xinchao0
0.008547008547008548,0.026862026862026864,0.03956043956043956,0.017094017094017096,0.006593406593406593,33.56,-44.81,65.81,xinchao0
0.008302808302808303,0.026617826617826617,0.03956043956043956,0.01684981684981685,0.006105006105006105,43.38,-42.69,80.69,xinchao0
0.008302808302808303,0.026862026862026864,0.03956043956043956,0.01684981684981685,0.00463980463980464,37.44,-43.94,72.5,xinchao0
0.00805860805860806,0.02735042735042735,0.03956043956043956,0.016605616605616606,0.003663003663003663,26.0,-42.25,51.06,xinchao0
0.00805860805860806,0.027594627594627594,0.0398046398046398,0.016605616605616606,0.0029304029304029304,14.38,-35.06,30.37,xinchao0
0.007814407814407814,0.028083028083028084,0.041025641025641026,0.017094017094017096,0.002197802197802198,8.81,-28.94,24.69,xinchao0
0.007814407814407814,0.02857142857142857,0.04322344322344322,0.018315018315018316,0.0019536019536019536,8.81,-28.69,27.44,xinchao0
0.007814407814407814,0.029304029304029304,0.04542124542124542,0.01904761904761905,0.0017094017094017094,10.44,-29.81,29.44,xinchao0
0.007814407814407814,0.030036630036630037,0.046886446886446886,0.01978021978021978,0.0014652014652014652,12.81,-30.19,31.19,xinchao0
0.007814407814407814,0.03076923076923077,0.04835164835164835,0.020024420024420026,0.0014652014652014652,14.69,-30.75,32.81,xinchao0
0.007814407814407814,0.03125763125763126,0.04957264957264957,0.020512820512820513,0.001221001221001221,17.37,-33.06,36.06,xinchao0
0.007814407814407814,0.0315018315018315,0.05030525030525031,0.02026862026862027,0.001221001221001221,21.44,-36.75,41.13,xinchao0
0.007326007326007326,0.030525030525030524,0.04468864468864469,0.007081807081807082,0.002442002442002442,26.44,-40.25,45.5,xinchao0
0.006593406593406593,0.02442002442002442,0.03467643467643468,0.012698412698412698,0.003418803418803419,33.19,-43.75,51.19,xinchao0
0.006349206349206349,0.01684981684981685,0.02490842490842491,0.026373626373626374,0.003907203907203907,39.38,-44.81,60.63,xinchao0
0.005860805860805861,0.011477411477411478,0.017826617826617826,0.036141636141636145,0.004395604395604396,37.94,-45.44,62.25,xinchao0
0.005616605616605617,0.00757020757020757,0.012942612942612943,0.04249084249084249,0.00463980463980464,26.12,-44.81,49.5,xinchao0
0.005372405372405372,0.00463980463980464,0.010256410256410256,0.04493284493284493,0.00463980463980464,13.19,-39.75,32.75,xinchao0
0.005128205128205128,0.0031746031746031746,0.009523809523809525,0.044444444444444446,0.004884004884004884,4.5,-32.38,20.87,xinchao0
0.005128205128205128,0.002197802197802198,0.00927960927960928,0.04297924297924298,0.004884004884004884,8.44,-33.31,25.25,xinchao0
0.005128205128205128,0.0017094017094017094,0.00927960927960928,0.04126984126984127,0.004884004884004884,20.81,-38.19,41.31,xinchao0
0.005128205128205128,0.0014652014652014652,0.009768009768009768,0.03956043956043956,0.004884004884004884,29.12,-39.06,47.06,xinchao0
0.005128205128205128,0.0014652014652014652,0.009768009768009768,0.0380952380952381,0.004884004884004884,32.63,-38.81,47.63,xinchao0
0.004884004884004884,0.0014652014652014652,0.010256410256410256,0.036874236874236875,0.004884004884004884,29.75,-37.88,43.81,xinchao0
0.004884004884004884,0.0014652014652014652,0.010500610500610501,0.03565323565323565,0.004884004884004884,21.44,-35.13,31.0,xinchao0
0.00463980463980464,0.0014652014652014652,0.010744810744810745,0.034432234432234435,0.004884004884004884,14.44,-31.0,21.81,xinchao0
0.00463980463980464,0.0014652014652014652,0.010744810744810745,0.033455433455433455,0.004884004884004884,10.31,-27.87,15.44,xinchao0
0.00463980463980464,0.0014652014652014652,0.01098901098901099,0.03247863247863248,0.004884004884004884,11.13,-28.69,16.44,xinchao0
0.004884004884004884,0.001221001221001221,0.01098901098901099,0.031746031746031744,0.005128205128205128,14.44,-31.06,20.19,xinchao0
0.004884004884004884,0.0009768009768009768,0.01098901098901099,0.031013431013431014,0.006349206349206349,18.0,-32.5,21.25,xinchao0
0.004884004884004884,0.0009768009768009768,0.010744810744810745,0.03028083028083028,0.007081807081807082,19.5,-31.81,16.0,xinchao0
0.004884004884004884,0.0007326007326007326,0.010256410256410256,0.029792429792429794,0.00757020757020757,19.19,-28.37,7.87,xinchao0
0.00463980463980464,0.0004884004884004884,0.010012210012210013,0.029304029304029304,0.00805860805860806,17.5,-27.37,2.94,xinchao0
0.00463980463980464,0.0002442002442002442,0.009768009768009768,0.02857142857142857,0.008302808302808303,16.06,-27.69,1.25,xinchao0
0.00463980463980464,0.0007326007326007326,0.009768009768009768,0.028083028083028084,0.008547008547008548,15.69,-29.31,0.44,xinchao0
0.004884004884004884,0.0009768009768009768,0.009523809523809525,0.027594627594627594,0.008791208791208791,15.88,-30.44,0.81,xinchao0
0.004884004884004884,0.001221001221001221,0.009523809523809525,0.027106227106227107,0.008791208791208791,16.12,-30.62,1.94,xinchao0
0.004884004884004884,0.001221001221001221,0.008547008547008548,0.026617826617826617,0.007814407814407814,16.69,-28.5,5.56,xinchao0
0.004884004884004884,0.001221001221001221,0.00805860805860806,0.026373626373626374,0.007081807081807082,17.62,-27.75,4.44,xinchao0
0.005128205128205128,0.001221001221001221,0.00757020757020757,0.02612942612942613,0.006349206349206349,21.12,-30.69,4.62,xinchao0
0.005128205128205128,0.0007326007326007326,0.00757020757020757,0.02564102564102564,0.006105006105006105,29.06,-38.75,11.19,xinchao0
0.005128205128205128,0.0004884004884004884,0.007814407814407814,0.02564102564102564,0.005616605616605617,38.56,-49.31,32.56,xinchao0
0.005372405372405372,0.0002442002442002442,0.007814407814407814,0.025396825396825397,0.005372405372405372,48.56,-50.19,57.88,xinchao0
0.005372405372405372,0.0,0.006837606837606838,0.02564102564102564,0.005372405372405372,52.75,-47.0,68.37,xinchao0
0.005372405372405372,0.0009768009768009768,0.006349206349206349,0.025885225885225887,0.005372405372405372,45.88,-46.25,62.44,xinchao0
0.005372405372405372,0.0017094017094017094,0.005860805860805861,0.02612942612942613,0.005372405372405372,30.06,-44.94,41.38,xinchao0
0.005128205128205128,0.002686202686202686,0.005860805860805861,0.025885225885225887,0.005372405372405372,17.25,-37.0,21.87,xinchao0
0.005128205128205128,0.003907203907203907,0.006349206349206349,0.02564102564102564,0.005372405372405372,14.88,-35.44,17.19,xinchao0
0.005128205128205128,0.005616605616605617,0.00757020757020757,0.02442002442002442,0.005372405372405372,23.69,-43.31,29.62,xinchao0
0.005372405372405372,0.00757020757020757,0.009768009768009768,0.022954822954822957,0.005372405372405372,35.44,-47.56,50.63,xinchao0
0.005372405372405372,0.009523809523809525,0.011721611721611722,0.021733821733821733,0.005372405372405372,45.25,-46.5,67.75,xinchao0
0.005372405372405372,0.011233211233211233,0.013186813186813187,0.020757020757020756,0.005372405372405372,41.88,-47.06,64.25,xinchao0
0.005372405372405372,0.012454212454212455,0.014407814407814409,0.01978021978021978,0.005372405372405372,27.25,-45.44,43.25,xinchao0
0.005372405372405372,0.013431013431013432,0.01562881562881563,0.018803418803418803,0.005372405372405372,14.63,-37.81,22.12,xinchao0
0.005372405372405372,0.014163614163614164,0.016605616605616606,0.018315018315018316,0.004151404151404151,12.5,-35.75,17.62,xinchao0
0.005372405372405372,0.014407814407814409,0.01733821733821734,0.017826617826617826,0.0031746031746031746,23.12,-42.81,33.69,xinchao0
0.005372405372405372,0.014652014652014652,0.018070818070818073,0.017582417582417582,0.002686202686202686,36.31,-45.38,64.56,xinchao0
0.005372405372405372,0.014652014652014652,0.018315018315018316,0.017582417582417582,0.002197802197802198,44.56,-43.81,77.94,xinchao0
0.005372405372405372,0.014896214896214897,0.018803418803418803,0.01733821733821734,0.0019536019536019536,38.25,-45.38,68.94,xinchao0
0.005372405372405372,0.015384615384615385,0.01904761904761905,0.01733821733821734,0.0029304029304029304,21.75,-42.31,40.88,xinchao0
0.005372405372405372,0.01562881562881563,0.019291819291819293,0.016605616605616606,0.003418803418803419,14.06,-36.81,20.81,xinchao0
0.005372405372405372,0.01562881562881563,0.01978021978021978,0.016361416361416362,0.003907203907203907,19.5,-39.69,33.0,xinchao0
0.005372405372405372,0.01514041514041514,0.020024420024420026,0.01611721611721612,0.004395604395604396,32.0,-44.0,60.44,xinchao0
0.005372405372405372,0.014896214896214897,0.02026862026862027,0.015873015873015872,0.004395604395604396,43.25,-42.5,79.87,xinchao0
0.005128205128205128,0.014652014652014652,0.02026862026862027,0.015873015873015872,0.00463980463980464,44.13,-42.69,80.06,xinchao0
0.005128205128205128,0.014896214896214897,0.02026862026862027,0.01562881562881563,0.00463980463980464,31.44,-45.06,59.25,xinchao0
0.005128205128205128,0.01514041514041514,0.020512820512820513,0.01562881562881563,0.003663003663003663,16.31,-39.69,32.63,xinchao0
0.005128205128205128,0.01514041514041514,0.020512820512820513,0.015384615384615385,0.0029304029304029304,13.44,-39.25,25.94,xinchao0
0.005128205128205128,0.01514041514041514,0.020512820512820513,0.01514041514041514,0.002442002442002442,23.19,-44.19,49.75,xinchao0
0.005128205128205128,0.014407814407814409,0.020512820512820513,0.01514041514041514,0.0019536019536019536,33.31,-42.63,75.94,xinchao0
0.005128205128205128,0.01391941391941392,0.02026862026862027,0.01514041514041514,0.0017094017094017094,27.0,-42.0,64.69,xinchao0
0.005372405372405372,0.013431013431013432,0.020024420024420026,0.01514041514041514,0.0017094017094017094,20.69,-38.81,39.81,xinchao0
0.005372405372405372,0.012942612942612943,0.01978021978021978,0.01514041514041514,0.0014652014652014652,21.75,-36.81,43.5,xinchao0
0.005616605616605617,0.012698412698412698,0.019536019536019536,0.01514041514041514,0.0014652014652014652,27.0,-33.56,53.06,xinchao0
0.005860805860805861,0.01221001221001221,0.018803418803418803,0.015384615384615385,0.0014652014652014652,27.5,-29.81,54.75,xinchao0
0.005860805860805861,0.011721611721611722,0.017826617826617826,0.015384615384615385,0.001221001221001221,27.5,-32.44,54.31,xinchao0
0.006105006105006105,0.01098901098901099,0.01684981684981685,0.01562881562881563,0.001221001221001221,30.12,-37.69,61.5,xinchao0
0.006105006105006105,0.010744810744810745,0.016361416361416362,0.015873015873015872,0.001221001221001221,33.38,-40.0,67.56,xinchao0
0.006105006105006105,0.010256410256410256,0.015873015873015872,0.015873015873015872,0.002442002442002442,19.19,-38.63,47.44,xinchao0
0.005860805860805861,0.010500610500610501,0.015873015873015872,0.01562881562881563,0.0031746031746031746,9.13,-33.31,24.94,xinchao0
0.005860805860805861,0.010500610500610501,0.016361416361416362,0.01562881562881563,0.003663003663003663,13.88,-37.25,35.81,xinchao0
0.005616605616605617,0.010744810744810745,0.016605616605616606,0.015873015873015872,0.004151404151404151,24.19,-41.5,61.38,xinchao0
0.005616605616605617,0.01098901098901099,0.01684981684981685,0.015873015873015872,0.004395604395604396,32.63,-42.5,74.75,xinchao0
0.005616605616605617,0.011233211233211233,0.017094017094017096,0.01611721611721612,0.003418803418803419,23.56,-43.5,60.31,xinchao0
0.005616605616605617,0.011233211233211233,0.017094017094017096,0.01611721611721612,0.0029304029304029304,9.38,-37.56,33.56,xinchao0
0.005372405372405372,0.011233211233211233,0.017094017094017096,0.01611721611721612,0.002442002442002442,5.19,-36.06,23.87,xinchao0
0.005372405372405372,0.011233211233211233,0.017582417582417582,0.01562881562881563,0.0019536019536019536,11.94,-42.63,35.06,xinchao0
0.005372405372405372,0.011233211233211233,0.017826617826617826,0.015384615384615385,0.0017094017094017094,23.5,-47.44,64.56,xinchao0
0.005616605616605617,0.011477411477411478,0.018315018315018316,0.01514041514041514,0.002686202686202686,31.12,-47.31,78.19,xinchao0
0.005616605616605617,0.011721611721611722,0.018803418803418803,0.014896214896214897,0.003418803418803419,22.81,-47.94,61.81,xinchao0
0.005616605616605617,0.011965811965811967,0.019291819291819293,0.014652014652014652,0.003907203907203907,8.88,-39.88,32.81,xinchao0
0.005616605616605617,0.01221001221001221,0.01978021978021978,0.014407814407814409,0.004395604395604396,5.5,-37.94,16.56,xinchao0
0.005616605616605617,0.012454212454212455,0.020024420024420026,0.014163614163614164,0.00463980463980464,12.63,-44.44,28.56,xinchao0
0.005616605616605617,0.012454212454212455,0.020512820512820513,0.013675213675213675,0.004884004884004884,22.0,-50.5,56.94,xinchao0
0.005616605616605617,0.012454212454212455,0.021245421245421246,0.013431013431013432,0.006105006105006105,29.37,-50.56,80.44,xinchao0
0.005616605616605617,0.013186813186813187,0.022222222222222223,0.012698412698412698,0.006837606837606838,25.56,-49.88,75.06,xinchao0
0.005616605616605617,0.014407814407814409,0.023687423687423687,0.011477411477411478,0.006349206349206349,14.38,-41.25,48.13,xinchao0
0.005860805860805861,0.015873015873015872,0.025396825396825397,0.009523809523809525,0.006105006105006105,11.0,-35.5,24.12,xinchao0
0.006105006105006105,0.017094017094017096,0.028083028083028084,0.007326007326007326,0.00463980463980464,14.25,-40.75,32.69,xinchao0
0.006349206349206349,0.018315018315018316,0.03028083028083028,0.005616605616605617,0.003663003663003663,22.06,-49.06,49.75,xinchao0
0.006593406593406593,0.01904761904761905,0.03199023199023199,0.004395604395604396,0.0029304029304029304,26.56,-52.94,60.94,xinchao0
0.006593406593406593,0.019536019536019536,0.03296703296703297,0.003663003663003663,0.002442002442002442,22.0,-51.69,52.44,xinchao0
0.006837606837606838,0.01978021978021978,0.0336996336996337,0.0031746031746031746,0.0019536019536019536,9.44,-37.13,27.0,xinchao0
0.006837606837606838,0.020024420024420026,0.03394383394383394,0.0029304029304029304,0.0017094017094017094,7.62,-33.0,14.81,xinchao0
0.006837606837606838,0.02026862026862027,0.0336996336996337,0.002686202686202686,0.002686202686202686,15.38,-40.25,31.62,xinchao0
0.006837606837606838,0.019536019536019536,0.0336996336996337,0.0029304029304029304,0.003418803418803419,27.94,-47.75,56.25,xinchao0
0.006837606837606838,0.019291819291819293,0.0336996336996337,0.003418803418803419,0.003907203907203907,35.44,-47.56,70.87,xinchao0
0.006837606837606838,0.018803418803418803,0.03296703296703297,0.003907203907203907,0.004395604395604396,29.19,-46.81,58.81,xinchao0
0.006593406593406593,0.018803418803418803,0.03247863247863248,0.004151404151404151,0.00463980463980464,16.12,-38.19,38.38,xinchao0
0.006349206349206349,0.018803418803418803,0.03223443223443224,0.004151404151404151,0.004884004884004884,7.06,-28.19,27.81,xinchao0
0.006349206349206349,0.018803418803418803,0.03199023199023199,0.003907203907203907,0.003663003663003663,4.81,-27.44,34.81,xinchao0
0.006349206349206349,0.01855921855921856,0.03199023199023199,0.003907203907203907,0.0019536019536019536,6.31,-32.0,41.44,xinchao0
0.006593406593406593,0.017826617826617826,0.031746031746031744,0.003907203907203907,0.0004884004884004884,11.81,-37.44,46.0,xinchao0
0.006593406593406593,0.01733821733821734,0.0315018315018315,0.003907203907203907,0.0004884004884004884,21.25,-43.88,56.0,xinchao0
0.006593406593406593,0.01684981684981685,0.03125763125763126,0.003907203907203907,0.0009768009768009768,28.81,-44.19,68.37,xinchao0
0.006349206349206349,0.016361416361416362,0.03028083028083028,0.004151404151404151,0.0004884004884004884,23.56,-43.81,65.37,xinchao0
0.006349206349206349,0.01611721611721612,0.029548229548229547,0.004151404151404151,0.0,5.94,-37.81,46.0,xinchao0
0.006105006105006105,0.015873015873015872,0.029304029304029304,0.004151404151404151,0.0004884004884004884,356.0,-32.69,28.94,xinchao0
0.006105006105006105,0.015873015873015872,0.02905982905982906,0.004151404151404151,0.0017094017094017094,1.69,-37.38,38.13,xinchao0
0.006349206349206349,0.01514041514041514,0.02905982905982906,0.004151404151404151,0.002686202686202686,15.38,-44.25,56.69,xinchao0
0.006349206349206349,0.014652014652014652,0.02905982905982906,0.004151404151404151,0.003418803418803419,27.0,-45.69,73.56,xinchao0
0.006349206349206349,0.014407814407814409,0.02857142857142857,0.004395604395604396,0.004151404151404151,25.44,-46.25,73.56,xinchao0
0.006105006105006105,0.014896214896214897,0.028327228327228327,0.004395604395604396,0.004395604395604396,11.25,-43.19,54.25,xinchao0
0.005860805860805861,0.015384615384615385,0.028083028083028084,0.00463980463980464,0.00463980463980464,0.31,-36.81,33.56,xinchao0
0.005860805860805861,0.01562881562881563,0.028327228327228327,0.004151404151404151,0.00463980463980464,2.87,-38.44,34.5,xinchao0
0.005616605616605617,0.01562881562881563,0.028327228327228327,0.004151404151404151,0.004884004884004884,16.56,-45.0,49.31,xinchao0
0.005616605616605617,0.01562881562881563,0.028327228327228327,0.003907203907203907,0.003663003663003663,29.5,-47.75,65.87,xinchao0
0.005616605616605617,0.01562881562881563,0.028327228327228327,0.003907203907203907,0.0029304029304029304,30.56,-48.5,70.69,xinchao0
0.005616605616605617,0.015873015873015872,0.028327228327228327,0.003663003663003663,0.001221001221001221,16.44,-46.19,54.56,xinchao0
0.005616605616605617,0.01611721611721612,0.02857142857142857,0.003663003663003663,0.0002442002442002442,1.69,-38.0,31.0,xinchao0
0.005616605616605617,0.016361416361416362,0.028815628815628817,0.003663003663003663,0.0007326007326007326,359.69,-39.0,28.75,xinchao0
0.005616605616605617,0.01611721611721612,0.028815628815628817,0.003663003663003663,0.0002442002442002442,9.88,-45.69,43.13,xinchao0
0.005860805860805861,0.01611721611721612,0.02905982905982906,0.003663003663003663,0.0002442002442002442,24.87,-47.5,65.81,xinchao0
0.005860805860805861,0.01611721611721612,0.028815628815628817,0.003663003663003663,0.0007326007326007326,31.12,-46.56,77.25,xinchao0
0.005860805860805861,0.01611721611721612,0.028083028083028084,0.003907203907203907,0.0019536019536019536,21.19,-47.75,66.12,xinchao0
0.005616605616605617,0.016361416361416362,0.02735042735042735,0.004151404151404151,0.0029304029304029304,5.87,-44.19,42.63,xinchao0
0.005616605616605617,0.016361416361416362,0.027106227106227107,0.004151404151404151,0.003418803418803419,359.44,-42.44,27.75,xinchao0
0.005616605616605617,0.016361416361416362,0.02735042735042735,0.003907203907203907,0.003907203907203907,4.75,-46.38,36.69,xinchao0
0.005616605616605617,0.016361416361416362,0.027594627594627594,0.003663003663003663,0.004395604395604396,18.5,-50.75,55.75,xinchao0
0.005616605616605617,0.016361416361416362,0.028083028083028084,0.003418803418803419,0.00463980463980464,31.31,-48.56,76.31,xinchao0
0.005616605616605617,0.016605616605616606,0.028327228327228327,0.003418803418803419,0.004884004884004884,28.0,-48.5,73.12,xinchao0
0.005372405372405372,0.016605616605616606,0.02783882783882784,0.003418803418803419,0.003663003663003663,12.94,-46.88,52.44,xinchao0
0.005372405372405372,0.01684981684981685,0.027594627594627594,0.003418803418803419,0.0029304029304029304,1.5,-42.31,34.44,xinchao0
0.005372405372405372,0.01684981684981685,0.027594627594627594,0.003418803418803419,0.002442002442002442,356.69,-40.13,25.56,xinchao0
0.005372405372405372,0.01684981684981685,0.02783882783882784,0.003418803418803419,0.0019536019536019536,3.44,-44.44,37.06,xinchao0
0.005616605616605617,0.01684981684981685,0.028083028083028084,0.003663003663003663,0.0029304029304029304,15.81,-47.81,58.56,xinchao0
0.005616605616605617,0.017094017094017096,0.028327228327228327,0.003663003663003663,0.003663003663003663,25.56,-45.06,77.19,xinchao0
0.005860805860805861,0.017094017094017096,0.028327228327228327,0.003907203907203907,0.004151404151404151,23.69,-46.31,72.69,xinchao0
0.005860805860805861,0.017094017094017096,0.028327228327228327,0.004395604395604396,0.005616605616605617,11.69,-46.69,52.56,xinchao0
0.005616605616605617,0.01733821733821734,0.028083028083028084,0.004395604395604396,0.006593406593406593,358.25,-40.69,31.19,xinchao0
0.005616605616605617,0.01733821733821734,0.028083028083028084,0.00463980463980464,0.007326007326007326,355.5,-39.94,28.25,xinchao0
0.005616605616605617,0.017094017094017096,0.028083028083028084,0.004395604395604396,0.007814407814407814,2.81,-46.19,39.63,xinchao0
0.005616605616605617,0.01684981684981685,0.028083028083028084,0.004151404151404151,0.00805860805860806,14.44,-50.75,61.25,xinchao0
0.005616605616605617,0.01684981684981685,0.02783882783882784,0.003907203907203907,0.008302808302808303,25.12,-49.81,81.12,xinchao0
0.005616605616605617,0.016605616605616606,0.02783882783882784,0.003907203907203907,0.008547008547008548,23.69,-50.13,81.31,xinchao0
0.005616605616605617,0.016605616605616606,0.027106227106227107,0.003907203907203907,0.008547008547008548,12.81,-50.75,60.0,xinchao0
0.005616605616605617,0.016605616605616606,0.026617826617826617,0.004151404151404151,0.008791208791208791,359.75,-45.19,33.5,xinchao0
0.005372405372405372,0.016605616605616606,0.026373626373626374,0.004151404151404151,0.008791208791208791,353.62,-40.75,23.25,xinchao0
0.005372405372405372,0.016361416361416362,0.026373626373626374,0.003907203907203907,0.00757020757020757,357.44,-45.13,28.25,xinchao0
0.005372405372405372,0.016361416361416362,0.026617826617826617,0.003663003663003663,0.005860805860805861,8.56,-52.06,46.19,xinchao0
0.005372405372405372,0.01611721611721612,0.026617826617826617,0.003418803418803419,0.004395604395604396,21.69,-52.25,73.31,xinchao0
0.005372405372405372,0.016605616605616606,0.026862026862026864,0.003418803418803419,0.003418803418803419,24.12,-51.25,78.5,xinchao0
0.005616605616605617,0.01684981684981685,0.026862026862026864,0.0031746031746031746,0.002686202686202686,14.88,-51.44,62.94,xinchao0
0.005616605616605617,0.017094017094017096,0.027106227106227107,0.0031746031746031746,0.002197802197802198,3.56,-46.63,40.69,xinchao0
0.005616605616605617,0.017094017094017096,0.027106227106227107,0.0031746031746031746,0.0019536019536019536,359.25,-44.19,32.5,xinchao0
0.005616605616605617,0.01684981684981685,0.02735042735042735,0.0029304029304029304,0.0017094017094017094,3.62,-47.5,39.69,xinchao0
0.005616605616605617,0.016605616605616606,0.02735042735042735,0.0029304029304029304,0.002686202686202686,13.88,-52.0,56.75,xinchao0
0.005616605616605617,0.016605616605616606,0.027594627594627594,0.0029304029304029304,0.003418803418803419,23.69,-50.38,77.19,xinchao0
0.005616605616605617,0.016605616605616606,0.027594627594627594,0.0029304029304029304,0.005128205128205128,27.56,-48.5,83.19,xinchao0
0.005372405372405372,0.016605616605616606,0.026862026862026864,0.0029304029304029304,0.006105006105006105,18.06,-50.25,66.94,xinchao0
0.005372405372405372,0.016605616605616606,0.026617826617826617,0.0029304029304029304,0.007081807081807082,4.25,-46.94,45.75,xinchao0
0.005128205128205128,0.016605616605616606,0.02612942612942613,0.0029304029304029304,0.005372405372405372,356.81,-43.44,33.38,xinchao0
0.005128205128205128,0.01611721611721612,0.02612942612942613,0.0029304029304029304,0.004151404151404151,357.62,-44.19,34.63,xinchao0
0.005128205128205128,0.015873015873015872,0.02612942612942613,0.002686202686202686,0.0031746031746031746,7.31,-48.13,48.88,xinchao0
0.005128205128205128,0.01562881562881563,0.02612942612942613,0.002442002442002442,0.002442002442002442,21.87,-47.5,71.37,xinchao0
0.005128205128205128,0.015384615384615385,0.02612942612942613,0.002442002442002442,0.002197802197802198,26.19,-44.38,79.94,xinchao0
0.005128205128205128,0.01562881562881563,0.025885225885225887,0.002686202686202686,0.0017094017094017094,20.0,-44.25,72.19,xinchao0
0.005128205128205128,0.01562881562881563,0.02564102564102564,0.002686202686202686,0.0004884004884004884,7.37,-42.25,52.69,xinchao0
0.005128205128205128,0.015873015873015872,0.025396825396825397,0.0029304029304029304,0.0004884004884004884,356.75,-36.5,35.44,xinchao0
0.005128205128205128,0.01562881562881563,0.025396825396825397,0.0029304029304029304,0.0,358.62,-38.75,38.94,xinchao0
0.005372405372405372,0.01514041514041514,0.025396825396825397,0.0029304029304029304,0.0004884004884004884,8.94,-44.06,50.88,xinchao0
0.005616605616605617,0.014652014652014652,0.025396825396825397,0.0031746031746031746,0.0007326007326007326,18.31,-46.88,57.75,xinchao0
0.005616605616605617,0.014407814407814409,0.02564102564102564,0.0031746031746031746,0.0009768009768009768,24.81,-47.31,65.87,xinchao0
0.005616605616605617,0.014652014652014652,0.02564102564102564,0.003418803418803419,0.002197802197802198,23.44,-46.88,67.69,xinchao0
0.005616605616605617,0.014652014652014652,0.025885225885225887,0.003418803418803419,0.0029304029304029304,13.0,-44.0,58.0,xinchao0
0.005616605616605617,0.014896214896214897,0.025885225885225887,0.003418803418803419,0.003663003663003663,1.69,-40.44,43.88,xinchao0
0.005616605616605617,0.014652014652014652,0.02612942612942613,0.003418803418803419,0.004151404151404151,359.56,-39.69,40.25,xinchao0
0.005616605616605617,0.014652014652014652,0.02612942612942613,0.003418803418803419,0.004395604395604396,7.62,-43.06,47.44,xinchao0
0.005860805860805861,0.014163614163614164,0.025885225885225887,0.003418803418803419,0.00463980463980464,17.62,-45.38,56.75,xinchao0
0.005860805860805861,0.014163614163614164,0.02564102564102564,0.003663003663003663,0.004884004884004884,22.94,-44.0,63.81,xinchao0
0.006105006105006105,0.01391941391941392,0.025152625152625153,0.003663003663003663,0.004884004884004884,16.0,-43.56,58.0,xinchao0
0.006105006105006105,0.01391941391941392,0.024664224664224663,0.003907203907203907,0.005128205128205128,2.87,-40.81,46.56,xinchao0
0.006105006105006105,0.01391941391941392,0.02442002442002442,0.003907203907203907,0.005128205128205128,355.5,-38.75,38.19,xinchao0
0.006105006105006105,0.01391941391941392,0.024175824175824177,0.003663003663003663,0.003907203907203907,357.5,-40.5,41.69,xinchao0
0.005860805860805861,0.013675213675213675,0.024175824175824177,0.003663003663003663,0.0031746031746031746,6.25,-43.06,49.25,xinchao0
0.005860805860805861,0.013675213675213675,0.023931623931623933,0.003663003663003663,0.0014652014652014652,19.12,-44.5,61.69,xinchao0
0.005860805860805861,0.013675213675213675,0.023931623931623933,0.003418803418803419,0.0002442002442002442,24.81,-45.06,67.12,xinchao0
0.005860805860805861,0.01391941391941392,0.023687423687423687,0.003418803418803419,0.0007326007326007326,18.81,-46.19,62.75,xinchao0
0.005860805860805861,0.014163614163614164,0.023687423687423687,0.0031746031746031746,0.001221001221001221,3.87,-44.56,47.69,xinchao0
0.005860805860805861,0.014407814407814409,0.023443223443223443,0.0031746031746031746,0.0004884004884004884,356.31,-41.94,38.69,xinchao0
0.005860805860805861,0.014652014652014652,0.023443223443223443,0.0029304029304029304,0.0,359.31,-44.06,44.06,xinchao0
0.005860805860805861,0.014652014652014652,0.0231990231990232,0.0031746031746031746,0.0014652014652014652,10.19,-47.19,59.0,xinchao0
0.005860805860805861,0.014652014652014652,0.022466422466422466,0.0031746031746031746,0.002686202686202686,22.44,-45.0,76.81,xinchao0
0.005860805860805861,0.014652014652014652,0.021733821733821733,0.003663003663003663,0.003418803418803419,25.31,-44.44,79.12,xinchao0
0.005616605616605617,0.014652014652014652,0.021001221001221003,0.003907203907203907,0.003907203907203907,18.25,-44.25,68.25,xinchao0
0.005616605616605617,0.014652014652014652,0.020512820512820513,0.004151404151404151,0.004151404151404151,5.44,-42.0,50.13,xinchao0
0.005372405372405372,0.014652014652014652,0.020024420024420026,0.004151404151404151,0.0031746031746031746,356.62,-38.75,37.5,xinchao0
0.005128205128205128,0.014163614163614164,0.019536019536019536,0.003907203907203907,0.002686202686202686,356.81,-40.13,37.81,xinchao0
0.005128205128205128,0.01391941391941392,0.019536019536019536,0.003663003663003663,0.002197802197802198,5.12,-44.38,47.0,xinchao0
0.004884004884004884,0.013431013431013432,0.019291819291819293,0.003663003663003663,0.0007326007326007326,17.37,-47.5,59.63,xinchao0
0.004884004884004884,0.013431013431013432,0.01904761904761905,0.003663003663003663,0.0002442002442002442,24.12,-46.63,67.06,xinchao0
0.004884004884004884,0.013431013431013432,0.018070818070818073,0.003663003663003663,0.0002442002442002442,20.19,-46.44,62.88,xinchao0
0.004884004884004884,0.013431013431013432,0.01733821733821734,0.003907203907203907,0.0004884004884004884,10.25,-44.56,51.25,xinchao0
0.004884004884004884,0.013431013431013432,0.01684981684981685,0.003907203907203907,0.0007326007326007326,0.62,-40.69,41.25,xinchao0
0.004884004884004884,0.013186813186813187,0.016605616605616606,0.003907203907203907,0.0019536019536019536,354.19,-38.13,34.56,xinchao0
0.004884004884004884,0.012942612942612943,0.016361416361416362,0.003663003663003663,0.0029304029304029304,355.56,-39.13,35.63,xinchao0
0.005128205128205128,0.012942612942612943,0.01611721611721612,0.003418803418803419,0.003663003663003663,4.87,-42.38,44.44,xinchao0
0.005128205128205128,0.012698412698412698,0.01611721611721612,0.003418803418803419,0.004151404151404151,15.63,-44.25,57.88,xinchao0
0.005128205128205128,0.012454212454212455,0.01611721611721612,0.0031746031746031746,0.004395604395604396,23.06,-43.81,66.81,xinchao0
0.005372405372405372,0.012454212454212455,0.01611721611721612,0.003663003663003663,0.00463980463980464,22.06,-42.13,65.19,xinchao0
0.005616605616605617,0.012698412698412698,0.01611721611721612,0.003663003663003663,0.00463980463980464,12.25,-38.5,51.88,xinchao0
0.005616605616605617,0.012698412698412698,0.016361416361416362,0.003907203907203907,0.004884004884004884,2.56,-33.56,43.31,xinchao0
0.005616605616605617,0.012698412698412698,0.016605616605616606,0.003907203907203907,0.004884004884004884,356.94,-32.13,39.81,xinchao0
0.005616605616605617,0.012698412698412698,0.01684981684981685,0.003663003663003663,0.004884004884004884,359.31,-33.81,41.56,xinchao0
0.005372405372405372,0.012698412698412698,0.01684981684981685,0.003418803418803419,0.004884004884004884,7.94,-37.56,46.44,xinchao0
0.005372405372405372,0.012698412698412698,0.017094017094017096,0.003418803418803419,0.003907203907203907,17.31,-39.0,58.75,xinchao0
0.005128205128205128,0.012698412698412698,0.01733821733821734,0.0031746031746031746,0.0029304029304029304,25.31,-39.31,66.87,xinchao0
0.005128205128205128,0.012942612942612943,0.017582417582417582,0.003418803418803419,0.002442002442002442,22.62,-38.63,64.56,xinchao0
0.005128205128205128,0.012942612942612943,0.017582417582417582,0.003663003663003663,0.0031746031746031746,13.56,-35.94,54.81,xinchao0
0.005128205128205128,0.013186813186813187,0.017826617826617826,0.003663003663003663,0.003663003663003663,3.56,-33.06,45.75,xinchao0
0.005128205128205128,0.012942612942612943,0.018315018315018316,0.003663003663003663,0.004151404151404151,1.75,-33.13,44.88,xinchao0
0.005128205128205128,0.012698412698412698,0.018803418803418803,0.003418803418803419,0.004395604395604396,7.25,-36.44,48.31,xinchao0
0.005128205128205128,0.012454212454212455,0.01904761904761905,0.0029304029304029304,0.00463980463980464,15.19,-39.44,55.13,xinchao0
0.005128205128205128,0.012454212454212455,0.019291819291819293,0.002686202686202686,0.004884004884004884,25.44,-42.5,61.38,xinchao0
0.005128205128205128,0.012454212454212455,0.019291819291819293,0.002686202686202686,0.004884004884004884,33.13,-41.81,69.81,xinchao0
0.005128205128205128,0.012454212454212455,0.019291819291819293,0.002686202686202686,0.004884004884004884,32.0,-40.81,69.19,xinchao0
0.005128205128205128,0.012698412698412698,0.019291819291819293,0.002686202686202686,0.003907203907203907,22.69,-39.69,59.44,xinchao0
0.004884004884004884,0.012698412698412698,0.019291819291819293,0.002686202686202686,0.0029304029304029304,10.69,-36.5,47.88,xinchao0
0.004884004884004884,0.012942612942612943,0.019536019536019536,0.002686202686202686,0.002442002442002442,1.69,-34.13,41.19,xinchao0
0.004884004884004884,0.012698412698412698,0.020024420024420026,0.002686202686202686,0.0019536019536019536,0.75,-35.38,40.81,xinchao0
0.00463980463980464,0.012698412698412698,0.02026862026862027,0.002442002442002442,0.0017094017094017094,8.13,-39.94,44.31,xinchao0
0.00463980463980464,0.012698412698412698,0.020512820512820513,0.002442002442002442,0.0014652014652014652,20.62,-45.0,55.75,xinchao0
0.004884004884004884,0.012698412698412698,0.020757020757020756,0.002197802197802198,0.0014652014652014652,30.12,-46.63,67.62,xinchao0
0.00463980463980464,0.012942612942612943,0.020757020757020756,0.002197802197802198,0.001221001221001221,28.69,-47.31,69.5,xinchao0
0.00463980463980464,0.012942612942612943,0.020512820512820513,0.002197802197802198,0.001221001221001221,14.13,-45.31,53.19,xinchao0
0.00463980463980464,0.013186813186813187,0.020512820512820513,0.002197802197802198,0.001221001221001221,359.06,-38.06,36.25,xinchao0
0.00463980463980464,0.013186813186813187,0.020512820512820513,0.002197802197802198,0.001221001221001221,353.06,-35.81,30.62,xinchao0
0.00463980463980464,0.012454212454212455,0.02026862026862027,0.0019536019536019536,0.002442002442002442,358.44,-39.56,36.44,xinchao0
0.00463980463980464,0.011965811965811967,0.02026862026862027,0.0019536019536019536,0.0031746031746031746,11.69,-45.19,49.13,xinchao0
0.00463980463980464,0.011477411477411478,0.02026862026862027,0.0019536019536019536,0.004884004884004884,24.12,-46.75,65.19,xinchao0
0.00463980463980464,0.011233211233211233,0.020024420024420026,0.002197802197802198,0.006105006105006105,25.62,-46.5,67.75,xinchao0
0.004884004884004884,0.011233211233211233,0.01978021978021978,0.002197802197802198,0.007081807081807082,16.0,-44.63,56.13,xinchao0
0.004884004884004884,0.011477411477411478,0.019536019536019536,0.002442002442002442,0.00757020757020757,3.81,-39.44,43.94,xinchao0
0.004884004884004884,0.011477411477411478,0.019291819291819293,0.002442002442002442,0.006837606837606838,356.44,-36.5,35.75,xinchao0
0.004884004884004884,0.011477411477411478,0.019291819291819293,0.002442002442002442,0.006349206349206349,359.31,-38.81,38.69,xinchao0
0.00463980463980464,0.011477411477411478,0.019291819291819293,0.002197802197802198,0.00463980463980464,10.69,-43.19,48.44,xinchao0
0.00463980463980464,0.011477411477411478,0.019291819291819293,0.002197802197802198,0.003663003663003663,22.0,-46.06,59.31,xinchao0
0.00463980463980464,0.011721611721611722,0.019536019536019536,0.002197802197802198,0.0029304029304029304,30.94,-45.06,68.81,xinchao0
0.00463980463980464,0.011965811965811967,0.019536019536019536,0.002442002442002442,0.002442002442002442,24.75,-44.44,64.31,xinchao0
0.00463980463980464,0.01221001221001221,0.019536019536019536,0.002686202686202686,0.0019536019536019536,13.44,-41.06,51.13,xinchao0
0.00463980463980464,0.01221001221001221,0.019536019536019536,0.002686202686202686,0.0029304029304029304,0.56,-34.38,35.88,xinchao0
0.00463980463980464,0.01221001221001221,0.019536019536019536,0.0029304029304029304,0.003663003663003663,358.37,-33.94,36.38,xinchao0
0.00463980463980464,0.011721611721611722,0.01978021978021978,0.0029304029304029304,0.004151404151404151,6.12,-38.88,43.31,xinchao0
0.00463980463980464,0.011477411477411478,0.01978021978021978,0.002686202686202686,0.005616605616605617,17.12,-43.13,52.56,xinchao0
0.00463980463980464,0.011233211233211233,0.01978021978021978,0.002686202686202686,0.006593406593406593,27.25,-45.0,62.38,xinchao0
0.004884004884004884,0.011233211233211233,0.01978021978021978,0.002686202686202686,0.007326007326007326,28.19,-44.94,65.25,xinchao0
0.004884004884004884,0.011233211233211233,0.01978021978021978,0.002686202686202686,0.007814407814407814,18.06,-42.25,55.5,xinchao0
0.004884004884004884,0.011477411477411478,0.01978021978021978,0.002686202686202686,0.006837606837606838,4.06,-36.69,44.44,xinchao0
0.00463980463980464,0.011477411477411478,0.01978021978021978,0.002686202686202686,0.006349206349206349,354.87,-34.25,37.56,xinchao0
0.00463980463980464,0.011721611721611722,0.019536019536019536,0.002442002442002442,0.004884004884004884,356.5,-36.0,39.88,xinchao0
0.004395604395604396,0.011477411477411478,0.019536019536019536,0.002442002442002442,0.003663003663003663,6.12,-40.38,45.06,xinchao0
0.004395604395604396,0.011477411477411478,0.019536019536019536,0.002197802197802198,0.0029304029304029304,18.87,-44.44,56.56,xinchao0
0.004151404151404151,0.011233211233211233,0.019536019536019536,0.002197802197802198,0.002442002442002442,26.19,-45.06,63.5,xinchao0
0.004151404151404151,0.011233211233211233,0.019291819291819293,0.002442002442002442,0.0019536019536019536,21.87,-43.19,60.0,xinchao0
0.004151404151404151,0.011233211233211233,0.01904761904761905,0.0029304029304029304,0.0017094017094017094,8.94,-38.31,48.13,xinchao0
0.004151404151404151,0.011233211233211233,0.01904761904761905,0.0029304029304029304,0.002686202686202686,359.75,-34.19,41.0,xinchao0
0.004151404151404151,0.011233211233211233,0.018803418803418803,0.0031746031746031746,0.003418803418803419,358.12,-34.63,39.81,xinchao0
0.004395604395604396,0.01098901098901099,0.018803418803418803,0.0031746031746031746,0.003907203907203907,5.25,-38.56,43.25,xinchao0
0.004395604395604396,0.010744810744810745,0.018803418803418803,0.0029304029304029304,0.004395604395604396,17.31,-42.75,54.31,xinchao0
0.004395604395604396,0.010500610500610501,0.018803418803418803,0.0029304029304029304,0.00463980463980464,26.12,-43.63,67.81,xinchao0
0.004395604395604396,0.010500610500610501,0.018803418803418803,0.0029304029304029304,0.00463980463980464,25.25,-42.63,67.12,xinchao0
0.004395604395604396,0.010744810744810745,0.018803418803418803,0.0029304029304029304,0.004884004884004884,16.31,-37.06,59.38,xinchao0
0.004395604395604396,0.010744810744810745,0.01904761904761905,0.0029304029304029304,0.004884004884004884,7.0,-33.25,50.19,xinchao0
0.004151404151404151,0.010744810744810745,0.01904761904761905,0.0029304029304029304,0.005128205128205128,3.56,-35.13,45.63,xinchao0
0.004151404151404151,0.010744810744810745,0.019291819291819293,0.002686202686202686,0.006105006105006105,9.25,-39.13,50.81,xinchao0
0.004151404151404151,0.010500610500610501,0.019536019536019536,0.002442002442002442,0.007081807081807082,18.81,-42.81,59.75,xinchao0
0.003907203907203907,0.010500610500610501,0.019536019536019536,0.002442002442002442,0.00757020757020757,27.19,-43.56,71.12,xinchao0
0.003907203907203907,0.010500610500610501,0.019536019536019536,0.002197802197802198,0.00805860805860806,24.37,-43.56,70.87,xinchao0
0.004151404151404151,0.010744810744810745,0.019536019536019536,0.002197802197802198,0.007081807081807082,12.88,-40.06,57.44,xinchao0
0.004151404151404151,0.010744810744810745,0.019536019536019536,0.002442002442002442,0.005372405372405372,2.94,-35.38,43.94,xinchao0
0.004151404151404151,0.01098901098901099,0.019536019536019536,0.002442002442002442,0.004151404151404151,359.5,-34.81,40.81,xinchao0
0.004395604395604396,0.010744810744810745,0.019536019536019536,0.002686202686202686,0.003418803418803419,5.75,-38.69,47.0,xinchao0
0.004395604395604396,0.010744810744810745,0.019536019536019536,0.002686202686202686,0.003907203907203907,17.19,-42.56,59.69,xinchao0
0.004395604395604396,0.010500610500610501,0.01978021978021978,0.002686202686202686,0.004151404151404151,25.5,-42.88,70.69,xinchao0
0.00463980463980464,0.010500610500610501,0.01978021978021978,0.002686202686202686,0.005616605616605617,24.19,-41.88,69.44,xinchao0
0.00463980463980464,0.010744810744810745,0.019536019536019536,0.002686202686202686,0.006593406593406593,14.31,-38.44,58.13,xinchao0
0.00463980463980464,0.010744810744810745,0.019536019536019536,0.002686202686202686,0.007326007326007326,3.25,-33.19,44.94,xinchao0
0.00463980463980464,0.010744810744810745,0.019536019536019536,0.002686202686202686,0.007814407814407814,0.13,-33.13,40.56,xinchao0
0.00463980463980464,0.010500610500610501,0.019536019536019536,0.002442002442002442,0.008302808302808303,6.19,-36.94,47.19,xinchao0
0.004395604395604396,0.010500610500610501,0.019536019536019536,0.002197802197802198,0.008547008547008548,15.63,-41.38,55.19,xinchao0
0.004151404151404151,0.010256410256410256,0.019536019536019536,0.002197802197802198,0.008791208791208791,26.25,-42.81,68.44,xinchao0
0.004151404151404151,0.010500610500610501,0.019536019536019536,0.002197802197802198,0.008791208791208791,27.19,-41.88,69.75,xinchao0
0.004151404151404151,0.010500610500610501,0.019291819291819293,0.002442002442002442,0.007814407814407814,18.75,-38.88,61.38,xinchao0
0.004151404151404151,0.010500610500610501,0.01904761904761905,0.002442002442002442,0.007081807081807082,5.75,-33.5,48.13,xinchao0
0.004151404151404151,0.010500610500610501,0.01904761904761905,0.002686202686202686,0.006349206349206349,359.69,-31.69,39.38,xinchao0
0.004151404151404151,0.010500610500610501,0.01904761904761905,0.002442002442002442,0.004884004884004884,3.5,-34.75,43.63,xinchao0
0.004151404151404151,0.010012210012210013,0.01904761904761905,0.002442002442002442,0.003663003663003663,12.81,-40.38,53.06,xinchao0
0.004151404151404151,0.009523809523809525,0.01904761904761905,0.002442002442002442,0.0029304029304029304,23.62,-44.69,65.69,xinchao0
0.004151404151404151,0.00927960927960928,0.018803418803418803,0.002442002442002442,0.002442002442002442,29.56,-43.31,74.62,xinchao0
0.004395604395604396,0.00927960927960928,0.018315018315018316,0.002442002442002442,0.0019536019536019536,26.25,-41.44,68.44,xinchao0
0.004395604395604396,0.009035409035409036,0.017826617826617826,0.002442002442002442,0.0017094017094017094,15.81,-37.19,54.0,xinchao0
0.004395604395604396,0.009035409035409036,0.017582417582417582,0.002197802197802198,0.002686202686202686,4.87,-33.06,42.13,xinchao0
0.004395604395604396,0.008547008547008548,0.018070818070818073,0.002197802197802198,0.003418803418803419,1.5,-33.5,39.19,xinchao0
0.004395604395604396,0.00805860805860806,0.018315018315018316,0.0019536019536019536,0.003907203907203907,6.94,-37.25,44.88,xinchao0
0.004395604395604396,0.00757020757020757,0.01855921855921856,0.0019536019536019536,0.004395604395604396,17.12,-42.06,55.63,xinchao0
0.004395604395604396,0.007326007326007326,0.01855921855921856,0.0019536019536019536,0.005616605616605617,25.94,-42.94,64.19,xinchao0
0.004395604395604396,0.007081807081807082,0.018070818070818073,0.002197802197802198,0.006837606837606838,26.0,-43.19,66.06,xinchao0
0.00463980463980464,0.007326007326007326,0.017582417582417582,0.002197802197802198,0.00757020757020757,17.94,-41.94,55.94,xinchao0
0.00463980463980464,0.00757020757020757,0.017094017094017096,0.002442002442002442,0.007814407814407814,2.69,-36.13,36.88,xinchao0
0.00463980463980464,0.00757020757020757,0.01684981684981685,0.002442002442002442,0.007081807081807082,355.19,-33.25,26.25,xinchao0
0.00463980463980464,0.00805860805860806,0.017582417582417582,0.002197802197802198,0.005372405372405372,1.06,-37.81,34.81,xinchao0
0.00463980463980464,0.008302808302808303,0.017826617826617826,0.002197802197802198,0.004151404151404151,13.69,-44.25,49.44,xinchao0
0.00463980463980464,0.008547008547008548,0.018315018315018316,0.002197802197802198,0.0031746031746031746,25.37,-44.19,70.56,xinchao0
0.00463980463980464,0.009035409035409036,0.018315018315018316,0.002197802197802198,0.002686202686202686,24.62,-44.63,70.25,xinchao0
0.00463980463980464,0.00927960927960928,0.018070818070818073,0.002197802197802198,0.002197802197802198,12.94,-42.5,52.81,xinchao0
0.00463980463980464,0.009523809523809525,0.017826617826617826,0.002197802197802198,0.0019536019536019536,2.12,-38.06,37.25,xinchao0
0.00463980463980464,0.009523809523809525,0.017582417582417582,0.002197802197802198,0.0029304029304029304,359.19,-36.94,34.94,xinchao0
0.00463980463980464,0.00927960927960928,0.017582417582417582,0.002197802197802198,0.003418803418803419,6.12,-41.19,43.56,xinchao0
0.00463980463980464,0.00927960927960928,0.01733821733821734,0.0019536019536019536,0.005128205128205128,17.56,-45.06,59.06,xinchao0
0.00463980463980464,0.009035409035409036,0.01733821733821734,0.0019536019536019536,0.006349206349206349,26.31,-43.31,73.56,xinchao0
0.00463980463980464,0.009035409035409036,0.01733821733821734,0.0019536019536019536,0.007081807081807082,24.75,-43.19,69.69,xinchao0
0.00463980463980464,0.009035409035409036,0.01733821733821734,0.002197802197802198,0.00757020757020757,16.06,-41.06,56.31,xinchao0
0.004395604395604396,0.009035409035409036,0.017094017094017096,0.002197802197802198,0.00805860805860806,4.75,-35.19,40.25,xinchao0
0.004395604395604396,0.008791208791208791,0.016605616605616606,0.002197802197802198,0.008302808302808303,1.25,-35.06,36.13,xinchao0
0.004395604395604396,0.008302808302808303,0.016361416361416362,0.0019536019536019536,0.007326007326007326,7.06,-39.81,43.13,xinchao0
0.004395604395604396,0.007814407814407814,0.01611721611721612,0.0019536019536019536,0.005616605616605617,17.44,-44.31,57.25,xinchao0
0.004395604395604396,0.00757020757020757,0.01611721611721612,0.0019536019536019536,0.004151404151404151,24.87,-43.63,72.0,xinchao0
0.004395604395604396,0.007326007326007326,0.015384615384615385,0.002197802197802198,0.003418803418803419,23.12,-43.13,69.5,xinchao0
0.004395604395604396,0.007081807081807082,0.014652014652014652,0.002197802197802198,0.002686202686202686,13.38,-41.44,53.75,xinchao0
0.004395604395604396,0.006837606837606838,0.014407814407814409,0.002442002442002442,0.002442002442002442,1.94,-36.63,39.44,xinchao0
0.004395604395604396,0.006105006105006105,0.01391941391941392,0.002442002442002442,0.0031746031746031746,357.19,-35.38,35.13,xinchao0
0.004395604395604396,0.005860805860805861,0.01391941391941392,0.002197802197802198,0.003663003663003663,2.0,-39.88,41.5,xinchao0
0.00463980463980464,0.005372405372405372,0.013675213675213675,0.002197802197802198,0.004151404151404151,13.38,-43.81,59.56,xinchao0
0.00463980463980464,0.005128205128205128,0.013675213675213675,0.002197802197802198,0.00463980463980464,24.81,-41.94,80.06,xinchao0
0.00463980463980464,0.005128205128205128,0.013675213675213675,0.002197802197802198,0.00463980463980464,22.81,-43.31,75.75,xinchao0
0.00463980463980464,0.005860805860805861,0.013675213675213675,0.002197802197802198,0.006105006105006105,12.94,-41.88,57.69,xinchao0
0.00463980463980464,0.006349206349206349,0.013675213675213675,0.002197802197802198,0.006837606837606838,1.44,-37.56,39.63,xinchao0
0.00463980463980464,0.006593406593406593,0.014163614163614164,0.0019536019536019536,0.00757020757020757,358.5,-37.56,35.0,xinchao0
0.00463980463980464,0.007326007326007326,0.014896214896214897,0.0019536019536019536,0.007814407814407814,5.87,-42.0,45.19,xinchao0
0.00463980463980464,0.00757020757020757,0.01514041514041514,0.0017094017094017094,0.007081807081807082,17.75,-45.06,60.38,xinchao0
0.00463980463980464,0.007814407814407814,0.01514041514041514,0.0019536019536019536,0.006593406593406593,28.25,-43.13,76.19,xinchao0
0.004395604395604396,0.00805860805860806,0.015384615384615385,0.002442002442002442,0.004884004884004884,27.87,-43.19,74.94,xinchao0
0.004395604395604396,0.008302808302808303,0.015384615384615385,0.002686202686202686,0.003907203907203907,16.06,-43.0,58.06,xinchao0
0.004395604395604396,0.008791208791208791,0.015384615384615385,0.0029304029304029304,0.0031746031746031746,2.62,-38.19,36.94,xinchao0
0.004395604395604396,0.009035409035409036,0.01562881562881563,0.0029304029304029304,0.003663003663003663,357.94,-36.88,29.87,xinchao0
0.004395604395604396,0.009035409035409036,0.01562881562881563,0.0029304029304029304,0.004151404151404151,4.44,-41.63,37.94,xinchao0
0.004395604395604396,0.00927960927960928,0.015873015873015872,0.0029304029304029304,0.004395604395604396,17.25,-46.31,52.25,xinchao0
0.00463980463980464,0.00927960927960928,0.01611721611721612,0.0029304029304029304,0.00463980463980464,27.31,-45.94,68.37,xinchao0
0.00463980463980464,0.00927960927960928,0.016361416361416362,0.002686202686202686,0.004884004884004884,25.06,-46.13,64.94,xinchao0
0.00463980463980464,0.009523809523809525,0.016361416361416362,0.002686202686202686,0.006105006105006105,13.63,-43.81,51.19,xinchao0
0.00463980463980464,0.009523809523809525,0.016605616605616606,0.002686202686202686,0.006837606837606838,358.62,-37.94,33.31,xinchao0
0.004884004884004884,0.00927960927960928,0.016605616605616606,0.002686202686202686,0.00757020757020757,355.06,-36.69,28.25,xinchao0
0.004884004884004884,0.00927960927960928,0.016605616605616606,0.002686202686202686,0.006837606837606838,4.19,-41.88,40.13,xinchao0
0.004884004884004884,0.00927960927960928,0.016605616605616606,0.002686202686202686,0.006349206349206349,18.69,-45.75,60.81,xinchao0
0.004884004884004884,0.009035409035409036,0.01684981684981685,0.002686202686202686,0.006105006105006105,28.31,-44.5,77.62,xinchao0
0.004884004884004884,0.009035409035409036,0.01684981684981685,0.0031746031746031746,0.005616605616605617,26.44,-46.63,71.37,xinchao0
0.004884004884004884,0.008791208791208791,0.01684981684981685,0.003907203907203907,0.005616605616605617,13.94,-45.75,51.31,xinchao0
0.004884004884004884,0.008791208791208791,0.017094017094017096,0.004151404151404151,0.005372405372405372,359.75,-40.25,36.06,xinchao0
0.004884004884004884,0.008302808302808303,0.017094017094017096,0.004395604395604396,0.005372405372405372,354.94,-37.56,32.06,xinchao0
0.004884004884004884,0.007814407814407814,0.017094017094017096,0.00463980463980464,0.004151404151404151,2.87,-41.38,35.81,xinchao0
0.00463980463980464,0.007326007326007326,0.017094017094017096,0.00463980463980464,0.0031746031746031746,18.81,-46.94,51.94,xinchao0
0.00463980463980464,0.007081807081807082,0.017094017094017096,0.004884004884004884,0.002442002442002442,32.38,-45.25,72.56,xinchao0
0.00463980463980464,0.007326007326007326,0.017094017094017096,0.004884004884004884,0.002197802197802198,33.25,-43.88,72.5,xinchao0
0.00463980463980464,0.007326007326007326,0.016605616605616606,0.004884004884004884,0.0029304029304029304,22.56,-41.19,58.56,xinchao0
0.004884004884004884,0.007326007326007326,0.016361416361416362,0.004884004884004884,0.003663003663003663,8.5,-37.0,42.94,xinchao0
0.004884004884004884,0.007326007326007326,0.01611721611721612,0.00463980463980464,0.004151404151404151,0.37,-35.19,37.63,xinchao0
0.004884004884004884,0.007081807081807082,0.01611721611721612,0.004151404151404151,0.004395604395604396,1.12,-36.94,38.88,xinchao0
0.004884004884004884,0.007081807081807082,0.01611721611721612,0.003907203907203907,0.005860805860805861,9.06,-40.94,46.0,xinchao0
0.005128205128205128,0.007081807081807082,0.01611721611721612,0.003663003663003663,0.006837606837606838,19.5,-43.5,59.88,xinchao0
0.005128205128205128,0.007081807081807082,0.01611721611721612,0.003418803418803419,0.007326007326007326,27.62,-41.25,74.19,xinchao0
0.005128205128205128,0.007081807081807082,0.01611721611721612,0.003418803418803419,0.006837606837606838,24.19,-41.19,68.37,xinchao0
0.005128205128205128,0.00757020757020757,0.01611721611721612,0.0031746031746031746,0.005128205128205128,13.31,-39.0,51.44,xinchao0
0.005128205128205128,0.00805860805860806,0.016361416361416362,0.0029304029304029304,0.003907203907203907,2.62,-35.25,37.94,xinchao0
0.005128205128205128,0.008791208791208791,0.018070818070818073,0.002197802197802198,0.0031746031746031746,356.19,-33.13,33.5,xinchao0
0.005128205128205128,0.010012210012210013,0.01978021978021978,0.001221001221001221,0.002686202686202686,0.31,-36.31,36.94,xinchao0
0.005128205128205128,0.01098901098901099,0.02197802197802198,0.0007326007326007326,0.002197802197802198,9.94,-41.31,46.19,xinchao0
0.005128205128205128,0.012698412698412698,0.023931623931623933,0.0002442002442002442,0.0019536019536019536,21.69,-44.38,65.56,xinchao0
0.005372405372405372,0.014407814407814409,0.025885225885225887,0.0002442002442002442,0.0017094017094017094,21.94,-44.19,65.75,xinchao0
0.005372405372405372,0.015873015873015872,0.027106227106227107,0.0002442002442002442,0.0017094017094017094,11.44,-40.88,48.5,xinchao0
0.005372405372405372,0.01684981684981685,0.028083028083028084,0.0002442002442002442,0.002686202686202686,0.81,-35.19,37.81,xinchao0
0.005372405372405372,0.017582417582417582,0.028815628815628817,0.0002442002442002442,0.003418803418803419,354.94,-32.44,34.19,xinchao0
0.005372405372405372,0.017826617826617826,0.029304029304029304,0.0004884004884004884,0.003907203907203907,357.25,-34.75,36.5,xinchao0
0.005128205128205128,0.018070818070818073,0.029792429792429794,0.0007326007326007326,0.004395604395604396,7.12,-40.19,45.75,xinchao0
0.005128205128205128,0.018070818070818073,0.029792429792429794,0.0009768009768009768,0.005616605616605617,19.5,-43.56,60.75,xinchao0
0.005128205128205128,0.018315018315018316,0.030036630036630037,0.0009768009768009768,0.006593406593406593,23.94,-42.0,68.69,xinchao0
0.005128205128205128,0.01855921855921856,0.03028083028083028,0.0009768009768009768,0.007326007326007326,16.87,-40.56,57.69,xinchao0
0.005128205128205128,0.018803418803418803,0.03028083028083028,0.0009768009768009768,0.00805860805860806,5.69,-36.44,42.44,xinchao0
0.005128205128205128,0.018803418803418803,0.03028083028083028,0.0009768009768009768,0.008302808302808303,357.31,-32.0,36.88,xinchao0
0.005128205128205128,0.018803418803418803,0.03028083028083028,0.001221001221001221,0.007326007326007326,356.31,-33.25,35.94,xinchao0
0.004884004884004884,0.018315018315018316,0.03028083028083028,0.001221001221001221,0.005372405372405372,4.44,-38.63,41.13,xinchao0
0.004884004884004884,0.018070818070818073,0.03028083028083028,0.0014652014652014652,0.004151404151404151,18.69,-43.5,54.56,xinchao0
0.004884004884004884,0.018070818070818073,0.029792429792429794,0.0014652014652014652,0.0031746031746031746,28.87,-43.81,65.37,xinchao0
0.004884004884004884,0.017826617826617826,0.029548229548229547,0.0017094017094017094,0.002686202686202686,22.94,-43.81,57.56,xinchao0
0.004884004884004884,0.017826617826617826,0.02905982905982906,0.0017094017094017094,0.003418803418803419,8.31,-40.06,41.81,xinchao0
0.004884004884004884,0.017826617826617826,0.028815628815628817,0.0019536019536019536,0.003907203907203907,356.31,-35.19,32.06,xinchao0
0.004884004884004884,0.017582417582417582,0.028327228327228327,0.0019536019536019536,0.004395604395604396,356.75,-36.0,34.88,xinchao0
0.004884004884004884,0.017094017094017096,0.02783882783882784,0.0017094017094017094,0.00463980463980464,7.81,-40.31,44.5,xinchao0
0.004884004884004884,0.016605616605616606,0.02735042735042735,0.0017094017094017094,0.004884004884004884,22.25,-42.88,58.88,xinchao0
0.004884004884004884,0.016361416361416362,0.026862026862026864,0.0014652014652014652,0.004884004884004884,29.5,-44.0,67.25,xinchao0
0.004884004884004884,0.01611721611721612,0.026373626373626374,0.0014652014652014652,0.006105006105006105,22.56,-44.69,61.13,xinchao0
0.004884004884004884,0.015873015873015872,0.025885225885225887,0.001221001221001221,0.006837606837606838,5.0,-42.13,42.44,xinchao0
0.004884004884004884,0.015873015873015872,0.02564102564102564,0.001221001221001221,0.00757020757020757,351.75,-36.88,31.62,xinchao0
0.004884004884004884,0.01562881562881563,0.025152625152625153,0.0009768009768009768,0.00805860805860806,350.37,-37.63,29.81,xinchao0
0.004884004884004884,0.01562881562881563,0.02490842490842491,0.0009768009768009768,0.007081807081807082,359.0,-42.06,38.31,xinchao0
0.00463980463980464,0.01562881562881563,0.02490842490842491,0.0009768009768009768,0.005372405372405372,11.25,-43.5,56.69,xinchao0
0.00463980463980464,0.01562881562881563,0.02490842490842491,0.0009768009768009768,0.004151404151404151,22.31,-41.19,73.56,xinchao0
0.00463980463980464,0.01611721611721612,0.024664224664224663,0.0007326007326007326,0.003418803418803419,25.31,-40.56,76.56,xinchao0
0.00463980463980464,0.01611721611721612,0.024664224664224663,0.0004884004884004884,0.002686202686202686,17.12,-42.5,63.31,xinchao0
0.00463980463980464,0.016361416361416362,0.02442002442002442,0.0002442002442002442,0.002197802197802198,5.56,-42.44,45.88,xinchao0
0.00463980463980464,0.015873015873015872,0.02442002442002442,0.0,0.0019536019536019536,355.75,-39.31,33.0,xinchao0
0.00463980463980464,0.01514041514041514,0.024175824175824177,0.0,0.0029304029304029304,353.37,-39.25,31.94,xinchao0
0.00463980463980464,0.014163614163614164,0.023687423687423687,0.0002442002442002442,0.003663003663003663,358.81,-42.06,42.81,xinchao0
0.00463980463980464,0.013675213675213675,0.023443223443223443,0.0002442002442002442,0.005128205128205128,7.56,-44.06,58.69,xinchao0
0.00463980463980464,0.013186813186813187,0.022954822954822957,0.0009768009768009768,0.006349206349206349,17.69,-41.81,71.62,xinchao0
0.00463980463980464,0.012942612942612943,0.02271062271062271,0.0014652014652014652,0.007081807081807082,23.31,-39.25,77.44,xinchao0
0.00463980463980464,0.012942612942612943,0.02271062271062271,0.0017094017094017094,0.00757020757020757,21.81,-40.56,71.12,xinchao0
0.00463980463980464,0.012942612942612943,0.022466422466422466,0.0017094017094017094,0.00805860805860806,13.69,-43.94,53.31,xinchao0
0.00463980463980464,0.012942612942612943,0.022466422466422466,0.0019536019536019536,0.008302808302808303,1.06,-42.19,37.0,xinchao0
0.00463980463980464,0.012942612942612943,0.022466422466422466,0.0019536019536019536,0.008547008547008548,353.44,-38.06,27.62,xinchao0
0.00463980463980464,0.012698412698412698,0.022222222222222223,0.0017094017094017094,0.008791208791208791,353.69,-38.44,28.81,xinchao0
0.00463980463980464,0.012454212454212455,0.022222222222222223,0.0017094017094017094,0.008791208791208791,2.87,-43.5,40.31,xinchao0
0.00463980463980464,0.01221001221001221,0.022222222222222223,0.0017094017094017094,0.007814407814407814,15.63,-46.31,59.63,xinchao0
0.00463980463980464,0.012454212454212455,0.022222222222222223,0.0017094017094017094,0.006837606837606838,25.19,-41.19,78.62,xinchao0
0.00463980463980464,0.012698412698412698,0.022222222222222223,0.0019536019536019536,0.005372405372405372,27.37,-41.56,75.25,xinchao0
0.00463980463980464,0.012942612942612943,0.02197802197802198,0.002197802197802198,0.004151404151404151,17.75,-43.88,58.5,xinchao0
0.00463980463980464,0.012942612942612943,0.02197802197802198,0.002197802197802198,0.0031746031746031746,5.31,-41.75,40.31,xinchao0
0.00463980463980464,0.012942612942612943,0.021733821733821733,0.002442002442002442,0.003907203907203907,357.81,-38.81,33.44,xinchao0
0.00463980463980464,0.012942612942612943,0.02197802197802198,0.002442002442002442,0.004151404151404151,358.75,-39.56,35.94,xinchao0
0.00463980463980464,0.012698412698412698,0.022222222222222223,0.002442002442002442,0.00463980463980464,6.81,-43.38,46.38,xinchao0
0.00463980463980464,0.012454212454212455,0.022222222222222223,0.002442002442002442,0.005860805860805861,17.5,-44.75,63.38,xinchao0
0.00463980463980464,0.012454212454212455,0.022466422466422466,0.002442002442002442,0.006837606837606838,24.62,-41.06,77.56,xinchao0
0.00463980463980464,0.012454212454212455,0.022466422466422466,0.0029304029304029304,0.00757020757020757,24.87,-41.06,74.5,xinchao0
0.00463980463980464,0.012454212454212455,0.022222222222222223,0.0031746031746031746,0.006837606837606838,16.37,-43.31,57.56,xinchao0
0.00463980463980464,0.012454212454212455,0.022222222222222223,0.0031746031746031746,0.005128205128205128,5.75,-43.0,38.88,xinchao0
0.004395604395604396,0.01221001221001221,0.022222222222222223,0.0031746031746031746,0.003907203907203907,359.75,-40.19,34.69,xinchao0
0.004151404151404151,0.011965811965811967,0.022466422466422466,0.0029304029304029304,0.0031746031746031746,1.69,-41.5,39.06,xinchao0
0.003907203907203907,0.011721611721611722,0.02271062271062271,0.002686202686202686,0.002442002442002442,8.75,-44.25,50.94,xinchao0
0.003663003663003663,0.011477411477411478,0.02271062271062271,0.002442002442002442,0.0019536019536019536,17.25,-42.13,68.75,xinchao0
0.003663003663003663,0.011233211233211233,0.022954822954822957,0.002442002442002442,0.0019536019536019536,21.31,-37.19,79.94,xinchao0
0.003907203907203907,0.011233211233211233,0.022954822954822957,0.002197802197802198,0.002686202686202686,19.81,-39.13,70.69,xinchao0
0.004151404151404151,0.011721611721611722,0.0231990231990232,0.0019536019536019536,0.003418803418803419,12.06,-41.38,52.13,xinchao0
0.004151404151404151,0.01221001221001221,0.023687423687423687,0.0017094017094017094,0.004151404151404151,1.5,-39.44,37.0,xinchao0
0.004395604395604396,0.012698412698412698,0.02442002442002442,0.0014652014652014652,0.004395604395604396,354.94,-37.44,31.37,xinchao0
0.004395604395604396,0.012942612942612943,0.02490842490842491,0.001221001221001221,0.00463980463980464,357.56,-38.13,40.88,xinchao0
0.004395604395604396,0.013186813186813187,0.025396825396825397,0.0009768009768009768,0.005860805860805861,3.56,-38.06,54.19,xinchao0
0.00463980463980464,0.013186813186813187,0.025885225885225887,0.0007326007326007326,0.006837606837606838,10.81,-38.69,63.13,xinchao0
0.00463980463980464,0.013431013431013432,0.026373626373626374,0.0007326007326007326,0.00757020757020757,16.62,-38.25,71.62,xinchao0
0.004884004884004884,0.013675213675213675,0.026617826617826617,0.0007326007326007326,0.00805860805860806,17.5,-37.25,73.19,xinchao0
0.004884004884004884,0.013675213675213675,0.026373626373626374,0.0007326007326007326,0.008302808302808303,8.94,-39.69,56.19,xinchao0
0.004884004884004884,0.01391941391941392,0.02612942612942613,0.0007326007326007326,0.008547008547008548,354.31,-39.5,32.81,xinchao0
0.00463980463980464,0.013675213675213675,0.025885225885225887,0.0007326007326007326,0.008547008547008548,353.06,-38.13,30.94,xinchao0
0.00463980463980464,0.013675213675213675,0.02564102564102564,0.0009768009768009768,0.00757020757020757,0.69,-40.81,41.44,xinchao0
0.004395604395604396,0.013431013431013432,0.02564102564102564,0.0009768009768009768,0.005616605616605617,10.88,-41.63,57.56,xinchao0
0.004395604395604396,0.013186813186813187,0.02564102564102564,0.001221001221001221,0.004395604395604396,18.25,-37.81,73.5,xinchao0
0.004395604395604396,0.013186813186813187,0.02564102564102564,0.001221001221001221,0.003418803418803419,19.81,-35.63,77.69,xinchao0
0.00463980463980464,0.013186813186813187,0.02564102564102564,0.0014652014652014652,0.003907203907203907,16.0,-36.25,70.56,xinchao0
0.00463980463980464,0.013186813186813187,0.025885225885225887,0.0014652014652014652,0.004151404151404151,5.62,-40.44,47.44,xinchao0
0.004884004884004884,0.013186813186813187,0.025885225885225887,0.0017094017094017094,0.00463980463980464,352.81,-36.06,30.44,xinchao0
0.00463980463980464,0.012942612942612943,0.02612942612942613,0.002197802197802198,0.004884004884004884,349.44,-33.38,29.94,xinchao0
0.00463980463980464,0.012942612942612943,0.026373626373626374,0.002197802197802198,0.006105006105006105,355.12,-37.44,36.38,xinchao0
0.00463980463980464,0.012698412698412698,0.027106227106227107,0.0019536019536019536,0.006837606837606838,6.62,-42.44,44.5,xinchao0
0.00463980463980464,0.012698412698412698,0.02783882783882784,0.0019536019536019536,0.00757020757020757,18.69,-44.13,57.94,xinchao0
0.00463980463980464,0.012942612942612943,0.028815628815628817,0.0014652014652014652,0.00805860805860806,26.94,-42.25,68.81,xinchao0
0.00463980463980464,0.013186813186813187,0.029548229548229547,0.001221001221001221,0.008302808302808303,23.12,-41.13,63.88,xinchao0
0.00463980463980464,0.013675213675213675,0.030036630036630037,0.0009768009768009768,0.008547008547008548,12.38,-38.0,49.75,xinchao0
0.004395604395604396,0.013675213675213675,0.030525030525030524,0.0007326007326007326,0.00757020757020757,359.56,-32.81,37.81,xinchao0
0.004395604395604396,0.01391941391941392,0.03076923076923077,0.0004884004884004884,0.005616605616605617,353.62,-30.37,34.81,xinchao0
0.004151404151404151,0.013675213675213675,0.03076923076923077,0.0004884004884004884,0.004395604395604396,357.19,-32.69,37.06,xinchao0
0.004151404151404151,0.013431013431013432,0.031013431013431014,0.0002442002442002442,0.003418803418803419,6.94,-37.88,43.19,xinchao0
0.003907203907203907,0.013431013431013432,0.03076923076923077,0.0002442002442002442,0.002686202686202686,19.81,-40.25,59.56,xinchao0
0.003907203907203907,0.013186813186813187,0.03076923076923077,0.0002442002442002442,0.002197802197802198,26.87,-40.88,68.0,xinchao0
0.003907203907203907,0.013186813186813187,0.03076923076923077,0.0009768009768009768,0.0031746031746031746,20.87,-42.13,59.31,xinchao0
0.003907203907203907,0.012942612942612943,0.029792429792429794,0.0014652014652014652,0.003663003663003663,8.75,-38.19,45.81,xinchao0
0.004151404151404151,0.012698412698412698,0.029304029304029304,0.0017094017094017094,0.004151404151404151,357.5,-32.19,37.25,xinchao0
0.004151404151404151,0.011965811965811967,0.028815628815628817,0.002197802197802198,0.004395604395604396,352.12,-30.25,35.44,xinchao0
0.004395604395604396,0.011477411477411478,0.027594627594627594,0.002197802197802198,0.005860805860805861,355.62,-33.19,36.38,xinchao0
0.004395604395604396,0.010744810744810745,0.026617826617826617,0.0029304029304029304,0.006837606837606838,6.5,-39.69,42.5,xinchao0
0.004395604395604396,0.010012210012210013,0.02612942612942613,0.0031746031746031746,0.007326007326007326,20.19,-44.31,59.75,xinchao0
0.004395604395604396,0.009768009768009768,0.025396825396825397,0.003418803418803419,0.007814407814407814,28.75,-43.06,71.56,xinchao0
0.004395604395604396,0.009768009768009768,0.02490842490842491,0.003663003663003663,0.00805860805860806,26.31,-41.88,67.75,xinchao0
0.004395604395604396,0.010012210012210013,0.02442002442002442,0.003663003663003663,0.008302808302808303,17.37,-40.31,56.25,xinchao0
0.004151404151404151,0.010500610500610501,0.024175824175824177,0.003663003663003663,0.008547008547008548,4.37,-36.94,42.13,xinchao0
0.004151404151404151,0.010744810744810745,0.024175824175824177,0.003418803418803419,0.00757020757020757,354.56,-33.25,33.56,xinchao0
0.003907203907203907,0.01098901098901099,0.024175824175824177,0.003418803418803419,0.006837606837606838,356.44,-34.94,35.56,xinchao0
0.003907203907203907,0.011477411477411478,0.02442002442002442,0.003418803418803419,0.005128205128205128,5.69,-39.94,45.06,xinchao0
0.003907203907203907,0.011721611721611722,0.024664224664224663,0.003418803418803419,0.003907203907203907,15.25,-43.0,59.94,xinchao0
0.003907203907203907,0.011965811965811967,0.024664224664224663,0.003418803418803419,0.0031746031746031746,24.75,-41.19,74.0,xinchao0
0.003907203907203907,0.01221001221001221,0.024664224664224663,0.003418803418803419,0.002686202686202686,25.44,-39.81,73.44,xinchao0
0.003907203907203907,0.012942612942612943,0.02490842490842491,0.003418803418803419,0.003418803418803419,16.37,-39.69,56.5,xinchao0
0.003907203907203907,0.013675213675213675,0.025152625152625153,0.0031746031746031746,0.003907203907203907,5.56,-34.81,44.13,xinchao0
0.003907203907203907,0.014163614163614164,0.025396825396825397,0.002686202686202686,0.005616605616605617,358.87,-33.13,37.31,xinchao0
0.003907203907203907,0.014407814407814409,0.025885225885225887,0.002197802197802198,0.006593406593406593,1.94,-36.63,41.38,xinchao0
0.003907203907203907,0.014652014652014652,0.02612942612942613,0.0019536019536019536,0.007326007326007326,11.63,-42.13,55.38,xinchao0
0.003907203907203907,0.014652014652014652,0.026373626373626374,0.0014652014652014652,0.007814407814407814,22.69,-42.94,74.94,xinchao0
0.003907203907203907,0.014652014652014652,0.026373626373626374,0.001221001221001221,0.007081807081807082,29.56,-41.81,78.06,xinchao0
0.003663003663003663,0.014896214896214897,0.026373626373626374,0.0009768009768009768,0.006593406593406593,25.31,-41.19,69.75,xinchao0
0.003663003663003663,0.014896214896214897,0.026373626373626374,0.0009768009768009768,0.004884004884004884,14.81,-38.25,55.63,xinchao0
0.003663003663003663,0.01514041514041514,0.026373626373626374,0.0009768009768009768,0.003663003663003663,4.19,-34.25,41.56,xinchao0
0.003663003663003663,0.01514041514041514,0.02612942612942613,0.0007326007326007326,0.0019536019536019536,359.31,-34.5,33.88,xinchao0
0.003663003663003663,0.014652014652014652,0.02612942612942613,0.0007326007326007326,0.0004884004884004884,6.19,-38.5,39.63,xinchao0
0.003663003663003663,0.014407814407814409,0.02612942612942613,0.0004884004884004884,0.0004884004884004884,17.69,-41.44,57.13,xinchao0
0.003663003663003663,0.014163614163614164,0.025885225885225887,0.0004884004884004884,0.0009768009768009768,26.25,-38.25,74.31,xinchao0
0.003663003663003663,0.01391941391941392,0.025885225885225887,0.0004884004884004884,0.0014652014652014652,27.37,-38.31,77.12,xinchao0
0.003907203907203907,0.01391941391941392,0.02564102564102564,0.0004884004884004884,0.0007326007326007326,20.69,-38.5,66.56,xinchao0
0.003907203907203907,0.01391941391941392,0.025396825396825397,0.0004884004884004884,0.0,10.94,-37.81,48.88,xinchao0
0.003907203907203907,0.01391941391941392,0.025152625152625153,0.0004884004884004884,0.0014652014652014652,1.81,-34.88,37.75,xinchao0
0.004151404151404151,0.013431013431013432,0.02490842490842491,0.0004884004884004884,0.002442002442002442,1.44,-36.31,39.44,xinchao0
0.004151404151404151,0.012942612942612943,0.024664224664224663,0.0002442002442002442,0.0031746031746031746,7.87,-39.81,49.0,xinchao0
0.004151404151404151,0.012698412698412698,0.024664224664224663,0.0002442002442002442,0.003907203907203907,19.62,-40.94,64.31,xinchao0
0.004151404151404151,0.012454212454212455,0.02442002442002442,0.0002442002442002442,0.004151404151404151,28.69,-35.31,83.87,xinchao0
0.004395604395604396,0.012454212454212455,0.024175824175824177,0.0004884004884004884,0.00463980463980464,28.75,-36.25,80.87,xinchao0
0.004395604395604396,0.012454212454212455,0.024175824175824177,0.0004884004884004884,0.004884004884004884,18.12,-37.38,65.06,xinchao0
0.004395604395604396,0.012698412698412698,0.023931623931623933,0.0004884004884004884,0.004884004884004884,6.31,-37.0,43.81,xinchao0
0.004151404151404151,0.012698412698412698,0.023931623931623933,0.0004884004884004884,0.005128205128205128,1.81,-35.06,39.44,xinchao0
0.004151404151404151,0.01221001221001221,0.023931623931623933,0.0004884004884004884,0.005128205128205128,6.06,-37.38,46.0,xinchao0
0.003907203907203907,0.011965811965811967,0.023931623931623933,0.0004884004884004884,0.005128205128205128,14.5,-41.13,55.94,xinchao0
0.003907203907203907,0.011721611721611722,0.023687423687423687,0.0004884004884004884,0.003907203907203907,21.81,-39.75,74.75,xinchao0
0.003907203907203907,0.011477411477411478,0.023687423687423687,0.0004884004884004884,0.0031746031746031746,24.44,-36.94,85.37,xinchao0
0.003907203907203907,0.011477411477411478,0.023443223443223443,0.0009768009768009768,0.002686202686202686,23.06,-36.31,78.87,xinchao0
0.003907203907203907,0.011477411477411478,0.022954822954822957,0.001221001221001221,0.002197802197802198,16.81,-39.88,59.38,xinchao0
0.003663003663003663,0.011477411477411478,0.02271062271062271,0.001221001221001221,0.0031746031746031746,4.0,-37.81,41.06,xinchao0
0.003418803418803419,0.010744810744810745,0.022466422466422466,0.001221001221001221,0.003663003663003663,359.44,-36.56,37.38,xinchao0
0.003418803418803419,0.009768009768009768,0.022222222222222223,0.0009768009768009768,0.004151404151404151,4.19,-39.06,43.56,xinchao0
0.0031746031746031746,0.009035409035409036,0.022222222222222223,0.0007326007326007326,0.004395604395604396,15.44,-42.5,56.06,xinchao0
0.0031746031746031746,0.008547008547008548,0.02197802197802198,0.0007326007326007326,0.00463980463980464,26.75,-39.75,75.31,xinchao0
0.003418803418803419,0.008302808302808303,0.021733821733821733,0.0007326007326007326,0.004884004884004884,33.19,-38.06,79.81,xinchao0
0.003418803418803419,0.00805860805860806,0.02148962148962149,0.0009768009768009768,0.004884004884004884,28.87,-39.19,73.69,xinchao0
0.003418803418803419,0.00805860805860806,0.021245421245421246,0.001221001221001221,0.005128205128205128,18.44,-40.94,58.31,xinchao0
0.003418803418803419,0.007814407814407814,0.021001221001221003,0.001221001221001221,0.005128205128205128,6.19,-37.88,44.56,xinchao0
0.003418803418803419,0.00757020757020757,0.020757020757020756,0.0014652014652014652,0.006349206349206349,359.87,-34.94,36.75,xinchao0
0.003418803418803419,0.007326007326007326,0.020757020757020756,0.0014652014652014652,0.007081807081807082,4.0,-37.13,43.0,xinchao0
0.003418803418803419,0.007326007326007326,0.020512820512820513,0.0014652014652014652,0.007814407814407814,13.44,-40.94,53.81,xinchao0
0.003418803418803419,0.007326007326007326,0.020512820512820513,0.0017094017094017094,0.007081807081807082,23.94,-41.19,68.31,xinchao0
0.003418803418803419,0.00757020757020757,0.020512820512820513,0.002197802197802198,0.006593406593406593,29.5,-37.38,76.81,xinchao0
0.003418803418803419,0.00757020757020757,0.020512820512820513,0.002442002442002442,0.006105006105006105,25.62,-37.38,72.06,xinchao0
0.003663003663003663,0.007814407814407814,0.020512820512820513,0.002686202686202686,0.005616605616605617,13.56,-37.38,57.81,xinchao0
0.003663003663003663,0.00805860805860806,0.020512820512820513,0.0029304029304029304,0.004395604395604396,1.94,-34.75,42.44,xinchao0
0.003663003663003663,0.00805860805860806,0.020512820512820513,0.0029304029304029304,0.003418803418803419,357.37,-33.69,37.94,xinchao0
0.003418803418803419,0.00805860805860806,0.020757020757020756,0.0029304029304029304,0.0029304029304029304,2.81,-37.25,45.0,xinchao0
0.003418803418803419,0.00805860805860806,0.021001221001221003,0.0029304029304029304,0.002442002442002442,12.75,-41.94,58.88,xinchao0
0.003418803418803419,0.00805860805860806,0.021245421245421246,0.0029304029304029304,0.002197802197802198,22.44,-38.94,78.0,xinchao0
0.003663003663003663,0.008547008547008548,0.02148962148962149,0.0031746031746031746,0.0019536019536019536,26.44,-35.63,84.31,xinchao0
0.003907203907203907,0.00927960927960928,0.02148962148962149,0.003418803418803419,0.0017094017094017094,18.5,-38.69,69.25,xinchao0
0.003907203907203907,0.009768009768009768,0.021733821733821733,0.003418803418803419,0.002686202686202686,7.94,-37.81,50.0,xinchao0
0.004151404151404151,0.010256410256410256,0.02197802197802198,0.003663003663003663,0.003418803418803419,359.56,-36.31,37.94,xinchao0
0.003907203907203907,0.010256410256410256,0.021733821733821733,0.003663003663003663,0.003907203907203907,1.37,-38.25,43.06,xinchao0
0.003907203907203907,0.010012210012210013,0.021733821733821733,0.003663003663003663,0.004151404151404151,9.0,-41.88,53.5,xinchao0
0.003907203907203907,0.009523809523809525,0.021733821733821733,0.003663003663003663,0.00463980463980464,17.44,-42.19,67.94,xinchao0
0.003907203907203907,0.00927960927960928,0.021733821733821733,0.003907203907203907,0.00463980463980464,25.06,-39.81,79.87,xinchao0
0.003907203907203907,0.00927960927960928,0.021245421245421246,0.004151404151404151,0.004884004884004884,21.44,-40.44,73.31,xinchao0
0.003907203907203907,0.009035409035409036,0.020512820512820513,0.004395604395604396,0.004884004884004884,10.81,-38.31,58.13,xinchao0
0.003907203907203907,0.009035409035409036,0.01978021978021978,0.00463980463980464,0.003663003663003663,3.25,-36.38,47.69,xinchao0
0.003663003663003663,0.008547008547008548,0.019536019536019536,0.00463980463980464,0.0029304029304029304,359.81,-36.88,42.81,xinchao0
0.003418803418803419,0.00805860805860806,0.01904761904761905,0.004395604395604396,0.002442002442002442,3.87,-39.44,47.56,xinchao0
0.003418803418803419,0.00757020757020757,0.018803418803418803,0.004395604395604396,0.0019536019536019536,12.0,-40.5,63.0,xinchao0
0.0031746031746031746,0.007326007326007326,0.018803418803418803,0.004151404151404151,0.0017094017094017094,15.19,-36.88,80.69,xinchao0
0.003418803418803419,0.007081807081807082,0.018803418803418803,0.004151404151404151,0.002686202686202686,14.75,-37.19,79.06,xinchao0
0.003663003663003663,0.007081807081807082,0.018803418803418803,0.003907203907203907,0.003418803418803419,9.88,-38.38,66.94,xinchao0
0.003663003663003663,0.007081807081807082,0.01904761904761905,0.003907203907203907,0.003907203907203907,1.31,-36.88,50.69,xinchao0
0.003907203907203907,0.007081807081807082,0.01904761904761905,0.003663003663003663,0.004395604395604396,355.06,-34.69,42.75,xinchao0
0.003663003663003663,0.006837606837606838,0.01904761904761905,0.003418803418803419,0.00463980463980464,356.75,-36.25,44.69,xinchao0
0.003663003663003663,0.006349206349206349,0.01904761904761905,0.0031746031746031746,0.004884004884004884,5.62,-40.25,51.5,xinchao0
0.003418803418803419,0.006349206349206349,0.01904761904761905,0.0029304029304029304,0.006105006105006105,15.5,-39.5,71.37,xinchao0
0.003418803418803419,0.006349206349206349,0.01904761904761905,0.0029304029304029304,0.007081807081807082,23.5,-35.31,85.19,xinchao0
0.003663003663003663,0.006349206349206349,0.01904761904761905,0.0031746031746031746,0.00757020757020757,21.87,-36.63,78.5,xinchao0
0.003663003663003663,0.006593406593406593,0.01904761904761905,0.0031746031746031746,0.00805860805860806,12.81,-37.19,59.81,xinchao0
0.003907203907203907,0.006593406593406593,0.01904761904761905,0.0031746031746031746,0.008547008547008548,2.5,-34.63,44.0,xinchao0
0.003907203907203907,0.006349206349206349,0.01904761904761905,0.0031746031746031746,0.008547008547008548,359.12,-34.44,42.19,xinchao0
0.003663003663003663,0.006105006105006105,0.019291819291819293,0.0029304029304029304,0.008791208791208791,4.25,-36.56,50.25,xinchao0
0.003663003663003663,0.006105006105006105,0.019536019536019536,0.0029304029304029304,0.00757020757020757,13.19,-40.19,57.25,xinchao0
0.003418803418803419,0.006105006105006105,0.019536019536019536,0.002686202686202686,0.005616605616605617,22.94,-40.25,72.81,xinchao0
0.003418803418803419,0.006105006105006105,0.01978021978021978,0.002686202686202686,0.004395604395604396,29.37,-37.94,81.94,xinchao0
0.003418803418803419,0.006105006105006105,0.01978021978021978,0.002686202686202686,0.003418803418803419,25.87,-38.69,76.81,xinchao0
0.003418803418803419,0.006105006105006105,0.01978021978021978,0.002686202686202686,0.002686202686202686,15.13,-36.19,62.56,xinchao0
0.003418803418803419,0.006105006105006105,0.01978021978021978,0.002686202686202686,0.002442002442002442,2.94,-30.31,48.88,xinchao0
0.003418803418803419,0.006105006105006105,0.020024420024420026,0.002686202686202686,0.0019536019536019536,0.06,-31.62,44.0,xinchao0
0.003418803418803419,0.005860805860805861,0.020757020757020756,0.002442002442002442,0.0029304029304029304,4.0,-34.81,49.69,xinchao0
0.003663003663003663,0.005860805860805861,0.021001221001221003,0.002442002442002442,0.003663003663003663,12.69,-36.94,59.0,xinchao0
0.003663003663003663,0.005616605616605617,0.02148962148962149,0.002197802197802198,0.005128205128205128,21.19,-37.06,69.06,xinchao0
0.003907203907203907,0.005616605616605617,0.02148962148962149,0.002197802197802198,0.006349206349206349,22.31,-35.88,73.94,xinchao0
0.003907203907203907,0.005616605616605617,0.02148962148962149,0.002442002442002442,0.007081807081807082,13.5,-33.75,63.06,xinchao0
0.003907203907203907,0.005616605616605617,0.021245421245421246,0.002686202686202686,0.00757020757020757,3.69,-29.44,49.19,xinchao0
0.003907203907203907,0.005372405372405372,0.021001221001221003,0.002686202686202686,0.00805860805860806,358.81,-27.69,41.19,xinchao0
0.003907203907203907,0.005372405372405372,0.020757020757020756,0.002686202686202686,0.007081807081807082,2.81,-31.06,46.0,xinchao0
0.003907203907203907,0.005128205128205128,0.020757020757020756,0.002686202686202686,0.006593406593406593,12.69,-37.81,56.38,xinchao0
0.004151404151404151,0.004884004884004884,0.020757020757020756,0.002686202686202686,0.006105006105006105,22.37,-40.38,69.69,xinchao0
0.004151404151404151,0.004884004884004884,0.020757020757020756,0.0029304029304029304,0.005860805860805861,25.37,-39.44,74.5,xinchao0
0.004395604395604396,0.005128205128205128,0.020512820512820513,0.003663003663003663,0.005616605616605617,18.25,-37.63,65.44,xinchao0
0.004395604395604396,0.005128205128205128,0.01978021978021978,0.004151404151404151,0.005616605616605617,7.25,-34.19,50.0,xinchao0
0.004151404151404151,0.005372405372405372,0.019291819291819293,0.004395604395604396,0.005372405372405372,0.31,-33.06,40.81,xinchao0
0.003907203907203907,0.005372405372405372,0.01904761904761905,0.003907203907203907,0.004151404151404151,3.25,-35.75,45.81,xinchao0
0.003907203907203907,0.005372405372405372,0.018803418803418803,0.003907203907203907,0.003418803418803419,10.94,-39.44,55.63,xinchao0
0.003663003663003663,0.005372405372405372,0.01855921855921856,0.003663003663003663,0.002686202686202686,21.19,-40.38,71.44,xinchao0
0.003663003663003663,0.005616605616605617,0.018315018315018316,0.003663003663003663,0.002197802197802198,27.56,-38.25,79.0,xinchao0
0.003663003663003663,0.005616605616605617,0.018070818070818073,0.003907203907203907,0.0031746031746031746,21.19,-38.0,70.19,xinchao0
0.003663003663003663,0.005616605616605617,0.017826617826617826,0.003907203907203907,0.003663003663003663,10.25,-35.25,54.19,xinchao0
0.003663003663003663,0.005616605616605617,0.017582417582417582,0.003907203907203907,0.004151404151404151,2.25,-34.0,44.06,xinchao0
0.003663003663003663,0.005372405372405372,0.01733821733821734,0.003907203907203907,0.00463980463980464,2.31,-35.63,45.5,xinchao0
0.003663003663003663,0.005372405372405372,0.01733821733821734,0.003663003663003663,0.005860805860805861,8.63,-38.81,54.94,xinchao0
0.003663003663003663,0.005128205128205128,0.017094017094017096,0.003663003663003663,0.006837606837606838,17.0,-40.56,70.25,xinchao0
0.003663003663003663,0.004884004884004884,0.017094017094017096,0.003663003663003663,0.007326007326007326,24.37,-38.81,79.81,xinchao0
0.003907203907203907,0.005128205128205128,0.017094017094017096,0.004151404151404151,0.007814407814407814,21.25,-38.5,72.94,xinchao0
0.003907203907203907,0.005128205128205128,0.01684981684981685,0.004395604395604396,0.00805860805860806,11.63,-35.75,57.25,xinchao0
0.003907203907203907,0.005128205128205128,0.016605616605616606,0.00463980463980464,0.007326007326007326,3.56,-32.81,44.31,xinchao0
0.003907203907203907,0.005128205128205128,0.01611721611721612,0.004884004884004884,0.006593406593406593,2.87,-34.44,43.81,xinchao0
0.003907203907203907,0.005128205128205128,0.01611721611721612,0.004884004884004884,0.006105006105006105,9.25,-38.56,55.94,xinchao0
0.003907203907203907,0.005128205128205128,0.015873015873015872,0.005128205128205128,0.005860805860805861,18.06,-41.81,71.37,xinchao0
0.003907203907203907,0.005128205128205128,0.015873015873015872,0.004884004884004884,0.004395604395604396,23.75,-42.25,79.81,xinchao0
0.003907203907203907,0.005616605616605617,0.01562881562881563,0.004884004884004884,0.003418803418803419,19.37,-42.06,72.12,xinchao0
0.003907203907203907,0.005860805860805861,0.015873015873015872,0.004884004884004884,0.0029304029304029304,8.81,-38.19,51.19,xinchao0
0.004151404151404151,0.007081807081807082,0.01684981684981685,0.004395604395604396,0.002442002442002442,0.0,-28.87,35.63,xinchao0
0.004884004884004884,0.010012210012210013,0.020512820512820513,0.002442002442002442,0.0019536019536019536,0.88,-29.12,37.31,xinchao0
0.005616605616605617,0.013675213675213675,0.025396825396825397,0.0004884004884004884,0.0019536019536019536,9.56,-35.44,44.5,xinchao0
0.006105006105006105,0.016605616605616606,0.028815628815628817,0.0009768009768009768,0.002686202686202686,19.44,-40.13,57.81,xinchao0
0.006593406593406593,0.018803418803418803,0.03125763125763126,0.002197802197802198,0.00463980463980464,24.12,-41.94,66.25,xinchao0
0.006593406593406593,0.02026862026862027,0.03296703296703297,0.0029304029304029304,0.005860805860805861,16.69,-38.44,56.5,xinchao0
0.006593406593406593,0.021245421245421246,0.03394383394383394,0.003418803418803419,0.006837606837606838,5.06,-31.06,41.81,xinchao0
0.006349206349206349,0.021245421245421246,0.03467643467643468,0.003663003663003663,0.007326007326007326,357.31,-27.12,37.25,xinchao0
0.006105006105006105,0.021001221001221003,0.035164835164835165,0.004151404151404151,0.007814407814407814,359.06,-29.81,38.06,xinchao0
0.006105006105006105,0.020757020757020756,0.03540903540903541,0.00463980463980464,0.007081807081807082,7.69,-34.06,46.38,xinchao0
0.006105006105006105,0.020757020757020756,0.03565323565323565,0.004884004884004884,0.006349206349206349,18.69,-37.69,62.5,xinchao0
0.006593406593406593,0.021001221001221003,0.03565323565323565,0.004884004884004884,0.004884004884004884,27.06,-37.38,73.5,xinchao0
0.006837606837606838,0.021245421245421246,0.035897435897435895,0.004395604395604396,0.003907203907203907,22.37,-37.5,64.81,xinchao0
0.006837606837606838,0.02148962148962149,0.03467643467643468,0.004151404151404151,0.0029304029304029304,9.94,-34.88,49.13,xinchao0
0.006593406593406593,0.021733821733821733,0.03394383394383394,0.003907203907203907,0.002442002442002442,359.06,-30.44,38.75,xinchao0
0.006349206349206349,0.021245421245421246,0.03321123321123321,0.003663003663003663,0.0019536019536019536,358.0,-30.75,38.19,xinchao0
0.006105006105006105,0.021001221001221003,0.032722832722832725,0.003663003663003663,0.0017094017094017094,5.56,-35.19,46.63,xinchao0
0.005860805860805861,0.020757020757020756,0.03247863247863248,0.003663003663003663,0.0004884004884004884,15.63,-38.44,61.13,xinchao0
0.005860805860805861,0.020757020757020756,0.03199023199023199,0.003418803418803419,0.0007326007326007326,22.62,-36.81,73.06,xinchao0
0.005616605616605617,0.020757020757020756,0.03125763125763126,0.002686202686202686,0.0007326007326007326,21.19,-36.63,69.31,xinchao0
0.005616605616605617,0.020757020757020756,0.03028083028083028,0.002197802197802198,0.0009768009768009768,11.63,-34.06,52.25,xinchao0
0.005616605616605617,0.020024420024420026,0.02905982905982906,0.0017094017094017094,0.0009768009768009768,1.37,-28.81,36.5,xinchao0
0.005372405372405372,0.019291819291819293,0.028083028083028084,0.001221001221001221,0.002197802197802198,0.44,-29.31,38.75,xinchao0
0.005372405372405372,0.01855921855921856,0.027594627594627594,0.0009768009768009768,0.0031746031746031746,6.81,-34.75,48.13,xinchao0
0.005372405372405372,0.018070818070818073,0.027106227106227107,0.0007326007326007326,0.003663003663003663,16.69,-38.13,63.38,xinchao0
0.005372405372405372,0.017582417582417582,0.026862026862026864,0.0004884004884004884,0.004151404151404151,23.87,-36.75,74.25,xinchao0
0.005616605616605617,0.01733821733821734,0.025885225885225887,0.0,0.005616605616605617,21.62,-36.06,68.5,xinchao0
0.005616605616605617,0.017094017094017096,0.025152625152625153,0.0002442002442002442,0.006593406593406593,11.31,-32.75,49.94,xinchao0
0.005616605616605617,0.01684981684981685,0.024664224664224663,0.0004884004884004884,0.007326007326007326,0.37,-28.56,38.31,xinchao0
0.005616605616605617,0.01611721611721612,0.02490842490842491,0.0002442002442002442,0.007814407814407814,357.69,-27.87,37.69,xinchao0
0.005616605616605617,0.015873015873015872,0.025152625152625153,0.0,0.007081807081807082,3.0,-31.81,43.25,xinchao0
0.005616605616605617,0.015384615384615385,0.025396825396825397,0.0002442002442002442,0.006593406593406593,12.81,-36.75,57.31,xinchao0
0.005860805860805861,0.015384615384615385,0.02564102564102564,0.0002442002442002442,0.003663003663003663,23.19,-35.75,75.56,xinchao0
0.006105006105006105,0.01611721611721612,0.02564102564102564,0.0,0.0019536019536019536,25.06,-37.06,72.81,xinchao0
0.006105006105006105,0.016605616605616606,0.025885225885225887,0.0002442002442002442,0.0004884004884004884,16.31,-37.13,58.13,xinchao0
0.006349206349206349,0.017094017094017096,0.025885225885225887,0.0002442002442002442,0.0007326007326007326,4.5,-33.25,43.19,xinchao0
0.006105006105006105,0.017582417582417582,0.02612942612942613,0.0002442002442002442,0.0009768009768009768,1.56,-33.19,40.69,xinchao0
0.005860805860805861,0.017582417582417582,0.026617826617826617,0.0002442002442002442,0.0009768009768009768,7.81,-37.06,52.56,xinchao0
0.005860805860805861,0.017826617826617826,0.026617826617826617,0.0004884004884004884,0.001221001221001221,15.94,-38.25,66.81,xinchao0
0.005860805860805861,0.017826617826617826,0.026862026862026864,0.0007326007326007326,0.001221001221001221,22.87,-37.0,75.19,xinchao0
0.005860805860805861,0.018070818070818073,0.026862026862026864,0.0004884004884004884,0.001221001221001221,20.81,-37.94,68.56,xinchao0
0.005860805860805861,0.018070818070818073,0.02612942612942613,0.0004884004884004884,0.001221001221001221,10.88,-34.0,54.56,xinchao0
0.005860805860805861,0.017826617826617826,0.025885225885225887,0.0002442002442002442,0.001221001221001221,1.06,-30.44,36.25,xinchao0
0.005860805860805861,0.01733821733821734,0.025396825396825397,0.0002442002442002442,0.002442002442002442,2.12,-32.69,41.31,xinchao0
0.005860805860805861,0.017094017094017096,0.025885225885225887,0.0002442002442002442,0.0031746031746031746,10.19,-38.38,52.88,xinchao0
0.005860805860805861,0.01684981684981685,0.025885225885225887,0.0002442002442002442,0.003907203907203907,19.06,-40.75,67.94,xinchao0
0.005860805860805861,0.01684981684981685,0.02612942612942613,0.0002442002442002442,0.005372405372405372,26.06,-38.56,80.81,xinchao0
0.005860805860805861,0.017094017094017096,0.025885225885225887,0.0002442002442002442,0.006593406593406593,23.94,-39.13,76.31,xinchao0
0.006105006105006105,0.01733821733821734,0.02564102564102564,0.0004884004884004884,0.007326007326007326,13.31,-37.06,56.19,xinchao0
0.006105006105006105,0.01733821733821734,0.025396825396825397,0.0007326007326007326,0.007814407814407814,1.12,-31.87,37.5,xinchao0
0.006105006105006105,0.017094017094017096,0.025396825396825397,0.0007326007326007326,0.008302808302808303,358.5,-31.69,35.94,xinchao0
0.006105006105006105,0.016605616605616606,0.025152625152625153,0.0004884004884004884,0.007326007326007326,5.19,-37.31,46.13,xinchao0
0.006105006105006105,0.016361416361416362,0.025152625152625153,0.0004884004884004884,0.006593406593406593,16.69,-41.0,67.69,xinchao0
0.006105006105006105,0.01611721611721612,0.025152625152625153,0.0002442002442002442,0.006349206349206349,25.0,-39.13,80.56,xinchao0
0.006349206349206349,0.016605616605616606,0.025152625152625153,0.0007326007326007326,0.00463980463980464,23.12,-39.38,75.62,xinchao0
0.006349206349206349,0.01684981684981685,0.02490842490842491,0.0009768009768009768,0.002442002442002442,13.31,-36.81,58.69,xinchao0
0.006593406593406593,0.017094017094017096,0.024664224664224663,0.001221001221001221,0.0009768009768009768,2.44,-32.25,41.13,xinchao0
0.006349206349206349,0.01733821733821734,0.02442002442002442,0.001221001221001221,0.0002442002442002442,359.0,-32.69,37.0,xinchao0
0.006349206349206349,0.01733821733821734,0.02490842490842491,0.0007326007326007326,0.0002442002442002442,6.31,-37.31,47.69,xinchao0
0.006105006105006105,0.01733821733821734,0.025152625152625153,0.0004884004884004884,0.0004884004884004884,16.69,-40.31,64.81,xinchao0
0.006349206349206349,0.017826617826617826,0.02564102564102564,0.0002442002442002442,0.0007326007326007326,23.87,-40.63,77.94,xinchao0
0.006349206349206349,0.018070818070818073,0.025885225885225887,0.0007326007326007326,0.0019536019536019536,21.37,-42.06,74.12,xinchao0
0.006593406593406593,0.01855921855921856,0.02564102564102564,0.0009768009768009768,0.0029304029304029304,12.0,-41.06,57.06,xinchao0
0.006593406593406593,0.018803418803418803,0.025396825396825397,0.001221001221001221,0.003663003663003663,359.62,-36.31,35.31,xinchao0
0.006349206349206349,0.01855921855921856,0.02490842490842491,0.001221001221001221,0.004151404151404151,355.31,-34.19,31.44,xinchao0
0.006105006105006105,0.01855921855921856,0.024664224664224663,0.0009768009768009768,0.004395604395604396,2.44,-38.94,41.25,xinchao0
0.005860805860805861,0.01855921855921856,0.02442002442002442,0.0009768009768009768,0.00463980463980464,12.38,-42.75,61.06,xinchao0
0.005860805860805861,0.01855921855921856,0.024175824175824177,0.0009768009768009768,0.004884004884004884,21.31,-40.69,77.12,xinchao0
0.005616605616605617,0.01855921855921856,0.023931623931623933,0.001221001221001221,0.003907203907203907,18.0,-41.19,66.94,xinchao0
0.005616605616605617,0.018803418803418803,0.023931623931623933,0.001221001221001221,0.0031746031746031746,6.31,-38.06,45.94,xinchao0
0.005616605616605617,0.018803418803418803,0.023931623931623933,0.0014652014652014652,0.002442002442002442,356.12,-31.62,33.69,xinchao0
0.005616605616605617,0.01904761904761905,0.023931623931623933,0.0014652014652014652,0.002197802197802198,356.31,-33.5,33.63,xinchao0
0.005372405372405372,0.01904761904761905,0.023931623931623933,0.0014652014652014652,0.0019536019536019536,3.94,-39.94,44.06,xinchao0
0.005372405372405372,0.01904761904761905,0.023931623931623933,0.0017094017094017094,0.0017094017094017094,16.69,-45.13,63.44,xinchao0
0.005372405372405372,0.019291819291819293,0.023931623931623933,0.002197802197802198,0.002686202686202686,25.25,-45.06,74.06,xinchao0
0.005372405372405372,0.019536019536019536,0.0231990231990232,0.003418803418803419,0.003418803418803419,21.56,-44.5,68.94,xinchao0
0.005372405372405372,0.01978021978021978,0.02197802197802198,0.004151404151404151,0.003907203907203907,12.13,-40.13,54.13,xinchao0
0.005616605616605617,0.020024420024420026,0.02026862026862027,0.004884004884004884,0.004151404151404151,0.75,-32.94,35.25,xinchao0
0.005616605616605617,0.019291819291819293,0.01904761904761905,0.005128205128205128,0.00463980463980464,357.87,-33.13,32.56,xinchao0
0.005616605616605617,0.018315018315018316,0.018315018315018316,0.005372405372405372,0.005860805860805861,6.12,-39.94,42.5,xinchao0
0.005616605616605617,0.017826617826617826,0.017826617826617826,0.005616605616605617,0.006837606837606838,17.25,-45.0,56.81,xinchao0
0.005616605616605617,0.01733821733821734,0.018315018315018316,0.005616605616605617,0.007326007326007326,25.94,-45.88,72.0,xinchao0
0.005616605616605617,0.01733821733821734,0.01855921855921856,0.005860805860805861,0.007814407814407814,22.37,-45.63,65.56,xinchao0
0.005616605616605617,0.017094017094017096,0.018803418803418803,0.005860805860805861,0.008302808302808303,11.94,-39.63,48.19,xinchao0
0.005372405372405372,0.017094017094017096,0.019291819291819293,0.005860805860805861,0.008547008547008548,0.5,-33.06,34.75,xinchao0
0.005372405372405372,0.016605616605616606,0.019536019536019536,0.005860805860805861,0.008547008547008548,358.62,-32.19,35.5,xinchao0
0.005372405372405372,0.015873015873015872,0.020024420024420026,0.005616605616605617,0.008791208791208791,4.87,-36.75,43.69,xinchao0
0.005128205128205128,0.01562881562881563,0.02026862026862027,0.005616605616605617,0.008791208791208791,13.63,-41.75,54.06,xinchao0
0.005128205128205128,0.015384615384615385,0.020512820512820513,0.005372405372405372,0.007814407814407814,22.12,-43.5,70.19,xinchao0
0.005372405372405372,0.01562881562881563,0.020757020757020756,0.005616605616605617,0.007081807081807082,21.75,-43.88,72.25,xinchao0
0.005372405372405372,0.015873015873015872,0.021001221001221003,0.005616605616605617,0.005372405372405372,13.31,-41.13,57.56,xinchao0
0.005372405372405372,0.01611721611721612,0.021001221001221003,0.005860805860805861,0.004151404151404151,3.25,-32.88,45.25,xinchao0
0.005616605616605617,0.016361416361416362,0.021733821733821733,0.005860805860805861,0.0031746031746031746,357.44,-29.25,37.38,xinchao0
0.005616605616605617,0.016361416361416362,0.022222222222222223,0.005372405372405372,0.003907203907203907,0.25,-32.81,41.63,xinchao0
0.005616605616605617,0.016361416361416362,0.02271062271062271,0.005128205128205128,0.004151404151404151,9.0,-39.81,51.56,xinchao0
0.005860805860805861,0.016361416361416362,0.022954822954822957,0.004884004884004884,0.004395604395604396,16.62,-44.38,64.94,xinchao0
0.005860805860805861,0.016361416361416362,0.0231990231990232,0.004884004884004884,0.005860805860805861,18.62,-45.5,67.56,xinchao0
0.006105006105006105,0.016605616605616606,0.0231990231990232,0.00463980463980464,0.006837606837606838,13.81,-41.31,55.75,xinchao0
0.006105006105006105,0.01684981684981685,0.023443223443223443,0.00463980463980464,0.00757020757020757,6.5,-33.81,43.56,xinchao0
0.005860805860805861,0.01684981684981685,0.023443223443223443,0.00463980463980464,0.00805860805860806,1.75,-31.87,37.31,xinchao0
0.005616605616605617,0.017094017094017096,0.024664224664224663,0.004151404151404151,0.008302808302808303,6.0,-35.31,41.81,xinchao0
0.005616605616605617,0.01733821733821734,0.02564102564102564,0.003663003663003663,0.008547008547008548,13.88,-40.63,53.63,xinchao0
0.005372405372405372,0.017582417582417582,0.026373626373626374,0.003418803418803419,0.008547008547008548,20.06,-43.19,68.37,xinchao0
0.005616605616605617,0.017826617826617826,0.026862026862026864,0.0031746031746031746,0.008791208791208791,18.75,-43.38,67.5,xinchao0
0.005616605616605617,0.018070818070818073,0.026862026862026864,0.0029304029304029304,0.008791208791208791,10.63,-38.44,52.75,xinchao0
0.005616605616605617,0.018070818070818073,0.026862026862026864,0.0029304029304029304,0.009035409035409036,3.06,-31.75,42.19,xinchao0
0.005372405372405372,0.018070818070818073,0.026862026862026864,0.002442002442002442,0.009035409035409036,2.0,-31.19,40.19,xinchao0
0.004884004884004884,0.017826617826617826,0.02735042735042735,0.0019536019536019536,0.006593406593406593,8.44,-35.69,46.5,xinchao0
0.00463980463980464,0.017582417582417582,0.027594627594627594,0.0017094017094017094,0.005128205128205128,17.44,-40.5,60.94,xinchao0
0.004395604395604396,0.017582417582417582,0.027594627594627594,0.0014652014652014652,0.003907203907203907,23.44,-41.0,75.75,xinchao0
0.004395604395604396,0.017826617826617826,0.027594627594627594,0.0014652014652014652,0.0029304029304029304,21.37,-41.56,70.75,xinchao0
0.00463980463980464,0.017826617826617826,0.02735042735042735,0.0019536019536019536,0.002442002442002442,12.56,-38.06,59.5,xinchao0
0.00463980463980464,0.018070818070818073,0.027106227106227107,0.002197802197802198,0.002197802197802198,2.94,-32.75,44.56,xinchao0
0.004884004884004884,0.018070818070818073,0.027106227106227107,0.002197802197802198,0.0029304029304029304,359.62,-32.38,40.63,xinchao0
0.004884004884004884,0.017826617826617826,0.02735042735042735,0.0019536019536019536,0.003663003663003663,6.12,-37.0,46.88,xinchao0
0.004884004884004884,0.017582417582417582,0.027594627594627594,0.0017094017094017094,0.003907203907203907,16.37,-40.75,64.19,xinchao0
0.004884004884004884,0.017582417582417582,0.02783882783882784,0.0014652014652014652,0.004395604395604396,24.0,-40.0,77.5,xinchao0
0.005372405372405372,0.017826617826617826,0.028327228327228327,0.001221001221001221,0.00463980463980464,21.37,-40.38,69.69,xinchao0
0.005616605616605617,0.019291819291819293,0.02857142857142857,0.0009768009768009768,0.00463980463980464,10.31,-35.88,49.5,xinchao0
0.006105006105006105,0.02026862026862027,0.029304029304029304,0.0002442002442002442,0.005860805860805861,0.31,-30.62,32.94,xinchao0
0.006349206349206349,0.020757020757020756,0.03028083028083028,0.0002442002442002442,0.006837606837606838,1.31,-32.88,35.38,xinchao0
0.006349206349206349,0.021245421245421246,0.03076923076923077,0.0007326007326007326,0.00757020757020757,10.94,-40.13,47.56,xinchao0
0.006349206349206349,0.02148962148962149,0.03125763125763126,0.0009768009768009768,0.00805860805860806,22.75,-42.69,68.81,xinchao0
0.006349206349206349,0.021733821733821733,0.03125763125763126,0.0007326007326007326,0.007081807081807082,25.0,-43.44,70.31,xinchao0
0.006593406593406593,0.022466422466422466,0.0315018315018315,0.0007326007326007326,0.005372405372405372,15.0,-41.94,54.13,xinchao0
0.006837606837606838,0.02271062271062271,0.031746031746031744,0.0007326007326007326,0.004151404151404151,1.75,-33.06,37.75,xinchao0
0.006837606837606838,0.0231990231990232,0.03199023199023199,0.0009768009768009768,0.0031746031746031746,354.31,-28.25,29.94,xinchao0
0.006837606837606838,0.023687423687423687,0.033455433455433455,0.0019536019536019536,0.002442002442002442,358.69,-31.75,32.5,xinchao0
0.006837606837606838,0.023931623931623933,0.035164835164835165,0.002686202686202686,0.0031746031746031746,11.44,-38.19,41.44,xinchao0
0.006837606837606838,0.024664224664224663,0.03711843711843712,0.003663003663003663,0.003907203907203907,21.12,-41.69,54.13,xinchao0
0.006837606837606838,0.025152625152625153,0.038583638583638585,0.00463980463980464,0.004395604395604396,16.75,-41.38,50.81,xinchao0
0.007081807081807082,0.025396825396825397,0.03956043956043956,0.005616605616605617,0.004395604395604396,3.62,-32.94,39.06,xinchao0
0.007081807081807082,0.02564102564102564,0.04053724053724054,0.006593406593406593,0.00463980463980464,353.0,-25.31,28.19,xinchao0
0.007081807081807082,0.02564102564102564,0.041025641025641026,0.007326007326007326,0.004884004884004884,354.06,-27.31,28.25,xinchao0
0.006837606837606838,0.025396825396825397,0.04126984126984127,0.007814407814407814,0.006105006105006105,5.0,-34.63,35.94,xinchao0
0.006837606837606838,0.025152625152625153,0.04126984126984127,0.008302808302808303,0.006837606837606838,17.44,-40.0,53.69,xinchao0
0.006837606837606838,0.025152625152625153,0.04126984126984127,0.008302808302808303,0.00757020757020757,24.19,-39.31,67.56,xinchao0
0.006593406593406593,0.02490842490842491,0.04053724053724054,0.00805860805860806,0.00805860805860806,19.19,-38.88,58.63,xinchao0
0.006593406593406593,0.02490842490842491,0.04004884004884005,0.007814407814407814,0.008302808302808303,5.56,-34.75,40.75,xinchao0
0.006593406593406593,0.024664224664224663,0.03956043956043956,0.007814407814407814,0.008547008547008548,354.81,-28.69,29.25,xinchao0
0.006593406593406593,0.02442002442002442,0.03907203907203907,0.00757020757020757,0.008547008547008548,356.31,-30.12,32.06,xinchao0
0.006349206349206349,0.023931623931623933,0.03882783882783883,0.00757020757020757,0.00757020757020757,6.19,-36.38,42.75,xinchao0
0.006349206349206349,0.023443223443223443,0.038583638583638585,0.007326007326007326,0.006837606837606838,18.25,-39.06,62.81,xinchao0
0.006349206349206349,0.022954822954822957,0.0380952380952381,0.006593406593406593,0.006349206349206349,23.75,-38.13,71.19,xinchao0
0.006349206349206349,0.02271062271062271,0.03711843711843712,0.005860805860805861,0.006105006105006105,19.25,-38.25,62.19,xinchao0
0.006349206349206349,0.022466422466422466,0.03663003663003663,0.005128205128205128,0.005860805860805861,7.5,-33.88,45.25,xinchao0
0.006349206349206349,0.022222222222222223,0.035897435897435895,0.00463980463980464,0.005616605616605617,356.44,-29.37,30.62,xinchao0
0.006349206349206349,0.02197802197802198,0.03540903540903541,0.004395604395604396,0.005372405372405372,358.31,-31.81,34.63,xinchao0
0.006349206349206349,0.021733821733821733,0.035164835164835165,0.004395604395604396,0.004151404151404151,7.5,-37.69,45.94,xinchao0
0.006349206349206349,0.021733821733821733,0.03492063492063492,0.004151404151404151,0.003418803418803419,16.94,-40.13,61.75,xinchao0
0.006349206349206349,0.021733821733821733,0.034432234432234435,0.003907203907203907,0.002686202686202686,23.37,-36.75,71.75,xinchao0
0.006349206349206349,0.021733821733821733,0.03394383394383394,0.003418803418803419,0.003418803418803419,18.81,-36.31,60.88,xinchao0
0.006349206349206349,0.021733821733821733,0.033455433455433455,0.0031746031746031746,0.003907203907203907,6.44,-33.31,44.38,xinchao0
0.006349206349206349,0.021733821733821733,0.03321123321123321,0.0029304029304029304,0.004395604395604396,356.12,-30.62,31.06,xinchao0
0.006349206349206349,0.021245421245421246,0.03296703296703297,0.002686202686202686,0.005616605616605617,357.44,-32.88,34.0,xinchao0
0.006349206349206349,0.020757020757020756,0.03296703296703297,0.002686202686202686,0.006593406593406593,7.31,-38.88,44.81,xinchao0
0.006349206349206349,0.020512820512820513,0.032722832722832725,0.002442002442002442,0.007326007326007326,19.37,-38.63,67.37,xinchao0
0.006349206349206349,0.020512820512820513,0.032722832722832725,0.002442002442002442,0.007814407814407814,27.44,-34.44,80.5,xinchao0
0.006349206349206349,0.020757020757020756,0.03247863247863248,0.002197802197802198,0.00805860805860806,23.62,-37.44,69.44,xinchao0
0.006349206349206349,0.021001221001221003,0.03247863247863248,0.0019536019536019536,0.006105006105006105,8.5,-35.81,46.75,xinchao0
0.006349206349206349,0.021245421245421246,0.03223443223443224,0.0017094017094017094,0.00463980463980464,356.75,-32.5,29.69,xinchao0
0.006105006105006105,0.021245421245421246,0.03199023199023199,0.0019536019536019536,0.003663003663003663,0.44,-34.69,37.69,xinchao0
0.006105006105006105,0.020757020757020756,0.031746031746031744,0.0019536019536019536,0.0029304029304029304,11.63,-39.0,50.44,xinchao0
0.006105006105006105,0.020512820512820513,0.0315018315018315,0.002197802197802198,0.002442002442002442,22.25,-36.31,71.06,xinchao0
0.006105006105006105,0.02026862026862027,0.03125763125763126,0.002197802197802198,0.0009768009768009768,25.87,-34.44,75.25,xinchao0
0.006105006105006105,0.02026862026862027,0.031013431013431014,0.0019536019536019536,0.0,15.69,-35.31,60.31,xinchao0
0.006105006105006105,0.020024420024420026,0.03028083028083028,0.0019536019536019536,0.0007326007326007326,0.81,-33.19,37.25,xinchao0
0.006105006105006105,0.020024420024420026,0.029792429792429794,0.0017094017094017094,0.0002442002442002442,352.75,-30.31,30.5,xinchao0
0.006105006105006105,0.019291819291819293,0.029548229548229547,0.0019536019536019536,0.0002442002442002442,357.81,-33.63,37.44,xinchao0
0.006105006105006105,0.018803418803418803,0.029304029304029304,0.002197802197802198,0.0004884004884004884,9.44,-38.5,52.13,xinchao0
0.006105006105006105,0.01855921855921856,0.029548229548229547,0.002197802197802198,0.0007326007326007326,20.44,-37.94,71.69,xinchao0
0.006105006105006105,0.018803418803418803,0.030036630036630037,0.002442002442002442,0.0019536019536019536,25.0,-38.0,76.31,xinchao0
0.006105006105006105,0.018803418803418803,0.03028083028083028,0.002197802197802198,0.0029304029304029304,16.44,-38.5,62.13,xinchao0
0.006105006105006105,0.018803418803418803,0.03028083028083028,0.002197802197802198,0.003663003663003663,2.19,-35.5,39.56,xinchao0
0.006105006105006105,0.018803418803418803,0.030525030525030524,0.002197802197802198,0.005128205128205128,352.94,-32.13,27.5,xinchao0
0.006105006105006105,0.01855921855921856,0.030525030525030524,0.002197802197802198,0.006349206349206349,357.25,-35.63,32.31,xinchao0
0.005860805860805861,0.018070818070818073,0.030525030525030524,0.002442002442002442,0.007081807081807082,8.81,-41.63,48.63,xinchao0
0.005860805860805861,0.017826617826617826,0.03076923076923077,0.002442002442002442,0.007814407814407814,17.81,-39.38,76.69,xinchao0
0.005860805860805861,0.017582417582417582,0.03076923076923077,0.002442002442002442,0.00805860805860806,21.69,-39.44,78.62,xinchao0
0.005860805860805861,0.018070818070818073,0.030525030525030524,0.0017094017094017094,0.007326007326007326,12.94,-40.06,62.75,xinchao0
0.005860805860805861,0.018315018315018316,0.030036630036630037,0.0014652014652014652,0.006593406593406593,0.81,-36.5,37.88,xinchao0
0.005616605616605617,0.01855921855921856,0.029548229548229547,0.001221001221001221,0.004884004884004884,354.44,-32.25,30.06,xinchao0
0.005372405372405372,0.01855921855921856,0.029304029304029304,0.0014652014652014652,0.003907203907203907,1.06,-36.25,37.25,xinchao0
0.005372405372405372,0.018315018315018316,0.02905982905982906,0.0014652014652014652,0.0029304029304029304,11.69,-40.31,54.94,xinchao0
0.005128205128205128,0.018070818070818073,0.02905982905982906,0.0017094017094017094,0.002442002442002442,20.81,-36.06,81.56,xinchao0
0.005372405372405372,0.017826617826617826,0.028815628815628817,0.0014652014652014652,0.0019536019536019536,23.75,-37.88,76.31,xinchao0
0.005616605616605617,0.017582417582417582,0.028815628815628817,0.0014652014652014652,0.0017094017094017094,12.69,-38.13,51.88,xinchao0
0.005616605616605617,0.017582417582417582,0.02857142857142857,0.001221001221001221,0.002686202686202686,358.31,-32.13,33.06,xinchao0
0.005616605616605617,0.01733821733821734,0.028327228327228327,0.0014652014652014652,0.003418803418803419,355.56,-31.44,30.44,xinchao0
0.005616605616605617,0.017094017094017096,0.028327228327228327,0.0014652014652014652,0.005128205128205128,2.81,-37.31,39.5,xinchao0
0.005860805860805861,0.01684981684981685,0.028327228327228327,0.0014652014652014652,0.006349206349206349,14.19,-42.56,60.94,xinchao0
0.005860805860805861,0.01684981684981685,0.028327228327228327,0.0014652014652014652,0.007081807081807082,21.62,-42.0,75.37,xinchao0
0.006105006105006105,0.017094017094017096,0.028327228327228327,0.0002442002442002442,0.00757020757020757,17.25,-42.19,67.19,xinchao0
0.006105006105006105,0.017582417582417582,0.028327228327228327,0.0007326007326007326,0.006837606837606838,5.75,-37.75,47.44,xinchao0
0.006105006105006105,0.017582417582417582,0.028083028083028084,0.0014652014652014652,0.006349206349206349,356.69,-33.5,30.37,xinchao0
0.005860805860805861,0.01733821733821734,0.028083028083028084,0.0017094017094017094,0.004884004884004884,359.19,-35.56,37.13,xinchao0
0.005616605616605617,0.017094017094017096,0.02783882783882784,0.0017094017094017094,0.003663003663003663,8.75,-41.63,51.69,xinchao0
0.005616605616605617,0.01684981684981685,0.028083028083028084,0.0019536019536019536,0.0029304029304029304,17.87,-42.38,71.81,xinchao0
0.005372405372405372,0.017094017094017096,0.028083028083028084,0.0019536019536019536,0.002442002442002442,21.87,-41.63,75.69,xinchao0
0.005616605616605617,0.017094017094017096,0.028327228327228327,0.002442002442002442,0.0019536019536019536,15.31,-39.56,64.25,xinchao0
0.005616605616605617,0.017094017094017096,0.02783882783882784,0.002686202686202686,0.0029304029304029304,3.0,-33.13,51.38,xinchao0
0.005860805860805861,0.01684981684981685,0.027594627594627594,0.0029304029304029304,0.003663003663003663,357.87,-32.25,34.44,xinchao0
0.005860805860805861,0.01611721611721612,0.02735042735042735,0.0031746031746031746,0.004151404151404151,0.75,-35.06,38.19,xinchao0
0.005860805860805861,0.01562881562881563,0.027106227106227107,0.0031746031746031746,0.005616605616605617,10.5,-40.0,52.06,xinchao0
0.006105006105006105,0.015384615384615385,0.02735042735042735,0.0031746031746031746,0.006593406593406593,18.56,-41.0,70.94,xinchao0
0.006349206349206349,0.015384615384615385,0.02735042735042735,0.0031746031746031746,0.007326007326007326,20.94,-41.75,72.37,xinchao0
0.006349206349206349,0.015384615384615385,0.027594627594627594,0.0031746031746031746,0.007814407814407814,12.5,-38.31,56.19,xinchao0
0.006593406593406593,0.01562881562881563,0.027594627594627594,0.0029304029304029304,0.008302808302808303,0.0,-30.94,36.88,xinchao0
0.006349206349206349,0.01562881562881563,0.027594627594627594,0.002686202686202686,0.008547008547008548,354.5,-28.25,31.12,xinchao0
0.006349206349206349,0.014896214896214897,0.027594627594627594,0.002442002442002442,0.008791208791208791,0.06,-32.31,36.5,xinchao0
0.006349206349206349,0.014652014652014652,0.027594627594627594,0.002197802197802198,0.008791208791208791,10.94,-38.44,49.88,xinchao0
0.006349206349206349,0.014163614163614164,0.027594627594627594,0.002442002442002442,0.009035409035409036,19.75,-38.25,72.62,xinchao0
0.006593406593406593,0.014163614163614164,0.027594627594627594,0.002686202686202686,0.009035409035409036,20.5,-38.81,69.19,xinchao0
0.006593406593406593,0.014163614163614164,0.02735042735042735,0.003418803418803419,0.007814407814407814,10.38,-35.25,55.5,xinchao0
0.006593406593406593,0.014163614163614164,0.026862026862026864,0.003663003663003663,0.007081807081807082,358.81,-31.31,31.87,xinchao0
0.006349206349206349,0.014163614163614164,0.026617826617826617,0.004151404151404151,0.006349206349206349,0.5,-32.63,37.13,xinchao0
0.006105006105006105,0.013431013431013432,0.02612942612942613,0.004395604395604396,0.005860805860805861,11.94,-34.75,55.56,xinchao0
0.005860805860805861,0.012698412698412698,0.025885225885225887,0.004395604395604396,0.005616605616605617,20.5,-36.5,63.75,xinchao0
0.005860805860805861,0.01221001221001221,0.025152625152625153,0.005128205128205128,0.005616605616605617,22.62,-37.44,61.81,xinchao0
0.005860805860805861,0.010744810744810745,0.022954822954822957,0.005616605616605617,0.006593406593406593,23.12,-35.56,61.0,xinchao0
0.005860805860805861,0.008791208791208791,0.021245421245421246,0.005860805860805861,0.007326007326007326,22.69,-33.69,62.13,xinchao0
0.005860805860805861,0.007326007326007326,0.01978021978021978,0.006105006105006105,0.007814407814407814,21.75,-33.81,62.31,xinchao0
0.005616605616605617,0.005860805860805861,0.018803418803418803,0.006349206349206349,0.008302808302808303,21.25,-33.5,61.75,xinchao0
0.005372405372405372,0.005128205128205128,0.018070818070818073,0.006349206349206349,0.008547008547008548,20.56,-34.0,61.69,xinchao0
0.005372405372405372,0.003907203907203907,0.01733821733821734,0.006105006105006105,0.008547008547008548,20.31,-33.69,61.06,xinchao0
0.005128205128205128,0.0029304029304029304,0.016605616605616606,0.006105006105006105,0.008791208791208791,19.44,-34.56,61.13,xinchao0
0.005128205128205128,0.002197802197802198,0.015873015873015872,0.006105006105006105,0.008791208791208791,18.12,-36.06,60.94,xinchao0
0.005128205128205128,0.0009768009768009768,0.014652014652014652,0.006105006105006105,0.008791208791208791,17.81,-36.38,60.5,xinchao0
0.005128205128205128,0.0,0.013675213675213675,0.005860805860805861,0.008791208791208791,17.62,-36.44,60.56,xinchao0
0.004884004884004884,0.001221001221001221,0.012698412698412698,0.005860805860805861,0.009035409035409036,17.19,-36.69,60.38,xinchao0
0.004884004884004884,0.002197802197802198,0.011477411477411478,0.005860805860805861,0.009035409035409036,16.75,-37.0,60.25,xinchao0
0.004884004884004884,0.0029304029304029304,0.010500610500610501,0.005616605616605617,0.009035409035409036,16.56,-37.13,60.0,xinchao0
0.004884004884004884,0.003663003663003663,0.009768009768009768,0.005616605616605617,0.009035409035409036,16.37,-37.44,60.0,xinchao0
0.004884004884004884,0.004395604395604396,0.009035409035409036,0.005616605616605617,0.007814407814407814,16.19,-37.75,60.13,xinchao0
0.004884004884004884,0.004884004884004884,0.008302808302808303,0.005616605616605617,0.007081807081807082,16.06,-37.75,60.13,xinchao0
0.004884004884004884,0.005128205128205128,0.00757020757020757,0.005616605616605617,0.006593406593406593,15.88,-37.69,59.94,xinchao0
0.004884004884004884,0.005372405372405372,0.007081807081807082,0.005616605616605617,0.006105006105006105,15.81,-37.69,59.88,xinchao0
0.005128205128205128,0.005616605616605617,0.006593406593406593,0.005616605616605617,0.005616605616605617,15.94,-37.75,60.0,xinchao0
0.005128205128205128,0.005616605616605617,0.006105006105006105,0.005616605616605617,0.005616605616605617,15.88,-37.81,59.94,xinchao0
0.005128205128205128,0.005616605616605617,0.005372405372405372,0.005616605616605617,0.006593406593406593,15.88,-37.88,60.0,xinchao0
0.005372405372405372,0.005616605616605617,0.004884004884004884,0.005860805860805861,0.007326007326007326,15.94,-37.94,59.94,xinchao0
0.005372405372405372,0.005860805860805861,0.00463980463980464,0.006349206349206349,0.007814407814407814,15.94,-38.06,60.06,xinchao0
0.005372405372405372,0.005860805860805861,0.003907203907203907,0.006593406593406593,0.008302808302808303,15.94,-38.06,60.13,xinchao0
0.005372405372405372,0.006105006105006105,0.003418803418803419,0.006837606837606838,0.008547008547008548,15.75,-38.13,60.0,xinchao0
0.005372405372405372,0.006105006105006105,0.0031746031746031746,0.007081807081807082,0.008791208791208791,15.63,-38.19,59.81,xinchao0
0.005372405372405372,0.006349206349206349,0.002442002442002442,0.007326007326007326,0.008791208791208791,15.56,-38.19,59.81,xinchao0
0.005372405372405372,0.006349206349206349,0.0019536019536019536,0.00757020757020757,0.007814407814407814,15.5,-38.19,59.88,xinchao0
0.005372405372405372,0.006349206349206349,0.0014652014652014652,0.00757020757020757,0.007081807081807082,15.38,-38.31,59.81,xinchao0
