flex1,flex2,flex3,flex4,flex5,imu_x,imu_y,imu_z,SIGN
0.002442002442002442,0.0,0.0031746031746031746,0.0019536019536019536,0.0004884004884004884,343.94,-12.56,108.12,test2
0.002442002442002442,0.0,0.0031746031746031746,0.0019536019536019536,0.0002442002442002442,343.87,-12.56,108.12,test2
0.002442002442002442,0.0,0.003418803418803419,0.0019536019536019536,0.0009768009768009768,343.75,-12.63,108.12,test2
0.002442002442002442,0.0,0.003418803418803419,0.002197802197802198,0.0014652014652014652,343.75,-12.63,108.19,test2
0.002442002442002442,0.0,0.003418803418803419,0.002197802197802198,0.0017094017094017094,343.75,-12.69,108.25,test2
0.002442002442002442,0.0,0.003418803418803419,0.002197802197802198,0.0019536019536019536,343.81,-12.63,108.25,test2
0.002442002442002442,0.0,0.003418803418803419,0.002197802197802198,0.0019536019536019536,343.75,-12.69,108.31,test2
0.002442002442002442,0.0,0.003418803418803419,0.002197802197802198,0.002197802197802198,343.75,-12.69,108.31,test2
0.002442002442002442,0.0,0.003418803418803419,0.002442002442002442,0.002197802197802198,343.75,-12.69,108.31,test2
0.002442002442002442,0.0,0.003418803418803419,0.002442002442002442,0.002197802197802198,343.69,-12.69,108.31,test2
0.002442002442002442,0.0002442002442002442,0.003418803418803419,0.002442002442002442,0.002197802197802198,343.75,-12.69,108.31,test2
0.002442002442002442,0.0002442002442002442,0.003418803418803419,0.002442002442002442,0.002197802197802198,343.75,-12.69,108.31,test2
0.002442002442002442,0.0002442002442002442,0.003418803418803419,0.002442002442002442,0.002197802197802198,343.69,-12.69,108.31,test2
0.002442002442002442,0.0004884004884004884,0.003418803418803419,0.002442002442002442,0.002197802197802198,343.69,-12.69,108.31,test2
0.002442002442002442,0.0004884004884004884,0.003663003663003663,0.002442002442002442,0.002197802197802198,343.69,-12.69,108.31,test2
0.002442002442002442,0.0004884004884004884,0.003663003663003663,0.002442002442002442,0.002197802197802198,343.69,-12.69,108.31,test2
0.002442002442002442,0.0004884004884004884,0.003663003663003663,0.002442002442002442,0.002197802197802198,343.69,-12.75,108.37,test2
0.002442002442002442,0.0004884004884004884,0.003907203907203907,0.002442002442002442,0.002442002442002442,343.62,-12.75,108.37,test2
0.002442002442002442,0.0004884004884004884,0.003907203907203907,0.002442002442002442,0.002442002442002442,343.62,-12.69,108.37,test2
0.002442002442002442,0.0004884004884004884,0.003907203907203907,0.002442002442002442,0.002442002442002442,343.69,-12.69,108.37,test2
0.002442002442002442,0.0004884004884004884,0.004151404151404151,0.002442002442002442,0.002442002442002442,343.69,-12.69,108.37,test2
0.002442002442002442,0.0004884004884004884,0.004151404151404151,0.002442002442002442,0.002442002442002442,343.69,-12.63,108.37,test2
0.002442002442002442,0.0004884004884004884,0.004151404151404151,0.002442002442002442,0.002442002442002442,343.69,-12.69,108.37,test2
0.002442002442002442,0.0004884004884004884,0.004151404151404151,0.002686202686202686,0.002442002442002442,343.69,-12.69,108.37,test2
0.002442002442002442,0.0004884004884004884,0.004151404151404151,0.002686202686202686,0.002442002442002442,343.75,-12.63,108.37,test2
0.002442002442002442,0.0004884004884004884,0.004151404151404151,0.002686202686202686,0.002442002442002442,343.69,-12.69,108.37,test2
0.002442002442002442,0.0004884004884004884,0.004151404151404151,0.002686202686202686,0.002442002442002442,343.75,-12.63,108.37,test2
0.002442002442002442,0.0004884004884004884,0.004151404151404151,0.002686202686202686,0.002442002442002442,343.81,-12.56,108.31,test2
0.002442002442002442,0.0004884004884004884,0.004151404151404151,0.002686202686202686,0.002442002442002442,343.81,-12.5,108.31,test2
0.002442002442002442,0.0004884004884004884,0.004151404151404151,0.002686202686202686,0.001221001221001221,343.87,-12.44,108.44,test2
0.002442002442002442,0.0002442002442002442,0.004151404151404151,0.002686202686202686,0.0002442002442002442,344.0,-12.44,108.44,test2
0.002442002442002442,0.0002442002442002442,0.004151404151404151,0.002686202686202686,0.0002442002442002442,344.12,-12.31,108.37,test2
0.002442002442002442,0.0,0.003907203907203907,0.002197802197802198,0.0007326007326007326,344.44,-12.19,107.87,test2
0.002442002442002442,0.0,0.003663003663003663,0.0007326007326007326,0.002197802197802198,343.94,-12.75,107.25,test2
0.002442002442002442,0.0002442002442002442,0.0007326007326007326,0.004884004884004884,0.0031746031746031746,343.19,-13.69,106.25,test2
0.001221001221001221,0.004151404151404151,0.010744810744810745,0.02148962148962149,0.004884004884004884,343.75,-13.81,105.69,test2
0.002442002442002442,0.01391941391941392,0.03199023199023199,0.04981684981684982,0.006349206349206349,343.44,-14.69,105.37,test2
0.008547008547008548,0.03247863247863248,0.0547008547008547,0.07936507936507936,0.008302808302808303,343.75,-15.25,104.75,test2
0.014896214896214897,0.05274725274725275,0.07423687423687424,0.10525030525030525,0.01098901098901099,341.94,-15.06,105.5,test2
0.021001221001221003,0.06788766788766788,0.08962148962148962,0.12478632478632479,0.012698412698412698,341.69,-14.69,105.19,test2
0.025396825396825397,0.07863247863247863,0.10036630036630037,0.1387057387057387,0.01391941391941392,341.81,-14.69,105.0,test2
0.028327228327228327,0.08595848595848596,0.10793650793650794,0.14822954822954823,0.014896214896214897,341.87,-14.63,104.94,test2
0.03028083028083028,0.09035409035409035,0.11233211233211234,0.1540903540903541,0.01562881562881563,341.94,-14.5,104.87,test2
0.031746031746031744,0.09304029304029304,0.11428571428571428,0.1575091575091575,0.015873015873015872,341.94,-14.25,104.69,test2
0.03223443223443224,0.0945054945054945,0.1137973137973138,0.15873015873015872,0.016361416361416362,341.69,-13.69,103.94,test2
0.03076923076923077,0.09377289377289377,0.1094017094017094,0.15702075702075702,0.015384615384615385,341.31,-13.69,105.06,test2
0.026617826617826617,0.08791208791208792,0.10427350427350428,0.14896214896214896,0.014652014652014652,340.81,-13.06,109.5,test2
0.023931623931623933,0.07692307692307693,0.09963369963369964,0.13235653235653236,0.013186813186813187,343.44,-10.81,111.75,test2
0.01978021978021978,0.06349206349206349,0.09084249084249084,0.11135531135531136,0.010744810744810745,344.69,-10.06,112.19,test2
0.01514041514041514,0.05225885225885226,0.0822954822954823,0.09181929181929183,0.00927960927960928,344.94,-9.94,112.44,test2
0.011477411477411478,0.04395604395604396,0.07545787545787545,0.07716727716727717,0.00805860805860806,345.06,-9.88,112.44,test2
0.008302808302808303,0.03833943833943834,0.07057387057387057,0.06666666666666667,0.007326007326007326,345.12,-9.75,112.44,test2
0.006105006105006105,0.03418803418803419,0.06691086691086691,0.05934065934065934,0.006837606837606838,345.12,-9.75,112.37,test2
0.004395604395604396,0.0315018315018315,0.06422466422466422,0.054212454212454214,0.006349206349206349,345.12,-9.75,112.37,test2
0.003418803418803419,0.029548229548229547,0.06227106227106227,0.05103785103785104,0.006105006105006105,345.12,-9.69,112.31,test2
0.002686202686202686,0.02857142857142857,0.06105006105006105,0.04884004884004884,0.005860805860805861,344.87,-9.69,110.81,test2
0.002197802197802198,0.027594627594627594,0.06031746031746032,0.047619047619047616,0.005860805860805861,343.19,-11.06,106.81,test2
0.0017094017094017094,0.028083028083028084,0.06227106227106227,0.052503052503052504,0.006837606837606838,341.06,-12.63,107.31,test2
0.003663003663003663,0.03565323565323565,0.0735042735042735,0.07106227106227106,0.00757020757020757,344.12,-12.13,106.44,test2
0.009768009768009768,0.05225885225885226,0.08693528693528693,0.09645909645909646,0.00927960927960928,343.56,-12.25,106.56,test2
0.018315018315018316,0.06886446886446887,0.09743589743589744,0.11746031746031746,0.010500610500610501,344.12,-12.13,106.19,test2
0.025396825396825397,0.08034188034188035,0.10476190476190476,0.13235653235653236,0.011233211233211233,344.31,-12.13,106.0,test2
0.030525030525030524,0.08864468864468865,0.10989010989010989,0.1426129426129426,0.011965811965811967,344.31,-12.06,106.0,test2
0.03394383394383394,0.09328449328449329,0.11184371184371185,0.14822954822954823,0.01221001221001221,344.56,-11.69,106.06,test2
0.035897435897435895,0.09548229548229548,0.1115995115995116,0.1514041514041514,0.012454212454212455,345.12,-11.0,106.06,test2
0.03711843711843712,0.09645909645909646,0.11013431013431013,0.15286935286935288,0.012698412698412698,343.81,-11.0,105.06,test2
0.03736263736263736,0.09645909645909646,0.10695970695970695,0.15189255189255188,0.011721611721611722,343.0,-11.0,109.31,test2
0.03736263736263736,0.08986568986568987,0.10354090354090355,0.1413919413919414,0.01098901098901099,345.06,-9.31,111.94,test2
0.037606837606837605,0.07741147741147741,0.09694749694749695,0.12307692307692308,0.00927960927960928,346.56,-8.44,112.44,test2
0.03247863247863248,0.06471306471306472,0.08815628815628816,0.10402930402930403,0.00805860805860806,347.06,-8.19,112.5,test2
0.025152625152625153,0.054212454212454214,0.08107448107448108,0.08791208791208792,0.007326007326007326,347.0,-8.19,112.56,test2
0.01855921855921856,0.04664224664224664,0.07521367521367521,0.07594627594627594,0.006593406593406593,347.06,-8.13,112.81,test2
0.01391941391941392,0.04126984126984127,0.07106227106227106,0.0673992673992674,0.006105006105006105,347.06,-8.13,112.81,test2
0.010744810744810745,0.03736263736263736,0.06813186813186813,0.06129426129426129,0.005860805860805861,347.06,-8.13,112.75,test2
0.008302808302808303,0.03467643467643468,0.06593406593406594,0.05714285714285714,0.005860805860805861,346.75,-8.13,112.25,test2
0.006593406593406593,0.032722832722832725,0.06446886446886448,0.054212454212454214,0.005616605616605617,346.56,-8.19,110.5,test2
0.005372405372405372,0.031746031746031744,0.06398046398046398,0.0547008547008547,0.005616605616605617,346.56,-8.19,108.31,test2
0.006593406593406593,0.03125763125763126,0.06471306471306472,0.05860805860805861,0.005616605616605617,343.37,-10.13,107.62,test2
0.009523809523809525,0.03467643467643468,0.07252747252747253,0.07106227106227106,0.006593406593406593,342.44,-12.5,106.37,test2
0.015873015873015872,0.046886446886446886,0.08327228327228327,0.09133089133089133,0.00757020757020757,341.19,-13.88,105.87,test2
0.025152625152625153,0.06129426129426129,0.09230769230769231,0.10866910866910867,0.009035409035409036,340.94,-14.25,105.75,test2
0.032722832722832725,0.07179487179487179,0.09865689865689865,0.12087912087912088,0.010500610500610501,340.75,-14.25,105.62,test2
0.03785103785103785,0.07936507936507936,0.10329670329670329,0.12942612942612944,0.011233211233211233,340.87,-14.31,105.5,test2
0.04151404151404151,0.0844932844932845,0.10525030525030525,0.13504273504273503,0.011965811965811967,340.87,-14.25,105.44,test2
0.04371184371184371,0.08717948717948718,0.1054945054945055,0.13821733821733823,0.01221001221001221,340.94,-14.13,105.5,test2
0.04493284493284493,0.08864468864468865,0.10476190476190476,0.13968253968253969,0.012698412698412698,341.5,-12.56,105.44,test2
0.04542124542124542,0.08888888888888889,0.10305250305250305,0.14041514041514042,0.012698412698412698,340.19,-12.69,108.62,test2
0.04590964590964591,0.08571428571428572,0.0989010989010989,0.1343101343101343,0.011721611721611722,344.37,-9.94,109.94,test2
0.046153846153846156,0.07472527472527472,0.09401709401709402,0.11794871794871795,0.009768009768009768,345.44,-9.0,111.62,test2
0.4661782661782662,0.061782661782661785,0.0862026862026862,0.09841269841269841,0.008547008547008548,346.19,-8.56,111.75,test2
0.7601953601953602,0.05128205128205128,0.07912087912087912,0.08180708180708181,0.00757020757020757,346.25,-8.5,111.94,test2
0.9660561660561661,0.04395604395604396,0.07374847374847375,0.06984126984126984,0.006837606837606838,346.5,-8.31,112.06,test2
0.6783882783882784,0.03882783882783883,0.06984126984126984,0.06105006105006105,0.006593406593406593,346.69,-8.19,112.12,test2
0.47692307692307695,0.03492063492063492,0.06666666666666667,0.0547008547008547,0.006105006105006105,346.81,-8.13,112.12,test2
0.33577533577533575,0.03223443223443224,0.06422466422466422,0.050061050061050064,0.005860805860805861,346.75,-8.06,112.12,test2
0.2371184371184371,0.03028083028083028,0.06275946275946276,0.046886446886446886,0.00463980463980464,346.44,-8.19,111.75,test2
0.16776556776556775,0.02905982905982906,0.06153846153846154,0.04493284493284493,0.003663003663003663,346.06,-8.31,110.06,test2
0.11941391941391942,0.029304029304029304,0.06251526251526252,0.04664224664224664,0.0031746031746031746,345.56,-8.88,107.81,test2
0.08717948717948718,0.03296703296703297,0.06862026862026863,0.05616605616605617,0.003663003663003663,341.06,-12.0,108.12,test2
0.07057387057387057,0.042735042735042736,0.07936507936507936,0.0757020757020757,0.005372405372405372,339.06,-14.56,107.37,test2
0.06275946275946276,0.05860805860805861,0.08962148962148962,0.09743589743589744,0.006593406593406593,338.69,-15.0,107.44,test2
0.05934065934065934,0.06984126984126984,0.09694749694749695,0.11257631257631258,0.008547008547008548,338.5,-15.0,107.5,test2
0.0568986568986569,0.07765567765567766,0.10207570207570207,0.12307692307692308,0.009768009768009768,338.5,-14.94,107.56,test2
0.05518925518925519,0.08302808302808302,0.10525030525030525,0.13015873015873017,0.009768009768009768,338.44,-14.81,107.56,test2
0.05347985347985348,0.08571428571428572,0.10598290598290598,0.13406593406593406,0.009523809523809525,338.37,-14.88,107.37,test2
0.05225885225885226,0.08717948717948718,0.10622710622710622,0.13626373626373625,0.009523809523809525,338.37,-14.56,106.94,test2
0.050793650793650794,0.08742368742368742,0.10525030525030525,0.13626373626373625,0.009523809523809525,339.12,-12.88,110.06,test2
0.050061050061050064,0.08473748473748474,0.1010989010989011,0.13162393162393163,0.009523809523809525,344.81,-9.13,112.0,test2
0.04932844932844933,0.07496947496947497,0.09645909645909646,0.11648351648351649,0.009523809523809525,345.81,-8.44,112.62,test2
0.04566544566544566,0.06153846153846154,0.08766788766788766,0.09792429792429792,0.008302808302808303,346.31,-8.0,112.94,test2
0.03736263736263736,0.05103785103785104,0.08034188034188035,0.08253968253968254,0.007326007326007326,346.5,-7.87,113.06,test2
0.02857142857142857,0.04322344322344322,0.07472527472527472,0.07155067155067155,0.005616605616605617,346.37,-7.94,113.12,test2
0.022222222222222223,0.03785103785103785,0.07057387057387057,0.06349206349206349,0.004395604395604396,346.25,-7.94,113.19,test2
0.017582417582417582,0.03418803418803419,0.0673992673992674,0.057631257631257635,0.003663003663003663,346.19,-7.94,113.19,test2
0.014407814407814409,0.0315018315018315,0.06495726495726496,0.05347985347985348,0.0029304029304029304,346.19,-7.94,113.0,test2
0.01221001221001221,0.029792429792429794,0.06324786324786325,0.05054945054945055,0.002442002442002442,346.06,-7.94,112.62,test2
0.010744810744810745,0.02857142857142857,0.06202686202686203,0.04932844932844933,0.002197802197802198,345.62,-8.13,110.25,test2
0.009523809523809525,0.02905982905982906,0.063003663003663,0.051526251526251524,0.0031746031746031746,344.62,-9.19,107.75,test2
0.012454212454212455,0.03467643467643468,0.07228327228327229,0.06666666666666667,0.004884004884004884,341.37,-11.69,107.87,test2
0.0231990231990232,0.04932844932844933,0.08424908424908426,0.08888888888888889,0.006349206349206349,339.44,-13.88,107.37,test2
0.03736263736263736,0.06764346764346764,0.09572649572649573,0.10964590964590964,0.007326007326007326,339.25,-14.69,106.75,test2
0.0485958485958486,0.08351648351648351,0.10451770451770452,0.12478632478632479,0.009035409035409036,339.69,-15.0,106.44,test2
0.05616605616605617,0.0945054945054945,0.11086691086691086,0.13528693528693528,0.010256410256410256,339.5,-15.19,106.44,test2
0.061782661782661785,0.10231990231990232,0.11501831501831501,0.14285714285714285,0.011233211233211233,339.44,-15.31,106.44,test2
0.06471306471306472,0.10695970695970695,0.11721611721611722,0.1474969474969475,0.011721611721611722,339.25,-15.31,106.25,test2
0.06642246642246642,0.10915750915750916,0.1177045177045177,0.15042735042735042,0.01221001221001221,339.19,-13.44,106.0,test2
0.06544566544566545,0.10891330891330891,0.11477411477411477,0.147985347985348,0.012454212454212455,340.44,-11.81,111.25,test2
0.06495726495726496,0.09963369963369964,0.10964590964590964,0.13528693528693528,0.011477411477411478,343.25,-9.69,112.87,test2
0.05714285714285714,0.08498168498168499,0.10061050061050061,0.11697191697191697,0.009768009768009768,343.87,-9.25,113.19,test2
0.04664224664224664,0.07106227106227106,0.09084249084249084,0.10036630036630037,0.008302808302808303,344.37,-9.0,113.5,test2
0.03785103785103785,0.060073260073260075,0.08327228327228327,0.08742368742368742,0.007326007326007326,344.44,-8.94,113.56,test2
0.0315018315018315,0.05201465201465202,0.07741147741147741,0.07765567765567766,0.005616605616605617,344.56,-8.88,113.56,test2
0.026862026862026864,0.046153846153846156,0.07277167277167278,0.06984126984126984,0.004395604395604396,344.62,-8.88,113.56,test2
0.023687423687423687,0.041758241758241756,0.06910866910866911,0.06422466422466422,0.003663003663003663,344.5,-8.88,113.44,test2
0.021245421245421246,0.03882783882783883,0.06666666666666667,0.06031746031746032,0.0029304029304029304,344.31,-8.81,111.31,test2
0.01978021978021978,0.03711843711843712,0.06471306471306472,0.057631257631257635,0.002686202686202686,345.62,-8.75,108.37,test2
0.020512820512820513,0.03638583638583639,0.0673992673992674,0.06202686202686203,0.003418803418803419,340.81,-11.69,108.69,test2
0.025885225885225887,0.042002442002442006,0.07643467643467644,0.0757020757020757,0.005128205128205128,339.69,-14.13,107.44,test2
0.0336996336996337,0.05445665445665446,0.0862026862026862,0.09328449328449329,0.006349206349206349,339.25,-15.19,107.25,test2
0.04297924297924298,0.07057387057387057,0.09694749694749695,0.1094017094017094,0.007326007326007326,339.81,-15.13,107.0,test2
0.051526251526251524,0.08180708180708181,0.10427350427350428,0.12063492063492064,0.00805860805860806,339.0,-15.25,107.25,test2
0.057631257631257635,0.08962148962148962,0.10964590964590964,0.12869352869352868,0.008302808302808303,338.94,-15.38,107.31,test2
0.061782661782661785,0.09474969474969475,0.11135531135531136,0.13357753357753357,0.008791208791208791,338.81,-15.38,107.37,test2
0.06398046398046398,0.09768009768009768,0.11184371184371185,0.136996336996337,0.008791208791208791,338.87,-14.81,107.25,test2
0.06471306471306472,0.09914529914529914,0.1111111111111111,0.13846153846153847,0.009035409035409036,338.0,-13.69,106.94,test2
0.06324786324786325,0.09743589743589744,0.10671550671550671,0.136019536019536,0.009035409035409036,335.94,-14.56,112.69,test2
0.06227106227106227,0.09010989010989011,0.10207570207570207,0.1264957264957265,0.00805860805860806,342.06,-10.63,113.69,test2
0.06153846153846154,0.0778998778998779,0.09548229548229548,0.11013431013431013,0.007326007326007326,343.0,-10.0,114.44,test2
0.05567765567765568,0.06446886446886448,0.08644688644688645,0.09328449328449329,0.006593406593406593,343.69,-9.69,114.31,test2
0.0463980463980464,0.054212454212454214,0.07863247863247863,0.0800976800976801,0.006349206349206349,344.44,-9.31,114.12,test2
0.03736263736263736,0.046886446886446886,0.07301587301587302,0.07057387057387057,0.005860805860805861,344.62,-9.19,114.12,test2
0.031013431013431014,0.041758241758241756,0.06886446886446887,0.06373626373626373,0.00463980463980464,344.69,-9.19,114.12,test2
0.026373626373626374,0.03785103785103785,0.06544566544566545,0.05860805860805861,0.003663003663003663,344.69,-9.19,114.12,test2
0.023443223443223443,0.035164835164835165,0.06275946275946276,0.0547008547008547,0.0031746031746031746,344.75,-9.13,114.25,test2
0.021001221001221003,0.033455433455433455,0.06105006105006105,0.05225885225885226,0.002686202686202686,344.81,-9.06,114.12,test2
0.019291819291819293,0.03199023199023199,0.05934065934065934,0.050061050061050064,0.002197802197802198,344.75,-9.06,113.81,test2
0.018315018315018316,0.03076923076923077,0.05787545787545788,0.0485958485958486,0.002197802197802198,344.56,-9.0,112.5,test2
0.01733821733821734,0.030036630036630037,0.05714285714285714,0.047619047619047616,0.0019536019536019536,344.0,-9.63,109.69,test2
0.017094017094017096,0.03028083028083028,0.05811965811965812,0.050793650793650794,0.0029304029304029304,340.5,-12.13,108.25,test2
0.021245421245421246,0.03663003663003663,0.06862026862026863,0.06446886446886448,0.004884004884004884,338.5,-14.13,108.0,test2
0.03223443223443224,0.051526251526251524,0.08156288156288156,0.08473748473748474,0.006349206349206349,338.44,-14.75,107.44,test2
0.044444444444444446,0.06886446886446887,0.09206349206349207,0.10231990231990232,0.007081807081807082,338.0,-15.19,107.31,test2
0.053235653235653234,0.08205128205128205,0.09938949938949938,0.11452991452991453,0.007814407814407814,337.87,-15.38,107.0,test2
0.05934065934065934,0.09108669108669108,0.10451770451770452,0.12307692307692308,0.008302808302808303,337.94,-15.31,107.0,test2
0.06373626373626373,0.09743589743589744,0.10695970695970695,0.12893772893772895,0.008547008547008548,337.94,-15.38,107.0,test2
0.06593406593406594,0.10134310134310134,0.10793650793650794,0.13235653235653236,0.008791208791208791,337.81,-15.44,107.0,test2
0.06666666666666667,0.10329670329670329,0.10793650793650794,0.13455433455433455,0.008791208791208791,337.69,-15.44,106.94,test2
0.06715506715506715,0.10427350427350428,0.10744810744810745,0.136019536019536,0.009035409035409036,338.12,-14.06,106.75,test2
0.06617826617826618,0.10354090354090355,0.10427350427350428,0.1330891330891331,0.007814407814407814,338.12,-13.25,113.62,test2
0.06568986568986569,0.09352869352869353,0.09987789987789988,0.12063492063492064,0.007081807081807082,343.87,-9.69,113.87,test2
0.058363858363858365,0.0778998778998779,0.09010989010989011,0.10207570207570207,0.006593406593406593,344.37,-9.38,114.19,test2
0.04810744810744811,0.06398046398046398,0.08083028083028083,0.08595848595848596,0.006105006105006105,345.19,-8.94,114.12,test2
0.03907203907203907,0.05372405372405373,0.07326007326007326,0.07374847374847375,0.004884004884004884,345.0,-8.94,114.31,test2
0.032722832722832725,0.0463980463980464,0.06764346764346764,0.06471306471306472,0.003663003663003663,345.19,-8.81,114.37,test2
0.028327228327228327,0.04126984126984127,0.06349206349206349,0.05787545787545788,0.0029304029304029304,345.31,-8.75,114.44,test2
0.02490842490842491,0.037606837606837605,0.060073260073260075,0.05274725274725275,0.002442002442002442,345.31,-8.75,114.37,test2
0.02271062271062271,0.035164835164835165,0.05787545787545788,0.04932844932844933,0.002197802197802198,345.19,-8.69,114.12,test2
0.021001221001221003,0.033455433455433455,0.05616605616605617,0.04664224664224664,0.0019536019536019536,345.0,-8.75,113.19,test2
0.01978021978021978,0.03223443223443224,0.05616605616605617,0.046153846153846156,0.0017094017094017094,345.31,-8.81,110.25,test2
0.021001221001221003,0.03223443223443224,0.0568986568986569,0.0485958485958486,0.0029304029304029304,343.25,-10.31,108.94,test2
0.026862026862026864,0.041025641025641026,0.0695970695970696,0.06617826617826618,0.004884004884004884,341.69,-12.81,108.62,test2
0.03638583638583639,0.05787545787545788,0.08278388278388278,0.09035409035409035,0.006105006105006105,342.44,-13.0,108.69,test2
0.045177045177045176,0.07692307692307693,0.09328449328449329,0.11208791208791209,0.008302808302808303,342.31,-12.88,108.69,test2
0.051526251526251524,0.09010989010989011,0.10085470085470086,0.12747252747252746,0.009768009768009768,342.06,-12.81,108.87,test2
0.055921855921855924,0.09963369963369964,0.10598290598290598,0.13821733821733823,0.010744810744810745,342.31,-12.75,108.87,test2
0.05787545787545788,0.10500610500610501,0.10842490842490843,0.14456654456654458,0.011477411477411478,342.12,-12.81,108.87,test2
0.05860805860805861,0.10793650793650794,0.10915750915750916,0.14822954822954823,0.011965811965811967,341.81,-13.0,108.44,test2
0.05885225885225885,0.10964590964590964,0.10915750915750916,0.15018315018315018,0.01221001221001221,339.0,-12.19,108.75,test2
0.058363858363858365,0.10964590964590964,0.10744810744810745,0.1492063492063492,0.011477411477411478,343.19,-9.81,111.56,test2
0.05787545787545788,0.10207570207570207,0.10256410256410256,0.13675213675213677,0.010744810744810745,347.5,-6.75,115.06,test2
0.05225885225885226,0.08693528693528693,0.09426129426129426,0.11672771672771673,0.009035409035409036,348.56,-6.0,115.81,test2
0.04322344322344322,0.0713064713064713,0.08498168498168499,0.09841269841269841,0.006837606837606838,348.75,-5.94,115.69,test2
0.03467643467643468,0.059096459096459095,0.07741147741147741,0.08473748473748474,0.005372405372405372,348.5,-6.06,115.44,test2
0.02857142857142857,0.05054945054945055,0.07179487179487179,0.07472527472527472,0.004151404151404151,348.37,-6.06,115.25,test2
0.024175824175824177,0.04468864468864469,0.06788766788766788,0.0673992673992674,0.003418803418803419,348.12,-6.19,115.12,test2
0.021001221001221003,0.04053724053724054,0.06495726495726496,0.06202686202686203,0.0029304029304029304,348.0,-6.31,114.75,test2
0.018803418803418803,0.03785103785103785,0.063003663003663,0.058363858363858365,0.003663003663003663,347.37,-6.62,113.75,test2
0.01733821733821734,0.03638583638583639,0.06153846153846154,0.055921855921855924,0.004151404151404151,346.81,-7.06,111.06,test2
0.017582417582417582,0.0380952380952381,0.06324786324786325,0.05860805860805861,0.004395604395604396,345.06,-8.38,109.69,test2
0.021245421245421246,0.042735042735042736,0.07081807081807082,0.07081807081807082,0.005860805860805861,343.94,-11.5,108.25,test2
0.02905982905982906,0.05616605616605617,0.08107448107448108,0.08937728937728938,0.006837606837606838,340.56,-14.56,108.19,test2
0.03907203907203907,0.0735042735042735,0.09304029304029304,0.1111111111111111,0.008791208791208791,339.19,-15.69,108.31,test2
0.047619047619047616,0.0884004884004884,0.10134310134310134,0.1277167277167277,0.010256410256410256,338.94,-15.94,108.37,test2
0.05372405372405373,0.0989010989010989,0.10744810744810745,0.1391941391941392,0.011233211233211233,338.87,-15.81,108.19,test2
0.05787545787545788,0.10622710622710622,0.1115995115995116,0.1474969474969475,0.011721611721611722,338.75,-15.88,108.06,test2
0.060073260073260075,0.11013431013431013,0.11330891330891331,0.15213675213675212,0.01221001221001221,338.75,-15.75,108.06,test2
0.06129426129426129,0.11184371184371185,0.11330891330891331,0.15482295482295483,0.012454212454212455,338.87,-15.13,107.75,test2
0.06129426129426129,0.11208791208791209,0.11257631257631258,0.15555555555555556,0.012698412698412698,337.75,-14.19,107.12,test2
0.05885225885225885,0.11037851037851037,0.10891330891330891,0.15189255189255188,0.011721611721611722,337.37,-13.75,112.0,test2
0.05714285714285714,0.10329670329670329,0.10427350427350428,0.14163614163614163,0.01098901098901099,343.5,-10.06,113.94,test2
0.05225885225885226,0.08815628815628816,0.0971916971916972,0.12234432234432234,0.00927960927960928,346.06,-8.56,113.75,test2
0.04371184371184371,0.07252747252747253,0.08791208791208792,0.1028083028083028,0.00805860805860806,346.25,-8.44,114.06,test2
0.03492063492063492,0.060073260073260075,0.07985347985347985,0.08742368742368742,0.007081807081807082,346.75,-8.06,114.06,test2
0.02857142857142857,0.051526251526251524,0.073992673992674,0.0761904761904762,0.005616605616605617,346.87,-7.94,114.19,test2
0.023931623931623933,0.04566544566544566,0.06984126984126984,0.06837606837606838,0.004395604395604396,346.62,-8.0,113.75,test2
0.021001221001221003,0.04151404151404151,0.06691086691086691,0.06275946275946276,0.003418803418803419,345.87,-8.44,110.69,test2
0.018803418803418803,0.0398046398046398,0.06666666666666667,0.06153846153846154,0.0029304029304029304,344.62,-9.31,108.81,test2
0.019536019536019536,0.0442002442002442,0.0757020757020757,0.07252747252747253,0.004884004884004884,343.19,-11.0,108.62,test2
0.02612942612942613,0.057631257631257635,0.08717948717948718,0.09181929181929183,0.007326007326007326,341.56,-13.0,108.75,test2
0.03296703296703297,0.07277167277167278,0.09645909645909646,0.11062271062271062,0.009035409035409036,340.5,-13.56,109.12,test2
0.03785103785103785,0.08351648351648351,0.1028083028083028,0.12356532356532357,0.010500610500610501,340.25,-13.75,109.25,test2
0.04126984126984127,0.09084249084249084,0.10744810744810745,0.13284493284493284,0.011233211233211233,339.87,-13.88,109.37,test2
0.043467643467643466,0.09572649572649573,0.10915750915750916,0.13846153846153847,0.010744810744810745,340.0,-13.75,109.44,test2
0.04493284493284493,0.09816849816849817,0.10964590964590964,0.14188034188034188,0.010256410256410256,339.94,-13.75,109.25,test2
0.04566544566544566,0.09938949938949938,0.1094017094017094,0.14358974358974358,0.010012210012210013,340.0,-13.5,109.0,test2
0.04542124542124542,0.09987789987789988,0.10818070818070818,0.14383394383394382,0.009768009768009768,339.75,-13.13,108.31,test2
0.04468864468864469,0.09914529914529914,0.10573870573870574,0.14212454212454212,0.009523809523809525,339.19,-12.88,108.12,test2
0.04395604395604396,0.09645909645909646,0.10158730158730159,0.136996336996337,0.009523809523809525,339.81,-12.31,114.69,test2
0.042002442002442006,0.08962148962148962,0.09865689865689865,0.12673992673992673,0.00927960927960928,346.5,-8.19,114.75,test2
0.03736263736263736,0.07545787545787545,0.09133089133089133,0.10793650793650794,0.008302808302808303,346.75,-8.13,114.87,test2
0.028815628815628817,0.061782661782661785,0.0822954822954823,0.09108669108669108,0.007326007326007326,347.06,-8.06,114.56,test2
0.022954822954822957,0.051526251526251524,0.07521367521367521,0.07863247863247863,0.006837606837606838,347.25,-7.87,114.62,test2
0.018803418803418803,0.0442002442002442,0.07032967032967033,0.06984126984126984,0.006349206349206349,347.31,-7.81,114.75,test2
0.01562881562881563,0.03907203907203907,0.06666666666666667,0.06349206349206349,0.006105006105006105,347.37,-7.75,114.75,test2
0.013675213675213675,0.03565323565323565,0.06373626373626373,0.05885225885225885,0.00463980463980464,347.44,-7.69,114.62,test2
0.01221001221001221,0.03321123321123321,0.061782661782661785,0.05543345543345543,0.003663003663003663,347.44,-7.69,114.31,test2
0.01098901098901099,0.0315018315018315,0.06031746031746032,0.05299145299145299,0.004151404151404151,347.0,-7.87,112.75,test2
0.010500610500610501,0.031013431013431014,0.05934065934065934,0.051526251526251524,0.00463980463980464,346.37,-8.38,109.94,test2
0.011233211233211233,0.033455433455433455,0.06373626373626373,0.055921855921855924,0.004884004884004884,343.87,-10.75,108.44,test2
0.017582417582417582,0.04078144078144078,0.07448107448107448,0.06910866910866911,0.006105006105006105,339.87,-14.19,108.06,test2
0.03076923076923077,0.05567765567765568,0.08571428571428572,0.08791208791208792,0.007081807081807082,337.31,-16.12,108.56,test2
0.0398046398046398,0.07008547008547009,0.09377289377289377,0.10647130647130647,0.008791208791208791,336.94,-16.44,109.0,test2
0.046153846153846156,0.08034188034188035,0.09938949938949938,0.11941391941391942,0.010256410256410256,336.5,-16.5,109.06,test2
0.04957264957264957,0.08742368742368742,0.10231990231990232,0.12869352869352868,0.01098901098901099,336.44,-16.69,109.06,test2
0.05103785103785104,0.09108669108669108,0.10329670329670329,0.13382173382173382,0.011721611721611722,336.31,-16.75,109.06,test2
0.05201465201465202,0.0927960927960928,0.10305250305250305,0.13724053724053725,0.01098901098901099,336.62,-16.19,109.12,test2
0.05201465201465202,0.09328449328449329,0.10256410256410256,0.13894993894993896,0.010500610500610501,337.19,-14.88,108.06,test2
0.051770451770451774,0.09328449328449329,0.10085470085470086,0.13821733821733823,0.010012210012210013,336.87,-14.19,112.19,test2
0.051770451770451774,0.0905982905982906,0.09768009768009768,0.13137973137973138,0.009768009768009768,345.94,-8.5,114.06,test2
0.04932844932844933,0.07985347985347985,0.09255189255189256,0.11404151404151404,0.008547008547008548,347.62,-7.56,114.06,test2
0.04151404151404151,0.06568986568986569,0.08278388278388278,0.09548229548229548,0.00757020757020757,347.56,-7.56,114.25,test2
0.032722832722832725,0.05445665445665446,0.07521367521367521,0.08205128205128205,0.006837606837606838,347.5,-7.69,114.0,test2
0.026373626373626374,0.0463980463980464,0.06935286935286936,0.07228327228327229,0.006349206349206349,347.5,-7.69,114.19,test2
0.02197802197802198,0.041025641025641026,0.0652014652014652,0.06495726495726496,0.004884004884004884,347.5,-7.62,114.06,test2
0.018803418803418803,0.03711843711843712,0.06202686202686203,0.05934065934065934,0.003907203907203907,347.75,-7.5,113.81,test2
0.016361416361416362,0.034432234432234435,0.05982905982905983,0.05543345543345543,0.0031746031746031746,347.56,-7.56,113.19,test2
0.014896214896214897,0.03296703296703297,0.058363858363858365,0.05274725274725275,0.002686202686202686,347.06,-7.81,110.75,test2
0.013675213675213675,0.032722832722832725,0.05811965811965812,0.05225885225885226,0.003418803418803419,345.87,-8.44,109.06,test2
0.01514041514041514,0.035164835164835165,0.060073260073260075,0.05347985347985348,0.003907203907203907,341.19,-11.94,108.62,test2
0.018803418803418803,0.04126984126984127,0.07008547008547009,0.06251526251526252,0.004395604395604396,338.31,-16.37,107.12,test2
0.025885225885225887,0.0547008547008547,0.08180708180708181,0.08156288156288156,0.005860805860805861,336.5,-17.62,107.81,test2
0.032722832722832725,0.06788766788766788,0.09010989010989011,0.09694749694749695,0.006837606837606838,335.87,-17.75,108.0,test2
0.03785103785103785,0.07692307692307693,0.09572649572649573,0.1076923076923077,0.00757020757020757,335.5,-17.69,108.06,test2
0.04126984126984127,0.08327228327228327,0.09914529914529914,0.11526251526251527,0.00805860805860806,335.37,-17.75,108.12,test2
0.04371184371184371,0.08669108669108669,0.10061050061050061,0.12014652014652015,0.008302808302808303,335.31,-17.75,108.12,test2
0.04493284493284493,0.08864468864468865,0.10085470085470086,0.12332112332112333,0.008547008547008548,335.37,-17.69,108.06,test2
0.04542124542124542,0.08937728937728938,0.10061050061050061,0.12527472527472527,0.008791208791208791,335.69,-16.19,108.06,test2
0.04542124542124542,0.08913308913308914,0.09914529914529914,0.12551892551892552,0.008791208791208791,338.12,-13.38,111.06,test2
0.04542124542124542,0.08742368742368742,0.09572649572649573,0.12087912087912088,0.007814407814407814,344.06,-9.19,115.5,test2
0.043467643467643466,0.07838827838827839,0.09230769230769231,0.10695970695970695,0.007081807081807082,347.12,-7.37,117.12,test2
0.03638583638583639,0.06495726495726496,0.08302808302808302,0.08962148962148962,0.006593406593406593,347.37,-7.31,116.94,test2
0.028083028083028084,0.05347985347985348,0.07496947496947497,0.07594627594627594,0.006349206349206349,347.5,-7.19,116.81,test2
0.02197802197802198,0.04493284493284493,0.06862026862026863,0.06593406593406594,0.004884004884004884,347.62,-7.12,116.69,test2
0.017582417582417582,0.03907203907203907,0.06373626373626373,0.05885225885225885,0.003907203907203907,347.75,-7.06,116.44,test2
0.014652014652014652,0.03467643467643468,0.06031746031746032,0.05347985347985348,0.0031746031746031746,347.81,-7.06,116.25,test2
0.012698412698412698,0.031746031746031744,0.05787545787545788,0.04981684981684982,0.002686202686202686,347.62,-7.12,115.69,test2
0.011233211233211233,0.029792429792429794,0.05616605616605617,0.04713064713064713,0.002197802197802198,347.37,-7.19,114.37,test2
0.010256410256410256,0.028815628815628817,0.05543345543345543,0.04542124542124542,0.002197802197802198,346.69,-7.56,112.31,test2
0.010256410256410256,0.03028083028083028,0.05885225885225885,0.050061050061050064,0.0029304029304029304,343.5,-9.81,110.75,test2
0.013675213675213675,0.034432234432234435,0.06886446886446887,0.06446886446886448,0.003663003663003663,341.69,-12.94,109.06,test2
0.021245421245421246,0.0485958485958486,0.08205128205128205,0.08766788766788766,0.005372405372405372,339.5,-14.94,109.19,test2
0.0315018315018315,0.06691086691086691,0.09377289377289377,0.10818070818070818,0.006593406593406593,338.81,-15.38,109.44,test2
0.039316239316239315,0.07985347985347985,0.10207570207570207,0.12283272283272283,0.007326007326007326,338.06,-15.81,109.62,test2
0.044444444444444446,0.08888888888888889,0.10793650793650794,0.13284493284493284,0.00805860805860806,338.0,-15.81,109.56,test2
0.04835164835164835,0.09474969474969475,0.11086691086691086,0.1391941391941392,0.008302808302808303,337.56,-15.94,109.69,test2
0.05030525030525031,0.09816849816849817,0.11184371184371185,0.14285714285714285,0.008791208791208791,337.44,-15.94,109.44,test2
0.051770451770451774,0.09987789987789988,0.1115995115995116,0.14481074481074482,0.008791208791208791,337.19,-15.38,109.0,test2
0.051770451770451774,0.10012210012210013,0.10989010989010989,0.14407814407814407,0.009035409035409036,336.06,-14.63,108.44,test2
0.04932844932844933,0.09694749694749695,0.10525030525030525,0.1391941391941392,0.00927960927960928,335.37,-14.63,114.75,test2
0.04786324786324787,0.08766788766788766,0.10183150183150183,0.12967032967032968,0.00927960927960928,337.31,-13.13,119.94,test2
0.04224664224664225,0.07301587301587302,0.09401709401709402,0.11282051282051282,0.00805860805860806,343.5,-10.06,116.06,test2
0.03394383394383394,0.05982905982905983,0.08424908424908426,0.09523809523809523,0.007326007326007326,345.19,-9.06,115.06,test2
0.02612942612942613,0.050061050061050064,0.07643467643467644,0.0822954822954823,0.006837606837606838,346.31,-8.38,114.5,test2
0.020757020757020756,0.04297924297924298,0.07081807081807082,0.07326007326007326,0.006349206349206349,346.5,-8.25,114.5,test2
0.01684981684981685,0.03785103785103785,0.06642246642246642,0.06666666666666667,0.006105006105006105,346.87,-8.06,114.25,test2
0.014163614163614164,0.034432234432234435,0.06324786324786325,0.06202686202686203,0.004884004884004884,347.62,-7.62,113.19,test2
0.01221001221001221,0.03199023199023199,0.060805860805860805,0.05860805860805861,0.003907203907203907,347.44,-7.62,111.87,test2
0.01098901098901099,0.03028083028083028,0.05934065934065934,0.05641025641025641,0.0031746031746031746,346.44,-8.25,109.87,test2
0.010500610500610501,0.030036630036630037,0.06056166056166056,0.05787545787545788,0.003663003663003663,343.69,-10.13,108.69,test2
0.011477411477411478,0.0336996336996337,0.06910866910866911,0.06715506715506715,0.004395604395604396,342.0,-12.19,108.62,test2
0.016361416361416362,0.04371184371184371,0.08058608058608059,0.08327228327228327,0.005860805860805861,341.62,-13.88,108.44,test2
0.02612942612942613,0.060073260073260075,0.09230769230769231,0.10158730158730159,0.006837606837606838,341.25,-14.25,108.69,test2
0.03540903540903541,0.073992673992674,0.10036630036630037,0.11501831501831501,0.00757020757020757,341.0,-14.44,108.69,test2
0.041758241758241756,0.08376068376068375,0.10622710622710622,0.1242979242979243,0.00805860805860806,340.5,-14.75,108.87,test2
0.046153846153846156,0.0905982905982906,0.10891330891330891,0.1308913308913309,0.008302808302808303,340.5,-14.75,109.0,test2
0.04884004884004884,0.09474969474969475,0.10989010989010989,0.13504273504273503,0.008547008547008548,340.25,-14.81,108.94,test2
0.05054945054945055,0.09694749694749695,0.10989010989010989,0.1374847374847375,0.008791208791208791,340.06,-14.19,108.87,test2
0.05103785103785104,0.09792429792429792,0.10866910866910867,0.13772893772893774,0.008791208791208791,338.44,-12.44,110.5,test2
0.04908424908424908,0.09621489621489622,0.10402930402930403,0.13333333333333333,0.007814407814407814,338.0,-13.5,114.31,test2
0.047619047619047616,0.08815628815628816,0.09987789987789988,0.12185592185592185,0.007081807081807082,342.75,-10.25,115.56,test2
0.041025641025641026,0.07521367521367521,0.09255189255189256,0.10476190476190476,0.006593406593406593,344.37,-9.25,116.69,test2
0.036141636141636145,0.061782661782661785,0.08302808302808302,0.08864468864468865,0.005128205128205128,344.62,-9.13,117.06,test2
0.028083028083028084,0.05128205128205128,0.07521367521367521,0.0761904761904762,0.004151404151404151,344.75,-9.06,117.19,test2
0.022222222222222223,0.043467643467643466,0.06910866910866911,0.06691086691086691,0.003418803418803419,345.06,-8.88,116.94,test2
0.018315018315018316,0.0380952380952381,0.06471306471306472,0.06031746031746032,0.002686202686202686,345.06,-8.81,116.62,test2
0.015384615384615385,0.034432234432234435,0.06153846153846154,0.05567765567765568,0.002442002442002442,344.94,-8.94,114.94,test2
0.013431013431013432,0.03199023199023199,0.05934065934065934,0.052503052503052504,0.002197802197802198,344.0,-9.63,112.0,test2
0.012698412698412698,0.03223443223443224,0.06031746031746032,0.05225885225885226,0.0031746031746031746,342.94,-11.75,110.12,test2
0.015384615384615385,0.03663003663003663,0.06862026862026863,0.05958485958485959,0.003907203907203907,341.31,-13.44,109.44,test2
0.022222222222222223,0.0485958485958486,0.07912087912087912,0.07496947496947497,0.005372405372405372,340.69,-15.5,109.31,test2
0.03199023199023199,0.06422466422466422,0.08986568986568987,0.09304029304029304,0.006593406593406593,340.06,-16.56,109.37,test2
0.04126984126984127,0.07985347985347985,0.09938949938949938,0.1094017094017094,0.007326007326007326,340.06,-16.44,109.44,test2
0.047619047619047616,0.0905982905982906,0.10598290598290598,0.12087912087912088,0.009035409035409036,339.81,-16.56,109.5,test2
0.05201465201465202,0.09841269841269841,0.11062271062271062,0.12893772893772895,0.010256410256410256,339.87,-16.5,109.5,test2
0.05445665445665446,0.10256410256410256,0.11257631257631258,0.13382173382173382,0.01098901098901099,339.94,-16.56,109.56,test2
0.05567765567765568,0.10500610500610501,0.11306471306471307,0.1365079365079365,0.011721611721611722,339.87,-16.5,109.31,test2
0.055921855921855924,0.10598290598290598,0.11257631257631258,0.13797313797313798,0.01221001221001221,339.06,-13.5,110.06,test2
0.05543345543345543,0.10500610500610501,0.11013431013431013,0.136019536019536,0.011233211233211233,346.31,-7.87,114.06,test2
0.054945054945054944,0.0967032967032967,0.10500610500610501,0.12454212454212454,0.009523809523809525,348.37,-6.81,115.75,test2
0.04908424908424908,0.0800976800976801,0.09597069597069598,0.10451770451770452,0.007081807081807082,348.56,-6.75,116.06,test2
0.039316239316239315,0.06593406593406594,0.0862026862026862,0.08742368742368742,0.005372405372405372,348.81,-6.69,116.25,test2
0.03125763125763126,0.05518925518925519,0.07838827838827839,0.07472527472527472,0.004151404151404151,348.87,-6.69,116.19,test2
0.02564102564102564,0.04737484737484737,0.07252747252747253,0.06568986568986569,0.003418803418803419,349.0,-6.69,116.0,test2
0.02148962148962149,0.042002442002442006,0.06813186813186813,0.05885225885225885,0.0029304029304029304,349.06,-6.69,115.81,test2
0.018803418803418803,0.0380952380952381,0.06495726495726496,0.05396825396825397,0.002442002442002442,348.94,-6.75,115.37,test2
0.01684981684981685,0.03565323565323565,0.06251526251526252,0.05054945054945055,0.002197802197802198,348.69,-6.87,114.0,test2
0.015384615384615385,0.03418803418803419,0.06105006105006105,0.04810744810744811,0.0031746031746031746,346.94,-7.94,111.56,test2
0.015873015873015872,0.036141636141636145,0.0652014652014652,0.051526251526251524,0.003663003663003663,343.75,-11.31,110.44,test2
0.021245421245421246,0.045177045177045176,0.07814407814407814,0.06886446886446887,0.004395604395604396,343.12,-15.06,108.75,test2
0.029548229548229547,0.05982905982905983,0.08888888888888889,0.08864468864468865,0.005860805860805861,339.69,-17.0,109.44,test2
0.036141636141636145,0.07326007326007326,0.09694749694749695,0.10598290598290598,0.006837606837606838,339.44,-17.0,109.56,test2
0.04053724053724054,0.08253968253968254,0.10256410256410256,0.11819291819291819,0.00757020757020757,338.94,-17.12,109.62,test2
0.04371184371184371,0.08913308913308914,0.10647130647130647,0.1264957264957265,0.00805860805860806,338.44,-17.25,109.87,test2
0.04566544566544566,0.09352869352869353,0.10842490842490843,0.13186813186813187,0.008302808302808303,338.37,-17.37,109.94,test2
0.046886446886446886,0.09597069597069598,0.10891330891330891,0.13528693528693528,0.008547008547008548,338.5,-17.5,110.06,test2
0.04737484737484737,0.09694749694749695,0.10866910866910867,0.1374847374847375,0.008791208791208791,338.81,-17.31,110.19,test2
0.047619047619047616,0.0971916971916972,0.1076923076923077,0.13821733821733823,0.008791208791208791,339.37,-17.0,110.06,test2
0.04713064713064713,0.09694749694749695,0.10622710622710622,0.13797313797313798,0.009035409035409036,340.12,-15.94,109.25,test2
0.04590964590964591,0.09597069597069598,0.10329670329670329,0.136019536019536,0.009035409035409036,342.62,-11.56,112.0,test2
0.045177045177045176,0.09255189255189256,0.0989010989010989,0.1282051282051282,0.009035409035409036,348.94,-7.06,114.37,test2
0.042735042735042736,0.08131868131868132,0.09304029304029304,0.11013431013431013,0.007814407814407814,350.0,-6.5,114.94,test2
0.03467643467643468,0.06788766788766788,0.08400488400488401,0.09230769230769231,0.007081807081807082,350.44,-6.19,114.81,test2
0.026617826617826617,0.05641025641025641,0.07545787545787545,0.07838827838827839,0.005372405372405372,350.75,-6.06,114.81,test2
0.021001221001221003,0.04786324786324787,0.06935286935286936,0.06788766788766788,0.004395604395604396,350.81,-5.94,114.87,test2
0.01684981684981685,0.04151404151404151,0.06471306471306472,0.06056166056166056,0.003418803418803419,350.75,-5.87,114.81,test2
0.014163614163614164,0.03711843711843712,0.06153846153846154,0.05518925518925519,0.0029304029304029304,350.56,-5.81,114.06,test2
0.01221001221001221,0.03418803418803419,0.05934065934065934,0.051526251526251524,0.002442002442002442,350.12,-5.94,111.94,test2
0.010744810744810745,0.03296703296703297,0.058363858363858365,0.05030525030525031,0.002197802197802198,347.62,-7.25,110.56,test2
0.01098901098901099,0.034432234432234435,0.06324786324786325,0.05567765567765568,0.0031746031746031746,343.19,-11.56,110.37,test2
0.013431013431013432,0.03907203907203907,0.07326007326007326,0.06764346764346764,0.003907203907203907,342.62,-12.75,109.56,test2
0.018803418803418803,0.04786324786324787,0.0822954822954823,0.08376068376068375,0.005372405372405372,342.19,-14.13,109.0,test2
0.027106227106227107,0.06129426129426129,0.09157509157509157,0.10207570207570207,0.006593406593406593,341.25,-15.13,108.87,test2
0.035164835164835165,0.0735042735042735,0.09841269841269841,0.11746031746031746,0.00757020757020757,340.87,-15.31,108.81,test2
0.04078144078144078,0.08205128205128205,0.10305250305250305,0.1282051282051282,0.00805860805860806,340.87,-15.25,109.0,test2
0.044444444444444446,0.08815628815628816,0.10622710622710622,0.13577533577533576,0.008547008547008548,340.81,-15.31,109.0,test2
0.046886446886446886,0.09133089133089133,0.1072039072039072,0.13968253968253969,0.008791208791208791,340.81,-15.25,108.94,test2
0.04786324786324787,0.09304029304029304,0.10671550671550671,0.14163614163614163,0.009035409035409036,340.62,-14.94,108.37,test2
0.04835164835164835,0.09352869352869353,0.10525030525030525,0.14188034188034188,0.009035409035409036,339.25,-13.13,109.06,test2
0.0485958485958486,0.09181929181929183,0.10061050061050061,0.13626373626373625,0.009035409035409036,345.37,-8.69,114.06,test2
0.046153846153846156,0.08424908424908426,0.09597069597069598,0.1221001221001221,0.007814407814407814,349.5,-6.37,115.56,test2
0.03956043956043956,0.07106227106227106,0.08693528693528693,0.10329670329670329,0.006105006105006105,349.69,-6.12,115.81,test2
0.030036630036630037,0.05885225885225885,0.07814407814407814,0.08742368742368742,0.00463980463980464,349.94,-6.0,115.87,test2
0.0231990231990232,0.050061050061050064,0.0713064713064713,0.07545787545787545,0.003663003663003663,350.0,-5.94,115.94,test2
0.01855921855921856,0.04371184371184371,0.06642246642246642,0.06691086691086691,0.0031746031746031746,349.94,-5.94,115.87,test2
0.01514041514041514,0.03907203907203907,0.06275946275946276,0.06056166056166056,0.002686202686202686,350.0,-5.87,115.69,test2
0.012698412698412698,0.035897435897435895,0.060073260073260075,0.05641025641025641,0.002442002442002442,349.37,-6.12,114.69,test2
0.01098901098901099,0.0336996336996337,0.058363858363858365,0.053235653235653234,0.002197802197802198,348.69,-6.31,113.75,test2
0.010256410256410256,0.03321123321123321,0.058363858363858365,0.053235653235653234,0.0019536019536019536,347.19,-7.12,112.56,test2
0.010744810744810745,0.0336996336996337,0.06031746031746032,0.05641025641025641,0.0019536019536019536,344.94,-9.31,110.75,test2
0.013431013431013432,0.03785103785103785,0.0673992673992674,0.06691086691086691,0.0029304029304029304,340.5,-13.75,109.81,test2
0.021733821733821733,0.052503052503052504,0.0778998778998779,0.08766788766788766,0.004884004884004884,339.81,-14.88,109.69,test2
0.030525030525030524,0.06642246642246642,0.08766788766788766,0.10647130647130647,0.006105006105006105,339.5,-15.19,109.75,test2
0.03711843711843712,0.0761904761904762,0.0945054945054945,0.1199023199023199,0.007081807081807082,339.12,-15.5,109.5,test2
0.041758241758241756,0.08278388278388278,0.09938949938949938,0.1291819291819292,0.007814407814407814,338.94,-15.69,109.37,test2
0.045177045177045176,0.08766788766788766,0.10134310134310134,0.1347985347985348,0.008302808302808303,338.81,-15.63,109.37,test2
0.04664224664224664,0.09010989010989011,0.10207570207570207,0.13797313797313798,0.008547008547008548,338.81,-15.56,109.37,test2
0.047619047619047616,0.09133089133089133,0.10134310134310134,0.1391941391941392,0.008791208791208791,338.69,-15.56,109.19,test2
0.04737484737484737,0.09181929181929183,0.09987789987789988,0.1391941391941392,0.008791208791208791,337.25,-14.94,107.94,test2
0.04590964590964591,0.09157509157509157,0.0971916971916972,0.1374847374847375,0.009035409035409036,338.81,-12.63,116.5,test2
0.04493284493284493,0.08669108669108669,0.09352869352869353,0.12722832722832722,0.009035409035409036,350.19,-6.75,113.81,test2
0.04078144078144078,0.0735042735042735,0.08547008547008547,0.1072039072039072,0.006837606837606838,350.69,-6.44,114.31,test2
0.03296703296703297,0.05982905982905983,0.07643467643467644,0.08913308913308914,0.005128205128205128,351.25,-6.12,114.31,test2
0.025152625152625153,0.04932844932844933,0.06910866910866911,0.07594627594627594,0.004151404151404151,351.44,-6.0,114.12,test2
0.019536019536019536,0.042002442002442006,0.06349206349206349,0.06593406593406594,0.003418803418803419,351.25,-5.87,113.81,test2
0.01562881562881563,0.03663003663003663,0.05934065934065934,0.05860805860805861,0.0029304029304029304,351.25,-5.75,113.37,test2
0.012942612942612943,0.032722832722832725,0.05641025641025641,0.05299145299145299,0.002442002442002442,350.94,-5.81,112.62,test2
0.01098901098901099,0.03028083028083028,0.05445665445665446,0.04884004884004884,0.002197802197802198,350.25,-6.25,111.19,test2
0.009768009768009768,0.028815628815628817,0.053235653235653234,0.046153846153846156,0.0019536019536019536,348.87,-6.81,108.44,test2
0.00927960927960928,0.02905982905982906,0.05567765567765568,0.04810744810744811,0.0019536019536019536,346.56,-8.44,105.94,test2
0.011965811965811967,0.03540903540903541,0.06691086691086691,0.061782661782661785,0.0029304029304029304,343.56,-11.81,105.06,test2
0.018315018315018316,0.04884004884004884,0.07936507936507936,0.08424908424908426,0.004884004884004884,342.31,-12.88,105.5,test2
0.025885225885225887,0.06568986568986569,0.09157509157509157,0.10573870573870574,0.006105006105006105,341.87,-13.31,105.69,test2
0.03247863247863248,0.08131868131868132,0.10061050061050061,0.12234432234432234,0.007081807081807082,341.56,-13.63,105.69,test2
0.03736263736263736,0.09230769230769231,0.10695970695970695,0.13406593406593406,0.007814407814407814,341.25,-13.81,105.87,test2
0.04053724053724054,0.09987789987789988,0.11135531135531136,0.14212454212454212,0.008302808302808303,341.25,-13.88,106.0,test2
0.04249084249084249,0.10427350427350428,0.11306471306471307,0.14652014652014653,0.008547008547008548,341.12,-13.69,106.06,test2
0.043467643467643466,0.10647130647130647,0.11306471306471307,0.14871794871794872,0.008791208791208791,341.25,-12.0,106.56,test2
0.043467643467643466,0.10671550671550671,0.11013431013431013,0.14676434676434677,0.008791208791208791,342.0,-11.0,112.81,test2
0.043467643467643466,0.09963369963369964,0.10402930402930403,0.13504273504273503,0.007814407814407814,349.56,-6.5,113.25,test2
0.03833943833943834,0.08522588522588523,0.09401709401709402,0.11452991452991453,0.006105006105006105,351.37,-5.62,113.19,test2
0.03028083028083028,0.07008547008547009,0.08327228327228327,0.09548229548229548,0.00463980463980464,351.81,-5.37,113.31,test2
0.02271062271062271,0.058363858363858365,0.07496947496947497,0.08131868131868132,0.003663003663003663,351.87,-5.37,113.31,test2
0.01733821733821734,0.050061050061050064,0.06862026862026863,0.07081807081807082,0.0029304029304029304,351.87,-5.37,113.5,test2
0.013431013431013432,0.0442002442002442,0.06398046398046398,0.06349206349206349,0.002442002442002442,351.94,-5.31,113.5,test2
0.010500610500610501,0.04004884004884005,0.06031746031746032,0.05787545787545788,0.002197802197802198,351.94,-5.31,113.37,test2
0.008547008547008548,0.036874236874236875,0.05787545787545788,0.05347985347985348,0.0019536019536019536,351.75,-5.37,113.12,test2
0.007081807081807082,0.03492063492063492,0.055921855921855924,0.05054945054945055,0.0017094017094017094,351.25,-5.56,111.87,test2
0.006105006105006105,0.033455433455433455,0.0547008547008547,0.04835164835164835,0.0017094017094017094,350.06,-6.31,108.81,test2
0.007081807081807082,0.034432234432234435,0.05787545787545788,0.051770451770451774,0.0017094017094017094,344.56,-10.56,107.5,test2
0.011477411477411478,0.04224664224664225,0.07057387057387057,0.06813186813186813,0.002686202686202686,343.0,-12.5,106.56,test2
0.021733821733821733,0.06031746031746032,0.0844932844932845,0.09035409035409035,0.00463980463980464,341.19,-13.75,106.81,test2
0.03199023199023199,0.07692307692307693,0.0945054945054945,0.10842490842490843,0.006105006105006105,340.31,-14.38,106.94,test2
0.039316239316239315,0.08864468864468865,0.10158730158730159,0.12112332112332112,0.007081807081807082,339.56,-14.56,107.37,test2
0.044444444444444446,0.09694749694749695,0.10647130647130647,0.12991452991452992,0.00757020757020757,338.62,-14.75,107.44,test2
0.047619047619047616,0.10183150183150183,0.10866910866910867,0.13528693528693528,0.00805860805860806,337.69,-14.94,107.19,test2
0.04932844932844933,0.10451770451770452,0.10891330891330891,0.13821733821733823,0.008302808302808303,337.06,-14.31,106.94,test2
0.04957264957264957,0.10525030525030525,0.10695970695970695,0.13772893772893774,0.00757020757020757,338.19,-14.13,109.19,test2
0.04664224664224664,0.10134310134310134,0.10158730158730159,0.1304029304029304,0.006837606837606838,341.31,-12.31,113.06,test2
0.03882783882783883,0.0884004884004884,0.09401709401709402,0.11208791208791209,0.006349206349206349,342.0,-12.13,112.44,test2
0.03076923076923077,0.07326007326007326,0.0844932844932845,0.09474969474969475,0.004884004884004884,342.19,-12.25,112.19,test2
0.024664224664224663,0.06227106227106227,0.07741147741147741,0.08205128205128205,0.003907203907203907,343.25,-12.25,111.75,test2
0.02026862026862027,0.05445665445665446,0.07203907203907203,0.07277167277167278,0.0031746031746031746,343.94,-12.5,111.25,test2
0.01733821733821734,0.04908424908424908,0.06813186813186813,0.06617826617826618,0.002686202686202686,344.81,-12.13,110.37,test2
0.01514041514041514,0.045177045177045176,0.06495726495726496,0.06153846153846154,0.002442002442002442,345.06,-11.81,110.19,test2
0.013431013431013432,0.04224664224664225,0.06275946275946276,0.05811965811965812,0.002197802197802198,344.87,-12.31,108.62,test2
0.012454212454212455,0.040293040293040296,0.06129426129426129,0.05567765567765568,0.0019536019536019536,345.25,-11.94,107.94,test2
0.011721611721611722,0.03882783882783883,0.060073260073260075,0.05372405372405373,0.0017094017094017094,345.25,-12.13,107.31,test2
0.011233211233211233,0.03785103785103785,0.05934065934065934,0.05225885225885226,0.0017094017094017094,345.87,-11.06,110.0,test2
0.01098901098901099,0.03711843711843712,0.05885225885225885,0.051526251526251524,0.0014652014652014652,346.31,-10.38,109.75,test2
0.010744810744810745,0.03663003663003663,0.05811965811965812,0.050793650793650794,0.0014652014652014652,345.62,-10.94,107.44,test2
0.010500610500610501,0.03638583638583639,0.057387057387057384,0.05030525030525031,0.0014652014652014652,345.37,-11.06,106.94,test2
0.010256410256410256,0.036141636141636145,0.055921855921855924,0.05054945054945055,0.0014652014652014652,345.81,-10.13,108.62,test2
0.010256410256410256,0.035897435897435895,0.054945054945054944,0.050793650793650794,0.0014652014652014652,346.19,-9.94,108.12,test2
0.010012210012210013,0.03565323565323565,0.05372405372405373,0.050061050061050064,0.0014652014652014652,346.19,-10.38,107.5,test2
0.010012210012210013,0.03540903540903541,0.05274725274725275,0.04932844932844933,0.0014652014652014652,345.44,-11.06,108.25,test2
0.010012210012210013,0.035164835164835165,0.05201465201465202,0.04835164835164835,0.0014652014652014652,346.0,-10.63,107.56,test2
0.009768009768009768,0.03492063492063492,0.05128205128205128,0.047619047619047616,0.0014652014652014652,345.94,-10.25,107.69,test2
0.009768009768009768,0.03467643467643468,0.050793650793650794,0.046886446886446886,0.0014652014652014652,345.37,-10.31,107.0,test2
0.009523809523809525,0.03467643467643468,0.05030525030525031,0.0463980463980464,0.002686202686202686,344.44,-10.25,107.0,test2
0.009523809523809525,0.034432234432234435,0.050061050061050064,0.04590964590964591,0.003418803418803419,344.12,-10.38,105.62,test2
0.009523809523809525,0.034432234432234435,0.04981684981684982,0.04566544566544566,0.004151404151404151,344.69,-10.63,105.75,test2
0.009523809523809525,0.034432234432234435,0.04981684981684982,0.04493284493284493,0.004395604395604396,343.44,-11.19,105.06,test2
0.009523809523809525,0.034432234432234435,0.04957264957264957,0.04468864468864469,0.004884004884004884,343.5,-11.06,105.19,test2
0.00927960927960928,0.03418803418803419,0.04957264957264957,0.0442002442002442,0.003907203907203907,345.44,-10.69,104.69,test2
0.00927960927960928,0.03418803418803419,0.04908424908424908,0.04371184371184371,0.0031746031746031746,345.37,-10.94,105.31,test2
0.00927960927960928,0.0336996336996337,0.04884004884004884,0.04322344322344322,0.002686202686202686,345.37,-11.13,105.69,test2
0.009035409035409036,0.033455433455433455,0.0485958485958486,0.042735042735042736,0.002442002442002442,345.56,-11.13,105.87,test2
0.009035409035409036,0.03321123321123321,0.0485958485958486,0.04224664224664225,0.002197802197802198,345.69,-11.13,105.94,test2
0.009035409035409036,0.03321123321123321,0.0485958485958486,0.042002442002442006,0.0019536019536019536,345.62,-11.38,106.12,test2
0.009035409035409036,0.03296703296703297,0.0485958485958486,0.041758241758241756,0.0019536019536019536,345.37,-11.13,106.75,test2
0.008791208791208791,0.03296703296703297,0.04835164835164835,0.041758241758241756,0.0017094017094017094,346.12,-10.69,106.0,test2
0.008791208791208791,0.032722832722832725,0.04835164835164835,0.04322344322344322,0.0017094017094017094,345.69,-11.13,106.19,test2
0.008791208791208791,0.032722832722832725,0.04835164835164835,0.0442002442002442,0.0017094017094017094,345.37,-11.81,106.37,test2
0.008791208791208791,0.032722832722832725,0.04835164835164835,0.045177045177045176,0.0017094017094017094,345.44,-12.13,106.62,test2
0.008547008547008548,0.032722832722832725,0.04835164835164835,0.04590964590964591,0.0017094017094017094,346.0,-12.38,106.87,test2
0.008547008547008548,0.032722832722832725,0.04835164835164835,0.046153846153846156,0.0017094017094017094,346.25,-12.69,107.12,test2
0.008547008547008548,0.032722832722832725,0.04835164835164835,0.046153846153846156,0.0014652014652014652,346.25,-12.56,108.0,test2
0.008547008547008548,0.032722832722832725,0.04835164835164835,0.0463980463980464,0.0014652014652014652,347.12,-11.94,107.81,test2
0.008547008547008548,0.032722832722832725,0.04835164835164835,0.04590964590964591,0.0014652014652014652,347.19,-11.94,106.87,test2
0.008547008547008548,0.032722832722832725,0.04810744810744811,0.045177045177045176,0.0014652014652014652,346.75,-11.94,106.87,test2
0.008547008547008548,0.03247863247863248,0.04786324786324787,0.04371184371184371,0.0014652014652014652,346.37,-11.88,108.12,test2
0.008547008547008548,0.03247863247863248,0.047619047619047616,0.041758241758241756,0.0014652014652014652,345.37,-12.06,109.75,test2
0.008302808302808303,0.03199023199023199,0.04664224664224664,0.039316239316239315,0.0014652014652014652,345.31,-11.81,110.37,test2
0.008302808302808303,0.03076923076923077,0.04590964590964591,0.037606837606837605,0.0014652014652014652,345.56,-11.25,109.87,test2
0.00805860805860806,0.030036630036630037,0.04566544566544566,0.03663003663003663,0.0014652014652014652,345.19,-8.94,107.81,test2
0.00805860805860806,0.029548229548229547,0.04590964590964591,0.037606837606837605,0.002686202686202686,338.5,-10.63,108.94,test2
0.009523809523809525,0.035897435897435895,0.05641025641025641,0.05225885225885226,0.003418803418803419,339.31,-11.44,107.87,test2
0.01733821733821734,0.053235653235653234,0.0713064713064713,0.07594627594627594,0.005128205128205128,340.94,-11.56,107.12,test2
0.028327228327228327,0.07008547008547009,0.08669108669108669,0.09865689865689865,0.006349206349206349,341.31,-11.69,106.56,test2
0.03736263736263736,0.08351648351648351,0.09743589743589744,0.11452991452991453,0.007326007326007326,341.75,-11.44,106.19,test2
0.04371184371184371,0.09304029304029304,0.10500610500610501,0.12576312576312576,0.007814407814407814,342.12,-11.19,105.94,test2
0.04835164835164835,0.09963369963369964,0.10915750915750916,0.13357753357753357,0.008302808302808303,342.44,-10.81,105.75,test2
0.05054945054945055,0.10305250305250305,0.10989010989010989,0.13772893772893774,0.008791208791208791,342.56,-10.5,105.81,test2
0.05128205128205128,0.10451770451770452,0.10842490842490843,0.13846153846153847,0.008791208791208791,341.56,-9.06,106.69,test2
0.050793650793650794,0.10476190476190476,0.10500610500610501,0.136996336996337,0.009035409035409036,342.31,-8.06,110.94,test2
0.04542124542124542,0.09914529914529914,0.09963369963369964,0.1282051282051282,0.007814407814407814,348.25,-5.06,113.62,test2
0.036874236874236875,0.08693528693528693,0.09352869352869353,0.11135531135531136,0.007081807081807082,351.37,-3.25,113.06,test2
0.028815628815628817,0.07252747252747253,0.0844932844932845,0.09426129426129426,0.006593406593406593,352.0,-2.87,112.94,test2
0.0231990231990232,0.06105006105006105,0.07692307692307693,0.08107448107448108,0.006105006105006105,352.75,-2.31,112.31,test2
0.01904761904761905,0.05299145299145299,0.07106227106227106,0.07155067155067155,0.004884004884004884,353.0,-2.0,112.56,test2
0.015873015873015872,0.04737484737484737,0.06691086691086691,0.06446886446886448,0.003663003663003663,352.5,-2.06,112.75,test2
0.01391941391941392,0.043467643467643466,0.06349206349206349,0.05934065934065934,0.0029304029304029304,352.19,-2.75,113.19,test2
0.012698412698412698,0.04053724053724054,0.06105006105006105,0.05567765567765568,0.002442002442002442,351.12,-2.87,113.69,test2
0.011477411477411478,0.038583638583638585,0.059096459096459095,0.05274725274725275,0.002197802197802198,350.81,-3.06,113.94,test2
0.010744810744810745,0.03711843711843712,0.057631257631257635,0.050793650793650794,0.0019536019536019536,351.0,-3.06,114.25,test2
0.010256410256410256,0.036141636141636145,0.05641025641025641,0.04932844932844933,0.0019536019536019536,351.44,-3.0,114.5,test2
0.009768009768009768,0.035164835164835165,0.05543345543345543,0.04810744810744811,0.0017094017094017094,351.37,-3.06,115.31,test2
0.009523809523809525,0.03467643467643468,0.05445665445665446,0.046886446886446886,0.0017094017094017094,351.0,-3.12,115.87,test2
0.009523809523809525,0.03394383394383394,0.05299145299145299,0.04590964590964591,0.0017094017094017094,350.56,-2.94,115.75,test2
0.009523809523809525,0.03296703296703297,0.05225885225885226,0.045177045177045176,0.0017094017094017094,350.44,-2.87,115.06,test2
0.009768009768009768,0.03223443223443224,0.051526251526251524,0.04468864468864469,0.0017094017094017094,349.37,-3.31,112.44,test2
0.010256410256410256,0.031746031746031744,0.051526251526251524,0.04493284493284493,0.0017094017094017094,346.75,-4.69,110.06,test2
0.012698412698412698,0.035164835164835165,0.05958485958485959,0.05274725274725275,0.002686202686202686,343.25,-7.56,108.69,test2
0.020512820512820513,0.0463980463980464,0.07326007326007326,0.07374847374847375,0.003663003663003663,342.25,-9.06,108.0,test2
0.030036630036630037,0.06129426129426129,0.08595848595848596,0.09499389499389499,0.005128205128205128,342.06,-10.25,107.81,test2
0.03833943833943834,0.07667887667887668,0.09597069597069598,0.11428571428571428,0.006593406593406593,342.44,-10.0,107.31,test2
0.04395604395604396,0.08717948717948718,0.10305250305250305,0.1277167277167277,0.007326007326007326,343.0,-9.63,107.12,test2
0.04810744810744811,0.09474969474969475,0.10793650793650794,0.136996336996337,0.007814407814407814,343.37,-9.19,106.87,test2
0.05030525030525031,0.0989010989010989,0.10915750915750916,0.1413919413919414,0.008302808302808303,343.75,-8.31,107.0,test2
0.05030525030525031,0.10036630036630037,0.1076923076923077,0.1413919413919414,0.008547008547008548,343.94,-7.37,107.19,test2
0.04884004884004884,0.09938949938949938,0.10378510378510379,0.13894993894993896,0.008791208791208791,344.37,-6.75,109.62,test2
0.04566544566544566,0.09523809523809523,0.09841269841269841,0.13284493284493284,0.007814407814407814,349.75,-3.19,113.37,test2
0.038583638583638585,0.08498168498168499,0.09377289377289377,0.11746031746031746,0.007081807081807082,353.56,-1.19,112.81,test2
0.03028083028083028,0.0713064713064713,0.0844932844932845,0.09963369963369964,0.005372405372405372,354.81,-0.75,112.75,test2
0.023687423687423687,0.059096459096459095,0.07594627594627594,0.08522588522588523,0.004151404151404151,355.44,-0.44,112.56,test2
0.018803418803418803,0.04932844932844933,0.06935286935286936,0.07472527472527472,0.003418803418803419,355.69,-0.25,112.56,test2
0.01514041514041514,0.04249084249084249,0.06398046398046398,0.06691086691086691,0.002686202686202686,355.94,-0.13,112.5,test2
0.012698412698412698,0.03785103785103785,0.06031746031746032,0.06105006105006105,0.002442002442002442,355.69,-0.13,112.25,test2
0.01098901098901099,0.034432234432234435,0.05787545787545788,0.0568986568986569,0.0019536019536019536,355.12,-0.19,111.12,test2
0.009768009768009768,0.03223443223443224,0.05616605616605617,0.05396825396825397,0.0019536019536019536,353.81,-0.31,109.5,test2
0.010500610500610501,0.03296703296703297,0.05958485958485959,0.05616605616605617,0.0017094017094017094,350.12,-2.69,109.81,test2
0.014407814407814409,0.03833943833943834,0.06862026862026863,0.0652014652014652,0.0029304029304029304,348.37,-4.62,108.87,test2
0.020024420024420026,0.046886446886446886,0.07814407814407814,0.08205128205128205,0.004884004884004884,347.25,-6.06,108.56,test2
0.027106227106227107,0.060073260073260075,0.08742368742368742,0.10158730158730159,0.006105006105006105,346.25,-6.87,108.69,test2
0.03296703296703297,0.07057387057387057,0.09401709401709402,0.11575091575091576,0.007081807081807082,345.94,-6.81,108.94,test2
0.03711843711843712,0.0778998778998779,0.09841269841269841,0.12551892551892552,0.007814407814407814,345.37,-7.06,109.12,test2
0.04004884004884005,0.08302808302808302,0.10012210012210013,0.1326007326007326,0.008302808302808303,345.12,-7.25,109.12,test2
0.041758241758241756,0.08571428571428572,0.10012210012210013,0.13626373626373625,0.008547008547008548,344.94,-7.37,109.12,test2
0.042735042735042736,0.08717948717948718,0.09963369963369964,0.13821733821733823,0.008791208791208791,344.81,-7.12,109.12,test2
0.04322344322344322,0.08791208791208792,0.09841269841269841,0.13846153846153847,0.009035409035409036,345.81,-4.75,110.06,test2
0.042002442002442006,0.0862026862026862,0.09474969474969475,0.1343101343101343,0.009035409035409036,350.56,-2.37,114.31,test2
0.03663003663003663,0.07936507936507936,0.09035409035409035,0.1203907203907204,0.00805860805860806,355.37,-0.06,114.25,test2
0.02905982905982906,0.06617826617826618,0.08156288156288156,0.1010989010989011,0.006105006105006105,356.81,0.5,114.19,test2
0.022222222222222223,0.054212454212454214,0.07277167277167278,0.08595848595848596,0.00463980463980464,357.19,0.62,114.0,test2
0.01684981684981685,0.04493284493284493,0.06593406593406594,0.07496947496947497,0.003663003663003663,357.25,0.62,113.87,test2
0.012942612942612943,0.038583638583638585,0.060805860805860805,0.06666666666666667,0.0031746031746031746,357.12,0.56,113.75,test2
0.010256410256410256,0.03418803418803419,0.0568986568986569,0.06056166056166056,0.002686202686202686,356.94,0.5,113.75,test2
0.00805860805860806,0.031013431013431014,0.054212454212454214,0.05616605616605617,0.002442002442002442,356.5,0.37,113.62,test2
0.006593406593406593,0.028815628815628817,0.05225885225885226,0.05299145299145299,0.0019536019536019536,355.12,-0.06,112.44,test2
0.005616605616605617,0.02783882783882784,0.051526251526251524,0.050793650793650794,0.0017094017094017094,353.37,-0.37,110.62,test2
0.006349206349206349,0.02905982905982906,0.054945054945054944,0.05299145299145299,0.0017094017094017094,350.75,-1.62,109.06,test2
0.00927960927960928,0.03125763125763126,0.06129426129426129,0.05860805860805861,0.002686202686202686,346.87,-4.75,109.0,test2
0.014896214896214897,0.0380952380952381,0.07179487179487179,0.07277167277167278,0.004884004884004884,345.37,-6.69,108.19,test2
0.022222222222222223,0.05347985347985348,0.08302808302808302,0.09352869352869353,0.006105006105006105,344.19,-7.56,108.44,test2
0.029548229548229547,0.06764346764346764,0.0905982905982906,0.10842490842490843,0.007081807081807082,343.94,-7.37,108.75,test2
0.03467643467643468,0.07765567765567766,0.09621489621489622,0.11892551892551892,0.007814407814407814,343.87,-7.31,108.87,test2
0.03833943833943834,0.08473748473748474,0.09914529914529914,0.12625152625152625,0.008302808302808303,343.75,-7.44,108.87,test2
0.04053724053724054,0.0884004884004884,0.09987789987789988,0.13064713064713065,0.008547008547008548,343.62,-7.37,108.94,test2
0.04151404151404151,0.09035409035409035,0.09938949938949938,0.1326007326007326,0.008791208791208791,343.62,-7.31,108.94,test2
0.041758241758241756,0.09108669108669108,0.09816849816849817,0.13333333333333333,0.008791208791208791,343.37,-7.19,108.94,test2
0.04151404151404151,0.09108669108669108,0.09645909645909646,0.13284493284493284,0.009035409035409036,343.87,-5.62,109.56,test2
0.04053724053724054,0.08913308913308914,0.09328449328449329,0.12967032967032968,0.007814407814407814,345.19,-6.0,113.87,test2
0.03711843711843712,0.0822954822954823,0.08962148962148962,0.12014652014652015,0.007081807081807082,353.44,-1.56,114.25,test2
0.029548229548229547,0.07008547008547009,0.08278388278388278,0.10256410256410256,0.005372405372405372,355.81,-0.5,114.0,test2
0.02197802197802198,0.0568986568986569,0.073992673992674,0.0862026862026862,0.004395604395604396,356.12,-0.37,113.81,test2
0.016605616605616606,0.04664224664224664,0.06666666666666667,0.073992673992674,0.003418803418803419,356.06,-0.37,113.87,test2
0.012942612942612943,0.039316239316239315,0.06105006105006105,0.06544566544566545,0.0029304029304029304,356.12,-0.25,113.81,test2
0.010256410256410256,0.034432234432234435,0.05714285714285714,0.05885225885225885,0.002442002442002442,356.06,-0.25,113.75,test2
0.008302808302808303,0.03076923076923077,0.054212454212454214,0.054212454212454214,0.002197802197802198,355.69,-0.25,113.56,test2
0.007081807081807082,0.02857142857142857,0.05225885225885226,0.05103785103785104,0.0019536019536019536,354.06,-0.44,111.06,test2
0.006349206349206349,0.027106227106227107,0.05103785103785104,0.0485958485958486,0.0019536019536019536,352.44,-1.06,108.56,test2
0.008791208791208791,0.03125763125763126,0.059096459096459095,0.056654456654456654,0.0029304029304029304,349.81,-3.12,108.69,test2
0.014896214896214897,0.04297924297924298,0.07203907203907203,0.07716727716727717,0.003663003663003663,348.19,-5.06,108.56,test2
0.02197802197802198,0.05811965811965812,0.08351648351648351,0.09841269841269841,0.005372405372405372,346.5,-6.0,109.0,test2
0.02857142857142857,0.07106227106227106,0.09133089133089133,0.1137973137973138,0.006593406593406593,345.87,-6.37,109.12,test2
0.0336996336996337,0.0800976800976801,0.09694749694749695,0.1242979242979243,0.007326007326007326,345.56,-6.75,109.12,test2
0.03736263736263736,0.08644688644688645,0.09963369963369964,0.13186813186813187,0.00805860805860806,345.31,-6.87,109.19,test2
0.0398046398046398,0.08986568986568987,0.10036630036630037,0.136019536019536,0.008302808302808303,345.12,-6.94,109.12,test2
0.04151404151404151,0.09181929181929183,0.10012210012210013,0.13797313797313798,0.008547008547008548,345.06,-7.0,109.19,test2
0.04249084249084249,0.09230769230769231,0.0989010989010989,0.1387057387057387,0.008791208791208791,345.25,-6.62,109.19,test2
0.04297924297924298,0.09230769230769231,0.09768009768009768,0.1387057387057387,0.008791208791208791,345.81,-5.06,109.37,test2
0.042002442002442006,0.09133089133089133,0.0945054945054945,0.13455433455433455,0.009035409035409036,348.81,-3.44,114.44,test2
0.03711843711843712,0.08522588522588523,0.09010989010989011,0.12258852258852258,0.007814407814407814,353.31,-0.75,114.37,test2
0.028815628815628817,0.0735042735042735,0.08253968253968254,0.10402930402930403,0.005860805860805861,354.81,-0.13,114.69,test2
0.02148962148962149,0.06105006105006105,0.07423687423687424,0.08742368742368742,0.00463980463980464,355.5,0.06,114.87,test2
0.01562881562881563,0.050793650793650794,0.0673992673992674,0.07521367521367521,0.003663003663003663,355.69,0.25,114.94,test2
0.011721611721611722,0.04297924297924298,0.061782661782661785,0.06617826617826618,0.0031746031746031746,355.69,0.25,114.75,test2
0.008547008547008548,0.03736263736263736,0.05787545787545788,0.05958485958485959,0.002686202686202686,355.62,0.19,114.69,test2
0.006349206349206349,0.033455433455433455,0.05518925518925519,0.054945054945054944,0.002197802197802198,355.25,0.19,113.81,test2
0.004884004884004884,0.03076923076923077,0.053235653235653234,0.051770451770451774,0.0019536019536019536,353.19,-0.06,111.87,test2
0.004151404151404151,0.029304029304029304,0.05274725274725275,0.04957264957264957,0.0019536019536019536,351.31,-1.0,110.56,test2
0.007081807081807082,0.032722832722832725,0.06105006105006105,0.060073260073260075,0.0029304029304029304,350.0,-2.94,110.0,test2
0.012942612942612943,0.04126984126984127,0.07203907203907203,0.08253968253968254,0.004884004884004884,349.94,-3.5,109.56,test2
0.02197802197802198,0.0568986568986569,0.08351648351648351,0.10573870573870574,0.007326007326007326,348.69,-5.19,108.94,test2
0.03125763125763126,0.07252747252747253,0.09230769230769231,0.12258852258852258,0.009035409035409036,348.31,-5.56,108.62,test2
0.03785103785103785,0.08327228327228327,0.09841269841269841,0.1343101343101343,0.010256410256410256,348.0,-5.69,108.69,test2
0.04249084249084249,0.09108669108669108,0.1028083028083028,0.14236874236874236,0.011233211233211233,347.94,-5.75,108.56,test2
0.04493284493284493,0.09523809523809523,0.10427350427350428,0.14676434676434677,0.011721611721611722,347.87,-5.75,108.56,test2
0.046153846153846156,0.09743589743589744,0.10451770451770452,0.14896214896214896,0.01098901098901099,347.75,-5.81,108.37,test2
0.046886446886446886,0.09816849816849817,0.10378510378510379,0.1496947496947497,0.010500610500610501,345.75,-5.25,108.94,test2
0.04664224664224664,0.09816849816849817,0.10183150183150183,0.147985347985348,0.010256410256410256,346.5,-5.19,109.94,test2
0.042735042735042736,0.09352869352869353,0.09621489621489622,0.13943833943833944,0.010012210012210013,346.81,-5.37,114.06,test2
0.03492063492063492,0.08351648351648351,0.09108669108669108,0.12307692307692308,0.008547008547008548,352.31,-2.0,114.31,test2
0.027594627594627594,0.07008547008547009,0.08205128205128205,0.10354090354090355,0.00757020757020757,354.25,-1.0,113.56,test2
0.020757020757020756,0.056654456654456654,0.07301587301587302,0.08791208791208792,0.005860805860805861,354.5,-0.88,113.56,test2
0.015873015873015872,0.0463980463980464,0.06568986568986569,0.07643467643467644,0.00463980463980464,354.56,-0.81,113.44,test2
0.01221001221001221,0.039316239316239315,0.06056166056166056,0.06837606837606838,0.003663003663003663,354.25,-0.81,112.87,test2
0.009768009768009768,0.03418803418803419,0.0568986568986569,0.06275946275946276,0.0029304029304029304,353.37,-0.69,111.5,test2
0.00805860805860806,0.03321123321123321,0.05641025641025641,0.060805860805860805,0.002686202686202686,350.94,-1.5,110.81,test2
0.008547008547008548,0.03711843711843712,0.06544566544566545,0.07032967032967033,0.00463980463980464,348.37,-4.37,109.87,test2
0.014407814407814409,0.0485958485958486,0.07667887667887668,0.09035409035409035,0.005860805860805861,346.94,-5.5,109.25,test2
0.023687423687423687,0.06373626373626373,0.08717948717948718,0.10915750915750916,0.006837606837606838,346.31,-6.5,108.75,test2
0.031013431013431014,0.073992673992674,0.09426129426129426,0.12234432234432234,0.00757020757020757,345.87,-7.0,108.62,test2
0.03638583638583639,0.08131868131868132,0.09938949938949938,0.13162393162393163,0.00805860805860806,345.62,-7.0,108.75,test2
0.04004884004884005,0.08644688644688645,0.10134310134310134,0.136996336996337,0.008302808302808303,345.56,-7.12,108.69,test2
0.04224664224664225,0.08913308913308914,0.10158730158730159,0.13992673992673993,0.008547008547008548,345.5,-7.19,108.69,test2
0.043467643467643466,0.09010989010989011,0.1010989010989011,0.1413919413919414,0.008791208791208791,345.5,-7.12,108.69,test2
0.0442002442002442,0.09035409035409035,0.10036630036630037,0.14188034188034188,0.009035409035409036,345.44,-7.06,108.69,test2
0.044444444444444446,0.0905982905982906,0.09914529914529914,0.1413919413919414,0.009035409035409036,345.75,-6.37,108.62,test2
0.0442002442002442,0.0905982905982906,0.09768009768009768,0.14041514041514042,0.009035409035409036,345.37,-5.87,108.56,test2
0.04297924297924298,0.09010989010989011,0.09401709401709402,0.1365079365079365,0.009035409035409036,345.75,-6.31,113.12,test2
0.039316239316239315,0.08571428571428572,0.09010989010989011,0.12698412698412698,0.009035409035409036,353.87,-1.5,112.87,test2
0.0315018315018315,0.0735042735042735,0.08351648351648351,0.1076923076923077,0.006837606837606838,355.37,-0.69,112.81,test2
0.023443223443223443,0.05934065934065934,0.07448107448107448,0.09010989010989011,0.005372405372405372,355.75,-0.44,112.81,test2
0.017582417582417582,0.04884004884004884,0.06715506715506715,0.07741147741147741,0.004151404151404151,355.81,-0.25,112.94,test2
0.013186813186813187,0.04151404151404151,0.06153846153846154,0.06788766788766788,0.003418803418803419,355.87,-0.19,112.81,test2
0.010256410256410256,0.03638583638583639,0.057631257631257635,0.06129426129426129,0.002686202686202686,355.87,-0.19,112.87,test2
0.00805860805860806,0.032722832722832725,0.0547008547008547,0.055921855921855924,0.002197802197802198,355.75,-0.19,112.81,test2
0.006593406593406593,0.03028083028083028,0.05274725274725275,0.05225885225885226,0.0019536019536019536,355.12,-0.25,112.25,test2
0.005616605616605617,0.028815628815628817,0.05128205128205128,0.04981684981684982,0.0017094017094017094,353.69,-0.44,109.37,test2
0.005616605616605617,0.029304029304029304,0.053235653235653234,0.05103785103785104,0.0017094017094017094,350.0,-2.87,107.94,test2
0.00927960927960928,0.03492063492063492,0.06349206349206349,0.06202686202686203,0.002686202686202686,346.69,-5.56,108.25,test2
0.017826617826617826,0.050061050061050064,0.0761904761904762,0.08278388278388278,0.00463980463980464,346.44,-6.81,107.75,test2
0.028083028083028084,0.0652014652014652,0.08571428571428572,0.1028083028083028,0.006105006105006105,346.06,-7.19,107.87,test2
0.03638583638583639,0.07594627594627594,0.09255189255189256,0.11697191697191697,0.007081807081807082,346.06,-7.37,107.81,test2
0.042002442002442006,0.08351648351648351,0.0971916971916972,0.12698412698412698,0.007814407814407814,345.81,-7.44,107.94,test2
0.046153846153846156,0.08864468864468865,0.09963369963369964,0.1330891330891331,0.008302808302808303,345.81,-7.37,107.94,test2
0.04835164835164835,0.09133089133089133,0.10012210012210013,0.13626373626373625,0.008547008547008548,345.69,-7.25,107.94,test2
0.04932844932844933,0.09255189255189256,0.09963369963369964,0.1374847374847375,0.008791208791208791,345.31,-6.56,107.87,test2
0.04908424908424908,0.0927960927960928,0.09768009768009768,0.1365079365079365,0.009035409035409036,344.56,-7.25,110.69,test2
0.046153846153846156,0.08937728937728938,0.0927960927960928,0.1304029304029304,0.009035409035409036,349.06,-4.44,114.31,test2
0.0398046398046398,0.08107448107448108,0.08913308913308914,0.11721611721611722,0.00805860805860806,352.25,-2.56,114.94,test2
0.031013431013431014,0.06886446886446887,0.08034188034188035,0.09865689865689865,0.007081807081807082,352.56,-2.31,115.5,test2
0.022954822954822957,0.05567765567765568,0.0713064713064713,0.08327228327228327,0.005372405372405372,352.94,-2.12,115.37,test2
0.017094017094017096,0.04590964590964591,0.06422466422466422,0.07203907203907203,0.004395604395604396,353.19,-2.0,115.37,test2
0.012942612942612943,0.03882783882783883,0.059096459096459095,0.06373626373626373,0.003418803418803419,353.25,-1.87,115.44,test2
0.010012210012210013,0.0336996336996337,0.05518925518925519,0.05787545787545788,0.0029304029304029304,353.31,-1.81,115.37,test2
0.00805860805860806,0.03028083028083028,0.052503052503052504,0.05347985347985348,0.002442002442002442,353.31,-1.69,115.19,test2
0.006593406593406593,0.027594627594627594,0.05054945054945055,0.050061050061050064,0.002197802197802198,352.81,-1.56,114.06,test2
0.005616605616605617,0.02612942612942613,0.04908424908424908,0.04786324786324787,0.0019536019536019536,352.81,-1.12,111.81,test2
0.006105006105006105,0.02564102564102564,0.0485958485958486,0.0463980463980464,0.0019536019536019536,351.69,-1.75,108.44,test2
0.008547008547008548,0.026617826617826617,0.05201465201465202,0.04957264957264957,0.0029304029304029304,347.12,-5.06,107.25,test2
0.01391941391941392,0.032722832722832725,0.063003663003663,0.06202686202686203,0.003663003663003663,344.94,-7.06,107.19,test2
0.0231990231990232,0.0442002442002442,0.07448107448107448,0.08058608058608059,0.005372405372405372,344.12,-8.69,106.62,test2
0.034432234432234435,0.061782661782661785,0.08644688644688645,0.1010989010989011,0.006593406593406593,343.56,-9.25,106.56,test2
0.04249084249084249,0.07423687423687424,0.09474969474969475,0.11550671550671551,0.007326007326007326,343.62,-9.06,106.69,test2
0.04810744810744811,0.08302808302808302,0.10061050061050061,0.12551892551892552,0.007814407814407814,343.56,-9.06,106.75,test2
0.051770451770451774,0.08888888888888889,0.10305250305250305,0.13186813186813187,0.008302808302808303,343.56,-8.94,106.81,test2
0.053235653235653234,0.09230769230769231,0.10329670329670329,0.13528693528693528,0.008547008547008548,343.31,-8.5,106.87,test2
0.05347985347985348,0.09377289377289377,0.10207570207570207,0.13626373626373625,0.008791208791208791,343.12,-7.81,107.25,test2
0.051770451770451774,0.09304029304029304,0.09816849816849817,0.13333333333333333,0.007814407814407814,342.94,-8.06,112.44,test2
0.04713064713064713,0.08815628815628816,0.09352869352869353,0.12551892551892552,0.007081807081807082,344.44,-6.94,117.69,test2
0.040293040293040296,0.07936507936507936,0.08913308913308914,0.11062271062271062,0.006593406593406593,353.19,-1.81,115.37,test2
0.0315018315018315,0.06691086691086691,0.0796092796092796,0.09181929181929183,0.004884004884004884,353.94,-1.44,114.94,test2
0.024175824175824177,0.05445665445665446,0.07008547008547009,0.0778998778998779,0.003907203907203907,354.31,-1.31,114.69,test2
0.01904761904761905,0.04493284493284493,0.06275946275946276,0.06813186813186813,0.0031746031746031746,354.5,-1.19,114.37,test2
0.01514041514041514,0.0380952380952381,0.057387057387057384,0.06056166056166056,0.002686202686202686,355.06,-0.81,113.81,test2
0.012454212454212455,0.03321123321123321,0.05347985347985348,0.05518925518925519,0.002197802197802198,355.06,-0.81,113.75,test2
0.010744810744810745,0.029792429792429794,0.05030525030525031,0.05103785103785104,0.0019536019536019536,354.94,-0.81,113.37,test2
0.00927960927960928,0.02735042735042735,0.04835164835164835,0.04810744810744811,0.0017094017094017094,354.62,-0.88,112.31,test2
0.008547008547008548,0.02612942612942613,0.046886446886446886,0.046153846153846156,0.0017094017094017094,354.06,-1.0,111.19,test2
0.008302808302808303,0.025885225885225887,0.04737484737484737,0.04493284493284493,0.0014652014652014652,353.25,-1.12,109.5,test2
0.009035409035409036,0.027106227106227107,0.051770451770451774,0.04835164835164835,0.0014652014652014652,351.06,-2.75,106.94,test2
0.012942612942612943,0.03223443223443224,0.06153846153846154,0.057387057387057384,0.0014652014652014652,346.31,-5.75,108.31,test2
0.02026862026862027,0.044444444444444446,0.07423687423687424,0.07667887667887668,0.003907203907203907,345.25,-8.25,107.12,test2
0.030525030525030524,0.06153846153846154,0.08522588522588523,0.0989010989010989,0.005372405372405372,344.81,-8.63,107.37,test2
0.03785103785103785,0.07326007326007326,0.0927960927960928,0.11477411477411477,0.006593406593406593,344.56,-8.69,107.37,test2
0.04297924297924298,0.08180708180708181,0.09816849816849817,0.12576312576312576,0.00757020757020757,344.31,-8.88,107.31,test2
0.0463980463980464,0.0862026862026862,0.10036630036630037,0.13211233211233211,0.00805860805860806,344.19,-9.0,107.31,test2
0.04835164835164835,0.08888888888888889,0.1010989010989011,0.13577533577533576,0.008302808302808303,344.19,-9.0,107.31,test2
0.04908424908424908,0.08986568986568987,0.10085470085470086,0.13772893772893774,0.008547008547008548,344.19,-8.81,107.31,test2
0.04932844932844933,0.09035409035409035,0.10012210012210013,0.13846153846153847,0.00757020757020757,344.12,-8.38,107.25,test2
0.04884004884004884,0.0905982905982906,0.09865689865689865,0.13846153846153847,0.007081807081807082,344.25,-7.56,108.0,test2
0.04713064713064713,0.08913308913308914,0.09499389499389499,0.13528693528693528,0.006593406593406593,344.06,-7.69,117.44,test2
0.04151404151404151,0.08278388278388278,0.09206349206349207,0.1242979242979243,0.006349206349206349,354.87,-1.25,114.12,test2
0.03247863247863248,0.07032967032967033,0.08400488400488401,0.10598290598290598,0.006105006105006105,355.75,-0.88,113.5,test2
0.02490842490842491,0.05714285714285714,0.07448107448107448,0.08913308913308914,0.005860805860805861,355.94,-0.69,113.44,test2
0.019291819291819293,0.0463980463980464,0.06691086691086691,0.07643467643467644,0.005860805860805861,356.19,-0.56,113.19,test2
0.015384615384615385,0.038583638583638585,0.06129426129426129,0.0673992673992674,0.005616605616605617,356.12,-0.56,112.87,test2
0.012698412698412698,0.03321123321123321,0.0568986568986569,0.06056166056166056,0.005616605616605617,356.19,-0.5,112.81,test2
0.01098901098901099,0.029548229548229547,0.05396825396825397,0.05543345543345543,0.005616605616605617,356.12,-0.44,112.44,test2
0.009523809523809525,0.026862026862026864,0.05201465201465202,0.05201465201465202,0.005372405372405372,355.81,-0.44,111.56,test2
0.008791208791208791,0.025396825396825397,0.05054945054945055,0.04932844932844933,0.005372405372405372,354.81,-0.62,109.75,test2
0.008791208791208791,0.02564102564102564,0.05201465201465202,0.050061050061050064,0.005372405372405372,352.25,-1.81,108.19,test2
0.011233211233211233,0.02857142857142857,0.05934065934065934,0.055921855921855924,0.005372405372405372,347.31,-5.69,107.62,test2
0.017826617826617826,0.03492063492063492,0.06984126984126984,0.06910866910866911,0.005372405372405372,344.44,-8.5,106.87,test2
0.02564102564102564,0.051526251526251524,0.0822954822954823,0.08864468864468865,0.006593406593406593,343.75,-9.25,107.12,test2
0.03296703296703297,0.06617826617826618,0.09108669108669108,0.10525030525030525,0.007326007326007326,343.75,-9.0,107.19,test2
0.03833943833943834,0.07643467643467644,0.0971916971916972,0.11672771672771673,0.007814407814407814,343.69,-8.88,107.06,test2
0.042002442002442006,0.08351648351648351,0.10036630036630037,0.12478632478632479,0.008302808302808303,343.44,-8.56,107.12,test2
0.04395604395604396,0.08766788766788766,0.10158730158730159,0.12967032967032968,0.008547008547008548,343.5,-8.56,106.94,test2
0.045177045177045176,0.08986568986568987,0.10134310134310134,0.13162393162393163,0.008791208791208791,343.37,-8.13,107.0,test2
0.045177045177045176,0.09084249084249084,0.09987789987789988,0.13162393162393163,0.008791208791208791,343.12,-8.19,108.25,test2
0.04322344322344322,0.08937728937728938,0.09597069597069598,0.1282051282051282,0.009035409035409036,344.62,-7.0,117.37,test2
0.03833943833943834,0.08376068376068375,0.09157509157509157,0.1177045177045177,0.007814407814407814,354.81,-1.0,113.31,test2
0.029304029304029304,0.07081807081807082,0.08351648351648351,0.09865689865689865,0.005860805860805861,355.25,-0.75,113.19,test2
0.021733821733821733,0.05811965811965812,0.07423687423687424,0.0822954822954823,0.00463980463980464,355.87,-0.5,113.0,test2
0.016605616605616606,0.04810744810744811,0.06691086691086691,0.07032967032967033,0.003663003663003663,356.0,-0.37,113.06,test2
0.012698412698412698,0.04078144078144078,0.06129426129426129,0.061782661782661785,0.0029304029304029304,356.12,-0.31,113.12,test2
0.010256410256410256,0.03540903540903541,0.057387057387057384,0.05543345543345543,0.002442002442002442,356.12,-0.31,113.19,test2
0.008302808302808303,0.031746031746031744,0.054212454212454214,0.05103785103785104,0.002197802197802198,356.0,-0.31,113.12,test2
0.007081807081807082,0.02905982905982906,0.05201465201465202,0.047619047619047616,0.0019536019536019536,356.06,-0.31,113.06,test2
0.006105006105006105,0.02735042735042735,0.050061050061050064,0.04493284493284493,0.0017094017094017094,356.0,-0.31,113.0,test2
0.005372405372405372,0.02612942612942613,0.04884004884004884,0.04322344322344322,0.0017094017094017094,355.44,-0.37,112.56,test2
0.004884004884004884,0.025396825396825397,0.04810744810744811,0.042002442002442006,0.0014652014652014652,354.94,-0.31,111.25,test2
0.005128205128205128,0.025152625152625153,0.04835164835164835,0.04151404151404151,0.0014652014652014652,352.25,-1.75,109.5,test2
0.006593406593406593,0.027106227106227107,0.05347985347985348,0.046886446886446886,0.0014652014652014652,349.0,-4.12,109.37,test2
0.01221001221001221,0.03467643467643468,0.06691086691086691,0.06471306471306472,0.002686202686202686,347.5,-5.5,109.25,test2
0.02197802197802198,0.04908424908424908,0.07741147741147741,0.08669108669108669,0.003418803418803419,346.69,-6.06,109.44,test2
0.029304029304029304,0.060805860805860805,0.08498168498168499,0.10207570207570207,0.004151404151404151,346.25,-6.31,109.44,test2
0.03467643467643468,0.06910866910866911,0.09010989010989011,0.11282051282051282,0.004395604395604396,345.87,-6.69,109.31,test2
0.03833943833943834,0.07472527472527472,0.09206349206349207,0.1199023199023199,0.004884004884004884,345.56,-6.81,109.37,test2
0.040293040293040296,0.0778998778998779,0.09206349206349207,0.12405372405372406,0.005128205128205128,345.37,-6.94,109.44,test2
0.04126984126984127,0.0796092796092796,0.09133089133089133,0.12625152625152625,0.005128205128205128,345.62,-6.44,109.5,test2
0.041758241758241756,0.0800976800976801,0.09010989010989011,0.12722832722832722,0.005372405372405372,346.37,-6.06,110.19,test2
0.04078144078144078,0.08034188034188035,0.08742368742368742,0.12527472527472527,0.005372405372405372,348.75,-4.69,113.69,test2
0.037606837606837605,0.07643467643467644,0.08400488400488401,0.11697191697191697,0.005372405372405372,355.31,-0.94,115.0,test2
0.031013431013431014,0.06666666666666667,0.07741147741147741,0.09816849816849817,0.004151404151404151,356.25,-0.56,114.56,test2
0.023443223443223443,0.0547008547008547,0.06788766788766788,0.0822954822954823,0.003418803418803419,356.37,-0.44,114.5,test2
0.017582417582417582,0.04493284493284493,0.06056166056166056,0.07081807081807082,0.0029304029304029304,356.5,-0.37,114.56,test2
0.013186813186813187,0.03736263736263736,0.05518925518925519,0.06251526251526252,0.002442002442002442,356.62,-0.37,114.5,test2
0.010012210012210013,0.0315018315018315,0.050793650793650794,0.05641025641025641,0.002197802197802198,356.69,-0.31,114.37,test2
0.007814407814407814,0.027594627594627594,0.047619047619047616,0.05201465201465202,0.0019536019536019536,356.62,-0.31,114.25,test2
0.006349206349206349,0.024664224664224663,0.04542124542124542,0.0485958485958486,0.0017094017094017094,356.25,-0.37,113.56,test2
0.005128205128205128,0.022954822954822957,0.04395604395604396,0.046153846153846156,0.0017094017094017094,355.69,-0.5,112.56,test2
0.004395604395604396,0.02197802197802198,0.04322344322344322,0.044444444444444446,0.0014652014652014652,354.56,-0.88,110.44,test2
0.00463980463980464,0.0231990231990232,0.045177045177045176,0.046153846153846156,0.0014652014652014652,351.81,-2.44,108.37,test2
0.00805860805860806,0.02857142857142857,0.05641025641025641,0.057631257631257635,0.002686202686202686,349.5,-5.0,107.56,test2
0.014407814407814409,0.0398046398046398,0.07032967032967033,0.0796092796092796,0.003418803418803419,347.25,-6.81,107.69,test2
0.022954822954822957,0.05543345543345543,0.08327228327228327,0.1010989010989011,0.005128205128205128,346.5,-7.56,107.62,test2
0.029792429792429794,0.0695970695970696,0.09230769230769231,0.11721611721611722,0.006349206349206349,346.5,-7.69,107.5,test2
0.03467643467643468,0.0796092796092796,0.09865689865689865,0.12844932844932844,0.007326007326007326,346.19,-7.81,107.62,test2
0.03785103785103785,0.08669108669108669,0.10329670329670329,0.13626373626373625,0.007814407814407814,346.0,-8.0,107.69,test2
0.0398046398046398,0.09084249084249084,0.10500610500610501,0.1409035409035409,0.008302808302808303,345.94,-7.87,107.69,test2
0.04078144078144078,0.09328449328449329,0.10525030525030525,0.14358974358974358,0.008547008547008548,345.75,-7.81,107.62,test2
0.041025641025641026,0.0945054945054945,0.10427350427350428,0.1443223443223443,0.008791208791208791,346.31,-6.37,108.37,test2
0.04053724053724054,0.0945054945054945,0.10183150183150183,0.14236874236874236,0.008791208791208791,348.56,-5.19,112.06,test2
0.035897435897435895,0.08937728937728938,0.09621489621489622,0.13137973137973138,0.007814407814407814,354.12,-1.69,113.69,test2
0.02857142857142857,0.07887667887667887,0.08937728937728938,0.11208791208791209,0.005860805860805861,355.44,-1.37,113.37,test2
0.021245421245421246,0.0652014652014652,0.07887667887667887,0.0927960927960928,0.00463980463980464,355.44,-1.25,113.37,test2
0.015384615384615385,0.05372405372405373,0.06984126984126984,0.07863247863247863,0.003663003663003663,355.5,-1.25,113.37,test2
0.011233211233211233,0.04542124542124542,0.06324786324786325,0.06813186813186813,0.0029304029304029304,355.5,-1.19,113.25,test2
0.008302808302808303,0.03956043956043956,0.05811965811965812,0.060805860805860805,0.002442002442002442,355.5,-1.12,113.19,test2
0.006105006105006105,0.03565323565323565,0.054212454212454214,0.05518925518925519,0.002197802197802198,355.37,-1.12,113.19,test2
0.00463980463980464,0.032722832722832725,0.051526251526251524,0.05128205128205128,0.0019536019536019536,355.25,-1.12,113.25,test2
0.003663003663003663,0.03076923076923077,0.04981684981684982,0.04835164835164835,0.0017094017094017094,353.75,-1.5,112.5,test2
0.0029304029304029304,0.029304029304029304,0.04835164835164835,0.0463980463980464,0.0017094017094017094,349.5,-2.69,110.62,test2
0.0031746031746031746,0.030525030525030524,0.052503052503052504,0.05054945054945055,0.0017094017094017094,346.44,-5.37,109.87,test2
0.006349206349206349,0.0380952380952381,0.06642246642246642,0.0713064713064713,0.0029304029304029304,345.87,-6.5,109.37,test2
0.012698412698412698,0.05128205128205128,0.07887667887667887,0.09304029304029304,0.00463980463980464,345.69,-6.69,109.12,test2
0.020512820512820513,0.063003663003663,0.08742368742368742,0.10842490842490843,0.006105006105006105,345.44,-6.75,109.12,test2
0.026617826617826617,0.0713064713064713,0.09352869352869353,0.11892551892551892,0.007081807081807082,345.19,-6.87,109.25,test2
0.03076923076923077,0.07692307692307693,0.09694749694749695,0.126007326007326,0.00757020757020757,345.12,-6.87,109.19,test2
0.0336996336996337,0.08034188034188035,0.09816849816849817,0.13015873015873017,0.00805860805860806,345.0,-6.94,109.25,test2
0.03492063492063492,0.08205128205128205,0.09768009768009768,0.13235653235653236,0.007326007326007326,344.87,-6.87,109.25,test2
0.03540903540903541,0.08278388278388278,0.0967032967032967,0.13333333333333333,0.006593406593406593,344.81,-6.44,109.06,test2
0.03492063492063492,0.08302808302808302,0.09474969474969475,0.13235653235653236,0.006349206349206349,345.5,-6.75,112.12,test2
0.03125763125763126,0.08034188034188035,0.09035409035409035,0.12503052503052503,0.005860805860805861,348.94,-4.62,114.44,test2
0.023931623931623933,0.0713064713064713,0.08547008547008547,0.10793650793650794,0.005860805860805861,351.0,-3.56,115.19,test2
0.017094017094017096,0.05811965811965812,0.07594627594627594,0.08962148962148962,0.005616605616605617,351.87,-3.25,114.81,test2
0.011965811965811967,0.046153846153846156,0.06715506715506715,0.07594627594627594,0.004395604395604396,352.69,-2.75,114.0,test2
0.008302808302808303,0.03711843711843712,0.06031746031746032,0.06617826617826618,0.003663003663003663,352.87,-2.56,113.87,test2
0.005616605616605617,0.03076923076923077,0.05518925518925519,0.05885225885225885,0.0029304029304029304,353.0,-2.44,113.94,test2
0.003663003663003663,0.026373626373626374,0.051526251526251524,0.05347985347985348,0.002442002442002442,353.12,-2.31,113.94,test2
0.002197802197802198,0.023443223443223443,0.04908424908424908,0.04908424908424908,0.002197802197802198,353.06,-2.25,113.75,test2
0.0014652014652014652,0.021733821733821733,0.04713064713064713,0.046153846153846156,0.0019536019536019536,352.25,-2.5,112.75,test2
0.0007326007326007326,0.021001221001221003,0.04664224664224664,0.0442002442002442,0.0017094017094017094,350.56,-2.75,110.5,test2
0.0017094017094017094,0.022954822954822957,0.05054945054945055,0.04664224664224664,0.0017094017094017094,348.31,-4.31,109.12,test2
0.005372405372405372,0.028083028083028084,0.06031746031746032,0.05641025641025641,0.002686202686202686,346.81,-5.94,108.81,test2
0.012942612942612943,0.037606837606837605,0.07179487179487179,0.07374847374847375,0.003663003663003663,346.19,-6.87,108.5,test2
0.022466422466422466,0.05201465201465202,0.08351648351648351,0.09499389499389499,0.005372405372405372,345.75,-7.44,108.44,test2
0.029792429792429794,0.0652014652014652,0.09181929181929183,0.11208791208791209,0.006593406593406593,345.25,-7.69,108.37,test2
0.03467643467643468,0.07448107448107448,0.09768009768009768,0.12380952380952381,0.007326007326007326,345.0,-7.81,108.44,test2
0.03833943833943834,0.08083028083028083,0.1010989010989011,0.13211233211233211,0.00805860805860806,345.0,-7.75,108.5,test2
0.04004884004884005,0.0844932844932845,0.10207570207570207,0.13675213675213677,0.008302808302808303,345.0,-7.75,108.56,test2
0.04078144078144078,0.08644688644688645,0.10183150183150183,0.13894993894993896,0.008547008547008548,344.94,-7.75,108.62,test2
0.04078144078144078,0.08742368742368742,0.10085470085470086,0.13968253968253969,0.008791208791208791,344.5,-7.56,108.81,test2
0.040293040293040296,0.08766788766788766,0.09963369963369964,0.13943833943833944,0.008791208791208791,345.19,-6.12,109.62,test2
0.03907203907203907,0.08571428571428572,0.09621489621489622,0.13577533577533576,0.009035409035409036,351.37,-2.69,114.37,test2
0.033455433455433455,0.07741147741147741,0.09255189255189256,0.12161172161172161,0.007814407814407814,354.44,-1.31,114.12,test2
0.02490842490842491,0.06446886446886448,0.08302808302808302,0.10085470085470086,0.007081807081807082,355.44,-0.88,113.87,test2
0.018315018315018316,0.052503052503052504,0.0735042735042735,0.08424908424908426,0.006593406593406593,355.62,-0.75,113.87,test2
0.013675213675213675,0.04322344322344322,0.06617826617826618,0.07203907203907203,0.005128205128205128,355.44,-0.88,113.75,test2
0.010500610500610501,0.036874236874236875,0.060805860805860805,0.06324786324786325,0.003907203907203907,355.31,-0.94,113.5,test2
0.00805860805860806,0.03247863247863248,0.0568986568986569,0.05714285714285714,0.0031746031746031746,354.94,-1.0,112.69,test2
0.006349206349206349,0.029304029304029304,0.054212454212454214,0.05274725274725275,0.002686202686202686,354.31,-1.06,110.25,test2
0.005128205128205128,0.02783882783882784,0.05372405372405373,0.050793650793650794,0.002442002442002442,353.19,-1.62,107.25,test2
0.007326007326007326,0.029792429792429794,0.06031746031746032,0.05641025641025641,0.0031746031746031746,350.19,-3.69,106.75,test2
0.014896214896214897,0.0398046398046398,0.073992673992674,0.0778998778998779,0.003907203907203907,349.25,-4.87,106.94,test2
0.03028083028083028,0.05934065934065934,0.08766788766788766,0.10158730158730159,0.005616605616605617,348.31,-5.5,107.19,test2
0.04371184371184371,0.07692307692307693,0.0971916971916972,0.11843711843711843,0.006593406593406593,347.69,-5.81,107.25,test2
0.053235653235653234,0.08937728937728938,0.10378510378510379,0.1304029304029304,0.007326007326007326,347.37,-6.06,107.5,test2
0.05982905982905983,0.09816849816849817,0.10818070818070818,0.1387057387057387,0.007814407814407814,347.31,-6.06,107.56,test2
0.06324786324786325,0.10329670329670329,0.11013431013431013,0.14407814407814407,0.008302808302808303,347.37,-6.06,107.62,test2
0.06495726495726496,0.10647130647130647,0.10964590964590964,0.14627594627594628,0.008547008547008548,347.31,-6.0,107.81,test2
0.06495726495726496,0.1076923076923077,0.10818070818070818,0.147008547008547,0.008791208791208791,347.0,-6.19,109.12,test2
0.06324786324786325,0.10647130647130647,0.1028083028083028,0.14188034188034188,0.00757020757020757,348.06,-5.44,114.0,test2
0.0568986568986569,0.09743589743589744,0.0971916971916972,0.1277167277167277,0.006837606837606838,354.12,-1.81,112.31,test2
0.045177045177045176,0.08058608058608059,0.08644688644688645,0.10671550671550671,0.005372405372405372,355.06,-1.31,112.06,test2
0.03638583638583639,0.0652014652014652,0.07594627594627594,0.08937728937728938,0.004151404151404151,355.25,-1.31,112.12,test2
0.030036630036630037,0.05372405372405373,0.06788766788766788,0.07643467643467644,0.0031746031746031746,355.25,-1.31,112.25,test2
0.02564102564102564,0.04590964590964591,0.06227106227106227,0.06715506715506715,0.002686202686202686,355.25,-1.25,112.25,test2
0.022466422466422466,0.040293040293040296,0.05811965811965812,0.06056166056166056,0.002442002442002442,355.12,-1.19,112.19,test2
0.02026862026862027,0.03663003663003663,0.05543345543345543,0.05567765567765568,0.002197802197802198,355.06,-1.19,112.0,test2
0.01855921855921856,0.03394383394383394,0.053235653235653234,0.05201465201465202,0.0019536019536019536,354.56,-1.37,111.06,test2
0.01733821733821734,0.03247863247863248,0.05225885225885226,0.04981684981684982,0.0019536019536019536,354.06,-1.19,108.75,test2
0.016605616605616606,0.032722832722832725,0.05396825396825397,0.04981684981684982,0.0017094017094017094,351.62,-2.5,106.69,test2
0.018315018315018316,0.03736263736263736,0.06495726495726496,0.06105006105006105,0.0029304029304029304,349.19,-4.94,106.06,test2
0.026373626373626374,0.05128205128205128,0.07887667887667887,0.0844932844932845,0.003663003663003663,347.5,-6.69,106.0,test2
0.039316239316239315,0.07032967032967033,0.09181929181929183,0.10744810744810745,0.005372405372405372,347.0,-7.37,105.69,test2
0.04981684981684982,0.08815628815628816,0.10207570207570207,0.12380952380952381,0.006349206349206349,346.44,-7.69,105.81,test2
0.057387057387057384,0.10158730158730159,0.10915750915750916,0.13528693528693528,0.007326007326007326,346.0,-7.87,105.81,test2
0.06251526251526252,0.11086691086691086,0.11428571428571428,0.14334554334554334,0.007814407814407814,345.69,-7.94,105.81,test2
0.0652014652014652,0.11746031746031746,0.11721611721611722,0.147985347985348,0.008302808302808303,345.56,-7.87,105.87,test2
0.06642246642246642,0.12112332112332112,0.11819291819291819,0.15067155067155066,0.008547008547008548,345.62,-7.69,105.87,test2
0.06666666666666667,0.12258852258852258,0.11746031746031746,0.1514041514041514,0.008791208791208791,345.37,-7.44,106.0,test2
0.06544566544566545,0.1221001221001221,0.11428571428571428,0.1496947496947497,0.009035409035409036,345.0,-7.44,107.56,test2
0.06251526251526252,0.11916971916971918,0.10891330891330891,0.14456654456654458,0.007814407814407814,346.87,-6.25,110.31,test2
0.05372405372405373,0.10866910866910867,0.10256410256410256,0.13235653235653236,0.007081807081807082,348.06,-5.44,111.69,test2
0.04249084249084249,0.09426129426129426,0.09499389499389499,0.115995115995116,0.006593406593406593,349.62,-4.44,111.5,test2
0.0336996336996337,0.08131868131868132,0.08742368742368742,0.10183150183150183,0.006105006105006105,350.31,-4.0,111.12,test2
0.02735042735042735,0.0713064713064713,0.08156288156288156,0.09157509157509157,0.00463980463980464,350.69,-3.81,110.81,test2
0.022954822954822957,0.06422466422466422,0.07716727716727717,0.08400488400488401,0.003663003663003663,350.75,-3.75,110.62,test2
0.01978021978021978,0.059096459096459095,0.073992673992674,0.07863247863247863,0.0029304029304029304,350.87,-3.75,110.5,test2
0.017582417582417582,0.05567765567765568,0.07179487179487179,0.07496947496947497,0.002442002442002442,350.87,-3.75,110.31,test2
0.01611721611721612,0.05299145299145299,0.07008547008547009,0.07228327228327229,0.002197802197802198,350.75,-3.87,109.87,test2
0.014896214896214897,0.05128205128205128,0.06886446886446887,0.07032967032967033,0.0019536019536019536,349.81,-4.5,107.37,test2
0.014407814407814409,0.05030525030525031,0.06910866910866911,0.0695970695970696,0.0029304029304029304,348.69,-5.69,105.5,test2
0.018315018315018316,0.05299145299145299,0.07716727716727717,0.0800976800976801,0.003663003663003663,346.12,-8.44,105.75,test2
0.030036630036630037,0.06642246642246642,0.08742368742368742,0.10012210012210013,0.004151404151404151,345.37,-9.81,105.44,test2
0.04468864468864469,0.0844932844932845,0.09938949938949938,0.12063492063492064,0.005616605616605617,344.87,-10.06,105.75,test2
0.054945054945054944,0.09816849816849817,0.10793650793650794,0.13504273504273503,0.006837606837606838,344.56,-10.13,105.81,test2
0.06202686202686203,0.1076923076923077,0.11404151404151404,0.14505494505494507,0.00757020757020757,344.37,-10.38,105.87,test2
0.06617826617826618,0.11452991452991453,0.11697191697191697,0.15115995115995115,0.00805860805860806,344.19,-10.44,106.0,test2
0.06837606837606838,0.11819291819291819,0.11868131868131868,0.15506715506715507,0.008547008547008548,344.12,-10.38,106.06,test2
0.06910866910866911,0.1203907203907204,0.11892551892551892,0.15726495726495726,0.008791208791208791,344.0,-10.31,106.06,test2
0.06910866910866911,0.12136752136752137,0.11819291819291819,0.1575091575091575,0.009035409035409036,342.75,-9.25,106.69,test2
0.06764346764346764,0.12063492063492064,0.11550671550671551,0.15531135531135531,0.009035409035409036,343.87,-8.69,110.0,test2
0.06227106227106227,0.11477411477411477,0.10866910866910867,0.14652014652014653,0.009035409035409036,348.56,-5.81,114.0,test2
0.052503052503052504,0.10231990231990232,0.10183150183150183,0.12942612942612944,0.00805860805860806,354.06,-2.5,113.44,test2
0.042002442002442006,0.08498168498168499,0.09157509157509157,0.1076923076923077,0.006105006105006105,354.5,-2.12,113.5,test2
0.03418803418803419,0.07057387057387057,0.0822954822954823,0.09035409035409035,0.00463980463980464,354.69,-2.0,113.62,test2
0.02857142857142857,0.060073260073260075,0.07545787545787545,0.0778998778998779,0.003663003663003663,354.75,-2.0,113.75,test2
0.02442002442002442,0.05274725274725275,0.07032967032967033,0.06910866910866911,0.0029304029304029304,354.56,-2.0,113.62,test2
0.021733821733821733,0.047619047619047616,0.06666666666666667,0.06251526251526252,0.002442002442002442,354.12,-2.06,113.44,test2
0.01978021978021978,0.0442002442002442,0.06422466422466422,0.05811965811965812,0.002197802197802198,353.81,-2.25,113.44,test2
0.01855921855921856,0.042002442002442006,0.06251526251526252,0.054945054945054944,0.0019536019536019536,353.37,-2.37,113.37,test2
0.017826617826617826,0.041025641025641026,0.061782661782661785,0.05347985347985348,0.0017094017094017094,352.0,-2.69,111.44,test2
0.017582417582417582,0.04126984126984127,0.06349206349206349,0.057387057387057384,0.0029304029304029304,349.69,-5.0,109.37,test2
0.021245421245421246,0.046886446886446886,0.07521367521367521,0.0761904761904762,0.003663003663003663,347.06,-7.37,108.81,test2
0.03223443223443224,0.06251526251526252,0.08742368742368742,0.10036630036630037,0.005372405372405372,346.56,-8.25,108.25,test2
0.042735042735042736,0.07765567765567766,0.09597069597069598,0.11746031746031746,0.006593406593406593,346.56,-8.13,108.0,test2
0.050061050061050064,0.08815628815628816,0.10207570207570207,0.12967032967032968,0.007326007326007326,346.44,-8.19,107.94,test2
0.05518925518925519,0.09572649572649573,0.1054945054945055,0.13797313797313798,0.00805860805860806,346.31,-8.25,107.87,test2
0.057631257631257635,0.09987789987789988,0.10647130647130647,0.1426129426129426,0.008302808302808303,346.12,-8.25,107.87,test2
0.05860805860805861,0.10183150183150183,0.10622710622710622,0.14505494505494507,0.008547008547008548,346.06,-8.19,107.81,test2
0.058363858363858365,0.1028083028083028,0.10525030525030525,0.1457875457875458,0.008791208791208791,344.56,-7.81,108.19,test2
0.057387057387057384,0.1028083028083028,0.1028083028083028,0.1443223443223443,0.008791208791208791,345.31,-7.62,109.5,test2
0.05445665445665446,0.09865689865689865,0.09768009768009768,0.13675213675213677,0.009035409035409036,349.75,-5.0,113.12,test2
0.04932844932844933,0.09010989010989011,0.0927960927960928,0.12161172161172161,0.007814407814407814,353.56,-2.75,114.12,test2
0.04053724053724054,0.07716727716727717,0.08376068376068375,0.10231990231990232,0.005860805860805861,354.44,-2.25,114.25,test2
0.03223443223443224,0.06446886446886448,0.07472527472527472,0.08595848595848596,0.00463980463980464,354.87,-2.12,114.06,test2
0.025885225885225887,0.054212454212454214,0.0673992673992674,0.07374847374847375,0.003663003663003663,354.94,-2.06,114.06,test2
0.02148962148962149,0.046886446886446886,0.061782661782661785,0.06471306471306472,0.0029304029304029304,354.87,-2.0,114.12,test2
0.018315018315018316,0.041758241758241756,0.05787545787545788,0.05811965811965812,0.002442002442002442,354.87,-1.94,113.94,test2
0.015873015873015872,0.0380952380952381,0.054945054945054944,0.05347985347985348,0.002197802197802198,354.87,-2.0,113.94,test2
0.014407814407814409,0.03565323565323565,0.05274725274725275,0.04981684981684982,0.0019536019536019536,354.81,-2.0,113.87,test2
0.013186813186813187,0.03394383394383394,0.05128205128205128,0.046886446886446886,0.0017094017094017094,354.81,-2.0,113.87,test2
0.012454212454212455,0.032722832722832725,0.05030525030525031,0.04468864468864469,0.0017094017094017094,354.56,-2.06,113.62,test2
0.011721611721611722,0.03199023199023199,0.04957264957264957,0.04322344322344322,0.0014652014652014652,353.25,-2.62,110.56,test2
0.011477411477411478,0.031746031746031744,0.050061050061050064,0.04395604395604396,0.002686202686202686,348.5,-5.56,108.87,test2
0.017826617826617826,0.03833943833943834,0.0652014652014652,0.06544566544566545,0.003663003663003663,345.94,-8.63,107.75,test2
0.03223443223443224,0.057387057387057384,0.0800976800976801,0.09377289377289377,0.005128205128205128,345.5,-8.94,107.5,test2
0.04249084249084249,0.07179487179487179,0.09084249084249084,0.11355311355311355,0.006349206349206349,345.0,-9.19,107.44,test2
0.04957264957264957,0.08205128205128205,0.09816849816849817,0.12747252747252746,0.007326007326007326,344.62,-9.25,107.5,test2
0.053235653235653234,0.08913308913308914,0.10061050061050061,0.1347985347985348,0.007814407814407814,344.62,-9.31,107.44,test2
0.054945054945054944,0.0927960927960928,0.10134310134310134,0.1387057387057387,0.008302808302808303,344.5,-9.38,107.37,test2
0.05567765567765568,0.09499389499389499,0.1010989010989011,0.14041514041514042,0.008547008547008548,344.56,-9.25,107.44,test2
0.05567765567765568,0.09597069597069598,0.10061050061050061,0.14114774114774115,0.008791208791208791,344.37,-8.44,107.56,test2
0.05518925518925519,0.09621489621489622,0.09938949938949938,0.14041514041514042,0.008791208791208791,345.0,-7.56,110.81,test2
0.052503052503052504,0.0945054945054945,0.09548229548229548,0.13455433455433455,0.007814407814407814,350.62,-3.5,114.44,test2
0.04493284493284493,0.08717948717948718,0.09133089133089133,0.11965811965811966,0.007081807081807082,353.94,-1.81,115.12,test2
0.03540903540903541,0.07521367521367521,0.08278388278388278,0.10061050061050061,0.005372405372405372,354.56,-1.5,115.12,test2
0.02857142857142857,0.06251526251526252,0.073992673992674,0.08424908424908426,0.004151404151404151,354.62,-1.5,115.06,test2
0.023687423687423687,0.05299145299145299,0.06691086691086691,0.07252747252747253,0.003418803418803419,354.69,-1.5,115.06,test2
0.020024420024420026,0.046153846153846156,0.061782661782661785,0.06398046398046398,0.0029304029304029304,354.56,-1.5,114.87,test2
0.017582417582417582,0.04126984126984127,0.057631257631257635,0.057387057387057384,0.002442002442002442,354.56,-1.5,114.87,test2
0.01562881562881563,0.03785103785103785,0.0547008547008547,0.05299145299145299,0.0019536019536019536,354.5,-1.5,114.87,test2
0.014163614163614164,0.03540903540903541,0.05274725274725275,0.04957264957264957,0.0019536019536019536,354.37,-1.56,114.44,test2
0.013431013431013432,0.03394383394383394,0.05128205128205128,0.04713064713064713,0.0017094017094017094,353.81,-1.75,113.19,test2
0.012698412698412698,0.032722832722832725,0.05030525030525031,0.04542124542124542,0.0017094017094017094,352.69,-2.06,109.44,test2
0.012698412698412698,0.033455433455433455,0.053235653235653234,0.04908424908424908,0.0017094017094017094,350.69,-4.37,106.31,test2
0.01733821733821734,0.039316239316239315,0.06642246642246642,0.06691086691086691,0.003907203907203907,346.81,-7.5,105.12,test2
0.02612942612942613,0.054945054945054944,0.07985347985347985,0.09181929181929183,0.005616605616605617,346.25,-7.81,105.5,test2
0.03492063492063492,0.07081807081807082,0.08937728937728938,0.11135531135531136,0.006593406593406593,346.44,-7.69,105.56,test2
0.041025641025641026,0.08180708180708181,0.09621489621489622,0.12503052503052503,0.00757020757020757,346.56,-7.62,105.5,test2
0.04542124542124542,0.08962148962148962,0.09963369963369964,0.13455433455433455,0.00805860805860806,346.56,-7.62,105.37,test2
0.04786324786324787,0.0945054945054945,0.10061050061050061,0.13943833943833944,0.008547008547008548,346.44,-7.75,105.37,test2
0.04932844932844933,0.0971916971916972,0.10061050061050061,0.14188034188034188,0.008791208791208791,346.44,-7.75,105.31,test2
0.04957264957264957,0.09816849816849817,0.09987789987789988,0.1431013431013431,0.008791208791208791,346.25,-7.75,105.31,test2
0.04932844932844933,0.09865689865689865,0.09865689865689865,0.1431013431013431,0.009035409035409036,345.87,-7.87,105.5,test2
0.04810744810744811,0.09792429792429792,0.09597069597069598,0.1409035409035409,0.009035409035409036,346.44,-7.06,107.5,test2
0.045177045177045176,0.09474969474969475,0.09206349206349207,0.1343101343101343,0.00805860805860806,350.56,-3.94,111.56,test2
0.038583638583638585,0.0862026862026862,0.08766788766788766,0.12014652014652015,0.005860805860805861,352.37,-2.75,112.87,test2
0.029548229548229547,0.0735042735042735,0.07887667887667887,0.10183150183150183,0.00463980463980464,353.0,-2.37,112.94,test2
0.02271062271062271,0.061782661782661785,0.07057387057387057,0.08717948717948718,0.003663003663003663,353.37,-2.19,113.0,test2
0.017826617826617826,0.05274725274725275,0.06422466422466422,0.0761904761904762,0.0029304029304029304,353.44,-2.19,112.94,test2
0.014163614163614164,0.046153846153846156,0.059096459096459095,0.06837606837606838,0.002442002442002442,353.5,-2.19,113.0,test2
0.011721611721611722,0.04151404151404151,0.05543345543345543,0.06251526251526252,0.002197802197802198,353.5,-2.19,112.87,test2
0.010012210012210013,0.03833943833943834,0.05274725274725275,0.05860805860805861,0.0019536019536019536,353.19,-2.37,112.19,test2
0.008791208791208791,0.035897435897435895,0.050793650793650794,0.05567765567765568,0.0017094017094017094,352.81,-3.0,108.44,test2
0.008547008547008548,0.03492063492063492,0.05103785103785104,0.05445665445665446,0.0017094017094017094,352.25,-3.69,105.0,test2
0.012454212454212455,0.037606837606837605,0.058363858363858365,0.06275946275946276,0.0029304029304029304,350.25,-5.56,103.75,test2
0.020024420024420026,0.04908424908424908,0.07179487179487179,0.08376068376068375,0.00463980463980464,348.5,-6.94,103.06,test2
0.028815628815628817,0.06422466422466422,0.08400488400488401,0.10451770451770452,0.006105006105006105,347.69,-7.69,103.31,test2
0.03540903540903541,0.0778998778998779,0.0927960927960928,0.11892551892551892,0.007081807081807082,347.37,-7.75,103.25,test2
0.0398046398046398,0.08742368742368742,0.09865689865689865,0.1291819291819292,0.00757020757020757,347.25,-7.81,103.31,test2
0.04297924297924298,0.09426129426129426,0.10158730158730159,0.13553113553113552,0.00805860805860806,347.19,-7.81,103.44,test2
0.04468864468864469,0.09816849816849817,0.10231990231990232,0.13894993894993896,0.008547008547008548,347.06,-7.87,103.62,test2
0.045177045177045176,0.10012210012210013,0.10183150183150183,0.14041514041514042,0.008791208791208791,346.87,-7.94,103.62,test2
0.04493284493284493,0.10061050061050061,0.09963369963369964,0.13968253968253969,0.007814407814407814,346.62,-8.06,103.62,test2
0.0442002442002442,0.09963369963369964,0.0967032967032967,0.13675213675213677,0.007081807081807082,346.81,-7.69,105.81,test2
0.042002442002442006,0.09523809523809523,0.09255189255189256,0.12991452991452992,0.006593406593406593,348.94,-5.87,110.25,test2
0.03711843711843712,0.08693528693528693,0.0884004884004884,0.11794871794871795,0.005128205128205128,352.06,-3.56,112.44,test2
0.029548229548229547,0.07521367521367521,0.08107448107448108,0.10183150183150183,0.004151404151404151,353.12,-2.87,112.87,test2
0.022466422466422466,0.06275946275946276,0.07252747252747253,0.08717948717948718,0.003418803418803419,353.31,-2.75,112.94,test2
0.01684981684981685,0.052503052503052504,0.06544566544566545,0.0757020757020757,0.002686202686202686,353.5,-2.62,113.0,test2
0.012942612942612943,0.045177045177045176,0.060073260073260075,0.06764346764346764,0.002442002442002442,353.56,-2.56,113.12,test2
0.010256410256410256,0.04004884004884005,0.055921855921855924,0.061782661782661785,0.002197802197802198,353.69,-2.5,112.87,test2
0.008302808302808303,0.03638583638583639,0.05299145299145299,0.057387057387057384,0.0019536019536019536,354.06,-2.31,112.75,test2
0.006837606837606838,0.03394383394383394,0.05103785103785104,0.05372405372405373,0.0019536019536019536,354.0,-2.25,112.56,test2
0.006105006105006105,0.03199023199023199,0.04957264957264957,0.05128205128205128,0.0017094017094017094,353.94,-2.19,112.06,test2
0.005616605616605617,0.031013431013431014,0.04884004884004884,0.04957264957264957,0.0017094017094017094,353.19,-2.56,110.62,test2
0.006349206349206349,0.03076923076923077,0.04957264957264957,0.04957264957264957,0.0017094017094017094,352.56,-2.94,107.94,test2
0.009768009768009768,0.03321123321123321,0.056654456654456654,0.05567765567765568,0.002686202686202686,351.75,-4.81,104.56,test2
0.017826617826617826,0.04249084249084249,0.06984126984126984,0.07594627594627594,0.003663003663003663,349.5,-6.69,103.69,test2
0.027106227106227107,0.057387057387057384,0.08107448107448108,0.09963369963369964,0.005372405372405372,348.81,-7.19,104.19,test2
0.033455433455433455,0.07008547008547009,0.08888888888888889,0.11623931623931624,0.006593406593406593,348.56,-7.25,104.31,test2
0.0380952380952381,0.07887667887667887,0.09426129426129426,0.12796092796092795,0.007326007326007326,348.44,-7.37,104.37,test2
0.041025641025641026,0.08498168498168499,0.09694749694749695,0.13504273504273503,0.00805860805860806,348.31,-7.37,104.44,test2
0.04297924297924298,0.08913308913308914,0.09792429792429792,0.1391941391941392,0.008302808302808303,348.19,-7.37,104.5,test2
0.04371184371184371,0.09181929181929183,0.09792429792429792,0.14163614163614163,0.008547008547008548,348.19,-7.44,104.56,test2
0.04371184371184371,0.09255189255189256,0.0971916971916972,0.14236874236874236,0.008791208791208791,348.19,-7.37,104.81,test2
0.04322344322344322,0.0927960927960928,0.09523809523809523,0.14163614163614163,0.008791208791208791,348.31,-7.06,105.62,test2
0.04249084249084249,0.09230769230769231,0.09230769230769231,0.13943833943833944,0.007814407814407814,347.94,-6.69,107.81,test2
0.04078144078144078,0.08986568986568987,0.08791208791208792,0.1330891330891331,0.007081807081807082,350.31,-4.5,111.81,test2
0.03467643467643468,0.08278388278388278,0.08400488400488401,0.12136752136752137,0.005372405372405372,353.12,-2.56,113.75,test2
0.02612942612942613,0.07155067155067155,0.07692307692307693,0.10525030525030525,0.004395604395604396,354.12,-2.0,114.0,test2
0.019536019536019536,0.06031746031746032,0.06862026862026863,0.0905982905982906,0.003418803418803419,354.37,-1.81,114.12,test2
0.014652014652014652,0.050793650793650794,0.061782661782661785,0.07985347985347985,0.0029304029304029304,354.44,-1.75,113.94,test2
0.011477411477411478,0.043467643467643466,0.056654456654456654,0.07179487179487179,0.002442002442002442,354.62,-1.62,113.87,test2
0.00927960927960928,0.038583638583638585,0.05274725274725275,0.06568986568986569,0.002197802197802198,354.69,-1.56,113.75,test2
0.00757020757020757,0.03492063492063492,0.04981684981684982,0.06105006105006105,0.0019536019536019536,354.62,-1.62,113.69,test2
0.006593406593406593,0.03223443223443224,0.047619047619047616,0.057631257631257635,0.0017094017094017094,354.44,-1.75,113.37,test2
0.005860805860805861,0.030525030525030524,0.046153846153846156,0.05518925518925519,0.0017094017094017094,354.0,-2.06,112.81,test2
0.005372405372405372,0.029304029304029304,0.045177045177045176,0.05347985347985348,0.0014652014652014652,353.31,-2.87,109.12,test2
0.005860805860805861,0.028327228327228327,0.045177045177045176,0.05201465201465202,0.0014652014652014652,352.69,-4.12,103.19,test2
0.009035409035409036,0.030525030525030524,0.05347985347985348,0.06056166056166056,0.002686202686202686,351.25,-5.44,103.56,test2
0.014652014652014652,0.036874236874236875,0.06544566544566545,0.07912087912087912,0.00463980463980464,348.94,-7.19,105.19,test2
0.022466422466422466,0.050793650793650794,0.0761904761904762,0.09914529914529914,0.006105006105006105,348.25,-7.56,105.06,test2
0.029304029304029304,0.06398046398046398,0.08376068376068375,0.11330891330891331,0.007081807081807082,348.0,-7.56,105.19,test2
0.03418803418803419,0.07326007326007326,0.08913308913308914,0.12332112332112333,0.007814407814407814,347.94,-7.56,105.25,test2
0.03736263736263736,0.07985347985347985,0.09230769230769231,0.13015873015873017,0.008302808302808303,347.81,-7.62,105.25,test2
0.039316239316239315,0.08376068376068375,0.09328449328449329,0.13382173382173382,0.008547008547008548,347.69,-7.69,105.25,test2
0.040293040293040296,0.08595848595848596,0.09304029304029304,0.13553113553113552,0.008791208791208791,347.44,-7.75,105.25,test2
0.04053724053724054,0.08693528693528693,0.09206349206349207,0.136019536019536,0.009035409035409036,347.06,-8.0,105.12,test2
0.04004884004884005,0.08669108669108669,0.08986568986568987,0.13455433455433455,0.009035409035409036,345.75,-8.44,110.37,test2
0.03663003663003663,0.08327228327228327,0.08547008547008547,0.12722832722832722,0.007814407814407814,351.37,-4.37,112.75,test2
0.02905982905982906,0.07374847374847375,0.08034188034188035,0.11086691086691086,0.007081807081807082,353.56,-3.19,112.87,test2
0.02148962148962149,0.06105006105006105,0.07155067155067155,0.09304029304029304,0.006593406593406593,353.94,-2.87,112.94,test2
0.01562881562881563,0.050061050061050064,0.06373626373626373,0.07985347985347985,0.005128205128205128,354.19,-2.81,113.06,test2
0.011477411477411478,0.042002442002442006,0.05787545787545788,0.07008547008547009,0.003907203907203907,354.25,-2.75,113.19,test2
0.008547008547008548,0.036141636141636145,0.053235653235653234,0.06324786324786325,0.0031746031746031746,354.25,-2.75,113.31,test2
0.006349206349206349,0.03199023199023199,0.04981684981684982,0.05811965811965812,0.002686202686202686,354.25,-2.75,113.37,test2
0.00463980463980464,0.029304029304029304,0.04737484737484737,0.054212454212454214,0.002442002442002442,354.0,-2.81,112.81,test2
0.003663003663003663,0.02735042735042735,0.04590964590964591,0.051526251526251524,0.002197802197802198,353.37,-3.0,111.25,test2
0.0031746031746031746,0.02612942612942613,0.04468864468864469,0.04957264957264957,0.0019536019536019536,352.12,-3.12,108.87,test2
0.005860805860805861,0.028327228327228327,0.050793650793650794,0.05543345543345543,0.0029304029304029304,350.37,-5.44,106.12,test2
0.013431013431013432,0.03833943833943834,0.06544566544566545,0.07765567765567766,0.004884004884004884,346.56,-8.56,106.5,test2
0.022954822954822957,0.05543345543345543,0.0796092796092796,0.10134310134310134,0.006105006105006105,345.75,-9.19,106.56,test2
0.0315018315018315,0.07032967032967033,0.08962148962148962,0.11819291819291819,0.007081807081807082,345.5,-9.25,106.62,test2
0.037606837606837605,0.08058608058608059,0.09645909645909646,0.12991452991452992,0.007814407814407814,345.44,-9.25,106.69,test2
0.041758241758241756,0.08791208791208792,0.1010989010989011,0.13724053724053725,0.008302808302808303,345.31,-9.25,106.69,test2
0.04395604395604396,0.09206349206349207,0.1028083028083028,0.1413919413919414,0.008547008547008548,345.31,-9.13,106.75,test2
0.045177045177045176,0.0945054945054945,0.1028083028083028,0.14334554334554334,0.008791208791208791,345.19,-8.81,106.87,test2
0.045177045177045176,0.09548229548229548,0.10134310134310134,0.1431013431013431,0.009035409035409036,344.69,-8.88,107.94,test2
0.043467643467643466,0.09426129426129426,0.0967032967032967,0.1391941391941392,0.009035409035409036,345.87,-8.19,111.87,test2
0.03833943833943834,0.08791208791208792,0.09206349206349207,0.1282051282051282,0.00805860805860806,350.25,-5.37,112.75,test2
0.03076923076923077,0.07667887667887668,0.08595848595848596,0.11135531135531136,0.007326007326007326,352.31,-4.19,113.25,test2
0.022954822954822957,0.06349206349206349,0.07643467643467644,0.0945054945054945,0.006593406593406593,352.87,-3.81,113.0,test2
0.01684981684981685,0.05201465201465202,0.06764346764346764,0.08131868131868132,0.005128205128205128,353.06,-3.62,112.94,test2
0.012454212454212455,0.04395604395604396,0.06105006105006105,0.07155067155067155,0.004151404151404151,353.25,-3.56,112.81,test2
0.00927960927960928,0.0380952380952381,0.05616605616605617,0.06446886446886448,0.003418803418803419,353.31,-3.5,112.75,test2
0.006837606837606838,0.03394383394383394,0.05274725274725275,0.05934065934065934,0.002686202686202686,353.25,-3.5,112.37,test2
0.005372405372405372,0.03125763125763126,0.05030525030525031,0.055921855921855924,0.002442002442002442,352.62,-3.69,111.44,test2
0.004151404151404151,0.029548229548229547,0.04884004884004884,0.053235653235653234,0.002197802197802198,351.44,-3.94,109.12,test2
0.004395604395604396,0.03028083028083028,0.053235653235653234,0.05543345543345543,0.0031746031746031746,349.44,-5.0,108.37,test2
0.006837606837606838,0.03394383394383394,0.06349206349206349,0.06422466422466422,0.003663003663003663,347.69,-7.31,107.25,test2
0.013675213675213675,0.041758241758241756,0.07472527472527472,0.08351648351648351,0.004151404151404151,346.44,-8.81,106.87,test2
0.025152625152625153,0.05641025641025641,0.08571428571428572,0.10476190476190476,0.005616605616605617,345.31,-9.38,106.62,test2
0.036141636141636145,0.06886446886446887,0.09328449328449329,0.11941391941391942,0.006837606837606838,345.0,-9.5,106.81,test2
0.04395604395604396,0.07765567765567766,0.09865689865689865,0.12991452991452992,0.00757020757020757,344.75,-9.5,106.87,test2
0.04932844932844933,0.08400488400488401,0.10158730158730159,0.13675213675213677,0.00805860805860806,344.62,-9.56,106.94,test2
0.05201465201465202,0.08766788766788766,0.10256410256410256,0.14065934065934066,0.008302808302808303,344.5,-9.5,106.87,test2
0.053235653235653234,0.08962148962148962,0.10231990231990232,0.1426129426129426,0.008547008547008548,344.19,-9.31,106.87,test2
0.05372405372405373,0.09108669108669108,0.10158730158730159,0.14285714285714285,0.008791208791208791,343.37,-9.56,108.31,test2
0.05201465201465202,0.09010989010989011,0.09792429792429792,0.1387057387057387,0.008791208791208791,344.31,-9.19,111.87,test2
0.046153846153846156,0.08327228327228327,0.09304029304029304,0.1264957264957265,0.007814407814407814,348.5,-6.56,114.06,test2
0.03711843711843712,0.07228327228327229,0.0862026862026862,0.10891330891330891,0.007081807081807082,351.5,-4.62,113.19,test2
0.028083028083028084,0.05860805860805861,0.07594627594627594,0.09181929181929183,0.005372405372405372,352.06,-4.31,113.12,test2
0.02148962148962149,0.04737484737484737,0.0673992673992674,0.07912087912087912,0.004395604395604396,352.5,-4.06,112.94,test2
0.017094017094017096,0.03956043956043956,0.06105006105006105,0.06984126984126984,0.003418803418803419,352.56,-3.94,112.75,test2
0.01391941391941392,0.03394383394383394,0.05616605616605617,0.06324786324786325,0.0029304029304029304,352.69,-3.87,112.75,test2
0.011721611721611722,0.029792429792429794,0.052503052503052504,0.058363858363858365,0.002442002442002442,352.81,-3.81,112.69,test2
0.010012210012210013,0.027106227106227107,0.050061050061050064,0.054945054945054944,0.002197802197802198,352.87,-3.69,112.44,test2
0.009035409035409036,0.025396825396825397,0.04810744810744811,0.052503052503052504,0.0019536019536019536,352.69,-3.69,112.37,test2
0.008302808302808303,0.02442002442002442,0.046886446886446886,0.050793650793650794,0.0019536019536019536,352.44,-3.5,111.56,test2
0.007814407814407814,0.024175824175824177,0.0463980463980464,0.04957264957264957,0.0017094017094017094,351.44,-3.69,109.62,test2
0.00805860805860806,0.02564102564102564,0.04884004884004884,0.05054945054945055,0.0017094017094017094,348.25,-5.81,109.06,test2
0.010256410256410256,0.0315018315018315,0.05958485958485959,0.06056166056166056,0.002686202686202686,347.0,-8.06,108.31,test2
0.01684981684981685,0.0442002442002442,0.07179487179487179,0.08205128205128205,0.003663003663003663,346.37,-9.13,107.81,test2
0.029548229548229547,0.06129426129426129,0.08302808302808302,0.10305250305250305,0.005372405372405372,345.62,-9.75,107.19,test2
0.03833943833943834,0.07301587301587302,0.0905982905982906,0.1177045177045177,0.006593406593406593,344.94,-10.19,107.12,test2
0.044444444444444446,0.08131868131868132,0.09621489621489622,0.12796092796092795,0.007326007326007326,344.75,-10.19,107.19,test2
0.0485958485958486,0.08693528693528693,0.09841269841269841,0.13406593406593406,0.00805860805860806,344.62,-10.19,107.12,test2
0.050793650793650794,0.08986568986568987,0.09914529914529914,0.1374847374847375,0.008302808302808303,344.37,-10.25,107.19,test2
0.051526251526251524,0.09133089133089133,0.09841269841269841,0.1387057387057387,0.008791208791208791,344.44,-10.19,107.19,test2
0.05201465201465202,0.09157509157509157,0.0971916971916972,0.1387057387057387,0.009035409035409036,344.37,-9.75,107.31,test2
0.051526251526251524,0.09133089133089133,0.09548229548229548,0.13797313797313798,0.009035409035409036,344.19,-9.19,108.62,test2
0.050061050061050064,0.0905982905982906,0.09230769230769231,0.1347985347985348,0.00805860805860806,344.69,-8.75,113.87,test2
0.045177045177045176,0.08522588522588523,0.0884004884004884,0.12454212454212454,0.007326007326007326,350.12,-5.19,114.0,test2
0.035164835164835165,0.07252747252747253,0.08083028083028083,0.10451770451770452,0.005616605616605617,350.62,-4.75,114.31,test2
0.026617826617826617,0.05934065934065934,0.07179487179487179,0.08766788766788766,0.004395604395604396,350.62,-4.56,114.12,test2
0.020757020757020756,0.04908424908424908,0.06471306471306472,0.07545787545787545,0.003418803418803419,350.75,-4.31,114.12,test2
0.016361416361416362,0.042002442002442006,0.05958485958485959,0.06691086691086691,0.002686202686202686,350.56,-4.25,114.0,test2
0.013431013431013432,0.03711843711843712,0.05567765567765568,0.06056166056166056,0.002442002442002442,350.31,-4.25,113.87,test2
0.011477411477411478,0.0336996336996337,0.05274725274725275,0.055921855921855924,0.0019536019536019536,350.12,-4.19,113.62,test2
0.010012210012210013,0.0315018315018315,0.05054945054945055,0.052503052503052504,0.0019536019536019536,350.37,-3.94,112.81,test2
0.008791208791208791,0.030036630036630037,0.04908424908424908,0.05030525030525031,0.0017094017094017094,350.19,-3.94,111.0,test2
0.008791208791208791,0.03028083028083028,0.051526251526251524,0.052503052503052504,0.0017094017094017094,347.56,-6.12,107.94,test2
0.013431013431013432,0.036141636141636145,0.06373626373626373,0.06422466422466422,0.003907203907203907,345.12,-8.38,107.25,test2
0.024175824175824177,0.051770451770451774,0.07814407814407814,0.08888888888888889,0.005616605616605617,344.37,-9.0,106.94,test2
0.03247863247863248,0.06446886446886448,0.08815628815628816,0.10622710622710622,0.006593406593406593,344.44,-8.88,106.69,test2
0.03833943833943834,0.0735042735042735,0.09499389499389499,0.11843711843711843,0.007326007326007326,344.25,-8.88,106.62,test2
0.04249084249084249,0.07985347985347985,0.09865689865689865,0.12576312576312576,0.007814407814407814,344.06,-8.94,106.44,test2
0.044444444444444446,0.08351648351648351,0.09987789987789988,0.13015873015873017,0.008302808302808303,344.0,-9.06,106.5,test2
0.04542124542124542,0.08547008547008547,0.10012210012210013,0.13284493284493284,0.008547008547008548,343.94,-9.06,106.62,test2
0.04566544566544566,0.08669108669108669,0.09963369963369964,0.13406593406593406,0.008791208791208791,343.81,-9.13,106.62,test2
0.04566544566544566,0.08717948717948718,0.09865689865689865,0.13455433455433455,0.009035409035409036,343.69,-8.75,106.81,test2
0.04542124542124542,0.08717948717948718,0.09694749694749695,0.13357753357753357,0.007814407814407814,343.31,-8.56,109.25,test2
0.0442002442002442,0.08595848595848596,0.0927960927960928,0.12942612942612944,0.007081807081807082,348.25,-5.37,114.37,test2
0.0398046398046398,0.07936507936507936,0.08864468864468865,0.11697191697191697,0.006593406593406593,352.69,-2.75,114.44,test2
0.031013431013431014,0.06642246642246642,0.07985347985347985,0.09816849816849817,0.005128205128205128,354.19,-2.0,114.44,test2
0.0231990231990232,0.054212454212454214,0.0713064713064713,0.08278388278388278,0.004151404151404151,354.56,-1.81,114.56,test2
0.017582417582417582,0.04468864468864469,0.06446886446886448,0.07203907203907203,0.0031746031746031746,354.81,-1.75,114.62,test2
0.013675213675213675,0.03785103785103785,0.05934065934065934,0.06398046398046398,0.002686202686202686,354.5,-1.87,114.75,test2
0.010744810744810745,0.03321123321123321,0.05543345543345543,0.05811965811965812,0.002197802197802198,354.12,-1.94,114.62,test2
0.008791208791208791,0.029792429792429794,0.05274725274725275,0.05396825396825397,0.0019536019536019536,353.94,-1.81,114.56,test2
0.007326007326007326,0.027594627594627594,0.050793650793650794,0.05103785103785104,0.0017094017094017094,352.87,-2.12,113.69,test2
0.006593406593406593,0.026373626373626374,0.050061050061050064,0.04908424908424908,0.0017094017094017094,351.94,-2.31,112.31,test2
0.007326007326007326,0.02783882783882784,0.05396825396825397,0.05518925518925519,0.0014652014652014652,351.06,-3.94,110.19,test2
0.011477411477411478,0.03199023199023199,0.06202686202686203,0.07008547008547009,0.003907203907203907,346.44,-7.75,108.37,test2
0.01978021978021978,0.046153846153846156,0.07374847374847375,0.09157509157509157,0.006593406593406593,345.44,-9.06,107.62,test2
0.03028083028083028,0.06568986568986569,0.08571428571428572,0.11184371184371185,0.008547008547008548,345.0,-9.19,107.31,test2
0.037606837606837605,0.0796092796092796,0.09426129426129426,0.12576312576312576,0.010012210012210013,344.87,-8.88,107.25,test2
0.042735042735042736,0.08913308913308914,0.10036630036630037,0.13553113553113552,0.01098901098901099,344.81,-8.75,107.37,test2
0.045177045177045176,0.09548229548229548,0.10183150183150183,0.14065934065934066,0.010500610500610501,344.87,-8.81,107.25,test2
0.04590964590964591,0.0989010989010989,0.10207570207570207,0.1431013431013431,0.010256410256410256,344.81,-8.75,107.12,test2
0.046153846153846156,0.10061050061050061,0.10158730158730159,0.1443223443223443,0.010012210012210013,344.37,-8.63,107.12,test2
0.04566544566544566,0.10134310134310134,0.10012210012210013,0.1443223443223443,0.009768009768009768,344.06,-8.25,107.31,test2
0.0442002442002442,0.10036630036630037,0.0967032967032967,0.1409035409035409,0.009768009768009768,345.06,-7.94,109.62,test2
0.04053724053724054,0.09474969474969475,0.09157509157509157,0.13235653235653236,0.009523809523809525,349.12,-5.06,113.56,test2
0.03296703296703297,0.08400488400488401,0.08693528693528693,0.11672771672771673,0.008302808302808303,351.56,-3.5,114.31,test2
0.02490842490842491,0.0713064713064713,0.07838827838827839,0.09841269841269841,0.00757020757020757,352.56,-2.94,114.19,test2
0.018803418803418803,0.05958485958485959,0.06984126984126984,0.08376068376068375,0.005616605616605617,353.0,-2.62,114.19,test2
0.014163614163614164,0.05054945054945055,0.06324786324786325,0.07301587301587302,0.004395604395604396,353.19,-2.44,114.19,test2
0.010744810744810745,0.0442002442002442,0.05811965811965812,0.06495726495726496,0.003663003663003663,353.31,-2.37,114.12,test2
0.008547008547008548,0.0398046398046398,0.0547008547008547,0.05934065934065934,0.0029304029304029304,353.19,-2.44,114.12,test2
0.007081807081807082,0.03663003663003663,0.05201465201465202,0.05543345543345543,0.002442002442002442,353.06,-2.56,113.81,test2
0.005860805860805861,0.034432234432234435,0.05030525030525031,0.05274725274725275,0.002197802197802198,352.25,-3.06,110.94,test2
0.005372405372405372,0.03296703296703297,0.04932844932844933,0.05103785103785104,0.0019536019536019536,351.69,-3.56,106.69,test2
0.007814407814407814,0.035164835164835165,0.056654456654456654,0.05860805860805861,0.0029304029304029304,348.56,-6.44,105.94,test2
0.016361416361416362,0.04664224664224664,0.07032967032967033,0.08156288156288156,0.003663003663003663,345.37,-8.81,105.25,test2
0.026373626373626374,0.06275946275946276,0.08278388278388278,0.10427350427350428,0.005372405372405372,343.94,-9.81,104.0,test2
0.0336996336996337,0.07521367521367521,0.09157509157509157,0.1199023199023199,0.006593406593406593,343.5,-10.0,104.25,test2
0.03882783882783883,0.08400488400488401,0.09768009768009768,0.13113553113553114,0.00757020757020757,343.5,-10.0,104.19,test2
0.04249084249084249,0.09035409035409035,0.10085470085470086,0.13797313797313798,0.00805860805860806,343.5,-10.0,104.12,test2
0.04468864468864469,0.09426129426129426,0.10207570207570207,0.14188034188034188,0.008547008547008548,343.5,-10.0,104.19,test2
0.04542124542124542,0.09645909645909646,0.10207570207570207,0.14358974358974358,0.008791208791208791,343.5,-10.06,104.25,test2
0.04566544566544566,0.09768009768009768,0.10061050061050061,0.14334554334554334,0.009035409035409036,342.81,-10.38,105.5,test2
0.044444444444444446,0.09694749694749695,0.09694749694749695,0.13943833943833944,0.009035409035409036,342.0,-10.56,110.81,test2
0.041758241758241756,0.09352869352869353,0.09181929181929183,0.12991452991452992,0.00805860805860806,347.06,-7.12,113.19,test2
0.03540903540903541,0.0844932844932845,0.0862026862026862,0.11306471306471307,0.007081807081807082,350.87,-4.56,113.69,test2
0.026862026862026864,0.07081807081807082,0.07692307692307693,0.09548229548229548,0.005372405372405372,351.62,-4.12,113.56,test2
0.020024420024420026,0.058363858363858365,0.06837606837606838,0.08156288156288156,0.004151404151404151,352.0,-3.87,113.62,test2
0.01514041514041514,0.04908424908424908,0.06153846153846154,0.0713064713064713,0.003418803418803419,352.12,-3.69,113.5,test2
0.011721611721611722,0.04249084249084249,0.056654456654456654,0.06398046398046398,0.002686202686202686,352.19,-3.62,113.31,test2
0.00927960927960928,0.0380952380952381,0.053235653235653234,0.05860805860805861,0.002442002442002442,352.37,-3.5,112.94,test2
0.00757020757020757,0.035164835164835165,0.050793650793650794,0.05445665445665446,0.0019536019536019536,352.12,-3.56,112.81,test2
0.006593406593406593,0.03321123321123321,0.04908424908424908,0.051770451770451774,0.0019536019536019536,352.06,-3.62,112.69,test2
0.006105006105006105,0.03223443223443224,0.04810744810744811,0.04957264957264957,0.0017094017094017094,351.69,-3.62,110.87,test2
0.006105006105006105,0.03296703296703297,0.04932844932844933,0.05054945054945055,0.0029304029304029304,348.31,-6.0,108.19,test2
0.00927960927960928,0.037606837606837605,0.06129426129426129,0.06544566544566545,0.003663003663003663,346.75,-7.81,106.87,test2
0.019536019536019536,0.05201465201465202,0.07448107448107448,0.08864468864468865,0.005372405372405372,345.19,-8.81,106.87,test2
0.028815628815628817,0.06593406593406594,0.08473748473748474,0.10842490842490843,0.006593406593406593,344.0,-9.56,106.94,test2
0.035164835164835165,0.0757020757020757,0.09181929181929183,0.12234432234432234,0.007326007326007326,343.37,-9.88,106.69,test2
0.0398046398046398,0.08253968253968254,0.0967032967032967,0.13186813186813187,0.007814407814407814,343.19,-10.06,106.56,test2
0.04224664224664225,0.0862026862026862,0.09914529914529914,0.1374847374847375,0.008302808302808303,342.94,-10.25,106.5,test2
0.043467643467643466,0.08864468864468865,0.10036630036630037,0.14065934065934066,0.008547008547008548,342.81,-10.31,106.62,test2
0.04371184371184371,0.09010989010989011,0.10036630036630037,0.14212454212454212,0.008791208791208791,342.56,-10.5,106.75,test2
0.043467643467643466,0.0905982905982906,0.09914529914529914,0.14114774114774115,0.007814407814407814,342.44,-10.5,108.75,test2
0.04249084249084249,0.08962148962148962,0.09523809523809523,0.1365079365079365,0.007081807081807082,344.31,-9.25,112.44,test2
0.03736263736263736,0.0822954822954823,0.0905982905982906,0.12454212454212454,0.006593406593406593,349.0,-6.06,113.75,test2
0.029304029304029304,0.07057387057387057,0.08278388278388278,0.10744810744810745,0.005128205128205128,351.0,-4.81,113.56,test2
0.02197802197802198,0.05787545787545788,0.0735042735042735,0.09133089133089133,0.003907203907203907,351.37,-4.5,113.69,test2
0.016605616605616606,0.04786324786324787,0.06593406593406594,0.07887667887667887,0.0031746031746031746,351.5,-4.44,113.75,test2
0.012698412698412698,0.040293040293040296,0.05982905982905983,0.0695970695970696,0.002686202686202686,351.56,-4.44,113.81,test2
0.009768009768009768,0.03492063492063492,0.05518925518925519,0.063003663003663,0.002197802197802198,351.62,-4.37,113.94,test2
0.007814407814407814,0.031013431013431014,0.05201465201465202,0.05811965811965812,0.0019536019536019536,351.56,-4.44,113.75,test2
0.006349206349206349,0.02857142857142857,0.04957264957264957,0.054945054945054944,0.0017094017094017094,351.37,-4.5,113.5,test2
0.005372405372405372,0.026617826617826617,0.04810744810744811,0.052503052503052504,0.0017094017094017094,350.56,-4.75,111.12,test2
0.004884004884004884,0.02612942612942613,0.04835164835164835,0.05201465201465202,0.0017094017094017094,347.94,-6.25,109.37,test2
0.006837606837606838,0.031013431013431014,0.059096459096459095,0.06373626373626373,0.002686202686202686,347.06,-7.69,107.81,test2
0.013675213675213675,0.04322344322344322,0.0713064713064713,0.08327228327228327,0.00463980463980464,345.06,-9.56,107.5,test2
0.025152625152625153,0.06031746031746032,0.08351648351648351,0.10402930402930403,0.006105006105006105,343.87,-10.44,107.5,test2
0.03638583638583639,0.0757020757020757,0.09328449328449329,0.11916971916971918,0.007081807081807082,343.25,-10.75,107.5,test2
0.0442002442002442,0.0862026862026862,0.10036630036630037,0.12991452991452992,0.00757020757020757,343.19,-10.75,107.44,test2
0.04957264957264957,0.09377289377289377,0.10525030525030525,0.13724053724053725,0.008302808302808303,343.06,-10.88,107.37,test2
0.052503052503052504,0.09865689865689865,0.1072039072039072,0.1413919413919414,0.008547008547008548,343.0,-10.81,107.44,test2
0.05372405372405373,0.10158730158730159,0.10793650793650794,0.14358974358974358,0.008791208791208791,343.0,-10.56,107.56,test2
0.054212454212454214,0.10329670329670329,0.10695970695970695,0.14407814407814407,0.008791208791208791,342.81,-10.5,108.0,test2
0.05299145299145299,0.1028083028083028,0.10329670329670329,0.1413919413919414,0.009035409035409036,343.31,-10.19,109.94,test2
0.05054945054945055,0.09914529914529914,0.09694749694749695,0.1347985347985348,0.007814407814407814,345.25,-8.69,113.87,test2
0.04566544566544566,0.09084249084249084,0.09157509157509157,0.12161172161172161,0.007081807081807082,349.94,-5.5,114.56,test2
0.03663003663003663,0.0761904761904762,0.08253968253968254,0.10329670329670329,0.005372405372405372,351.25,-4.69,114.69,test2
0.02783882783882784,0.06129426129426129,0.07277167277167278,0.08742368742368742,0.004151404151404151,351.87,-4.44,114.62,test2
0.02148962148962149,0.05030525030525031,0.06495726495726496,0.07594627594627594,0.003418803418803419,352.19,-4.31,114.5,test2
0.01684981684981685,0.04249084249084249,0.059096459096459095,0.06764346764346764,0.0029304029304029304,352.19,-4.25,114.56,test2
0.013675213675213675,0.036874236874236875,0.054945054945054944,0.061782661782661785,0.002442002442002442,352.25,-4.19,114.44,test2
0.011477411477411478,0.032722832722832725,0.05201465201465202,0.05714285714285714,0.002197802197802198,352.25,-4.19,114.31,test2
0.009768009768009768,0.030036630036630037,0.04981684981684982,0.054212454212454214,0.0019536019536019536,351.62,-4.5,113.31,test2
0.008547008547008548,0.028327228327228327,0.04835164835164835,0.05201465201465202,0.0017094017094017094,350.62,-5.06,110.56,test2
0.008547008547008548,0.02857142857142857,0.051770451770451774,0.05372405372405373,0.0017094017094017094,347.5,-7.0,108.19,test2
0.011721611721611722,0.034432234432234435,0.06471306471306472,0.06593406593406594,0.002686202686202686,345.31,-9.31,107.44,test2
0.020512820512820513,0.050061050061050064,0.07814407814407814,0.08864468864468865,0.004884004884004884,342.5,-11.63,107.31,test2
0.03028083028083028,0.06642246642246642,0.0905982905982906,0.10866910866910867,0.006105006105006105,341.87,-12.19,107.25,test2
0.03736263736263736,0.07887667887667887,0.09914529914529914,0.12283272283272283,0.007081807081807082,341.81,-12.06,107.25,test2
0.042002442002442006,0.08766788766788766,0.10500610500610501,0.1326007326007326,0.007814407814407814,341.87,-11.94,107.12,test2
0.04542124542124542,0.09352869352869353,0.10866910866910867,0.13846153846153847,0.008302808302808303,341.81,-11.88,107.06,test2
0.04713064713064713,0.0971916971916972,0.11013431013431013,0.14163614163614163,0.008547008547008548,341.81,-11.88,107.06,test2
0.04786324786324787,0.09938949938949938,0.11013431013431013,0.1431013431013431,0.008791208791208791,341.81,-11.88,107.06,test2
0.04810744810744811,0.10085470085470086,0.1094017094017094,0.14334554334554334,0.008791208791208791,341.62,-11.38,107.31,test2
0.047619047619047616,0.1010989010989011,0.10793650793650794,0.1426129426129426,0.009035409035409036,341.62,-11.19,108.5,test2
0.04590964590964591,0.09938949938949938,0.10354090354090355,0.1387057387057387,0.009035409035409036,342.31,-10.63,112.69,test2
0.04053724053724054,0.09255189255189256,0.09768009768009768,0.1282051282051282,0.00805860805860806,348.56,-6.69,114.5,test2
0.0315018315018315,0.08058608058608059,0.0905982905982906,0.11086691086691086,0.007326007326007326,350.56,-5.31,114.19,test2
0.023443223443223443,0.06666666666666667,0.08058608058608059,0.09401709401709402,0.005616605616605617,351.25,-5.0,114.12,test2
0.017582417582417582,0.05445665445665446,0.07179487179487179,0.08131868131868132,0.004151404151404151,351.81,-4.69,113.75,test2
0.013431013431013432,0.045177045177045176,0.06471306471306472,0.07203907203907203,0.003418803418803419,352.0,-4.5,113.75,test2
0.010744810744810745,0.03833943833943834,0.05982905982905983,0.06544566544566545,0.002686202686202686,352.12,-4.44,113.69,test2
0.008547008547008548,0.033455433455433455,0.055921855921855924,0.06031746031746032,0.002442002442002442,352.19,-4.37,113.62,test2
0.007081807081807082,0.030036630036630037,0.053235653235653234,0.056654456654456654,0.0019536019536019536,352.06,-4.37,113.31,test2
0.006105006105006105,0.028083028083028084,0.05128205128205128,0.054212454212454214,0.0019536019536019536,351.56,-4.62,111.87,test2
0.005372405372405372,0.027106227106227107,0.05103785103785104,0.052503052503052504,0.0017094017094017094,350.25,-4.81,109.81,test2
0.00463980463980464,0.027106227106227107,0.05396825396825397,0.05396825396825397,0.002686202686202686,347.25,-6.75,108.69,test2
0.006837606837606838,0.0315018315018315,0.06446886446886448,0.06349206349206349,0.00463980463980464,345.69,-8.88,107.25,test2
0.016605616605616606,0.04395604395604396,0.07692307692307693,0.08302808302808302,0.006105006105006105,344.0,-10.63,107.37,test2
0.029304029304029304,0.06056166056166056,0.08888888888888889,0.1028083028083028,0.007081807081807082,342.62,-11.31,107.06,test2
0.039316239316239315,0.07496947496947497,0.09743589743589744,0.11819291819291819,0.007814407814407814,342.62,-11.44,106.94,test2
0.0463980463980464,0.08522588522588523,0.10354090354090355,0.12869352869352868,0.008302808302808303,342.56,-11.44,106.94,test2
0.05128205128205128,0.09230769230769231,0.1076923076923077,0.136019536019536,0.008547008547008548,342.56,-11.38,106.94,test2
0.05347985347985348,0.09645909645909646,0.10891330891330891,0.13992673992673993,0.008791208791208791,342.5,-11.31,106.94,test2
0.05445665445665446,0.09841269841269841,0.10891330891330891,0.14163614163614163,0.008791208791208791,342.5,-11.31,107.0,test2
0.0547008547008547,0.09914529914529914,0.10818070818070818,0.14212454212454212,0.009035409035409036,342.37,-11.06,106.94,test2
0.054212454212454214,0.09938949938949938,0.10671550671550671,0.14188034188034188,0.009035409035409036,341.81,-10.94,108.69,test2
0.05225885225885226,0.09792429792429792,0.10305250305250305,0.13846153846153847,0.009035409035409036,342.12,-10.88,111.81,test2
0.04713064713064713,0.0927960927960928,0.0971916971916972,0.12942612942612944,0.007814407814407814,345.62,-7.94,115.06,test2
0.03907203907203907,0.08253968253968254,0.09108669108669108,0.11330891330891331,0.006105006105006105,352.0,-3.87,115.5,test2
0.029792429792429794,0.06813186813186813,0.08205128205128205,0.0967032967032967,0.00463980463980464,353.0,-3.31,115.44,test2
0.022466422466422466,0.05543345543345543,0.07374847374847375,0.08400488400488401,0.003663003663003663,353.37,-3.19,115.37,test2
0.01733821733821734,0.046153846153846156,0.06691086691086691,0.07472527472527472,0.0029304029304029304,353.44,-3.12,115.25,test2
0.013675213675213675,0.03956043956043956,0.061782661782661785,0.06764346764346764,0.002442002442002442,353.37,-3.12,115.0,test2
0.011233211233211233,0.03492063492063492,0.05811965811965812,0.063003663003663,0.002197802197802198,352.94,-3.19,114.56,test2
0.00927960927960928,0.031746031746031744,0.05567765567765568,0.05958485958485959,0.0019536019536019536,352.12,-3.5,112.12,test2
0.008547008547008548,0.03076923076923077,0.054945054945054944,0.05787545787545788,0.0017094017094017094,349.5,-4.69,110.31,test2
0.010744810744810745,0.03540903540903541,0.06349206349206349,0.06715506715506715,0.003907203907203907,348.12,-6.5,109.25,test2
0.01684981684981685,0.0463980463980464,0.07545787545787545,0.08717948717948718,0.005616605616605617,347.69,-7.5,108.56,test2
0.026617826617826617,0.06251526251526252,0.08693528693528693,0.10866910866910867,0.007814407814407814,346.87,-8.44,108.31,test2
0.03638583638583639,0.07838827838827839,0.0971916971916972,0.126007326007326,0.009523809523809525,345.87,-9.13,108.12,test2
0.04297924297924298,0.08937728937728938,0.10451770451770452,0.13821733821733823,0.010744810744810745,345.62,-9.25,107.87,test2
0.04786324786324787,0.0971916971916972,0.10964590964590964,0.14652014652014653,0.011477411477411478,345.37,-9.31,107.75,test2
0.05030525030525031,0.10256410256410256,0.11257631257631258,0.1514041514041514,0.011965811965811967,345.25,-9.31,107.81,test2
0.05128205128205128,0.1054945054945055,0.11355311355311355,0.15384615384615385,0.01221001221001221,345.0,-9.13,107.87,test2
0.05128205128205128,0.1072039072039072,0.11282051282051282,0.15457875457875458,0.012454212454212455,345.06,-8.69,108.06,test2
0.050061050061050064,0.1072039072039072,0.10964590964590964,0.15262515262515264,0.011477411477411478,345.06,-8.56,111.12,test2
0.04566544566544566,0.10158730158730159,0.1028083028083028,0.14285714285714285,0.010744810744810745,348.56,-5.94,115.06,test2
0.0380952380952381,0.08888888888888889,0.09523809523809523,0.12454212454212454,0.00927960927960928,351.06,-4.5,114.69,test2
0.02905982905982906,0.07252747252747253,0.08424908424908426,0.10695970695970695,0.00805860805860806,351.75,-4.12,114.69,test2
0.02197802197802198,0.05934065934065934,0.07496947496947497,0.09401709401709402,0.006105006105006105,352.56,-3.81,114.25,test2
0.017094017094017096,0.04957264957264957,0.06764346764346764,0.08522588522588523,0.00463980463980464,352.94,-3.62,114.12,test2
0.013431013431013432,0.04224664224664225,0.06202686202686203,0.07863247863247863,0.003907203907203907,353.06,-3.5,114.19,test2
0.010744810744810745,0.03711843711843712,0.05787545787545788,0.0735042735042735,0.0031746031746031746,353.37,-3.37,114.12,test2
0.009035409035409036,0.033455433455433455,0.054945054945054944,0.06984126984126984,0.002686202686202686,353.37,-3.31,114.19,test2
0.00757020757020757,0.031013431013431014,0.05274725274725275,0.0673992673992674,0.002197802197802198,353.44,-3.25,114.19,test2
0.006837606837606838,0.029304029304029304,0.05128205128205128,0.06544566544566545,0.0019536019536019536,353.37,-3.19,114.12,test2
0.006105006105006105,0.02783882783882784,0.05030525030525031,0.06422466422466422,0.0017094017094017094,352.12,-3.62,111.87,test2
0.005860805860805861,0.02735042735042735,0.050061050061050064,0.06373626373626373,0.0017094017094017094,350.37,-4.25,108.06,test2
0.00805860805860806,0.032722832722832725,0.06129426129426129,0.07155067155067155,0.002686202686202686,349.25,-6.19,104.69,test2
0.01562881562881563,0.0463980463980464,0.07692307692307693,0.08888888888888889,0.00463980463980464,346.62,-8.31,105.25,test2
0.02783882783882784,0.06593406593406594,0.09181929181929183,0.10989010989010989,0.006105006105006105,346.06,-8.75,105.19,test2
0.03663003663003663,0.0822954822954823,0.10231990231990232,0.12527472527472527,0.007081807081807082,345.19,-9.06,105.37,test2
0.04249084249084249,0.09377289377289377,0.10964590964590964,0.13577533577533576,0.007814407814407814,344.94,-9.19,105.25,test2
0.0463980463980464,0.10183150183150183,0.11404151404151404,0.14334554334554334,0.008302808302808303,344.81,-9.38,105.06,test2
0.0485958485958486,0.10598290598290598,0.11575091575091576,0.1474969474969475,0.008547008547008548,344.69,-9.44,104.81,test2
0.04957264957264957,0.10818070818070818,0.11623931623931624,0.1496947496947497,0.008791208791208791,344.56,-9.5,104.81,test2
0.04981684981684982,0.10891330891330891,0.11575091575091576,0.15067155067155066,0.009035409035409036,344.37,-9.63,104.87,test2
0.04957264957264957,0.10891330891330891,0.11428571428571428,0.15042735042735042,0.009035409035409036,344.31,-9.81,105.06,test2
0.04835164835164835,0.10818070818070818,0.11135531135531136,0.147985347985348,0.00927960927960928,344.25,-9.56,107.37,test2
0.046886446886446886,0.10671550671550671,0.10671550671550671,0.1426129426129426,0.00927960927960928,345.69,-8.56,112.31,test2
0.04151404151404151,0.10085470085470086,0.1010989010989011,0.13113553113553114,0.00805860805860806,351.19,-4.62,113.37,test2
0.03247863247863248,0.08547008547008547,0.09255189255189256,0.11428571428571428,0.007081807081807082,352.56,-3.87,113.5,test2
0.024664224664224663,0.06910866910866911,0.08205128205128205,0.10036630036630037,0.005372405372405372,353.19,-3.5,113.62,test2
0.018803418803418803,0.0568986568986569,0.07326007326007326,0.0905982905982906,0.004151404151404151,353.56,-3.25,113.69,test2
0.014652014652014652,0.04810744810744811,0.06666666666666667,0.08376068376068375,0.003418803418803419,353.69,-3.06,113.75,test2
0.011477411477411478,0.042002442002442006,0.06202686202686203,0.07887667887667887,0.002686202686202686,353.81,-2.94,113.81,test2
0.009523809523809525,0.037606837606837605,0.05860805860805861,0.07521367521367521,0.002442002442002442,353.37,-3.12,113.37,test2
0.00805860805860806,0.03467643467643468,0.05616605616605617,0.07277167277167278,0.002197802197802198,352.12,-3.87,111.5,test2
0.007081807081807082,0.032722832722832725,0.0547008547008547,0.07081807081807082,0.0019536019536019536,351.44,-4.37,108.31,test2
0.007081807081807082,0.03247863247863248,0.05714285714285714,0.07252747252747253,0.0019536019536019536,349.56,-5.25,105.94,test2
0.00927960927960928,0.03711843711843712,0.0695970695970696,0.08034188034188035,0.0029304029304029304,348.75,-6.56,103.94,test2
0.015384615384615385,0.05054945054945055,0.08400488400488401,0.09645909645909646,0.00463980463980464,347.62,-7.69,103.37,test2
0.024664224664224663,0.06910866910866911,0.09743589743589744,0.115995115995116,0.006105006105006105,347.0,-8.31,102.75,test2
0.03321123321123321,0.0844932844932845,0.10671550671550671,0.12967032967032968,0.007081807081807082,346.56,-8.31,102.81,test2
0.039316239316239315,0.09548229548229548,0.11330891330891331,0.13943833943833944,0.00757020757020757,345.5,-8.63,103.06,test2
0.043467643467643466,0.10305250305250305,0.1177045177045177,0.14554334554334555,0.00805860805860806,344.37,-8.88,103.5,test2
0.04590964590964591,0.10793650793650794,0.11892551892551892,0.14896214896214896,0.008547008547008548,343.0,-9.25,103.31,test2
0.046886446886446886,0.11062271062271062,0.11868131868131868,0.15042735042735042,0.008791208791208791,342.25,-9.38,103.44,test2
0.04664224664224664,0.1111111111111111,0.11623931623931624,0.1496947496947497,0.008791208791208791,342.37,-9.06,105.44,test2
0.043467643467643466,0.1072039072039072,0.10964590964590964,0.14212454212454212,0.007814407814407814,344.19,-7.75,108.69,test2
0.03540903540903541,0.0945054945054945,0.10231990231990232,0.12625152625152625,0.005860805860805861,343.81,-7.81,110.19,test2
0.027594627594627594,0.07936507936507936,0.09206349206349207,0.1115995115995116,0.00463980463980464,343.44,-8.19,111.62,test2
0.02148962148962149,0.06642246642246642,0.08327228327228327,0.10085470085470086,0.003663003663003663,343.25,-8.06,113.31,test2
0.017094017094017096,0.05616605616605617,0.0757020757020757,0.09328449328449329,0.0029304029304029304,343.25,-8.13,112.69,test2
0.013675213675213675,0.04810744810744811,0.06935286935286936,0.08766788766788766,0.002442002442002442,342.44,-8.5,112.12,test2
0.01098901098901099,0.042002442002442006,0.06471306471306472,0.08376068376068375,0.002197802197802198,342.0,-8.5,112.94,test2
0.008791208791208791,0.037606837606837605,0.06129426129426129,0.08107448107448108,0.0019536019536019536,342.06,-8.38,113.37,test2
0.007326007326007326,0.03467643467643468,0.059096459096459095,0.07887667887667887,0.0017094017094017094,342.06,-8.31,114.37,test2
0.006349206349206349,0.03247863247863248,0.058363858363858365,0.07741147741147741,0.0017094017094017094,342.5,-7.94,114.5,test2
0.005860805860805861,0.03125763125763126,0.05860805860805861,0.07643467643467644,0.0017094017094017094,341.69,-8.56,110.62,test2
0.005616605616605617,0.03076923076923077,0.061782661782661785,0.0778998778998779,0.0017094017094017094,341.81,-9.94,104.19,test2
0.013431013431013432,0.04542124542124542,0.07863247863247863,0.09157509157509157,0.002686202686202686,341.75,-11.25,100.06,test2
0.023443223443223443,0.06691086691086691,0.09694749694749695,0.11208791208791209,0.00463980463980464,341.25,-11.69,99.5,test2
0.03028083028083028,0.08424908424908426,0.10989010989010989,0.12722832722832722,0.006105006105006105,341.44,-11.69,99.25,test2
0.03540903540903541,0.09621489621489622,0.11892551892551892,0.13772893772893774,0.007081807081807082,341.5,-11.69,99.31,test2
0.03833943833943834,0.10476190476190476,0.1242979242979243,0.14505494505494507,0.007814407814407814,341.56,-11.56,99.44,test2
0.04004884004884005,0.11013431013431013,0.1264957264957265,0.1492063492063492,0.008302808302808303,341.62,-11.44,99.56,test2
0.04126984126984127,0.11330891330891331,0.12673992673992673,0.1514041514041514,0.008547008547008548,341.56,-11.31,100.0,test2
0.04151404151404151,0.11501831501831501,0.12576312576312576,0.15213675213675212,0.008791208791208791,340.37,-11.44,101.62,test2
0.04126984126984127,0.11501831501831501,0.12307692307692308,0.1514041514041514,0.009035409035409036,339.56,-11.19,104.94,test2
0.037606837606837605,0.11013431013431013,0.11550671550671551,0.14334554334554334,0.007814407814407814,340.06,-10.44,108.62,test2
0.0315018315018315,0.0989010989010989,0.10695970695970695,0.12991452991452992,0.007081807081807082,340.69,-10.13,109.87,test2
0.024175824175824177,0.08376068376068375,0.09645909645909646,0.1199023199023199,0.005372405372405372,341.19,-10.06,109.62,test2
0.017582417582417582,0.06935286935286936,0.08693528693528693,0.11282051282051282,0.004395604395604396,341.19,-10.0,109.25,test2
0.012698412698412698,0.05860805860805861,0.07936507936507936,0.1076923076923077,0.003418803418803419,341.12,-10.0,109.25,test2
0.009523809523809525,0.05103785103785104,0.073992673992674,0.10451770451770452,0.0029304029304029304,341.06,-9.56,109.81,test2
0.006837606837606838,0.04566544566544566,0.07008547008547009,0.10207570207570207,0.002442002442002442,340.69,-9.38,109.62,test2
0.005128205128205128,0.041758241758241756,0.06666666666666667,0.10061050061050061,0.002197802197802198,340.75,-9.19,109.62,test2
0.003907203907203907,0.03907203907203907,0.06446886446886448,0.09938949938949938,0.0019536019536019536,340.69,-9.31,109.37,test2
0.0031746031746031746,0.03736263736263736,0.06275946275946276,0.09841269841269841,0.0017094017094017094,340.5,-9.63,108.75,test2
0.002686202686202686,0.035897435897435895,0.061782661782661785,0.09768009768009768,0.0017094017094017094,340.44,-10.19,105.44,test2
0.002442002442002442,0.03638583638583639,0.06324786324786325,0.0971916971916972,0.0014652014652014652,341.31,-10.81,100.87,test2
0.005372405372405372,0.042735042735042736,0.0757020757020757,0.10085470085470086,0.002686202686202686,341.56,-11.31,98.37,test2
0.013675213675213675,0.057631257631257635,0.0884004884004884,0.11062271062271062,0.00463980463980464,342.06,-11.44,96.62,test2
0.023687423687423687,0.073992673992674,0.09865689865689865,0.12234432234432234,0.005860805860805861,342.44,-11.38,95.75,test2
0.03076923076923077,0.08595848595848596,0.10598290598290598,0.13064713064713065,0.006837606837606838,342.62,-11.25,95.81,test2
0.03565323565323565,0.0945054945054945,0.11086691086691086,0.13626373626373625,0.00757020757020757,343.12,-11.13,95.81,test2
0.03907203907203907,0.10036630036630037,0.11233211233211234,0.13943833943833944,0.00805860805860806,343.75,-10.94,95.81,test2
0.04053724053724054,0.10378510378510379,0.11208791208791209,0.14065934065934066,0.008302808302808303,344.12,-11.0,96.31,test2
0.041025641025641026,0.10598290598290598,0.11086691086691086,0.14041514041514042,0.008547008547008548,343.94,-10.94,97.94,test2
0.04053724053724054,0.10598290598290598,0.1072039072039072,0.13772893772893774,0.00757020757020757,344.56,-10.38,100.62,test2
0.03833943833943834,0.10256410256410256,0.1010989010989011,0.13137973137973138,0.007081807081807082,345.81,-8.56,107.56,test2
0.03296703296703297,0.09474969474969475,0.09621489621489622,0.1203907203907204,0.006593406593406593,349.06,-6.37,111.19,test2
0.025152625152625153,0.08156288156288156,0.08864468864468865,0.11282051282051282,0.006105006105006105,351.94,-4.81,112.5,test2
0.018315018315018316,0.06642246642246642,0.07936507936507936,0.10744810744810745,0.00463980463980464,353.31,-4.06,112.62,test2
0.013431013431013432,0.05445665445665446,0.0713064713064713,0.10354090354090355,0.003907203907203907,354.19,-3.5,112.0,test2
0.009768009768009768,0.046153846153846156,0.0652014652014652,0.1010989010989011,0.0031746031746031746,354.75,-3.12,111.75,test2
0.007326007326007326,0.040293040293040296,0.06105006105006105,0.09914529914529914,0.002686202686202686,355.0,-3.0,111.44,test2
0.005616605616605617,0.036141636141636145,0.05787545787545788,0.09792429792429792,0.002197802197802198,353.94,-3.44,110.69,test2
0.004151404151404151,0.03394383394383394,0.055921855921855924,0.09694749694749695,0.0031746031746031746,353.75,-3.56,108.37,test2
0.004151404151404151,0.03467643467643468,0.05885225885225885,0.09621489621489622,0.003907203907203907,353.31,-3.75,104.0,test2
0.006837606837606838,0.0398046398046398,0.0713064713064713,0.09865689865689865,0.004395604395604396,352.5,-4.62,100.56,test2
0.01098901098901099,0.04932844932844933,0.08278388278388278,0.10451770451770452,0.005860805860805861,351.94,-5.06,98.75,test2
0.01855921855921856,0.0652014652014652,0.09352869352869353,0.11452991452991453,0.00805860805860806,351.75,-5.31,97.87,test2
0.026373626373626374,0.08107448107448108,0.1010989010989011,0.12405372405372406,0.009523809523809525,351.44,-5.5,97.56,test2
0.03199023199023199,0.09230769230769231,0.10647130647130647,0.13064713064713065,0.010744810744810745,351.12,-5.56,97.37,test2
0.035897435897435895,0.10012210012210013,0.11013431013431013,0.13528693528693528,0.010256410256410256,351.0,-5.62,97.25,test2
0.037606837606837605,0.10451770451770452,0.11135531135531136,0.13772893772893774,0.010012210012210013,350.81,-5.75,97.12,test2
0.038583638583638585,0.10671550671550671,0.1111111111111111,0.13846153846153847,0.009768009768009768,350.69,-5.87,97.12,test2
0.03882783882783883,0.1076923076923077,0.11037851037851037,0.1387057387057387,0.009523809523809525,350.44,-6.06,97.5,test2
0.03882783882783883,0.10793650793650794,0.10891330891330891,0.13797313797313798,0.009523809523809525,349.87,-6.5,98.56,test2
0.037606837606837605,0.10695970695970695,0.10573870573870574,0.13528693528693528,0.00927960927960928,350.56,-6.44,100.94,test2
0.03321123321123321,0.10183150183150183,0.09963369963369964,0.12747252747252746,0.00927960927960928,351.87,-5.19,107.19,test2
0.02735042735042735,0.09206349206349207,0.09377289377289377,0.11648351648351649,0.00805860805860806,355.06,-3.44,109.94,test2
0.020757020757020756,0.07765567765567766,0.0844932844932845,0.10891330891330891,0.007326007326007326,356.75,-2.56,109.81,test2
0.01562881562881563,0.06251526251526252,0.07423687423687424,0.10354090354090355,0.006837606837606838,356.94,-2.31,109.62,test2
0.010744810744810745,0.05103785103785104,0.06593406593406594,0.10012210012210013,0.006349206349206349,357.12,-2.19,109.69,test2
0.006593406593406593,0.04297924297924298,0.060073260073260075,0.09792429792429792,0.005860805860805861,357.06,-2.19,109.75,test2
0.003907203907203907,0.03736263736263736,0.05567765567765568,0.09621489621489622,0.005860805860805861,356.87,-2.31,109.69,test2
0.0019536019536019536,0.033455433455433455,0.052503052503052504,0.09499389499389499,0.005616605616605617,356.81,-2.31,109.56,test2
0.0007326007326007326,0.030525030525030524,0.05030525030525031,0.09377289377289377,0.005616605616605617,356.25,-2.5,108.94,test2
0.0002442002442002442,0.028815628815628817,0.04884004884004884,0.09304029304029304,0.005372405372405372,354.75,-3.31,106.75,test2
0.0,0.029304029304029304,0.05054945054945055,0.09255189255189256,0.005372405372405372,353.56,-4.0,103.81,test2
0.004395604395604396,0.03736263736263736,0.06642246642246642,0.09499389499389499,0.005372405372405372,352.0,-5.44,100.81,test2
0.013186813186813187,0.05396825396825397,0.08058608058608059,0.1028083028083028,0.006593406593406593,351.56,-6.12,99.75,test2
0.021733821733821733,0.07081807081807082,0.09108669108669108,0.11306471306471307,0.007326007326007326,351.44,-6.19,99.75,test2
0.028083028083028084,0.08253968253968254,0.09865689865689865,0.12014652014652015,0.007814407814407814,351.37,-6.19,99.75,test2
0.032722832722832725,0.0905982905982906,0.10378510378510379,0.12527472527472527,0.008302808302808303,351.25,-6.19,99.69,test2
0.035897435897435895,0.09499389499389499,0.10525030525030525,0.12796092796092795,0.008791208791208791,351.25,-6.25,99.62,test2
0.037606837606837605,0.0971916971916972,0.1054945054945055,0.1291819291819292,0.008791208791208791,351.19,-6.31,99.56,test2
0.03785103785103785,0.09816849816849817,0.10476190476190476,0.12942612942612944,0.009035409035409036,351.0,-6.44,99.75,test2
0.03785103785103785,0.09841269841269841,0.10378510378510379,0.1291819291819292,0.009035409035409036,350.69,-6.56,100.44,test2
0.03736263736263736,0.09792429792429792,0.10134310134310134,0.12722832722832722,0.00927960927960928,350.56,-6.56,101.75,test2
0.03492063492063492,0.09523809523809523,0.0967032967032967,0.12185592185592185,0.00927960927960928,351.19,-5.69,105.94,test2
0.029792429792429794,0.08888888888888889,0.09206349206349207,0.11184371184371185,0.00805860805860806,354.37,-2.94,111.81,test2
0.022466422466422466,0.07814407814407814,0.08571428571428572,0.10402930402930403,0.006105006105006105,356.37,-1.81,112.81,test2
0.015384615384615385,0.06422466422466422,0.07716727716727717,0.09841269841269841,0.00463980463980464,357.44,-1.25,112.75,test2
0.010012210012210013,0.05274725274725275,0.06910866910866911,0.0945054945054945,0.003663003663003663,357.5,-1.19,112.56,test2
0.006105006105006105,0.04395604395604396,0.06275946275946276,0.09181929181929183,0.0029304029304029304,357.25,-1.25,112.62,test2
0.003418803418803419,0.03785103785103785,0.05811965811965812,0.09010989010989011,0.002442002442002442,357.0,-1.37,112.37,test2
0.0014652014652014652,0.033455433455433455,0.054945054945054944,0.08864468864468865,0.002197802197802198,356.75,-1.56,112.19,test2
0.0002442002442002442,0.03028083028083028,0.05274725274725275,0.08717948717948718,0.0019536019536019536,356.44,-1.75,111.87,test2
0.0004884004884004884,0.028327228327228327,0.05128205128205128,0.08595848595848596,0.0017094017094017094,355.87,-2.0,111.25,test2
0.0009768009768009768,0.02735042735042735,0.050793650793650794,0.08498168498168499,0.0017094017094017094,354.5,-2.56,107.0,test2
0.0004884004884004884,0.027594627594627594,0.05299145299145299,0.08424908424908426,0.0017094017094017094,353.62,-3.37,102.94,test2
0.002197802197802198,0.03467643467643468,0.0652014652014652,0.0884004884004884,0.002686202686202686,352.0,-4.44,102.94,test2
0.008791208791208791,0.050793650793650794,0.0778998778998779,0.09816849816849817,0.003418803418803419,350.87,-5.44,103.0,test2
0.018315018315018316,0.06984126984126984,0.08815628815628816,0.1111111111111111,0.005372405372405372,350.87,-5.56,102.69,test2
0.02612942612942613,0.08327228327228327,0.09523809523809523,0.12014652014652015,0.006593406593406593,350.94,-5.69,102.5,test2
0.0315018315018315,0.0927960927960928,0.10036630036630037,0.1264957264957265,0.007326007326007326,350.94,-5.75,102.31,test2
0.035164835164835165,0.09841269841269841,0.10158730158730159,0.12942612942612944,0.00805860805860806,350.87,-5.81,102.06,test2
0.03736263736263736,0.10158730158730159,0.10158730158730159,0.1308913308913309,0.008302808302808303,350.81,-5.87,102.06,test2
0.038583638583638585,0.10329670329670329,0.1010989010989011,0.13162393162393163,0.008791208791208791,350.56,-6.06,102.25,test2
0.03907203907203907,0.10378510378510379,0.10036630036630037,0.13186813186813187,0.009035409035409036,350.0,-6.31,102.81,test2
0.03882783882783883,0.10329670329670329,0.09841269841269841,0.1304029304029304,0.009035409035409036,350.56,-6.31,104.5,test2
0.03540903540903541,0.09938949938949938,0.09352869352869353,0.12405372405372406,0.009035409035409036,351.12,-5.87,108.31,test2
0.029304029304029304,0.0905982905982906,0.08864468864468865,0.11330891330891331,0.00805860805860806,353.5,-4.12,111.06,test2
0.02197802197802198,0.07863247863247863,0.08180708180708181,0.10427350427350428,0.007081807081807082,356.25,-2.75,111.31,test2
0.014896214896214897,0.06422466422466422,0.07228327228327229,0.09816849816849817,0.006593406593406593,356.81,-2.56,111.06,test2
0.010012210012210013,0.05274725274725275,0.06422466422466422,0.09377289377289377,0.006105006105006105,356.87,-2.62,110.75,test2
0.006349206349206349,0.04395604395604396,0.05787545787545788,0.09108669108669108,0.005860805860805861,356.81,-2.62,110.81,test2
0.003663003663003663,0.03785103785103785,0.05299145299145299,0.08888888888888889,0.005616605616605617,356.56,-2.75,111.0,test2
0.0019536019536019536,0.033455433455433455,0.04932844932844933,0.08766788766788766,0.005616605616605617,356.31,-2.81,111.25,test2
0.0007326007326007326,0.030525030525030524,0.04713064713064713,0.08644688644688645,0.005372405372405372,355.75,-3.0,111.37,test2
0.0,0.029548229548229547,0.04566544566544566,0.08547008547008547,0.005372405372405372,354.75,-3.56,110.31,test2
0.0004884004884004884,0.029792429792429794,0.046153846153846156,0.08473748473748474,0.005372405372405372,353.62,-4.06,108.56,test2
0.0009768009768009768,0.03247863247863248,0.05372405372405373,0.08693528693528693,0.005372405372405372,352.62,-4.19,104.19,test2
0.006105006105006105,0.04224664224664225,0.06788766788766788,0.09474969474969475,0.005372405372405372,351.62,-5.12,101.37,test2
0.014407814407814409,0.05811965811965812,0.08034188034188035,0.10500610500610501,0.006593406593406593,351.94,-5.5,99.69,test2
0.022466422466422466,0.07301587301587302,0.08986568986568987,0.11428571428571428,0.007326007326007326,351.94,-5.5,99.12,test2
0.028083028083028084,0.08327228327228327,0.09645909645909646,0.12063492063492064,0.00805860805860806,351.81,-5.62,98.87,test2
0.03223443223443224,0.0905982905982906,0.10085470085470086,0.12527472527472527,0.008302808302808303,351.62,-5.69,98.5,test2
0.03467643467643468,0.09523809523809523,0.10354090354090355,0.1282051282051282,0.008791208791208791,351.56,-5.69,98.44,test2
0.03565323565323565,0.09816849816849817,0.10476190476190476,0.13015873015873017,0.008791208791208791,351.37,-5.81,98.62,test2
0.036141636141636145,0.09987789987789988,0.10525030525030525,0.1308913308913309,0.009035409035409036,350.94,-5.62,100.69,test2
0.03540903540903541,0.10012210012210013,0.10256410256410256,0.1282051282051282,0.009035409035409036,352.06,-4.25,105.56,test2
0.03125763125763126,0.09426129426129426,0.0967032967032967,0.11941391941391942,0.00805860805860806,355.31,-2.19,109.75,test2
0.02857142857142857,0.08205128205128205,0.08864468864468865,0.1094017094017094,0.007081807081807082,356.5,-1.62,110.69,test2
0.02197802197802198,0.06691086691086691,0.07838827838827839,0.10231990231990232,0.005616605616605617,356.69,-1.56,110.75,test2
0.01514041514041514,0.05445665445665446,0.06935286935286936,0.0971916971916972,0.004395604395604396,356.69,-1.56,110.69,test2
0.009523809523809525,0.04542124542124542,0.06227106227106227,0.09352869352869353,0.003418803418803419,356.62,-1.62,110.56,test2
0.005372405372405372,0.03907203907203907,0.05714285714285714,0.09108669108669108,0.002686202686202686,356.56,-1.69,110.31,test2
0.002686202686202686,0.03467643467643468,0.05347985347985348,0.08888888888888889,0.002442002442002442,356.5,-1.81,110.25,test2
0.0007326007326007326,0.0315018315018315,0.05103785103785104,0.08693528693528693,0.0019536019536019536,356.19,-2.0,110.12,test2
0.0004884004884004884,0.03028083028083028,0.04908424908424908,0.08547008547008547,0.0019536019536019536,355.5,-2.5,109.37,test2
0.0007326007326007326,0.029792429792429794,0.04884004884004884,0.08473748473748474,0.0017094017094017094,354.5,-3.5,106.81,test2
0.0002442002442002442,0.030525030525030524,0.052503052503052504,0.08424908424908426,0.0017094017094017094,354.06,-3.94,103.06,test2
0.003418803418803419,0.03663003663003663,0.06446886446886448,0.08864468864468865,0.0029304029304029304,353.25,-4.5,101.06,test2
0.01098901098901099,0.05299145299145299,0.07716727716727717,0.0971916971916972,0.00463980463980464,353.0,-4.81,99.44,test2
0.01904761904761905,0.07032967032967033,0.08864468864468865,0.10866910866910867,0.006105006105006105,352.69,-5.06,99.0,test2
0.026373626373626374,0.08571428571428572,0.0967032967032967,0.11794871794871795,0.007081807081807082,352.56,-5.12,99.0,test2
0.03199023199023199,0.09645909645909646,0.10256410256410256,0.1242979242979243,0.00757020757020757,352.44,-5.19,99.0,test2
0.035897435897435895,0.10402930402930403,0.10598290598290598,0.12893772893772895,0.00805860805860806,352.44,-5.25,98.94,test2
0.038583638583638585,0.10842490842490843,0.10744810744810745,0.13137973137973138,0.008547008547008548,352.37,-5.31,99.0,test2
0.04004884004884005,0.11062271062271062,0.1072039072039072,0.1326007326007326,0.008791208791208791,352.19,-5.37,99.06,test2
0.040293040293040296,0.11184371184371185,0.10622710622710622,0.1330891330891331,0.008791208791208791,351.56,-5.62,99.44,test2
0.0398046398046398,0.1115995115995116,0.10427350427350428,0.13186813186813187,0.009035409035409036,351.19,-5.81,100.87,test2
0.037606837606837605,0.1094017094017094,0.10012210012210013,0.12747252747252746,0.009035409035409036,352.62,-4.37,106.75,test2
0.0315018315018315,0.10183150183150183,0.0945054945054945,0.11819291819291819,0.00805860805860806,354.06,-3.37,110.12,test2
0.022954822954822957,0.08766788766788766,0.08791208791208792,0.10622710622710622,0.007081807081807082,354.81,-3.0,110.56,test2
0.01562881562881563,0.07326007326007326,0.07838827838827839,0.09792429792429792,0.005372405372405372,355.12,-2.94,110.37,test2
0.010012210012210013,0.06105006105006105,0.07008547008547009,0.09181929181929183,0.004151404151404151,355.12,-2.94,109.94,test2
0.005860805860805861,0.051526251526251524,0.06373626373626373,0.08766788766788766,0.003418803418803419,355.06,-2.94,109.69,test2
0.0031746031746031746,0.04493284493284493,0.05934065934065934,0.08473748473748474,0.002686202686202686,354.87,-3.06,109.31,test2
0.001221001221001221,0.040293040293040296,0.05616605616605617,0.08253968253968254,0.002442002442002442,354.25,-3.44,108.0,test2
0.0,0.03736263736263736,0.054212454212454214,0.08107448107448108,0.0019536019536019536,353.37,-4.06,106.44,test2
0.0004884004884004884,0.035897435897435895,0.05641025641025641,0.0800976800976801,0.0019536019536019536,353.12,-4.44,103.87,test2
0.0017094017094017094,0.0398046398046398,0.0652014652014652,0.08156288156288156,0.0029304029304029304,351.81,-5.44,101.5,test2
0.00757020757020757,0.0485958485958486,0.07594627594627594,0.08791208791208792,0.003663003663003663,352.12,-5.69,98.75,test2
0.01562881562881563,0.06275946275946276,0.0862026862026862,0.10207570207570207,0.005372405372405372,352.0,-5.94,97.62,test2
0.02271062271062271,0.073992673992674,0.09352869352869353,0.11208791208791209,0.006593406593406593,351.87,-6.0,97.31,test2
0.02783882783882784,0.08205128205128205,0.09865689865689865,0.11916971916971918,0.007326007326007326,351.69,-6.06,96.87,test2
0.03125763125763126,0.08766788766788766,0.10012210012210013,0.12356532356532357,0.007814407814407814,351.69,-6.12,96.87,test2
0.03321123321123321,0.09181929181929183,0.10061050061050061,0.12625152625152625,0.008302808302808303,351.62,-6.12,96.81,test2
0.03394383394383394,0.09426129426129426,0.10061050061050061,0.1277167277167277,0.008547008547008548,351.44,-6.25,97.06,test2
0.03418803418803419,0.09621489621489622,0.10036630036630037,0.1282051282051282,0.008791208791208791,350.69,-6.44,98.37,test2
0.0336996336996337,0.0971916971916972,0.09914529914529914,0.12747252747252746,0.008791208791208791,350.87,-5.69,101.87,test2
0.031746031746031744,0.09426129426129426,0.09426129426129426,0.12136752136752137,0.009035409035409036,353.12,-4.12,106.37,test2
0.03028083028083028,0.08595848595848596,0.08962148962148962,0.11013431013431013,0.007814407814407814,355.06,-2.81,108.37,test2
0.025396825396825397,0.07301587301587302,0.08107448107448108,0.10061050061050061,0.007081807081807082,355.37,-2.69,108.19,test2
0.018070818070818073,0.05934065934065934,0.07179487179487179,0.09377289377289377,0.005372405372405372,355.5,-2.69,108.12,test2
0.011721611721611722,0.04884004884004884,0.06446886446886448,0.08888888888888889,0.004395604395604396,355.56,-2.69,108.12,test2
0.006837606837606838,0.04151404151404151,0.05885225885225885,0.08547008547008547,0.003418803418803419,355.31,-2.75,108.19,test2
0.0031746031746031746,0.03638583638583639,0.05518925518925519,0.08302808302808302,0.0029304029304029304,355.25,-2.87,108.25,test2
0.0007326007326007326,0.032722832722832725,0.052503052503052504,0.08131868131868132,0.002442002442002442,354.44,-3.44,107.31,test2
0.001221001221001221,0.030525030525030524,0.050793650793650794,0.0800976800976801,0.003418803418803419,352.87,-4.69,102.81,test2
0.0002442002442002442,0.03125763125763126,0.0568986568986569,0.08156288156288156,0.003907203907203907,352.12,-5.25,100.19,test2
0.006837606837606838,0.0442002442002442,0.07326007326007326,0.09206349206349207,0.005372405372405372,352.12,-5.44,99.31,test2
0.017826617826617826,0.06398046398046398,0.08717948717948718,0.10622710622710622,0.006593406593406593,352.19,-5.31,99.37,test2
0.02564102564102564,0.07863247863247863,0.09694749694749695,0.11721611721611722,0.007326007326007326,352.12,-5.31,99.25,test2
0.031013431013431014,0.08888888888888889,0.10378510378510379,0.12527472527472527,0.007814407814407814,352.0,-5.37,98.94,test2
0.03467643467643468,0.09597069597069598,0.10793650793650794,0.1308913308913309,0.008302808302808303,352.0,-5.37,98.81,test2
0.036874236874236875,0.10036630036630037,0.11013431013431013,0.1347985347985348,0.008547008547008548,351.94,-5.44,98.62,test2
0.037606837606837605,0.1028083028083028,0.11086691086691086,0.13724053724053725,0.008791208791208791,351.75,-5.56,98.37,test2
0.0380952380952381,0.10427350427350428,0.11086691086691086,0.1387057387057387,0.008791208791208791,351.37,-5.81,98.56,test2
0.037606837606837605,0.10500610500610501,0.10989010989010989,0.1387057387057387,0.009035409035409036,351.12,-5.69,99.69,test2
0.03638583638583639,0.10451770451770452,0.1054945054945055,0.13406593406593406,0.009035409035409036,352.19,-4.69,103.62,test2
0.03223443223443224,0.09792429792429792,0.0989010989010989,0.12380952380952381,0.00805860805860806,354.75,-3.12,105.94,test2
0.024664224664224663,0.08473748473748474,0.09084249084249084,0.11526251526251527,0.007326007326007326,356.87,-2.87,105.87,test2
0.01684981684981685,0.06886446886446887,0.08034188034188035,0.10915750915750916,0.006593406593406593,357.75,-3.56,104.69,test2
0.010500610500610501,0.05616605616605617,0.07179487179487179,0.10500610500610501,0.005128205128205128,357.5,-4.37,104.56,test2
0.006105006105006105,0.04737484737484737,0.06544566544566545,0.10256410256410256,0.004151404151404151,356.12,-5.31,104.62,test2
0.0029304029304029304,0.04126984126984127,0.060805860805860805,0.10085470085470086,0.003418803418803419,354.56,-6.12,105.25,test2
0.0007326007326007326,0.03711843711843712,0.057387057387057384,0.09963369963369964,0.002686202686202686,354.19,-5.94,104.69,test2
0.0009768009768009768,0.03418803418803419,0.05518925518925519,0.09865689865689865,0.002442002442002442,353.69,-5.94,104.25,test2
0.0017094017094017094,0.03223443223443224,0.05372405372405373,0.09792429792429792,0.002197802197802198,352.37,-6.44,103.44,test2
0.0019536019536019536,0.0315018315018315,0.05372405372405373,0.09743589743589744,0.0019536019536019536,351.62,-7.0,99.5,test2
0.001221001221001221,0.033455433455433455,0.06105006105006105,0.09865689865689865,0.0029304029304029304,350.87,-7.12,95.62,test2
0.003418803418803419,0.04395604395604396,0.0761904761904762,0.10476190476190476,0.004884004884004884,349.56,-7.44,94.37,test2
0.011965811965811967,0.06129426129426129,0.0884004884004884,0.1137973137973138,0.006105006105006105,349.19,-7.31,93.69,test2
0.020024420024420026,0.07936507936507936,0.09938949938949938,0.12405372405372406,0.007081807081807082,348.75,-7.37,93.69,test2
0.025885225885225887,0.09352869352869353,0.10695970695970695,0.1308913308913309,0.009035409035409036,348.5,-7.37,93.5,test2
0.029792429792429794,0.10329670329670329,0.11233211233211234,0.13577533577533576,0.010256410256410256,348.5,-7.31,93.69,test2
0.03223443223443224,0.11037851037851037,0.11501831501831501,0.1391941391941392,0.010012210012210013,348.19,-7.25,94.87,test2
0.03321123321123321,0.11428571428571428,0.11526251526251527,0.14041514041514042,0.009768009768009768,349.5,-6.62,96.0,test2
0.031746031746031744,0.11233211233211234,0.1094017094017094,0.13382173382173382,0.009768009768009768,349.5,-6.25,98.37,test2
0.025885225885225887,0.10158730158730159,0.1028083028083028,0.1221001221001221,0.008302808302808303,349.81,-5.69,100.06,test2
0.019536019536019536,0.08791208791208792,0.09426129426129426,0.11257631257631258,0.00757020757020757,350.37,-5.06,100.94,test2
0.01391941391941392,0.07301587301587302,0.0844932844932845,0.10573870573870574,0.006837606837606838,350.81,-4.5,102.44,test2
0.00927960927960928,0.060805860805860805,0.07594627594627594,0.1010989010989011,0.006349206349206349,351.0,-4.37,102.87,test2
0.005616605616605617,0.05201465201465202,0.06886446886446887,0.09768009768009768,0.004884004884004884,350.94,-4.37,102.87,test2
0.0029304029304029304,0.04566544566544566,0.06422466422466422,0.09548229548229548,0.003907203907203907,350.81,-4.44,102.94,test2
0.001221001221001221,0.04126984126984127,0.060805860805860805,0.09352869352869353,0.004395604395604396,350.69,-4.44,102.87,test2
0.0,0.0380952380952381,0.058363858363858365,0.09206349206349207,0.003418803418803419,350.0,-4.81,102.81,test2
0.0009768009768009768,0.035897435897435895,0.0568986568986569,0.0905982905982906,0.0029304029304029304,349.37,-5.0,102.75,test2
0.0017094017094017094,0.03492063492063492,0.055921855921855924,0.08962148962148962,0.003663003663003663,348.25,-5.44,102.37,test2
0.0017094017094017094,0.034432234432234435,0.05567765567765568,0.08888888888888889,0.004151404151404151,346.31,-6.37,99.56,test2
0.0017094017094017094,0.035164835164835165,0.05860805860805861,0.08864468864468865,0.004395604395604396,344.62,-6.62,97.94,test2
0.0007326007326007326,0.0398046398046398,0.06910866910866911,0.09255189255189256,0.005860805860805861,343.19,-6.75,96.56,test2
0.003418803418803419,0.052503052503052504,0.08205128205128205,0.10158730158730159,0.006837606837606838,340.25,-6.75,96.5,test2
0.011721611721611722,0.0695970695970696,0.09328449328449329,0.11233211233211234,0.00757020757020757,334.44,-5.94,98.62,test2
0.020757020757020756,0.08498168498168499,0.10231990231990232,0.12087912087912088,0.00805860805860806,330.0,-6.06,101.62,test2
0.026862026862026864,0.09621489621489622,0.10842490842490843,0.12698412698412698,0.008547008547008548,328.06,-7.0,102.69,test2
0.03125763125763126,0.10402930402930403,0.11282051282051282,0.13137973137973138,0.008791208791208791,327.87,-7.37,103.0,test2
0.0336996336996337,0.1094017094017094,0.11428571428571428,0.1330891330891331,0.009035409035409036,327.62,-7.69,103.44,test2
0.034432234432234435,0.11208791208791209,0.11355311355311355,0.1330891330891331,0.009035409035409036,329.81,-7.87,103.75,test2
0.033455433455433455,0.1115995115995116,0.10891330891330891,0.1291819291819292,0.00927960927960928,334.5,-7.37,102.19,test2
0.02857142857142857,0.10158730158730159,0.10231990231990232,0.11843711843711843,0.00927960927960928,337.94,-8.38,98.06,test2
0.021245421245421246,0.08547008547008547,0.09230769230769231,0.11086691086691086,0.00805860805860806,338.44,-9.63,95.12,test2
0.015384615384615385,0.07057387057387057,0.08327228327228327,0.1054945054945055,0.007326007326007326,338.25,-10.5,93.25,test2
0.011233211233211233,0.05934065934065934,0.07692307692307693,0.10183150183150183,0.005616605616605617,338.0,-11.13,91.69,test2
0.008302808302808303,0.051770451770451774,0.07252747252747253,0.09914529914529914,0.004395604395604396,337.94,-11.81,89.75,test2
0.006349206349206349,0.046153846153846156,0.06935286935286936,0.0971916971916972,0.003418803418803419,337.81,-12.5,87.5,test2
0.004884004884004884,0.04224664224664225,0.0673992673992674,0.09597069597069598,0.0029304029304029304,337.81,-12.88,87.44,test2
0.004151404151404151,0.03956043956043956,0.06593406593406594,0.09474969474969475,0.002442002442002442,337.44,-13.13,87.0,test2
0.003418803418803419,0.03785103785103785,0.0652014652014652,0.09328449328449329,0.002197802197802198,337.31,-13.19,86.56,test2
0.0031746031746031746,0.03663003663003663,0.06446886446886448,0.09206349206349207,0.0019536019536019536,337.44,-13.0,86.62,test2
0.0029304029304029304,0.035897435897435895,0.06398046398046398,0.0905982905982906,0.0019536019536019536,337.37,-13.13,86.37,test2
0.002686202686202686,0.03540903540903541,0.06373626373626373,0.08864468864468865,0.0017094017094017094,337.37,-13.13,86.0,test2
0.002686202686202686,0.03467643467643468,0.06324786324786325,0.08693528693528693,0.0017094017094017094,337.31,-13.13,85.81,test2
0.002442002442002442,0.03418803418803419,0.063003663003663,0.08571428571428572,0.0017094017094017094,337.19,-13.25,85.75,test2
0.002442002442002442,0.0336996336996337,0.06275946275946276,0.08498168498168499,0.0017094017094017094,337.44,-12.94,85.87,test2
0.002197802197802198,0.033455433455433455,0.06251526251526252,0.08400488400488401,0.0017094017094017094,337.25,-13.13,85.87,test2
0.002197802197802198,0.03321123321123321,0.06227106227106227,0.08327228327228327,0.0017094017094017094,337.12,-13.25,86.06,test2
0.002197802197802198,0.03296703296703297,0.06202686202686203,0.08278388278388278,0.0017094017094017094,337.12,-13.31,86.12,test2
0.002197802197802198,0.032722832722832725,0.06202686202686203,0.0822954822954823,0.0017094017094017094,337.37,-13.56,86.06,test2
0.002197802197802198,0.03247863247863248,0.06202686202686203,0.0822954822954823,0.0014652014652014652,337.62,-13.5,86.0,test2
0.002197802197802198,0.03247863247863248,0.06202686202686203,0.08253968253968254,0.0014652014652014652,337.56,-13.5,85.94,test2
0.002197802197802198,0.03223443223443224,0.06202686202686203,0.08253968253968254,0.0014652014652014652,337.12,-13.5,85.87,test2
0.002197802197802198,0.03223443223443224,0.06202686202686203,0.08278388278388278,0.0014652014652014652,336.94,-13.31,85.25,test2
0.002197802197802198,0.03199023199023199,0.06202686202686203,0.08302808302808302,0.0014652014652014652,337.75,-12.69,84.12,test2
0.002197802197802198,0.03199023199023199,0.06202686202686203,0.08302808302808302,0.0014652014652014652,337.25,-12.06,83.56,test2
0.0019536019536019536,0.03199023199023199,0.06202686202686203,0.0822954822954823,0.0014652014652014652,337.37,-12.0,83.25,test2
0.0019536019536019536,0.031746031746031744,0.06202686202686203,0.08107448107448108,0.0014652014652014652,337.44,-11.88,83.0,test2
0.0019536019536019536,0.031746031746031744,0.06202686202686203,0.0796092796092796,0.0014652014652014652,337.87,-11.69,82.75,test2
0.0019536019536019536,0.031746031746031744,0.06202686202686203,0.07838827838827839,0.0014652014652014652,338.19,-11.63,82.44,test2
0.0017094017094017094,0.03199023199023199,0.061782661782661785,0.07716727716727717,0.0014652014652014652,338.37,-11.69,82.19,test2
0.0017094017094017094,0.03223443223443224,0.061782661782661785,0.07594627594627594,0.0014652014652014652,338.56,-11.56,81.81,test2
0.0014652014652014652,0.03223443223443224,0.06153846153846154,0.07496947496947497,0.0014652014652014652,338.75,-11.38,81.56,test2
0.0014652014652014652,0.03247863247863248,0.06153846153846154,0.07423687423687424,0.0014652014652014652,339.06,-11.19,81.37,test2
0.0014652014652014652,0.03247863247863248,0.06129426129426129,0.0735042735042735,0.0014652014652014652,339.06,-11.19,81.44,test2
0.0014652014652014652,0.03247863247863248,0.06129426129426129,0.07277167277167278,0.0014652014652014652,339.06,-11.38,81.06,test2
0.0014652014652014652,0.03223443223443224,0.06105006105006105,0.07228327228327229,0.0014652014652014652,339.06,-11.56,80.69,test2
0.0014652014652014652,0.03223443223443224,0.06105006105006105,0.07179487179487179,0.0014652014652014652,338.87,-11.75,80.75,test2
0.0014652014652014652,0.03223443223443224,0.060805860805860805,0.0713064713064713,0.0014652014652014652,339.06,-11.69,79.94,test2
0.0014652014652014652,0.03223443223443224,0.06056166056166056,0.07106227106227106,0.0014652014652014652,339.12,-11.75,79.62,test2
0.001221001221001221,0.03223443223443224,0.06056166056166056,0.07081807081807082,0.0014652014652014652,338.75,-11.88,79.75,test2
0.001221001221001221,0.03223443223443224,0.06031746031746032,0.0673992673992674,0.0014652014652014652,338.69,-11.88,79.62,test2
0.0009768009768009768,0.03223443223443224,0.060073260073260075,0.061782661782661785,0.0014652014652014652,338.69,-11.94,79.56,test2
0.0009768009768009768,0.03247863247863248,0.05982905982905983,0.057387057387057384,0.0014652014652014652,338.62,-12.0,79.56,test2
0.0007326007326007326,0.03247863247863248,0.05982905982905983,0.054212454212454214,0.0014652014652014652,338.56,-12.06,79.44,test2
0.0007326007326007326,0.032722832722832725,0.05958485958485959,0.051526251526251524,0.0014652014652014652,338.5,-12.19,79.44,test2
0.0004884004884004884,0.032722832722832725,0.05958485958485959,0.050061050061050064,0.0014652014652014652,338.44,-12.13,79.62,test2
0.0004884004884004884,0.032722832722832725,0.05934065934065934,0.04932844932844933,0.0014652014652014652,338.37,-12.13,79.75,test2
0.0004884004884004884,0.03247863247863248,0.05934065934065934,0.04884004884004884,0.0014652014652014652,338.44,-12.19,79.75,test2
0.0004884004884004884,0.03223443223443224,0.05934065934065934,0.050793650793650794,0.0014652014652014652,338.5,-12.31,79.81,test2
0.0004884004884004884,0.03223443223443224,0.059096459096459095,0.05201465201465202,0.0014652014652014652,338.5,-12.44,79.62,test2
0.0004884004884004884,0.03199023199023199,0.059096459096459095,0.05299145299145299,0.0014652014652014652,338.37,-12.63,79.56,test2
0.0004884004884004884,0.031746031746031744,0.059096459096459095,0.05372405372405373,0.0014652014652014652,338.06,-13.06,79.25,test2
0.0007326007326007326,0.031746031746031744,0.05885225885225885,0.054212454212454214,0.0014652014652014652,338.06,-13.63,79.0,test2
0.0009768009768009768,0.0315018315018315,0.05885225885225885,0.05445665445665446,0.0014652014652014652,337.25,-14.25,79.19,test2
0.001221001221001221,0.0315018315018315,0.05885225885225885,0.05445665445665446,0.0014652014652014652,335.81,-15.19,78.44,test2
0.0014652014652014652,0.0315018315018315,0.05885225885225885,0.0547008547008547,0.0014652014652014652,335.5,-15.69,78.31,test2
0.0017094017094017094,0.0315018315018315,0.05885225885225885,0.0547008547008547,0.0014652014652014652,335.37,-15.88,78.06,test2
0.0019536019536019536,0.0315018315018315,0.05885225885225885,0.054212454212454214,0.0014652014652014652,335.56,-16.12,78.0,test2
0.0019536019536019536,0.0315018315018315,0.05885225885225885,0.05274725274725275,0.0014652014652014652,336.06,-16.25,78.56,test2
0.002197802197802198,0.03125763125763126,0.05885225885225885,0.05128205128205128,0.0014652014652014652,336.62,-16.31,78.44,test2
0.002197802197802198,0.03125763125763126,0.05860805860805861,0.04884004884004884,0.0014652014652014652,337.06,-16.5,77.75,test2
0.002197802197802198,0.031013431013431014,0.05811965811965812,0.046886446886446886,0.0014652014652014652,337.31,-16.56,77.62,test2
0.002197802197802198,0.03076923076923077,0.057631257631257635,0.04493284493284493,0.0014652014652014652,337.37,-16.75,77.87,test2
0.002197802197802198,0.03028083028083028,0.0568986568986569,0.043467643467643466,0.0014652014652014652,337.19,-16.81,78.19,test2
0.002197802197802198,0.030036630036630037,0.05641025641025641,0.04224664224664225,0.0014652014652014652,337.12,-17.0,78.12,test2
0.0019536019536019536,0.029792429792429794,0.05616605616605617,0.04151404151404151,0.0014652014652014652,337.0,-17.0,77.75,test2
0.0019536019536019536,0.029548229548229547,0.055921855921855924,0.04053724053724054,0.0014652014652014652,337.06,-16.94,77.69,test2
0.0017094017094017094,0.029548229548229547,0.05616605616605617,0.04004884004884005,0.0014652014652014652,337.37,-16.62,77.25,test2
0.0017094017094017094,0.029792429792429794,0.05616605616605617,0.039316239316239315,0.0014652014652014652,337.25,-16.44,76.87,test2
0.0014652014652014652,0.029792429792429794,0.05641025641025641,0.03882783882783883,0.0014652014652014652,337.0,-16.37,76.44,test2
0.0014652014652014652,0.029792429792429794,0.05641025641025641,0.03736263736263736,0.0014652014652014652,336.37,-16.31,78.31,test2
0.001221001221001221,0.030036630036630037,0.056654456654456654,0.03638583638583639,0.0014652014652014652,335.75,-16.5,79.56,test2
0.001221001221001221,0.030036630036630037,0.05616605616605617,0.035897435897435895,0.0014652014652014652,335.5,-16.87,79.44,test2
0.001221001221001221,0.030036630036630037,0.05567765567765568,0.03736263736263736,0.002442002442002442,336.0,-17.06,79.25,test2
0.001221001221001221,0.029792429792429794,0.05518925518925519,0.03882783882783883,0.003418803418803419,336.06,-17.12,78.81,test2
0.001221001221001221,0.029548229548229547,0.0547008547008547,0.04004884004884005,0.003907203907203907,335.62,-17.0,78.62,test2
0.0014652014652014652,0.029548229548229547,0.05445665445665446,0.04053724053724054,0.004395604395604396,335.94,-17.06,78.75,test2
0.0014652014652014652,0.029548229548229547,0.054212454212454214,0.041025641025641026,0.00463980463980464,335.75,-17.12,78.69,test2
0.0014652014652014652,0.029304029304029304,0.054212454212454214,0.0398046398046398,0.004884004884004884,336.37,-17.0,78.87,test2
0.0014652014652014652,0.029304029304029304,0.05396825396825397,0.03833943833943834,0.004884004884004884,336.5,-17.19,79.31,test2
0.0014652014652014652,0.02905982905982906,0.05396825396825397,0.03638583638583639,0.005128205128205128,336.44,-17.44,79.19,test2
0.0014652014652014652,0.028815628815628817,0.05396825396825397,0.035164835164835165,0.005128205128205128,336.44,-17.5,79.12,test2
0.0014652014652014652,0.028815628815628817,0.05396825396825397,0.0336996336996337,0.005128205128205128,336.69,-17.37,79.06,test2
0.001221001221001221,0.02857142857142857,0.05396825396825397,0.03247863247863248,0.005128205128205128,336.81,-17.37,79.06,test2
0.001221001221001221,0.02857142857142857,0.05372405372405373,0.0315018315018315,0.005372405372405372,336.94,-17.25,78.94,test2
0.001221001221001221,0.028327228327228327,0.05372405372405373,0.03076923076923077,0.005372405372405372,336.5,-17.25,78.94,test2
0.001221001221001221,0.028327228327228327,0.05372405372405373,0.029792429792429794,0.005372405372405372,336.19,-17.25,78.81,test2
0.001221001221001221,0.028327228327228327,0.05372405372405373,0.028815628815628817,0.005372405372405372,336.0,-17.37,78.81,test2
0.001221001221001221,0.028327228327228327,0.05396825396825397,0.028083028083028084,0.005372405372405372,336.12,-17.44,78.75,test2
0.001221001221001221,0.028327228327228327,0.054212454212454214,0.027594627594627594,0.005372405372405372,336.31,-17.37,78.62,test2
0.001221001221001221,0.028327228327228327,0.054212454212454214,0.027106227106227107,0.005372405372405372,336.81,-17.25,78.44,test2
0.0009768009768009768,0.028327228327228327,0.054212454212454214,0.026862026862026864,0.005372405372405372,336.81,-17.19,78.56,test2
0.0009768009768009768,0.028327228327228327,0.05396825396825397,0.026617826617826617,0.005372405372405372,336.87,-17.31,78.81,test2
0.0009768009768009768,0.028327228327228327,0.05372405372405373,0.026617826617826617,0.005372405372405372,337.06,-17.12,78.62,test2
0.0007326007326007326,0.028327228327228327,0.053235653235653234,0.02612942612942613,0.005372405372405372,336.75,-17.31,78.44,test2
0.0007326007326007326,0.028327228327228327,0.053235653235653234,0.02564102564102564,0.005372405372405372,336.81,-17.12,77.81,test2
0.0007326007326007326,0.02857142857142857,0.05299145299145299,0.025152625152625153,0.005372405372405372,336.69,-17.44,78.44,test2
0.0004884004884004884,0.02857142857142857,0.05274725274725275,0.02442002442002442,0.005372405372405372,336.56,-17.44,78.31,test2
0.0004884004884004884,0.02857142857142857,0.05274725274725275,0.023931623931623933,0.005372405372405372,336.87,-17.37,78.0,test2
0.0004884004884004884,0.02857142857142857,0.05274725274725275,0.023687423687423687,0.005372405372405372,337.06,-17.44,77.69,test2
0.0004884004884004884,0.028815628815628817,0.05299145299145299,0.025152625152625153,0.005372405372405372,337.56,-17.69,77.56,test2
0.0004884004884004884,0.028815628815628817,0.053235653235653234,0.026373626373626374,0.005372405372405372,337.56,-17.69,77.56,test2
0.0002442002442002442,0.02905982905982906,0.05372405372405373,0.027106227106227107,0.005372405372405372,337.37,-17.81,77.69,test2
0.0002442002442002442,0.029304029304029304,0.05396825396825397,0.027594627594627594,0.005372405372405372,337.19,-17.69,78.0,test2
0.0002442002442002442,0.029304029304029304,0.05396825396825397,0.02783882783882784,0.005372405372405372,337.0,-17.56,78.12,test2
0.0,0.029548229548229547,0.054212454212454214,0.032722832722832725,0.005372405372405372,336.94,-17.37,78.31,test2
0.0,0.029548229548229547,0.05518925518925519,0.03711843711843712,0.005372405372405372,336.44,-17.5,79.12,test2
0.0002442002442002442,0.029548229548229547,0.05641025641025641,0.042735042735042736,0.005372405372405372,334.5,-17.87,82.37,test2
0.0002442002442002442,0.029304029304029304,0.057387057387057384,0.04713064713064713,0.005372405372405372,334.62,-17.81,82.31,test2
0.0002442002442002442,0.029304029304029304,0.05860805860805861,0.057631257631257635,0.005372405372405372,334.81,-17.81,82.25,test2
0.0002442002442002442,0.02905982905982906,0.05934065934065934,0.0652014652014652,0.005372405372405372,334.5,-17.94,82.06,test2
0.0002442002442002442,0.028815628815628817,0.05982905982905983,0.07057387057387057,0.005372405372405372,334.31,-18.5,81.5,test2
0.0002442002442002442,0.02857142857142857,0.060073260073260075,0.073992673992674,0.005372405372405372,333.94,-18.94,81.31,test2
0.0002442002442002442,0.02857142857142857,0.05958485958485959,0.07545787545787545,0.005372405372405372,333.56,-19.5,80.94,test2
0.0002442002442002442,0.02857142857142857,0.05934065934065934,0.0761904761904762,0.005372405372405372,332.69,-19.56,80.0,test2
0.0002442002442002442,0.02857142857142857,0.05860805860805861,0.07667887667887668,0.005372405372405372,332.25,-19.69,79.94,test2
0.0002442002442002442,0.02857142857142857,0.05787545787545788,0.06984126984126984,0.005372405372405372,332.44,-19.69,79.44,test2
0.0002442002442002442,0.02857142857142857,0.057387057387057384,0.06446886446886448,0.005372405372405372,332.62,-19.31,79.5,test2
0.0002442002442002442,0.028815628815628817,0.0568986568986569,0.060805860805860805,0.005372405372405372,332.62,-19.25,79.5,test2
0.0002442002442002442,0.028815628815628817,0.056654456654456654,0.05811965811965812,0.005372405372405372,332.56,-19.31,79.31,test2
0.0002442002442002442,0.028815628815628817,0.05616605616605617,0.05641025641025641,0.005372405372405372,332.62,-19.19,79.5,test2
0.0002442002442002442,0.028815628815628817,0.05567765567765568,0.05518925518925519,0.005372405372405372,332.37,-19.19,79.75,test2
0.0002442002442002442,0.028815628815628817,0.05543345543345543,0.05445665445665446,0.005372405372405372,332.06,-19.12,80.44,test2
0.0002442002442002442,0.028815628815628817,0.05518925518925519,0.054212454212454214,0.005372405372405372,331.81,-19.25,81.44,test2
0.0004884004884004884,0.028815628815628817,0.05543345543345543,0.05445665445665446,0.005372405372405372,331.12,-19.44,82.31,test2
0.0004884004884004884,0.02905982905982906,0.05567765567765568,0.05445665445665446,0.005372405372405372,330.75,-20.06,81.87,test2
0.0004884004884004884,0.02905982905982906,0.055921855921855924,0.0547008547008547,0.005372405372405372,330.75,-20.37,81.56,test2
0.0004884004884004884,0.02905982905982906,0.055921855921855924,0.0547008547008547,0.005372405372405372,330.69,-21.0,80.94,test2
0.0002442002442002442,0.02905982905982906,0.055921855921855924,0.054945054945054944,0.005372405372405372,331.62,-21.37,80.31,test2
0.0002442002442002442,0.02905982905982906,0.055921855921855924,0.054212454212454214,0.005372405372405372,332.87,-21.44,82.94,test2
0.0002442002442002442,0.02905982905982906,0.05518925518925519,0.05396825396825397,0.005372405372405372,332.81,-20.69,84.37,test2
0.0002442002442002442,0.02857142857142857,0.054212454212454214,0.05299145299145299,0.005372405372405372,332.12,-19.62,87.12,test2
0.0002442002442002442,0.028083028083028084,0.05347985347985348,0.052503052503052504,0.004151404151404151,332.5,-18.25,88.5,test2
0.0002442002442002442,0.02735042735042735,0.05274725274725275,0.05054945054945055,0.003418803418803419,334.31,-16.25,90.25,test2
0.0004884004884004884,0.026617826617826617,0.05396825396825397,0.04932844932844933,0.0029304029304029304,335.75,-15.13,91.44,test2
0.0014652014652014652,0.02564102564102564,0.0547008547008547,0.04786324786324787,0.002442002442002442,337.19,-13.88,91.62,test2
0.002442002442002442,0.024664224664224663,0.05518925518925519,0.046153846153846156,0.002197802197802198,337.94,-13.69,90.75,test2
0.0031746031746031746,0.023687423687423687,0.054945054945054944,0.043467643467643466,0.0019536019536019536,338.44,-13.63,89.94,test2
0.003663003663003663,0.022954822954822957,0.05396825396825397,0.040293040293040296,0.0017094017094017094,338.81,-13.69,88.44,test2
0.004151404151404151,0.022222222222222223,0.05225885225885226,0.03711843711843712,0.0017094017094017094,339.19,-13.75,86.81,test2
0.004151404151404151,0.02197802197802198,0.050793650793650794,0.034432234432234435,0.0017094017094017094,339.94,-13.88,84.5,test2
0.004151404151404151,0.02197802197802198,0.04981684981684982,0.032722832722832725,0.0017094017094017094,340.62,-13.69,83.75,test2
0.004151404151404151,0.02197802197802198,0.04908424908424908,0.0315018315018315,0.0014652014652014652,341.0,-13.25,84.19,test2
0.004151404151404151,0.02197802197802198,0.04835164835164835,0.03076923076923077,0.0014652014652014652,341.0,-12.81,86.56,test2
0.004395604395604396,0.021733821733821733,0.047619047619047616,0.03076923076923077,0.0014652014652014652,341.31,-12.88,86.37,test2
0.004395604395604396,0.021245421245421246,0.04664224664224664,0.032722832722832725,0.0014652014652014652,341.12,-13.19,86.19,test2
0.00463980463980464,0.021001221001221003,0.04590964590964591,0.03467643467643468,0.0014652014652014652,341.31,-13.44,85.75,test2
0.00463980463980464,0.020757020757020756,0.045177045177045176,0.035897435897435895,0.0014652014652014652,341.81,-13.19,85.56,test2
0.004395604395604396,0.020757020757020756,0.04468864468864469,0.036874236874236875,0.0014652014652014652,341.69,-13.25,85.87,test2
0.004395604395604396,0.020512820512820513,0.0442002442002442,0.03736263736263736,0.0014652014652014652,341.75,-12.88,88.94,test2
0.004395604395604396,0.020512820512820513,0.04371184371184371,0.03785103785103785,0.0014652014652014652,342.19,-12.38,92.87,test2
0.004395604395604396,0.020512820512820513,0.04322344322344322,0.0380952380952381,0.0014652014652014652,343.0,-11.13,97.25,test2
0.004395604395604396,0.020512820512820513,0.042735042735042736,0.03956043956043956,0.0014652014652014652,344.12,-9.5,100.69,test2
0.00463980463980464,0.02026862026862027,0.04224664224664225,0.04249084249084249,0.0014652014652014652,346.56,-7.5,103.5,test2
0.004884004884004884,0.02026862026862027,0.042002442002442006,0.0442002442002442,0.0014652014652014652,349.19,-5.81,105.87,test2
0.005372405372405372,0.020024420024420026,0.041758241758241756,0.04566544566544566,0.0014652014652014652,350.75,-5.12,106.37,test2
0.006349206349206349,0.019291819291819293,0.04151404151404151,0.045177045177045176,0.0002442002442002442,352.06,-4.75,106.56,test2
0.007081807081807082,0.018315018315018316,0.04078144078144078,0.043467643467643466,0.0004884004884004884,353.19,-4.56,106.5,test2
0.00757020757020757,0.017582417582417582,0.04004884004884005,0.041758241758241756,0.0009768009768009768,354.44,-4.37,106.75,test2
0.00805860805860806,0.017094017094017096,0.039316239316239315,0.04053724053724054,0.0014652014652014652,355.5,-4.12,107.19,test2
0.008302808302808303,0.01684981684981685,0.03882783882783883,0.0398046398046398,0.0017094017094017094,355.62,-3.75,106.12,test2
0.008302808302808303,0.01684981684981685,0.038583638583638585,0.0398046398046398,0.0019536019536019536,353.75,-4.56,103.62,test2
0.007081807081807082,0.019536019536019536,0.044444444444444446,0.050061050061050064,0.0002442002442002442,353.81,-4.62,102.25,test2
0.001221001221001221,0.02905982905982906,0.05934065934065934,0.0757020757020757,0.0029304029304029304,353.5,-5.25,101.31,test2
0.008547008547008548,0.045177045177045176,0.073992673992674,0.10231990231990232,0.004884004884004884,351.69,-6.75,101.19,test2
0.01855921855921856,0.06349206349206349,0.08742368742368742,0.12527472527472527,0.007326007326007326,350.62,-7.75,101.31,test2
0.027594627594627594,0.07985347985347985,0.09694749694749695,0.14114774114774115,0.009035409035409036,350.19,-8.0,101.44,test2
0.03394383394383394,0.09133089133089133,0.10354090354090355,0.1523809523809524,0.010256410256410256,350.31,-7.81,101.5,test2
0.03833943833943834,0.09914529914529914,0.1076923076923077,0.15946275946275945,0.011233211233211233,350.31,-7.87,101.5,test2
0.041025641025641026,0.10378510378510379,0.10866910866910867,0.16312576312576313,0.011965811965811967,350.44,-7.75,101.81,test2
0.042735042735042736,0.10598290598290598,0.10793650793650794,0.16434676434676435,0.01221001221001221,350.19,-7.31,102.75,test2
0.04297924297924298,0.10695970695970695,0.10573870573870574,0.16385836385836386,0.012454212454212455,349.25,-8.44,104.69,test2
0.03956043956043956,0.1028083028083028,0.10061050061050061,0.15653235653235653,0.011477411477411478,354.06,-6.69,107.94,test2
0.03223443223443224,0.09206349206349207,0.09597069597069598,0.1409035409035409,0.009768009768009768,358.94,-4.31,109.06,test2
0.023687423687423687,0.0761904761904762,0.08791208791208792,0.12185592185592185,0.008302808302808303,359.94,-3.75,108.37,test2
0.01611721611721612,0.06275946275946276,0.0796092796092796,0.10061050061050061,0.007326007326007326,0.06,-3.56,108.19,test2
0.010500610500610501,0.05299145299145299,0.07301587301587302,0.08571428571428572,0.006837606837606838,0.06,-3.56,107.75,test2
0.006349206349206349,0.04590964590964591,0.06837606837606838,0.07545787545787545,0.006349206349206349,359.94,-3.44,107.5,test2
0.003663003663003663,0.04126984126984127,0.06495726495726496,0.06862026862026863,0.006105006105006105,359.69,-3.37,107.37,test2
0.0017094017094017094,0.03785103785103785,0.06275946275946276,0.06446886446886448,0.00463980463980464,359.31,-3.37,106.69,test2
0.0004884004884004884,0.03540903540903541,0.06105006105006105,0.06202686202686203,0.003663003663003663,358.62,-3.37,106.25,test2
0.0,0.03394383394383394,0.060073260073260075,0.06153846153846154,0.0031746031746031746,357.62,-3.87,105.19,test2
0.0004884004884004884,0.033455433455433455,0.06056166056166056,0.06422466422466422,0.003663003663003663,356.19,-5.25,102.06,test2
0.003418803418803419,0.035897435897435895,0.06593406593406594,0.07472527472527472,0.004151404151404151,352.69,-7.87,101.31,test2
0.009768009768009768,0.04322344322344322,0.07716727716727717,0.09426129426129426,0.005860805860805861,351.94,-8.31,100.87,test2
0.01904761904761905,0.058363858363858365,0.08864468864468865,0.115995115995116,0.006837606837606838,350.19,-9.88,100.81,test2
0.028083028083028084,0.07521367521367521,0.09865689865689865,0.1330891330891331,0.008791208791208791,349.62,-10.31,100.25,test2
0.03492063492063492,0.08766788766788766,0.10573870573870574,0.14481074481074482,0.010256410256410256,349.5,-10.31,100.12,test2
0.03956043956043956,0.09621489621489622,0.11086691086691086,0.15311355311355312,0.01098901098901099,349.56,-10.25,100.06,test2
0.04297924297924298,0.10231990231990232,0.11282051282051282,0.15775335775335775,0.011721611721611722,349.75,-10.06,100.12,test2
0.04493284493284493,0.10573870573870574,0.11257631257631258,0.15995115995115994,0.01221001221001221,349.94,-9.69,100.94,test2
0.04542124542124542,0.10695970695970695,0.11062271062271062,0.15946275946275945,0.011233211233211233,350.19,-9.56,102.25,test2
0.04371184371184371,0.10451770451770452,0.10500610500610501,0.15433455433455434,0.010744810744810745,350.62,-9.94,104.12,test2
0.03785103785103785,0.09694749694749695,0.10036630036630037,0.1431013431013431,0.010256410256410256,355.62,-6.75,106.0,test2
0.02905982905982906,0.08376068376068375,0.09328449328449329,0.1264957264957265,0.008791208791208791,357.62,-5.62,106.62,test2
0.020757020757020756,0.06935286935286936,0.08424908424908426,0.10915750915750916,0.007814407814407814,357.87,-5.37,106.62,test2
0.014163614163614164,0.05811965811965812,0.07643467643467644,0.09523809523809523,0.007081807081807082,358.06,-5.12,106.5,test2
0.009523809523809525,0.05030525030525031,0.07032967032967033,0.08522588522588523,0.006593406593406593,358.25,-4.94,106.56,test2
0.006105006105006105,0.04468864468864469,0.06593406593406594,0.07765567765567766,0.005128205128205128,358.25,-4.94,106.62,test2
0.003663003663003663,0.04053724053724054,0.06251526251526252,0.07228327228327229,0.003907203907203907,358.56,-5.0,106.94,test2
0.002197802197802198,0.03785103785103785,0.06031746031746032,0.06837606837606838,0.0031746031746031746,358.56,-5.31,107.5,test2
0.0009768009768009768,0.03565323565323565,0.05860805860805861,0.06568986568986569,0.002686202686202686,358.5,-5.5,107.5,test2
0.0002442002442002442,0.034432234432234435,0.057631257631257635,0.06373626373626373,0.002442002442002442,358.19,-5.62,105.87,test2
0.001221001221001221,0.03394383394383394,0.057631257631257635,0.06398046398046398,0.002197802197802198,357.31,-6.06,103.75,test2
0.003907203907203907,0.03540903540903541,0.06202686202686203,0.07106227106227106,0.0031746031746031746,356.0,-6.87,102.31,test2
0.008791208791208791,0.04395604395604396,0.07496947496947497,0.08962148962148962,0.004884004884004884,353.44,-8.75,101.31,test2
0.017094017094017096,0.059096459096459095,0.08595848595848596,0.10989010989010989,0.006349206349206349,352.19,-9.69,101.75,test2
0.02564102564102564,0.07423687423687424,0.09377289377289377,0.126007326007326,0.007326007326007326,352.06,-9.69,101.69,test2
0.03247863247863248,0.08547008547008547,0.09938949938949938,0.13724053724053725,0.009035409035409036,352.0,-9.69,101.56,test2
0.03736263736263736,0.09328449328449329,0.10329670329670329,0.14505494505494507,0.010256410256410256,352.06,-9.69,101.62,test2
0.04078144078144078,0.09865689865689865,0.10500610500610501,0.14945054945054945,0.01098901098901099,352.19,-9.56,101.75,test2
0.042735042735042736,0.10183150183150183,0.10525030525030525,0.15164835164835164,0.011721611721611722,352.25,-9.44,102.06,test2
0.043467643467643466,0.10354090354090355,0.10378510378510379,0.15189255189255188,0.01098901098901099,352.19,-9.31,102.31,test2
0.04371184371184371,0.10427350427350428,0.10158730158730159,0.15115995115995115,0.010500610500610501,352.31,-9.31,102.94,test2
0.04224664224664225,0.10354090354090355,0.0971916971916972,0.1474969474969475,0.010012210012210013,352.12,-9.94,105.12,test2
0.03711843711843712,0.0967032967032967,0.09230769230769231,0.13724053724053725,0.008547008547008548,355.69,-7.44,108.12,test2
0.029548229548229547,0.08522588522588523,0.08669108669108669,0.1221001221001221,0.00757020757020757,358.0,-6.12,109.69,test2
0.021245421245421246,0.07057387057387057,0.07863247863247863,0.10695970695970695,0.005860805860805861,358.87,-5.37,109.87,test2
0.014407814407814409,0.05860805860805861,0.07155067155067155,0.09401709401709402,0.00463980463980464,359.06,-5.37,110.12,test2
0.009523809523809525,0.050061050061050064,0.06617826617826618,0.08327228327228327,0.003663003663003663,358.75,-5.56,110.06,test2
0.006105006105006105,0.04371184371184371,0.06202686202686203,0.07545787545787545,0.0029304029304029304,358.62,-5.56,109.56,test2
0.003663003663003663,0.039316239316239315,0.05885225885225885,0.06935286935286936,0.002686202686202686,358.44,-5.62,109.06,test2
0.002197802197802198,0.03638583638583639,0.05641025641025641,0.06471306471306472,0.002197802197802198,357.69,-5.94,108.44,test2
0.0009768009768009768,0.03418803418803419,0.054945054945054944,0.06153846153846154,0.0019536019536019536,356.62,-6.37,107.87,test2
0.0002442002442002442,0.032722832722832725,0.05372405372405373,0.059096459096459095,0.0017094017094017094,355.19,-7.06,107.06,test2
0.0002442002442002442,0.03199023199023199,0.05299145299145299,0.057631257631257635,0.0017094017094017094,354.37,-7.62,104.0,test2
0.0009768009768009768,0.03223443223443224,0.05396825396825397,0.06105006105006105,0.0029304029304029304,354.06,-8.0,100.87,test2
0.004395604395604396,0.03833943833943834,0.06495726495726496,0.07423687423687424,0.00463980463980464,353.31,-8.0,100.06,test2
0.011721611721611722,0.050793650793650794,0.07692307692307693,0.0945054945054945,0.006105006105006105,352.56,-8.19,100.31,test2
0.020757020757020756,0.06642246642246642,0.08717948717948718,0.11404151404151404,0.007081807081807082,351.75,-8.81,100.56,test2
0.02905982905982906,0.08205128205128205,0.09426129426129426,0.1282051282051282,0.009035409035409036,351.69,-9.06,100.37,test2
0.03540903540903541,0.09328449328449329,0.09938949938949938,0.13846153846153847,0.010256410256410256,351.62,-9.13,100.5,test2
0.0398046398046398,0.1010989010989011,0.1028083028083028,0.1452991452991453,0.011233211233211233,351.44,-9.06,100.69,test2
0.04297924297924298,0.10671550671550671,0.10378510378510379,0.14896214896214896,0.011721611721611722,351.56,-9.63,100.5,test2
0.04297924297924298,0.10647130647130647,0.09914529914529914,0.14456654456654458,0.01098901098901099,352.44,-9.31,102.94,test2
0.037606837606837605,0.09694749694749695,0.09401709401709402,0.13064713064713065,0.00927960927960928,354.44,-7.69,104.87,test2
0.02857142857142857,0.08034188034188035,0.08473748473748474,0.11208791208791209,0.008302808302808303,354.81,-7.44,105.0,test2
0.020757020757020756,0.06642246642246642,0.07594627594627594,0.0967032967032967,0.007326007326007326,354.75,-7.5,105.0,test2
0.01514041514041514,0.05641025641025641,0.06862026862026863,0.08473748473748474,0.006837606837606838,354.69,-7.5,105.06,test2
0.01098901098901099,0.04932844932844933,0.06324786324786325,0.07594627594627594,0.006349206349206349,354.56,-7.5,105.06,test2
0.007814407814407814,0.044444444444444446,0.059096459096459095,0.0695970695970696,0.006105006105006105,354.62,-7.44,104.87,test2
0.005860805860805861,0.04078144078144078,0.05641025641025641,0.06446886446886448,0.005860805860805861,354.81,-7.31,104.31,test2
0.004151404151404151,0.03833943833943834,0.054212454212454214,0.060805860805860805,0.00463980463980464,354.69,-7.19,104.0,test2
0.0031746031746031746,0.03638583638583639,0.05274725274725275,0.05811965811965812,0.003663003663003663,353.87,-7.25,103.75,test2
0.002442002442002442,0.035164835164835165,0.051770451770451774,0.05616605616605617,0.0029304029304029304,352.25,-7.81,102.87,test2
0.0019536019536019536,0.03418803418803419,0.05128205128205128,0.0547008547008547,0.002686202686202686,350.69,-7.81,102.81,test2
0.0014652014652014652,0.03418803418803419,0.051526251526251524,0.05543345543345543,0.002197802197802198,348.69,-8.25,100.62,test2
0.002686202686202686,0.03785103785103785,0.057631257631257635,0.06349206349206349,0.0031746031746031746,344.06,-10.25,101.62,test2
0.009035409035409036,0.04908424908424908,0.0713064713064713,0.08400488400488401,0.005128205128205128,342.81,-10.81,100.62,test2
0.019536019536019536,0.07106227106227106,0.08766788766788766,0.10989010989010989,0.00757020757020757,340.94,-12.25,100.31,test2
0.03028083028083028,0.09352869352869353,0.10012210012210013,0.12844932844932844,0.00927960927960928,339.69,-12.94,100.87,test2
0.03785103785103785,0.1094017094017094,0.10866910866910867,0.1413919413919414,0.010500610500610501,338.56,-13.56,101.69,test2
0.04322344322344322,0.1203907203907204,0.11477411477411477,0.15067155067155066,0.011233211233211233,337.56,-13.94,102.62,test2
0.046153846153846156,0.12673992673992673,0.11648351648351649,0.15482295482295483,0.010744810744810745,336.69,-14.38,102.62,test2
0.046153846153846156,0.1277167277167277,0.11282051282051282,0.15433455433455434,0.010256410256410256,337.62,-15.06,101.69,test2
0.04249084249084249,0.12234432234432234,0.10573870573870574,0.147008547008547,0.010012210012210013,338.87,-15.06,100.87,test2
0.035164835164835165,0.11013431013431013,0.09914529914529914,0.1308913308913309,0.008547008547008548,339.5,-14.94,100.37,test2
0.026862026862026864,0.09328449328449329,0.08962148962148962,0.11208791208791209,0.00757020757020757,339.25,-15.31,100.37,test2
0.01978021978021978,0.07863247863247863,0.08156288156288156,0.09743589743589744,0.005860805860805861,339.25,-15.69,99.94,test2
0.014407814407814409,0.06788766788766788,0.0757020757020757,0.08693528693528693,0.00463980463980464,338.75,-15.88,100.44,test2
0.010744810744810745,0.06031746031746032,0.0713064713064713,0.07936507936507936,0.003663003663003663,338.75,-16.25,99.5,test2
0.008302808302808303,0.05518925518925519,0.06813186813186813,0.073992673992674,0.0029304029304029304,338.81,-16.37,99.0,test2
0.006593406593406593,0.051526251526251524,0.06568986568986569,0.07008547008547009,0.002442002442002442,338.94,-16.56,98.81,test2
0.005128205128205128,0.0485958485958486,0.06398046398046398,0.0673992673992674,0.002197802197802198,339.0,-16.69,98.31,test2
0.004395604395604396,0.046886446886446886,0.06251526251526252,0.0652014652014652,0.0019536019536019536,338.81,-16.69,98.19,test2
0.003663003663003663,0.04542124542124542,0.06153846153846154,0.06324786324786325,0.0019536019536019536,338.44,-16.75,98.62,test2
0.0031746031746031746,0.044444444444444446,0.060805860805860805,0.06153846153846154,0.0017094017094017094,338.12,-16.56,98.94,test2
0.0029304029304029304,0.04371184371184371,0.060073260073260075,0.060073260073260075,0.0017094017094017094,337.75,-16.37,99.44,test2
0.002686202686202686,0.042735042735042736,0.05934065934065934,0.05885225885225885,0.0017094017094017094,337.69,-15.94,100.37,test2
0.002442002442002442,0.04224664224664225,0.05885225885225885,0.05787545787545788,0.0017094017094017094,337.5,-15.94,100.37,test2
0.002442002442002442,0.041758241758241756,0.05811965811965812,0.057387057387057384,0.0014652014652014652,337.37,-15.56,101.37,test2
0.002442002442002442,0.04126984126984127,0.057387057387057384,0.058363858363858365,0.0014652014652014652,337.12,-15.56,101.31,test2
0.002442002442002442,0.04078144078144078,0.0568986568986569,0.05982905982905983,0.0014652014652014652,337.12,-15.5,101.44,test2
0.002442002442002442,0.04053724053724054,0.05616605616605617,0.06056166056166056,0.0014652014652014652,336.69,-15.63,101.44,test2
0.002442002442002442,0.040293040293040296,0.05543345543345543,0.06129426129426129,0.0014652014652014652,336.5,-15.19,101.75,test2
0.002442002442002442,0.04004884004884005,0.054945054945054944,0.061782661782661785,0.0014652014652014652,336.31,-15.19,101.69,test2
0.002442002442002442,0.0398046398046398,0.05445665445665446,0.06202686202686203,0.0014652014652014652,336.12,-15.44,100.5,test2
0.002442002442002442,0.0398046398046398,0.054212454212454214,0.06227106227106227,0.0014652014652014652,336.12,-15.5,100.62,test2
0.002442002442002442,0.03956043956043956,0.05396825396825397,0.063003663003663,0.0014652014652014652,336.06,-16.5,100.25,test2
0.002686202686202686,0.03956043956043956,0.05396825396825397,0.06398046398046398,0.0014652014652014652,336.25,-16.62,100.44,test2
0.002686202686202686,0.03956043956043956,0.05347985347985348,0.06593406593406594,0.0014652014652014652,336.25,-16.69,100.56,test2
0.002442002442002442,0.039316239316239315,0.05274725274725275,0.0673992673992674,0.0014652014652014652,336.25,-16.94,100.62,test2
0.002197802197802198,0.039316239316239315,0.05201465201465202,0.06837606837606838,0.0014652014652014652,336.44,-17.0,100.19,test2
0.0019536019536019536,0.03882783882783883,0.051526251526251524,0.06617826617826618,0.0014652014652014652,336.75,-17.06,99.25,test2
0.0017094017094017094,0.038583638583638585,0.05128205128205128,0.06373626373626373,0.0014652014652014652,337.37,-16.87,98.06,test2
0.0014652014652014652,0.03833943833943834,0.05103785103785104,0.061782661782661785,0.0014652014652014652,337.87,-16.62,97.06,test2
0.0014652014652014652,0.0380952380952381,0.050793650793650794,0.06031746031746032,0.0014652014652014652,338.06,-16.62,97.06,test2
0.0014652014652014652,0.03785103785103785,0.050793650793650794,0.05934065934065934,0.0014652014652014652,338.0,-16.5,96.94,test2
0.0014652014652014652,0.037606837606837605,0.05054945054945055,0.059096459096459095,0.0014652014652014652,337.37,-17.0,96.87,test2
0.0014652014652014652,0.037606837606837605,0.05030525030525031,0.05982905982905983,0.0014652014652014652,337.19,-18.19,97.06,test2
0.0014652014652014652,0.03736263736263736,0.050061050061050064,0.060805860805860805,0.0014652014652014652,337.0,-18.31,96.94,test2
0.0017094017094017094,0.03736263736263736,0.050061050061050064,0.06153846153846154,0.0014652014652014652,337.12,-17.69,97.0,test2
0.0019536019536019536,0.03736263736263736,0.04981684981684982,0.061782661782661785,0.0014652014652014652,337.44,-17.37,94.75,test2
0.0019536019536019536,0.03711843711843712,0.04981684981684982,0.061782661782661785,0.0014652014652014652,337.81,-17.12,95.5,test2
0.0019536019536019536,0.036874236874236875,0.04981684981684982,0.06031746031746032,0.0014652014652014652,338.19,-14.81,101.37,test2
0.0019536019536019536,0.036874236874236875,0.04981684981684982,0.05885225885225885,0.0014652014652014652,340.25,-11.88,105.06,test2
0.001221001221001221,0.036141636141636145,0.04981684981684982,0.055921855921855924,0.0014652014652014652,341.25,-11.0,106.12,test2
0.0002442002442002442,0.03467643467643468,0.04932844932844933,0.05225885225885226,0.0014652014652014652,341.37,-10.88,105.94,test2
0.0007326007326007326,0.03321123321123321,0.04835164835164835,0.04957264957264957,0.0014652014652014652,341.31,-11.13,105.06,test2
0.0014652014652014652,0.03199023199023199,0.047619047619047616,0.04786324786324787,0.0014652014652014652,340.81,-11.31,101.06,test2
0.0019536019536019536,0.03125763125763126,0.04713064713064713,0.046886446886446886,0.0014652014652014652,338.87,-12.94,99.62,test2
0.002197802197802198,0.03736263736263736,0.059096459096459095,0.06275946275946276,0.002686202686202686,338.19,-13.13,100.44,test2
0.01221001221001221,0.0547008547008547,0.07692307692307693,0.0927960927960928,0.00463980463980464,338.12,-13.5,99.62,test2
0.023443223443223443,0.0757020757020757,0.09206349206349207,0.11941391941391942,0.006105006105006105,338.44,-13.69,99.69,test2
0.0336996336996337,0.09426129426129426,0.10378510378510379,0.13797313797313798,0.008302808302808303,338.37,-13.69,99.5,test2
0.04078144078144078,0.10818070818070818,0.11208791208791209,0.15115995115995115,0.009768009768009768,338.75,-13.31,99.19,test2
0.04566544566544566,0.1177045177045177,0.1177045177045177,0.1601953601953602,0.010744810744810745,339.0,-12.94,99.06,test2
0.04884004884004884,0.12454212454212454,0.11965811965811966,0.1645909645909646,0.011477411477411478,338.56,-12.5,100.0,test2
0.04957264957264957,0.12625152625152625,0.11697191697191697,0.1645909645909646,0.011965811965811967,338.31,-13.0,101.06,test2
0.0463980463980464,0.1203907203907204,0.11037851037851037,0.1575091575091575,0.011233211233211233,339.37,-13.06,101.12,test2
0.03907203907203907,0.10695970695970695,0.10427350427350428,0.14285714285714285,0.009523809523809525,340.56,-12.31,101.0,test2
0.03076923076923077,0.0905982905982906,0.0945054945054945,0.12454212454212454,0.00805860805860806,341.19,-11.69,102.56,test2
0.023687423687423687,0.07667887667887668,0.08522588522588523,0.10622710622710622,0.007326007326007326,341.12,-11.75,103.12,test2
0.018315018315018316,0.06617826617826618,0.0778998778998779,0.09206349206349207,0.006593406593406593,341.06,-11.63,104.06,test2
0.014407814407814409,0.05860805860805861,0.07228327228327229,0.08180708180708181,0.006349206349206349,340.87,-11.75,104.25,test2
0.011721611721611722,0.053235653235653234,0.06837606837606838,0.07472527472527472,0.005860805860805861,340.81,-11.81,104.31,test2
0.009523809523809525,0.04957264957264957,0.06568986568986569,0.06984126984126984,0.00463980463980464,340.69,-11.88,104.44,test2
0.00805860805860806,0.046886446886446886,0.06349206349206349,0.06642246642246642,0.003663003663003663,340.56,-11.94,104.31,test2
0.007326007326007326,0.04493284493284493,0.06202686202686203,0.06422466422466422,0.0031746031746031746,340.31,-12.06,103.37,test2
0.006593406593406593,0.04371184371184371,0.06105006105006105,0.06398046398046398,0.003663003663003663,340.25,-12.25,101.56,test2
0.006105006105006105,0.043467643467643466,0.06202686202686203,0.06862026862026863,0.004151404151404151,340.69,-11.75,100.37,test2
0.007081807081807082,0.046153846153846156,0.06837606837606838,0.0800976800976801,0.00463980463980464,341.31,-11.56,100.06,test2
0.011721611721611722,0.05445665445665446,0.08058608058608059,0.10061050061050061,0.005860805860805861,341.19,-12.06,99.06,test2
0.020024420024420026,0.07008547008547009,0.09108669108669108,0.12234432234432234,0.006837606837606838,340.75,-12.69,98.12,test2
0.028327228327228327,0.08644688644688645,0.10012210012210013,0.13821733821733823,0.008791208791208791,340.12,-13.31,98.0,test2
0.035164835164835165,0.09963369963369964,0.10647130647130647,0.1492063492063492,0.010012210012210013,339.87,-13.5,98.19,test2
0.0398046398046398,0.10891330891330891,0.1111111111111111,0.15677655677655677,0.01098901098901099,339.56,-13.56,98.5,test2
0.04322344322344322,0.11526251526251527,0.11257631257631258,0.1606837606837607,0.011721611721611722,338.56,-13.38,99.75,test2
0.044444444444444446,0.1177045177045177,0.11013431013431013,0.16043956043956045,0.01221001221001221,338.19,-13.81,100.94,test2
0.041025641025641026,0.11233211233211234,0.10378510378510379,0.1514041514041514,0.011233211233211233,338.87,-13.13,103.56,test2
0.033455433455433455,0.09694749694749695,0.09597069597069598,0.13577533577533576,0.010744810744810745,340.5,-11.81,104.56,test2
0.025396825396825397,0.08107448107448108,0.0862026862026862,0.11965811965811966,0.009035409035409036,341.19,-10.88,106.12,test2
0.019291819291819293,0.06910866910866911,0.07765567765567766,0.10598290598290598,0.007814407814407814,342.06,-10.06,106.31,test2
0.014652014652014652,0.06031746031746032,0.07155067155067155,0.09474969474969475,0.007081807081807082,342.31,-9.88,106.19,test2
0.011233211233211233,0.054212454212454214,0.06715506715506715,0.08644688644688645,0.005372405372405372,342.37,-9.81,106.06,test2
0.008791208791208791,0.04981684981684982,0.06373626373626373,0.08034188034188035,0.004151404151404151,342.31,-9.81,106.0,test2
0.007081807081807082,0.04664224664224664,0.06153846153846154,0.0757020757020757,0.003418803418803419,342.37,-9.81,105.94,test2
0.005860805860805861,0.044444444444444446,0.05958485958485959,0.07252747252747253,0.002686202686202686,342.25,-9.81,105.75,test2
0.004884004884004884,0.04297924297924298,0.058363858363858365,0.07032967032967033,0.002442002442002442,342.0,-10.06,105.12,test2
0.004395604395604396,0.041758241758241756,0.057387057387057384,0.06886446886446887,0.002197802197802198,341.81,-10.56,102.75,test2
0.003907203907203907,0.04126984126984127,0.0568986568986569,0.06886446886446887,0.0019536019536019536,341.87,-10.63,101.31,test2
0.005128205128205128,0.04126984126984127,0.05958485958485959,0.0761904761904762,0.0029304029304029304,342.0,-11.25,100.56,test2
0.008791208791208791,0.047619047619047616,0.07155067155067155,0.09352869352869353,0.004884004884004884,341.81,-11.69,99.94,test2
0.017582417582417582,0.06324786324786325,0.08376068376068375,0.11550671550671551,0.006349206349206349,340.69,-12.5,100.19,test2
0.02783882783882784,0.08131868131868132,0.09401709401709402,0.13357753357753357,0.008302808302808303,340.75,-12.31,100.44,test2
0.035164835164835165,0.09426129426129426,0.10134310134310134,0.14603174603174604,0.009768009768009768,341.31,-11.88,100.31,test2
0.04053724053724054,0.10354090354090355,0.10622710622710622,0.15482295482295483,0.011965811965811967,341.62,-11.75,100.37,test2
0.0442002442002442,0.10989010989010989,0.10793650793650794,0.1592185592185592,0.013431013431013432,341.81,-11.69,100.56,test2
0.046153846153846156,0.11282051282051282,0.10744810744810745,0.16117216117216118,0.014407814407814409,341.75,-11.81,100.69,test2
0.04713064713064713,0.11404151404151404,0.10622710622710622,0.16141636141636143,0.014163614163614164,341.06,-12.19,100.62,test2
0.04737484737484737,0.11428571428571428,0.10451770451770452,0.16117216117216118,0.01391941391941392,339.44,-13.19,99.87,test2
0.04664224664224664,0.11282051282051282,0.10207570207570207,0.15897435897435896,0.013675213675213675,339.69,-13.88,99.75,test2
0.041025641025641026,0.10622710622710622,0.09694749694749695,0.14993894993894993,0.012454212454212455,340.87,-12.81,103.62,test2
0.03321123321123321,0.09426129426129426,0.09157509157509157,0.13528693528693528,0.011477411477411478,343.69,-10.63,105.87,test2
0.02490842490842491,0.07912087912087912,0.08376068376068375,0.11941391941391942,0.009523809523809525,344.12,-10.75,105.37,test2
0.017582417582417582,0.06642246642246642,0.07594627594627594,0.10598290598290598,0.008302808302808303,344.44,-11.19,105.06,test2
0.012698412698412698,0.057387057387057384,0.07008547008547009,0.09621489621489622,0.007326007326007326,344.87,-11.56,104.94,test2
0.009035409035409036,0.05103785103785104,0.06544566544566545,0.08888888888888889,0.006837606837606838,345.06,-12.06,104.87,test2
0.006349206349206349,0.04664224664224664,0.06227106227106227,0.08278388278388278,0.006349206349206349,345.19,-12.31,104.87,test2
0.004395604395604396,0.043467643467643466,0.060073260073260075,0.07863247863247863,0.006105006105006105,345.37,-12.44,104.87,test2
0.0029304029304029304,0.04126984126984127,0.058363858363858365,0.0757020757020757,0.005860805860805861,345.0,-12.88,103.5,test2
0.0019536019536019536,0.0398046398046398,0.057387057387057384,0.07374847374847375,0.005860805860805861,344.87,-13.63,99.31,test2
0.002686202686202686,0.039316239316239315,0.05958485958485959,0.07692307692307693,0.005616605616605617,344.62,-13.56,97.25,test2
0.005616605616605617,0.04371184371184371,0.06715506715506715,0.08424908424908426,0.006837606837606838,343.56,-14.13,95.25,test2
0.012942612942612943,0.05543345543345543,0.07887667887667887,0.10012210012210013,0.00757020757020757,341.06,-15.31,95.06,test2
0.0231990231990232,0.07374847374847375,0.09035409035409035,0.11965811965811966,0.00927960927960928,339.5,-15.81,94.62,test2
0.03125763125763126,0.08913308913308914,0.09841269841269841,0.13406593406593406,0.010500610500610501,338.56,-16.0,95.0,test2
0.03711843711843712,0.10012210012210013,0.10402930402930403,0.1443223443223443,0.011233211233211233,338.31,-15.69,95.19,test2
0.041025641025641026,0.10744810744810745,0.10671550671550671,0.1514041514041514,0.011965811965811967,337.94,-15.5,95.75,test2
0.04297924297924298,0.1111111111111111,0.1072039072039072,0.15555555555555556,0.012454212454212455,338.0,-15.06,96.25,test2
0.04395604395604396,0.11233211233211234,0.10671550671550671,0.1575091575091575,0.012454212454212455,338.69,-14.44,97.06,test2
0.0442002442002442,0.11257631257631258,0.10500610500610501,0.15677655677655677,0.012698412698412698,339.31,-14.5,97.62,test2
0.04322344322344322,0.10989010989010989,0.10012210012210013,0.15164835164835164,0.011721611721611722,340.87,-13.0,102.25,test2
0.037606837606837605,0.10134310134310134,0.09597069597069598,0.13968253968253969,0.01098901098901099,343.31,-10.5,105.37,test2
0.029304029304029304,0.08522588522588523,0.08791208791208792,0.12356532356532357,0.00927960927960928,342.5,-10.44,105.0,test2
0.02271062271062271,0.07008547008547009,0.07912087912087912,0.10842490842490843,0.00805860805860806,341.37,-10.44,105.31,test2
0.016605616605616606,0.05958485958485959,0.07203907203907203,0.09645909645909646,0.007326007326007326,340.87,-10.19,105.56,test2
0.011965811965811967,0.05201465201465202,0.06691086691086691,0.08766788766788766,0.006837606837606838,340.56,-10.44,105.87,test2
0.008547008547008548,0.046886446886446886,0.06324786324786325,0.08083028083028083,0.006349206349206349,341.06,-10.63,105.31,test2
0.006105006105006105,0.04322344322344322,0.06056166056166056,0.0761904761904762,0.006105006105006105,341.37,-11.0,103.87,test2
0.004395604395604396,0.04078144078144078,0.05860805860805861,0.07277167277167278,0.005860805860805861,341.0,-11.63,101.37,test2
0.003663003663003663,0.03956043956043956,0.05811965811965812,0.07374847374847375,0.005616605616605617,341.37,-12.38,98.25,test2
0.004884004884004884,0.04053724053724054,0.06105006105006105,0.07741147741147741,0.005616605616605617,341.19,-12.94,96.44,test2
0.00805860805860806,0.04664224664224664,0.07008547008547009,0.0862026862026862,0.006593406593406593,340.56,-13.06,96.5,test2
0.013431013431013432,0.06056166056166056,0.08205128205128205,0.10256410256410256,0.008547008547008548,339.5,-13.56,96.87,test2
0.02197802197802198,0.07838827838827839,0.09181929181929183,0.12112332112332112,0.010012210012210013,338.81,-13.56,96.94,test2
0.03076923076923077,0.09133089133089133,0.09865689865689865,0.13406593406593406,0.01098901098901099,338.56,-13.69,97.25,test2
0.036874236874236875,0.10036630036630037,0.10354090354090355,0.1431013431013431,0.011477411477411478,338.81,-13.81,97.44,test2
0.041025641025641026,0.10671550671550671,0.10500610500610501,0.14847374847374847,0.011965811965811967,339.19,-13.81,97.56,test2
0.04322344322344322,0.10989010989010989,0.10500610500610501,0.1514041514041514,0.01221001221001221,339.44,-13.69,97.5,test2
0.0442002442002442,0.11135531135531136,0.10402930402930403,0.15262515262515264,0.012454212454212455,339.81,-13.38,97.19,test2
0.044444444444444446,0.11184371184371185,0.10256410256410256,0.15286935286935288,0.012698412698412698,340.12,-13.19,97.19,test2
0.04395604395604396,0.1111111111111111,0.10061050061050061,0.1523809523809524,0.012698412698412698,339.94,-13.31,97.37,test2
0.04249084249084249,0.10866910866910867,0.09743589743589744,0.14945054945054945,0.011721611721611722,341.37,-13.06,97.12,test2
0.03833943833943834,0.10354090354090355,0.09255189255189256,0.14065934065934066,0.01098901098901099,342.56,-11.5,100.12,test2
0.03223443223443224,0.09426129426129426,0.08815628815628816,0.12673992673992673,0.00927960927960928,344.19,-9.38,103.94,test2
0.02442002442002442,0.08058608058608059,0.08083028083028083,0.1115995115995116,0.00805860805860806,345.69,-8.31,103.94,test2
0.017094017094017096,0.06666666666666667,0.07252747252747253,0.09816849816849817,0.007326007326007326,346.06,-8.19,102.94,test2
0.011477411477411478,0.05616605616605617,0.06568986568986569,0.08742368742368742,0.006837606837606838,346.19,-8.38,102.5,test2
0.007326007326007326,0.0485958485958486,0.06056166056166056,0.07912087912087912,0.005128205128205128,346.31,-8.38,102.06,test2
0.00463980463980464,0.043467643467643466,0.05714285714285714,0.07252747252747253,0.004151404151404151,347.06,-7.87,102.06,test2
0.002686202686202686,0.03956043956043956,0.05445665445665446,0.06691086691086691,0.003418803418803419,347.12,-8.06,101.87,test2
0.001221001221001221,0.036874236874236875,0.052503052503052504,0.063003663003663,0.0029304029304029304,346.62,-8.5,101.56,test2
0.0002442002442002442,0.035164835164835165,0.05128205128205128,0.06031746031746032,0.002442002442002442,346.25,-8.81,101.12,test2
0.0004884004884004884,0.0336996336996337,0.05030525030525031,0.05885225885225885,0.002197802197802198,345.62,-9.44,100.56,test2
0.0007326007326007326,0.03296703296703297,0.050061050061050064,0.05982905982905983,0.0031746031746031746,345.19,-10.19,97.25,test2
0.0004884004884004884,0.03321123321123321,0.050793650793650794,0.06446886446886448,0.003907203907203907,345.0,-10.69,94.12,test2
0.0009768009768009768,0.037606837606837605,0.05982905982905983,0.07545787545787545,0.004395604395604396,343.94,-11.06,94.81,test2
0.007814407814407814,0.05128205128205128,0.073992673992674,0.09426129426129426,0.005860805860805861,342.87,-11.81,95.12,test2
0.018070818070818073,0.07155067155067155,0.08791208791208792,0.11623931623931624,0.00805860805860806,342.12,-12.06,95.5,test2
0.02783882783882784,0.09108669108669108,0.09865689865689865,0.13333333333333333,0.009523809523809525,341.75,-12.25,95.75,test2
0.03492063492063492,0.10500610500610501,0.10598290598290598,0.14505494505494507,0.010744810744810745,341.75,-12.19,95.69,test2
0.0398046398046398,0.11452991452991453,0.11135531135531136,0.1536019536019536,0.011477411477411478,341.69,-12.25,95.75,test2
0.042735042735042736,0.12063492063492064,0.11306471306471307,0.15726495726495726,0.011965811965811967,341.25,-12.19,95.94,test2
0.043467643467643466,0.1221001221001221,0.11086691086691086,0.15702075702075702,0.011233211233211233,341.62,-12.56,95.56,test2
0.04126984126984127,0.11746031746031746,0.10500610500610501,0.1514041514041514,0.010500610500610501,342.75,-11.94,95.62,test2
0.03540903540903541,0.10695970695970695,0.0989010989010989,0.13797313797313798,0.010256410256410256,343.31,-11.06,97.44,test2
0.028083028083028084,0.09206349206349207,0.08986568986568987,0.12136752136752137,0.008791208791208791,343.87,-9.94,100.25,test2
0.021245421245421246,0.07716727716727717,0.08131868131868132,0.10476190476190476,0.007814407814407814,344.19,-9.5,100.94,test2
0.01611721611721612,0.0652014652014652,0.07448107448107448,0.09304029304029304,0.005860805860805861,344.69,-8.88,101.94,test2
0.01221001221001221,0.056654456654456654,0.06910866910866911,0.0844932844932845,0.00463980463980464,344.56,-8.81,101.81,test2
0.009523809523809525,0.05054945054945055,0.0652014652014652,0.07814407814407814,0.003663003663003663,344.56,-8.88,101.69,test2
0.00757020757020757,0.046153846153846156,0.06227106227106227,0.07374847374847375,0.0031746031746031746,344.56,-8.94,101.5,test2
0.006105006105006105,0.04322344322344322,0.060073260073260075,0.07106227106227106,0.002686202686202686,344.44,-9.13,101.06,test2
0.005372405372405372,0.041025641025641026,0.05860805860805861,0.06910866910866911,0.002197802197802198,344.19,-9.75,98.56,test2
0.00463980463980464,0.03956043956043956,0.057631257631257635,0.06837606837606838,0.002197802197802198,344.0,-10.13,96.56,test2
0.004884004884004884,0.04004884004884005,0.05982905982905983,0.07545787545787545,0.0029304029304029304,343.81,-10.31,95.44,test2
0.005616605616605617,0.04395604395604396,0.06935286935286936,0.08742368742368742,0.003663003663003663,343.75,-10.31,95.44,test2
0.008547008547008548,0.052503052503052504,0.08131868131868132,0.10451770451770452,0.005372405372405372,343.25,-10.75,95.44,test2
0.013431013431013432,0.06813186813186813,0.09206349206349207,0.12356532356532357,0.007814407814407814,343.25,-10.94,94.87,test2
0.017582417582417582,0.08156288156288156,0.10012210012210013,0.13992673992673993,0.009523809523809525,343.0,-11.0,94.94,test2
0.020512820512820513,0.09108669108669108,0.10598290598290598,0.1514041514041514,0.010500610500610501,342.87,-11.06,94.69,test2
0.022466422466422466,0.09792429792429792,0.10989010989010989,0.1592185592185592,0.011477411477411478,342.62,-11.19,94.56,test2
0.023443223443223443,0.10158730158730159,0.1115995115995116,0.1641025641025641,0.011965811965811967,341.87,-11.69,94.31,test2
0.023443223443223443,0.10305250305250305,0.11037851037851037,0.1645909645909646,0.01221001221001221,342.31,-11.75,93.62,test2
0.021245421245421246,0.09938949938949938,0.10378510378510379,0.1575091575091575,0.011477411477411478,342.75,-11.13,96.12,test2
0.01733821733821734,0.09010989010989011,0.0971916971916972,0.14212454212454212,0.010744810744810745,343.81,-9.5,100.12,test2
0.013431013431013432,0.07765567765567766,0.08815628815628816,0.1242979242979243,0.00927960927960928,344.31,-8.81,101.44,test2
0.009768009768009768,0.06471306471306472,0.07936507936507936,0.10744810744810745,0.00805860805860806,344.87,-8.13,102.0,test2
0.007081807081807082,0.05445665445665446,0.07228327228327229,0.09426129426129426,0.006105006105006105,345.06,-8.0,101.87,test2
0.004884004884004884,0.04713064713064713,0.06715506715506715,0.08424908424908426,0.00463980463980464,345.0,-8.0,101.75,test2
0.003418803418803419,0.042002442002442006,0.06324786324786325,0.07667887667887668,0.003907203907203907,345.0,-8.0,101.75,test2
0.002442002442002442,0.03833943833943834,0.06056166056166056,0.07155067155067155,0.0031746031746031746,345.0,-8.0,101.81,test2
0.0017094017094017094,0.035897435897435895,0.05860805860805861,0.06788766788766788,0.002686202686202686,344.94,-8.06,101.69,test2
0.001221001221001221,0.03418803418803419,0.05714285714285714,0.0652014652014652,0.002442002442002442,344.87,-8.13,100.87,test2
0.0007326007326007326,0.03321123321123321,0.05616605616605617,0.06446886446886448,0.002197802197802198,344.25,-8.75,97.87,test2
0.0004884004884004884,0.03296703296703297,0.05641025641025641,0.06764346764346764,0.0031746031746031746,344.0,-9.06,95.37,test2
0.0004884004884004884,0.036874236874236875,0.06275946275946276,0.07985347985347985,0.005128205128205128,343.5,-9.63,94.69,test2
0.003663003663003663,0.04908424908424908,0.07741147741147741,0.1010989010989011,0.006349206349206349,342.81,-10.69,93.0,test2
0.011477411477411478,0.06886446886446887,0.09010989010989011,0.12234432234432234,0.008302808302808303,342.56,-11.31,91.5,test2
0.021245421245421246,0.08888888888888889,0.1010989010989011,0.13846153846153847,0.01098901098901099,342.25,-11.5,91.62,test2
0.029304029304029304,0.1028083028083028,0.10866910866910867,0.14993894993894993,0.012698412698412698,342.12,-11.69,91.69,test2
0.03467643467643468,0.11257631257631258,0.11404151404151404,0.157997557997558,0.01391941391941392,341.5,-11.94,92.25,test2
0.038583638583638585,0.11941391941391942,0.11575091575091576,0.16117216117216118,0.01391941391941392,340.94,-12.0,93.0,test2
0.03882783882783883,0.1199023199023199,0.1111111111111111,0.15726495726495726,0.013675213675213675,341.25,-11.75,94.0,test2
0.035164835164835165,0.11330891330891331,0.10451770451770452,0.147985347985348,0.012454212454212455,341.5,-10.81,97.75,test2
0.029548229548229547,0.1010989010989011,0.09768009768009768,0.1326007326007326,0.011477411477411478,342.5,-9.38,100.0,test2
0.024175824175824177,0.08595848595848596,0.0884004884004884,0.11526251526251527,0.009523809523809525,343.25,-8.75,100.37,test2
0.01978021978021978,0.07228327228327229,0.08034188034188035,0.10012210012210013,0.008302808302808303,343.62,-8.56,100.37,test2
0.016361416361416362,0.061782661782661785,0.073992673992674,0.08888888888888889,0.007326007326007326,343.62,-8.5,100.44,test2
0.01391941391941392,0.054212454212454214,0.06910866910866911,0.0800976800976801,0.006837606837606838,343.69,-8.44,100.5,test2
0.011965811965811967,0.04884004884004884,0.06568986568986569,0.073992673992674,0.005128205128205128,343.75,-8.38,100.56,test2
0.010500610500610501,0.04493284493284493,0.063003663003663,0.0695970695970696,0.004151404151404151,343.75,-8.31,100.69,test2
0.00927960927960928,0.04224664224664225,0.060805860805860805,0.06593406593406594,0.003418803418803419,343.75,-8.31,100.62,test2
0.00805860805860806,0.040293040293040296,0.05934065934065934,0.06349206349206349,0.0029304029304029304,343.75,-8.31,100.62,test2
0.007326007326007326,0.03882783882783883,0.05787545787545788,0.06153846153846154,0.002442002442002442,343.75,-8.38,100.62,test2
0.006593406593406593,0.037606837606837605,0.0568986568986569,0.06031746031746032,0.002197802197802198,343.75,-8.38,100.56,test2
0.006105006105006105,0.036874236874236875,0.05616605616605617,0.05934065934065934,0.0019536019536019536,343.69,-8.56,99.56,test2
0.005616605616605617,0.03638583638583639,0.05567765567765568,0.05885225885225885,0.0017094017094017094,343.69,-8.88,96.62,test2
0.005616605616605617,0.037606837606837605,0.06031746031746032,0.06715506715506715,0.0029304029304029304,343.25,-9.38,95.25,test2
0.010012210012210013,0.046886446886446886,0.07643467643467644,0.09010989010989011,0.004884004884004884,342.56,-10.25,94.31,test2
0.019536019536019536,0.06666666666666667,0.09133089133089133,0.11452991452991453,0.007326007326007326,342.12,-11.0,92.56,test2
0.029304029304029304,0.08669108669108669,0.10305250305250305,0.13284493284493284,0.010256410256410256,341.75,-11.25,92.19,test2
0.03736263736263736,0.1010989010989011,0.1111111111111111,0.1457875457875458,0.01221001221001221,341.56,-11.38,92.25,test2
0.042735042735042736,0.1111111111111111,0.11697191697191697,0.15482295482295483,0.013675213675213675,341.44,-11.25,92.87,test2
0.04664224664224664,0.11819291819291819,0.11892551892551892,0.15946275946275945,0.013431013431013432,341.37,-11.06,93.87,test2
0.04835164835164835,0.12014652014652015,0.11794871794871795,0.1606837606837607,0.013431013431013432,340.94,-10.5,95.19,test2
0.04835164835164835,0.11941391941391942,0.11550671550671551,0.1597069597069597,0.013186813186813187,340.69,-9.56,96.69,test2
0.04713064713064713,0.11697191697191697,0.1111111111111111,0.15653235653235653,0.011965811965811967,340.12,-7.94,102.19,test2
0.04395604395604396,0.11184371184371185,0.10525030525030525,0.14871794871794872,0.011233211233211233,344.06,-4.56,107.31,test2
0.03540903540903541,0.09914529914529914,0.09987789987789988,0.1330891330891331,0.010500610500610501,347.06,-2.56,108.62,test2
0.02612942612942613,0.08278388278388278,0.09084249084249084,0.11526251526251527,0.009035409035409036,347.56,-2.25,108.75,test2
0.019291819291819293,0.06910866910866911,0.08278388278388278,0.10036630036630037,0.00805860805860806,347.62,-2.12,108.87,test2
0.014407814407814409,0.05958485958485959,0.07667887667887668,0.08937728937728938,0.007081807081807082,347.56,-2.12,108.87,test2
0.010744810744810745,0.05299145299145299,0.07228327228327229,0.08180708180708181,0.006593406593406593,347.37,-2.19,108.75,test2
0.008302808302808303,0.04810744810744811,0.06935286935286936,0.07643467643467644,0.006105006105006105,346.75,-2.44,107.5,test2
0.006593406593406593,0.04493284493284493,0.06764346764346764,0.0735042735042735,0.005860805860805861,345.81,-2.56,103.81,test2
0.006593406593406593,0.04542124542124542,0.0713064713064713,0.07496947496947497,0.005860805860805861,345.0,-3.56,100.75,test2
0.01098901098901099,0.05347985347985348,0.08376068376068375,0.08913308913308914,0.006837606837606838,343.5,-4.62,99.19,test2
0.017582417582417582,0.06764346764346764,0.09377289377289377,0.10671550671550671,0.00757020757020757,342.75,-4.75,99.75,test2
0.023931623931623933,0.08034188034188035,0.10134310134310134,0.12112332112332112,0.00927960927960928,342.5,-4.87,99.75,test2
0.030036630036630037,0.09084249084249084,0.10647130647130647,0.13137973137973138,0.010500610500610501,342.12,-5.12,99.81,test2
0.03418803418803419,0.09841269841269841,0.11013431013431013,0.13846153846153847,0.011233211233211233,342.06,-5.19,99.94,test2
0.03711843711843712,0.10354090354090355,0.1111111111111111,0.14334554334554334,0.011965811965811967,342.0,-5.25,99.87,test2
0.03833943833943834,0.1054945054945055,0.11013431013431013,0.14554334554334555,0.011233211233211233,341.87,-5.31,100.0,test2
0.03882783882783883,0.10622710622710622,0.10818070818070818,0.14627594627594628,0.010500610500610501,340.69,-5.81,100.62,test2
0.03833943833943834,0.10573870573870574,0.10525030525030525,0.14481074481074482,0.010256410256410256,341.12,-5.44,102.44,test2
0.033455433455433455,0.09987789987789988,0.09963369963369964,0.13772893772893774,0.009768009768009768,341.56,-4.81,106.31,test2
0.025885225885225887,0.09035409035409035,0.0945054945054945,0.126007326007326,0.008547008547008548,345.5,-2.12,109.56,test2
0.018070818070818073,0.0778998778998779,0.08766788766788766,0.11184371184371185,0.00757020757020757,347.19,-1.19,110.0,test2
0.01221001221001221,0.06446886446886448,0.07838827838827839,0.09768009768009768,0.006837606837606838,347.5,-0.94,110.06,test2
0.007814407814407814,0.05372405372405373,0.07081807081807082,0.08669108669108669,0.006349206349206349,347.44,-0.94,110.12,test2
0.004395604395604396,0.046153846153846156,0.0652014652014652,0.07863247863247863,0.006105006105006105,347.44,-0.94,110.12,test2
0.002197802197802198,0.041025641025641026,0.06105006105006105,0.07301587301587302,0.005860805860805861,347.5,-0.94,110.06,test2
0.0004884004884004884,0.03711843711843712,0.058363858363858365,0.06910866910866911,0.005616605616605617,347.06,-1.12,109.12,test2
0.0004884004884004884,0.03467643467643468,0.05641025641025641,0.06617826617826618,0.005616605616605617,346.19,-1.56,106.5,test2
0.0007326007326007326,0.033455433455433455,0.05567765567765568,0.0652014652014652,0.005372405372405372,345.75,-1.94,103.19,test2
0.0014652014652014652,0.035897435897435895,0.06422466422466422,0.07155067155067155,0.005372405372405372,345.12,-2.44,102.37,test2
0.007081807081807082,0.04395604395604396,0.07667887667887668,0.08693528693528693,0.006593406593406593,344.19,-3.37,102.31,test2
0.016361416361416362,0.06031746031746032,0.08791208791208792,0.10622710622710622,0.007326007326007326,343.31,-4.0,102.0,test2
0.024175824175824177,0.07448107448107448,0.09597069597069598,0.12136752136752137,0.009035409035409036,343.12,-4.12,101.5,test2
0.029792429792429794,0.0844932844932845,0.10158730158730159,0.13186813186813187,0.010256410256410256,342.94,-4.19,101.5,test2
0.0336996336996337,0.09157509157509157,0.10427350427350428,0.13943833943833944,0.011233211233211233,342.81,-4.31,101.19,test2
0.035897435897435895,0.09572649572649573,0.10500610500610501,0.14334554334554334,0.011721611721611722,342.69,-4.44,101.12,test2
0.036874236874236875,0.09792429792429792,0.10476190476190476,0.1452991452991453,0.01221001221001221,341.81,-5.06,100.94,test2
0.036874236874236875,0.0989010989010989,0.10378510378510379,0.1457875457875458,0.011233211233211233,341.37,-5.25,102.31,test2
0.034432234432234435,0.09645909645909646,0.0989010989010989,0.14041514041514042,0.010744810744810745,341.75,-5.0,105.94,test2
0.02905982905982906,0.08742368742368742,0.09426129426129426,0.12844932844932844,0.009035409035409036,344.12,-3.0,109.81,test2
0.022466422466422466,0.0761904761904762,0.08742368742368742,0.1137973137973138,0.00805860805860806,345.87,-1.81,111.0,test2
0.015384615384615385,0.06373626373626373,0.07814407814407814,0.09987789987789988,0.007326007326007326,346.31,-1.62,111.44,test2
0.009523809523809525,0.05372405372405373,0.07008547008547009,0.08864468864468865,0.006593406593406593,346.62,-1.44,111.62,test2
0.005372405372405372,0.04566544566544566,0.06398046398046398,0.0800976800976801,0.006349206349206349,346.81,-1.31,111.94,test2
0.002442002442002442,0.0398046398046398,0.05958485958485959,0.07374847374847375,0.005860805860805861,346.81,-1.31,111.81,test2
0.0002442002442002442,0.035897435897435895,0.05641025641025641,0.06935286935286936,0.005616605616605617,346.56,-1.44,111.56,test2
0.001221001221001221,0.03296703296703297,0.054212454212454214,0.06617826617826618,0.005616605616605617,345.81,-1.75,110.25,test2
0.002197802197802198,0.031013431013431014,0.05274725274725275,0.06446886446886448,0.005616605616605617,344.69,-2.44,105.44,test2
0.0017094017094017094,0.031746031746031744,0.056654456654456654,0.06715506715506715,0.005616605616605617,343.69,-3.62,102.19,test2
0.0014652014652014652,0.03785103785103785,0.0695970695970696,0.07936507936507936,0.006593406593406593,343.44,-3.81,101.56,test2
0.007814407814407814,0.05225885225885226,0.08131868131868132,0.0971916971916972,0.00757020757020757,342.5,-4.69,102.44,test2
0.015873015873015872,0.06862026862026863,0.09133089133089133,0.11428571428571428,0.00805860805860806,342.62,-4.62,101.87,test2
0.023443223443223443,0.08083028083028083,0.09816849816849817,0.12625152625152625,0.009523809523809525,342.5,-4.62,101.75,test2
0.028815628815628817,0.08962148962148962,0.1028083028083028,0.13455433455433455,0.010500610500610501,342.37,-4.69,101.81,test2
0.03247863247863248,0.09548229548229548,0.10427350427350428,0.13968253968253969,0.010256410256410256,342.31,-4.75,101.81,test2
0.03418803418803419,0.09841269841269841,0.10402930402930403,0.14236874236874236,0.010012210012210013,341.75,-5.0,101.94,test2
0.035164835164835165,0.09987789987789988,0.10305250305250305,0.1431013431013431,0.009768009768009768,340.81,-5.44,102.31,test2
0.034432234432234435,0.09987789987789988,0.09987789987789988,0.1409035409035409,0.009523809523809525,340.69,-4.87,106.25,test2
0.03076923076923077,0.09621489621489622,0.09426129426129426,0.1330891330891331,0.009523809523809525,342.87,-3.25,109.5,test2
0.023687423687423687,0.08571428571428572,0.08791208791208792,0.11819291819291819,0.008302808302808303,345.5,-1.56,111.5,test2
0.01684981684981685,0.07203907203907203,0.07863247863247863,0.1028083028083028,0.007326007326007326,346.69,-0.88,112.31,test2
0.011233211233211233,0.05982905982905983,0.07008547008547009,0.0884004884004884,0.006837606837606838,346.75,-0.81,112.37,test2
0.006837606837606838,0.05054945054945055,0.06324786324786325,0.07692307692307693,0.005128205128205128,346.87,-0.75,112.44,test2
0.003663003663003663,0.04395604395604396,0.05811965811965812,0.06886446886446887,0.004151404151404151,346.87,-0.81,112.31,test2
0.001221001221001221,0.039316239316239315,0.054212454212454214,0.063003663003663,0.0031746031746031746,346.81,-0.88,112.06,test2
0.0004884004884004884,0.036141636141636145,0.051526251526251524,0.059096459096459095,0.002686202686202686,346.5,-0.94,111.31,test2
0.0017094017094017094,0.0336996336996337,0.04957264957264957,0.05641025641025641,0.002197802197802198,345.69,-1.31,109.19,test2
0.002197802197802198,0.03296703296703297,0.04908424908424908,0.056654456654456654,0.0019536019536019536,345.25,-1.75,106.19,test2
0.001221001221001221,0.03394383394383394,0.053235653235653234,0.06227106227106227,0.0029304029304029304,344.5,-2.44,103.0,test2
0.0019536019536019536,0.036874236874236875,0.06129426129426129,0.07203907203907203,0.003663003663003663,344.19,-2.87,101.44,test2
0.007081807081807082,0.04468864468864469,0.07228327228327229,0.08669108669108669,0.005372405372405372,343.37,-3.69,101.5,test2
0.01514041514041514,0.060073260073260075,0.08278388278388278,0.10427350427350428,0.006593406593406593,342.5,-4.75,100.37,test2
0.023687423687423687,0.07326007326007326,0.09010989010989011,0.11843711843711843,0.008547008547008548,342.25,-5.0,100.0,test2
0.029548229548229547,0.08278388278388278,0.09523809523809523,0.1282051282051282,0.010012210012210013,342.25,-5.0,99.81,test2
0.033455433455433455,0.08937728937728938,0.09841269841269841,0.13528693528693528,0.01098901098901099,342.31,-5.0,99.75,test2
0.035897435897435895,0.09304029304029304,0.09914529914529914,0.1387057387057387,0.011721611721611722,342.31,-5.0,99.87,test2
0.036874236874236875,0.09499389499389499,0.0989010989010989,0.1409035409035409,0.01221001221001221,342.19,-5.0,100.25,test2
0.03736263736263736,0.09572649572649573,0.09768009768009768,0.1413919413919414,0.011233211233211233,341.69,-5.0,101.62,test2
0.03663003663003663,0.09572649572649573,0.09523809523809523,0.13968253968253969,0.010744810744810745,341.87,-4.5,103.56,test2
0.03394383394383394,0.09255189255189256,0.0905982905982906,0.1343101343101343,0.010256410256410256,343.87,-2.75,108.12,test2
0.028327228327228327,0.0862026862026862,0.08669108669108669,0.12185592185592185,0.010012210012210013,346.94,-0.69,110.56,test2
0.020512820512820513,0.0735042735042735,0.07838827838827839,0.10598290598290598,0.008547008547008548,348.37,0.06,110.56,test2
0.013431013431013432,0.060073260073260075,0.06910866910866911,0.09010989010989011,0.00757020757020757,348.62,0.37,110.31,test2
0.008302808302808303,0.04981684981684982,0.061782661782661785,0.0778998778998779,0.005860805860805861,348.0,0.25,110.19,test2
0.00463980463980464,0.042735042735042736,0.056654456654456654,0.0695970695970696,0.004395604395604396,347.5,0.31,110.69,test2
0.002197802197802198,0.037606837606837605,0.053235653235653234,0.06349206349206349,0.003663003663003663,346.56,-0.44,109.69,test2
0.0002442002442002442,0.034432234432234435,0.05103785103785104,0.06056166056166056,0.0029304029304029304,344.75,-1.56,107.44,test2
0.0004884004884004884,0.03467643467643468,0.05567765567765568,0.06373626373626373,0.003663003663003663,343.19,-2.37,105.56,test2
0.002197802197802198,0.039316239316239315,0.06813186813186813,0.07765567765567766,0.005372405372405372,342.56,-2.5,104.81,test2
0.007326007326007326,0.05054945054945055,0.0800976800976801,0.09597069597069598,0.006593406593406593,342.31,-3.25,104.44,test2
0.014163614163614164,0.06349206349206349,0.08888888888888889,0.11233211233211234,0.008547008547008548,341.81,-4.12,104.44,test2
0.020024420024420026,0.07448107448107448,0.09499389499389499,0.12356532356532357,0.010012210012210013,341.31,-4.25,104.06,test2
0.023931623931623933,0.0822954822954823,0.09914529914529914,0.13162393162393163,0.010744810744810745,341.06,-4.25,103.94,test2
0.026617826617826617,0.08766788766788766,0.10061050061050061,0.13626373626373625,0.011477411477411478,341.06,-4.25,103.75,test2
0.028083028083028084,0.0905982905982906,0.10012210012210013,0.13821733821733823,0.01098901098901099,340.81,-4.56,103.81,test2
0.02857142857142857,0.09206349206349207,0.09865689865689865,0.13894993894993896,0.010256410256410256,340.62,-4.69,104.0,test2
0.028083028083028084,0.09230769230769231,0.09645909645909646,0.13772893772893774,0.010012210012210013,340.81,-4.69,104.5,test2
0.02564102564102564,0.08864468864468865,0.09157509157509157,0.13064713064713065,0.009768009768009768,341.69,-4.19,107.0,test2
0.021733821733821733,0.08131868131868132,0.08669108669108669,0.11746031746031746,0.008302808302808303,344.62,-2.25,110.31,test2
0.016361416361416362,0.07057387057387057,0.07887667887667887,0.1028083028083028,0.00757020757020757,346.37,-1.5,110.75,test2
0.010012210012210013,0.057631257631257635,0.06984126984126984,0.08864468864468865,0.005616605616605617,346.81,-1.56,110.75,test2
0.004884004884004884,0.047619047619047616,0.06251526251526252,0.07741147741147741,0.004395604395604396,346.31,-1.81,110.75,test2
0.0014652014652014652,0.04078144078144078,0.0568986568986569,0.06935286935286936,0.003418803418803419,346.25,-1.75,110.5,test2
0.001221001221001221,0.03565323565323565,0.05274725274725275,0.06349206349206349,0.0029304029304029304,346.0,-1.87,110.37,test2
0.0029304029304029304,0.03223443223443224,0.050061050061050064,0.05958485958485959,0.002442002442002442,345.94,-1.94,109.87,test2
0.004151404151404151,0.029792429792429794,0.04810744810744811,0.0568986568986569,0.002197802197802198,345.56,-2.0,108.62,test2
0.004884004884004884,0.028083028083028084,0.04664224664224664,0.05567765567765568,0.0019536019536019536,344.62,-2.69,105.37,test2
0.004884004884004884,0.0315018315018315,0.050793650793650794,0.059096459096459095,0.0029304029304029304,344.81,-2.56,103.81,test2
0.003663003663003663,0.03907203907203907,0.06446886446886448,0.07496947496947497,0.003663003663003663,344.31,-2.75,103.5,test2
0.0,0.05299145299145299,0.07594627594627594,0.09474969474969475,0.005372405372405372,343.31,-3.31,103.37,test2
0.006105006105006105,0.06837606837606838,0.08547008547008547,0.11233211233211234,0.006593406593406593,343.19,-3.25,103.12,test2
0.013186813186813187,0.0800976800976801,0.09230769230769231,0.12478632478632479,0.00757020757020757,342.87,-3.12,102.81,test2
0.018315018315018316,0.0884004884004884,0.09694749694749695,0.13357753357753357,0.00805860805860806,342.94,-3.25,102.62,test2
0.02197802197802198,0.09426129426129426,0.09841269841269841,0.13772893772893774,0.008547008547008548,342.56,-3.5,102.56,test2
0.024175824175824177,0.09792429792429792,0.09865689865689865,0.14017094017094017,0.008791208791208791,342.19,-3.75,102.5,test2
0.025396825396825397,0.09963369963369964,0.09816849816849817,0.14114774114774115,0.009035409035409036,341.25,-4.75,102.19,test2
0.025152625152625153,0.09938949938949938,0.09572649572649573,0.13943833943833944,0.009035409035409036,340.44,-5.5,102.06,test2
0.02271062271062271,0.09523809523809523,0.0905982905982906,0.13357753357753357,0.009035409035409036,341.62,-4.62,103.56,test2
0.018315018315018316,0.08742368742368742,0.08571428571428572,0.12258852258852258,0.009035409035409036,343.75,-2.87,107.5,test2
0.012942612942612943,0.0735042735042735,0.07765567765567766,0.10744810744810745,0.00805860805860806,344.62,-2.31,108.75,test2
0.007081807081807082,0.05982905982905983,0.06813186813186813,0.09328449328449329,0.006105006105006105,345.19,-2.06,109.62,test2
0.002442002442002442,0.04981684981684982,0.06031746031746032,0.08083028083028083,0.00463980463980464,345.44,-2.12,110.12,test2
0.0009768009768009768,0.042735042735042736,0.05445665445665446,0.0713064713064713,0.003663003663003663,345.62,-1.94,110.12,test2
0.0031746031746031746,0.03785103785103785,0.050061050061050064,0.06446886446886448,0.0031746031746031746,345.25,-2.19,110.12,test2
0.004884004884004884,0.034432234432234435,0.04664224664224664,0.05934065934065934,0.002686202686202686,345.56,-2.19,109.94,test2
0.006105006105006105,0.03199023199023199,0.044444444444444446,0.055921855921855924,0.002442002442002442,345.37,-2.31,109.56,test2
0.006837606837606838,0.03028083028083028,0.04297924297924298,0.05347985347985348,0.002197802197802198,344.31,-3.06,107.87,test2
0.007081807081807082,0.029304029304029304,0.042002442002442006,0.052503052503052504,0.0019536019536019536,343.94,-3.44,104.37,test2
0.005616605616605617,0.0315018315018315,0.04932844932844933,0.05787545787545788,0.0029304029304029304,343.56,-4.06,100.56,test2
0.0004884004884004884,0.04249084249084249,0.06471306471306472,0.0778998778998779,0.004884004884004884,342.37,-4.94,99.87,test2
0.008547008547008548,0.05934065934065934,0.07765567765567766,0.09914529914529914,0.006105006105006105,341.81,-5.06,100.25,test2
0.01684981684981685,0.07692307692307693,0.08742368742368742,0.11550671550671551,0.008302808302808303,341.81,-4.94,100.44,test2
0.022466422466422466,0.08913308913308914,0.09426129426129426,0.12698412698412698,0.009768009768009768,341.81,-5.0,100.44,test2
0.026617826617826617,0.09768009768009768,0.09914529914529914,0.13504273504273503,0.010744810744810745,342.0,-4.87,100.31,test2
0.029304029304029304,0.10207570207570207,0.1010989010989011,0.13943833943833944,0.010256410256410256,341.94,-4.87,100.19,test2
0.031013431013431014,0.10451770451770452,0.10158730158730159,0.14163614163614163,0.010012210012210013,341.69,-5.19,100.12,test2
0.0315018315018315,0.10573870573870574,0.10134310134310134,0.1426129426129426,0.009768009768009768,341.0,-5.69,101.75,test2
0.030525030525030524,0.10427350427350428,0.09743589743589744,0.1387057387057387,0.009523809523809525,341.56,-4.69,106.5,test2
0.025152625152625153,0.0967032967032967,0.09230769230769231,0.12747252747252746,0.008302808302808303,344.81,-2.12,109.94,test2
0.017826617826617826,0.08400488400488401,0.08522588522588523,0.11257631257631258,0.00757020757020757,346.44,-1.19,110.37,test2
0.01098901098901099,0.06886446886446887,0.07521367521367521,0.0971916971916972,0.005616605616605617,346.19,-1.25,110.5,test2
0.005616605616605617,0.0568986568986569,0.06666666666666667,0.08400488400488401,0.004395604395604396,346.19,-1.12,110.5,test2
0.0017094017094017094,0.04884004884004884,0.06031746031746032,0.07448107448107448,0.003663003663003663,346.19,-1.12,110.56,test2
0.0009768009768009768,0.042735042735042736,0.05543345543345543,0.06788766788766788,0.0029304029304029304,346.0,-1.31,110.62,test2
0.0029304029304029304,0.038583638583638585,0.05225885225885226,0.063003663003663,0.002442002442002442,345.87,-1.44,110.19,test2
0.004395604395604396,0.035897435897435895,0.04981684981684982,0.05982905982905983,0.002197802197802198,345.31,-1.75,108.69,test2
0.004884004884004884,0.03394383394383394,0.0485958485958486,0.058363858363858365,0.0019536019536019536,344.31,-2.44,105.25,test2
0.003663003663003663,0.03492063492063492,0.05445665445665446,0.061782661782661785,0.0029304029304029304,344.25,-2.94,102.37,test2
0.002197802197802198,0.041758241758241756,0.06715506715506715,0.07667887667887668,0.004884004884004884,343.81,-3.44,100.94,test2
0.011233211233211233,0.05641025641025641,0.07863247863247863,0.09597069597069598,0.006105006105006105,343.81,-3.37,100.31,test2
0.01978021978021978,0.0695970695970696,0.08669108669108669,0.1115995115995116,0.007081807081807082,343.75,-3.31,100.0,test2
0.025885225885225887,0.07936507936507936,0.09230769230769231,0.12234432234432234,0.007814407814407814,343.69,-3.19,99.75,test2
0.030036630036630037,0.0862026862026862,0.09572649572649573,0.12991452991452992,0.008302808302808303,343.62,-3.31,99.69,test2
0.032722832722832725,0.09084249084249084,0.09743589743589744,0.13455433455433455,0.008547008547008548,343.56,-3.37,99.81,test2
0.03418803418803419,0.09377289377289377,0.09792429792429792,0.13724053724053725,0.008791208791208791,343.5,-3.37,99.81,test2
0.03467643467643468,0.09548229548229548,0.09768009768009768,0.13821733821733823,0.009035409035409036,342.56,-4.0,100.12,test2
0.034432234432234435,0.09621489621489622,0.09621489621489622,0.13797313797313798,0.009035409035409036,342.31,-4.25,101.56,test2
0.031013431013431014,0.09328449328449329,0.09133089133089133,0.13137973137973138,0.00927960927960928,343.69,-2.87,106.31,test2
0.028327228327228327,0.0844932844932845,0.0862026862026862,0.11794871794871795,0.00805860805860806,345.87,-1.31,109.31,test2
0.022466422466422466,0.0713064713064713,0.07716727716727717,0.10305250305250305,0.007326007326007326,347.19,-0.62,109.31,test2
0.015873015873015872,0.05787545787545788,0.0673992673992674,0.08888888888888889,0.006837606837606838,347.75,-0.25,108.94,test2
0.009035409035409036,0.04737484737484737,0.05982905982905983,0.07741147741147741,0.006349206349206349,347.75,-0.19,108.94,test2
0.004395604395604396,0.04004884004884005,0.05372405372405373,0.06910866910866911,0.006105006105006105,348.0,-0.13,108.94,test2
0.0009768009768009768,0.03492063492063492,0.04932844932844933,0.06349206349206349,0.005860805860805861,348.06,-0.19,108.69,test2
0.001221001221001221,0.03125763125763126,0.0463980463980464,0.05958485958485959,0.005616605616605617,347.56,-0.25,108.44,test2
0.002686202686202686,0.028815628815628817,0.0442002442002442,0.056654456654456654,0.005616605616605617,347.37,-0.19,108.12,test2
0.003663003663003663,0.02735042735042735,0.04297924297924298,0.05518925518925519,0.005616605616605617,346.5,-0.75,106.62,test2
0.003418803418803419,0.026862026862026864,0.04297924297924298,0.054945054945054944,0.005616605616605617,345.69,-1.19,104.37,test2
0.0009768009768009768,0.029548229548229547,0.04908424908424908,0.05958485958485959,0.005616605616605617,345.5,-1.5,102.69,test2
0.003418803418803419,0.03711843711843712,0.06227106227106227,0.07277167277167278,0.005616605616605617,345.06,-1.62,101.5,test2
0.010012210012210013,0.052503052503052504,0.07496947496947497,0.09157509157509157,0.006593406593406593,344.62,-1.69,100.37,test2
0.018315018315018316,0.06935286935286936,0.08571428571428572,0.11037851037851037,0.008547008547008548,344.37,-1.87,99.75,test2
0.027106227106227107,0.08278388278388278,0.09328449328449329,0.12356532356532357,0.010012210012210013,344.25,-2.0,99.31,test2
0.03321123321123321,0.09206349206349207,0.09865689865689865,0.13284493284493284,0.01098901098901099,344.19,-2.12,99.12,test2
0.037606837606837605,0.09865689865689865,0.10158730158730159,0.1387057387057387,0.011477411477411478,344.19,-2.19,98.87,test2
0.04004884004884005,0.10207570207570207,0.1028083028083028,0.14188034188034188,0.011965811965811967,344.06,-2.31,98.69,test2
0.041025641025641026,0.10402930402930403,0.10305250305250305,0.14383394383394382,0.012454212454212455,343.56,-2.69,98.87,test2
0.04151404151404151,0.10500610500610501,0.10256410256410256,0.14407814407814407,0.012698412698412698,342.75,-3.44,99.5,test2
0.03956043956043956,0.10378510378510379,0.09865689865689865,0.13992673992673993,0.012698412698412698,343.69,-2.75,101.81,test2
0.033455433455433455,0.09694749694749695,0.09328449328449329,0.1282051282051282,0.011721611721611722,345.37,-1.31,106.44,test2
0.026617826617826617,0.08473748473748474,0.08498168498168499,0.11257631257631258,0.010012210012210013,348.0,0.13,109.0,test2
0.02197802197802198,0.06910866910866911,0.07496947496947497,0.0967032967032967,0.008547008547008548,348.44,0.31,109.62,test2
0.016605616605616606,0.05641025641025641,0.06617826617826618,0.08278388278388278,0.00757020757020757,348.69,0.44,109.5,test2
0.010744810744810745,0.04713064713064713,0.05958485958485959,0.07252747252747253,0.006837606837606838,348.75,0.5,109.5,test2
0.005860805860805861,0.04053724053724054,0.05445665445665446,0.0652014652014652,0.006349206349206349,348.69,0.44,109.56,test2
0.002442002442002442,0.035897435897435895,0.05054945054945055,0.060073260073260075,0.006105006105006105,348.75,0.44,109.37,test2
0.0,0.032722832722832725,0.04786324786324787,0.056654456654456654,0.005860805860805861,348.5,0.44,109.25,test2
0.0014652014652014652,0.030525030525030524,0.04566544566544566,0.05396825396825397,0.005616605616605617,348.19,0.31,108.87,test2
0.002197802197802198,0.029304029304029304,0.044444444444444446,0.052503052503052504,0.005616605616605617,347.69,0.13,107.87,test2
0.001221001221001221,0.02857142857142857,0.04395604395604396,0.05225885225885226,0.005616605616605617,346.37,-0.75,105.31,test2
0.0002442002442002442,0.030036630036630037,0.047619047619047616,0.05641025641025641,0.005616605616605617,345.62,-1.56,101.56,test2
0.002686202686202686,0.03565323565323565,0.05958485958485959,0.06764346764346764,0.005616605616605617,344.5,-2.56,99.94,test2
0.008302808302808303,0.04908424908424908,0.07374847374847375,0.08742368742368742,0.006593406593406593,343.94,-2.94,99.25,test2
0.01514041514041514,0.06568986568986569,0.08547008547008547,0.10695970695970695,0.008547008547008548,343.75,-3.06,98.31,test2
0.021245421245421246,0.07887667887667887,0.09377289377289377,0.12063492063492064,0.010012210012210013,343.62,-3.12,98.06,test2
0.025396825396825397,0.08815628815628816,0.09938949938949938,0.1304029304029304,0.01098901098901099,343.56,-3.19,97.87,test2
0.028327228327228327,0.09474969474969475,0.10305250305250305,0.13724053724053725,0.011477411477411478,343.44,-3.25,97.87,test2
0.029792429792429794,0.09841269841269841,0.10451770451770452,0.1409035409035409,0.011965811965811967,343.37,-3.31,98.0,test2
0.030036630036630037,0.10061050061050061,0.10451770451770452,0.14236874236874236,0.01221001221001221,343.25,-3.37,98.25,test2
0.029548229548229547,0.10085470085470086,0.10354090354090355,0.14212454212454212,0.011477411477411478,342.81,-3.69,98.75,test2
0.027594627594627594,0.09963369963369964,0.10036630036630037,0.13968253968253969,0.010744810744810745,343.31,-3.31,100.87,test2
0.023687423687423687,0.09548229548229548,0.09523809523809523,0.13333333333333333,0.010256410256410256,345.75,-1.75,107.19,test2
0.017582417582417582,0.08717948717948718,0.09133089133089133,0.12063492063492064,0.010012210012210013,348.5,0.0,108.87,test2
0.010500610500610501,0.07252747252747253,0.08180708180708181,0.10329670329670329,0.008547008547008548,349.25,0.37,109.19,test2
0.005128205128205128,0.05885225885225885,0.07179487179487179,0.08791208791208792,0.00757020757020757,349.62,0.56,109.06,test2
0.0009768009768009768,0.04884004884004884,0.06398046398046398,0.07667887667887668,0.006837606837606838,349.44,0.56,109.12,test2
0.0019536019536019536,0.04151404151404151,0.058363858363858365,0.06886446886446887,0.006349206349206349,349.31,0.5,109.44,test2
0.003907203907203907,0.03663003663003663,0.054212454212454214,0.06324786324786325,0.006105006105006105,348.69,0.19,109.44,test2
0.005372405372405372,0.03296703296703297,0.05128205128205128,0.05934065934065934,0.005860805860805861,347.06,-0.69,108.37,test2
0.006105006105006105,0.03076923076923077,0.04932844932844933,0.05714285714285714,0.005616605616605617,345.25,-1.69,104.19,test2
0.005128205128205128,0.030525030525030524,0.05274725274725275,0.060073260073260075,0.005616605616605617,344.12,-2.75,101.62,test2
0.0007326007326007326,0.03833943833943834,0.06813186813186813,0.0757020757020757,0.006837606837606838,342.87,-3.69,101.12,test2
0.007326007326007326,0.0547008547008547,0.08400488400488401,0.09768009768009768,0.00757020757020757,342.31,-3.94,101.12,test2
0.017094017094017096,0.07179487179487179,0.09499389499389499,0.11428571428571428,0.00805860805860806,342.31,-4.0,100.87,test2
0.023931623931623933,0.08400488400488401,0.1028083028083028,0.12576312576312576,0.008547008547008548,341.69,-4.31,100.75,test2
0.028815628815628817,0.09255189255189256,0.1072039072039072,0.13382173382173382,0.008791208791208791,341.44,-4.5,101.0,test2
0.03199023199023199,0.09841269841269841,0.10915750915750916,0.13797313797313798,0.008791208791208791,340.94,-4.75,102.06,test2
0.03321123321123321,0.10085470085470086,0.10891330891330891,0.13968253968253969,0.009035409035409036,341.06,-4.37,103.75,test2
0.0315018315018315,0.09841269841269841,0.10378510378510379,0.13577533577533576,0.009035409035409036,341.62,-4.44,105.37,test2
0.02612942612942613,0.09108669108669108,0.09768009768009768,0.126007326007326,0.009035409035409036,341.75,-4.69,105.5,test2
0.02197802197802198,0.08180708180708181,0.09206349206349207,0.11501831501831501,0.009035409035409036,343.19,-5.19,103.69,test2
0.01904761904761905,0.073992673992674,0.08742368742368742,0.10622710622710622,0.00805860805860806,344.0,-5.12,103.0,test2
0.01684981684981685,0.06788766788766788,0.08400488400488401,0.09987789987789988,0.007326007326007326,344.06,-4.94,104.19,test2
0.015384615384615385,0.06324786324786325,0.08131868131868132,0.09499389499389499,0.006837606837606838,345.81,-3.81,107.81,test2
0.014163614163614164,0.05885225885225885,0.07838827838827839,0.09035409035409035,0.006349206349206349,348.62,-2.5,110.25,test2
0.011233211233211233,0.051526251526251524,0.0713064713064713,0.08302808302808302,0.005860805860805861,349.44,-2.56,109.5,test2
0.009035409035409036,0.042735042735042736,0.063003663003663,0.07374847374847375,0.005860805860805861,349.37,-2.44,108.37,test2
0.00757020757020757,0.03638583638583639,0.0568986568986569,0.06715506715506715,0.005616605616605617,348.0,-3.0,104.62,test2
0.13284493284493284,0.03199023199023199,0.05274725274725275,0.06275946275946276,0.005616605616605617,347.31,-3.62,99.87,test2
0.5267399267399268,0.03540903540903541,0.061782661782661785,0.0695970695970696,0.006593406593406593,345.87,-4.94,96.87,test2
0.8024420024420025,0.04957264957264957,0.07496947496947497,0.08693528693528693,0.007326007326007326,344.12,-6.56,96.37,test2
0.9956043956043956,0.06568986568986569,0.08644688644688645,0.10378510378510379,0.007814407814407814,344.19,-6.5,95.31,test2
1.1306471306471306,0.0800976800976801,0.09426129426129426,0.115995115995116,0.008302808302808303,343.81,-6.69,95.0,test2
1.2253968253968255,0.09035409035409035,0.09987789987789988,0.12454212454212454,0.008547008547008548,343.62,-6.75,94.94,test2
1.2915750915750916,0.09768009768009768,0.10305250305250305,0.1304029304029304,0.008791208791208791,343.5,-6.75,94.87,test2
1.3379731379731379,0.10256410256410256,0.10451770451770452,0.13382173382173382,0.008791208791208791,343.25,-6.87,95.25,test2
1.3702075702075702,0.10525030525030525,0.10427350427350428,0.1347985347985348,0.009035409035409036,342.94,-6.81,96.81,test2
1.3929181929181929,0.10378510378510379,0.10012210012210013,0.13162393162393163,0.009035409035409036,343.94,-6.19,99.56,test2
1.4090354090354091,0.09597069597069598,0.09426129426129426,0.12234432234432234,0.00805860805860806,344.87,-5.25,103.44,test2
1.42002442002442,0.08376068376068375,0.08815628815628816,0.10915750915750916,0.007081807081807082,347.75,-3.12,107.37,test2
1.4278388278388279,0.06935286935286936,0.07936507936507936,0.09572649572649573,0.006593406593406593,350.0,-1.81,108.56,test2
1.4334554334554335,0.056654456654456654,0.07008547008547009,0.08253968253968254,0.005128205128205128,350.31,-1.75,109.0,test2
1.4373626373626374,0.04713064713064713,0.06227106227106227,0.07155067155067155,0.004151404151404151,350.56,-1.62,108.81,test2
1.44004884004884,0.040293040293040296,0.05616605616605617,0.06373626373626373,0.0031746031746031746,350.56,-1.62,108.75,test2
1.4417582417582417,0.03565323565323565,0.05201465201465202,0.05811965811965812,0.002686202686202686,350.37,-1.62,108.62,test2
1.442979242979243,0.03223443223443224,0.04908424908424908,0.054212454212454214,0.002197802197802198,350.19,-1.62,108.37,test2
1.4437118437118437,0.030036630036630037,0.046886446886446886,0.051770451770451774,0.0019536019536019536,349.31,-1.87,107.25,test2
1.4444444444444444,0.02905982905982906,0.0463980463980464,0.05103785103785104,0.0019536019536019536,347.62,-1.81,103.44,test2
1.444932844932845,0.0315018315018315,0.054212454212454214,0.056654456654456654,0.0029304029304029304,345.69,-3.06,99.94,test2
1.4451770451770451,0.038583638583638585,0.06715506715506715,0.07106227106227106,0.004884004884004884,344.62,-3.75,97.81,test2
1.4454212454212454,0.05372405372405373,0.07887667887667887,0.0884004884004884,0.006105006105006105,344.19,-4.25,97.25,test2
1.4454212454212454,0.06788766788766788,0.08693528693528693,0.10305250305250305,0.007081807081807082,343.87,-4.5,96.69,test2
1.4454212454212454,0.07887667887667887,0.09255189255189256,0.11355311355311355,0.007814407814407814,343.75,-4.75,96.06,test2
1.4456654456654456,0.0862026862026862,0.09597069597069598,0.12087912087912088,0.008302808302808303,343.81,-4.69,95.5,test2
1.4456654456654456,0.09157509157509157,0.09743589743589744,0.12503052503052503,0.008547008547008548,343.62,-4.94,95.56,test2
1.4456654456654456,0.09426129426129426,0.0971916971916972,0.1264957264957265,0.008791208791208791,343.56,-5.25,96.06,test2
1.4456654456654456,0.09328449328449329,0.09377289377289377,0.1242979242979243,0.009035409035409036,344.62,-4.5,100.0,test2
1.4456654456654456,0.08717948717948718,0.08962148962148962,0.115995115995116,0.00805860805860806,344.69,-4.25,104.75,test2
1.4456654456654456,0.07594627594627594,0.08424908424908426,0.10354090354090355,0.007326007326007326,345.5,-3.19,107.0,test2
1.4456654456654456,0.06373626373626373,0.0761904761904762,0.09181929181929183,0.006593406593406593,345.25,-3.06,107.69,test2
1.4456654456654456,0.05347985347985348,0.06886446886446887,0.0822954822954823,0.006105006105006105,345.44,-3.19,107.87,test2
1.4456654456654456,0.046153846153846156,0.06275946275946276,0.07496947496947497,0.005860805860805861,345.31,-3.31,108.25,test2
1.0139194139194139,0.04078144078144078,0.05811965811965812,0.0695970695970696,0.005616605616605617,345.12,-3.44,108.19,test2
0.7115995115995116,0.036874236874236875,0.0547008547008547,0.06568986568986569,0.005616605616605617,344.94,-3.62,107.94,test2
0.4998778998778999,0.03418803418803419,0.052503052503052504,0.063003663003663,0.005372405372405372,344.56,-3.62,106.69,test2
0.3516483516483517,0.03223443223443224,0.050793650793650794,0.06105006105006105,0.005372405372405372,343.69,-3.44,104.81,test2
0.2485958485958486,0.0315018315018315,0.052503052503052504,0.06202686202686203,0.005372405372405372,342.44,-4.37,101.5,test2
0.17924297924297924,0.034432234432234435,0.060073260073260075,0.0673992673992674,0.005372405372405372,341.87,-5.12,99.44,test2
0.1347985347985348,0.04322344322344322,0.07081807081807082,0.08180708180708181,0.005372405372405372,340.81,-6.12,98.69,test2
0.1094017094017094,0.05860805860805861,0.08107448107448108,0.09963369963369964,0.006593406593406593,340.25,-6.56,98.44,test2
0.09377289377289377,0.07374847374847375,0.0884004884004884,0.11282051282051282,0.008547008547008548,339.81,-6.94,98.31,test2
0.08278388278388278,0.08424908424908426,0.09352869352869353,0.1221001221001221,0.009768009768009768,339.62,-7.12,98.31,test2
0.07496947496947497,0.09157509157509157,0.09694749694749695,0.12869352869352868,0.010744810744810745,339.5,-7.25,98.37,test2
0.06862026862026863,0.09572649572649573,0.09816849816849817,0.13211233211233211,0.011477411477411478,339.06,-7.56,98.44,test2
0.06349206349206349,0.0971916971916972,0.09694749694749695,0.1326007326007326,0.01098901098901099,338.62,-7.94,98.37,test2
0.05787545787545788,0.09548229548229548,0.0927960927960928,0.12967032967032968,0.010500610500610501,339.37,-7.75,99.62,test2
0.050793650793650794,0.0905982905982906,0.08815628815628816,0.12283272283272283,0.010012210012210013,340.94,-5.81,105.44,test2
0.04078144078144078,0.08180708180708181,0.08400488400488401,0.11086691086691086,0.009768009768009768,343.62,-3.75,108.56,test2
0.03076923076923077,0.06837606837606838,0.0757020757020757,0.09694749694749695,0.009523809523809525,345.0,-2.94,109.44,test2
0.022954822954822957,0.05543345543345543,0.06666666666666667,0.08424908424908426,0.008302808302808303,345.25,-2.75,109.69,test2
0.01733821733821734,0.04590964590964591,0.05934065934065934,0.07374847374847375,0.007326007326007326,345.19,-2.75,109.69,test2
0.013431013431013432,0.03882783882783883,0.05372405372405373,0.06593406593406594,0.006837606837606838,345.31,-2.62,109.75,test2
0.010500610500610501,0.03394383394383394,0.04981684981684982,0.06031746031746032,0.006349206349206349,345.25,-2.69,109.56,test2
0.008547008547008548,0.03028083028083028,0.046886446886446886,0.056654456654456654,0.005860805860805861,345.0,-2.81,109.19,test2
0.007081807081807082,0.028083028083028084,0.04468864468864469,0.05372405372405373,0.005860805860805861,344.56,-3.06,108.75,test2
0.006105006105006105,0.026373626373626374,0.04322344322344322,0.05201465201465202,0.005616605616605617,343.81,-3.5,106.81,test2
0.005616605616605617,0.02564102564102564,0.04249084249084249,0.05128205128205128,0.005616605616605617,343.0,-4.19,103.12,test2
0.006593406593406593,0.026862026862026864,0.0463980463980464,0.054945054945054944,0.005616605616605617,342.44,-4.69,100.31,test2
0.01221001221001221,0.03394383394383394,0.05982905982905983,0.06813186813186813,0.006593406593406593,340.87,-6.06,98.75,test2
0.020512820512820513,0.047619047619047616,0.07203907203907203,0.08669108669108669,0.00757020757020757,340.62,-6.19,98.69,test2
0.029304029304029304,0.061782661782661785,0.08034188034188035,0.10256410256410256,0.00805860805860806,340.44,-6.44,98.31,test2
0.03663003663003663,0.07228327228327229,0.08644688644688645,0.11355311355311355,0.008547008547008548,340.12,-6.69,97.69,test2
0.041758241758241756,0.08034188034188035,0.08986568986568987,0.12136752136752137,0.009768009768009768,340.12,-6.75,97.44,test2
0.04542124542124542,0.0862026862026862,0.09206349206349207,0.126007326007326,0.01098901098901099,339.94,-6.87,97.25,test2
0.04810744810744811,0.09010989010989011,0.09304029304029304,0.12893772893772895,0.011477411477411478,339.56,-7.06,97.37,test2
0.04932844932844933,0.09304029304029304,0.09304029304029304,0.13015873015873017,0.011965811965811967,339.12,-7.12,99.25,test2
0.0485958485958486,0.0927960927960928,0.0905982905982906,0.12796092796092795,0.011233211233211233,339.56,-6.56,103.25,test2
0.04151404151404151,0.08473748473748474,0.08669108669108669,0.11697191697191697,0.010500610500610501,340.94,-5.12,106.75,test2
0.032722832722832725,0.07228327228327229,0.07985347985347985,0.10329670329670329,0.009035409035409036,343.19,-3.56,107.69,test2
0.02490842490842491,0.05958485958485959,0.07106227106227106,0.09035409035409035,0.00805860805860806,343.44,-3.31,107.94,test2
0.01855921855921856,0.04884004884004884,0.063003663003663,0.07985347985347985,0.007081807081807082,343.81,-3.19,108.37,test2
0.014163614163614164,0.04078144078144078,0.05641025641025641,0.07155067155067155,0.005616605616605617,344.06,-3.12,108.44,test2
0.011233211233211233,0.03467643467643468,0.05128205128205128,0.06471306471306472,0.004395604395604396,344.12,-3.0,108.44,test2
0.009035409035409036,0.03028083028083028,0.04713064713064713,0.059096459096459095,0.003418803418803419,344.25,-3.0,108.31,test2
0.007326007326007326,0.027106227106227107,0.04395604395604396,0.054945054945054944,0.0029304029304029304,344.12,-3.12,108.25,test2
0.006105006105006105,0.02490842490842491,0.041758241758241756,0.05201465201465202,0.002442002442002442,343.75,-3.31,107.94,test2
0.005372405372405372,0.0231990231990232,0.04004884004884005,0.050061050061050064,0.002197802197802198,342.94,-3.75,107.37,test2
0.004884004884004884,0.022222222222222223,0.03882783882783883,0.0485958485958486,0.0019536019536019536,341.87,-4.31,104.19,test2
0.006349206349206349,0.023931623931623933,0.04224664224664225,0.05201465201465202,0.0029304029304029304,340.75,-5.44,101.5,test2
0.013186813186813187,0.03223443223443224,0.05616605616605617,0.0652014652014652,0.004884004884004884,339.25,-7.25,100.75,test2
0.023443223443223443,0.052503052503052504,0.07155067155067155,0.08766788766788766,0.006105006105006105,338.31,-8.25,99.81,test2
0.034432234432234435,0.07081807081807082,0.08253968253968254,0.10476190476190476,0.008302808302808303,337.75,-8.56,100.12,test2
0.45787545787545786,0.08351648351648351,0.09010989010989011,0.11697191697191697,0.009768009768009768,337.69,-8.63,100.0,test2
0.7543345543345543,0.09255189255189256,0.09426129426129426,0.12551892551892552,0.010744810744810745,337.5,-8.75,100.0,test2
0.9619047619047619,0.09743589743589744,0.09597069597069598,0.12991452991452992,0.011477411477411478,337.37,-8.81,100.0,test2
1.106959706959707,0.09987789987789988,0.09597069597069598,0.13186813186813187,0.01221001221001221,336.81,-9.13,100.19,test2
0.7894993894993895,0.10061050061050061,0.09499389499389499,0.13186813186813187,0.011233211233211233,337.12,-8.75,102.44,test2
0.5648351648351648,0.09816849816849817,0.09133089133089133,0.12698412698412698,0.010744810744810745,339.81,-5.94,107.37,test2
0.4017094017094017,0.09035409035409035,0.08766788766788766,0.11501831501831501,0.010256410256410256,342.06,-4.31,109.75,test2
0.2835164835164835,0.07716727716727717,0.07985347985347985,0.10085470085470086,0.008791208791208791,342.94,-3.69,110.06,test2
0.19926739926739928,0.06373626373626373,0.07155067155067155,0.08766788766788766,0.007814407814407814,342.81,-3.81,109.87,test2
0.14041514041514042,0.05372405372405373,0.06446886446886448,0.07765567765567766,0.007081807081807082,342.87,-3.81,109.75,test2
0.09914529914529914,0.0463980463980464,0.059096459096459095,0.07057387057387057,0.006593406593406593,342.87,-3.81,109.62,test2
0.07032967032967033,0.04126984126984127,0.054945054945054944,0.0652014652014652,0.005128205128205128,343.0,-3.75,109.62,test2
0.050061050061050064,0.037606837606837605,0.051526251526251524,0.06105006105006105,0.003907203907203907,342.94,-3.81,109.37,test2
0.03565323565323565,0.035164835164835165,0.04932844932844933,0.058363858363858365,0.0031746031746031746,342.44,-4.06,108.25,test2
0.025885225885225887,0.033455433455433455,0.047619047619047616,0.05641025641025641,0.002686202686202686,341.75,-4.56,105.12,test2
0.019291819291819293,0.03296703296703297,0.0485958485958486,0.05714285714285714,0.003663003663003663,341.62,-5.12,100.87,test2
0.017582417582417582,0.036874236874236875,0.05885225885225885,0.06666666666666667,0.004151404151404151,341.06,-5.81,98.12,test2
0.022222222222222223,0.05054945054945055,0.0713064713064713,0.08400488400488401,0.005616605616605617,340.62,-6.19,96.87,test2
0.03296703296703297,0.06910866910866911,0.08278388278388278,0.1028083028083028,0.006593406593406593,340.44,-6.69,95.19,test2
0.04322344322344322,0.08644688644688645,0.09133089133089133,0.115995115995116,0.008547008547008548,340.25,-6.81,94.94,test2
0.05030525030525031,0.09865689865689865,0.09743589743589744,0.12527472527472527,0.010012210012210013,340.19,-6.87,94.94,test2
0.05518925518925519,0.10744810744810745,0.10158730158730159,0.13162393162393163,0.009768009768009768,340.0,-7.0,95.06,test2
0.057631257631257635,0.11355311355311355,0.10329670329670329,0.1347985347985348,0.009768009768009768,339.12,-7.5,96.62,test2
0.05811965811965812,0.11575091575091576,0.10207570207570207,0.13504273504273503,0.009523809523809525,339.31,-6.94,100.0,test2
0.054212454212454214,0.1111111111111111,0.09645909645909646,0.1277167277167277,0.009523809523809525,339.56,-6.37,104.0,test2
0.04542124542124542,0.1010989010989011,0.09035409035409035,0.11526251526251527,0.008302808302808303,340.5,-5.62,106.56,test2
0.035897435897435895,0.08815628815628816,0.08302808302808302,0.10158730158730159,0.007326007326007326,341.94,-4.62,108.62,test2
0.028083028083028084,0.07423687423687424,0.07423687423687424,0.08937728937728938,0.006593406593406593,343.12,-3.81,109.5,test2
0.02197802197802198,0.061782661782661785,0.06593406593406594,0.07887667887667887,0.006349206349206349,343.5,-3.62,109.62,test2
0.017582417582417582,0.051770451770451774,0.05885225885225885,0.07008547008547009,0.006105006105006105,343.5,-3.62,109.5,test2
0.014407814407814409,0.04468864468864469,0.05347985347985348,0.06324786324786325,0.005860805860805861,343.44,-3.62,109.37,test2
0.01221001221001221,0.0398046398046398,0.04957264957264957,0.058363858363858365,0.00463980463980464,343.37,-3.56,109.31,test2
0.010500610500610501,0.03638583638583639,0.04664224664224664,0.054945054945054944,0.003663003663003663,343.37,-3.62,109.37,test2
0.00927960927960928,0.03394383394383394,0.044444444444444446,0.05225885225885226,0.0029304029304029304,342.87,-3.75,109.06,test2
0.008547008547008548,0.03247863247863248,0.04297924297924298,0.05054945054945055,0.002686202686202686,341.5,-4.81,104.44,test2
0.007814407814407814,0.03199023199023199,0.044444444444444446,0.051526251526251524,0.002197802197802198,341.06,-5.62,101.06,test2
0.011477411477411478,0.03785103785103785,0.05641025641025641,0.06422466422466422,0.0031746031746031746,339.87,-6.56,100.19,test2
0.01978021978021978,0.05225885225885226,0.07057387057387057,0.08400488400488401,0.004884004884004884,339.06,-7.62,99.19,test2
0.029304029304029304,0.06984126984126984,0.08034188034188035,0.10158730158730159,0.007326007326007326,338.75,-7.81,99.06,test2
0.03736263736263736,0.08205128205128205,0.08717948717948718,0.1137973137973138,0.009035409035409036,338.56,-7.81,99.06,test2
0.04297924297924298,0.0905982905982906,0.09181929181929183,0.12234432234432234,0.010256410256410256,338.44,-7.81,98.87,test2
0.04713064713064713,0.09548229548229548,0.09377289377289377,0.12698412698412698,0.011233211233211233,338.25,-8.0,99.0,test2
0.04908424908424908,0.09792429792429792,0.09426129426129426,0.1291819291819292,0.011721611721611722,337.87,-8.19,99.06,test2
0.04957264957264957,0.09816849816849817,0.0927960927960928,0.12869352869352868,0.01098901098901099,337.31,-8.5,99.62,test2
0.04835164835164835,0.09743589743589744,0.08937728937728938,0.1264957264957265,0.010500610500610501,337.25,-8.56,100.56,test2
0.04590964590964591,0.09474969474969475,0.08498168498168499,0.12161172161172161,0.010012210012210013,337.81,-7.94,104.81,test2
0.04078144078144078,0.08888888888888889,0.08107448107448108,0.11306471306471307,0.009768009768009768,341.5,-4.87,109.69,test2
0.031746031746031744,0.07838827838827839,0.07594627594627594,0.10012210012210013,0.008547008547008548,343.44,-3.69,111.06,test2
0.023687423687423687,0.0652014652014652,0.0673992673992674,0.08644688644688645,0.00757020757020757,344.06,-3.25,111.06,test2
0.018070818070818073,0.05347985347985348,0.05958485958485959,0.07423687423687424,0.007081807081807082,344.12,-3.06,111.19,test2
0.01391941391941392,0.04493284493284493,0.05372405372405373,0.06544566544566545,0.006349206349206349,344.19,-3.06,110.94,test2
0.011233211233211233,0.03882783882783883,0.04932844932844933,0.05934065934065934,0.006105006105006105,344.12,-3.0,110.81,test2
0.00927960927960928,0.03467643467643468,0.046153846153846156,0.0547008547008547,0.00463980463980464,344.19,-2.94,110.87,test2
0.00805860805860806,0.031746031746031744,0.04371184371184371,0.051770451770451774,0.003907203907203907,343.81,-3.0,111.12,test2
0.007081807081807082,0.029792429792429794,0.04224664224664225,0.04957264957264957,0.0031746031746031746,343.0,-3.25,111.25,test2
0.006349206349206349,0.02857142857142857,0.041025641025641026,0.04835164835164835,0.002686202686202686,341.62,-3.62,109.56,test2
0.006349206349206349,0.02905982905982906,0.045177045177045176,0.054212454212454214,0.00463980463980464,339.25,-5.5,106.19,test2
0.00927960927960928,0.035164835164835165,0.05787545787545788,0.07032967032967033,0.006105006105006105,338.25,-6.81,105.25,test2
0.017582417582417582,0.04908424908424908,0.07008547008547009,0.08962148962148962,0.007081807081807082,337.87,-7.31,104.19,test2
0.02735042735042735,0.0652014652014652,0.07863247863247863,0.10378510378510379,0.008791208791208791,337.81,-7.44,103.69,test2
0.03418803418803419,0.07643467643467644,0.08473748473748474,0.1137973137973138,0.010012210012210013,337.81,-7.44,103.56,test2
0.03907203907203907,0.08424908424908426,0.0884004884004884,0.12087912087912088,0.01098901098901099,337.81,-7.5,103.37,test2
0.04224664224664225,0.08815628815628816,0.08864468864468865,0.1242979242979243,0.010500610500610501,337.56,-7.56,103.44,test2
0.04371184371184371,0.08986568986568987,0.08815628815628816,0.12625152625152625,0.010256410256410256,336.81,-8.06,103.12,test2
0.04297924297924298,0.08962148962148962,0.08547008547008547,0.12454212454212454,0.009768009768009768,337.37,-8.0,103.56,test2
0.0380952380952381,0.08498168498168499,0.08205128205128205,0.11672771672771673,0.009768009768009768,338.87,-6.69,106.31,test2
0.031013431013431014,0.0761904761904762,0.07765567765567766,0.10476190476190476,0.008302808302808303,340.75,-5.25,108.25,test2
0.023443223443223443,0.06544566544566545,0.07057387057387057,0.09304029304029304,0.00757020757020757,341.44,-4.75,108.5,test2
0.01684981684981685,0.0547008547008547,0.063003663003663,0.08278388278388278,0.006837606837606838,341.69,-4.56,108.31,test2
0.011965811965811967,0.04566544566544566,0.0568986568986569,0.07496947496947497,0.006349206349206349,341.87,-4.5,108.19,test2
0.008302808302808303,0.03907203907203907,0.05201465201465202,0.06886446886446887,0.006105006105006105,341.69,-4.5,108.06,test2
0.005860805860805861,0.03418803418803419,0.0485958485958486,0.06446886446886448,0.005860805860805861,341.62,-4.56,108.0,test2
0.003907203907203907,0.03076923076923077,0.04590964590964591,0.06129426129426129,0.005616605616605617,341.5,-4.56,107.94,test2
0.002686202686202686,0.028327228327228327,0.0442002442002442,0.059096459096459095,0.005616605616605617,341.25,-4.75,107.44,test2
0.0017094017094017094,0.026617826617826617,0.042735042735042736,0.057387057387057384,0.005372405372405372,340.75,-5.0,106.44,test2
0.0009768009768009768,0.02564102564102564,0.04224664224664225,0.05616605616605617,0.005372405372405372,340.44,-5.56,103.87,test2
0.001221001221001221,0.026862026862026864,0.045177045177045176,0.058363858363858365,0.005372405372405372,340.44,-6.19,99.87,test2
0.003663003663003663,0.03125763125763126,0.054945054945054944,0.06764346764346764,0.006593406593406593,340.12,-6.69,97.56,test2
0.010256410256410256,0.042735042735042736,0.06691086691086691,0.08400488400488401,0.00757020757020757,339.25,-7.44,97.06,test2
0.02197802197802198,0.06105006105006105,0.07863247863247863,0.10256410256410256,0.009035409035409036,339.25,-7.69,96.62,test2
0.03125763125763126,0.07496947496947497,0.08669108669108669,0.11550671550671551,0.010256410256410256,339.06,-7.87,96.94,test2
0.03785103785103785,0.08473748473748474,0.09255189255189256,0.12454212454212454,0.011233211233211233,339.0,-8.0,97.19,test2
0.04249084249084249,0.09157509157509157,0.09548229548229548,0.13064713064713065,0.011721611721611722,338.81,-8.0,97.25,test2
0.04493284493284493,0.09548229548229548,0.09597069597069598,0.13333333333333333,0.01221001221001221,338.31,-8.25,97.44,test2
0.04566544566544566,0.09743589743589744,0.09474969474969475,0.13382173382173382,0.012454212454212455,338.31,-7.69,98.06,test2
0.04395604395604396,0.0967032967032967,0.0905982905982906,0.12991452991452992,0.012698412698412698,339.56,-6.37,99.94,test2
0.041025641025641026,0.09206349206349207,0.08547008547008547,0.1199023199023199,0.011477411477411478,341.06,-4.81,102.94,test2
0.03467643467643468,0.0822954822954823,0.08034188034188035,0.10622710622710622,0.009768009768009768,341.5,-4.25,104.5,test2
0.02612942612942613,0.06984126984126984,0.07228327228327229,0.09304029304029304,0.008302808302808303,342.12,-3.81,105.81,test2
0.01904761904761905,0.05787545787545788,0.0652014652014652,0.08083028083028083,0.00757020757020757,342.31,-3.81,106.25,test2
0.01391941391941392,0.04835164835164835,0.059096459096459095,0.07057387057387057,0.005616605616605617,342.0,-4.0,106.44,test2
0.010256410256410256,0.04151404151404151,0.05445665445665446,0.06349206349206349,0.004395604395604396,341.69,-4.0,106.5,test2
0.00757020757020757,0.036874236874236875,0.050793650793650794,0.058363858363858365,0.003663003663003663,341.62,-4.06,106.62,test2
0.005860805860805861,0.033455433455433455,0.04835164835164835,0.054945054945054944,0.0029304029304029304,341.69,-4.06,106.62,test2
0.004151404151404151,0.03125763125763126,0.0463980463980464,0.052503052503052504,0.002686202686202686,341.69,-4.0,106.62,test2
0.0031746031746031746,0.029792429792429794,0.045177045177045176,0.050793650793650794,0.002197802197802198,341.56,-4.06,106.62,test2
0.002442002442002442,0.028815628815628817,0.0442002442002442,0.04981684981684982,0.0019536019536019536,341.12,-4.37,105.56,test2
0.0019536019536019536,0.02857142857142857,0.0442002442002442,0.05030525030525031,0.0019536019536019536,340.69,-5.0,102.75,test2
0.005616605616605617,0.03199023199023199,0.052503052503052504,0.060073260073260075,0.004151404151404151,340.06,-5.69,98.94,test2
0.011721611721611722,0.041758241758241756,0.06495726495726496,0.07838827838827839,0.005616605616605617,339.62,-5.69,98.19,test2
0.018315018315018316,0.054945054945054944,0.07374847374847375,0.09401709401709402,0.006837606837606838,339.37,-5.69,97.56,test2
0.02564102564102564,0.06910866910866911,0.08107448107448108,0.10842490842490843,0.008791208791208791,339.44,-5.62,96.81,test2
0.0315018315018315,0.07887667887667887,0.08644688644688645,0.11843711843711843,0.010012210012210013,339.31,-5.69,96.56,test2
0.03565323565323565,0.08571428571428572,0.09010989010989011,0.12551892551892552,0.01098901098901099,339.25,-5.69,96.62,test2
0.03833943833943834,0.09010989010989011,0.09108669108669108,0.1291819291819292,0.011721611721611722,339.06,-5.75,96.69,test2
0.03956043956043956,0.09230769230769231,0.09084249084249084,0.13015873015873017,0.01098901098901099,338.62,-5.81,97.69,test2
0.0398046398046398,0.09304029304029304,0.08913308913308914,0.12967032967032968,0.010500610500610501,338.25,-5.81,99.0,test2
0.038583638583638585,0.09255189255189256,0.08571428571428572,0.12673992673992673,0.010012210012210013,338.69,-5.31,101.12,test2
0.03467643467643468,0.08864468864468865,0.08131868131868132,0.1203907203907204,0.009768009768009768,339.37,-4.44,104.62,test2
0.026617826617826617,0.0796092796092796,0.07765567765567766,0.1072039072039072,0.008547008547008548,340.62,-3.37,107.31,test2
0.01855921855921856,0.06837606837606838,0.07106227106227106,0.09328449328449329,0.00757020757020757,342.19,-2.62,109.31,test2
0.012698412698412698,0.05714285714285714,0.06349206349206349,0.08034188034188035,0.007081807081807082,343.19,-2.06,110.12,test2
0.008547008547008548,0.04737484737484737,0.056654456654456654,0.06984126984126984,0.006593406593406593,343.75,-1.69,110.44,test2
0.005616605616605617,0.04004884004884005,0.05128205128205128,0.06202686202686203,0.006105006105006105,343.69,-1.62,110.44,test2
0.003418803418803419,0.03492063492063492,0.04737484737484737,0.056654456654456654,0.005860805860805861,343.37,-1.75,110.37,test2
0.002197802197802198,0.03125763125763126,0.04468864468864469,0.05274725274725275,0.005616605616605617,343.0,-1.81,109.75,test2
0.001221001221001221,0.028815628815628817,0.04297924297924298,0.05030525030525031,0.005616605616605617,341.87,-2.56,107.19,test2
0.0007326007326007326,0.02735042735042735,0.04297924297924298,0.04981684981684982,0.005372405372405372,341.25,-3.06,103.87,test2
0.002197802197802198,0.02905982905982906,0.04981684981684982,0.05543345543345543,0.005372405372405372,341.25,-3.5,100.0,test2
0.007326007326007326,0.035164835164835165,0.061782661782661785,0.07057387057387057,0.006593406593406593,340.19,-3.94,98.56,test2
0.015384615384615385,0.04884004884004884,0.07374847374847375,0.08937728937728938,0.007326007326007326,340.06,-4.19,97.44,test2
0.024664224664224663,0.063003663003663,0.08205128205128205,0.10305250305250305,0.009035409035409036,340.06,-4.19,96.62,test2
0.031013431013431014,0.07301587301587302,0.08791208791208792,0.11282051282051282,0.010256410256410256,340.06,-4.37,95.81,test2
0.03565323565323565,0.07985347985347985,0.09035409035409035,0.11965811965811966,0.010012210012210013,340.0,-4.5,95.5,test2
0.037606837606837605,0.08424908424908426,0.09133089133089133,0.12356532356532357,0.009768009768009768,340.0,-4.5,95.25,test2
0.038583638583638585,0.08693528693528693,0.09108669108669108,0.12576312576312576,0.009523809523809525,340.0,-4.62,95.31,test2
0.038583638583638585,0.0884004884004884,0.09010989010989011,0.12625152625152625,0.009523809523809525,339.75,-4.94,95.94,test2
0.03785103785103785,0.08913308913308914,0.08864468864468865,0.12527472527472527,0.009523809523809525,339.44,-5.06,97.81,test2
0.035897435897435895,0.08766788766788766,0.08473748473748474,0.12087912087912088,0.00927960927960928,341.56,-3.0,104.44,test2
0.03125763125763126,0.08253968253968254,0.08107448107448108,0.11184371184371185,0.00927960927960928,343.06,-2.0,107.44,test2
0.02271062271062271,0.07155067155067155,0.0735042735042735,0.0971916971916972,0.00805860805860806,343.81,-1.56,109.5,test2
0.015384615384615385,0.059096459096459095,0.06544566544566545,0.08327228327228327,0.006105006105006105,344.0,-1.44,109.87,test2
0.010012210012210013,0.04810744810744811,0.05860805860805861,0.07179487179487179,0.004884004884004884,344.06,-1.37,110.37,test2
0.006105006105006105,0.04004884004884005,0.05347985347985348,0.06373626373626373,0.003907203907203907,344.19,-1.31,110.37,test2
0.003418803418803419,0.03418803418803419,0.04957264957264957,0.05811965811965812,0.0031746031746031746,344.31,-1.25,110.44,test2
0.001221001221001221,0.029792429792429794,0.04664224664224664,0.054212454212454214,0.002686202686202686,344.31,-1.19,110.31,test2
0.0002442002442002442,0.026862026862026864,0.044444444444444446,0.05128205128205128,0.002442002442002442,344.56,-0.94,110.0,test2
0.001221001221001221,0.02490842490842491,0.04297924297924298,0.04957264957264957,0.002197802197802198,344.12,-1.19,109.37,test2
0.0017094017094017094,0.023443223443223443,0.041758241758241756,0.04835164835164835,0.0019536019536019536,343.31,-1.87,106.87,test2
0.0017094017094017094,0.022954822954822957,0.041758241758241756,0.04884004884004884,0.0019536019536019536,341.94,-3.12,102.12,test2
0.0019536019536019536,0.026373626373626374,0.0485958485958486,0.05641025641025641,0.0029304029304029304,340.81,-4.62,99.12,test2
0.008547008547008548,0.03882783882783883,0.060805860805860805,0.07448107448107448,0.004884004884004884,339.69,-5.69,98.81,test2
0.017826617826617826,0.057387057387057384,0.07179487179487179,0.09377289377289377,0.006105006105006105,339.56,-5.94,98.62,test2
0.02490842490842491,0.0713064713064713,0.07936507936507936,0.1072039072039072,0.008302808302808303,339.44,-5.94,98.62,test2
0.029792429792429794,0.08107448107448108,0.08473748473748474,0.11648351648351649,0.009768009768009768,339.44,-5.94,98.75,test2
0.03321123321123321,0.08791208791208792,0.08669108669108669,0.12161172161172161,0.010744810744810745,339.44,-5.87,98.75,test2
0.03492063492063492,0.09133089133089133,0.08717948717948718,0.12380952380952381,0.010256410256410256,339.44,-5.87,98.69,test2
0.03565323565323565,0.09328449328449329,0.08644688644688645,0.1242979242979243,0.010012210012210013,339.19,-6.0,99.0,test2
0.03540903540903541,0.09377289377289377,0.08547008547008547,0.1242979242979243,0.009768009768009768,339.06,-5.87,99.69,test2
0.03492063492063492,0.09377289377289377,0.08376068376068375,0.12283272283272283,0.009768009768009768,339.0,-5.87,100.75,test2
0.033455433455433455,0.0927960927960928,0.08058608058608059,0.11868131868131868,0.009523809523809525,339.87,-4.75,104.94,test2
0.0315018315018315,0.0884004884004884,0.07814407814407814,0.1094017094017094,0.009523809523809525,341.87,-2.75,108.56,test2
0.026373626373626374,0.07838827838827839,0.07326007326007326,0.09621489621489622,0.008302808302808303,343.0,-2.12,110.06,test2
0.01855921855921856,0.06544566544566545,0.06568986568986569,0.08278388278388278,0.007326007326007326,343.62,-1.81,111.0,test2
0.011965811965811967,0.05347985347985348,0.05811965811965812,0.0713064713064713,0.006593406593406593,344.06,-1.62,111.25,test2
0.006837606837606838,0.04468864468864469,0.05225885225885226,0.06251526251526252,0.006349206349206349,344.19,-1.62,111.25,test2
0.003418803418803419,0.038583638583638585,0.04786324786324787,0.05616605616605617,0.005860805860805861,344.31,-1.5,111.19,test2
0.0009768009768009768,0.03418803418803419,0.04468864468864469,0.051770451770451774,0.005860805860805861,344.31,-1.5,111.06,test2
0.0009768009768009768,0.031013431013431014,0.04249084249084249,0.0485958485958486,0.005616605616605617,344.06,-1.69,110.87,test2
0.002197802197802198,0.02905982905982906,0.041025641025641026,0.0463980463980464,0.004395604395604396,343.69,-1.87,110.44,test2
0.0029304029304029304,0.027594627594627594,0.0398046398046398,0.045177045177045176,0.004884004884004884,343.12,-2.19,109.5,test2
0.003418803418803419,0.026373626373626374,0.039316239316239315,0.04468864468864469,0.004884004884004884,341.87,-3.81,107.31,test2
0.002686202686202686,0.026617826617826617,0.041758241758241756,0.04737484737484737,0.005128205128205128,341.81,-7.0,102.5,test2
0.0,0.031013431013431014,0.0547008547008547,0.060073260073260075,0.005128205128205128,341.25,-9.5,100.0,test2
0.006105006105006105,0.04078144078144078,0.06764346764346764,0.0761904761904762,0.006349206349206349,341.0,-9.88,99.44,test2
0.014652014652014652,0.05396825396825397,0.07692307692307693,0.09157509157509157,0.007081807081807082,340.69,-10.19,99.31,test2
0.020512820512820513,0.06471306471306472,0.08327228327228327,0.10231990231990232,0.007814407814407814,340.75,-10.0,99.25,test2
0.024664224664224663,0.07228327228327229,0.08742368742368742,0.10989010989010989,0.008302808302808303,340.75,-9.88,99.25,test2
0.026617826617826617,0.07741147741147741,0.08864468864468865,0.11428571428571428,0.008547008547008548,340.62,-9.81,99.31,test2
0.02735042735042735,0.0800976800976801,0.08766788766788766,0.11575091575091576,0.008791208791208791,340.56,-9.69,99.37,test2
0.02735042735042735,0.08156288156288156,0.08644688644688645,0.11575091575091576,0.008791208791208791,340.31,-9.81,99.12,test2
0.026862026862026864,0.0822954822954823,0.08498168498168499,0.11526251526251527,0.009035409035409036,340.94,-9.5,101.31,test2
0.024664224664224663,0.08058608058608059,0.08180708180708181,0.10964590964590964,0.009035409035409036,343.0,-7.0,105.81,test2
0.01855921855921856,0.07155067155067155,0.0778998778998779,0.09645909645909646,0.00805860805860806,344.56,-5.37,107.94,test2
0.011965811965811967,0.060073260073260075,0.06935286935286936,0.08278388278388278,0.007081807081807082,345.12,-4.44,108.94,test2
0.006349206349206349,0.04908424908424908,0.060805860805860805,0.06984126984126984,0.006593406593406593,345.69,-3.87,109.37,test2
0.002197802197802198,0.040293040293040296,0.05396825396825397,0.05982905982905983,0.005128205128205128,345.44,-4.06,109.69,test2
0.0007326007326007326,0.03394383394383394,0.04884004884004884,0.05299145299145299,0.003907203907203907,345.0,-4.25,109.69,test2
0.0029304029304029304,0.029548229548229547,0.04542124542124542,0.04810744810744811,0.0031746031746031746,344.56,-4.44,109.12,test2
0.004395604395604396,0.026617826617826617,0.04297924297924298,0.04493284493284493,0.002686202686202686,343.87,-4.75,107.94,test2
0.004884004884004884,0.024664224664224663,0.04151404151404151,0.04322344322344322,0.002197802197802198,341.75,-5.62,103.56,test2
0.004884004884004884,0.024664224664224663,0.043467643467643466,0.04542124542124542,0.002197802197802198,341.19,-5.81,100.12,test2
0.002197802197802198,0.030036630036630037,0.05299145299145299,0.05641025641025641,0.0031746031746031746,339.69,-6.44,97.75,test2
0.0029304029304029304,0.04053724053724054,0.06398046398046398,0.0713064713064713,0.004884004884004884,339.19,-6.44,97.44,test2
0.010744810744810745,0.05445665445665446,0.07423687423687424,0.08815628815628816,0.006105006105006105,339.06,-6.75,97.0,test2
0.017826617826617826,0.06666666666666667,0.08156288156288156,0.1010989010989011,0.007081807081807082,338.62,-7.19,96.62,test2
0.02271062271062271,0.07521367521367521,0.08644688644688645,0.11037851037851037,0.007814407814407814,339.0,-7.12,96.44,test2
0.02612942612942613,0.08131868131868132,0.08913308913308914,0.11672771672771673,0.008302808302808303,338.69,-7.31,96.25,test2
0.02783882783882784,0.0844932844932845,0.08962148962148962,0.1199023199023199,0.008547008547008548,338.56,-7.5,96.06,test2
0.02857142857142857,0.0862026862026862,0.08888888888888889,0.12161172161172161,0.008791208791208791,338.44,-7.5,95.87,test2
0.028327228327228327,0.08669108669108669,0.08791208791208792,0.12161172161172161,0.008791208791208791,338.06,-7.75,95.25,test2
0.027106227106227107,0.08595848595848596,0.08547008547008547,0.1199023199023199,0.009035409035409036,338.25,-7.81,95.31,test2
0.024664224664224663,0.08302808302808302,0.08205128205128205,0.11526251526251527,0.009035409035409036,339.69,-6.06,101.0,test2
0.01904761904761905,0.07521367521367521,0.07936507936507936,0.10500610500610501,0.00805860805860806,342.19,-3.87,106.94,test2
0.012698412698412698,0.06422466422466422,0.07301587301587302,0.09084249084249084,0.007081807081807082,343.75,-3.0,108.31,test2
0.006593406593406593,0.051526251526251524,0.06324786324786325,0.07545787545787545,0.005372405372405372,344.19,-2.81,108.62,test2
0.002197802197802198,0.041758241758241756,0.05518925518925519,0.06324786324786325,0.004395604395604396,344.37,-2.69,108.5,test2
0.0007326007326007326,0.03467643467643468,0.04908424908424908,0.0547008547008547,0.003418803418803419,344.37,-2.69,108.5,test2
0.0031746031746031746,0.029792429792429794,0.04468864468864469,0.0485958485958486,0.0029304029304029304,344.62,-2.56,108.31,test2
0.004884004884004884,0.026373626373626374,0.04126984126984127,0.044444444444444446,0.002442002442002442,344.75,-2.56,108.25,test2
0.005860805860805861,0.023931623931623933,0.03882783882783883,0.04151404151404151,0.002197802197802198,344.44,-2.62,107.69,test2
0.006837606837606838,0.022222222222222223,0.03711843711843712,0.039316239316239315,0.0019536019536019536,344.0,-2.81,104.37,test2
0.007326007326007326,0.021001221001221003,0.036141636141636145,0.03833943833943834,0.0019536019536019536,342.75,-3.69,99.31,test2
0.005860805860805861,0.02271062271062271,0.041025641025641026,0.04371184371184371,0.0029304029304029304,342.44,-4.19,97.12,test2
0.0007326007326007326,0.030525030525030524,0.05641025641025641,0.06129426129426129,0.004884004884004884,341.37,-5.37,95.12,test2
0.00805860805860806,0.04884004884004884,0.07228327228327229,0.08547008547008547,0.007326007326007326,340.44,-6.37,94.12,test2
0.01684981684981685,0.06691086691086691,0.08327228327228327,0.1028083028083028,0.009035409035409036,340.31,-6.62,93.94,test2
0.0231990231990232,0.07936507936507936,0.09108669108669108,0.11477411477411477,0.010256410256410256,340.12,-6.81,93.56,test2
0.02735042735042735,0.08815628815628816,0.09597069597069598,0.12332112332112333,0.01098901098901099,340.06,-6.94,93.5,test2
0.030525030525030524,0.09352869352869353,0.09816849816849817,0.12796092796092795,0.011721611721611722,340.0,-6.94,93.87,test2
0.03199023199023199,0.09694749694749695,0.09841269841269841,0.13015873015873017,0.01221001221001221,339.56,-7.06,95.81,test2
0.03199023199023199,0.09816849816849817,0.09694749694749695,0.12991452991452992,0.011233211233211233,341.12,-5.75,100.94,test2
0.027594627594627594,0.09377289377289377,0.0927960927960928,0.12258852258852258,0.010744810744810745,342.37,-4.37,105.31,test2
0.020512820512820513,0.08180708180708181,0.08669108669108669,0.1076923076923077,0.009035409035409036,344.06,-3.12,108.19,test2
0.013675213675213675,0.0673992673992674,0.07692307692307693,0.09206349206349207,0.00805860805860806,345.69,-2.25,109.44,test2
0.00805860805860806,0.05543345543345543,0.0673992673992674,0.07765567765567766,0.006105006105006105,346.19,-2.06,110.06,test2
0.003663003663003663,0.0463980463980464,0.05982905982905983,0.06666666666666667,0.00463980463980464,346.69,-1.87,110.31,test2
0.0007326007326007326,0.04004884004884005,0.05396825396825397,0.05885225885225885,0.003663003663003663,346.94,-1.5,110.12,test2
0.0014652014652014652,0.03540903540903541,0.04957264957264957,0.05347985347985348,0.0029304029304029304,347.12,-1.31,109.81,test2
0.0031746031746031746,0.03199023199023199,0.046153846153846156,0.04957264957264957,0.002686202686202686,347.25,-1.19,109.56,test2
0.004151404151404151,0.029792429792429794,0.04371184371184371,0.046886446886446886,0.002197802197802198,346.5,-1.56,109.12,test2
0.004884004884004884,0.028083028083028084,0.042002442002442006,0.045177045177045176,0.002197802197802198,345.5,-2.06,107.0,test2
0.004884004884004884,0.027594627594627594,0.04249084249084249,0.04664224664224664,0.0029304029304029304,344.56,-3.12,101.81,test2
0.0031746031746031746,0.03296703296703297,0.05274725274725275,0.056654456654456654,0.003663003663003663,342.25,-5.69,98.0,test2
0.004395604395604396,0.04786324786324787,0.06715506715506715,0.07643467643467644,0.005372405372405372,340.94,-6.87,98.75,test2
0.013186813186813187,0.06373626373626373,0.0778998778998779,0.09523809523809523,0.006593406593406593,340.75,-7.0,98.81,test2
0.020512820512820513,0.07521367521367521,0.08547008547008547,0.10842490842490843,0.00757020757020757,340.75,-7.0,98.5,test2
0.025885225885225887,0.08327228327228327,0.0905982905982906,0.1177045177045177,0.009035409035409036,340.75,-7.0,98.37,test2
0.029548229548229547,0.08888888888888889,0.09255189255189256,0.12332112332112333,0.010256410256410256,340.75,-6.94,98.56,test2
0.03125763125763126,0.09206349206349207,0.0927960927960928,0.1264957264957265,0.011233211233211233,340.56,-7.12,98.69,test2
0.031746031746031744,0.09352869352869353,0.09206349206349207,0.12796092796092795,0.010500610500610501,340.06,-7.37,99.12,test2
0.0315018315018315,0.09401709401709402,0.09010989010989011,0.12698412698412698,0.010256410256410256,340.44,-6.62,102.37,test2
0.027594627594627594,0.09157509157509157,0.08571428571428572,0.11868131868131868,0.010012210012210013,343.75,-3.25,108.44,test2
0.021001221001221003,0.08278388278388278,0.08156288156288156,0.10476190476190476,0.008547008547008548,346.56,-1.25,110.31,test2
0.013675213675213675,0.06886446886446887,0.07252747252747253,0.08888888888888889,0.00757020757020757,347.06,-0.81,111.0,test2
0.00757020757020757,0.05567765567765568,0.06275946275946276,0.07472527472527472,0.005860805860805861,347.44,-0.5,110.87,test2
0.0031746031746031746,0.046153846153846156,0.05518925518925519,0.06398046398046398,0.00463980463980464,347.37,-0.44,110.62,test2
0.0,0.03956043956043956,0.04981684981684982,0.056654456654456654,0.003663003663003663,347.5,-0.31,110.31,test2
0.002197802197802198,0.03492063492063492,0.04566544566544566,0.05128205128205128,0.0029304029304029304,347.56,-0.19,110.0,test2
0.003663003663003663,0.0315018315018315,0.042735042735042736,0.047619047619047616,0.002686202686202686,346.94,-0.31,109.5,test2
0.00463980463980464,0.029304029304029304,0.04078144078144078,0.04542124542124542,0.003418803418803419,346.31,-0.62,108.19,test2
0.005128205128205128,0.028083028083028084,0.040293040293040296,0.04493284493284493,0.004151404151404151,345.19,-1.06,106.62,test2
0.005128205128205128,0.02783882783882784,0.04224664224664225,0.04664224664224664,0.004395604395604396,343.87,-1.69,103.19,test2
0.003663003663003663,0.029792429792429794,0.04932844932844933,0.05128205128205128,0.004884004884004884,343.44,-2.37,99.81,test2
0.0,0.035164835164835165,0.06129426129426129,0.06495726495726496,0.006105006105006105,342.5,-3.56,98.44,test2
0.006349206349206349,0.04835164835164835,0.07326007326007326,0.08278388278388278,0.007081807081807082,341.75,-4.44,97.25,test2
0.014652014652014652,0.0652014652014652,0.08351648351648351,0.1010989010989011,0.009035409035409036,341.56,-4.56,96.94,test2
0.02148962148962149,0.07741147741147741,0.0905982905982906,0.1137973137973138,0.010256410256410256,341.37,-4.62,97.0,test2
0.02612942612942613,0.08595848595848596,0.09548229548229548,0.12283272283272283,0.01098901098901099,341.31,-4.69,96.75,test2
0.029548229548229547,0.09181929181929183,0.09694749694749695,0.12722832722832722,0.011721611721611722,340.94,-4.94,96.62,test2
0.031013431013431014,0.09523809523809523,0.09743589743589744,0.12942612942612944,0.01221001221001221,340.19,-5.19,97.25,test2
0.03076923076923077,0.09621489621489622,0.09645909645909646,0.12942612942612944,0.012454212454212455,340.62,-4.06,101.31,test2
0.026617826617826617,0.09157509157509157,0.09181929181929183,0.12283272283272283,0.011477411477411478,341.69,-2.37,107.5,test2
0.01978021978021978,0.07863247863247863,0.08547008547008547,0.10793650793650794,0.009768009768009768,343.56,-1.06,108.94,test2
0.012942612942612943,0.06373626373626373,0.07545787545787545,0.0927960927960928,0.008302808302808303,344.19,-0.69,109.75,test2
0.007326007326007326,0.05225885225885226,0.06617826617826618,0.07985347985347985,0.007326007326007326,344.56,-0.56,109.69,test2
0.003418803418803419,0.04395604395604396,0.05885225885225885,0.06984126984126984,0.006837606837606838,344.44,-0.56,109.81,test2
0.0004884004884004884,0.03833943833943834,0.053235653235653234,0.06251526251526252,0.006349206349206349,344.06,-0.69,109.69,test2
0.0014652014652014652,0.03418803418803419,0.04932844932844933,0.057387057387057384,0.004884004884004884,343.5,-0.88,109.44,test2
0.002686202686202686,0.0315018315018315,0.04664224664224664,0.05372405372405373,0.003907203907203907,342.75,-1.31,108.94,test2
0.0029304029304029304,0.029792429792429794,0.04468864468864469,0.051526251526251524,0.0031746031746031746,342.31,-1.75,108.12,test2
0.0029304029304029304,0.029304029304029304,0.04468864468864469,0.05128205128205128,0.003907203907203907,341.5,-2.25,104.44,test2
0.002197802197802198,0.03028083028083028,0.04835164835164835,0.05372405372405373,0.004151404151404151,340.5,-3.5,100.75,test2
0.0009768009768009768,0.03565323565323565,0.060073260073260075,0.06495726495726496,0.005616605616605617,340.0,-4.31,97.94,test2
0.00927960927960928,0.05201465201465202,0.07374847374847375,0.08571428571428572,0.006837606837606838,339.37,-5.19,96.37,test2
0.019536019536019536,0.07155067155067155,0.08547008547008547,0.10476190476190476,0.008791208791208791,339.31,-5.5,95.75,test2
0.026862026862026864,0.08547008547008547,0.09377289377289377,0.11794871794871795,0.010012210012210013,339.31,-5.56,95.31,test2
0.03199023199023199,0.09499389499389499,0.09938949938949938,0.12747252747252746,0.01098901098901099,339.0,-5.87,95.12,test2
0.03492063492063492,0.10158730158730159,0.10231990231990232,0.13284493284493284,0.011721611721611722,339.0,-5.87,95.44,test2
0.036141636141636145,0.1054945054945055,0.10329670329670329,0.13577533577533576,0.01221001221001221,338.19,-6.0,97.12,test2
0.03565323565323565,0.10598290598290598,0.10183150183150183,0.13553113553113552,0.011233211233211233,338.75,-5.37,99.69,test2
0.03125763125763126,0.10012210012210013,0.09572649572649573,0.12747252747252746,0.010744810744810745,340.44,-3.81,103.44,test2
0.024664224664224663,0.08815628815628816,0.08937728937728938,0.11282051282051282,0.010256410256410256,342.56,-2.37,105.75,test2
0.018070818070818073,0.07374847374847375,0.07863247863247863,0.0971916971916972,0.008791208791208791,343.31,-1.81,106.5,test2
0.01221001221001221,0.06056166056166056,0.06813186813186813,0.08327228327228327,0.007814407814407814,343.37,-1.75,106.62,test2
0.007814407814407814,0.05128205128205128,0.060073260073260075,0.07203907203907203,0.007081807081807082,343.25,-1.81,107.12,test2
0.00463980463980464,0.044444444444444446,0.05396825396825397,0.06373626373626373,0.005372405372405372,343.44,-1.75,107.25,test2
0.002197802197802198,0.03956043956043956,0.04908424908424908,0.057631257631257635,0.004151404151404151,343.31,-1.75,107.37,test2
0.0004884004884004884,0.036141636141636145,0.04542124542124542,0.053235653235653234,0.003418803418803419,343.31,-1.75,107.25,test2
0.0007326007326007326,0.0336996336996337,0.042735042735042736,0.05030525030525031,0.003907203907203907,343.12,-1.87,106.5,test2
0.0014652014652014652,0.03199023199023199,0.041025641025641026,0.04810744810744811,0.004395604395604396,342.31,-2.62,102.44,test2
0.0017094017094017094,0.03223443223443224,0.04297924297924298,0.050061050061050064,0.00463980463980464,341.69,-3.31,98.69,test2
0.001221001221001221,0.038583638583638585,0.058363858363858365,0.06446886446886448,0.006105006105006105,340.75,-4.12,96.25,test2
0.00805860805860806,0.053235653235653234,0.07277167277167278,0.08522588522588523,0.007081807081807082,340.44,-4.62,95.81,test2
0.016605616605616606,0.06886446886446887,0.08278388278388278,0.10256410256410256,0.008791208791208791,340.37,-4.62,95.69,test2
0.0231990231990232,0.08034188034188035,0.08986568986568987,0.11452991452991453,0.010256410256410256,340.0,-4.87,95.31,test2
0.02783882783882784,0.0884004884004884,0.0945054945054945,0.12332112332112333,0.01098901098901099,340.0,-5.0,95.19,test2
0.031013431013431014,0.09426129426129426,0.09694749694749695,0.1291819291819292,0.011721611721611722,339.94,-5.0,95.19,test2
0.032722832722832725,0.09743589743589744,0.09865689865689865,0.13333333333333333,0.01221001221001221,339.75,-5.12,95.25,test2
0.033455433455433455,0.09914529914529914,0.09914529914529914,0.13553113553113552,0.012454212454212455,339.25,-5.37,95.75,test2
0.033455433455433455,0.09963369963369964,0.09816849816849817,0.136019536019536,0.012698412698412698,339.56,-5.0,97.12,test2
0.03125763125763126,0.09645909645909646,0.0927960927960928,0.12942612942612944,0.012698412698412698,341.06,-3.56,101.44,test2
0.026862026862026864,0.08693528693528693,0.08766788766788766,0.11550671550671551,0.011721611721611722,342.75,-2.31,104.31,test2
0.01978021978021978,0.07252747252747253,0.07716727716727717,0.09865689865689865,0.010012210012210013,343.75,-1.62,105.87,test2
0.01221001221001221,0.05958485958485959,0.06666666666666667,0.08278388278388278,0.008547008547008548,343.94,-1.5,106.75,test2
0.006349206349206349,0.04957264957264957,0.05811965811965812,0.07032967032967033,0.00757020757020757,344.19,-1.5,107.0,test2
0.002197802197802198,0.04224664224664225,0.051770451770451774,0.06153846153846154,0.007081807081807082,344.12,-1.5,107.12,test2
0.0007326007326007326,0.03711843711843712,0.04713064713064713,0.05543345543345543,0.006593406593406593,344.25,-1.37,107.19,test2
0.002686202686202686,0.033455433455433455,0.04371184371184371,0.05103785103785104,0.006349206349206349,344.25,-1.37,107.0,test2
0.004151404151404151,0.031013431013431014,0.04126984126984127,0.04810744810744811,0.005860805860805861,343.87,-1.56,106.12,test2
0.00463980463980464,0.02905982905982906,0.03956043956043956,0.046153846153846156,0.005616605616605617,343.19,-2.0,104.62,test2
0.00463980463980464,0.028327228327228327,0.03882783882783883,0.04664224664224664,0.005616605616605617,342.19,-3.06,100.87,test2
0.002686202686202686,0.030036630036630037,0.04542124542124542,0.05274725274725275,0.006837606837606838,341.37,-4.06,97.06,test2
0.002442002442002442,0.037606837606837605,0.06153846153846154,0.0695970695970696,0.00757020757020757,340.62,-4.87,95.62,test2
0.011477411477411478,0.0547008547008547,0.07496947496947497,0.08888888888888889,0.00927960927960928,340.5,-5.37,93.94,test2
0.01978021978021978,0.0695970695970696,0.0844932844932845,0.10402930402930403,0.010500610500610501,340.19,-5.81,93.37,test2
0.025396825396825397,0.0800976800976801,0.09108669108669108,0.11477411477411477,0.011233211233211233,340.19,-5.87,93.19,test2
0.029548229548229547,0.08742368742368742,0.09474969474969475,0.1221001221001221,0.011965811965811967,340.06,-5.87,93.12,test2
0.0315018315018315,0.09133089133089133,0.09597069597069598,0.1264957264957265,0.01221001221001221,339.81,-5.94,93.19,test2
0.03247863247863248,0.09352869352869353,0.09597069597069598,0.12869352869352868,0.012454212454212455,338.87,-6.12,94.12,test2
0.031746031746031744,0.09401709401709402,0.09426129426129426,0.12796092796092795,0.012698412698412698,339.12,-5.44,97.69,test2
0.028327228327228327,0.09084249084249084,0.09035409035409035,0.12283272283272283,0.011721611721611722,339.94,-4.37,102.87,test2
0.022222222222222223,0.08302808302808302,0.0862026862026862,0.11208791208791209,0.01098901098901099,342.31,-2.5,106.75,test2
0.015873015873015872,0.07228327228327229,0.07912087912087912,0.09816849816849817,0.00927960927960928,343.56,-1.62,107.44,test2
0.010012210012210013,0.058363858363858365,0.06862026862026863,0.08400488400488401,0.008302808302808303,343.75,-1.44,107.62,test2
0.005372405372405372,0.047619047619047616,0.05958485958485959,0.07203907203907203,0.007326007326007326,343.5,-1.5,107.56,test2
0.0019536019536019536,0.04004884004884005,0.05299145299145299,0.06373626373626373,0.006837606837606838,343.5,-1.44,107.62,test2
0.0004884004884004884,0.03467643467643468,0.04810744810744811,0.05787545787545788,0.006349206349206349,343.5,-1.5,107.56,test2
0.0019536019536019536,0.03076923076923077,0.044444444444444446,0.05372405372405373,0.006105006105006105,343.19,-1.75,107.62,test2
0.0031746031746031746,0.028327228327228327,0.04151404151404151,0.050793650793650794,0.005860805860805861,342.94,-1.81,107.5,test2
0.003663003663003663,0.026373626373626374,0.03956043956043956,0.04884004884004884,0.005860805860805861,342.56,-1.94,107.37,test2
0.003907203907203907,0.025152625152625153,0.03833943833943834,0.04737484737484737,0.005616605616605617,341.56,-2.5,106.06,test2
0.003907203907203907,0.02442002442002442,0.03736263736263736,0.0463980463980464,0.005616605616605617,340.69,-3.37,101.44,test2
0.003907203907203907,0.024664224664224663,0.040293040293040296,0.04957264957264957,0.005616605616605617,339.87,-4.12,99.94,test2
0.001221001221001221,0.03321123321123321,0.0568986568986569,0.06666666666666667,0.006837606837606838,338.81,-5.56,98.0,test2
0.006837606837606838,0.05372405372405373,0.07326007326007326,0.08962148962148962,0.008547008547008548,338.56,-6.0,97.06,test2
0.015873015873015872,0.07008547008547009,0.08473748473748474,0.10573870573870574,0.010012210012210013,338.12,-6.37,96.0,test2
0.022222222222222223,0.08180708180708181,0.09255189255189256,0.11721611721611722,0.01098901098901099,337.94,-6.62,95.69,test2
0.026617826617826617,0.08986568986568987,0.09743589743589744,0.12527472527472527,0.011477411477411478,337.75,-6.75,95.62,test2
0.02905982905982906,0.09499389499389499,0.09938949938949938,0.12967032967032968,0.011965811965811967,337.5,-7.0,95.56,test2
0.03028083028083028,0.09792429792429792,0.09963369963369964,0.13162393162393163,0.01221001221001221,337.0,-7.25,96.12,test2
0.030036630036630037,0.09816849816849817,0.09768009768009768,0.13064713064713065,0.012454212454212455,336.87,-6.94,97.81,test2
0.02783882783882784,0.09548229548229548,0.09328449328449329,0.12576312576312576,0.011721611721611722,339.75,-4.06,104.19,test2
0.022466422466422466,0.08742368742368742,0.08888888888888889,0.11282051282051282,0.01098901098901099,341.87,-2.37,105.87,test2
0.014652014652014652,0.07155067155067155,0.0778998778998779,0.09499389499389499,0.010256410256410256,342.19,-2.12,105.75,test2
0.008302808302808303,0.05860805860805861,0.06764346764346764,0.07936507936507936,0.008791208791208791,342.31,-2.0,105.75,test2
0.003663003663003663,0.04908424908424908,0.05982905982905983,0.06764346764346764,0.007814407814407814,342.44,-1.94,105.75,test2
0.0002442002442002442,0.04249084249084249,0.05396825396825397,0.059096459096459095,0.007081807081807082,342.5,-1.94,105.75,test2
0.0019536019536019536,0.03785103785103785,0.04957264957264957,0.053235653235653234,0.006593406593406593,342.37,-2.06,105.69,test2
0.003663003663003663,0.03467643467643468,0.046153846153846156,0.04884004884004884,0.006105006105006105,342.5,-1.94,105.56,test2
0.004884004884004884,0.03223443223443224,0.04395604395604396,0.046153846153846156,0.005860805860805861,342.25,-2.12,104.94,test2
0.005860805860805861,0.03076923076923077,0.04249084249084249,0.044444444444444446,0.005616605616605617,341.81,-2.62,103.94,test2
0.006105006105006105,0.029548229548229547,0.04126984126984127,0.0442002442002442,0.005616605616605617,341.06,-3.5,99.69,test2
0.005860805860805861,0.030036630036630037,0.0442002442002442,0.0485958485958486,0.005372405372405372,340.75,-4.25,95.19,test2
0.0031746031746031746,0.035897435897435895,0.056654456654456654,0.06202686202686203,0.006593406593406593,340.75,-4.5,92.25,test2
0.003907203907203907,0.04713064713064713,0.07106227106227106,0.07912087912087912,0.00757020757020757,340.19,-5.0,91.0,test2
0.012698412698412698,0.06251526251526252,0.08180708180708181,0.09621489621489622,0.009035409035409036,340.06,-5.37,90.44,test2
0.020757020757020756,0.07667887667887668,0.09084249084249084,0.11282051282051282,0.010256410256410256,340.0,-5.44,90.44,test2
0.026373626373626374,0.08644688644688645,0.0971916971916972,0.1242979242979243,0.011233211233211233,339.87,-5.44,90.37,test2
0.030525030525030524,0.09328449328449329,0.10158730158730159,0.13235653235653236,0.011965811965811967,339.75,-5.56,90.31,test2
0.03199023199023199,0.09694749694749695,0.10329670329670329,0.136996336996337,0.01221001221001221,339.5,-5.62,90.69,test2
0.03199023199023199,0.09865689865689865,0.10354090354090355,0.1387057387057387,0.012698412698412698,338.69,-5.94,92.5,test2
0.030525030525030524,0.09914529914529914,0.10256410256410256,0.13846153846153847,0.012698412698412698,338.56,-5.31,97.5,test2
0.026617826617826617,0.09621489621489622,0.09743589743589744,0.13113553113553114,0.011721611721611722,340.56,-3.0,105.62,test2
0.020024420024420026,0.08766788766788766,0.09206349206349207,0.11575091575091576,0.01098901098901099,342.87,-1.31,107.5,test2
0.012454212454212455,0.07301587301587302,0.08180708180708181,0.09743589743589744,0.00927960927960928,343.0,-1.19,107.62,test2
0.006593406593406593,0.059096459096459095,0.07179487179487179,0.08205128205128205,0.008302808302808303,343.19,-1.0,107.69,test2
0.002197802197802198,0.04884004884004884,0.06398046398046398,0.07081807081807082,0.007326007326007326,343.25,-1.0,107.56,test2
0.0007326007326007326,0.041758241758241756,0.05811965811965812,0.063003663003663,0.006593406593406593,343.19,-1.06,107.69,test2
0.002686202686202686,0.036874236874236875,0.05372405372405373,0.057387057387057384,0.006349206349206349,343.25,-1.06,107.31,test2
0.004151404151404151,0.033455433455433455,0.05054945054945055,0.05347985347985348,0.005860805860805861,342.62,-1.5,106.06,test2
0.004884004884004884,0.031013431013431014,0.04835164835164835,0.051526251526251524,0.005860805860805861,341.87,-2.12,104.19,test2
0.004884004884004884,0.030525030525030524,0.04810744810744811,0.05274725274725275,0.005616605616605617,341.19,-2.75,101.81,test2
0.004151404151404151,0.031746031746031744,0.05274725274725275,0.05934065934065934,0.006837606837606838,341.0,-3.5,98.19,test2
0.0014652014652014652,0.03785103785103785,0.06398046398046398,0.07472527472527472,0.00757020757020757,340.12,-4.0,97.56,test2
0.004884004884004884,0.052503052503052504,0.07521367521367521,0.09377289377289377,0.00805860805860806,339.62,-4.25,95.81,test2
0.011965811965811967,0.0673992673992674,0.08498168498168499,0.1111111111111111,0.009523809523809525,339.37,-4.62,94.94,test2
0.01684981684981685,0.0778998778998779,0.09181929181929183,0.12307692307692308,0.010500610500610501,339.12,-4.87,94.62,test2
0.02026862026862027,0.08522588522588523,0.0967032967032967,0.13162393162393163,0.011233211233211233,339.12,-4.87,94.5,test2
0.022222222222222223,0.08962148962148962,0.09865689865689865,0.13626373626373625,0.011965811965811967,338.94,-5.19,94.44,test2
0.022954822954822957,0.09206349206349207,0.0989010989010989,0.13821733821733823,0.01221001221001221,338.62,-5.31,94.81,test2
0.022954822954822957,0.09328449328449329,0.09816849816849817,0.13846153846153847,0.011477411477411478,338.06,-5.5,95.56,test2
0.02197802197802198,0.09304029304029304,0.09523809523809523,0.13577533577533576,0.010744810744810745,337.81,-5.69,97.0,test2
0.01904761904761905,0.09010989010989011,0.09035409035409035,0.1304029304029304,0.010256410256410256,338.87,-4.06,103.37,test2
0.014407814407814409,0.08376068376068375,0.0862026862026862,0.12014652014652015,0.010012210012210013,341.62,-1.81,107.62,test2
0.009035409035409036,0.07326007326007326,0.0796092796092796,0.10476190476190476,0.008547008547008548,343.12,-0.88,109.12,test2
0.003418803418803419,0.06031746031746032,0.0695970695970696,0.08791208791208792,0.00757020757020757,344.06,-0.37,109.75,test2
0.0009768009768009768,0.0485958485958486,0.06105006105006105,0.07374847374847375,0.006837606837606838,344.37,-0.19,109.56,test2
0.004151404151404151,0.0398046398046398,0.05396825396825397,0.06349206349206349,0.006349206349206349,344.25,-0.25,109.37,test2
0.006349206349206349,0.0336996336996337,0.04908424908424908,0.05616605616605617,0.006105006105006105,344.19,-0.25,109.19,test2
0.00805860805860806,0.029304029304029304,0.04542124542124542,0.05128205128205128,0.005860805860805861,343.5,-0.44,108.31,test2
0.009035409035409036,0.02612942612942613,0.04297924297924298,0.04786324786324787,0.005616605616605617,342.44,-1.06,105.25,test2
0.009523809523809525,0.024664224664224663,0.042735042735042736,0.0485958485958486,0.005616605616605617,342.31,-1.19,103.5,test2
0.009035409035409036,0.028083028083028084,0.05299145299145299,0.06031746031746032,0.006593406593406593,341.69,-1.5,101.0,test2
0.006349206349206349,0.035164835164835165,0.06691086691086691,0.07814407814407814,0.00757020757020757,341.37,-1.75,99.5,test2
0.0009768009768009768,0.04713064713064713,0.0778998778998779,0.09621489621489622,0.00805860805860806,340.81,-2.19,97.69,test2
0.005128205128205128,0.06153846153846154,0.08766788766788766,0.11086691086691086,0.009523809523809525,340.19,-2.5,96.62,test2
0.00927960927960928,0.07326007326007326,0.0945054945054945,0.12112332112332112,0.010500610500610501,340.0,-2.69,96.37,test2
0.01221001221001221,0.08156288156288156,0.09914529914529914,0.1282051282051282,0.011233211233211233,339.94,-2.69,95.87,test2
0.014163614163614164,0.08742368742368742,0.10061050061050061,0.13162393162393163,0.010744810744810745,339.56,-2.94,95.44,test2
0.01514041514041514,0.0905982905982906,0.10036630036630037,0.13333333333333333,0.010256410256410256,339.69,-2.94,95.31,test2
0.015873015873015872,0.09255189255189256,0.09987789987789988,0.13382173382173382,0.010012210012210013,339.12,-3.37,96.06,test2
0.015873015873015872,0.09352869352869353,0.09865689865689865,0.13357753357753357,0.009768009768009768,339.06,-3.25,99.75,test2
0.014652014652014652,0.09084249084249084,0.09426129426129426,0.1282051282051282,0.009523809523809525,340.81,-1.5,105.5,test2
0.010744810744810745,0.08107448107448108,0.08937728937728938,0.11452991452991453,0.009523809523809525,342.0,-0.62,107.5,test2
0.005128205128205128,0.06666666666666667,0.07838827838827839,0.09694749694749695,0.008302808302808303,342.5,-0.37,107.81,test2
0.0,0.054212454212454214,0.06837606837606838,0.08083028083028083,0.007326007326007326,342.69,-0.25,107.87,test2
0.003907203907203907,0.045177045177045176,0.06031746031746032,0.06886446886446887,0.006837606837606838,342.56,-0.37,107.81,test2
0.006837606837606838,0.038583638583638585,0.054212454212454214,0.06031746031746032,0.006349206349206349,342.69,-0.31,107.81,test2
0.008791208791208791,0.03394383394383394,0.04981684981684982,0.054212454212454214,0.005860805860805861,342.25,-0.5,107.56,test2
0.010012210012210013,0.03076923076923077,0.04664224664224664,0.050061050061050064,0.005860805860805861,341.62,-0.75,106.87,test2
0.01098901098901099,0.02857142857142857,0.044444444444444446,0.047619047619047616,0.005616605616605617,340.69,-1.37,104.37,test2
0.011233211233211233,0.02783882783882784,0.04371184371184371,0.04810744810744811,0.005616605616605617,339.31,-2.44,99.94,test2
0.010500610500610501,0.031746031746031744,0.054212454212454214,0.05885225885225885,0.006593406593406593,338.31,-3.19,96.94,test2
0.005616605616605617,0.043467643467643466,0.06935286935286936,0.07936507936507936,0.007326007326007326,337.19,-4.25,94.81,test2
0.002686202686202686,0.06031746031746032,0.08156288156288156,0.09963369963369964,0.00927960927960928,336.37,-5.12,93.94,test2
0.012942612942612943,0.07741147741147741,0.09230769230769231,0.11575091575091576,0.010500610500610501,335.56,-5.87,94.12,test2
0.021001221001221003,0.08962148962148962,0.09987789987789988,0.12722832722832722,0.011233211233211233,335.06,-6.31,94.37,test2
0.026373626373626374,0.09841269841269841,0.10500610500610501,0.13504273504273503,0.011965811965811967,334.31,-6.75,94.81,test2
0.03028083028083028,0.10451770451770452,0.10744810744810745,0.1391941391941392,0.01221001221001221,333.31,-7.31,95.62,test2
0.03199023199023199,0.10744810744810745,0.10695970695970695,0.14017094017094017,0.012698412698412698,332.69,-7.12,95.31,test2
0.030036630036630037,0.10451770451770452,0.10085470085470086,0.13382173382173382,0.011721611721611722,334.56,-5.37,96.37,test2
0.02490842490842491,0.09597069597069598,0.09474969474969475,0.1203907203907204,0.01098901098901099,336.94,-4.94,97.31,test2
0.018315018315018316,0.0822954822954823,0.08522588522588523,0.10476190476190476,0.00927960927960928,337.87,-5.75,96.37,test2
0.011965811965811967,0.06788766788766788,0.0757020757020757,0.08815628815628816,0.00805860805860806,338.81,-6.56,95.56,test2
0.007081807081807082,0.05641025641025641,0.06813186813186813,0.07472527472527472,0.007326007326007326,339.0,-7.06,95.12,test2
0.0031746031746031746,0.047619047619047616,0.06251526251526252,0.06471306471306472,0.006837606837606838,338.19,-7.37,95.06,test2
0.0007326007326007326,0.04151404151404151,0.05811965811965812,0.057387057387057384,0.006349206349206349,338.0,-7.62,95.12,test2
0.001221001221001221,0.03711843711843712,0.054945054945054944,0.05225885225885226,0.006105006105006105,337.62,-8.06,95.19,test2
0.002442002442002442,0.03418803418803419,0.052503052503052504,0.04884004884004884,0.005860805860805861,337.44,-8.31,95.19,test2
0.0031746031746031746,0.03199023199023199,0.05103785103785104,0.0463980463980464,0.005616605616605617,337.25,-8.69,94.44,test2
0.003418803418803419,0.030525030525030524,0.04981684981684982,0.045177045177045176,0.005616605616605617,337.12,-9.19,91.75,test2
0.003663003663003663,0.030525030525030524,0.050793650793650794,0.0485958485958486,0.005616605616605617,336.87,-9.69,89.37,test2
0.0029304029304029304,0.03492063492063492,0.05885225885225885,0.06153846153846154,0.006593406593406593,336.56,-9.75,89.37,test2
0.0014652014652014652,0.04371184371184371,0.07179487179487179,0.08205128205128205,0.008547008547008548,336.56,-9.69,89.0,test2
0.0019536019536019536,0.057387057387057384,0.08302808302808302,0.10231990231990232,0.010012210012210013,336.69,-9.75,88.19,test2
0.006349206349206349,0.07032967032967033,0.09157509157509157,0.1177045177045177,0.01098901098901099,336.56,-9.75,87.94,test2
0.01098901098901099,0.08156288156288156,0.09768009768009768,0.12844932844932844,0.011721611721611722,336.0,-9.75,88.19,test2
0.014163614163614164,0.08937728937728938,0.10183150183150183,0.136019536019536,0.01221001221001221,335.44,-9.94,88.31,test2
0.016361416361416362,0.09474969474969475,0.10402930402930403,0.14017094017094017,0.012454212454212455,335.12,-10.06,88.44,test2
0.017582417582417582,0.09865689865689865,0.10451770451770452,0.14236874236874236,0.012698412698412698,334.69,-10.44,88.44,test2
0.017826617826617826,0.10036630036630037,0.10378510378510379,0.14212454212454212,0.012698412698412698,334.75,-10.5,88.44,test2
0.01733821733821734,0.10012210012210013,0.1010989010989011,0.13943833943833944,0.012942612942612943,335.12,-10.38,89.0,test2
0.015384615384615385,0.09816849816849817,0.09645909645909646,0.1343101343101343,0.012942612942612943,335.19,-10.31,90.75,test2
0.012454212454212455,0.0927960927960928,0.09108669108669108,0.1242979242979243,0.011965811965811967,335.75,-10.19,91.56,test2
0.009035409035409036,0.08253968253968254,0.0844932844932845,0.10989010989010989,0.009768009768009768,335.69,-10.31,91.56,test2
0.005616605616605617,0.07032967032967033,0.07643467643467644,0.09548229548229548,0.008547008547008548,335.5,-10.5,91.0,test2
0.002686202686202686,0.059096459096459095,0.06984126984126984,0.08278388278388278,0.00757020757020757,335.31,-10.56,91.0,test2
0.0004884004884004884,0.05054945054945055,0.06495726495726496,0.07326007326007326,0.005616605616605617,335.12,-10.75,91.06,test2
0.001221001221001221,0.0442002442002442,0.06129426129426129,0.06617826617826618,0.004395604395604396,334.87,-11.06,91.06,test2
0.002442002442002442,0.03956043956043956,0.05860805860805861,0.060805860805860805,0.003663003663003663,334.5,-11.44,91.25,test2
0.003418803418803419,0.03638583638583639,0.0568986568986569,0.05714285714285714,0.0029304029304029304,334.12,-11.75,91.56,test2
0.004151404151404151,0.03394383394383394,0.05567765567765568,0.0547008547008547,0.003663003663003663,333.94,-12.19,91.25,test2
0.00463980463980464,0.03247863247863248,0.0547008547008547,0.053235653235653234,0.004151404151404151,333.69,-13.0,89.62,test2
0.004395604395604396,0.03394383394383394,0.05860805860805861,0.06031746031746032,0.005860805860805861,332.94,-13.25,90.12,test2
0.002686202686202686,0.04078144078144078,0.07057387057387057,0.07765567765567766,0.006837606837606838,332.81,-13.56,90.0,test2
0.003418803418803419,0.05543345543345543,0.08156288156288156,0.09768009768009768,0.008791208791208791,332.56,-13.88,89.44,test2
0.012454212454212455,0.0713064713064713,0.08913308913308914,0.11282051282051282,0.010012210012210013,332.62,-13.94,88.94,test2
0.020512820512820513,0.0844932844932845,0.0945054945054945,0.12332112332112333,0.01098901098901099,332.69,-13.88,88.69,test2
0.02612942612942613,0.09377289377289377,0.09816849816849817,0.13064713064713065,0.011477411477411478,332.69,-13.81,88.37,test2
0.030036630036630037,0.10036630036630037,0.10036630036630037,0.13553113553113552,0.011965811965811967,332.75,-13.81,88.37,test2
0.03223443223443224,0.10427350427350428,0.1010989010989011,0.13846153846153847,0.012454212454212455,332.31,-13.94,88.94,test2
0.033455433455433455,0.10622710622710622,0.10061050061050061,0.13894993894993896,0.012454212454212455,332.12,-13.19,91.75,test2
0.032722832722832725,0.1054945054945055,0.0971916971916972,0.13553113553113552,0.012698412698412698,331.81,-11.69,96.87,test2
0.02857142857142857,0.09865689865689865,0.09157509157509157,0.12722832722832722,0.011721611721611722,332.94,-8.81,102.25,test2
0.022222222222222223,0.0884004884004884,0.08693528693528693,0.11526251526251527,0.01098901098901099,335.37,-7.06,105.31,test2
0.014896214896214897,0.07521367521367521,0.08034188034188035,0.10085470085470086,0.00927960927960928,336.56,-6.19,106.19,test2
0.008302808302808303,0.06153846153846154,0.0713064713064713,0.08669108669108669,0.00805860805860806,336.94,-5.94,106.25,test2
0.0031746031746031746,0.05103785103785104,0.06349206349206349,0.07496947496947497,0.007326007326007326,337.0,-5.87,106.31,test2
0.0004884004884004884,0.04371184371184371,0.05787545787545788,0.06666666666666667,0.006837606837606838,336.62,-6.0,106.0,test2
0.0029304029304029304,0.038583638583638585,0.05372405372405373,0.060805860805860805,0.006349206349206349,336.25,-6.19,105.62,test2
0.004395604395604396,0.035164835164835165,0.05103785103785104,0.056654456654456654,0.006105006105006105,336.0,-6.56,103.06,test2
0.005128205128205128,0.03296703296703297,0.04981684981684982,0.0547008547008547,0.005860805860805861,335.75,-7.12,96.81,test2
0.00463980463980464,0.035897435897435895,0.05641025641025641,0.05934065934065934,0.005616605616605617,335.44,-7.75,93.87,test2
0.0004884004884004884,0.04542124542124542,0.06910866910866911,0.0735042735042735,0.006837606837606838,335.25,-8.0,92.56,test2
0.006105006105006105,0.05860805860805861,0.07814407814407814,0.08864468864468865,0.00757020757020757,335.0,-8.31,92.0,test2
0.011233211233211233,0.06910866910866911,0.0844932844932845,0.09938949938949938,0.00805860805860806,334.87,-8.44,92.0,test2
0.014652014652014652,0.07643467643467644,0.08888888888888889,0.10671550671550671,0.008547008547008548,334.81,-8.5,91.94,test2
0.01733821733821734,0.08156288156288156,0.09010989010989011,0.11208791208791209,0.008791208791208791,334.81,-8.44,91.94,test2
0.018315018315018316,0.08400488400488401,0.08986568986568987,0.11452991452991453,0.008791208791208791,334.81,-8.44,92.19,test2
0.018803418803418803,0.08522588522588523,0.08888888888888889,0.11575091575091576,0.009035409035409036,334.56,-8.63,92.81,test2
0.018803418803418803,0.08522588522588523,0.08742368742368742,0.11575091575091576,0.009035409035409036,334.44,-8.31,96.75,test2
0.01733821733821734,0.08327228327228327,0.08424908424908426,0.11208791208791209,0.00927960927960928,335.81,-5.94,104.87,test2
0.01221001221001221,0.0757020757020757,0.08180708180708181,0.10134310134310134,0.00927960927960928,337.94,-4.69,107.5,test2
0.005128205128205128,0.06202686202686203,0.07326007326007326,0.08669108669108669,0.00805860805860806,338.87,-4.31,108.06,test2
0.0002442002442002442,0.050793650793650794,0.06422466422466422,0.07326007326007326,0.007326007326007326,339.12,-4.12,108.06,test2
0.0031746031746031746,0.042002442002442006,0.0568986568986569,0.06275946275946276,0.006837606837606838,339.12,-4.0,108.31,test2
0.005616605616605617,0.036141636141636145,0.051770451770451774,0.05543345543345543,0.006349206349206349,338.75,-4.12,108.5,test2
0.007081807081807082,0.031746031746031744,0.04810744810744811,0.05030525030525031,0.006105006105006105,337.62,-4.81,107.81,test2
0.008302808302808303,0.029792429792429794,0.04713064713064713,0.04932844932844933,0.005860805860805861,336.62,-5.12,104.69,test2
0.00805860805860806,0.0315018315018315,0.054212454212454214,0.05372405372405373,0.005860805860805861,337.0,-5.25,101.0,test2
0.006593406593406593,0.03736263736263736,0.06617826617826618,0.06593406593406594,0.006837606837606838,337.5,-4.87,98.62,test2
0.0002442002442002442,0.05030525030525031,0.0778998778998779,0.08400488400488401,0.00757020757020757,337.37,-5.06,97.44,test2
0.00757020757020757,0.06471306471306472,0.0862026862026862,0.09841269841269841,0.00927960927960928,337.81,-4.81,96.94,test2
0.013186813186813187,0.07496947496947497,0.09181929181929183,0.10842490842490843,0.010500610500610501,337.5,-5.12,96.37,test2
0.017094017094017096,0.08205128205128205,0.09474969474969475,0.11550671550671551,0.011233211233211233,337.31,-5.5,96.0,test2
0.019291819291819293,0.0862026862026862,0.09572649572649573,0.11965811965811966,0.011721611721611722,336.87,-5.94,95.75,test2
0.020024420024420026,0.08864468864468865,0.09548229548229548,0.1221001221001221,0.01221001221001221,336.37,-6.44,95.62,test2
0.02026862026862027,0.08962148962148962,0.0945054945054945,0.12283272283272283,0.012454212454212455,336.19,-6.87,95.87,test2
0.01978021978021978,0.08962148962148962,0.09255189255189256,0.12136752136752137,0.012698412698412698,336.25,-7.31,97.06,test2
0.018315018315018316,0.08742368742368742,0.08913308913308914,0.11746031746031746,0.011721611721611722,336.19,-7.12,101.31,test2
0.015384615384615385,0.08327228327228327,0.08547008547008547,0.10964590964590964,0.01098901098901099,339.81,-4.62,106.5,test2
0.010500610500610501,0.07326007326007326,0.08131868131868132,0.09768009768009768,0.010500610500610501,343.19,-2.94,109.06,test2
0.003907203907203907,0.05934065934065934,0.0713064713064713,0.0822954822954823,0.010012210012210013,344.5,-2.5,108.56,test2
0.001221001221001221,0.04664224664224664,0.06153846153846154,0.06813186813186813,0.009768009768009768,345.12,-2.06,108.06,test2
0.004884004884004884,0.03785103785103785,0.054212454212454214,0.057631257631257635,0.009523809523809525,345.37,-1.94,107.94,test2
0.00757020757020757,0.0315018315018315,0.04884004884004884,0.05030525030525031,0.008302808302808303,345.75,-1.87,107.94,test2
0.00927960927960928,0.027106227106227107,0.04493284493284493,0.045177045177045176,0.00757020757020757,345.69,-1.87,108.12,test2
0.010500610500610501,0.024175824175824177,0.04224664224664225,0.042002442002442006,0.006837606837606838,345.44,-2.0,108.25,test2
0.011477411477411478,0.02197802197802198,0.040293040293040296,0.03956043956043956,0.006593406593406593,344.69,-2.44,108.19,test2
0.011721611721611722,0.021001221001221003,0.03907203907203907,0.03833943833943834,0.006105006105006105,343.94,-2.75,106.25,test2
0.01098901098901099,0.020757020757020756,0.03907203907203907,0.038583638583638585,0.005860805860805861,342.62,-3.62,100.69,test2
0.009523809523809525,0.023687423687423687,0.04493284493284493,0.04395604395604396,0.005860805860805861,342.12,-4.69,95.75,test2
0.003663003663003663,0.03394383394383394,0.06227106227106227,0.06275946275946276,0.006837606837606838,341.06,-6.19,94.44,test2
0.00463980463980464,0.051770451770451774,0.0757020757020757,0.08473748473748474,0.008791208791208791,341.12,-6.19,94.25,test2
0.010500610500610501,0.06422466422466422,0.08498168498168499,0.10012210012210013,0.010012210012210013,341.0,-6.19,94.0,test2
0.014407814407814409,0.07301587301587302,0.09133089133089133,0.11086691086691086,0.01098901098901099,341.06,-6.12,93.94,test2
0.016605616605616606,0.07887667887667887,0.09426129426129426,0.11721611721611722,0.011721611721611722,340.12,-6.5,93.87,test2
0.017826617826617826,0.08253968253968254,0.09523809523809523,0.12112332112332112,0.01221001221001221,339.25,-6.81,94.0,test2
0.018315018315018316,0.08473748473748474,0.09523809523809523,0.12258852258852258,0.012454212454212455,338.69,-7.44,94.44,test2
0.018070818070818073,0.08571428571428572,0.0945054945054945,0.12307692307692308,0.012698412698412698,338.06,-8.06,95.94,test2
0.017094017094017096,0.08473748473748474,0.09255189255189256,0.12063492063492064,0.011721611721611722,339.87,-4.81,106.37,test2
0.014652014652014652,0.07863247863247863,0.08937728937728938,0.11282051282051282,0.01098901098901099,343.06,-2.37,110.0,test2
0.00757020757020757,0.06495726495726496,0.08034188034188035,0.09523809523809523,0.010500610500610501,344.06,-1.75,109.75,test2
0.001221001221001221,0.052503052503052504,0.07032967032967033,0.07838827838827839,0.010256410256410256,343.87,-1.69,109.62,test2
0.0031746031746031746,0.04322344322344322,0.06227106227106227,0.06691086691086691,0.010012210012210013,343.75,-1.75,109.56,test2
0.006349206349206349,0.03663003663003663,0.05641025641025641,0.05860805860805861,0.009768009768009768,343.69,-1.87,109.62,test2
0.008547008547008548,0.03199023199023199,0.05201465201465202,0.05299145299145299,0.009523809523809525,343.75,-1.81,109.31,test2
0.010256410256410256,0.028815628815628817,0.04908424908424908,0.04908424908424908,0.009523809523809525,343.69,-1.94,108.94,test2
0.011233211233211233,0.026373626373626374,0.046886446886446886,0.0463980463980464,0.009523809523809525,343.75,-1.87,108.87,test2
0.011721611721611722,0.02490842490842491,0.04542124542124542,0.044444444444444446,0.00927960927960928,344.0,-1.69,109.0,test2
0.01221001221001221,0.023443223443223443,0.0442002442002442,0.04322344322344322,0.008302808302808303,344.0,-1.69,108.56,test2
0.012454212454212455,0.02271062271062271,0.043467643467643466,0.04249084249084249,0.007326007326007326,343.81,-1.75,107.75,test2
0.012454212454212455,0.02197802197802198,0.04297924297924298,0.041758241758241756,0.006837606837606838,342.87,-2.69,103.75,test2
0.011233211233211233,0.023931623931623933,0.04786324786324787,0.04737484737484737,0.00757020757020757,341.75,-4.44,97.87,test2
0.004884004884004884,0.03467643467643468,0.06568986568986569,0.06862026862026863,0.00927960927960928,341.19,-5.81,95.37,test2
0.004884004884004884,0.05030525030525031,0.07863247863247863,0.0905982905982906,0.011477411477411478,340.94,-6.12,95.44,test2
0.012698412698412698,0.06349206349206349,0.08742368742368742,0.10598290598290598,0.013186813186813187,340.87,-6.12,95.31,test2
0.018070818070818073,0.07277167277167278,0.09377289377289377,0.11672771672771673,0.014407814407814409,341.0,-6.06,94.87,test2
0.02197802197802198,0.07936507936507936,0.09621489621489622,0.12258852258852258,0.01391941391941392,341.0,-6.12,94.75,test2
0.023931623931623933,0.08327228327228327,0.09645909645909646,0.12527472527472527,0.013675213675213675,340.87,-6.25,94.81,test2
0.025152625152625153,0.0862026862026862,0.09621489621489622,0.1264957264957265,0.013431013431013432,340.5,-6.44,95.44,test2
0.02564102564102564,0.08717948717948718,0.09499389499389499,0.12625152625152625,0.013431013431013432,340.69,-5.81,98.69,test2
0.02271062271062271,0.08278388278388278,0.09133089133089133,0.11941391941391942,0.013186813186813187,339.75,-5.44,102.37,test2
0.017094017094017096,0.073992673992674,0.08742368742368742,0.1076923076923077,0.01221001221001221,339.94,-4.75,105.69,test2
0.01221001221001221,0.06544566544566545,0.08156288156288156,0.09694749694749695,0.011233211233211233,341.5,-3.69,108.19,test2
0.007814407814407814,0.056654456654456654,0.07496947496947497,0.08693528693528693,0.010744810744810745,343.19,-2.56,108.5,test2
0.003663003663003663,0.04713064713064713,0.06666666666666667,0.07667887667887668,0.010256410256410256,343.37,-2.37,108.62,test2
0.0002442002442002442,0.03907203907203907,0.059096459096459095,0.0673992673992674,0.008791208791208791,343.31,-2.31,108.62,test2
0.002197802197802198,0.033455433455433455,0.053235653235653234,0.06056166056166056,0.007814407814407814,342.94,-2.56,108.12,test2
0.004151404151404151,0.029304029304029304,0.04908424908424908,0.055921855921855924,0.007081807081807082,342.75,-2.75,108.56,test2
0.005372405372405372,0.026373626373626374,0.046153846153846156,0.05225885225885226,0.006349206349206349,342.87,-2.69,108.87,test2
0.006349206349206349,0.02442002442002442,0.04395604395604396,0.04981684981684982,0.006105006105006105,342.56,-2.81,107.75,test2
0.007081807081807082,0.0231990231990232,0.04249084249084249,0.04835164835164835,0.005860805860805861,342.0,-3.44,102.56,test2
0.007081807081807082,0.0231990231990232,0.04371184371184371,0.04957264957264957,0.005860805860805861,341.69,-4.56,97.06,test2
0.0017094017094017094,0.03467643467643468,0.05982905982905983,0.06862026862026863,0.006837606837606838,340.69,-5.94,93.87,test2
0.006349206349206349,0.04957264957264957,0.0713064713064713,0.08791208791208792,0.008791208791208791,339.75,-6.94,94.0,test2
0.011965811965811967,0.05982905982905983,0.07912087912087912,0.10134310134310134,0.010012210012210013,339.56,-6.94,94.87,test2
0.01611721611721612,0.06691086691086691,0.0844932844932845,0.11086691086691086,0.01098901098901099,339.62,-6.94,94.56,test2
0.01733821733821734,0.07155067155067155,0.08400488400488401,0.11282051282051282,0.011721611721611722,339.75,-6.87,94.06,test2
0.01733821733821734,0.07448107448107448,0.08327228327228327,0.11428571428571428,0.01098901098901099,339.81,-6.87,93.94,test2
0.017094017094017096,0.07594627594627594,0.08253968253968254,0.11501831501831501,0.010500610500610501,339.37,-6.56,97.62,test2
0.016605616605616606,0.07692307692307693,0.08083028083028083,0.11404151404151404,0.010256410256410256,341.56,-3.5,107.62,test2
0.013186813186813187,0.07155067155067155,0.0796092796092796,0.10476190476190476,0.009768009768009768,345.06,-1.31,109.81,test2
0.006837606837606838,0.05934065934065934,0.0713064713064713,0.09157509157509157,0.009768009768009768,345.25,-1.12,110.31,test2
0.0009768009768009768,0.04737484737484737,0.06227106227106227,0.07667887667887668,0.008302808302808303,345.19,-1.25,110.37,test2
0.0031746031746031746,0.038583638583638585,0.05518925518925519,0.06568986568986569,0.00757020757020757,344.94,-1.44,110.25,test2
0.006349206349206349,0.03247863247863248,0.04981684981684982,0.05787545787545788,0.006837606837606838,344.75,-1.5,110.06,test2
0.008302808302808303,0.028327228327228327,0.04590964590964591,0.052503052503052504,0.006593406593406593,344.75,-1.56,110.12,test2
0.009768009768009768,0.025152625152625153,0.04322344322344322,0.04884004884004884,0.006105006105006105,344.44,-1.69,110.06,test2
0.010744810744810745,0.0231990231990232,0.04151404151404151,0.046153846153846156,0.006105006105006105,344.69,-1.62,110.37,test2
0.011477411477411478,0.021733821733821733,0.04004884004884005,0.0442002442002442,0.005860805860805861,344.56,-1.62,110.25,test2
0.011965811965811967,0.020757020757020756,0.03907203907203907,0.04297924297924298,0.005616605616605617,343.37,-1.94,106.87,test2
0.01221001221001221,0.02026862026862027,0.03833943833943834,0.04224664224664225,0.005616605616605617,341.69,-4.69,95.94,test2
0.00805860805860806,0.025885225885225887,0.04908424908424908,0.05299145299145299,0.005616605616605617,341.62,-5.0,92.31,test2
0.0019536019536019536,0.044444444444444446,0.06642246642246642,0.07716727716727717,0.006837606837606838,341.5,-5.31,90.94,test2
0.010256410256410256,0.06153846153846154,0.07838827838827839,0.09401709401709402,0.008547008547008548,341.25,-5.56,90.62,test2
0.01611721611721612,0.0735042735042735,0.08693528693528693,0.10598290598290598,0.010012210012210013,341.0,-5.75,90.25,test2
0.02026862026862027,0.08180708180708181,0.09108669108669108,0.11330891330891331,0.01098901098901099,340.87,-5.75,90.25,test2
0.022222222222222223,0.08693528693528693,0.0927960927960928,0.11746031746031746,0.010500610500610501,340.69,-5.94,90.25,test2
0.02271062271062271,0.08913308913308914,0.09255189255189256,0.11892551892551892,0.010256410256410256,340.69,-5.87,90.06,test2
0.022222222222222223,0.08986568986568987,0.09133089133089133,0.11868131868131868,0.009768009768009768,340.69,-5.94,90.25,test2
0.021245421245421246,0.08986568986568987,0.08986568986568987,0.11794871794871795,0.009768009768009768,340.06,-6.25,91.94,test2
0.02026862026862027,0.08962148962148962,0.0884004884004884,0.11697191697191697,0.009523809523809525,339.94,-5.44,98.94,test2
0.018070818070818073,0.08644688644688645,0.08571428571428572,0.11184371184371185,0.00927960927960928,341.25,-3.69,106.94,test2
0.012698412698412698,0.07741147741147741,0.08205128205128205,0.09987789987789988,0.00927960927960928,342.31,-2.94,109.25,test2
0.006105006105006105,0.06275946275946276,0.07252747252747253,0.08547008547008547,0.00805860805860806,342.81,-2.75,109.37,test2
0.0007326007326007326,0.05103785103785104,0.06398046398046398,0.07277167277167278,0.007326007326007326,342.81,-2.81,109.25,test2
0.0029304029304029304,0.042735042735042736,0.057631257631257635,0.06398046398046398,0.006837606837606838,342.81,-2.87,109.19,test2
0.005616605616605617,0.036874236874236875,0.05299145299145299,0.057631257631257635,0.006349206349206349,342.87,-2.81,109.37,test2
0.00757020757020757,0.03296703296703297,0.04981684981684982,0.053235653235653234,0.006105006105006105,342.81,-2.87,109.81,test2
0.008791208791208791,0.030036630036630037,0.047619047619047616,0.050061050061050064,0.00463980463980464,343.37,-2.5,110.5,test2
0.009768009768009768,0.027594627594627594,0.04542124542124542,0.047619047619047616,0.003663003663003663,343.31,-2.5,110.25,test2
0.010744810744810745,0.024664224664224663,0.042735042735042736,0.04590964590964591,0.0031746031746031746,342.87,-2.69,109.62,test2
0.011233211233211233,0.02271062271062271,0.04078144078144078,0.04468864468864469,0.002686202686202686,341.94,-3.19,107.0,test2
0.011721611721611722,0.02148962148962149,0.039316239316239315,0.04371184371184371,0.003418803418803419,340.25,-5.12,101.69,test2
0.008791208791208791,0.025396825396825397,0.04908424908424908,0.05299145299145299,0.005372405372405372,338.56,-7.5,98.0,test2
0.002442002442002442,0.035897435897435895,0.06471306471306472,0.07326007326007326,0.00757020757020757,337.75,-8.44,97.87,test2
0.00463980463980464,0.05054945054945055,0.0757020757020757,0.09035409035409035,0.00927960927960928,337.31,-8.69,97.81,test2
0.009523809523809525,0.060805860805860805,0.08327228327228327,0.10231990231990232,0.010500610500610501,337.5,-8.63,97.5,test2
0.012942612942612943,0.06788766788766788,0.08693528693528693,0.11062271062271062,0.011233211233211233,337.56,-8.63,96.44,test2
0.014896214896214897,0.07203907203907203,0.0884004884004884,0.11550671550671551,0.011721611721611722,337.5,-8.69,96.31,test2
0.01562881562881563,0.07472527472527472,0.08864468864468865,0.11819291819291819,0.01221001221001221,337.5,-8.81,96.44,test2
0.015873015873015872,0.07643467643467644,0.08864468864468865,0.11965811965811966,0.012454212454212455,337.06,-9.13,96.44,test2
0.01514041514041514,0.07716727716727717,0.08791208791208792,0.11916971916971918,0.012698412698412698,336.69,-9.5,96.56,test2
0.014407814407814409,0.07667887667887668,0.08571428571428572,0.11697191697191697,0.011721611721611722,337.19,-9.06,100.5,test2
0.012454212454212455,0.07326007326007326,0.08278388278388278,0.10989010989010989,0.01098901098901099,339.94,-5.19,109.0,test2
0.00757020757020757,0.06398046398046398,0.07741147741147741,0.09645909645909646,0.010500610500610501,342.5,-3.31,110.69,test2
0.001221001221001221,0.050793650793650794,0.0673992673992674,0.08107448107448108,0.010012210012210013,343.37,-2.75,110.37,test2
0.003663003663003663,0.04004884004884005,0.05885225885225885,0.06764346764346764,0.008791208791208791,343.56,-2.56,109.94,test2
0.007326007326007326,0.03223443223443224,0.05201465201465202,0.057387057387057384,0.00757020757020757,343.87,-2.37,109.81,test2
0.010012210012210013,0.026862026862026864,0.04713064713064713,0.050061050061050064,0.006837606837606838,343.69,-2.37,109.56,test2
0.011721611721611722,0.022954822954822957,0.043467643467643466,0.045177045177045176,0.006349206349206349,343.5,-2.31,109.25,test2
0.012942612942612943,0.02026862026862027,0.04078144078144078,0.04151404151404151,0.006105006105006105,343.25,-2.25,108.75,test2
0.013675213675213675,0.01855921855921856,0.03907203907203907,0.039316239316239315,0.005860805860805861,342.19,-2.62,107.44,test2
0.013431013431013432,0.018070818070818073,0.0380952380952381,0.03907203907203907,0.005860805860805861,340.12,-3.69,104.25,test2
0.012698412698412698,0.019291819291819293,0.04053724053724054,0.042002442002442006,0.005616605616605617,339.5,-5.0,100.12,test2
0.011233211233211233,0.025885225885225887,0.05225885225885226,0.05274725274725275,0.006837606837606838,338.81,-6.62,95.62,test2
0.00927960927960928,0.03785103785103785,0.06471306471306472,0.07032967032967033,0.00757020757020757,337.81,-7.75,94.69,test2
0.003418803418803419,0.05396825396825397,0.07448107448107448,0.0884004884004884,0.009035409035409036,337.5,-8.19,94.94,test2
0.0017094017094017094,0.06544566544566545,0.08107448107448108,0.1010989010989011,0.010256410256410256,337.19,-8.44,94.94,test2
0.005128205128205128,0.0735042735042735,0.08571428571428572,0.10989010989010989,0.011233211233211233,337.31,-8.5,95.06,test2
0.007814407814407814,0.0778998778998779,0.08742368742368742,0.11452991452991453,0.011721611721611722,337.19,-8.63,95.0,test2
0.00927960927960928,0.08034188034188035,0.08766788766788766,0.11672771672771673,0.01221001221001221,337.0,-8.75,95.19,test2
0.010012210012210013,0.08131868131868132,0.08717948717948718,0.1177045177045177,0.011233211233211233,337.0,-8.63,95.69,test2
0.010012210012210013,0.08058608058608059,0.08522588522588523,0.11623931623931624,0.010744810744810745,337.37,-8.19,96.69,test2
0.00927960927960928,0.07741147741147741,0.08205128205128205,0.11135531135531136,0.010256410256410256,337.75,-7.5,98.5,test2
0.007326007326007326,0.07252747252747253,0.07863247863247863,0.10476190476190476,0.010012210012210013,339.81,-4.12,106.19,test2
0.00463980463980464,0.06666666666666667,0.0761904761904762,0.09645909645909646,0.008547008547008548,343.69,-1.56,109.31,test2
0.0002442002442002442,0.057387057387057384,0.07032967032967033,0.08473748473748474,0.00757020757020757,344.75,-0.81,109.69,test2
0.004395604395604396,0.04542124542124542,0.060805860805860805,0.07032967032967033,0.007081807081807082,345.0,-0.62,109.81,test2
0.008302808302808303,0.035897435897435895,0.05274725274725275,0.05885225885225885,0.006593406593406593,344.75,-0.69,109.56,test2
0.011233211233211233,0.028815628815628817,0.046886446886446886,0.05030525030525031,0.006349206349206349,344.94,-0.62,109.5,test2
0.013186813186813187,0.024175824175824177,0.04224664224664225,0.044444444444444446,0.006105006105006105,344.56,-0.75,108.81,test2
0.014652014652014652,0.020757020757020756,0.03907203907203907,0.040293040293040296,0.005860805860805861,344.56,-0.69,108.12,test2
0.01562881562881563,0.018315018315018316,0.03663003663003663,0.037606837606837605,0.005616605616605617,344.81,-0.5,108.0,test2
0.01611721611721612,0.017094017094017096,0.03492063492063492,0.036141636141636145,0.005616605616605617,344.62,-0.56,107.56,test2
0.016605616605616606,0.016361416361416362,0.03394383394383394,0.035164835164835165,0.005372405372405372,344.81,-0.44,107.19,test2
0.016605616605616606,0.015873015873015872,0.03321123321123321,0.03467643467643468,0.005372405372405372,344.94,-0.44,106.75,test2
0.016605616605616606,0.015384615384615385,0.032722832722832725,0.03418803418803419,0.005372405372405372,344.56,-0.37,106.19,test2
0.01611721611721612,0.01562881562881563,0.03296703296703297,0.03492063492063492,0.005372405372405372,342.37,-2.5,99.06,test2
0.013186813186813187,0.017582417582417582,0.03736263736263736,0.039316239316239315,0.005372405372405372,340.69,-4.37,95.44,test2
0.007814407814407814,0.027594627594627594,0.054945054945054944,0.06056166056166056,0.006593406593406593,339.69,-5.75,93.44,test2
0.0,0.04468864468864469,0.06935286935286936,0.08253968253968254,0.008547008547008548,339.44,-6.37,92.94,test2
0.005372405372405372,0.05787545787545788,0.07936507936507936,0.0989010989010989,0.009768009768009768,338.69,-7.31,91.75,test2
0.009035409035409036,0.06691086691086691,0.0862026862026862,0.11037851037851037,0.010744810744810745,338.25,-8.13,90.81,test2
0.011233211233211233,0.0735042735042735,0.09010989010989011,0.11843711843711843,0.011477411477411478,338.06,-8.31,90.87,test2
0.011721611721611722,0.07667887667887668,0.09108669108669108,0.1221001221001221,0.011965811965811967,337.94,-8.38,91.0,test2
0.011721611721611722,0.07838827838827839,0.0905982905982906,0.12307692307692308,0.01221001221001221,338.0,-8.38,91.12,test2
0.011233211233211233,0.07838827838827839,0.08937728937728938,0.12258852258852258,0.012454212454212455,337.69,-8.56,92.06,test2
0.010256410256410256,0.07716727716727717,0.08766788766788766,0.11916971916971918,0.011477411477411478,338.31,-7.62,96.31,test2
0.008302808302808303,0.07326007326007326,0.08571428571428572,0.11086691086691086,0.01098901098901099,341.12,-3.62,106.44,test2
0.004151404151404151,0.06422466422466422,0.08034188034188035,0.0971916971916972,0.010500610500610501,343.19,-2.12,108.94,test2
0.0019536019536019536,0.05103785103785104,0.07008547008547009,0.08156288156288156,0.010256410256410256,343.75,-1.62,109.37,test2
0.006593406593406593,0.0398046398046398,0.060805860805860805,0.06788766788766788,0.009768009768009768,344.0,-1.56,109.25,test2
0.010012210012210013,0.031746031746031744,0.05396825396825397,0.05787545787545788,0.009523809523809525,344.06,-1.5,109.25,test2
0.01221001221001221,0.02612942612942613,0.04884004884004884,0.050793650793650794,0.008302808302808303,344.44,-1.37,109.06,test2
0.01391941391941392,0.022222222222222223,0.045177045177045176,0.04566544566544566,0.00757020757020757,344.5,-1.37,109.0,test2
0.01514041514041514,0.019291819291819293,0.04249084249084249,0.04224664224664225,0.006837606837606838,344.0,-1.56,108.56,test2
0.01562881562881563,0.017582417582417582,0.04078144078144078,0.0398046398046398,0.006349206349206349,343.94,-1.56,108.0,test2
0.01514041514041514,0.017094017094017096,0.03956043956043956,0.038583638583638585,0.006105006105006105,343.62,-1.56,107.06,test2
0.014407814407814409,0.01684981684981685,0.03882783882783883,0.03785103785103785,0.005860805860805861,341.94,-2.94,101.94,test2
0.013431013431013432,0.017582417582417582,0.041025641025641026,0.041025641025641026,0.006837606837606838,341.69,-4.25,96.37,test2
0.009768009768009768,0.02612942612942613,0.057387057387057384,0.05958485958485959,0.008791208791208791,340.5,-6.31,90.81,test2
0.004151404151404151,0.044444444444444446,0.07252747252747253,0.08376068376068375,0.011233211233211233,339.87,-7.0,90.0,test2
0.0007326007326007326,0.057387057387057384,0.08302808302808302,0.10061050061050061,0.012942612942612943,339.75,-7.12,89.81,test2
0.004151404151404151,0.06642246642246642,0.09035409035409035,0.11257631257631258,0.014163614163614164,339.75,-7.19,89.87,test2
0.006349206349206349,0.07277167277167278,0.09377289377289377,0.11868131868131868,0.01514041514041514,339.56,-7.37,89.87,test2
0.00757020757020757,0.07643467643467644,0.09474969474969475,0.12185592185592185,0.01562881562881563,339.75,-7.25,90.25,test2
0.007814407814407814,0.07814407814407814,0.09474969474969475,0.12307692307692308,0.014896214896214897,339.25,-7.25,91.12,test2
0.007814407814407814,0.07863247863247863,0.09328449328449329,0.12234432234432234,0.014407814407814409,338.44,-7.12,93.5,test2
0.006105006105006105,0.07667887667887668,0.0905982905982906,0.11746031746031746,0.01391941391941392,339.75,-5.12,98.19,test2
0.003418803418803419,0.0713064713064713,0.08742368742368742,0.10744810744810745,0.013675213675213675,341.75,-2.62,104.44,test2
0.0002442002442002442,0.06227106227106227,0.08034188034188035,0.09328449328449329,0.012454212454212455,342.69,-1.81,106.37,test2
0.00463980463980464,0.050793650793650794,0.07008547008547009,0.07765567765567766,0.010256410256410256,342.69,-1.69,106.87,test2
0.008547008547008548,0.041025641025641026,0.06105006105006105,0.06471306471306472,0.008791208791208791,342.87,-1.56,107.25,test2
0.011721611721611722,0.03321123321123321,0.05396825396825397,0.05445665445665446,0.007814407814407814,343.06,-1.37,107.12,test2
0.01391941391941392,0.027594627594627594,0.04835164835164835,0.046886446886446886,0.007081807081807082,342.69,-1.56,107.06,test2
0.015384615384615385,0.023443223443223443,0.0442002442002442,0.041758241758241756,0.006593406593406593,342.87,-1.37,106.56,test2
0.016605616605616606,0.020757020757020756,0.04126984126984127,0.0380952380952381,0.006349206349206349,342.25,-1.69,105.94,test2
0.01733821733821734,0.018803418803418803,0.039316239316239315,0.035897435897435895,0.006105006105006105,342.06,-1.75,105.44,test2
0.017582417582417582,0.017582417582417582,0.03785103785103785,0.03492063492063492,0.005860805860805861,341.0,-2.44,103.87,test2
0.01733821733821734,0.017582417582417582,0.0380952380952381,0.03711843711843712,0.005860805860805861,340.25,-3.25,98.81,test2
0.015384615384615385,0.020757020757020756,0.0442002442002442,0.044444444444444446,0.005616605616605617,340.12,-4.12,93.19,test2
0.01098901098901099,0.03223443223443224,0.06031746031746032,0.06349206349206349,0.00805860805860806,339.62,-4.31,90.25,test2
0.004395604395604396,0.04786324786324787,0.07521367521367521,0.0862026862026862,0.009523809523809525,339.5,-4.69,88.62,test2
0.0031746031746031746,0.06251526251526252,0.08547008547008547,0.10402930402930403,0.011721611721611722,339.5,-4.81,87.75,test2
0.008302808302808303,0.07277167277167278,0.0927960927960928,0.11648351648351649,0.013431013431013432,339.44,-4.87,87.56,test2
0.011965811965811967,0.0800976800976801,0.09743589743589744,0.12503052503052503,0.014407814407814409,339.56,-4.81,87.5,test2
0.013675213675213675,0.08400488400488401,0.09938949938949938,0.12967032967032968,0.015384615384615385,339.25,-5.06,87.44,test2
0.014407814407814409,0.08595848595848596,0.09987789987789988,0.13186813186813187,0.015873015873015872,339.37,-5.0,87.44,test2
0.014652014652014652,0.08693528693528693,0.09963369963369964,0.13235653235653236,0.01611721611721612,338.87,-5.25,88.12,test2
0.014407814407814409,0.08717948717948718,0.09865689865689865,0.13211233211233211,0.015384615384615385,338.19,-4.81,93.44,test2
0.013186813186813187,0.08595848595848596,0.09523809523809523,0.12673992673992673,0.014652014652014652,339.37,-2.31,102.87,test2
0.008791208791208791,0.07838827838827839,0.09133089133089133,0.11306471306471307,0.014407814407814409,341.62,-0.56,107.06,test2
0.0019536019536019536,0.06617826617826618,0.08180708180708181,0.09621489621489622,0.011477411477411478,343.12,-0.06,107.75,test2
0.003663003663003663,0.052503052503052504,0.0713064713064713,0.0800976800976801,0.009768009768009768,343.37,-0.06,107.62,test2
0.007814407814407814,0.041758241758241756,0.063003663003663,0.06764346764346764,0.008302808302808303,343.19,-0.19,107.75,test2
0.010744810744810745,0.034432234432234435,0.056654456654456654,0.05885225885225885,0.007326007326007326,343.44,-0.13,107.69,test2
0.012698412698412698,0.02905982905982906,0.051770451770451774,0.052503052503052504,0.006837606837606838,343.12,-0.31,107.56,test2
0.014163614163614164,0.025396825396825397,0.0485958485958486,0.04810744810744811,0.006349206349206349,343.31,-0.31,107.25,test2
0.01514041514041514,0.022954822954822957,0.0463980463980464,0.045177045177045176,0.006105006105006105,342.81,-0.62,105.81,test2
0.015384615384615385,0.021245421245421246,0.04468864468864469,0.04395604395604396,0.005860805860805861,341.56,-1.81,99.37,test2
0.014896214896214897,0.02148962148962149,0.04737484737484737,0.04713064713064713,0.006837606837606838,341.0,-3.0,92.87,test2
0.010744810744810745,0.026862026862026864,0.060805860805860805,0.06349206349206349,0.008791208791208791,339.94,-4.5,89.75,test2
0.003418803418803419,0.04151404151404151,0.0761904761904762,0.08693528693528693,0.010256410256410256,339.62,-5.19,88.94,test2
0.006105006105006105,0.05860805860805861,0.08791208791208792,0.10500610500610501,0.01221001221001221,339.06,-5.69,89.06,test2
0.012942612942612943,0.07081807081807082,0.09597069597069598,0.1177045177045177,0.013675213675213675,339.25,-5.62,89.19,test2
0.017582417582417582,0.07936507936507936,0.10183150183150183,0.12673992673992673,0.014652014652014652,338.94,-5.81,89.19,test2
0.020512820512820513,0.08547008547008547,0.10451770451770452,0.13162393162393163,0.015384615384615385,339.06,-5.75,89.12,test2
0.02197802197802198,0.08888888888888889,0.10573870573870574,0.1343101343101343,0.014652014652014652,338.94,-5.87,89.06,test2
0.02271062271062271,0.09084249084249084,0.10573870573870574,0.13528693528693528,0.014407814407814409,338.87,-5.94,89.12,test2
0.022954822954822957,0.09157509157509157,0.10500610500610501,0.1347985347985348,0.01391941391941392,339.06,-5.87,89.12,test2
0.022466422466422466,0.09157509157509157,0.10378510378510379,0.13406593406593406,0.013675213675213675,338.81,-6.06,89.12,test2
0.02197802197802198,0.09108669108669108,0.10231990231990232,0.1330891330891331,0.013675213675213675,338.75,-5.94,90.44,test2
0.02148962148962149,0.09035409035409035,0.1010989010989011,0.13211233211233211,0.013431013431013432,338.75,-4.94,97.19,test2
0.019291819291819293,0.08644688644688645,0.0971916971916972,0.12625152625152625,0.013431013431013432,339.44,-3.44,103.81,test2
0.012942612942612943,0.07692307692307693,0.09328449328449329,0.11282051282051282,0.013186813186813187,341.69,-1.69,107.12,test2
0.005860805860805861,0.06422466422466422,0.08473748473748474,0.09768009768009768,0.01221001221001221,342.37,-1.12,108.56,test2
0.0004884004884004884,0.05201465201465202,0.07545787545787545,0.0822954822954823,0.010256410256410256,343.06,-0.69,108.87,test2
0.004884004884004884,0.04249084249084249,0.06764346764346764,0.06935286935286936,0.008791208791208791,343.12,-0.62,108.81,test2
0.00805860805860806,0.035164835164835165,0.061782661782661785,0.05982905982905983,0.00757020757020757,343.31,-0.56,108.69,test2
0.010256410256410256,0.029792429792429794,0.057387057387057384,0.053235653235653234,0.006837606837606838,343.31,-0.5,108.62,test2
0.011721611721611722,0.02612942612942613,0.05396825396825397,0.04835164835164835,0.006349206349206349,343.12,-0.62,108.25,test2
0.012942612942612943,0.023443223443223443,0.051526251526251524,0.045177045177045176,0.006105006105006105,343.0,-0.69,107.19,test2
0.013675213675213675,0.02148962148962149,0.04981684981684982,0.04297924297924298,0.005860805860805861,341.62,-1.44,102.56,test2
0.01391941391941392,0.021001221001221003,0.05030525030525031,0.04542124542124542,0.006837606837606838,341.31,-2.31,96.06,test2
0.010500610500610501,0.026373626373626374,0.06275946275946276,0.058363858363858365,0.00757020757020757,340.37,-3.25,93.31,test2
0.0031746031746031746,0.03956043956043956,0.0761904761904762,0.08058608058608059,0.010500610500610501,339.75,-3.94,92.62,test2
0.005860805860805861,0.054945054945054944,0.08571428571428572,0.09841269841269841,0.012454212454212455,339.81,-4.06,92.19,test2
0.013675213675213675,0.06617826617826618,0.09230769230769231,0.11086691086691086,0.013675213675213675,339.31,-4.44,91.44,test2
0.01904761904761905,0.07423687423687424,0.09597069597069598,0.11965811965811966,0.014652014652014652,339.44,-4.44,91.25,test2
0.02271062271062271,0.0796092796092796,0.09768009768009768,0.12478632478632479,0.015384615384615385,339.25,-4.56,91.06,test2
0.025152625152625153,0.08302808302808302,0.09768009768009768,0.12722832722832722,0.015873015873015872,339.19,-4.69,90.94,test2
0.02612942612942613,0.08473748473748474,0.0971916971916972,0.12796092796092795,0.01611721611721612,338.87,-4.87,91.06,test2
0.026373626373626374,0.08571428571428572,0.09597069597069598,0.12796092796092795,0.015384615384615385,338.31,-5.31,91.69,test2
0.025152625152625153,0.08547008547008547,0.09328449328449329,0.12576312576312576,0.014652014652014652,338.0,-5.44,93.87,test2
0.021733821733821733,0.08376068376068375,0.08986568986568987,0.12063492063492064,0.014163614163614164,337.69,-5.19,100.44,test2
0.015384615384615385,0.07838827838827839,0.08693528693528693,0.11086691086691086,0.01391941391941392,339.94,-3.25,105.81,test2
0.00757020757020757,0.06862026862026863,0.08156288156288156,0.09768009768009768,0.012454212454212455,341.94,-2.06,108.19,test2
0.0009768009768009768,0.0547008547008547,0.07203907203907203,0.08400488400488401,0.011477411477411478,342.62,-1.69,108.44,test2
0.003663003663003663,0.04297924297924298,0.06349206349206349,0.07057387057387057,0.010744810744810745,343.31,-1.44,108.44,test2
0.007081807081807082,0.03394383394383394,0.0568986568986569,0.06056166056166056,0.010256410256410256,343.12,-1.56,108.25,test2
0.00927960927960928,0.027594627594627594,0.051770451770451774,0.05347985347985348,0.008791208791208791,343.25,-1.5,108.12,test2
0.01098901098901099,0.0231990231990232,0.04810744810744811,0.04835164835164835,0.007814407814407814,343.12,-1.5,107.94,test2
0.01221001221001221,0.020024420024420026,0.04542124542124542,0.04493284493284493,0.007081807081807082,342.75,-1.62,107.87,test2
0.013186813186813187,0.018070818070818073,0.043467643467643466,0.042735042735042736,0.006593406593406593,342.94,-1.56,107.62,test2
0.013431013431013432,0.016605616605616606,0.04224664224664225,0.041758241758241756,0.006349206349206349,342.69,-1.75,107.5,test2
0.013431013431013432,0.015873015873015872,0.04126984126984127,0.041025641025641026,0.006105006105006105,342.62,-1.81,107.37,test2
0.013431013431013432,0.015384615384615385,0.04078144078144078,0.04053724053724054,0.005860805860805861,341.87,-2.0,106.12,test2
0.013186813186813187,0.01514041514041514,0.04078144078144078,0.04078144078144078,0.005860805860805861,340.19,-3.37,100.37,test2
0.011233211233211233,0.018070818070818073,0.04810744810744811,0.046153846153846156,0.006837606837606838,339.31,-5.12,94.12,test2
0.004151404151404151,0.03125763125763126,0.06568986568986569,0.06886446886446887,0.008791208791208791,338.5,-6.19,90.06,test2
0.010256410256410256,0.05372405372405373,0.0822954822954823,0.09304029304029304,0.010012210012210013,338.56,-6.44,88.31,test2
0.025885225885225887,0.07594627594627594,0.09474969474969475,0.1111111111111111,0.01221001221001221,338.31,-6.69,87.87,test2
0.03663003663003663,0.09157509157509157,0.10354090354090355,0.12356532356532357,0.013675213675213675,338.31,-6.75,87.75,test2
0.044444444444444446,0.10231990231990232,0.10964590964590964,0.13235653235653236,0.014652014652014652,338.12,-6.87,87.75,test2
0.0485958485958486,0.10915750915750916,0.11282051282051282,0.13724053724053725,0.015384615384615385,337.94,-7.0,87.81,test2
0.05054945054945055,0.11282051282051282,0.11355311355311355,0.13943833943833944,0.015873015873015872,337.0,-7.25,90.25,test2
0.050793650793650794,0.11428571428571428,0.11282051282051282,0.13943833943833944,0.01514041514041514,336.81,-6.69,96.44,test2
0.04737484737484737,0.10964590964590964,0.10744810744810745,0.1326007326007326,0.014652014652014652,336.94,-6.19,102.87,test2
0.03833943833943834,0.09816849816849817,0.10207570207570207,0.11965811965811966,0.014163614163614164,339.44,-4.31,105.44,test2
0.028083028083028084,0.08253968253968254,0.09426129426129426,0.10500610500610501,0.012698412698412698,340.81,-3.37,106.31,test2
0.01978021978021978,0.06691086691086691,0.08400488400488401,0.09157509157509157,0.011477411477411478,341.31,-3.06,106.12,test2
0.013675213675213675,0.054945054945054944,0.07472527472527472,0.07936507936507936,0.010744810744810745,341.25,-3.12,106.44,test2
0.00927960927960928,0.046153846153846156,0.0673992673992674,0.06984126984126984,0.010256410256410256,341.62,-2.94,106.75,test2
0.006349206349206349,0.0398046398046398,0.061782661782661785,0.063003663003663,0.010012210012210013,341.56,-2.87,106.87,test2
0.004151404151404151,0.03540903540903541,0.057387057387057384,0.05787545787545788,0.008547008547008548,341.44,-2.87,106.69,test2
0.002686202686202686,0.03223443223443224,0.05445665445665446,0.05445665445665446,0.007814407814407814,341.0,-3.0,105.75,test2
0.0014652014652014652,0.030036630036630037,0.05225885225885226,0.051770451770451774,0.007081807081807082,339.75,-3.94,102.62,test2
0.0017094017094017094,0.029792429792429794,0.05274725274725275,0.052503052503052504,0.006593406593406593,339.69,-4.56,98.56,test2
0.004884004884004884,0.03492063492063492,0.06275946275946276,0.06031746031746032,0.007326007326007326,339.12,-5.56,95.06,test2
0.010500610500610501,0.04395604395604396,0.07545787545787545,0.07643467643467644,0.009035409035409036,338.69,-6.31,93.19,test2
0.02197802197802198,0.05934065934065934,0.08644688644688645,0.09572649572649573,0.010256410256410256,338.5,-6.5,92.0,test2
0.03125763125763126,0.07228327228327229,0.09426129426129426,0.1094017094017094,0.011233211233211233,338.0,-6.87,91.87,test2
0.03785103785103785,0.08131868131868132,0.09987789987789988,0.11892551892551892,0.011965811965811967,338.12,-6.94,91.94,test2
0.04249084249084249,0.08766788766788766,0.10134310134310134,0.12454212454212454,0.01221001221001221,337.75,-7.25,92.31,test2
0.044444444444444446,0.0905982905982906,0.09987789987789988,0.12576312576312576,0.012698412698412698,337.44,-7.75,93.5,test2
0.04371184371184371,0.08986568986568987,0.09621489621489622,0.12332112332112333,0.011721611721611722,338.12,-7.06,98.5,test2
0.04078144078144078,0.0862026862026862,0.09230769230769231,0.115995115995116,0.01098901098901099,337.56,-6.56,103.56,test2
0.03492063492063492,0.07863247863247863,0.08864468864468865,0.10525030525030525,0.010500610500610501,338.81,-5.19,107.19,test2
0.028327228327228327,0.06984126984126984,0.08376068376068375,0.0945054945054945,0.010012210012210013,341.06,-3.56,110.12,test2
0.02271062271062271,0.05934065934065934,0.07594627594627594,0.08327228327228327,0.008791208791208791,342.81,-2.5,112.12,test2
0.01733821733821734,0.04835164835164835,0.0673992673992674,0.07179487179487179,0.00757020757020757,344.25,-1.81,113.0,test2
0.011721611721611722,0.039316239316239315,0.05934065934065934,0.060805860805860805,0.006837606837606838,344.44,-1.94,112.94,test2
0.007081807081807082,0.03223443223443224,0.053235653235653234,0.05225885225885226,0.006593406593406593,344.5,-1.94,113.06,test2
0.003907203907203907,0.027106227106227107,0.04810744810744811,0.046153846153846156,0.006105006105006105,344.25,-2.12,113.44,test2
0.0017094017094017094,0.023443223443223443,0.0442002442002442,0.041758241758241756,0.005860805860805861,343.87,-2.37,113.81,test2
0.0002442002442002442,0.020757020757020756,0.04126984126984127,0.03907203907203907,0.005860805860805861,343.81,-2.5,113.5,test2
0.0004884004884004884,0.019291819291819293,0.03907203907203907,0.037606837606837605,0.005616605616605617,343.62,-2.56,113.44,test2
0.0004884004884004884,0.018315018315018316,0.037606837606837605,0.03663003663003663,0.005616605616605617,343.69,-2.56,113.44,test2
0.0004884004884004884,0.018070818070818073,0.03663003663003663,0.035897435897435895,0.005372405372405372,343.37,-2.69,113.37,test2
0.0004884004884004884,0.018070818070818073,0.035897435897435895,0.03540903540903541,0.005372405372405372,343.44,-2.62,113.19,test2
0.0004884004884004884,0.018315018315018316,0.03565323565323565,0.035164835164835165,0.005372405372405372,343.25,-2.69,112.81,test2
0.0004884004884004884,0.01855921855921856,0.035164835164835165,0.03492063492063492,0.005372405372405372,343.37,-2.62,112.56,test2
0.0004884004884004884,0.018803418803418803,0.03492063492063492,0.03467643467643468,0.005372405372405372,343.44,-2.56,112.5,test2
0.0007326007326007326,0.019291819291819293,0.03467643467643468,0.03467643467643468,0.005372405372405372,343.5,-2.5,112.37,test2
0.0007326007326007326,0.019536019536019536,0.03467643467643468,0.034432234432234435,0.005372405372405372,343.56,-2.5,112.19,test2
0.0007326007326007326,0.01978021978021978,0.034432234432234435,0.03418803418803419,0.004151404151404151,343.62,-2.5,112.0,test2
0.0007326007326007326,0.01978021978021978,0.03418803418803419,0.03394383394383394,0.003418803418803419,343.62,-2.5,111.94,test2
0.0007326007326007326,0.01978021978021978,0.03418803418803419,0.0336996336996337,0.0029304029304029304,343.69,-2.5,111.87,test2
0.0007326007326007326,0.01978021978021978,0.03394383394383394,0.0336996336996337,0.002442002442002442,343.69,-2.5,111.75,test2
0.0007326007326007326,0.019536019536019536,0.03394383394383394,0.033455433455433455,0.002197802197802198,343.69,-2.44,111.56,test2
0.0007326007326007326,0.019536019536019536,0.0336996336996337,0.033455433455433455,0.0019536019536019536,343.81,-2.44,111.44,test2
0.0004884004884004884,0.019536019536019536,0.033455433455433455,0.03321123321123321,0.0019536019536019536,343.81,-2.37,111.31,test2
0.0004884004884004884,0.019536019536019536,0.033455433455433455,0.03321123321123321,0.0017094017094017094,343.75,-2.44,111.06,test2
0.0002442002442002442,0.019536019536019536,0.03321123321123321,0.03296703296703297,0.0029304029304029304,343.75,-2.44,111.0,test2
0.0002442002442002442,0.01978021978021978,0.03321123321123321,0.03296703296703297,0.003663003663003663,343.75,-2.44,110.81,test2
0.0002442002442002442,0.01978021978021978,0.03321123321123321,0.03296703296703297,0.0029304029304029304,343.81,-2.37,110.62,test2
0.0004884004884004884,0.020024420024420026,0.03321123321123321,0.03296703296703297,0.003663003663003663,343.75,-2.37,110.5,test2
0.0007326007326007326,0.02026862026862027,0.03321123321123321,0.032722832722832725,0.0029304029304029304,343.69,-2.37,110.37,test2
0.0007326007326007326,0.02026862026862027,0.03321123321123321,0.03247863247863248,0.002686202686202686,343.62,-2.44,110.25,test2
0.0009768009768009768,0.020512820512820513,0.03321123321123321,0.03223443223443224,0.003418803418803419,343.44,-2.44,110.12,test2
0.0009768009768009768,0.020512820512820513,0.03321123321123321,0.03223443223443224,0.003907203907203907,343.37,-2.37,109.87,test2
0.0009768009768009768,0.020512820512820513,0.03321123321123321,0.03199023199023199,0.004395604395604396,343.25,-2.44,109.87,test2
0.0009768009768009768,0.020512820512820513,0.03296703296703297,0.03199023199023199,0.00463980463980464,343.06,-2.5,109.75,test2
0.0009768009768009768,0.020512820512820513,0.032722832722832725,0.031746031746031744,0.004884004884004884,343.31,-2.37,109.62,test2
