flex1,flex2,flex3,flex4,flex5,imu_x,imu_y,imu_z,SIGN
0.0,0.004395604395604396,0.008547008547008548,0.010256410256410256,0.0009768009768009768,272.44,-45.06,21.37,khong?2
0.0002442002442002442,0.004395604395604396,0.008547008547008548,0.010256410256410256,0.0009768009768009768,272.31,-45.0,21.31,khong?2
0.0002442002442002442,0.004395604395604396,0.008547008547008548,0.010256410256410256,0.0009768009768009768,272.12,-44.88,21.31,khong?2
0.0002442002442002442,0.004395604395604396,0.008547008547008548,0.010256410256410256,0.0009768009768009768,272.06,-44.75,21.25,khong?2
0.0002442002442002442,0.004395604395604396,0.008547008547008548,0.010256410256410256,0.0009768009768009768,272.0,-44.81,21.25,khong?2
0.0002442002442002442,0.004395604395604396,0.008547008547008548,0.010256410256410256,0.0009768009768009768,271.81,-44.75,21.19,khong?2
0.0002442002442002442,0.004395604395604396,0.008547008547008548,0.010256410256410256,0.0009768009768009768,271.81,-44.56,21.31,khong?2
0.0002442002442002442,0.00463980463980464,0.008791208791208791,0.010256410256410256,0.0009768009768009768,271.75,-44.44,21.44,khong?2
0.0002442002442002442,0.00463980463980464,0.008791208791208791,0.010256410256410256,0.0009768009768009768,271.81,-44.31,21.44,khong?2
0.0002442002442002442,0.00463980463980464,0.008791208791208791,0.010256410256410256,0.0009768009768009768,271.62,-44.38,21.5,khong?2
0.0002442002442002442,0.00463980463980464,0.008791208791208791,0.010256410256410256,0.0009768009768009768,271.56,-44.25,21.5,khong?2
0.0002442002442002442,0.00463980463980464,0.008791208791208791,0.010256410256410256,0.0009768009768009768,271.31,-44.13,21.44,khong?2
0.0002442002442002442,0.004884004884004884,0.008791208791208791,0.010256410256410256,0.0009768009768009768,271.19,-44.06,21.5,khong?2
0.0002442002442002442,0.004884004884004884,0.008791208791208791,0.010256410256410256,0.0009768009768009768,271.12,-44.31,21.62,khong?2
0.0002442002442002442,0.004884004884004884,0.008791208791208791,0.010256410256410256,0.0009768009768009768,271.12,-44.56,21.62,khong?2
0.0004884004884004884,0.004884004884004884,0.008791208791208791,0.010256410256410256,0.0009768009768009768,271.19,-44.56,21.87,khong?2
0.0004884004884004884,0.004884004884004884,0.009035409035409036,0.010256410256410256,0.0009768009768009768,271.12,-44.5,22.0,khong?2
0.0004884004884004884,0.004884004884004884,0.00927960927960928,0.010256410256410256,0.0009768009768009768,271.19,-44.44,22.25,khong?2
0.0007326007326007326,0.00463980463980464,0.00927960927960928,0.010256410256410256,0.0009768009768009768,271.12,-44.38,22.12,khong?2
0.0007326007326007326,0.00463980463980464,0.009523809523809525,0.010256410256410256,0.0009768009768009768,271.06,-44.19,21.81,khong?2
0.0007326007326007326,0.00463980463980464,0.009523809523809525,0.010256410256410256,0.0009768009768009768,270.94,-44.06,21.56,khong?2
0.0007326007326007326,0.00463980463980464,0.009768009768009768,0.010256410256410256,0.0009768009768009768,270.94,-44.19,21.69,khong?2
0.0007326007326007326,0.00463980463980464,0.009768009768009768,0.010256410256410256,0.0009768009768009768,271.19,-44.25,21.87,khong?2
0.0007326007326007326,0.00463980463980464,0.009768009768009768,0.010256410256410256,0.0009768009768009768,271.19,-44.5,22.0,khong?2
0.0007326007326007326,0.00463980463980464,0.010012210012210013,0.010256410256410256,0.0009768009768009768,271.56,-45.69,22.81,khong?2
0.0007326007326007326,0.00463980463980464,0.010012210012210013,0.010256410256410256,0.0009768009768009768,271.81,-48.88,25.37,khong?2
0.0014652014652014652,0.00463980463980464,0.010256410256410256,0.010500610500610501,0.0009768009768009768,270.5,-42.81,22.12,khong?2
0.003418803418803419,0.014652014652014652,0.029548229548229547,0.0231990231990232,0.0002442002442002442,265.44,-39.06,11.56,khong?2
0.010256410256410256,0.03492063492063492,0.046886446886446886,0.037606837606837605,0.0009768009768009768,266.81,-56.94,14.44,khong?2
0.01514041514041514,0.04908424908424908,0.059096459096459095,0.047619047619047616,0.0017094017094017094,267.87,-61.19,30.62,khong?2
0.018315018315018316,0.059096459096459095,0.0673992673992674,0.0547008547008547,0.002197802197802198,269.19,-27.12,8.94,khong?2
0.01978021978021978,0.06544566544566545,0.07179487179487179,0.05958485958485959,0.002197802197802198,268.87,-46.25,9.38,khong?2
0.018315018315018316,0.06764346764346764,0.07228327228327229,0.06251526251526252,0.002442002442002442,269.69,-60.63,26.56,khong?2
0.016361416361416362,0.06837606837606838,0.07252747252747253,0.06349206349206349,0.002686202686202686,267.69,-32.81,7.12,khong?2
0.014896214896214897,0.06862026862026863,0.07228327228327229,0.06349206349206349,0.002686202686202686,268.87,-46.94,8.25,khong?2
0.013186813186813187,0.06813186813186813,0.07106227106227106,0.06324786324786325,0.0029304029304029304,269.06,-70.25,41.38,khong?2
0.011721611721611722,0.0673992673992674,0.07008547008547009,0.06251526251526252,0.0029304029304029304,269.69,-57.0,24.62,khong?2
0.010256410256410256,0.06691086691086691,0.06910866910866911,0.061782661782661785,0.0029304029304029304,264.94,-30.12,6.31,khong?2
0.009035409035409036,0.06642246642246642,0.06837606837606838,0.06153846153846154,0.0029304029304029304,263.75,-31.0,7.06,khong?2
0.007814407814407814,0.06495726495726496,0.06715506715506715,0.06129426129426129,0.0029304029304029304,263.87,-34.81,7.44,khong?2
0.006837606837606838,0.06373626373626373,0.06617826617826618,0.06105006105006105,0.0029304029304029304,266.12,-42.94,7.56,khong?2
0.006349206349206349,0.063003663003663,0.06544566544566545,0.06105006105006105,0.0029304029304029304,270.75,-50.38,11.38,khong?2
0.005860805860805861,0.06202686202686203,0.06471306471306472,0.06031746031746032,0.0029304029304029304,273.94,-44.25,22.31,khong?2
0.005616605616605617,0.05616605616605617,0.06422466422466422,0.05543345543345543,0.003907203907203907,276.94,-41.13,23.12,khong?2
0.003418803418803419,0.046153846153846156,0.05714285714285714,0.04468864468864469,0.004884004884004884,277.19,-41.25,23.06,khong?2
0.0014652014652014652,0.03785103785103785,0.05030525030525031,0.035897435897435895,0.005372405372405372,277.69,-41.81,23.12,khong?2
0.0,0.03223443223443224,0.045177045177045176,0.029792429792429794,0.00463980463980464,277.69,-41.44,23.0,khong?2
0.0009768009768009768,0.028083028083028084,0.04151404151404151,0.02564102564102564,0.004151404151404151,277.75,-41.19,22.56,khong?2
0.0017094017094017094,0.025152625152625153,0.03907203907203907,0.02271062271062271,0.003663003663003663,277.62,-41.25,22.31,khong?2
0.002442002442002442,0.0231990231990232,0.03736263736263736,0.021001221001221003,0.003418803418803419,277.81,-42.0,22.37,khong?2
0.002686202686202686,0.021733821733821733,0.036141636141636145,0.01978021978021978,0.003418803418803419,277.87,-42.81,22.31,khong?2
0.0029304029304029304,0.020757020757020756,0.03540903540903541,0.018803418803418803,0.0031746031746031746,278.19,-43.94,22.56,khong?2
0.0029304029304029304,0.020024420024420026,0.035164835164835165,0.01855921855921856,0.0031746031746031746,277.37,-52.0,25.94,khong?2
0.0029304029304029304,0.02026862026862027,0.03565323565323565,0.01904761904761905,0.0031746031746031746,273.37,-48.44,17.25,khong?2
0.0009768009768009768,0.026862026862026864,0.04884004884004884,0.031013431013431014,0.0031746031746031746,270.44,-31.87,5.12,khong?2
0.002197802197802198,0.03882783882783883,0.058363858363858365,0.041758241758241756,0.0031746031746031746,270.87,-47.38,6.19,khong?2
0.00463980463980464,0.04713064713064713,0.06471306471306472,0.04908424908424908,0.0031746031746031746,272.69,-61.31,22.56,khong?2
0.006105006105006105,0.05299145299145299,0.06886446886446887,0.05445665445665446,0.0029304029304029304,272.5,-34.94,6.12,khong?2
0.007081807081807082,0.05641025641025641,0.0713064713064713,0.05787545787545788,0.0029304029304029304,273.12,-37.31,6.31,khong?2
0.00757020757020757,0.05811965811965812,0.0713064713064713,0.05982905982905983,0.0029304029304029304,275.12,-56.44,24.25,khong?2
0.007814407814407814,0.05860805860805861,0.07057387057387057,0.060805860805860805,0.0019536019536019536,275.62,-27.62,10.56,khong?2
0.00757020757020757,0.05885225885225885,0.06984126984126984,0.060805860805860805,0.0009768009768009768,274.81,-29.25,6.44,khong?2
0.007081807081807082,0.05885225885225885,0.06862026862026863,0.06031746031746032,0.0014652014652014652,276.19,-54.69,27.19,khong?2
0.006837606837606838,0.058363858363858365,0.0673992673992674,0.05982905982905983,0.0007326007326007326,274.0,-46.44,20.06,khong?2
0.006593406593406593,0.05811965811965812,0.06642246642246642,0.05934065934065934,0.0014652014652014652,271.69,-22.56,6.25,khong?2
0.005860805860805861,0.057631257631257635,0.06568986568986569,0.059096459096459095,0.0019536019536019536,270.69,-27.19,7.81,khong?2
0.005372405372405372,0.056654456654456654,0.06422466422466422,0.05811965811965812,0.002197802197802198,270.25,-30.25,7.44,khong?2
0.004884004884004884,0.055921855921855924,0.06324786324786325,0.057631257631257635,0.002442002442002442,274.0,-40.56,8.88,khong?2
0.00463980463980464,0.05543345543345543,0.06251526251526252,0.05714285714285714,0.002442002442002442,276.06,-42.44,21.69,khong?2
0.004395604395604396,0.05445665445665446,0.061782661782661785,0.054212454212454214,0.002686202686202686,277.75,-40.25,25.62,khong?2
0.0031746031746031746,0.0463980463980464,0.05714285714285714,0.046153846153846156,0.002686202686202686,277.87,-39.94,25.31,khong?2
0.0009768009768009768,0.0380952380952381,0.05054945054945055,0.03736263736263736,0.002686202686202686,277.69,-39.81,24.81,khong?2
0.0007326007326007326,0.03223443223443224,0.04542124542124542,0.031013431013431014,0.0017094017094017094,277.69,-39.69,25.0,khong?2
0.0017094017094017094,0.028083028083028084,0.041758241758241756,0.026617826617826617,0.0009768009768009768,277.44,-39.69,24.81,khong?2
0.002686202686202686,0.025152625152625153,0.039316239316239315,0.023687423687423687,0.0014652014652014652,277.44,-39.63,25.0,khong?2
0.003418803418803419,0.022954822954822957,0.03736263736263736,0.02148962148962149,0.0019536019536019536,277.44,-40.56,24.94,khong?2
0.003907203907203907,0.02148962148962149,0.036141636141636145,0.020024420024420026,0.002197802197802198,277.31,-40.88,24.94,khong?2
0.004151404151404151,0.020512820512820513,0.03540903540903541,0.01904761904761905,0.002442002442002442,274.81,-41.31,24.62,khong?2
0.004395604395604396,0.020024420024420026,0.03492063492063492,0.018803418803418803,0.002686202686202686,270.19,-32.38,11.06,khong?2
0.004151404151404151,0.021245421245421246,0.04126984126984127,0.02612942612942613,0.002686202686202686,267.62,-28.06,5.5,khong?2
0.0009768009768009768,0.0336996336996337,0.05201465201465202,0.040293040293040296,0.0029304029304029304,268.87,-45.13,9.0,khong?2
0.001221001221001221,0.04224664224664225,0.05958485958485959,0.050061050061050064,0.0029304029304029304,270.81,-48.5,17.37,khong?2
0.0029304029304029304,0.04835164835164835,0.06495726495726496,0.05714285714285714,0.0029304029304029304,270.31,-30.56,5.5,khong?2
0.002442002442002442,0.051770451770451774,0.06715506715506715,0.06202686202686203,0.0029304029304029304,272.31,-45.19,9.75,khong?2
0.0019536019536019536,0.05372405372405373,0.06862026862026863,0.06471306471306472,0.0029304029304029304,274.69,-57.25,24.37,khong?2
0.0017094017094017094,0.05518925518925519,0.0695970695970696,0.06666666666666667,0.0029304029304029304,274.12,-37.13,10.13,khong?2
0.005372405372405372,0.055921855921855924,0.07081807081807082,0.06862026862026863,0.0029304029304029304,273.69,-42.38,7.62,khong?2
0.00927960927960928,0.057631257631257635,0.07228327228327229,0.06935286935286936,0.0029304029304029304,277.69,-58.75,29.06,khong?2
0.01562881562881563,0.060073260073260075,0.07374847374847375,0.07106227106227106,0.0029304029304029304,275.0,-38.94,8.44,khong?2
0.022222222222222223,0.06153846153846154,0.07448107448107448,0.07228327228327229,0.0029304029304029304,271.0,-28.81,2.31,khong?2
0.026617826617826617,0.06275946275946276,0.07521367521367521,0.07301587301587302,0.0029304029304029304,269.56,-32.38,3.0,khong?2
0.029792429792429794,0.06349206349206349,0.07545787545787545,0.07277167277167278,0.0029304029304029304,271.5,-41.56,2.44,khong?2
0.03125763125763126,0.06373626373626373,0.07545787545787545,0.07228327228327229,0.0029304029304029304,273.44,-41.44,20.12,khong?2
0.029304029304029304,0.06275946275946276,0.07423687423687424,0.06837606837606838,0.0029304029304029304,277.56,-41.25,27.0,khong?2
0.023443223443223443,0.052503052503052504,0.06715506715506715,0.05641025641025641,0.0029304029304029304,278.94,-41.31,26.69,khong?2
0.018070818070818073,0.042735042735042736,0.059096459096459095,0.04664224664224664,0.0029304029304029304,278.81,-41.13,25.62,khong?2
0.01391941391941392,0.035897435897435895,0.05299145299145299,0.0398046398046398,0.0029304029304029304,278.56,-41.25,25.12,khong?2
0.01098901098901099,0.03076923076923077,0.04884004884004884,0.03492063492063492,0.0029304029304029304,278.62,-41.5,24.94,khong?2
0.009035409035409036,0.02735042735042735,0.04566544566544566,0.0315018315018315,0.0029304029304029304,278.94,-42.0,24.87,khong?2
0.00757020757020757,0.025152625152625153,0.04371184371184371,0.02905982905982906,0.0029304029304029304,279.0,-42.56,24.69,khong?2
0.006593406593406593,0.023687423687423687,0.04249084249084249,0.02735042735042735,0.004151404151404151,279.06,-43.44,24.37,khong?2
0.006349206349206349,0.022954822954822957,0.04151404151404151,0.026373626373626374,0.004884004884004884,279.06,-44.19,24.25,khong?2
0.005860805860805861,0.02271062271062271,0.041025641025641026,0.02564102564102564,0.005616605616605617,277.37,-45.31,18.87,khong?2
0.005860805860805861,0.02271062271062271,0.04151404151404151,0.02612942612942613,0.006105006105006105,275.94,-39.31,8.63,khong?2
0.013186813186813187,0.03565323565323565,0.06056166056166056,0.046886446886446886,0.00757020757020757,274.87,-38.56,5.31,khong?2
0.022222222222222223,0.054212454212454214,0.073992673992674,0.06544566544566545,0.008547008547008548,276.12,-47.69,11.5,khong?2
0.02857142857142857,0.06715506715506715,0.08327228327228327,0.07838827838827839,0.00927960927960928,275.62,-44.13,7.25,khong?2
0.03296703296703297,0.0761904761904762,0.08913308913308914,0.08742368742368742,0.009768009768009768,272.44,-44.38,1.31,khong?2
0.03418803418803419,0.07887667887667887,0.09157509157509157,0.09206349206349207,0.010012210012210013,274.06,-57.06,10.06,khong?2
0.03321123321123321,0.07863247863247863,0.09230769230769231,0.09377289377289377,0.010256410256410256,274.0,-39.38,7.87,khong?2
0.0315018315018315,0.07765567765567766,0.09206349206349207,0.09401709401709402,0.010500610500610501,272.94,-35.19,2.69,khong?2
0.029548229548229547,0.07643467643467644,0.09084249084249084,0.09401709401709402,0.010500610500610501,278.81,-57.06,17.44,khong?2
0.028083028083028084,0.07448107448107448,0.08986568986568987,0.0927960927960928,0.010744810744810745,275.81,-41.38,6.06,khong?2
0.027106227106227107,0.07326007326007326,0.08913308913308914,0.09133089133089133,0.009523809523809525,271.12,-30.44,-0.88,khong?2
0.02612942612942613,0.07179487179487179,0.08766788766788766,0.09010989010989011,0.008547008547008548,270.44,-37.44,-1.0,khong?2
0.02490842490842491,0.07008547008547009,0.08669108669108669,0.08913308913308914,0.00805860805860806,275.25,-51.56,3.25,khong?2
0.023687423687423687,0.06862026862026863,0.08547008547008547,0.08717948717948718,0.00757020757020757,273.31,-41.38,18.06,khong?2
0.022954822954822957,0.0673992673992674,0.08424908424908426,0.08424908424908426,0.00757020757020757,274.75,-38.25,14.06,khong?2
0.019291819291819293,0.05934065934065934,0.07912087912087912,0.07301587301587302,0.007326007326007326,273.44,-39.06,13.13,khong?2
0.01611721611721612,0.051526251526251524,0.07203907203907203,0.063003663003663,0.007081807081807082,273.25,-39.0,12.56,khong?2
0.01391941391941392,0.04542124542124542,0.06642246642246642,0.05616605616605617,0.007081807081807082,272.69,-39.63,13.38,khong?2
0.01221001221001221,0.041025641025641026,0.06251526251526252,0.05128205128205128,0.005860805860805861,271.75,-40.31,14.06,khong?2
0.01098901098901099,0.0380952380952381,0.05934065934065934,0.04810744810744811,0.005128205128205128,271.19,-41.13,14.69,khong?2
0.010012210012210013,0.035897435897435895,0.05714285714285714,0.04566544566544566,0.004395604395604396,270.5,-41.88,14.94,khong?2
0.00927960927960928,0.03418803418803419,0.05543345543345543,0.04395604395604396,0.003907203907203907,270.06,-43.69,16.37,khong?2
0.009035409035409036,0.03321123321123321,0.05445665445665446,0.04297924297924298,0.003663003663003663,269.94,-46.06,23.69,khong?2
0.011233211233211233,0.03247863247863248,0.05372405372405373,0.04249084249084249,0.003418803418803419,270.94,-45.69,21.94,khong?2
0.012942612942612943,0.03199023199023199,0.05347985347985348,0.04224664224664225,0.003418803418803419,270.19,-45.44,18.62,khong?2
0.014163614163614164,0.0315018315018315,0.05299145299145299,0.042002442002442006,0.0031746031746031746,269.69,-44.19,16.0,khong?2
0.01391941391941392,0.031013431013431014,0.052503052503052504,0.042002442002442006,0.0031746031746031746,269.44,-43.31,14.5,khong?2
0.013675213675213675,0.03076923076923077,0.05225885225885226,0.041758241758241756,0.0029304029304029304,269.37,-43.31,14.38,khong?2
0.012942612942612943,0.030525030525030524,0.05201465201465202,0.041758241758241756,0.0029304029304029304,269.62,-43.13,14.25,khong?2
0.012454212454212455,0.03028083028083028,0.051770451770451774,0.042002442002442006,0.0029304029304029304,269.5,-42.94,14.44,khong?2
0.011721611721611722,0.03028083028083028,0.051526251526251524,0.04224664224664225,0.0029304029304029304,269.44,-42.44,14.56,khong?2
0.011477411477411478,0.030036630036630037,0.05128205128205128,0.04249084249084249,0.0029304029304029304,269.12,-41.88,15.06,khong?2
0.01098901098901099,0.030036630036630037,0.050793650793650794,0.04249084249084249,0.0029304029304029304,269.5,-41.69,15.06,khong?2
0.010744810744810745,0.029792429792429794,0.05030525030525031,0.042735042735042736,0.0029304029304029304,269.69,-41.0,15.44,khong?2
0.010500610500610501,0.029548229548229547,0.04932844932844933,0.042002442002442006,0.0029304029304029304,269.94,-40.13,15.25,khong?2
0.010256410256410256,0.029304029304029304,0.04810744810744811,0.04126984126984127,0.0029304029304029304,270.56,-40.19,14.63,khong?2
0.010012210012210013,0.02905982905982906,0.04737484737484737,0.041025641025641026,0.0029304029304029304,270.69,-40.63,14.13,khong?2
0.009768009768009768,0.02905982905982906,0.046886446886446886,0.041025641025641026,0.0029304029304029304,270.62,-40.94,13.69,khong?2
0.00927960927960928,0.02857142857142857,0.04664224664224664,0.04126984126984127,0.0029304029304029304,270.62,-41.0,13.06,khong?2
0.009035409035409036,0.028327228327228327,0.0463980463980464,0.041758241758241756,0.0029304029304029304,270.31,-41.31,12.69,khong?2
0.008791208791208791,0.028083028083028084,0.04664224664224664,0.04224664224664225,0.0029304029304029304,270.31,-41.38,12.56,khong?2
0.008547008547008548,0.028083028083028084,0.04664224664224664,0.042735042735042736,0.0029304029304029304,270.31,-41.5,12.63,khong?2
0.008547008547008548,0.02783882783882784,0.046886446886446886,0.04297924297924298,0.0029304029304029304,270.56,-41.81,12.44,khong?2
0.008302808302808303,0.02783882783882784,0.046886446886446886,0.04322344322344322,0.0029304029304029304,270.87,-42.5,13.69,khong?2
0.008302808302808303,0.02783882783882784,0.046886446886446886,0.042735042735042736,0.0029304029304029304,271.75,-44.13,15.06,khong?2
0.008302808302808303,0.027594627594627594,0.04664224664224664,0.04078144078144078,0.0029304029304029304,272.44,-46.19,15.56,khong?2
0.008302808302808303,0.027594627594627594,0.04664224664224664,0.039316239316239315,0.0029304029304029304,271.75,-45.06,15.25,khong?2
0.008547008547008548,0.02735042735042735,0.0463980463980464,0.0380952380952381,0.0029304029304029304,270.12,-32.13,-0.5,khong?2
0.01098901098901099,0.03296703296703297,0.06056166056166056,0.04542124542124542,0.004151404151404151,269.31,-34.31,-2.0,khong?2
0.013431013431013432,0.04590964590964591,0.07106227106227106,0.054945054945054944,0.005128205128205128,275.37,-55.56,9.19,khong?2
0.016361416361416362,0.05518925518925519,0.07838827838827839,0.06153846153846154,0.005616605616605617,273.25,-36.88,0.88,khong?2
0.018070818070818073,0.06153846153846154,0.08351648351648351,0.06593406593406594,0.005860805860805861,271.75,-33.31,-2.25,khong?2
0.019536019536019536,0.06471306471306472,0.08571428571428572,0.06935286935286936,0.006105006105006105,278.06,-56.5,17.19,khong?2
0.01978021978021978,0.06617826617826618,0.08669108669108669,0.07106227106227106,0.006349206349206349,272.87,-32.63,3.62,khong?2
0.01904761904761905,0.06666666666666667,0.08693528693528693,0.0713064713064713,0.006349206349206349,270.5,-32.0,0.56,khong?2
0.017582417582417582,0.06617826617826618,0.08547008547008547,0.07057387057387057,0.006593406593406593,277.44,-54.0,18.44,khong?2
0.01611721611721612,0.0652014652014652,0.08400488400488401,0.07032967032967033,0.006593406593406593,272.5,-34.44,4.25,khong?2
0.01514041514041514,0.06422466422466422,0.08278388278388278,0.06984126984126984,0.006593406593406593,270.44,-22.44,-1.12,khong?2
0.014407814407814409,0.06349206349206349,0.08156288156288156,0.0695970695970696,0.006593406593406593,270.12,-29.31,-0.13,khong?2
0.013675213675213675,0.06227106227106227,0.0800976800976801,0.06935286935286936,0.006593406593406593,270.62,-32.0,-0.19,khong?2
0.013186813186813187,0.06153846153846154,0.07887667887667887,0.06910866910866911,0.006593406593406593,273.56,-36.94,0.25,khong?2
0.012698412698412698,0.060805860805860805,0.0778998778998779,0.06813186813186813,0.006593406593406593,274.12,-35.13,16.87,khong?2
0.012454212454212455,0.05934065934065934,0.07741147741147741,0.06446886446886448,0.005616605616605617,277.75,-36.19,20.5,khong?2
0.009523809523809525,0.05030525030525031,0.07057387057387057,0.05518925518925519,0.004884004884004884,279.31,-36.94,21.62,khong?2
0.007081807081807082,0.042002442002442006,0.06324786324786325,0.046886446886446886,0.004151404151404151,279.62,-37.19,20.94,khong?2
0.005128205128205128,0.035897435897435895,0.05787545787545788,0.04126984126984127,0.003663003663003663,279.5,-37.5,20.69,khong?2
0.003907203907203907,0.031746031746031744,0.054212454212454214,0.03711843711843712,0.003418803418803419,279.44,-38.0,20.5,khong?2
0.0031746031746031746,0.028815628815628817,0.051526251526251524,0.03467643467643468,0.003418803418803419,279.75,-39.0,20.31,khong?2
0.002686202686202686,0.026617826617826617,0.050061050061050064,0.033455433455433455,0.0031746031746031746,279.31,-47.19,20.25,khong?2
0.0031746031746031746,0.026373626373626374,0.05128205128205128,0.03467643467643468,0.0031746031746031746,275.44,-43.81,7.31,khong?2
0.005616605616605617,0.0315018315018315,0.063003663003663,0.04835164835164835,0.004151404151404151,273.37,-29.37,-2.31,khong?2
0.009035409035409036,0.04151404151404151,0.0713064713064713,0.06129426129426129,0.004884004884004884,275.37,-43.25,1.94,khong?2
0.011721611721611722,0.04884004884004884,0.07692307692307693,0.07032967032967033,0.005616605616605617,281.87,-60.38,29.94,khong?2
0.013675213675213675,0.05372405372405373,0.07936507936507936,0.07643467643467644,0.005860805860805861,277.44,-26.37,1.69,khong?2
0.014652014652014652,0.05714285714285714,0.08058608058608059,0.07985347985347985,0.006105006105006105,278.19,-38.69,4.06,khong?2
0.014896214896214897,0.05860805860805861,0.07985347985347985,0.08180708180708181,0.006349206349206349,284.87,-56.44,27.37,khong?2
0.014407814407814409,0.05934065934065934,0.07863247863247863,0.08156288156288156,0.006349206349206349,278.44,-31.37,-0.25,khong?2
0.014163614163614164,0.05958485958485959,0.07765567765567766,0.08107448107448108,0.006593406593406593,278.81,-42.69,-2.56,khong?2
0.013431013431013432,0.05958485958485959,0.07643467643467644,0.0800976800976801,0.006593406593406593,283.62,-59.06,22.12,khong?2
0.013186813186813187,0.059096459096459095,0.07496947496947497,0.0796092796092796,0.006593406593406593,277.19,-31.0,0.94,khong?2
0.012698412698412698,0.05860805860805861,0.073992673992674,0.0796092796092796,0.005616605616605617,275.87,-23.37,-0.44,khong?2
0.01221001221001221,0.05787545787545788,0.07252747252747253,0.07912087912087912,0.005860805860805861,275.06,-28.69,0.37,khong?2
0.011721611721611722,0.057387057387057384,0.07106227106227106,0.07887667887667887,0.006105006105006105,276.44,-35.13,-0.06,khong?2
0.011477411477411478,0.0568986568986569,0.07008547008547009,0.07863247863247863,0.006349206349206349,283.81,-49.31,3.75,khong?2
0.011233211233211233,0.05641025641025641,0.06935286935286936,0.0778998778998779,0.006349206349206349,283.0,-50.69,22.75,khong?2
0.01098901098901099,0.053235653235653234,0.06862026862026863,0.07326007326007326,0.006593406593406593,284.81,-50.88,19.25,khong?2
0.008547008547008548,0.04468864468864469,0.06251526251526252,0.06324786324786325,0.005372405372405372,284.06,-50.5,19.0,khong?2
0.006349206349206349,0.037606837606837605,0.05616605616605617,0.0547008547008547,0.00463980463980464,283.87,-49.88,18.06,khong?2
0.00463980463980464,0.03247863247863248,0.051526251526251524,0.04884004884004884,0.0029304029304029304,283.81,-49.0,18.81,khong?2
0.003418803418803419,0.028815628815628817,0.04786324786324787,0.04468864468864469,0.0017094017094017094,283.62,-49.38,18.69,khong?2
0.002686202686202686,0.026373626373626374,0.04542124542124542,0.041758241758241756,0.002197802197802198,283.44,-50.44,18.5,khong?2
0.0019536019536019536,0.024664224664224663,0.04371184371184371,0.03956043956043956,0.002442002442002442,283.25,-51.25,19.31,khong?2
0.0017094017094017094,0.023443223443223443,0.04249084249084249,0.03833943833943834,0.002442002442002442,279.31,-45.63,8.88,khong?2
0.002197802197802198,0.02442002442002442,0.04810744810744811,0.04078144078144078,0.002686202686202686,277.37,-31.69,-1.25,khong?2
0.003907203907203907,0.035897435897435895,0.057387057387057384,0.05054945054945055,0.002686202686202686,280.69,-48.13,1.81,khong?2
0.004884004884004884,0.04371184371184371,0.06398046398046398,0.057631257631257635,0.002686202686202686,285.12,-60.81,22.12,khong?2
0.005860805860805861,0.04932844932844933,0.06837606837606838,0.06349206349206349,0.002686202686202686,280.87,-30.87,-3.0,khong?2
0.006105006105006105,0.05274725274725275,0.0713064713064713,0.06666666666666667,0.002686202686202686,283.31,-44.56,-1.0,khong?2
0.006105006105006105,0.05396825396825397,0.07155067155067155,0.06862026862026863,0.0029304029304029304,288.87,-59.63,21.0,khong?2
0.005860805860805861,0.05445665445665446,0.07155067155067155,0.06984126984126984,0.0029304029304029304,281.69,-31.0,-4.37,khong?2
0.005616605616605617,0.05445665445665446,0.07106227106227106,0.07032967032967033,0.0029304029304029304,284.06,-39.25,-1.5,khong?2
0.005616605616605617,0.05445665445665446,0.0695970695970696,0.06984126984126984,0.0029304029304029304,296.31,-63.19,38.38,khong?2
0.005616605616605617,0.05396825396825397,0.06862026862026863,0.06910866910866911,0.0029304029304029304,289.06,-52.25,13.63,khong?2
0.005372405372405372,0.05347985347985348,0.0673992673992674,0.06862026862026863,0.0029304029304029304,280.37,-26.81,-8.31,khong?2
0.005372405372405372,0.052503052503052504,0.06666666666666667,0.06837606837606838,0.0029304029304029304,280.12,-29.37,-7.19,khong?2
0.005372405372405372,0.05201465201465202,0.06593406593406594,0.06886446886446887,0.0029304029304029304,280.37,-32.88,-6.87,khong?2
0.005372405372405372,0.05128205128205128,0.06544566544566545,0.06910866910866911,0.0029304029304029304,286.87,-42.56,-3.19,khong?2
0.005372405372405372,0.05054945054945055,0.06495726495726496,0.06935286935286936,0.0029304029304029304,287.0,-43.13,12.56,khong?2
0.005372405372405372,0.04981684981684982,0.06422466422466422,0.06568986568986569,0.0029304029304029304,288.56,-40.75,18.19,khong?2
0.003663003663003663,0.04249084249084249,0.05982905982905983,0.05714285714285714,0.0029304029304029304,288.12,-40.31,18.56,khong?2
0.0017094017094017094,0.03492063492063492,0.053235653235653234,0.04713064713064713,0.0017094017094017094,287.87,-39.94,18.12,khong?2
0.0,0.02905982905982906,0.04786324786324787,0.040293040293040296,0.0009768009768009768,287.62,-39.13,18.12,khong?2
0.0009768009768009768,0.02490842490842491,0.04395604395604396,0.03540903540903541,0.0004884004884004884,287.31,-39.13,18.19,khong?2
0.0019536019536019536,0.02197802197802198,0.04126984126984127,0.03223443223443224,0.0,287.06,-39.0,18.19,khong?2
0.002442002442002442,0.020024420024420026,0.03907203907203907,0.030036630036630037,0.0002442002442002442,287.0,-38.94,18.12,khong?2
0.002686202686202686,0.01855921855921856,0.037606837606837605,0.02857142857142857,0.0004884004884004884,286.87,-38.75,18.56,khong?2
0.0029304029304029304,0.017826617826617826,0.03638583638583639,0.027594627594627594,0.0004884004884004884,286.87,-39.25,18.56,khong?2
0.0031746031746031746,0.017094017094017096,0.03540903540903541,0.026862026862026864,0.0007326007326007326,287.0,-40.56,18.62,khong?2
0.003418803418803419,0.01684981684981685,0.03492063492063492,0.026373626373626374,0.0007326007326007326,286.56,-40.06,18.56,khong?2
0.003418803418803419,0.01684981684981685,0.034432234432234435,0.026373626373626374,0.0007326007326007326,281.12,-24.19,4.5,khong?2
0.0031746031746031746,0.01733821733821734,0.03785103785103785,0.032722832722832725,0.0002442002442002442,279.06,-25.62,0.44,khong?2
0.0009768009768009768,0.028327228327228327,0.05054945054945055,0.04566544566544566,0.0009768009768009768,282.75,-49.81,8.06,khong?2
0.0007326007326007326,0.035897435897435895,0.05934065934065934,0.05518925518925519,0.0017094017094017094,282.5,-48.13,9.5,khong?2
0.0019536019536019536,0.04126984126984127,0.06544566544566545,0.06202686202686203,0.002197802197802198,280.94,-35.44,-2.12,khong?2
0.0029304029304029304,0.044444444444444446,0.06837606837606838,0.06617826617826618,0.002442002442002442,288.69,-58.19,15.38,khong?2
0.003418803418803419,0.046886446886446886,0.06984126984126984,0.06862026862026863,0.003663003663003663,288.81,-57.56,28.19,khong?2
0.005128205128205128,0.04786324786324787,0.07081807081807082,0.07032967032967033,0.00463980463980464,279.56,-29.31,-1.81,khong?2
0.006349206349206349,0.04810744810744811,0.07081807081807082,0.0713064713064713,0.004151404151404151,286.06,-45.31,5.06,khong?2
0.00805860805860806,0.04884004884004884,0.07008547008547009,0.07106227106227106,0.003907203907203907,294.37,-63.19,36.06,khong?2
0.009035409035409036,0.04884004884004884,0.0695970695970696,0.07155067155067155,0.003663003663003663,285.94,-43.5,7.56,khong?2
0.00927960927960928,0.0485958485958486,0.06886446886446887,0.07179487179487179,0.003418803418803419,280.87,-29.5,-2.12,khong?2
0.00927960927960928,0.04835164835164835,0.06764346764346764,0.07203907203907203,0.0031746031746031746,280.69,-31.81,-1.81,khong?2
0.00927960927960928,0.04737484737484737,0.06666666666666667,0.07203907203907203,0.0031746031746031746,282.37,-35.5,-0.5,khong?2
0.008791208791208791,0.046886446886446886,0.06593406593406594,0.07228327228327229,0.0029304029304029304,288.75,-45.31,5.31,khong?2
0.008302808302808303,0.046153846153846156,0.06471306471306472,0.07081807081807082,0.0029304029304029304,288.62,-41.75,18.0,khong?2
0.00805860805860806,0.04224664224664225,0.06349206349206349,0.06446886446886448,0.0029304029304029304,289.87,-41.19,18.69,khong?2
0.004884004884004884,0.033455433455433455,0.05616605616605617,0.05347985347985348,0.0017094017094017094,289.06,-40.69,18.62,khong?2
0.002442002442002442,0.026617826617826617,0.04957264957264957,0.045177045177045176,0.0009768009768009768,288.69,-40.06,18.81,khong?2
0.0007326007326007326,0.02197802197802198,0.04468864468864469,0.039316239316239315,0.0004884004884004884,288.56,-40.13,18.81,khong?2
0.0004884004884004884,0.01855921855921856,0.04151404151404151,0.035164835164835165,0.0,288.37,-40.5,18.62,khong?2
0.0014652014652014652,0.01611721611721612,0.03882783882783883,0.032722832722832725,0.0002442002442002442,288.31,-40.63,18.56,khong?2
0.002197802197802198,0.014407814407814409,0.03711843711843712,0.031013431013431014,0.0004884004884004884,288.25,-40.75,18.62,khong?2
0.002442002442002442,0.013186813186813187,0.035897435897435895,0.030036630036630037,0.0007326007326007326,288.69,-41.06,18.81,khong?2
0.0029304029304029304,0.01221001221001221,0.03492063492063492,0.029548229548229547,0.0007326007326007326,288.81,-41.06,18.94,khong?2
0.0029304029304029304,0.011721611721611722,0.03418803418803419,0.02905982905982906,0.0007326007326007326,288.75,-40.81,19.12,khong?2
0.0029304029304029304,0.011477411477411478,0.0336996336996337,0.028815628815628817,0.0007326007326007326,288.87,-41.13,19.0,khong?2
0.0029304029304029304,0.011233211233211233,0.033455433455433455,0.02857142857142857,0.0007326007326007326,289.12,-42.06,18.94,khong?2
0.002686202686202686,0.01098901098901099,0.03321123321123321,0.02857142857142857,0.0007326007326007326,289.37,-43.94,19.5,khong?2
0.002197802197802198,0.01098901098901099,0.03296703296703297,0.028815628815628817,0.0007326007326007326,290.0,-45.13,18.87,khong?2
0.0019536019536019536,0.01098901098901099,0.03296703296703297,0.028815628815628817,0.0007326007326007326,286.56,-36.06,7.62,khong?2
0.0014652014652014652,0.011233211233211233,0.033455433455433455,0.02905982905982906,0.0007326007326007326,284.19,-26.44,-4.5,khong?2
0.0004884004884004884,0.02490842490842491,0.04737484737484737,0.04493284493284493,0.0002442002442002442,284.87,-43.06,1.56,khong?2
0.003907203907203907,0.035164835164835165,0.05714285714285714,0.05616605616605617,0.0009768009768009768,288.56,-60.0,22.37,khong?2
0.006593406593406593,0.04224664224664225,0.06398046398046398,0.06398046398046398,0.0014652014652014652,285.5,-29.25,-4.5,khong?2
0.008302808302808303,0.04737484737484737,0.06788766788766788,0.06935286935286936,0.0019536019536019536,284.94,-36.94,-3.37,khong?2
0.009523809523809525,0.04981684981684982,0.06837606837606838,0.07228327228327229,0.002197802197802198,293.62,-57.56,21.31,khong?2
0.010256410256410256,0.05103785103785104,0.06886446886446887,0.07326007326007326,0.002442002442002442,290.12,-40.31,2.94,khong?2
0.010012210012210013,0.051770451770451774,0.06935286935286936,0.07326007326007326,0.002442002442002442,285.56,-31.12,-4.75,khong?2
0.010256410256410256,0.05225885225885226,0.06935286935286936,0.07326007326007326,0.002686202686202686,296.44,-53.31,17.19,khong?2
0.010744810744810745,0.053235653235653234,0.06910866910866911,0.07301587301587302,0.002686202686202686,292.06,-52.44,18.56,khong?2
0.010744810744810745,0.053235653235653234,0.06837606837606838,0.07301587301587302,0.002686202686202686,284.44,-21.75,-7.56,khong?2
0.010012210012210013,0.05274725274725275,0.06764346764346764,0.07301587301587302,0.002686202686202686,283.69,-22.5,-7.69,khong?2
0.00927960927960928,0.05225885225885226,0.06617826617826618,0.07448107448107448,0.002686202686202686,283.62,-25.56,-7.31,khong?2
0.008791208791208791,0.051770451770451774,0.06544566544566545,0.07545787545787545,0.002686202686202686,284.69,-33.13,-4.0,khong?2
0.008302808302808303,0.05128205128205128,0.06422466422466422,0.07594627594627594,0.0017094017094017094,285.94,-36.13,10.06,khong?2
0.00805860805860806,0.050793650793650794,0.06324786324786325,0.07277167277167278,0.0009768009768009768,288.31,-37.5,14.31,khong?2
0.005372405372405372,0.04249084249084249,0.057631257631257635,0.061782661782661785,0.0004884004884004884,288.81,-38.19,15.5,khong?2
0.002442002442002442,0.0336996336996337,0.050061050061050064,0.051526251526251524,0.0,288.25,-38.63,16.0,khong?2
0.0002442002442002442,0.027106227106227107,0.044444444444444446,0.0442002442002442,0.0004884004884004884,288.06,-38.5,16.56,khong?2
0.001221001221001221,0.02271062271062271,0.04053724053724054,0.03882783882783883,0.0004884004884004884,288.06,-38.63,17.06,khong?2
0.002197802197802198,0.019291819291819293,0.03736263736263736,0.035164835164835165,0.0007326007326007326,288.0,-38.81,17.12,khong?2
0.002686202686202686,0.017094017094017096,0.03492063492063492,0.032722832722832725,0.0007326007326007326,288.0,-38.81,17.19,khong?2
0.0031746031746031746,0.015384615384615385,0.03321123321123321,0.03076923076923077,0.0009768009768009768,288.12,-39.56,16.81,khong?2
0.0031746031746031746,0.014407814407814409,0.03199023199023199,0.029548229548229547,0.0009768009768009768,287.87,-41.88,16.81,khong?2
0.003418803418803419,0.013675213675213675,0.03125763125763126,0.028815628815628817,0.0009768009768009768,287.75,-44.56,16.94,khong?2
0.0029304029304029304,0.013431013431013432,0.031013431013431014,0.028327228327228327,0.0009768009768009768,287.69,-47.5,17.56,khong?2
0.002442002442002442,0.013431013431013432,0.03076923076923077,0.028327228327228327,0.0009768009768009768,285.25,-41.88,15.31,khong?2
0.0017094017094017094,0.013675213675213675,0.03125763125763126,0.028815628815628817,0.0009768009768009768,282.19,-29.69,0.0,khong?2
0.001221001221001221,0.02612942612942613,0.0485958485958486,0.046886446886446886,0.001221001221001221,283.75,-36.81,3.56,khong?2
0.005372405372405372,0.04004884004884005,0.06105006105006105,0.06105006105006105,0.0029304029304029304,289.0,-49.56,12.31,khong?2
0.009035409035409036,0.050061050061050064,0.0695970695970696,0.07106227106227106,0.004151404151404151,284.94,-36.06,1.44,khong?2
0.01221001221001221,0.0568986568986569,0.07545787545787545,0.0778998778998779,0.005128205128205128,286.25,-39.94,1.5,khong?2
0.014652014652014652,0.061782661782661785,0.0796092796092796,0.08278388278388278,0.005616605616605617,295.56,-53.63,21.0,khong?2
0.017826617826617826,0.06471306471306472,0.08180708180708181,0.0862026862026862,0.006105006105006105,288.69,-38.19,2.94,khong?2
0.02197802197802198,0.06642246642246642,0.08278388278388278,0.08815628815628816,0.006105006105006105,286.69,-38.63,1.5,khong?2
0.02490842490842491,0.06764346764346764,0.08376068376068375,0.08937728937728938,0.006349206349206349,297.31,-55.25,23.31,khong?2
0.027106227106227107,0.06788766788766788,0.08327228327228327,0.08986568986568987,0.006349206349206349,293.81,-43.75,13.81,khong?2
0.02783882783882784,0.06764346764346764,0.08302808302808302,0.08986568986568987,0.006593406593406593,285.5,-27.56,0.75,khong?2
0.028327228327228327,0.06715506715506715,0.0822954822954823,0.09010989010989011,0.005616605616605617,285.87,-31.62,0.81,khong?2
0.027106227106227107,0.06593406593406594,0.08131868131868132,0.08937728937728938,0.004884004884004884,286.87,-35.81,1.0,khong?2
0.026373626373626374,0.0652014652014652,0.0800976800976801,0.08864468864468865,0.004151404151404151,291.62,-44.63,4.87,khong?2
0.02564102564102564,0.06446886446886448,0.07887667887667887,0.08791208791208792,0.003907203907203907,289.06,-43.63,20.0,khong?2
0.02442002442002442,0.06398046398046398,0.07765567765567766,0.08351648351648351,0.003418803418803419,291.19,-41.63,21.94,khong?2
0.01978021978021978,0.05347985347985348,0.06935286935286936,0.07008547008547009,0.003418803418803419,290.87,-41.44,23.0,khong?2
0.014896214896214897,0.04297924297924298,0.060073260073260075,0.059096459096459095,0.0031746031746031746,290.69,-41.56,22.81,khong?2
0.011233211233211233,0.03540903540903541,0.053235653235653234,0.05103785103785104,0.0029304029304029304,290.69,-41.63,23.12,khong?2
0.008547008547008548,0.030036630036630037,0.04786324786324787,0.04542124542124542,0.0029304029304029304,290.5,-41.38,23.69,khong?2
0.006593406593406593,0.02612942612942613,0.0442002442002442,0.04126984126984127,0.0029304029304029304,290.37,-41.38,23.19,khong?2
0.005372405372405372,0.023443223443223443,0.04151404151404151,0.038583638583638585,0.0017094017094017094,290.44,-41.44,22.94,khong?2
0.00463980463980464,0.021733821733821733,0.039316239316239315,0.03663003663003663,0.0009768009768009768,290.12,-41.25,22.94,khong?2
0.004151404151404151,0.020757020757020756,0.03785103785103785,0.035164835164835165,0.0002442002442002442,290.06,-41.56,22.62,khong?2
0.003907203907203907,0.020024420024420026,0.036874236874236875,0.03418803418803419,0.0,289.81,-42.38,22.06,khong?2
0.003907203907203907,0.01978021978021978,0.036141636141636145,0.0336996336996337,0.0002442002442002442,285.75,-40.31,14.56,khong?2
0.003907203907203907,0.02026862026862027,0.0380952380952381,0.03638583638583639,0.0004884004884004884,284.31,-37.0,1.0,khong?2
0.009035409035409036,0.03418803418803419,0.05543345543345543,0.05567765567765568,0.0017094017094017094,283.5,-43.06,1.75,khong?2
0.017094017094017096,0.04493284493284493,0.06764346764346764,0.06910866910866911,0.0031746031746031746,286.62,-54.38,11.38,khong?2
0.02442002442002442,0.05274725274725275,0.0761904761904762,0.07863247863247863,0.004151404151404151,284.56,-47.13,6.5,khong?2
0.029548229548229547,0.05860805860805861,0.08205128205128205,0.08376068376068375,0.004884004884004884,281.81,-37.88,-0.75,khong?2
0.03540903540903541,0.06275946275946276,0.08644688644688645,0.08717948717948718,0.004395604395604396,289.5,-51.25,9.56,khong?2
0.04126984126984127,0.06568986568986569,0.08937728937728938,0.08864468864468865,0.003907203907203907,290.87,-49.5,14.81,khong?2
0.04566544566544566,0.06788766788766788,0.09181929181929183,0.08986568986568987,0.003663003663003663,284.56,-37.75,-0.56,khong?2
0.04884004884004884,0.0695970695970696,0.09352869352869353,0.09035409035409035,0.00463980463980464,289.44,-48.75,5.81,khong?2
0.05054945054945055,0.07081807081807082,0.09426129426129426,0.08962148962148962,0.004151404151404151,292.81,-57.38,21.75,khong?2
0.05103785103785104,0.07057387057387057,0.0927960927960928,0.09035409035409035,0.003663003663003663,287.69,-43.0,6.5,khong?2
0.05103785103785104,0.07032967032967033,0.09133089133089133,0.09084249084249084,0.003418803418803419,283.31,-33.38,-1.25,khong?2
0.05128205128205128,0.06984126984126984,0.09010989010989011,0.09108669108669108,0.0031746031746031746,283.31,-34.5,-0.37,khong?2
0.051526251526251524,0.06935286935286936,0.08913308913308914,0.09133089133089133,0.0031746031746031746,283.87,-35.0,-0.13,khong?2
0.051770451770451774,0.06862026862026863,0.0884004884004884,0.09157509157509157,0.0029304029304029304,287.44,-41.94,1.81,khong?2
0.051770451770451774,0.06788766788766788,0.08766788766788766,0.09084249084249084,0.0029304029304029304,285.56,-40.69,15.06,khong?2
0.0485958485958486,0.06666666666666667,0.08669108669108669,0.08791208791208792,0.0029304029304029304,288.25,-40.31,20.44,khong?2
0.041025641025641026,0.05567765567765568,0.07936507936507936,0.07423687423687424,0.0029304029304029304,289.0,-39.56,21.69,khong?2
0.03321123321123321,0.04468864468864469,0.06984126984126984,0.06153846153846154,0.0029304029304029304,288.81,-38.94,21.75,khong?2
0.027106227106227107,0.03638583638583639,0.06202686202686203,0.052503052503052504,0.0029304029304029304,288.75,-38.81,22.31,khong?2
0.022954822954822957,0.030525030525030524,0.056654456654456654,0.046153846153846156,0.0017094017094017094,288.87,-40.63,22.06,khong?2
0.020024420024420026,0.026373626373626374,0.05274725274725275,0.04249084249084249,0.0009768009768009768,288.44,-41.81,22.25,khong?2
0.018070818070818073,0.023687423687423687,0.04981684981684982,0.040293040293040296,0.0002442002442002442,288.31,-42.63,22.44,khong?2
0.016605616605616606,0.021733821733821733,0.04786324786324787,0.038583638583638585,0.0,288.5,-43.5,22.87,khong?2
0.015873015873015872,0.020512820512820513,0.04664224664224664,0.03736263736263736,0.0002442002442002442,288.62,-44.56,23.44,khong?2
0.01514041514041514,0.01978021978021978,0.04566544566544566,0.03638583638583639,0.0004884004884004884,288.62,-44.63,24.75,khong?2
0.014652014652014652,0.019536019536019536,0.04493284493284493,0.035897435897435895,0.0004884004884004884,286.44,-35.25,11.06,khong?2
0.014407814407814409,0.02197802197802198,0.05128205128205128,0.040293040293040296,0.0004884004884004884,284.81,-29.81,1.56,khong?2
0.01855921855921856,0.03638583638583639,0.06471306471306472,0.05567765567765568,0.00463980463980464,286.19,-43.31,5.37,khong?2
0.021245421245421246,0.04664224664224664,0.073992673992674,0.06666666666666667,0.007814407814407814,288.75,-51.38,18.37,khong?2
0.0231990231990232,0.05372405372405373,0.08058608058608059,0.07423687423687424,0.009768009768009768,284.62,-27.44,-0.44,khong?2
0.02442002442002442,0.05811965811965812,0.08400488400488401,0.07814407814407814,0.011233211233211233,285.12,-33.75,1.06,khong?2
0.023931623931623933,0.05958485958485959,0.08473748473748474,0.08083028083028083,0.012454212454212455,291.0,-46.81,12.44,khong?2
0.0231990231990232,0.06056166056166056,0.08498168498168499,0.08180708180708181,0.012942612942612943,286.75,-28.12,-0.88,khong?2
0.022466422466422466,0.060805860805860805,0.08473748473748474,0.08205128205128205,0.012454212454212455,286.81,-34.94,0.88,khong?2
0.02197802197802198,0.060805860805860805,0.08351648351648351,0.08156288156288156,0.011965811965811967,294.69,-53.94,20.44,khong?2
0.02148962148962149,0.06056166056166056,0.08253968253968254,0.08083028083028083,0.011477411477411478,290.75,-43.94,13.88,khong?2
0.020512820512820513,0.06031746031746032,0.08156288156288156,0.0800976800976801,0.011233211233211233,284.87,-25.56,0.25,khong?2
0.020024420024420026,0.05982905982905983,0.08058608058608059,0.0796092796092796,0.01098901098901099,283.75,-25.5,0.81,khong?2
0.019291819291819293,0.05885225885225885,0.07887667887667887,0.0796092796092796,0.01098901098901099,284.19,-26.44,1.5,khong?2
0.018803418803418803,0.05811965811965812,0.07765567765567766,0.07936507936507936,0.010744810744810745,285.0,-32.63,2.56,khong?2
0.018315018315018316,0.057387057387057384,0.07667887667887668,0.07936507936507936,0.010744810744810745,287.56,-37.31,8.0,khong?2
0.017582417582417582,0.0568986568986569,0.0757020757020757,0.07692307692307693,0.010744810744810745,287.25,-36.69,17.87,khong?2
0.017094017094017096,0.051770451770451774,0.0735042735042735,0.06935286935286936,0.009523809523809525,289.19,-37.38,18.25,khong?2
0.014652014652014652,0.04224664224664225,0.06446886446886448,0.05714285714285714,0.00757020757020757,289.31,-37.5,18.81,khong?2
0.011965811965811967,0.033455433455433455,0.05641025641025641,0.04810744810744811,0.006349206349206349,289.19,-36.88,19.62,khong?2
0.009768009768009768,0.027106227106227107,0.05030525030525031,0.04151404151404151,0.005372405372405372,289.0,-36.81,20.19,khong?2
0.00805860805860806,0.02271062271062271,0.046153846153846156,0.03711843711843712,0.00463980463980464,288.69,-37.19,20.31,khong?2
0.007081807081807082,0.01978021978021978,0.04322344322344322,0.03394383394383394,0.004151404151404151,288.31,-37.56,20.44,khong?2
0.006349206349206349,0.017582417582417582,0.041025641025641026,0.031746031746031744,0.003907203907203907,288.25,-38.31,20.56,khong?2
0.006105006105006105,0.01611721611721612,0.03956043956043956,0.030525030525030524,0.003663003663003663,287.81,-40.19,21.44,khong?2
0.005860805860805861,0.015384615384615385,0.038583638583638585,0.029548229548229547,0.003418803418803419,287.87,-44.75,23.5,khong?2
0.006105006105006105,0.01514041514041514,0.038583638583638585,0.029304029304029304,0.003418803418803419,286.0,-43.63,11.63,khong?2
0.007814407814407814,0.018803418803418803,0.04810744810744811,0.03785103785103785,0.004395604395604396,283.44,-34.94,-4.06,khong?2
0.012698412698412698,0.033455433455433455,0.05958485958485959,0.051770451770451774,0.005128205128205128,285.06,-43.81,-1.69,khong?2
0.016361416361416362,0.04371184371184371,0.06764346764346764,0.06153846153846154,0.005616605616605617,292.12,-56.25,20.5,khong?2
0.01855921855921856,0.050793650793650794,0.0735042735042735,0.06837606837606838,0.006105006105006105,286.62,-32.5,3.0,khong?2
0.020024420024420026,0.05518925518925519,0.07667887667887668,0.07203907203907203,0.006349206349206349,286.75,-32.25,-1.12,khong?2
0.020024420024420026,0.057631257631257635,0.07716727716727717,0.07423687423687424,0.006593406593406593,295.0,-52.38,20.5,khong?2
0.020024420024420026,0.05934065934065934,0.07692307692307693,0.07472527472527472,0.006593406593406593,290.0,-41.38,9.19,khong?2
0.01978021978021978,0.060073260073260075,0.07643467643467644,0.07448107448107448,0.006837606837606838,285.75,-31.25,-2.81,khong?2
0.019536019536019536,0.06031746031746032,0.07545787545787545,0.07448107448107448,0.006837606837606838,294.31,-49.88,14.25,khong?2
0.01978021978021978,0.06031746031746032,0.07423687423687424,0.073992673992674,0.006837606837606838,294.81,-53.13,27.87,khong?2
0.019536019536019536,0.06031746031746032,0.07301587301587302,0.0735042735042735,0.006837606837606838,285.81,-28.12,-2.69,khong?2
0.01904761904761905,0.05958485958485959,0.07203907203907203,0.07326007326007326,0.005616605616605617,284.5,-24.12,-4.31,khong?2
0.01855921855921856,0.058363858363858365,0.06984126984126984,0.073992673992674,0.005860805860805861,284.5,-25.56,-3.62,khong?2
0.018315018315018316,0.057631257631257635,0.06813186813186813,0.07448107448107448,0.006105006105006105,285.06,-31.0,-2.25,khong?2
0.017582417582417582,0.0568986568986569,0.06715506715506715,0.07472527472527472,0.006349206349206349,287.56,-33.88,5.0,khong?2
0.01684981684981685,0.05641025641025641,0.06642246642246642,0.0735042735042735,0.006349206349206349,289.31,-36.19,14.94,khong?2
0.014652014652014652,0.04932844932844933,0.06373626373626373,0.06617826617826618,0.006593406593406593,292.19,-37.56,20.31,khong?2
0.01098901098901099,0.039316239316239315,0.055921855921855924,0.05445665445665446,0.005372405372405372,291.94,-37.06,19.87,khong?2
0.00805860805860806,0.03125763125763126,0.0485958485958486,0.04590964590964591,0.00463980463980464,292.31,-37.13,19.31,khong?2
0.006105006105006105,0.02564102564102564,0.043467643467643466,0.0398046398046398,0.004151404151404151,292.5,-37.88,21.0,khong?2
0.00463980463980464,0.021733821733821733,0.0398046398046398,0.03540903540903541,0.003663003663003663,292.44,-39.13,21.75,khong?2
0.003663003663003663,0.01904761904761905,0.03711843711843712,0.032722832722832725,0.003418803418803419,292.31,-38.94,22.12,khong?2
0.0031746031746031746,0.017094017094017096,0.03540903540903541,0.031013431013431014,0.0031746031746031746,292.56,-38.88,21.62,khong?2
0.002686202686202686,0.015873015873015872,0.03418803418803419,0.029792429792429794,0.0031746031746031746,292.62,-39.63,22.25,khong?2
0.002442002442002442,0.01514041514041514,0.033455433455433455,0.028815628815628817,0.0029304029304029304,291.56,-39.25,22.87,khong?2
0.002197802197802198,0.014652014652014652,0.03321123321123321,0.028815628815628817,0.0029304029304029304,285.69,-31.69,8.88,khong?2
0.0031746031746031746,0.017094017094017096,0.04126984126984127,0.03394383394383394,0.0029304029304029304,283.25,-27.12,-2.44,khong?2
0.008547008547008548,0.030036630036630037,0.05445665445665446,0.04884004884004884,0.004151404151404151,285.5,-41.19,0.44,khong?2
0.012942612942612943,0.03907203907203907,0.06349206349206349,0.05934065934065934,0.004884004884004884,287.37,-43.94,7.37,khong?2
0.01611721611721612,0.045177045177045176,0.07008547008547009,0.06642246642246642,0.005616605616605617,288.44,-24.25,-4.44,khong?2
0.018315018315018316,0.04932844932844933,0.07374847374847375,0.07106227106227106,0.006105006105006105,292.87,-42.06,4.31,khong?2
0.018070818070818073,0.05103785103785104,0.07472527472527472,0.073992673992674,0.006349206349206349,296.5,-52.0,19.25,khong?2
0.017582417582417582,0.051770451770451774,0.07521367521367521,0.07374847374847375,0.005372405372405372,288.0,-27.06,-7.37,khong?2
0.01733821733821734,0.05225885225885226,0.07521367521367521,0.07326007326007326,0.00463980463980464,290.44,-37.5,-2.87,khong?2
0.017094017094017096,0.050793650793650794,0.0735042735042735,0.07252747252747253,0.004151404151404151,295.56,-51.94,19.06,khong?2
0.01684981684981685,0.04981684981684982,0.07179487179487179,0.07155067155067155,0.003663003663003663,288.06,-32.13,-1.25,khong?2
0.016605616605616606,0.04884004884004884,0.07057387057387057,0.07081807081807082,0.003418803418803419,286.25,-21.94,-8.06,khong?2
0.016361416361416362,0.047619047619047616,0.06886446886446887,0.07032967032967033,0.0031746031746031746,285.37,-25.12,-6.37,khong?2
0.016361416361416362,0.046886446886446886,0.06764346764346764,0.07008547008547009,0.0031746031746031746,286.31,-27.94,-6.12,khong?2
0.01611721611721612,0.0463980463980464,0.06691086691086691,0.07008547008547009,0.0029304029304029304,290.5,-35.94,-4.62,khong?2
0.015873015873015872,0.04542124542124542,0.06617826617826618,0.06984126984126984,0.0029304029304029304,291.37,-39.25,14.38,khong?2
0.015384615384615385,0.04493284493284493,0.0652014652014652,0.06617826617826618,0.0029304029304029304,292.0,-38.19,21.37,khong?2
0.012698412698412698,0.03785103785103785,0.06056166056166056,0.057631257631257635,0.0029304029304029304,292.25,-38.88,20.87,khong?2
0.00927960927960928,0.029792429792429794,0.05274725274725275,0.04713064713064713,0.0029304029304029304,291.75,-38.38,20.87,khong?2
0.006349206349206349,0.023687423687423687,0.04664224664224664,0.0398046398046398,0.0017094017094017094,291.62,-37.44,20.62,khong?2
0.00463980463980464,0.019536019536019536,0.042002442002442006,0.03467643467643468,0.0009768009768009768,291.37,-37.56,21.0,khong?2
0.0031746031746031746,0.016605616605616606,0.03882783882783883,0.03125763125763126,0.0004884004884004884,291.12,-37.38,21.44,khong?2
0.002197802197802198,0.014652014652014652,0.03663003663003663,0.028815628815628817,0.0,291.12,-38.0,21.37,khong?2
0.0017094017094017094,0.013675213675213675,0.035164835164835165,0.027106227106227107,0.0002442002442002442,291.0,-39.25,21.37,khong?2
0.001221001221001221,0.012942612942612943,0.034432234432234435,0.025885225885225887,0.0004884004884004884,290.81,-40.44,21.44,khong?2
0.0009768009768009768,0.012698412698412698,0.0336996336996337,0.025396825396825397,0.0007326007326007326,289.5,-42.44,19.44,khong?2
0.0007326007326007326,0.012698412698412698,0.0336996336996337,0.025396825396825397,0.0007326007326007326,287.81,-35.88,0.75,khong?2
0.0019536019536019536,0.018315018315018316,0.04737484737484737,0.037606837606837605,0.0002442002442002442,286.0,-31.5,-1.06,khong?2
0.006349206349206349,0.03125763125763126,0.059096459096459095,0.04884004884004884,0.002197802197802198,290.69,-47.94,5.81,khong?2
0.010012210012210013,0.040293040293040296,0.06715506715506715,0.0568986568986569,0.003663003663003663,291.62,-52.31,19.44,khong?2
0.012698412698412698,0.0463980463980464,0.07277167277167278,0.06227106227106227,0.003418803418803419,286.31,-26.0,-4.19,khong?2
0.014407814407814409,0.05030525030525031,0.0761904761904762,0.06593406593406594,0.003418803418803419,288.25,-36.19,-0.06,khong?2
0.014896214896214897,0.05299145299145299,0.07716727716727717,0.06788766788766788,0.0031746031746031746,294.81,-51.63,22.75,khong?2
0.015384615384615385,0.05372405372405373,0.07765567765567766,0.06788766788766788,0.0031746031746031746,290.87,-35.69,6.69,khong?2
0.01514041514041514,0.05396825396825397,0.0778998778998779,0.06788766788766788,0.0031746031746031746,287.19,-23.5,-4.81,khong?2
0.014896214896214897,0.054212454212454214,0.07716727716727717,0.06764346764346764,0.0029304029304029304,294.69,-46.31,10.75,khong?2
0.014163614163614164,0.05299145299145299,0.0757020757020757,0.06642246642246642,0.0029304029304029304,295.06,-50.38,17.81,khong?2
0.01391941391941392,0.05201465201465202,0.07448107448107448,0.06568986568986569,0.0029304029304029304,286.19,-31.19,-2.69,khong?2
0.013431013431013432,0.05054945054945055,0.07326007326007326,0.06495726495726496,0.0029304029304029304,285.06,-26.19,-3.69,khong?2
0.013431013431013432,0.04932844932844933,0.07179487179487179,0.06349206349206349,0.0029304029304029304,285.44,-29.5,-2.56,khong?2
0.013186813186813187,0.04835164835164835,0.07081807081807082,0.06251526251526252,0.0029304029304029304,286.44,-32.94,-0.37,khong?2
0.012942612942612943,0.04737484737484737,0.06984126984126984,0.061782661782661785,0.0029304029304029304,289.31,-35.56,7.56,khong?2
0.012942612942612943,0.04664224664224664,0.06910866910866911,0.060805860805860805,0.0029304029304029304,288.06,-35.13,17.56,khong?2
0.011477411477411478,0.04053724053724054,0.06715506715506715,0.05518925518925519,0.0029304029304029304,289.87,-35.44,18.25,khong?2
0.008302808302808303,0.03223443223443224,0.05885225885225885,0.04542124542124542,0.0017094017094017094,290.0,-35.38,18.75,khong?2
0.005616605616605617,0.025396825396825397,0.05201465201465202,0.03833943833943834,0.0009768009768009768,289.94,-35.44,19.25,khong?2
0.003907203907203907,0.020757020757020756,0.04713064713064713,0.0336996336996337,0.0004884004884004884,289.87,-36.06,19.81,khong?2
0.002686202686202686,0.017582417582417582,0.043467643467643466,0.03028083028083028,0.0,289.87,-36.25,19.87,khong?2
0.0017094017094017094,0.015384615384615385,0.041025641025641026,0.02783882783882784,0.0002442002442002442,290.12,-36.88,20.0,khong?2
0.001221001221001221,0.01391941391941392,0.039316239316239315,0.026373626373626374,0.0004884004884004884,290.25,-37.56,20.37,khong?2
0.0007326007326007326,0.012942612942612943,0.03785103785103785,0.025396825396825397,0.0004884004884004884,290.31,-38.0,20.5,khong?2
0.0007326007326007326,0.012698412698412698,0.03711843711843712,0.024664224664224663,0.0007326007326007326,288.69,-36.06,19.31,khong?2
0.0007326007326007326,0.012698412698412698,0.03663003663003663,0.024664224664224663,0.0007326007326007326,285.75,-27.37,0.5,khong?2
0.004884004884004884,0.025396825396825397,0.05201465201465202,0.041025641025641026,0.0002442002442002442,285.31,-29.87,-0.13,khong?2
0.009035409035409036,0.041025641025641026,0.06275946275946276,0.05299145299145299,0.0009768009768009768,290.37,-47.25,8.75,khong?2
0.012454212454212455,0.05201465201465202,0.07032967032967033,0.06129426129426129,0.0017094017094017094,288.5,-36.19,2.69,khong?2
0.014896214896214897,0.05958485958485959,0.07423687423687424,0.06715506715506715,0.0019536019536019536,287.06,-30.5,-3.12,khong?2
0.01611721611721612,0.06324786324786325,0.0757020757020757,0.07081807081807082,0.002197802197802198,296.87,-49.44,17.62,khong?2
0.017094017094017096,0.06495726495726496,0.0757020757020757,0.07301587301587302,0.002442002442002442,294.12,-42.69,13.31,khong?2
0.017826617826617826,0.06593406593406594,0.0757020757020757,0.07374847374847375,0.002442002442002442,287.94,-26.62,-3.37,khong?2
0.018315018315018316,0.06617826617826618,0.07496947496947497,0.07423687423687424,0.002686202686202686,295.19,-44.13,11.88,khong?2
0.01855921855921856,0.06593406593406594,0.073992673992674,0.0735042735042735,0.002686202686202686,296.37,-46.63,20.44,khong?2
0.018315018315018316,0.06568986568986569,0.07277167277167278,0.07374847374847375,0.002686202686202686,286.37,-30.87,-1.06,khong?2
0.018070818070818073,0.06495726495726496,0.07203907203907203,0.073992673992674,0.002686202686202686,285.37,-29.62,-1.5,khong?2
0.017826617826617826,0.06349206349206349,0.07057387057387057,0.0735042735042735,0.0029304029304029304,285.87,-30.87,-0.75,khong?2
0.01733821733821734,0.06251526251526252,0.06935286935286936,0.07326007326007326,0.0029304029304029304,286.12,-33.63,1.06,khong?2
0.01684981684981685,0.061782661782661785,0.06862026862026863,0.07301587301587302,0.0029304029304029304,287.75,-38.63,10.25,khong?2
0.01562881562881563,0.06105006105006105,0.06764346764346764,0.07179487179487179,0.0029304029304029304,286.69,-41.75,20.44,khong?2
0.01391941391941392,0.057387057387057384,0.06593406593406594,0.06544566544566545,0.0029304029304029304,288.5,-41.06,22.19,khong?2
0.010012210012210013,0.04713064713064713,0.05787545787545788,0.05347985347985348,0.0017094017094017094,288.62,-40.88,22.31,khong?2
0.006593406593406593,0.0380952380952381,0.05030525030525031,0.04468864468864469,0.0009768009768009768,288.69,-40.5,22.94,khong?2
0.003907203907203907,0.0315018315018315,0.04468864468864469,0.03833943833943834,0.0002442002442002442,288.75,-41.19,23.31,khong?2
0.002197802197802198,0.027106227106227107,0.04053724053724054,0.03394383394383394,0.0,288.56,-41.31,23.69,khong?2
0.001221001221001221,0.023687423687423687,0.03785103785103785,0.031013431013431014,0.0004884004884004884,288.37,-42.0,24.0,khong?2
0.0004884004884004884,0.021733821733821733,0.035897435897435895,0.028815628815628817,0.0007326007326007326,288.31,-42.88,24.62,khong?2
0.0002442002442002442,0.02026862026862027,0.034432234432234435,0.02735042735042735,0.0007326007326007326,288.37,-43.44,26.31,khong?2
0.0,0.019291819291819293,0.033455433455433455,0.026617826617826617,0.0007326007326007326,286.87,-42.63,24.56,khong?2
0.0007326007326007326,0.01978021978021978,0.03394383394383394,0.026862026862026864,0.0007326007326007326,286.62,-33.0,1.62,khong?2
0.004884004884004884,0.02857142857142857,0.05128205128205128,0.04078144078144078,0.0002442002442002442,286.31,-37.0,0.62,khong?2
0.012942612942612943,0.04126984126984127,0.06324786324786325,0.05030525030525031,0.0009768009768009768,292.5,-52.31,12.25,khong?2
0.018315018315018316,0.05030525030525031,0.07179487179487179,0.05714285714285714,0.0014652014652014652,291.56,-39.94,5.0,khong?2
0.022222222222222223,0.05641025641025641,0.0757020757020757,0.06153846153846154,0.0019536019536019536,288.62,-32.75,-2.06,khong?2
0.02442002442002442,0.05958485958485959,0.07716727716727717,0.06471306471306472,0.002197802197802198,298.25,-53.69,22.19,khong?2
0.02564102564102564,0.060805860805860805,0.07716727716727717,0.06617826617826618,0.002442002442002442,295.56,-45.56,15.19,khong?2
0.026617826617826617,0.06153846153846154,0.07667887667887668,0.06593406593406594,0.002686202686202686,289.75,-32.75,0.06,khong?2
0.02612942612942613,0.06153846153846154,0.0761904761904762,0.06544566544566545,0.002686202686202686,300.06,-50.63,20.25,khong?2
0.02564102564102564,0.060805860805860805,0.07472527472527472,0.06495726495726496,0.0029304029304029304,298.87,-51.19,25.44,khong?2
0.025396825396825397,0.060073260073260075,0.0735042735042735,0.06398046398046398,0.0029304029304029304,290.19,-26.75,-0.31,khong?2
0.02442002442002442,0.05934065934065934,0.07252747252747253,0.06275946275946276,0.0029304029304029304,288.31,-26.81,-1.25,khong?2
0.02271062271062271,0.058363858363858365,0.07081807081807082,0.061782661782661785,0.0029304029304029304,288.44,-30.44,-0.5,khong?2
0.021733821733821733,0.057631257631257635,0.06984126984126984,0.06105006105006105,0.0029304029304029304,291.0,-35.06,0.0,khong?2
0.021001221001221003,0.05714285714285714,0.06910866910866911,0.06056166056166056,0.0029304029304029304,297.75,-44.31,7.31,khong?2
0.020512820512820513,0.05641025641025641,0.06813186813186813,0.060073260073260075,0.0029304029304029304,291.44,-42.44,22.56,khong?2
0.019536019536019536,0.05567765567765568,0.06764346764346764,0.05641025641025641,0.0029304029304029304,291.94,-41.06,22.37,khong?2
0.015384615384615385,0.0463980463980464,0.061782661782661785,0.046886446886446886,0.0017094017094017094,291.56,-40.94,22.75,khong?2
0.011233211233211233,0.03736263736263736,0.05445665445665446,0.038583638583638585,0.0009768009768009768,291.37,-40.88,23.37,khong?2
0.00805860805860806,0.03028083028083028,0.0485958485958486,0.032722832722832725,0.0002442002442002442,291.25,-40.88,23.75,khong?2
0.005860805860805861,0.025396825396825397,0.044444444444444446,0.02857142857142857,0.0002442002442002442,291.0,-41.0,24.0,khong?2
0.004395604395604396,0.021733821733821733,0.04151404151404151,0.025885225885225887,0.0004884004884004884,290.87,-40.75,24.19,khong?2
0.003418803418803419,0.019536019536019536,0.03956043956043956,0.023931623931623933,0.0007326007326007326,290.69,-40.75,24.25,khong?2
0.002686202686202686,0.018070818070818073,0.0380952380952381,0.022466422466422466,0.0007326007326007326,290.5,-40.5,24.5,khong?2
0.002197802197802198,0.017094017094017096,0.036874236874236875,0.02197802197802198,0.0009768009768009768,288.12,-38.81,21.94,khong?2
0.0019536019536019536,0.01684981684981685,0.03785103785103785,0.023931623931623933,0.0009768009768009768,287.0,-31.69,4.12,khong?2
0.007814407814407814,0.02857142857142857,0.05616605616605617,0.045177045177045176,0.0002442002442002442,285.62,-30.62,2.31,khong?2
0.014163614163614164,0.04078144078144078,0.06886446886446887,0.060073260073260075,0.002197802197802198,288.5,-44.0,9.13,khong?2
0.018803418803418803,0.04932844932844933,0.0778998778998779,0.07032967032967033,0.003663003663003663,289.0,-45.69,14.06,khong?2
0.02197802197802198,0.05518925518925519,0.08058608058608059,0.07448107448107448,0.00463980463980464,285.31,-36.25,3.37,khong?2
0.023931623931623933,0.05811965811965812,0.08131868131868132,0.07692307692307693,0.005372405372405372,293.25,-52.88,13.44,khong?2
0.025396825396825397,0.059096459096459095,0.08131868131868132,0.07814407814407814,0.005616605616605617,292.75,-46.69,18.87,khong?2
0.02612942612942613,0.05982905982905983,0.08058608058608059,0.07912087912087912,0.006105006105006105,287.37,-24.62,-0.88,khong?2
0.026617826617826617,0.060073260073260075,0.07985347985347985,0.07863247863247863,0.006105006105006105,291.37,-37.06,4.06,khong?2
0.026862026862026864,0.05982905982905983,0.07912087912087912,0.07838827838827839,0.005372405372405372,297.12,-50.0,21.87,khong?2
0.027106227106227107,0.05958485958485959,0.07838827838827839,0.0778998778998779,0.00463980463980464,288.94,-33.5,2.75,khong?2
0.026862026862026864,0.05885225885225885,0.07741147741147741,0.07765567765567766,0.004151404151404151,286.25,-28.19,-0.31,khong?2
0.025885225885225887,0.05787545787545788,0.0757020757020757,0.07716727716727717,0.003663003663003663,286.56,-31.31,1.0,khong?2
0.025396825396825397,0.0568986568986569,0.07423687423687424,0.07667887667887668,0.003418803418803419,287.31,-33.81,2.12,khong?2
0.024664224664224663,0.05616605616605617,0.07326007326007326,0.0761904761904762,0.0031746031746031746,291.25,-41.38,9.69,khong?2
0.024175824175824177,0.05543345543345543,0.07228327228327229,0.07521367521367521,0.0031746031746031746,288.37,-35.94,22.69,khong?2
0.02271062271062271,0.05396825396825397,0.0713064713064713,0.0713064713064713,0.0029304029304029304,289.56,-35.5,22.87,khong?2
0.01904761904761905,0.04493284493284493,0.06398046398046398,0.05934065934065934,0.0019536019536019536,289.5,-35.94,23.31,khong?2
0.014652014652014652,0.03638583638583639,0.05616605616605617,0.04981684981684982,0.0009768009768009768,289.25,-36.0,23.56,khong?2
0.011233211233211233,0.029792429792429794,0.050061050061050064,0.04322344322344322,0.0004884004884004884,289.19,-36.81,23.69,khong?2
0.008791208791208791,0.02490842490842491,0.04566544566544566,0.038583638583638585,0.0,289.19,-37.5,24.25,khong?2
0.007081807081807082,0.021733821733821733,0.042735042735042736,0.03540903540903541,0.0002442002442002442,288.94,-38.13,24.56,khong?2
0.006105006105006105,0.019536019536019536,0.04053724053724054,0.03321123321123321,0.0004884004884004884,288.94,-39.0,24.62,khong?2
0.005372405372405372,0.018070818070818073,0.03907203907203907,0.0315018315018315,0.0004884004884004884,289.19,-40.63,24.94,khong?2
0.005128205128205128,0.017094017094017096,0.0380952380952381,0.030525030525030524,0.0007326007326007326,289.5,-44.0,26.37,khong?2
0.004884004884004884,0.016605616605616606,0.037606837606837605,0.03028083028083028,0.0007326007326007326,287.69,-38.06,20.81,khong?2
0.005128205128205128,0.017094017094017096,0.038583638583638585,0.0315018315018315,0.0002442002442002442,284.81,-23.0,0.88,khong?2
0.007081807081807082,0.031013431013431014,0.05396825396825397,0.04981684981684982,0.0009768009768009768,284.56,-31.87,1.56,khong?2
0.008547008547008548,0.041025641025641026,0.06471306471306472,0.06275946275946276,0.0017094017094017094,290.87,-50.75,13.13,khong?2
0.009768009768009768,0.04786324786324787,0.07228327228327229,0.07179487179487179,0.0019536019536019536,288.87,-42.25,-0.06,khong?2
0.009523809523809525,0.050793650793650794,0.07594627594627594,0.07667887667887668,0.002197802197802198,288.06,-50.81,-3.75,khong?2
0.00927960927960928,0.05128205128205128,0.07667887667887668,0.07985347985347985,0.002442002442002442,289.81,-59.81,13.69,khong?2
0.009035409035409036,0.051526251526251524,0.07594627594627594,0.07985347985347985,0.002686202686202686,289.56,-30.81,0.06,khong?2
0.009035409035409036,0.05128205128205128,0.07521367521367521,0.0800976800976801,0.002686202686202686,289.06,-22.06,-6.56,khong?2
0.008791208791208791,0.05128205128205128,0.07423687423687424,0.0796092796092796,0.0029304029304029304,293.62,-43.06,7.31,khong?2
0.010012210012210013,0.05128205128205128,0.07326007326007326,0.07912087912087912,0.0029304029304029304,292.25,-39.69,6.94,khong?2
0.01098901098901099,0.05103785103785104,0.07228327228327229,0.07887667887667887,0.0029304029304029304,288.44,-22.06,-3.81,khong?2
0.011721611721611722,0.05103785103785104,0.07155067155067155,0.0778998778998779,0.0029304029304029304,287.87,-24.0,-3.12,khong?2
0.012698412698412698,0.05103785103785104,0.07008547008547009,0.07692307692307693,0.0029304029304029304,292.5,-41.81,3.44,khong?2
0.013431013431013432,0.05103785103785104,0.06886446886446887,0.0761904761904762,0.0029304029304029304,297.87,-57.06,28.0,khong?2
0.014163614163614164,0.05103785103785104,0.06788766788766788,0.07594627594627594,0.0029304029304029304,293.06,-34.0,4.75,khong?2
0.014407814407814409,0.05054945054945055,0.06715506715506715,0.07594627594627594,0.0029304029304029304,291.69,-14.69,-8.75,khong?2
0.014652014652014652,0.05054945054945055,0.06666666666666667,0.0757020757020757,0.0029304029304029304,290.25,-18.31,-7.56,khong?2
0.013675213675213675,0.050061050061050064,0.06568986568986569,0.07545787545787545,0.0029304029304029304,289.87,-20.56,-7.31,khong?2
0.012942612942612943,0.04957264957264957,0.06495726495726496,0.07545787545787545,0.0029304029304029304,291.25,-29.25,-3.44,khong?2
0.01221001221001221,0.04932844932844933,0.06422466422466422,0.07448107448107448,0.0029304029304029304,294.81,-38.38,8.5,khong?2
0.011477411477411478,0.04884004884004884,0.06349206349206349,0.07301587301587302,0.0029304029304029304,290.31,-37.44,18.5,khong?2
0.010744810744810745,0.043467643467643466,0.06251526251526252,0.06691086691086691,0.0017094017094017094,291.12,-37.88,18.69,khong?2
0.008302808302808303,0.035164835164835165,0.05518925518925519,0.05567765567765568,0.0009768009768009768,290.87,-37.06,19.81,khong?2
0.006105006105006105,0.028327228327228327,0.0485958485958486,0.046886446886446886,0.0004884004884004884,290.56,-36.19,20.5,khong?2
0.004151404151404151,0.0231990231990232,0.043467643467643466,0.04053724053724054,0.0,290.37,-36.13,20.62,khong?2
0.002686202686202686,0.019536019536019536,0.03956043956043956,0.036141636141636145,0.0002442002442002442,290.25,-36.38,20.87,khong?2
0.0017094017094017094,0.017094017094017096,0.036874236874236875,0.03296703296703297,0.0004884004884004884,290.31,-37.13,21.0,khong?2
0.0009768009768009768,0.015384615384615385,0.03492063492063492,0.031013431013431014,0.0004884004884004884,290.69,-39.38,21.62,khong?2
0.0007326007326007326,0.014407814407814409,0.03418803418803419,0.029792429792429794,0.0007326007326007326,290.81,-41.81,22.56,khong?2
0.0004884004884004884,0.014407814407814409,0.03394383394383394,0.02905982905982906,0.0007326007326007326,287.19,-34.56,14.94,khong?2
0.0007326007326007326,0.01514041514041514,0.03663003663003663,0.030525030525030524,0.0007326007326007326,286.56,-21.19,-2.69,khong?2
0.002442002442002442,0.024175824175824177,0.051770451770451774,0.046153846153846156,0.0002442002442002442,285.87,-32.13,-0.81,khong?2
0.005372405372405372,0.0336996336996337,0.06202686202686203,0.057387057387057384,0.0009768009768009768,292.75,-53.31,16.19,khong?2
0.00757020757020757,0.04053724053724054,0.06935286935286936,0.06495726495726496,0.0017094017094017094,289.31,-39.5,6.75,khong?2
0.009035409035409036,0.045177045177045176,0.0735042735042735,0.06837606837606838,0.0019536019536019536,286.5,-27.19,-1.12,khong?2
0.010256410256410256,0.047619047619047616,0.07496947496947497,0.07057387057387057,0.002197802197802198,291.56,-44.75,11.0,khong?2
0.01098901098901099,0.0485958485958486,0.07472527472527472,0.0713064713064713,0.002442002442002442,292.37,-47.38,19.37,khong?2
0.011477411477411478,0.04908424908424908,0.07448107448107448,0.07179487179487179,0.002442002442002442,286.75,-21.94,-4.12,khong?2
0.01098901098901099,0.04884004884004884,0.07423687423687424,0.07155067155067155,0.002686202686202686,288.19,-32.94,0.37,khong?2
0.011477411477411478,0.04884004884004884,0.07228327228327229,0.07057387057387057,0.002686202686202686,295.25,-54.81,25.81,khong?2
0.011965811965811967,0.0485958485958486,0.07081807081807082,0.06935286935286936,0.002686202686202686,291.56,-41.69,15.06,khong?2
0.011477411477411478,0.04810744810744811,0.0695970695970696,0.06862026862026863,0.002686202686202686,285.5,-15.94,-4.94,khong?2
0.01098901098901099,0.04786324786324787,0.06886446886446887,0.06813186813186813,0.002686202686202686,284.56,-17.62,-3.31,khong?2
0.010500610500610501,0.046886446886446886,0.06715506715506715,0.06837606837606838,0.002686202686202686,285.06,-19.94,-2.44,khong?2
0.010012210012210013,0.0463980463980464,0.06593406593406594,0.06862026862026863,0.0017094017094017094,287.31,-26.62,1.0,khong?2
0.009523809523809525,0.04590964590964591,0.06495726495726496,0.06862026862026863,0.0009768009768009768,289.0,-29.44,9.19,khong?2
0.008791208791208791,0.04542124542124542,0.06398046398046398,0.0673992673992674,0.0004884004884004884,290.44,-24.62,16.19,khong?2
0.007081807081807082,0.038583638583638585,0.060073260073260075,0.06031746031746032,0.0,292.19,-26.19,16.31,khong?2
0.004151404151404151,0.029792429792429794,0.05201465201465202,0.050061050061050064,0.0002442002442002442,291.69,-26.37,16.87,khong?2
0.002197802197802198,0.0231990231990232,0.04590964590964591,0.04297924297924298,0.0004884004884004884,291.31,-26.37,16.62,khong?2
0.0004884004884004884,0.01855921855921856,0.04151404151404151,0.03785103785103785,0.0004884004884004884,291.06,-27.44,16.81,khong?2
0.0004884004884004884,0.015384615384615385,0.03833943833943834,0.034432234432234435,0.0007326007326007326,291.0,-28.81,17.56,khong?2
0.001221001221001221,0.013186813186813187,0.036141636141636145,0.03199023199023199,0.0007326007326007326,290.69,-32.13,18.69,khong?2
0.0017094017094017094,0.011965811965811967,0.03467643467643468,0.030525030525030524,0.0009768009768009768,289.44,-35.63,18.87,khong?2
0.0014652014652014652,0.011477411477411478,0.03418803418803419,0.030036630036630037,0.0009768009768009768,286.25,-35.88,18.19,khong?2
0.0014652014652014652,0.011721611721611722,0.034432234432234435,0.030036630036630037,0.0009768009768009768,284.25,-27.31,-0.88,khong?2
0.0002442002442002442,0.01978021978021978,0.047619047619047616,0.04126984126984127,0.0009768009768009768,284.19,-36.63,3.0,khong?2
0.002442002442002442,0.03028083028083028,0.057387057387057384,0.05274725274725275,0.0002442002442002442,290.25,-53.06,22.25,khong?2
0.004151404151404151,0.037606837606837605,0.06446886446886448,0.060805860805860805,0.0009768009768009768,287.19,-37.25,9.25,khong?2
0.005372405372405372,0.042735042735042736,0.06910866910866911,0.06666666666666667,0.0017094017094017094,286.25,-26.5,-0.75,khong?2
0.006349206349206349,0.04542124542124542,0.07106227106227106,0.07057387057387057,0.0019536019536019536,295.69,-50.88,25.87,khong?2
0.006837606837606838,0.046886446886446886,0.07057387057387057,0.07252747252747253,0.002197802197802198,295.37,-45.75,24.06,khong?2
0.007081807081807082,0.047619047619047616,0.07032967032967033,0.07301587301587302,0.002442002442002442,286.81,-22.19,1.06,khong?2
0.007326007326007326,0.04786324786324787,0.06935286935286936,0.07301587301587302,0.002442002442002442,291.5,-39.06,10.94,khong?2
0.00757020757020757,0.04786324786324787,0.06813186813186813,0.07326007326007326,0.002686202686202686,296.56,-49.88,31.56,khong?2
0.00757020757020757,0.04786324786324787,0.06715506715506715,0.07277167277167278,0.002686202686202686,287.12,-23.44,3.62,khong?2
0.007326007326007326,0.046886446886446886,0.06617826617826618,0.07252747252747253,0.002686202686202686,284.5,-15.81,0.81,khong?2
0.007326007326007326,0.04590964590964591,0.06446886446886448,0.07228327228327229,0.002686202686202686,285.31,-17.62,2.12,khong?2
0.007326007326007326,0.045177045177045176,0.063003663003663,0.07228327228327229,0.0017094017094017094,286.69,-18.56,2.19,khong?2
0.007081807081807082,0.0442002442002442,0.06227106227106227,0.07203907203907203,0.0009768009768009768,289.56,-25.06,8.31,khong?2
0.007081807081807082,0.043467643467643466,0.06129426129426129,0.07179487179487179,0.0004884004884004884,288.87,-23.0,15.69,khong?2
0.006349206349206349,0.041758241758241756,0.060805860805860805,0.06691086691086691,0.0,290.69,-24.0,15.44,khong?2
0.0031746031746031746,0.032722832722832725,0.05347985347985348,0.05543345543345543,0.0004884004884004884,290.75,-24.5,16.19,khong?2
0.0009768009768009768,0.02564102564102564,0.046886446886446886,0.046886446886446886,0.0004884004884004884,291.0,-24.19,16.94,khong?2
0.0007326007326007326,0.02026862026862027,0.041758241758241756,0.041025641025641026,0.0007326007326007326,291.31,-25.0,17.37,khong?2
0.0019536019536019536,0.016605616605616606,0.03833943833943834,0.036874236874236875,0.0007326007326007326,291.56,-25.25,17.62,khong?2
0.002442002442002442,0.014163614163614164,0.03565323565323565,0.03394383394383394,0.0009768009768009768,291.69,-25.31,18.0,khong?2
0.0029304029304029304,0.012454212454212455,0.03394383394383394,0.031746031746031744,0.0009768009768009768,291.44,-25.31,19.06,khong?2
0.0029304029304029304,0.011233211233211233,0.032722832722832725,0.030525030525030524,0.0009768009768009768,290.06,-25.81,16.0,khong?2
0.0014652014652014652,0.013675213675213675,0.036141636141636145,0.03321123321123321,0.0009768009768009768,289.56,-21.44,5.0,khong?2
0.0031746031746031746,0.02442002442002442,0.053235653235653234,0.05225885225885226,0.0002442002442002442,289.19,-20.19,3.75,khong?2
0.010744810744810745,0.03565323565323565,0.06495726495726496,0.06544566544566545,0.0009768009768009768,294.62,-42.38,13.38,khong?2
0.016605616605616606,0.04322344322344322,0.0735042735042735,0.07472527472527472,0.0017094017094017094,297.25,-42.94,18.5,khong?2
0.020757020757020756,0.04884004884004884,0.07667887667887668,0.07667887667887668,0.0019536019536019536,289.81,-9.31,1.56,khong?2
0.022954822954822957,0.05201465201465202,0.07838827838827839,0.0778998778998779,0.002197802197802198,290.31,-20.25,3.69,khong?2
0.02271062271062271,0.053235653235653234,0.07765567765567766,0.07814407814407814,0.002442002442002442,297.56,-39.44,19.12,khong?2
0.021733821733821733,0.05396825396825397,0.07667887667887668,0.07765567765567766,0.002442002442002442,291.56,-15.06,5.0,khong?2
0.02026862026862027,0.05396825396825397,0.07594627594627594,0.07692307692307693,0.002686202686202686,290.25,-10.38,1.37,khong?2
0.019291819291819293,0.05372405372405373,0.07448107448107448,0.0761904761904762,0.002686202686202686,298.31,-35.88,20.56,khong?2
0.01904761904761905,0.053235653235653234,0.07252747252747253,0.07521367521367521,0.002686202686202686,296.19,-26.19,13.5,khong?2
0.018070818070818073,0.05274725274725275,0.07106227106227106,0.07423687423687424,0.002686202686202686,289.62,1.75,-0.44,khong?2
0.017094017094017096,0.05225885225885226,0.07008547008547009,0.07374847374847375,0.002686202686202686,288.0,0.0,0.56,khong?2
0.016361416361416362,0.05128205128205128,0.06837606837606838,0.07448107448107448,0.0017094017094017094,288.37,-5.25,0.75,khong?2
0.015873015873015872,0.05054945054945055,0.06715506715506715,0.07496947496947497,0.0009768009768009768,288.75,-13.19,1.37,khong?2
0.014896214896214897,0.050061050061050064,0.06617826617826618,0.07545787545787545,0.0004884004884004884,292.31,-25.81,7.31,khong?2
0.014163614163614164,0.04957264957264957,0.06544566544566545,0.07472527472527472,0.0,291.06,-29.25,15.5,khong?2
0.013431013431013432,0.04810744810744811,0.06495726495726496,0.07081807081807082,0.0002442002442002442,292.75,-31.31,15.0,khong?2
0.010744810744810745,0.03956043956043956,0.05958485958485959,0.06275946275946276,0.0004884004884004884,292.19,-32.69,15.13,khong?2
0.007326007326007326,0.031013431013431014,0.05225885225885226,0.05225885225885226,0.0017094017094017094,291.37,-34.19,15.5,khong?2
0.004884004884004884,0.025152625152625153,0.04664224664224664,0.04493284493284493,0.002686202686202686,290.12,-36.44,15.94,khong?2
0.0031746031746031746,0.020757020757020756,0.042735042735042736,0.0398046398046398,0.003418803418803419,289.12,-38.63,17.06,khong?2
0.0019536019536019536,0.017826617826617826,0.0398046398046398,0.03663003663003663,0.003907203907203907,288.44,-40.5,17.62,khong?2
0.001221001221001221,0.015873015873015872,0.03785103785103785,0.034432234432234435,0.004151404151404151,288.06,-43.06,18.19,khong?2
0.0009768009768009768,0.014407814407814409,0.03638583638583639,0.03296703296703297,0.004395604395604396,288.0,-45.19,19.31,khong?2
0.0009768009768009768,0.013431013431013432,0.03540903540903541,0.03199023199023199,0.004395604395604396,288.12,-47.0,20.19,khong?2
0.0009768009768009768,0.012942612942612943,0.03467643467643468,0.0315018315018315,0.00463980463980464,288.12,-49.31,22.19,khong?2
0.0009768009768009768,0.012454212454212455,0.034432234432234435,0.03125763125763126,0.003418803418803419,287.5,-38.44,9.25,khong?2
0.0029304029304029304,0.016605616605616606,0.044444444444444446,0.039316239316239315,0.002686202686202686,287.44,-30.62,-2.62,khong?2
0.00463980463980464,0.028327228327228327,0.05372405372405373,0.050793650793650794,0.002197802197802198,289.37,-52.94,8.13,khong?2
0.006349206349206349,0.03638583638583639,0.06031746031746032,0.05860805860805861,0.0017094017094017094,293.44,-67.19,38.94,khong?2
0.007326007326007326,0.04224664224664225,0.06495726495726496,0.06422466422466422,0.0014652014652014652,290.25,-41.0,2.19,khong?2
0.008302808302808303,0.045177045177045176,0.06764346764346764,0.06813186813186813,0.0014652014652014652,289.75,-40.81,-1.44,khong?2
0.008791208791208791,0.04737484737484737,0.06813186813186813,0.07081807081807082,0.001221001221001221,292.37,-58.88,24.94,khong?2
0.009768009768009768,0.04835164835164835,0.06788766788766788,0.07155067155067155,0.001221001221001221,288.0,-38.5,3.75,khong?2
0.009768009768009768,0.04908424908424908,0.06764346764346764,0.07179487179487179,0.001221001221001221,287.5,-32.0,-4.06,khong?2
0.010500610500610501,0.04957264957264957,0.06715506715506715,0.07203907203907203,0.0009768009768009768,292.69,-53.44,18.56,khong?2
0.011233211233211233,0.05030525030525031,0.06666666666666667,0.07155067155067155,0.0009768009768009768,291.69,-61.5,36.0,khong?2
0.011477411477411478,0.05054945054945055,0.06642246642246642,0.07106227106227106,0.0009768009768009768,285.94,-37.06,0.25,khong?2
0.010744810744810745,0.05030525030525031,0.06568986568986569,0.07081807081807082,0.0009768009768009768,283.5,-32.31,-2.5,khong?2
0.010256410256410256,0.04908424908424908,0.06373626373626373,0.07081807081807082,0.0009768009768009768,283.75,-34.81,-1.75,khong?2
0.009768009768009768,0.04737484737484737,0.06251526251526252,0.0713064713064713,0.0009768009768009768,283.81,-34.44,-1.94,khong?2
0.00927960927960928,0.04590964590964591,0.06153846153846154,0.07155067155067155,0.0009768009768009768,285.81,-39.0,0.44,khong?2
0.009035409035409036,0.04493284493284493,0.060805860805860805,0.07179487179487179,0.0009768009768009768,285.94,-40.13,13.56,khong?2
0.008302808302808303,0.0442002442002442,0.060073260073260075,0.0695970695970696,0.0009768009768009768,287.87,-39.13,17.69,khong?2
0.006593406593406593,0.037606837606837605,0.0568986568986569,0.06153846153846154,0.0009768009768009768,288.62,-39.06,18.19,khong?2
0.003418803418803419,0.028815628815628817,0.04957264957264957,0.050061050061050064,0.0009768009768009768,288.69,-39.06,18.37,khong?2
0.001221001221001221,0.022222222222222223,0.043467643467643466,0.041758241758241756,0.0009768009768009768,288.69,-38.88,18.44,khong?2
0.0004884004884004884,0.017582417582417582,0.03882783882783883,0.035897435897435895,0.002197802197802198,288.44,-39.19,18.69,khong?2
0.0017094017094017094,0.014407814407814409,0.03565323565323565,0.03199023199023199,0.0029304029304029304,288.06,-39.63,18.62,khong?2
0.002442002442002442,0.01221001221001221,0.033455433455433455,0.02905982905982906,0.003418803418803419,287.94,-40.44,18.62,khong?2
0.0029304029304029304,0.010744810744810745,0.031746031746031744,0.02735042735042735,0.002686202686202686,288.44,-44.06,19.62,khong?2
0.0029304029304029304,0.010012210012210013,0.0315018315018315,0.026862026862026864,0.002197802197802198,290.5,-53.38,25.62,khong?2
0.001221001221001221,0.012698412698412698,0.035164835164835165,0.029548229548229547,0.0019536019536019536,285.75,-39.75,-0.62,khong?2
0.006837606837606838,0.026373626373626374,0.05128205128205128,0.0485958485958486,0.0007326007326007326,284.37,-35.44,-4.75,khong?2
0.012454212454212455,0.03663003663003663,0.06275946275946276,0.06202686202686203,0.002442002442002442,289.87,-54.75,11.88,khong?2
0.01733821733821734,0.04395604395604396,0.07057387057387057,0.0713064713064713,0.003663003663003663,290.62,-50.0,13.63,khong?2
0.01978021978021978,0.04908424908424908,0.07472527472527472,0.07545787545787545,0.00463980463980464,286.19,-36.63,-3.19,khong?2
0.021245421245421246,0.052503052503052504,0.07716727716727717,0.07741147741147741,0.005372405372405372,290.81,-51.63,7.75,khong?2
0.022466422466422466,0.054212454212454214,0.07765567765567766,0.07838827838827839,0.00463980463980464,290.56,-55.13,20.56,khong?2
0.022954822954822957,0.054945054945054944,0.07765567765567766,0.07814407814407814,0.004151404151404151,286.0,-34.25,-3.56,khong?2
0.0231990231990232,0.05518925518925519,0.07765567765567766,0.07765567765567766,0.003907203907203907,290.31,-46.19,3.81,khong?2
0.022954822954822957,0.05445665445665446,0.0761904761904762,0.07692307692307693,0.003663003663003663,294.44,-58.19,31.12,khong?2
0.022222222222222223,0.05396825396825397,0.07472527472527472,0.07545787545787545,0.003418803418803419,290.06,-38.06,2.69,khong?2
0.021733821733821733,0.053235653235653234,0.07374847374847375,0.07423687423687424,0.003418803418803419,285.06,-30.56,-4.31,khong?2
0.020757020757020756,0.052503052503052504,0.07228327228327229,0.0735042735042735,0.0031746031746031746,284.75,-34.56,-3.25,khong?2
0.020024420024420026,0.051770451770451774,0.07106227106227106,0.07301587301587302,0.0031746031746031746,286.94,-39.13,-0.69,khong?2
0.019291819291819293,0.050793650793650794,0.07032967032967033,0.07252747252747253,0.0029304029304029304,292.75,-49.0,9.0,khong?2
0.018803418803418803,0.050061050061050064,0.06935286935286936,0.0713064713064713,0.0029304029304029304,289.69,-48.0,26.37,khong?2
0.017826617826617826,0.0485958485958486,0.06813186813186813,0.06691086691086691,0.0029304029304029304,289.62,-46.38,25.19,khong?2
0.014652014652014652,0.03956043956043956,0.06202686202686203,0.05616605616605617,0.0029304029304029304,289.12,-45.94,25.06,khong?2
0.010744810744810745,0.031013431013431014,0.054212454212454214,0.0463980463980464,0.0017094017094017094,288.69,-45.25,25.37,khong?2
0.007814407814407814,0.024664224664224663,0.04810744810744811,0.03956043956043956,0.0009768009768009768,288.56,-44.88,25.19,khong?2
0.005616605616605617,0.020024420024420026,0.04371184371184371,0.03467643467643468,0.0002442002442002442,288.25,-45.38,25.25,khong?2
0.004151404151404151,0.01684981684981685,0.04053724053724054,0.0315018315018315,0.0,288.12,-46.0,25.19,khong?2
0.0031746031746031746,0.014652014652014652,0.03833943833943834,0.02905982905982906,0.0014652014652014652,288.06,-46.5,25.31,khong?2
0.002686202686202686,0.012942612942612943,0.03638583638583639,0.027594627594627594,0.002442002442002442,287.94,-46.81,25.44,khong?2
0.002442002442002442,0.011965811965811967,0.035164835164835165,0.026617826617826617,0.0031746031746031746,287.81,-47.0,25.37,khong?2
0.002197802197802198,0.011233211233211233,0.034432234432234435,0.02612942612942613,0.003663003663003663,287.75,-47.19,25.5,khong?2
0.0019536019536019536,0.01098901098901099,0.03394383394383394,0.025885225885225887,0.003907203907203907,286.06,-46.06,24.12,khong?2
0.0019536019536019536,0.010744810744810745,0.033455433455433455,0.02564102564102564,0.0031746031746031746,285.37,-44.75,-0.62,khong?2
0.005372405372405372,0.016361416361416362,0.04590964590964591,0.03663003663003663,0.001221001221001221,282.44,-46.75,1.94,khong?2
0.01733821733821734,0.031746031746031744,0.05811965811965812,0.05103785103785104,0.0,285.56,-61.0,18.12,khong?2
0.02564102564102564,0.04249084249084249,0.06666666666666667,0.06129426129426129,0.0009768009768009768,287.81,-49.81,14.38,khong?2
0.0315018315018315,0.050061050061050064,0.07277167277167278,0.06837606837606838,0.0014652014652014652,283.94,-35.88,-0.69,khong?2
0.03418803418803419,0.05396825396825397,0.07594627594627594,0.07301587301587302,0.0019536019536019536,289.94,-50.94,11.44,khong?2
0.03638583638583639,0.05641025641025641,0.07667887667887668,0.0757020757020757,0.002197802197802198,290.75,-44.94,13.19,khong?2
0.03663003663003663,0.05714285714285714,0.07692307692307693,0.07741147741147741,0.002442002442002442,286.62,-23.31,-6.19,khong?2
0.03663003663003663,0.057387057387057384,0.07667887667887668,0.07838827838827839,0.002442002442002442,288.06,-37.13,-1.06,khong?2
0.03663003663003663,0.057387057387057384,0.07594627594627594,0.07814407814407814,0.002686202686202686,292.62,-51.31,16.81,khong?2
0.035164835164835165,0.05714285714285714,0.07496947496947497,0.07716727716727717,0.0014652014652014652,288.06,-31.56,0.19,khong?2
0.034432234432234435,0.0568986568986569,0.07423687423687424,0.07643467643467644,0.0007326007326007326,285.12,-27.37,-3.81,khong?2
0.0336996336996337,0.056654456654456654,0.0735042735042735,0.07594627594627594,0.0014652014652014652,285.31,-31.5,-2.87,khong?2
0.033455433455433455,0.05641025641025641,0.07252747252747253,0.07545787545787545,0.0019536019536019536,286.56,-34.06,-2.0,khong?2
0.03296703296703297,0.05616605616605617,0.07179487179487179,0.07496947496947497,0.002197802197802198,290.37,-39.63,6.37,khong?2
0.0315018315018315,0.05543345543345543,0.0713064713064713,0.07423687423687424,0.002442002442002442,289.81,-36.06,17.19,khong?2
0.028815628815628817,0.05103785103785104,0.07032967032967033,0.06910866910866911,0.002442002442002442,290.87,-35.44,18.19,khong?2
0.023443223443223443,0.041025641025641026,0.06275946275946276,0.05811965811965812,0.0014652014652014652,290.56,-35.19,18.19,khong?2
0.01855921855921856,0.032722832722832725,0.05518925518925519,0.04908424908424908,0.0007326007326007326,290.06,-34.38,17.81,khong?2
0.01514041514041514,0.026862026862026864,0.04957264957264957,0.04297924297924298,0.0002442002442002442,289.62,-33.75,16.81,khong?2
0.012454212454212455,0.02271062271062271,0.04566544566544566,0.038583638583638585,0.0002442002442002442,288.19,-32.44,14.5,khong?2
0.010744810744810745,0.01978021978021978,0.042735042735042736,0.03565323565323565,0.0014652014652014652,286.25,-32.06,13.13,khong?2
0.009523809523809525,0.017582417582417582,0.04078144078144078,0.0336996336996337,0.002442002442002442,284.37,-31.69,12.19,khong?2
0.008547008547008548,0.01611721611721612,0.039316239316239315,0.03247863247863248,0.0031746031746031746,283.06,-31.69,11.31,khong?2
0.00805860805860806,0.014896214896214897,0.0380952380952381,0.031746031746031744,0.002442002442002442,282.31,-32.88,11.06,khong?2
0.00757020757020757,0.014163614163614164,0.036874236874236875,0.03125763125763126,0.002197802197802198,281.94,-35.5,11.06,khong?2
0.007326007326007326,0.013675213675213675,0.036141636141636145,0.03076923076923077,0.0017094017094017094,281.81,-39.88,10.75,khong?2
0.007081807081807082,0.013186813186813187,0.03565323565323565,0.030525030525030524,0.0017094017094017094,282.56,-44.5,10.5,khong?2
0.007326007326007326,0.013431013431013432,0.035897435897435895,0.03028083028083028,0.0014652014652014652,281.94,-44.06,10.75,khong?2
0.00805860805860806,0.01391941391941392,0.03663003663003663,0.030036630036630037,0.0014652014652014652,282.5,-30.81,-8.69,khong?2
0.00927960927960928,0.01978021978021978,0.04908424908424908,0.04126984126984127,0.0,281.69,-27.81,-8.44,khong?2
0.012942612942612943,0.03199023199023199,0.05885225885225885,0.053235653235653234,0.0009768009768009768,284.81,-45.0,-0.06,khong?2
0.01562881562881563,0.04053724053724054,0.06568986568986569,0.061782661782661785,0.0014652014652014652,287.06,-47.0,6.62,khong?2
0.017582417582417582,0.0463980463980464,0.07057387057387057,0.06788766788766788,0.0019536019536019536,284.25,-35.13,-7.62,khong?2
0.018803418803418803,0.04981684981684982,0.07277167277167278,0.07179487179487179,0.002197802197802198,289.44,-48.25,0.06,khong?2
0.018803418803418803,0.05054945054945055,0.07228327228327229,0.07423687423687424,0.002442002442002442,290.44,-53.38,13.19,khong?2
0.018315018315018316,0.05103785103785104,0.07179487179487179,0.07448107448107448,0.002686202686202686,285.81,-32.25,-7.44,khong?2
0.017826617826617826,0.05128205128205128,0.0713064713064713,0.07423687423687424,0.002686202686202686,287.0,-39.25,-4.12,khong?2
0.017582417582417582,0.050793650793650794,0.06984126984126984,0.07374847374847375,0.0029304029304029304,291.87,-55.44,17.19,khong?2
0.01733821733821734,0.05054945054945055,0.06886446886446887,0.0735042735042735,0.0029304029304029304,289.0,-41.88,4.81,khong?2
0.016605616605616606,0.04981684981684982,0.06813186813186813,0.0735042735042735,0.0029304029304029304,285.44,-29.25,-8.06,khong?2
0.01611721611721612,0.04932844932844933,0.0673992673992674,0.07277167277167278,0.0029304029304029304,285.56,-31.44,-6.75,khong?2
0.015384615384615385,0.04908424908424908,0.06715506715506715,0.07228327228327229,0.0029304029304029304,286.94,-35.5,-6.0,khong?2
0.014652014652014652,0.04835164835164835,0.06617826617826618,0.07203907203907203,0.0029304029304029304,290.56,-41.31,5.12,khong?2
0.01391941391941392,0.04786324786324787,0.06544566544566545,0.07032967032967033,0.0029304029304029304,289.44,-39.5,13.75,khong?2
0.013186813186813187,0.042735042735042736,0.06398046398046398,0.06349206349206349,0.0029304029304029304,291.0,-39.56,14.88,khong?2
0.010256410256410256,0.03394383394383394,0.05641025641025641,0.052503052503052504,0.0017094017094017094,290.75,-40.19,14.75,khong?2
0.007326007326007326,0.026862026862026864,0.04981684981684982,0.044444444444444446,0.0002442002442002442,290.5,-39.63,15.13,khong?2
0.005372405372405372,0.021733821733821733,0.045177045177045176,0.03882783882783883,0.0017094017094017094,290.31,-39.63,15.38,khong?2
0.004151404151404151,0.018070818070818073,0.041758241758241756,0.03492063492063492,0.002442002442002442,290.06,-39.94,15.38,khong?2
0.0031746031746031746,0.01562881562881563,0.039316239316239315,0.03223443223443224,0.002197802197802198,289.87,-40.06,15.38,khong?2
0.002442002442002442,0.013675213675213675,0.03736263736263736,0.03028083028083028,0.0017094017094017094,289.69,-39.75,15.63,khong?2
0.002197802197802198,0.012454212454212455,0.035897435897435895,0.02905982905982906,0.0017094017094017094,289.69,-39.81,15.5,khong?2
0.0017094017094017094,0.011477411477411478,0.035164835164835165,0.028083028083028084,0.0014652014652014652,288.87,-41.31,15.31,khong?2
0.0014652014652014652,0.01098901098901099,0.034432234432234435,0.027594627594627594,0.001221001221001221,288.69,-53.31,14.69,khong?2
0.0014652014652014652,0.010744810744810745,0.034432234432234435,0.02783882783882784,0.001221001221001221,286.37,-63.5,17.56,khong?2
0.003418803418803419,0.014163614163614164,0.04224664224664225,0.03394383394383394,0.0,287.94,-40.5,-7.25,khong?2
0.006593406593406593,0.03247863247863248,0.052503052503052504,0.04835164835164835,0.0009768009768009768,286.37,-40.63,-6.25,khong?2
0.009035409035409036,0.04542124542124542,0.05958485958485959,0.05811965811965812,0.0014652014652014652,291.06,-53.38,6.44,khong?2
0.010500610500610501,0.05445665445665446,0.06446886446886448,0.0652014652014652,0.0019536019536019536,290.5,-48.31,6.75,khong?2
0.010744810744810745,0.059096459096459095,0.06715506715506715,0.06886446886446887,0.002442002442002442,287.44,-35.69,-7.56,khong?2
0.01098901098901099,0.06056166056166056,0.06813186813186813,0.07057387057387057,0.002442002442002442,290.56,-45.94,3.06,khong?2
0.01098901098901099,0.060805860805860805,0.06764346764346764,0.0713064713064713,0.002686202686202686,292.94,-57.06,21.81,khong?2
0.011477411477411478,0.06105006105006105,0.06691086691086691,0.0713064713064713,0.002686202686202686,288.75,-40.0,-4.87,khong?2
0.011721611721611722,0.06056166056166056,0.06642246642246642,0.07057387057387057,0.0029304029304029304,290.06,-45.94,-4.5,khong?2
0.012698412698412698,0.060805860805860805,0.06544566544566545,0.06984126984126984,0.0029304029304029304,294.25,-58.06,18.12,khong?2
0.013186813186813187,0.060805860805860805,0.06471306471306472,0.06935286935286936,0.0029304029304029304,292.81,-51.38,13.0,khong?2
0.012942612942612943,0.060073260073260075,0.06398046398046398,0.06910866910866911,0.0029304029304029304,286.25,-30.62,-8.94,khong?2
0.012942612942612943,0.05958485958485959,0.06324786324786325,0.06886446886446887,0.0029304029304029304,285.25,-30.5,-7.0,khong?2
0.01221001221001221,0.058363858363858365,0.06227106227106227,0.06886446886446887,0.0029304029304029304,286.31,-34.88,-6.69,khong?2
0.011721611721611722,0.057631257631257635,0.06153846153846154,0.06862026862026863,0.0029304029304029304,291.25,-43.88,-2.37,khong?2
0.011477411477411478,0.0568986568986569,0.060805860805860805,0.06837606837606838,0.0029304029304029304,296.25,-52.88,12.25,khong?2
0.01098901098901099,0.05616605616605617,0.05982905982905983,0.06691086691086691,0.0029304029304029304,291.12,-49.0,19.31,khong?2
0.01098901098901099,0.05128205128205128,0.059096459096459095,0.06129426129426129,0.0029304029304029304,291.12,-47.0,17.94,khong?2
0.00805860805860806,0.04151404151404151,0.052503052503052504,0.05054945054945055,0.0017094017094017094,290.19,-47.56,18.25,khong?2
0.005616605616605617,0.0336996336996337,0.0463980463980464,0.04249084249084249,0.0009768009768009768,289.94,-48.25,18.75,khong?2
0.003907203907203907,0.028327228327228327,0.041758241758241756,0.036874236874236875,0.0002442002442002442,289.5,-49.0,19.19,khong?2
0.002442002442002442,0.02442002442002442,0.038583638583638585,0.03296703296703297,0.0002442002442002442,289.06,-49.56,19.12,khong?2
0.0017094017094017094,0.02148962148962149,0.036141636141636145,0.03028083028083028,0.0004884004884004884,289.0,-49.75,19.19,khong?2
0.0009768009768009768,0.019536019536019536,0.034432234432234435,0.02857142857142857,0.0017094017094017094,288.87,-50.06,19.31,khong?2
0.0007326007326007326,0.018315018315018316,0.033455433455433455,0.02735042735042735,0.0014652014652014652,288.81,-50.31,19.44,khong?2
0.0002442002442002442,0.017582417582417582,0.032722832722832725,0.026617826617826617,0.0014652014652014652,288.12,-43.06,11.88,khong?2
0.0002442002442002442,0.018070818070818073,0.035897435897435895,0.028815628815628817,0.001221001221001221,288.37,-29.62,-4.56,khong?2
0.003907203907203907,0.029548229548229547,0.04981684981684982,0.04395604395604396,0.0,286.19,-45.63,-1.19,khong?2
0.006349206349206349,0.03736263736263736,0.05958485958485959,0.0547008547008547,0.0007326007326007326,288.19,-59.5,18.06,khong?2
0.008302808302808303,0.04297924297924298,0.06666666666666667,0.06202686202686203,0.0014652014652014652,287.81,-35.75,-1.31,khong?2
0.009523809523809525,0.0463980463980464,0.07057387057387057,0.06666666666666667,0.0019536019536019536,285.62,-40.75,-1.19,khong?2
0.010500610500610501,0.047619047619047616,0.07155067155067155,0.0695970695970696,0.002197802197802198,291.37,-56.44,20.87,khong?2
0.01098901098901099,0.04835164835164835,0.0713064713064713,0.07057387057387057,0.002442002442002442,291.06,-45.13,13.63,khong?2
0.01098901098901099,0.0485958485958486,0.07106227106227106,0.0713064713064713,0.002686202686202686,286.94,-32.0,-2.5,khong?2
0.01098901098901099,0.0485958485958486,0.07081807081807082,0.0713064713064713,0.002686202686202686,292.12,-49.75,12.5,khong?2
0.011477411477411478,0.04810744810744811,0.06935286935286936,0.07081807081807082,0.002686202686202686,292.5,-54.56,24.31,khong?2
0.011233211233211233,0.047619047619047616,0.06837606837606838,0.07106227106227106,0.002686202686202686,287.75,-30.19,-0.31,khong?2
0.010744810744810745,0.046886446886446886,0.06764346764346764,0.07106227106227106,0.002686202686202686,285.62,-24.62,-3.87,khong?2
0.010256410256410256,0.0463980463980464,0.06666666666666667,0.07057387057387057,0.0017094017094017094,285.75,-31.19,-1.94,khong?2
0.010012210012210013,0.04566544566544566,0.06593406593406594,0.07032967032967033,0.0009768009768009768,289.56,-40.5,2.62,khong?2
0.00927960927960928,0.045177045177045176,0.06495726495726496,0.06935286935286936,0.0002442002442002442,289.06,-42.88,14.69,khong?2
0.008547008547008548,0.043467643467643466,0.06398046398046398,0.06691086691086691,0.0,290.0,-39.19,17.56,khong?2
0.006105006105006105,0.03492063492063492,0.05885225885225885,0.057387057387057384,0.0002442002442002442,290.06,-39.81,18.06,khong?2
0.0031746031746031746,0.026617826617826617,0.05103785103785104,0.04713064713064713,0.0004884004884004884,289.87,-40.06,18.06,khong?2
0.001221001221001221,0.020757020757020756,0.04493284493284493,0.04004884004884005,0.0007326007326007326,289.75,-40.44,18.37,khong?2
0.0002442002442002442,0.016605616605616606,0.040293040293040296,0.03492063492063492,0.0019536019536019536,289.69,-41.25,18.94,khong?2
0.001221001221001221,0.013675213675213675,0.03711843711843712,0.0315018315018315,0.002686202686202686,289.5,-42.25,19.06,khong?2
0.0019536019536019536,0.011721611721611722,0.03492063492063492,0.029304029304029304,0.003418803418803419,288.69,-41.25,18.75,khong?2
0.002442002442002442,0.010500610500610501,0.0336996336996337,0.02783882783882784,0.003907203907203907,290.06,-39.31,1.87,khong?2
0.002686202686202686,0.015384615384615385,0.04493284493284493,0.03663003663003663,0.0017094017094017094,287.25,-39.5,-0.88,khong?2
0.016361416361416362,0.03223443223443224,0.05958485958485959,0.051770451770451774,0.0007326007326007326,289.06,-52.88,7.69,khong?2
0.027106227106227107,0.045177045177045176,0.07008547008547009,0.06324786324786325,0.002442002442002442,288.81,-51.75,11.31,khong?2
0.036141636141636145,0.05396825396825397,0.07765567765567766,0.073992673992674,0.003907203907203907,287.62,-33.31,-3.75,khong?2
0.04249084249084249,0.06031746031746032,0.08278388278388278,0.0800976800976801,0.00463980463980464,288.0,-39.81,-2.5,khong?2
0.047619047619047616,0.06471306471306472,0.0862026862026862,0.0844932844932845,0.005372405372405372,291.56,-51.75,7.94,khong?2
0.051526251526251524,0.06764346764346764,0.08888888888888889,0.08742368742368742,0.005860805860805861,290.81,-42.88,2.25,khong?2
0.055921855921855924,0.07057387057387057,0.09133089133089133,0.08962148962148962,0.006105006105006105,289.81,-43.13,-0.25,khong?2
0.05885225885225885,0.07277167277167278,0.09304029304029304,0.09108669108669108,0.006349206349206349,292.56,-55.0,11.13,khong?2
0.060805860805860805,0.07423687423687424,0.09401709401709402,0.09157509157509157,0.006593406593406593,291.62,-49.06,10.81,khong?2
0.06153846153846154,0.07374847374847375,0.09401709401709402,0.0905982905982906,0.006593406593406593,288.69,-32.81,-3.12,khong?2
0.06202686202686203,0.0735042735042735,0.09352869352869353,0.08986568986568987,0.006837606837606838,288.81,-40.63,2.31,khong?2
0.06105006105006105,0.07228327228327229,0.09255189255189256,0.08888888888888889,0.006837606837606838,290.69,-44.94,5.69,khong?2
0.05958485958485959,0.07155067155067155,0.09084249084249084,0.08693528693528693,0.006837606837606838,288.75,-40.63,16.56,khong?2
0.05616605616605617,0.06910866910866911,0.08913308913308914,0.08351648351648351,0.006837606837606838,287.25,-36.81,18.5,khong?2
0.04932844932844933,0.058363858363858365,0.08351648351648351,0.07374847374847375,0.005616605616605617,287.25,-36.31,19.37,khong?2
0.04053724053724054,0.046153846153846156,0.07326007326007326,0.060073260073260075,0.003663003663003663,287.19,-36.38,19.5,khong?2
0.0336996336996337,0.03663003663003663,0.06422466422466422,0.04932844932844933,0.002442002442002442,287.25,-36.75,20.0,khong?2
0.02857142857142857,0.029792429792429794,0.057387057387057384,0.042002442002442006,0.001221001221001221,287.31,-37.56,20.37,khong?2
0.02490842490842491,0.025152625152625153,0.052503052503052504,0.036874236874236875,0.0007326007326007326,287.44,-37.44,20.25,khong?2
0.022466422466422466,0.021733821733821733,0.04884004884004884,0.03321123321123321,0.0002442002442002442,287.81,-37.81,19.81,khong?2
0.020757020757020756,0.019536019536019536,0.046153846153846156,0.03076923076923077,0.0002442002442002442,287.87,-39.19,19.44,khong?2
0.019536019536019536,0.018070818070818073,0.044444444444444446,0.02905982905982906,0.0004884004884004884,287.56,-39.06,19.69,khong?2
0.018803418803418803,0.01733821733821734,0.04322344322344322,0.028083028083028084,0.0004884004884004884,288.0,-27.12,0.5,khong?2
0.02271062271062271,0.02564102564102564,0.059096459096459095,0.045177045177045176,0.0004884004884004884,286.69,-29.69,-0.5,khong?2
0.025885225885225887,0.03833943833943834,0.07032967032967033,0.057631257631257635,0.001221001221001221,289.31,-44.31,10.75,khong?2
0.029792429792429794,0.0485958485958486,0.07887667887667887,0.06862026862026863,0.0017094017094017094,290.06,-41.25,9.94,khong?2
0.032722832722832725,0.05567765567765568,0.08473748473748474,0.0761904761904762,0.002197802197802198,286.94,-29.31,-1.69,khong?2
0.032722832722832725,0.05934065934065934,0.08791208791208792,0.07912087912087912,0.002442002442002442,288.5,-41.19,8.44,khong?2
0.03296703296703297,0.06056166056166056,0.08864468864468865,0.08131868131868132,0.002686202686202686,289.37,-42.25,15.75,khong?2
0.03296703296703297,0.06105006105006105,0.08815628815628816,0.0796092796092796,0.003907203907203907,286.19,-26.75,-0.5,khong?2
0.0315018315018315,0.06056166056166056,0.08717948717948718,0.07814407814407814,0.00463980463980464,289.12,-42.06,10.0,khong?2
0.03028083028083028,0.06031746031746032,0.0844932844932845,0.07643467643467644,0.005372405372405372,291.69,-49.63,23.75,khong?2
0.031013431013431014,0.060073260073260075,0.08253968253968254,0.07545787545787545,0.005616605616605617,287.25,-30.87,2.81,khong?2
0.030525030525030524,0.060073260073260075,0.08107448107448108,0.07448107448107448,0.004884004884004884,286.19,-22.94,-2.5,khong?2
0.03028083028083028,0.05982905982905983,0.0800976800976801,0.07374847374847375,0.004395604395604396,285.69,-26.62,-0.88,khong?2
0.030036630036630037,0.05982905982905983,0.07838827838827839,0.07301587301587302,0.003907203907203907,286.06,-28.81,0.06,khong?2
0.030036630036630037,0.05958485958485959,0.07716727716727717,0.07277167277167278,0.003663003663003663,286.37,-33.5,10.0,khong?2
0.028815628815628817,0.059096459096459095,0.07594627594627594,0.07057387057387057,0.003418803418803419,285.19,-34.5,19.94,khong?2
0.026373626373626374,0.0547008547008547,0.07472527472527472,0.06398046398046398,0.0031746031746031746,286.69,-34.25,21.44,khong?2
0.022222222222222223,0.045177045177045176,0.06691086691086691,0.053235653235653234,0.0019536019536019536,286.87,-34.44,21.56,khong?2
0.01855921855921856,0.03663003663003663,0.05958485958485959,0.04468864468864469,0.0009768009768009768,286.94,-34.38,21.69,khong?2
0.01562881562881563,0.030525030525030524,0.05445665445665446,0.038583638583638585,0.0004884004884004884,287.31,-34.75,21.94,khong?2
0.01391941391941392,0.026373626373626374,0.05054945054945055,0.034432234432234435,0.0,287.56,-36.0,21.94,khong?2
0.012454212454212455,0.0231990231990232,0.04810744810744811,0.0315018315018315,0.0002442002442002442,287.62,-36.69,22.12,khong?2
0.011721611721611722,0.021245421245421246,0.046153846153846156,0.029792429792429794,0.0004884004884004884,287.69,-36.75,22.31,khong?2
0.011233211233211233,0.01978021978021978,0.04493284493284493,0.02857142857142857,0.0019536019536019536,287.94,-37.06,22.69,khong?2
0.01098901098901099,0.01904761904761905,0.04395604395604396,0.02783882783882784,0.0017094017094017094,287.69,-37.0,20.12,khong?2
0.011233211233211233,0.019291819291819293,0.04493284493284493,0.028327228327228327,0.0014652014652014652,286.75,-27.75,2.94,khong?2
0.013675213675213675,0.0315018315018315,0.05982905982905983,0.04468864468864469,0.0002442002442002442,285.44,-32.75,3.44,khong?2
0.01562881562881563,0.04297924297924298,0.07008547008547009,0.05641025641025641,0.0007326007326007326,288.87,-44.63,15.0,khong?2
0.01684981684981685,0.05103785103785104,0.07741147741147741,0.06446886446886448,0.001221001221001221,288.81,-39.19,11.31,khong?2
0.01733821733821734,0.0568986568986569,0.07838827838827839,0.06935286935286936,0.0017094017094017094,286.06,-34.13,4.56,khong?2
0.017582417582417582,0.060073260073260075,0.07765567765567766,0.07179487179487179,0.002197802197802198,293.0,-49.19,21.87,khong?2
0.017826617826617826,0.06227106227106227,0.07716727716727717,0.07374847374847375,0.002197802197802198,291.94,-45.88,21.62,khong?2
0.019291819291819293,0.06398046398046398,0.07667887667887668,0.0757020757020757,0.002442002442002442,286.37,-26.62,0.0,khong?2
0.020757020757020756,0.06593406593406594,0.0757020757020757,0.07643467643467644,0.002442002442002442,290.37,-40.19,7.12,khong?2
0.022954822954822957,0.0673992673992674,0.07521367521367521,0.0761904761904762,0.002686202686202686,294.81,-50.5,23.0,khong?2
0.024664224664224663,0.06813186813186813,0.07472527472527472,0.07643467643467644,0.0029304029304029304,291.06,-31.5,4.37,khong?2
0.02564102564102564,0.06886446886446887,0.07423687423687424,0.07643467643467644,0.0029304029304029304,289.62,-25.87,1.25,khong?2
0.026373626373626374,0.06837606837606838,0.07326007326007326,0.0761904761904762,0.0029304029304029304,289.44,-29.12,2.37,khong?2
0.025885225885225887,0.0673992673992674,0.07155067155067155,0.0761904761904762,0.0029304029304029304,289.37,-29.62,2.31,khong?2
0.025396825396825397,0.06642246642246642,0.07057387057387057,0.07594627594627594,0.0029304029304029304,290.0,-36.44,9.19,khong?2
0.024664224664224663,0.06568986568986569,0.0695970695970696,0.07496947496947497,0.0029304029304029304,286.5,-35.31,23.06,khong?2
0.02271062271062271,0.06373626373626373,0.06862026862026863,0.06984126984126984,0.0029304029304029304,287.5,-34.94,25.0,khong?2
0.018315018315018316,0.05299145299145299,0.06251526251526252,0.05811965811965812,0.0017094017094017094,287.62,-35.13,25.06,khong?2
0.014652014652014652,0.04371184371184371,0.055921855921855924,0.04835164835164835,0.0009768009768009768,287.81,-35.5,25.12,khong?2
0.01221001221001221,0.03711843711843712,0.05128205128205128,0.04151404151404151,0.0002442002442002442,288.12,-36.38,25.44,khong?2
0.010500610500610501,0.03223443223443224,0.04786324786324787,0.03663003663003663,0.0,288.44,-36.69,25.81,khong?2
0.009035409035409036,0.02905982905982906,0.04542124542124542,0.033455433455433455,0.0004884004884004884,288.75,-37.19,25.94,khong?2
0.008302808302808303,0.026862026862026864,0.04371184371184371,0.031746031746031744,0.0004884004884004884,288.69,-36.75,25.62,khong?2
0.007814407814407814,0.025152625152625153,0.042735042735042736,0.030525030525030524,0.0007326007326007326,288.25,-34.19,23.44,khong?2
0.00757020757020757,0.023931623931623933,0.042002442002442006,0.029792429792429794,0.0009768009768009768,283.81,-24.94,12.19,khong?2
0.007814407814407814,0.022954822954822957,0.04224664224664225,0.030036630036630037,0.0009768009768009768,285.62,-21.56,2.94,khong?2
0.009035409035409036,0.03076923076923077,0.055921855921855924,0.04395604395604396,0.0002442002442002442,287.5,-35.5,6.56,khong?2
0.012454212454212455,0.04297924297924298,0.06568986568986569,0.055921855921855924,0.0009768009768009768,290.06,-43.44,12.69,khong?2
0.014896214896214897,0.051526251526251524,0.07228327228327229,0.06446886446886448,0.0017094017094017094,289.19,-34.13,1.12,khong?2
0.016605616605616606,0.057387057387057384,0.07643467643467644,0.07032967032967033,0.002197802197802198,291.25,-44.06,8.63,khong?2
0.017094017094017096,0.06031746031746032,0.07692307692307693,0.073992673992674,0.002442002442002442,294.25,-46.81,19.62,khong?2
0.017094017094017096,0.06129426129426129,0.0761904761904762,0.07643467643467644,0.002686202686202686,290.19,-28.81,0.19,khong?2
0.01684981684981685,0.06153846153846154,0.0757020757020757,0.0761904761904762,0.002686202686202686,289.44,-34.75,1.44,khong?2
0.01684981684981685,0.061782661782661785,0.07496947496947497,0.0761904761904762,0.002686202686202686,294.19,-47.69,19.44,khong?2
0.01684981684981685,0.06202686202686203,0.073992673992674,0.0761904761904762,0.002686202686202686,292.37,-30.81,2.62,khong?2
0.01684981684981685,0.06202686202686203,0.0735042735042735,0.0761904761904762,0.002686202686202686,289.81,-27.75,-1.25,khong?2
0.01684981684981685,0.06202686202686203,0.07301587301587302,0.0761904761904762,0.002686202686202686,289.69,-30.87,-0.31,khong?2
0.01684981684981685,0.061782661782661785,0.07228327228327229,0.07594627594627594,0.002686202686202686,290.81,-33.63,1.75,khong?2
0.01684981684981685,0.06153846153846154,0.07203907203907203,0.0757020757020757,0.002686202686202686,289.37,-38.94,10.69,khong?2
0.01611721611721612,0.06129426129426129,0.07155067155067155,0.07423687423687424,0.002686202686202686,285.75,-37.75,21.87,khong?2
0.01391941391941392,0.05567765567765568,0.07081807081807082,0.06935286935286936,0.002686202686202686,286.94,-36.25,23.5,khong?2
0.010744810744810745,0.046153846153846156,0.06373626373626373,0.059096459096459095,0.0017094017094017094,286.94,-36.13,23.62,khong?2
0.008302808302808303,0.0380952380952381,0.056654456654456654,0.050061050061050064,0.0009768009768009768,287.06,-35.75,24.19,khong?2
0.006593406593406593,0.032722832722832725,0.051526251526251524,0.043467643467643466,0.0002442002442002442,287.19,-36.25,24.25,khong?2
0.005372405372405372,0.02857142857142857,0.04786324786324787,0.03907203907203907,0.001221001221001221,287.19,-36.44,24.37,khong?2
0.00463980463980464,0.025885225885225887,0.045177045177045176,0.036141636141636145,0.002442002442002442,287.19,-36.25,24.5,khong?2
0.004151404151404151,0.023931623931623933,0.04322344322344322,0.03394383394383394,0.0031746031746031746,287.25,-36.06,24.87,khong?2
0.003663003663003663,0.02271062271062271,0.042002442002442006,0.03247863247863248,0.003663003663003663,285.94,-28.69,16.94,khong?2
0.003418803418803419,0.021733821733821733,0.04151404151404151,0.03199023199023199,0.003907203907203907,285.31,-22.94,6.12,khong?2
0.007326007326007326,0.03076923076923077,0.0547008547008547,0.0485958485958486,0.0019536019536019536,284.69,-37.25,11.0,khong?2
0.010012210012210013,0.04395604395604396,0.06398046398046398,0.060073260073260075,0.0004884004884004884,286.69,-45.13,17.12,khong?2
0.011721611721611722,0.05299145299145299,0.07057387057387057,0.06837606837606838,0.0004884004884004884,287.56,-35.56,4.69,khong?2
0.012698412698412698,0.05958485958485959,0.073992673992674,0.07374847374847375,0.001221001221001221,289.12,-46.06,13.38,khong?2
0.013431013431013432,0.06373626373626373,0.07496947496947497,0.07741147741147741,0.0019536019536019536,290.87,-48.88,21.94,khong?2
0.013675213675213675,0.06593406593406594,0.07545787545787545,0.07838827838827839,0.002197802197802198,289.62,-27.56,3.62,khong?2
0.013675213675213675,0.06691086691086691,0.07545787545787545,0.07887667887667887,0.002442002442002442,289.75,-34.19,5.5,khong?2
0.01391941391941392,0.06715506715506715,0.07448107448107448,0.07887667887667887,0.002442002442002442,294.37,-49.25,25.94,khong?2
0.014407814407814409,0.06715506715506715,0.07374847374847375,0.07838827838827839,0.002686202686202686,292.75,-40.56,18.87,khong?2
0.013675213675213675,0.06715506715506715,0.07301587301587302,0.0778998778998779,0.0014652014652014652,288.69,-24.44,2.69,khong?2
0.012698412698412698,0.06666666666666667,0.07252747252747253,0.07692307692307693,0.0007326007326007326,288.19,-28.75,5.0,khong?2
0.011965811965811967,0.06617826617826618,0.0713064713064713,0.0757020757020757,0.0002442002442002442,287.87,-31.12,5.81,khong?2
0.011477411477411478,0.06593406593406594,0.07032967032967033,0.07496947496947497,0.0,288.75,-35.88,11.31,khong?2
0.01098901098901099,0.0652014652014652,0.06984126984126984,0.07374847374847375,0.0002442002442002442,286.44,-33.75,22.19,khong?2
0.010256410256410256,0.06373626373626373,0.06935286935286936,0.06935286935286936,0.0004884004884004884,287.75,-31.75,25.19,khong?2
0.00757020757020757,0.05225885225885226,0.06227106227106227,0.05885225885225885,0.0007326007326007326,287.69,-32.5,25.19,khong?2
0.005128205128205128,0.042002442002442006,0.0547008547008547,0.04908424908424908,0.0019536019536019536,287.56,-33.0,24.87,khong?2
0.003418803418803419,0.03467643467643468,0.04908424908424908,0.04249084249084249,0.002686202686202686,287.44,-33.25,25.25,khong?2
0.002442002442002442,0.029792429792429794,0.045177045177045176,0.037606837606837605,0.003418803418803419,287.37,-33.38,25.19,khong?2
0.0017094017094017094,0.02612942612942613,0.04224664224664225,0.034432234432234435,0.003907203907203907,287.31,-34.06,25.37,khong?2
0.001221001221001221,0.023931623931623933,0.040293040293040296,0.03223443223443224,0.004151404151404151,287.12,-34.56,25.5,khong?2
0.0009768009768009768,0.022222222222222223,0.03907203907203907,0.030525030525030524,0.004395604395604396,287.12,-36.13,25.31,khong?2
0.0007326007326007326,0.021001221001221003,0.03833943833943834,0.029548229548229547,0.004395604395604396,288.12,-36.0,22.62,khong?2
0.0007326007326007326,0.020757020757020756,0.038583638583638585,0.029548229548229547,0.00463980463980464,287.87,-23.31,3.69,khong?2
0.002442002442002442,0.027594627594627594,0.051770451770451774,0.040293040293040296,0.003418803418803419,286.87,-28.94,4.5,khong?2
0.007081807081807082,0.04249084249084249,0.06324786324786325,0.05396825396825397,0.0014652014652014652,289.19,-38.94,9.44,khong?2
0.010744810744810745,0.05299145299145299,0.07155067155067155,0.06373626373626373,0.0002442002442002442,289.5,-35.81,7.37,khong?2
0.013431013431013432,0.06031746031746032,0.07716727716727717,0.07032967032967033,0.0007326007326007326,288.56,-33.13,4.94,khong?2
0.01514041514041514,0.063003663003663,0.08034188034188035,0.07374847374847375,0.0014652014652014652,292.94,-47.5,21.06,khong?2
0.016361416361416362,0.06471306471306472,0.08058608058608059,0.07448107448107448,0.0017094017094017094,293.12,-38.56,14.19,khong?2
0.017094017094017096,0.0652014652014652,0.08034188034188035,0.07448107448107448,0.002197802197802198,291.56,-29.94,3.56,khong?2
0.017582417582417582,0.06544566544566545,0.0796092796092796,0.07326007326007326,0.002442002442002442,297.44,-47.38,21.56,khong?2
0.018070818070818073,0.06471306471306472,0.07838827838827839,0.07228327228327229,0.002442002442002442,296.31,-46.94,26.12,khong?2
0.018070818070818073,0.06422466422466422,0.07741147741147741,0.07179487179487179,0.002686202686202686,292.69,-24.12,0.81,khong?2
0.017582417582417582,0.06373626373626373,0.07667887667887668,0.0713064713064713,0.002686202686202686,291.12,-24.56,1.25,khong?2
0.016605616605616606,0.06275946275946276,0.07472527472527472,0.07081807081807082,0.002686202686202686,290.87,-26.19,1.94,khong?2
0.015873015873015872,0.061782661782661785,0.0735042735042735,0.07032967032967033,0.002686202686202686,291.94,-33.38,5.06,khong?2
0.01514041514041514,0.06129426129426129,0.07252747252747253,0.07008547008547009,0.002686202686202686,295.69,-45.56,22.87,khong?2
0.014652014652014652,0.060805860805860805,0.07203907203907203,0.06813186813186813,0.002686202686202686,289.56,-45.31,28.37,khong?2
0.014163614163614164,0.05445665445665446,0.07057387057387057,0.06275946275946276,0.002686202686202686,289.87,-41.13,26.81,khong?2
0.01098901098901099,0.04395604395604396,0.063003663003663,0.052503052503052504,0.0017094017094017094,290.0,-40.5,27.25,khong?2
0.00805860805860806,0.03492063492063492,0.05518925518925519,0.04371184371184371,0.0007326007326007326,290.0,-40.69,28.06,khong?2
0.006105006105006105,0.02857142857142857,0.04957264957264957,0.037606837606837605,0.0009768009768009768,289.87,-41.44,28.19,khong?2
0.004395604395604396,0.023931623931623933,0.045177045177045176,0.033455433455433455,0.0019536019536019536,289.87,-41.63,28.5,khong?2
0.003418803418803419,0.021001221001221003,0.042002442002442006,0.030525030525030524,0.0029304029304029304,290.0,-42.06,28.62,khong?2
0.002686202686202686,0.018803418803418803,0.0398046398046398,0.02857142857142857,0.003418803418803419,290.44,-43.88,29.12,khong?2
0.002197802197802198,0.01733821733821734,0.03833943833943834,0.027106227106227107,0.003907203907203907,292.75,-44.75,25.75,khong?2
0.0019536019536019536,0.017582417582417582,0.03882783882783883,0.028083028083028084,0.0029304029304029304,293.25,-36.19,3.94,khong?2
0.004395604395604396,0.03296703296703297,0.051526251526251524,0.041758241758241756,0.001221001221001221,292.75,-39.63,5.5,khong?2
0.006837606837606838,0.04468864468864469,0.06056166056166056,0.05128205128205128,0.003907203907203907,296.81,-56.69,30.31,khong?2
0.008547008547008548,0.05299145299145299,0.06691086691086691,0.058363858363858365,0.005860805860805861,296.25,-47.13,19.44,khong?2
0.009768009768009768,0.05860805860805861,0.07057387057387057,0.06349206349206349,0.007326007326007326,292.94,-24.12,-4.5,khong?2
0.010500610500610501,0.06129426129426129,0.07277167277167278,0.06715506715506715,0.008302808302808303,293.81,-37.38,2.44,khong?2
0.011233211233211233,0.063003663003663,0.073992673992674,0.0695970695970696,0.009035409035409036,296.87,-42.06,12.13,khong?2
0.011721611721611722,0.06349206349206349,0.07448107448107448,0.07203907203907203,0.008302808302808303,292.94,-26.44,-3.25,khong?2
0.01221001221001221,0.06373626373626373,0.07374847374847375,0.07374847374847375,0.007814407814407814,295.75,-41.0,8.19,khong?2
0.012454212454212455,0.06373626373626373,0.07326007326007326,0.07423687423687424,0.00757020757020757,297.87,-51.44,27.44,khong?2
0.012698412698412698,0.06373626373626373,0.07277167277167278,0.07423687423687424,0.007326007326007326,295.31,-30.19,5.31,khong?2
0.012698412698412698,0.06275946275946276,0.07203907203907203,0.073992673992674,0.007081807081807082,291.87,-17.37,-5.56,khong?2
0.012698412698412698,0.06202686202686203,0.0713064713064713,0.07374847374847375,0.007081807081807082,290.37,-23.37,-3.12,khong?2
0.011965811965811967,0.061782661782661785,0.06984126984126984,0.07374847374847375,0.007081807081807082,291.0,-29.5,-1.12,khong?2
0.011477411477411478,0.060805860805860805,0.06886446886446887,0.07374847374847375,0.007081807081807082,292.94,-39.31,9.94,khong?2
0.010500610500610501,0.060073260073260075,0.06813186813186813,0.07228327228327229,0.007081807081807082,290.69,-40.0,20.44,khong?2
0.00927960927960928,0.05934065934065934,0.06764346764346764,0.06764346764346764,0.005860805860805861,292.56,-36.56,23.37,khong?2
0.006105006105006105,0.04957264957264957,0.06056166056166056,0.057631257631257635,0.003907203907203907,293.06,-34.56,24.5,khong?2
0.003418803418803419,0.03956043956043956,0.05225885225885226,0.04737484737484737,0.002442002442002442,292.94,-34.38,24.69,khong?2
0.0014652014652014652,0.032722832722832725,0.0463980463980464,0.04004884004884005,0.0014652014652014652,292.62,-34.75,25.37,khong?2
0.0002442002442002442,0.027594627594627594,0.04224664224664225,0.03492063492063492,0.0007326007326007326,292.31,-36.81,25.25,khong?2
0.0007326007326007326,0.024664224664224663,0.039316239316239315,0.031746031746031744,0.0002442002442002442,291.94,-37.63,25.44,khong?2
0.001221001221001221,0.022466422466422466,0.03711843711843712,0.029548229548229547,0.0,291.75,-37.63,25.31,khong?2
0.0014652014652014652,0.020757020757020756,0.03565323565323565,0.028083028083028084,0.0002442002442002442,291.5,-38.63,25.44,khong?2
0.0017094017094017094,0.01978021978021978,0.03492063492063492,0.027106227106227107,0.0004884004884004884,290.81,-37.38,25.56,khong?2
0.0017094017094017094,0.01904761904761905,0.034432234432234435,0.026373626373626374,0.0004884004884004884,289.44,-26.62,9.56,khong?2
0.0019536019536019536,0.020512820512820513,0.038583638583638585,0.03076923076923077,0.0004884004884004884,289.19,-25.56,4.44,khong?2
0.0014652014652014652,0.03467643467643468,0.05054945054945055,0.04542124542124542,0.001221001221001221,289.12,-35.69,11.94,khong?2
0.004151404151404151,0.044444444444444446,0.059096459096459095,0.056654456654456654,0.0017094017094017094,292.19,-42.38,16.62,khong?2
0.006593406593406593,0.05128205128205128,0.06495726495726496,0.06495726495726496,0.002197802197802198,292.19,-27.81,1.5,khong?2
0.00805860805860806,0.05616605616605617,0.06862026862026863,0.07057387057387057,0.002442002442002442,291.75,-35.88,6.31,khong?2
0.00927960927960928,0.057631257631257635,0.06935286935286936,0.07326007326007326,0.002442002442002442,294.19,-41.63,17.31,khong?2
0.010012210012210013,0.05811965811965812,0.06935286935286936,0.07374847374847375,0.002686202686202686,292.81,-18.94,-1.94,khong?2
0.010012210012210013,0.058363858363858365,0.06910866910866911,0.07374847374847375,0.002686202686202686,291.75,-28.0,2.31,khong?2
0.010012210012210013,0.058363858363858365,0.06862026862026863,0.0735042735042735,0.002686202686202686,295.75,-43.44,20.81,khong?2
0.009523809523809525,0.058363858363858365,0.06837606837606838,0.07326007326007326,0.0029304029304029304,294.19,-30.87,6.12,khong?2
0.008547008547008548,0.05811965811965812,0.06691086691086691,0.07326007326007326,0.0029304029304029304,290.69,-23.94,-1.25,khong?2
0.007814407814407814,0.05811965811965812,0.06617826617826618,0.07252747252747253,0.0029304029304029304,288.75,-27.5,0.75,khong?2
0.007081807081807082,0.05714285714285714,0.06471306471306472,0.07179487179487179,0.0029304029304029304,289.25,-27.87,1.25,khong?2
0.006593406593406593,0.056654456654456654,0.06349206349206349,0.07155067155067155,0.0029304029304029304,290.75,-31.81,4.37,khong?2
0.006105006105006105,0.05616605616605617,0.06251526251526252,0.07081807081807082,0.0017094017094017094,287.56,-33.06,18.25,khong?2
0.005860805860805861,0.05567765567765568,0.061782661782661785,0.06788766788766788,0.0009768009768009768,289.69,-33.19,20.44,khong?2
0.003907203907203907,0.04835164835164835,0.05714285714285714,0.058363858363858365,0.0002442002442002442,290.31,-33.81,20.94,khong?2
0.001221001221001221,0.03833943833943834,0.04957264957264957,0.047619047619047616,0.0002442002442002442,290.19,-33.81,21.81,khong?2
0.0007326007326007326,0.03076923076923077,0.04395604395604396,0.04004884004884005,0.0004884004884004884,290.0,-33.75,22.37,khong?2
0.002197802197802198,0.025396825396825397,0.03956043956043956,0.03467643467643468,0.0017094017094017094,290.0,-33.88,22.75,khong?2
0.0031746031746031746,0.021733821733821733,0.03663003663003663,0.031013431013431014,0.002686202686202686,289.87,-34.63,23.06,khong?2
0.003663003663003663,0.019291819291819293,0.034432234432234435,0.02857142857142857,0.003418803418803419,289.81,-35.63,23.37,khong?2
0.004151404151404151,0.017826617826617826,0.033455433455433455,0.026862026862026864,0.003907203907203907,289.5,-38.25,24.25,khong?2
0.004151404151404151,0.017094017094017096,0.03296703296703297,0.02612942612942613,0.004151404151404151,291.25,-37.88,18.37,khong?2
0.0029304029304029304,0.020024420024420026,0.0380952380952381,0.030036630036630037,0.0019536019536019536,291.5,-26.0,2.31,khong?2
0.0029304029304029304,0.036141636141636145,0.052503052503052504,0.04713064713064713,0.0004884004884004884,291.12,-28.06,1.25,khong?2
0.006837606837606838,0.04737484737484737,0.06275946275946276,0.059096459096459095,0.0017094017094017094,293.69,-45.88,12.5,khong?2
0.010256410256410256,0.05518925518925519,0.06984126984126984,0.0673992673992674,0.0031746031746031746,295.87,-34.25,4.44,khong?2
0.012698412698412698,0.05934065934065934,0.073992673992674,0.07179487179487179,0.0031746031746031746,293.62,-21.12,-3.62,khong?2
0.01391941391941392,0.06105006105006105,0.07594627594627594,0.07472527472527472,0.0031746031746031746,293.75,-34.75,2.94,khong?2
0.015384615384615385,0.06129426129426129,0.07594627594627594,0.07643467643467644,0.0031746031746031746,297.75,-45.75,20.62,khong?2
0.015384615384615385,0.06129426129426129,0.07594627594627594,0.07692307692307693,0.0031746031746031746,294.69,-27.87,0.88,khong?2
0.015384615384615385,0.06105006105006105,0.07545787545787545,0.07667887667887668,0.0029304029304029304,293.75,-29.87,1.56,khong?2
0.015384615384615385,0.05982905982905983,0.07374847374847375,0.0757020757020757,0.0029304029304029304,296.06,-45.94,23.12,khong?2
0.015384615384615385,0.059096459096459095,0.07228327228327229,0.07496947496947497,0.0029304029304029304,296.31,-32.75,6.75,khong?2
0.015384615384615385,0.058363858363858365,0.07106227106227106,0.07448107448107448,0.0029304029304029304,292.31,-18.56,-2.19,khong?2
0.01514041514041514,0.057387057387057384,0.0695970695970696,0.073992673992674,0.0029304029304029304,292.44,-25.94,2.0,khong?2
0.014407814407814409,0.05616605616605617,0.06788766788766788,0.07326007326007326,0.0029304029304029304,293.0,-28.75,4.06,khong?2
0.013675213675213675,0.05543345543345543,0.06691086691086691,0.07252747252747253,0.0029304029304029304,293.12,-34.88,7.94,khong?2
0.013186813186813187,0.0547008547008547,0.06593406593406594,0.07155067155067155,0.0029304029304029304,288.62,-38.06,23.0,khong?2
0.012454212454212455,0.054212454212454214,0.06495726495726496,0.06935286935286936,0.0029304029304029304,287.37,-39.5,25.0,khong?2
0.010256410256410256,0.04810744810744811,0.06129426129426129,0.06129426129426129,0.0017094017094017094,287.81,-39.31,25.56,khong?2
0.006837606837606838,0.03882783882783883,0.05372405372405373,0.05030525030525031,0.0007326007326007326,287.62,-39.13,26.31,khong?2
0.004395604395604396,0.03199023199023199,0.04786324786324787,0.04224664224664225,0.0007326007326007326,287.75,-39.13,26.94,khong?2
0.002686202686202686,0.026617826617826617,0.04322344322344322,0.03663003663003663,0.0019536019536019536,287.62,-39.38,27.37,khong?2
0.0014652014652014652,0.02271062271062271,0.0398046398046398,0.032722832722832725,0.0029304029304029304,287.56,-39.75,27.69,khong?2
0.0004884004884004884,0.02026862026862027,0.037606837606837605,0.030036630036630037,0.003418803418803419,287.5,-40.25,28.12,khong?2
0.0002442002442002442,0.018315018315018316,0.035897435897435895,0.028083028083028084,0.003907203907203907,287.44,-40.5,28.5,khong?2
0.0004884004884004884,0.017094017094017096,0.03467643467643468,0.026862026862026864,0.004151404151404151,287.62,-39.88,28.56,khong?2
0.0007326007326007326,0.01611721611721612,0.0336996336996337,0.025885225885225887,0.004395604395604396,287.94,-36.88,21.62,khong?2
0.0004884004884004884,0.017094017094017096,0.03736263736263736,0.028815628815628817,0.003418803418803419,290.44,-32.13,5.87,khong?2
0.0031746031746031746,0.03247863247863248,0.050793650793650794,0.04493284493284493,0.0002442002442002442,289.12,-37.94,6.06,khong?2
0.005616605616605617,0.04322344322344322,0.060073260073260075,0.05616605616605617,0.0017094017094017094,291.25,-52.38,17.0,khong?2
0.00757020757020757,0.050793650793650794,0.06666666666666667,0.06398046398046398,0.0031746031746031746,292.62,-49.69,18.37,khong?2
0.008791208791208791,0.05396825396825397,0.06910866910866911,0.06886446886446887,0.004395604395604396,292.44,-20.25,-5.37,khong?2
0.00927960927960928,0.05567765567765568,0.07008547008547009,0.07057387057387057,0.005128205128205128,290.0,-29.12,-0.75,khong?2
0.009523809523809525,0.05714285714285714,0.07057387057387057,0.07106227106227106,0.004395604395604396,293.31,-46.13,18.37,khong?2
0.009768009768009768,0.057631257631257635,0.07057387057387057,0.0713064713064713,0.003907203907203907,293.5,-29.56,2.06,khong?2
0.00927960927960928,0.05787545787545788,0.07057387057387057,0.0713064713064713,0.003663003663003663,290.62,-30.12,0.0,khong?2
0.009523809523809525,0.05787545787545788,0.07008547008547009,0.07057387057387057,0.003418803418803419,293.69,-45.0,15.38,khong?2
0.010256410256410256,0.05787545787545788,0.0695970695970696,0.07008547008547009,0.0031746031746031746,293.94,-38.88,12.13,khong?2
0.010256410256410256,0.05787545787545788,0.06910866910866911,0.0695970695970696,0.0031746031746031746,291.94,-17.25,-4.62,khong?2
0.009768009768009768,0.057387057387057384,0.06862026862026863,0.06935286935286936,0.0029304029304029304,290.5,-21.0,-1.75,khong?2
0.009523809523809525,0.056654456654456654,0.0673992673992674,0.06910866910866911,0.0029304029304029304,290.31,-26.62,-0.31,khong?2
0.009035409035409036,0.05616605616605617,0.06666666666666667,0.06910866910866911,0.0029304029304029304,291.69,-34.75,5.0,khong?2
0.008547008547008548,0.05543345543345543,0.06568986568986569,0.06862026862026863,0.0029304029304029304,288.25,-34.0,15.94,khong?2
0.00805860805860806,0.054945054945054944,0.06471306471306472,0.06691086691086691,0.0029304029304029304,289.75,-31.5,17.69,khong?2
0.005616605616605617,0.047619047619047616,0.06153846153846154,0.05885225885225885,0.0017094017094017094,290.37,-31.69,18.69,khong?2
0.002686202686202686,0.03785103785103785,0.054212454212454214,0.04786324786324787,0.0009768009768009768,290.31,-31.75,19.25,khong?2
0.0004884004884004884,0.030525030525030524,0.04835164835164835,0.04004884004884005,0.0004884004884004884,290.37,-32.38,19.94,khong?2
0.001221001221001221,0.025152625152625153,0.04395604395604396,0.03467643467643468,0.0,290.44,-32.81,20.37,khong?2
0.002197802197802198,0.02148962148962149,0.04078144078144078,0.031013431013431014,0.0002442002442002442,290.12,-32.94,19.87,khong?2
0.0029304029304029304,0.01904761904761905,0.038583638583638585,0.02857142857142857,0.0004884004884004884,289.81,-33.38,19.81,khong?2
0.0031746031746031746,0.017094017094017096,0.03711843711843712,0.026862026862026864,0.0004884004884004884,289.69,-34.0,18.25,khong?2
0.003418803418803419,0.01611721611721612,0.03663003663003663,0.026862026862026864,0.0007326007326007326,290.19,-25.25,7.62,khong?2
0.0009768009768009768,0.021733821733821733,0.0485958485958486,0.03785103785103785,0.0004884004884004884,288.75,-25.0,4.0,khong?2
0.002686202686202686,0.036141636141636145,0.06105006105006105,0.05396825396825397,0.002442002442002442,290.81,-43.63,14.5,khong?2
0.005128205128205128,0.0463980463980464,0.06984126984126984,0.0652014652014652,0.003663003663003663,293.12,-46.69,18.69,khong?2
0.007081807081807082,0.05347985347985348,0.07594627594627594,0.07326007326007326,0.00463980463980464,292.12,-26.0,1.06,khong?2
0.008302808302808303,0.05714285714285714,0.07887667887667887,0.07716727716727717,0.005128205128205128,289.87,-37.81,6.94,khong?2
0.008791208791208791,0.058363858363858365,0.0796092796092796,0.07887667887667887,0.00463980463980464,293.31,-47.0,19.87,khong?2
0.00805860805860806,0.059096459096459095,0.07985347985347985,0.07863247863247863,0.004151404151404151,292.94,-25.19,0.5,khong?2
0.00757020757020757,0.05958485958485959,0.0796092796092796,0.07814407814407814,0.003907203907203907,290.06,-33.81,3.94,khong?2
0.007326007326007326,0.05958485958485959,0.0778998778998779,0.0778998778998779,0.003663003663003663,292.19,-48.81,22.19,khong?2
0.006593406593406593,0.05934065934065934,0.07667887667887668,0.07643467643467644,0.003418803418803419,292.37,-32.25,7.25,khong?2
0.006105006105006105,0.05885225885225885,0.0757020757020757,0.07545787545787545,0.003418803418803419,289.62,-19.44,-1.0,khong?2
0.005372405372405372,0.05811965811965812,0.07423687423687424,0.07472527472527472,0.0031746031746031746,288.69,-24.31,0.94,khong?2
0.00463980463980464,0.057387057387057384,0.07277167277167278,0.07423687423687424,0.0031746031746031746,290.06,-26.37,1.62,khong?2
0.003907203907203907,0.05714285714285714,0.07179487179487179,0.07374847374847375,0.0031746031746031746,290.81,-30.0,3.69,khong?2
0.003418803418803419,0.056654456654456654,0.07106227106227106,0.07326007326007326,0.0029304029304029304,290.19,-25.25,9.31,khong?2
0.0029304029304029304,0.05616605616605617,0.07057387057387057,0.0713064713064713,0.0029304029304029304,291.37,-26.5,14.44,khong?2
0.0004884004884004884,0.04713064713064713,0.0652014652014652,0.063003663003663,0.0017094017094017094,292.94,-27.06,16.12,khong?2
0.0014652014652014652,0.037606837606837605,0.05787545787545788,0.05274725274725275,0.0009768009768009768,294.0,-27.5,16.62,khong?2
0.0029304029304029304,0.030525030525030524,0.051526251526251524,0.04468864468864469,0.0002442002442002442,293.94,-27.87,16.56,khong?2
0.004151404151404151,0.025396825396825397,0.04664224664224664,0.03882783882783883,0.0,293.87,-28.69,16.5,khong?2
0.00463980463980464,0.021733821733821733,0.04322344322344322,0.03492063492063492,0.0002442002442002442,293.37,-31.06,16.94,khong?2
0.005128205128205128,0.019291819291819293,0.04078144078144078,0.03247863247863248,0.0004884004884004884,291.5,-36.38,18.37,khong?2
0.005128205128205128,0.017826617826617826,0.03956043956043956,0.031013431013431014,0.0004884004884004884,292.81,-33.81,11.69,khong?2
0.003663003663003663,0.021733821733821733,0.04957264957264957,0.04004884004884005,0.0007326007326007326,291.44,-24.94,1.87,khong?2
0.001221001221001221,0.035164835164835165,0.06129426129426129,0.05274725274725275,0.0004884004884004884,291.06,-41.31,7.0,khong?2
0.00463980463980464,0.044444444444444446,0.06984126984126984,0.06153846153846154,0.002442002442002442,291.69,-64.81,31.12,khong?2
0.007081807081807082,0.05103785103785104,0.0757020757020757,0.06788766788766788,0.003663003663003663,295.25,-36.06,6.19,khong?2
0.00805860805860806,0.05445665445665446,0.07814407814407814,0.07057387057387057,0.003418803418803419,293.37,-28.44,0.25,khong?2
0.00805860805860806,0.055921855921855924,0.07838827838827839,0.07228327228327229,0.003418803418803419,294.19,-49.81,20.5,khong?2
0.007081807081807082,0.05616605616605617,0.07765567765567766,0.07252747252747253,0.0031746031746031746,294.81,-34.5,5.62,khong?2
0.006593406593406593,0.05641025641025641,0.07692307692307693,0.07228327228327229,0.0031746031746031746,292.94,-24.62,-0.94,khong?2
0.005616605616605617,0.05616605616605617,0.07594627594627594,0.07179487179487179,0.0029304029304029304,295.19,-45.56,17.06,khong?2
0.005372405372405372,0.05567765567765568,0.07472527472527472,0.07106227106227106,0.0029304029304029304,296.94,-46.88,23.25,khong?2
0.00463980463980464,0.05518925518925519,0.0735042735042735,0.07081807081807082,0.0017094017094017094,293.12,-18.25,-3.87,khong?2
0.003663003663003663,0.0547008547008547,0.07228327228327229,0.07057387057387057,0.0009768009768009768,291.0,-21.69,-1.75,khong?2
0.0029304029304029304,0.05396825396825397,0.07081807081807082,0.07008547008547009,0.0004884004884004884,290.87,-25.62,-0.69,khong?2
0.002197802197802198,0.05347985347985348,0.07008547008547009,0.06984126984126984,0.0,290.87,-29.19,0.94,khong?2
0.0017094017094017094,0.05299145299145299,0.06910866910866911,0.06935286935286936,0.0002442002442002442,290.5,-30.69,8.56,khong?2
0.0014652014652014652,0.052503052503052504,0.06862026862026863,0.06837606837606838,0.0004884004884004884,291.25,-27.31,11.5,khong?2
0.0002442002442002442,0.04932844932844933,0.06788766788766788,0.06202686202686203,0.0007326007326007326,291.69,-27.87,12.0,khong?2
0.002197802197802198,0.04053724053724054,0.060073260073260075,0.051526251526251524,0.0007326007326007326,291.5,-28.44,12.13,khong?2
0.003907203907203907,0.03321123321123321,0.05396825396825397,0.043467643467643466,0.0019536019536019536,291.19,-28.75,12.25,khong?2
0.005128205128205128,0.028083028083028084,0.04932844932844933,0.0380952380952381,0.0029304029304029304,290.94,-29.37,12.69,khong?2
0.005860805860805861,0.024175824175824177,0.04566544566544566,0.03418803418803419,0.003418803418803419,290.62,-30.06,12.81,khong?2
0.006349206349206349,0.02148962148962149,0.04322344322344322,0.0315018315018315,0.003907203907203907,290.37,-31.37,13.44,khong?2
0.006837606837606838,0.01978021978021978,0.04126984126984127,0.029792429792429794,0.004151404151404151,291.75,-32.06,10.31,khong?2
0.006349206349206349,0.01904761904761905,0.04249084249084249,0.031013431013431014,0.0031746031746031746,293.94,-31.62,-1.12,khong?2
0.001221001221001221,0.032722832722832725,0.05445665445665446,0.046886446886446886,0.0014652014652014652,293.5,-43.44,2.0,khong?2
0.0031746031746031746,0.04249084249084249,0.063003663003663,0.05787545787545788,0.0,290.62,-57.69,16.12,khong?2
0.006349206349206349,0.04932844932844933,0.06886446886446887,0.06568986568986569,0.0009768009768009768,296.87,-35.38,1.06,khong?2
0.008547008547008548,0.05274725274725275,0.07155067155067155,0.0695970695970696,0.0014652014652014652,293.44,-31.06,-1.62,khong?2
0.00927960927960928,0.054212454212454214,0.07203907203907203,0.07179487179487179,0.0019536019536019536,294.06,-45.06,9.0,khong?2
0.009523809523809525,0.05445665445665446,0.07106227106227106,0.07252747252747253,0.002197802197802198,296.31,-36.25,4.37,khong?2
0.009523809523809525,0.05445665445665446,0.07008547008547009,0.07252747252747253,0.002442002442002442,294.81,-27.5,-2.69,khong?2
0.008547008547008548,0.05445665445665446,0.06910866910866911,0.07228327228327229,0.002442002442002442,296.12,-42.63,9.0,khong?2
0.008302808302808303,0.05372405372405373,0.06764346764346764,0.07228327228327229,0.002686202686202686,296.12,-45.0,14.75,khong?2
0.007814407814407814,0.053235653235653234,0.06642246642246642,0.07228327228327229,0.0029304029304029304,292.25,-25.87,-0.37,khong?2
0.006837606837606838,0.052503052503052504,0.06568986568986569,0.07228327228327229,0.0029304029304029304,291.75,-22.62,-1.37,khong?2
0.005860805860805861,0.051770451770451774,0.06471306471306472,0.07155067155067155,0.0029304029304029304,291.37,-26.19,-0.31,khong?2
0.005128205128205128,0.05128205128205128,0.06398046398046398,0.07106227106227106,0.0029304029304029304,291.44,-29.94,0.69,khong?2
0.00463980463980464,0.050793650793650794,0.06324786324786325,0.07081807081807082,0.0017094017094017094,290.0,-32.75,10.38,khong?2
0.004151404151404151,0.050061050061050064,0.06227106227106227,0.06935286935286936,0.0009768009768009768,291.0,-28.75,14.75,khong?2
0.0029304029304029304,0.04590964590964591,0.060805860805860805,0.06227106227106227,0.0002442002442002442,292.31,-28.81,14.19,khong?2
0.0,0.036141636141636145,0.05274725274725275,0.05030525030525031,0.0,292.25,-29.06,14.13,khong?2
0.0019536019536019536,0.028327228327228327,0.0463980463980464,0.041758241758241756,0.0004884004884004884,292.19,-28.75,14.38,khong?2
0.003663003663003663,0.022954822954822957,0.041758241758241756,0.03540903540903541,0.0017094017094017094,292.19,-29.19,14.38,khong?2
0.00463980463980464,0.01904761904761905,0.03833943833943834,0.03125763125763126,0.002686202686202686,292.06,-29.31,14.56,khong?2
0.005372405372405372,0.016605616605616606,0.035897435897435895,0.028083028083028084,0.0031746031746031746,291.87,-29.94,14.56,khong?2
0.005860805860805861,0.014652014652014652,0.03418803418803419,0.02612942612942613,0.003663003663003663,292.0,-31.37,15.0,khong?2
0.006105006105006105,0.013431013431013432,0.03296703296703297,0.02490842490842491,0.003907203907203907,294.44,-35.5,10.19,khong?2
0.006105006105006105,0.01391941391941392,0.03663003663003663,0.027106227106227107,0.0031746031746031746,300.81,-36.19,-10.0,khong?2
0.0007326007326007326,0.03076923076923077,0.05225885225885226,0.04322344322344322,0.001221001221001221,298.5,-41.56,-4.56,khong?2
0.003663003663003663,0.04249084249084249,0.06349206349206349,0.05445665445665446,0.001221001221001221,296.44,-51.38,8.0,khong?2
0.006593406593406593,0.050793650793650794,0.07106227106227106,0.06227106227106227,0.002686202686202686,297.81,-35.88,-3.31,khong?2
0.008791208791208791,0.05518925518925519,0.07521367521367521,0.06593406593406594,0.003907203907203907,294.56,-34.25,-1.56,khong?2
0.009768009768009768,0.0568986568986569,0.07643467643467644,0.06837606837606838,0.004884004884004884,296.87,-47.0,9.75,khong?2
0.010256410256410256,0.05811965811965812,0.07692307692307693,0.0695970695970696,0.004151404151404151,298.19,-39.75,6.0,khong?2
0.010744810744810745,0.05885225885225885,0.07741147741147741,0.07032967032967033,0.003907203907203907,295.69,-21.31,-3.5,khong?2
0.010012210012210013,0.05860805860805861,0.07716727716727717,0.07081807081807082,0.003663003663003663,294.44,-35.88,4.62,khong?2
0.010500610500610501,0.05811965811965812,0.07521367521367521,0.07008547008547009,0.003418803418803419,297.81,-49.25,19.19,khong?2
0.009768009768009768,0.057631257631257635,0.073992673992674,0.0695970695970696,0.0031746031746031746,295.5,-31.69,2.12,khong?2
0.008791208791208791,0.05714285714285714,0.07277167277167278,0.06935286935286936,0.0031746031746031746,293.37,-26.87,0.5,khong?2
0.00805860805860806,0.055921855921855924,0.07106227106227106,0.06886446886446887,0.0031746031746031746,292.69,-31.75,2.06,khong?2
0.007326007326007326,0.05518925518925519,0.06984126984126984,0.06862026862026863,0.0031746031746031746,293.12,-35.25,3.87,khong?2
0.007081807081807082,0.054212454212454214,0.06886446886446887,0.06788766788766788,0.0029304029304029304,296.37,-39.94,9.25,khong?2
0.006593406593406593,0.05347985347985348,0.06813186813186813,0.06666666666666667,0.0029304029304029304,292.56,-29.12,19.06,khong?2
0.006593406593406593,0.051770451770451774,0.0673992673992674,0.06227106227106227,0.0029304029304029304,293.94,-28.25,19.12,khong?2
0.0029304029304029304,0.04151404151404151,0.059096459096459095,0.05030525030525031,0.0017094017094017094,293.94,-28.06,19.5,khong?2
0.0,0.03223443223443224,0.05128205128205128,0.04053724053724054,0.0002442002442002442,294.06,-28.06,19.94,khong?2
0.002197802197802198,0.02490842490842491,0.04542124542124542,0.0336996336996337,0.0017094017094017094,294.06,-28.56,20.31,khong?2
0.003663003663003663,0.020024420024420026,0.041025641025641026,0.02905982905982906,0.002442002442002442,293.94,-28.62,20.56,khong?2
0.00463980463980464,0.016605616605616606,0.03785103785103785,0.025885225885225887,0.0031746031746031746,293.87,-28.94,20.81,khong?2
0.005128205128205128,0.014163614163614164,0.03565323565323565,0.023687423687423687,0.003663003663003663,293.69,-29.37,20.94,khong?2
0.005372405372405372,0.012698412698412698,0.03418803418803419,0.022466422466422466,0.004151404151404151,292.69,-29.81,21.94,khong?2
0.005372405372405372,0.011721611721611722,0.03321123321123321,0.021733821733821733,0.004395604395604396,292.62,-27.62,10.81,khong?2
0.004151404151404151,0.01611721611721612,0.04126984126984127,0.02905982905982906,0.002197802197802198,291.12,-31.81,6.12,khong?2
0.0009768009768009768,0.03296703296703297,0.05641025641025641,0.04468864468864469,0.0004884004884004884,291.5,-46.38,12.44,khong?2
0.005128205128205128,0.04493284493284493,0.06715506715506715,0.05543345543345543,0.002442002442002442,293.44,-45.44,13.25,khong?2
0.00805860805860806,0.053235653235653234,0.07448107448107448,0.063003663003663,0.003663003663003663,292.94,-29.87,0.88,khong?2
0.010012210012210013,0.05714285714285714,0.07838827838827839,0.06788766788766788,0.00463980463980464,293.62,-44.13,11.75,khong?2
0.009768009768009768,0.05787545787545788,0.07887667887667887,0.07032967032967033,0.004151404151404151,295.5,-42.56,13.63,khong?2
0.009523809523809525,0.05787545787545788,0.07912087912087912,0.07106227106227106,0.003907203907203907,293.62,-27.31,0.13,khong?2
0.009035409035409036,0.057631257631257635,0.07863247863247863,0.07155067155067155,0.003663003663003663,292.94,-37.06,7.69,khong?2
0.007814407814407814,0.05616605616605617,0.07765567765567766,0.07155067155067155,0.003418803418803419,295.44,-39.44,13.25,khong?2
0.006837606837606838,0.0547008547008547,0.07643467643467644,0.07057387057387057,0.0031746031746031746,293.37,-21.94,1.0,khong?2
0.005860805860805861,0.05347985347985348,0.07545787545787545,0.0695970695970696,0.0031746031746031746,291.62,-25.56,3.56,khong?2
0.004395604395604396,0.051526251526251524,0.073992673992674,0.06886446886446887,0.0031746031746031746,291.37,-29.5,5.0,khong?2
0.003663003663003663,0.050061050061050064,0.07228327228327229,0.06764346764346764,0.0031746031746031746,291.5,-31.5,6.06,khong?2
0.0029304029304029304,0.04884004884004884,0.07106227106227106,0.06666666666666667,0.0031746031746031746,288.19,-32.88,16.44,khong?2
0.002442002442002442,0.047619047619047616,0.06984126984126984,0.06544566544566545,0.0029304029304029304,287.81,-30.06,20.69,khong?2
0.0007326007326007326,0.04249084249084249,0.06813186813186813,0.05885225885225885,0.0019536019536019536,289.81,-30.87,20.62,khong?2
0.0019536019536019536,0.032722832722832725,0.05885225885225885,0.04737484737484737,0.0009768009768009768,290.25,-30.75,21.19,khong?2
0.003907203907203907,0.024664224664224663,0.050793650793650794,0.03882783882783883,0.0002442002442002442,290.37,-31.0,21.62,khong?2
0.005372405372405372,0.01904761904761905,0.04493284493284493,0.032722832722832725,0.0,290.37,-31.37,22.06,khong?2
0.006349206349206349,0.01514041514041514,0.04053724053724054,0.02857142857142857,0.0014652014652014652,290.44,-31.31,22.19,khong?2
0.007081807081807082,0.012454212454212455,0.037606837606837605,0.02564102564102564,0.002442002442002442,290.37,-31.62,22.37,khong?2
0.00757020757020757,0.010500610500610501,0.03565323565323565,0.023687423687423687,0.0031746031746031746,290.19,-32.38,23.06,khong?2
0.007814407814407814,0.009523809523809525,0.03418803418803419,0.022222222222222223,0.003663003663003663,289.94,-31.81,18.81,khong?2
0.00757020757020757,0.011233211233211233,0.03736263736263736,0.02490842490842491,0.0029304029304029304,290.87,-28.31,8.75,khong?2
0.002197802197802198,0.02612942612942613,0.05201465201465202,0.04126984126984127,0.0,289.0,-37.75,10.0,khong?2
0.002197802197802198,0.037606837606837605,0.06251526251526252,0.05274725274725275,0.0031746031746031746,289.69,-50.13,21.12,khong?2
0.005372405372405372,0.04590964590964591,0.0695970695970696,0.060805860805860805,0.005616605616605617,292.56,-32.5,6.87,khong?2
0.00757020757020757,0.051526251526251524,0.07301587301587302,0.06495726495726496,0.007081807081807082,291.12,-32.56,6.75,khong?2
0.008302808302808303,0.05372405372405373,0.07374847374847375,0.06764346764346764,0.00805860805860806,293.25,-47.5,20.87,khong?2
0.007814407814407814,0.05445665445665446,0.07423687423687424,0.0673992673992674,0.008791208791208791,294.81,-31.62,9.25,khong?2
0.007326007326007326,0.05445665445665446,0.07448107448107448,0.0673992673992674,0.009523809523809525,292.62,-27.94,7.44,khong?2
0.007081807081807082,0.05445665445665446,0.07423687423687424,0.06715506715506715,0.009768009768009768,293.69,-44.63,21.12,khong?2
0.006837606837606838,0.05445665445665446,0.073992673992674,0.06715506715506715,0.009035409035409036,294.87,-39.38,15.06,khong?2
0.006349206349206349,0.054212454212454214,0.07374847374847375,0.06715506715506715,0.008302808302808303,293.37,-25.81,4.0,khong?2
0.005860805860805861,0.054212454212454214,0.07326007326007326,0.06813186813186813,0.007814407814407814,293.12,-28.37,5.56,khong?2
0.005616605616605617,0.05347985347985348,0.07179487179487179,0.06886446886446887,0.00757020757020757,293.69,-29.44,5.94,khong?2
0.005128205128205128,0.05274725274725275,0.07057387057387057,0.06935286935286936,0.007326007326007326,293.37,-31.25,6.75,khong?2
0.004884004884004884,0.05225885225885226,0.0695970695970696,0.06935286935286936,0.007326007326007326,291.25,-36.38,17.44,khong?2
0.00463980463980464,0.051770451770451774,0.06886446886446887,0.06862026862026863,0.007081807081807082,289.81,-34.75,23.0,khong?2
0.003907203907203907,0.04713064713064713,0.06666666666666667,0.06202686202686203,0.005860805860805861,290.44,-34.81,23.37,khong?2
0.001221001221001221,0.03785103785103785,0.05811965811965812,0.05054945054945055,0.004884004884004884,290.81,-34.94,23.25,khong?2
0.001221001221001221,0.030036630036630037,0.05054945054945055,0.042002442002442006,0.004395604395604396,290.75,-35.38,23.5,khong?2
0.0029304029304029304,0.02442002442002442,0.04493284493284493,0.035897435897435895,0.002686202686202686,291.0,-35.44,23.87,khong?2
0.003907203907203907,0.020757020757020756,0.041025641025641026,0.031746031746031744,0.0017094017094017094,291.06,-36.44,24.0,khong?2
0.00463980463980464,0.017826617826617826,0.03833943833943834,0.028815628815628817,0.0009768009768009768,290.44,-38.88,24.87,khong?2
0.005128205128205128,0.01611721611721612,0.03663003663003663,0.027106227106227107,0.0004884004884004884,289.5,-48.75,28.31,khong?2
0.004884004884004884,0.015873015873015872,0.03736263736263736,0.02735042735042735,0.001221001221001221,296.06,-45.88,18.0,khong?2
0.001221001221001221,0.02271062271062271,0.04957264957264957,0.03907203907203907,0.0029304029304029304,293.94,-27.31,3.12,khong?2
0.0014652014652014652,0.03394383394383394,0.05787545787545788,0.04957264957264957,0.005128205128205128,293.06,-37.06,7.62,khong?2
0.003907203907203907,0.041758241758241756,0.06398046398046398,0.0568986568986569,0.006837606837606838,293.44,-54.0,25.87,khong?2
0.005372405372405372,0.04737484737484737,0.06715506715506715,0.06202686202686203,0.00805860805860806,295.94,-35.19,6.06,khong?2
0.006105006105006105,0.050793650793650794,0.06886446886446887,0.06544566544566545,0.008791208791208791,293.0,-38.44,7.69,khong?2
0.006593406593406593,0.05274725274725275,0.06935286935286936,0.06715506715506715,0.00927960927960928,294.44,-50.88,20.75,khong?2
0.006837606837606838,0.05396825396825397,0.06984126984126984,0.06788766788766788,0.008547008547008548,297.25,-35.25,8.38,khong?2
0.007081807081807082,0.0547008547008547,0.0695970695970696,0.06837606837606838,0.00805860805860806,296.25,-28.19,2.56,khong?2
0.007326007326007326,0.054945054945054944,0.06935286935286936,0.06813186813186813,0.007814407814407814,296.75,-46.0,18.06,khong?2
0.00757020757020757,0.05543345543345543,0.06910866910866911,0.06788766788766788,0.00757020757020757,297.62,-43.94,18.25,khong?2
0.00757020757020757,0.05567765567765568,0.06837606837606838,0.06788766788766788,0.007326007326007326,294.12,-30.62,3.5,khong?2
0.006593406593406593,0.05518925518925519,0.06788766788766788,0.0673992673992674,0.007326007326007326,293.25,-34.31,6.37,khong?2
0.006105006105006105,0.05445665445665446,0.06642246642246642,0.06691086691086691,0.007081807081807082,293.81,-34.44,7.0,khong?2
0.005616605616605617,0.05396825396825397,0.06544566544566545,0.06666666666666667,0.007081807081807082,293.81,-35.19,6.87,khong?2
0.005128205128205128,0.05347985347985348,0.06495726495726496,0.06593406593406594,0.007081807081807082,292.5,-35.44,14.81,khong?2
0.004884004884004884,0.05299145299145299,0.06446886446886448,0.06495726495726496,0.007081807081807082,290.81,-31.44,20.44,khong?2
0.004151404151404151,0.05103785103785104,0.06373626373626373,0.05885225885225885,0.005860805860805861,291.44,-33.31,20.81,khong?2
0.0009768009768009768,0.040293040293040296,0.05543345543345543,0.04737484737484737,0.004884004884004884,291.44,-33.75,21.5,khong?2
0.0014652014652014652,0.0315018315018315,0.04810744810744811,0.03907203907203907,0.004395604395604396,291.31,-33.44,21.31,khong?2
0.003418803418803419,0.02564102564102564,0.04297924297924298,0.03321123321123321,0.002686202686202686,291.12,-33.75,21.44,khong?2
0.00463980463980464,0.021245421245421246,0.039316239316239315,0.02905982905982906,0.0017094017094017094,290.94,-34.25,21.56,khong?2
0.005372405372405372,0.018315018315018316,0.036874236874236875,0.026373626373626374,0.0009768009768009768,291.0,-34.63,21.75,khong?2
0.005860805860805861,0.01611721611721612,0.03492063492063492,0.02442002442002442,0.0004884004884004884,290.81,-35.06,22.0,khong?2
0.006105006105006105,0.014896214896214897,0.0336996336996337,0.0231990231990232,0.0,291.81,-33.75,17.44,khong?2
0.005860805860805861,0.014652014652014652,0.034432234432234435,0.023931623931623933,0.0009768009768009768,294.12,-34.38,8.44,khong?2
0.002442002442002442,0.028327228327228327,0.04908424908424908,0.041025641025641026,0.002686202686202686,293.25,-44.25,12.19,khong?2
0.0002442002442002442,0.03785103785103785,0.059096459096459095,0.05299145299145299,0.003907203907203907,290.56,-58.19,25.37,khong?2
0.0019536019536019536,0.044444444444444446,0.06642246642246642,0.06129426129426129,0.004884004884004884,296.25,-36.94,8.5,khong?2
0.002686202686202686,0.04884004884004884,0.07081807081807082,0.06471306471306472,0.005372405372405372,294.69,-37.31,8.69,khong?2
0.003418803418803419,0.051526251526251524,0.07252747252747253,0.0673992673992674,0.005860805860805861,294.94,-47.69,20.31,khong?2
0.003663003663003663,0.05347985347985348,0.07277167277167278,0.06813186813186813,0.006105006105006105,296.19,-42.63,18.06,khong?2
0.004151404151404151,0.054212454212454214,0.07277167277167278,0.06862026862026863,0.006349206349206349,294.37,-29.19,1.19,khong?2
0.004151404151404151,0.05372405372405373,0.07155067155067155,0.06886446886446887,0.006349206349206349,294.81,-38.94,6.81,khong?2
0.004395604395604396,0.05299145299145299,0.06910866910866911,0.06886446886446887,0.006593406593406593,293.0,-56.69,26.5,khong?2
0.004395604395604396,0.051526251526251524,0.06617826617826618,0.06862026862026863,0.006593406593406593,296.31,-47.63,18.62,khong?2
0.004395604395604396,0.05030525030525031,0.06373626373626373,0.06886446886446887,0.005616605616605617,294.44,-31.75,0.81,khong?2
0.004395604395604396,0.04908424908424908,0.061782661782661785,0.06837606837606838,0.004884004884004884,293.81,-34.38,4.06,khong?2
0.004151404151404151,0.04810744810744811,0.05982905982905983,0.06788766788766788,0.004151404151404151,294.19,-35.25,4.81,khong?2
0.003907203907203907,0.04713064713064713,0.05860805860805861,0.0673992673992674,0.003907203907203907,294.62,-37.19,7.31,khong?2
0.003418803418803419,0.0463980463980464,0.057631257631257635,0.06691086691086691,0.003663003663003663,290.25,-35.38,15.25,khong?2
0.0031746031746031746,0.04590964590964591,0.056654456654456654,0.06446886446886448,0.003418803418803419,291.12,-31.75,19.44,khong?2
0.001221001221001221,0.04004884004884005,0.05445665445665446,0.0568986568986569,0.002197802197802198,292.19,-31.75,20.06,khong?2
0.0019536019536019536,0.03076923076923077,0.04786324786324787,0.04566544566544566,0.001221001221001221,292.5,-31.56,20.25,khong?2
0.004395604395604396,0.023931623931623933,0.04249084249084249,0.03785103785103785,0.0004884004884004884,293.12,-31.25,20.5,khong?2
0.005860805860805861,0.018803418803418803,0.038583638583638585,0.03247863247863248,0.0002442002442002442,293.69,-30.75,19.19,khong?2
0.007081807081807082,0.015384615384615385,0.035897435897435895,0.028815628815628817,0.0002442002442002442,294.06,-30.75,20.5,khong?2
0.007814407814407814,0.013186813186813187,0.03394383394383394,0.026373626373626374,0.0002442002442002442,293.87,-30.12,20.62,khong?2
0.008302808302808303,0.011721611721611722,0.03247863247863248,0.02490842490842491,0.0004884004884004884,293.69,-29.87,20.5,khong?2
0.008547008547008548,0.010744810744810745,0.0315018315018315,0.023931623931623933,0.0004884004884004884,293.75,-29.69,19.87,khong?2
0.008791208791208791,0.010256410256410256,0.031013431013431014,0.0231990231990232,0.0007326007326007326,294.0,-30.94,18.81,khong?2
0.009035409035409036,0.009768009768009768,0.030525030525030524,0.02271062271062271,0.0007326007326007326,293.62,-36.69,20.25,khong?2
0.009035409035409036,0.009523809523809525,0.03028083028083028,0.022466422466422466,0.0007326007326007326,290.94,-55.56,23.25,khong?2
0.008302808302808303,0.010744810744810745,0.03247863247863248,0.02442002442002442,0.0002442002442002442,295.94,-59.44,18.06,khong?2
0.002442002442002442,0.02783882783882784,0.04713064713064713,0.03907203907203907,0.003418803418803419,298.25,-37.06,3.94,khong?2
0.0019536019536019536,0.04004884004884005,0.057387057387057384,0.052503052503052504,0.006837606837606838,298.94,-41.25,3.12,khong?2
0.004884004884004884,0.04835164835164835,0.06446886446886448,0.061782661782661785,0.009035409035409036,299.81,-58.56,27.25,khong?2
0.006593406593406593,0.053235653235653234,0.06788766788766788,0.06813186813186813,0.010744810744810745,304.87,-42.81,7.12,khong?2
0.007814407814407814,0.05616605616605617,0.06984126984126984,0.0713064713064713,0.010744810744810745,301.75,-44.44,4.19,khong?2
0.008547008547008548,0.057387057387057384,0.07081807081807082,0.07326007326007326,0.010744810744810745,299.5,-59.38,24.81,khong?2
0.009035409035409036,0.05811965811965812,0.07106227106227106,0.073992673992674,0.010744810744810745,301.0,-53.31,20.62,khong?2
0.009035409035409036,0.058363858363858365,0.07106227106227106,0.073992673992674,0.010744810744810745,301.12,-33.13,-2.06,khong?2
0.008791208791208791,0.058363858363858365,0.07106227106227106,0.0735042735042735,0.009523809523809525,299.94,-42.88,7.31,khong?2
0.008791208791208791,0.05811965811965812,0.07008547008547009,0.07326007326007326,0.008791208791208791,301.62,-50.0,14.25,khong?2
0.008791208791208791,0.05787545787545788,0.06935286935286936,0.07277167277167278,0.008302808302808303,301.81,-51.56,16.81,khong?2
0.008302808302808303,0.057631257631257635,0.06886446886446887,0.07179487179487179,0.007814407814407814,294.69,-44.69,16.81,khong?2
0.00805860805860806,0.057631257631257635,0.06813186813186813,0.06984126984126984,0.00757020757020757,296.44,-38.38,18.94,khong?2
0.004884004884004884,0.05103785103785104,0.06471306471306472,0.05885225885225885,0.007326007326007326,295.94,-36.81,21.0,khong?2
0.002442002442002442,0.04126984126984127,0.05714285714285714,0.04908424908424908,0.005860805860805861,295.87,-35.75,21.5,khong?2
0.0007326007326007326,0.03467643467643468,0.051526251526251524,0.04224664224664225,0.004884004884004884,295.87,-35.69,21.37,khong?2
0.0004884004884004884,0.030036630036630037,0.047619047619047616,0.03736263736263736,0.004395604395604396,296.75,-35.31,21.5,khong?2
0.0014652014652014652,0.026617826617826617,0.044444444444444446,0.03394383394383394,0.003907203907203907,297.25,-35.56,23.0,khong?2
0.0019536019536019536,0.024664224664224663,0.042002442002442006,0.0315018315018315,0.003663003663003663,297.94,-34.5,23.37,khong?2
0.002442002442002442,0.0231990231990232,0.04004884004884005,0.030036630036630037,0.003418803418803419,297.12,-34.63,23.19,khong?2
0.002442002442002442,0.02197802197802198,0.038583638583638585,0.028815628815628817,0.003418803418803419,296.37,-34.63,22.69,khong?2
0.002442002442002442,0.021245421245421246,0.037606837606837605,0.028327228327228327,0.0031746031746031746,296.81,-34.44,21.37,khong?2
0.002442002442002442,0.02026862026862027,0.036874236874236875,0.02783882783882784,0.0031746031746031746,295.81,-33.81,22.69,khong?2
0.002197802197802198,0.019536019536019536,0.03663003663003663,0.027594627594627594,0.0031746031746031746,294.69,-33.69,23.0,khong?2
0.002197802197802198,0.01904761904761905,0.03638583638583639,0.028083028083028084,0.0029304029304029304,294.19,-33.5,23.06,khong?2
0.002197802197802198,0.01855921855921856,0.03638583638583639,0.028083028083028084,0.0029304029304029304,293.81,-33.88,23.75,khong?2
0.0019536019536019536,0.018315018315018316,0.036141636141636145,0.028327228327228327,0.0029304029304029304,294.12,-34.44,23.0,khong?2
0.0019536019536019536,0.018070818070818073,0.036141636141636145,0.02857142857142857,0.0029304029304029304,293.37,-35.06,23.44,khong?2
0.44004884004884004,0.017826617826617826,0.035897435897435895,0.02857142857142857,0.0029304029304029304,293.0,-35.31,25.75,khong?2
0.7496947496947497,0.017826617826617826,0.035897435897435895,0.028815628815628817,0.0029304029304029304,293.69,-35.88,26.87,khong?2
0.9663003663003663,0.017582417582417582,0.035897435897435895,0.028815628815628817,0.0029304029304029304,293.94,-35.38,25.75,khong?2
1.117948717948718,0.01733821733821734,0.035897435897435895,0.028815628815628817,0.0029304029304029304,294.37,-34.38,23.37,khong?2
1.0376068376068377,0.017094017094017096,0.035897435897435895,0.028815628815628817,0.0029304029304029304,294.25,-32.31,22.06,khong?2
0.7264957264957265,0.017094017094017096,0.035897435897435895,0.028815628815628817,0.0029304029304029304,293.94,-30.81,20.94,khong?2
0.5086691086691086,0.01684981684981685,0.035897435897435895,0.028815628815628817,0.0029304029304029304,293.75,-30.06,20.12,khong?2
0.3562881562881563,0.01684981684981685,0.035897435897435895,0.028815628815628817,0.0029304029304029304,293.5,-29.62,19.56,khong?2
0.24932844932844933,0.01684981684981685,0.035897435897435895,0.02905982905982906,0.0029304029304029304,293.44,-29.56,19.62,khong?2
0.1746031746031746,0.017094017094017096,0.035897435897435895,0.02905982905982906,0.0029304029304029304,293.19,-29.37,19.87,khong?2
0.12234432234432234,0.017094017094017096,0.035897435897435895,0.029304029304029304,0.0029304029304029304,293.31,-29.0,20.94,khong?2
0.08571428571428572,0.017094017094017096,0.035897435897435895,0.029548229548229547,0.0029304029304029304,293.94,-29.94,20.25,khong?2
0.060073260073260075,0.01733821733821734,0.03565323565323565,0.029792429792429794,0.0029304029304029304,294.19,-29.31,20.31,khong?2
0.042002442002442006,0.017582417582417582,0.03565323565323565,0.029792429792429794,0.0029304029304029304,293.75,-29.5,20.25,khong?2
0.029548229548229547,0.017582417582417582,0.035164835164835165,0.030036630036630037,0.0029304029304029304,293.69,-30.69,20.5,khong?2
0.020757020757020756,0.017826617826617826,0.035164835164835165,0.029792429792429794,0.0029304029304029304,293.87,-31.06,20.62,khong?2
0.014407814407814409,0.017826617826617826,0.03492063492063492,0.029304029304029304,0.0029304029304029304,293.75,-31.06,20.44,khong?2
0.010012210012210013,0.017826617826617826,0.03467643467643468,0.028815628815628817,0.0029304029304029304,291.87,-31.06,21.94,khong?2
0.007081807081807082,0.017826617826617826,0.03467643467643468,0.02857142857142857,0.0029304029304029304,290.81,-32.19,21.94,khong?2
0.004884004884004884,0.018070818070818073,0.034432234432234435,0.028083028083028084,0.0017094017094017094,290.06,-32.75,24.44,khong?2
0.003418803418803419,0.018315018315018316,0.034432234432234435,0.027594627594627594,0.002197802197802198,292.25,-31.69,16.44,khong?2
0.002197802197802198,0.01855921855921856,0.03418803418803419,0.02735042735042735,0.001221001221001221,293.81,-31.0,15.31,khong?2
0.0014652014652014652,0.01855921855921856,0.03418803418803419,0.027106227106227107,0.0004884004884004884,293.81,-30.81,20.12,khong?2
0.0007326007326007326,0.01855921855921856,0.03418803418803419,0.026617826617826617,0.0002442002442002442,296.44,-32.63,21.37,khong?2
0.0002442002442002442,0.017826617826617826,0.03296703296703297,0.025396825396825397,0.0002442002442002442,298.62,-37.13,24.44,khong?2
0.0002442002442002442,0.01684981684981685,0.03199023199023199,0.02442002442002442,0.0002442002442002442,299.62,-40.19,26.31,khong?2
0.0007326007326007326,0.01611721611721612,0.0315018315018315,0.023687423687423687,0.0004884004884004884,299.37,-43.63,26.69,khong?2
0.0009768009768009768,0.015384615384615385,0.03125763125763126,0.0231990231990232,0.0004884004884004884,298.06,-43.19,23.94,khong?2
0.0009768009768009768,0.017582417582417582,0.03467643467643468,0.024175824175824177,0.0004884004884004884,295.87,-25.87,2.0,khong?2
0.0002442002442002442,0.036141636141636145,0.04981684981684982,0.0398046398046398,0.003418803418803419,294.31,-33.31,0.75,khong?2
0.0019536019536019536,0.04981684981684982,0.06056166056166056,0.05201465201465202,0.006837606837606838,296.81,-54.75,20.81,khong?2
0.0029304029304029304,0.05958485958485959,0.06813186813186813,0.06056166056166056,0.009035409035409036,299.12,-35.63,2.75,khong?2
0.003907203907203907,0.06642246642246642,0.07228327228327229,0.06666666666666667,0.010744810744810745,295.87,-36.31,2.44,khong?2
0.004395604395604396,0.0695970695970696,0.0735042735042735,0.07057387057387057,0.010744810744810745,295.75,-56.06,24.0,khong?2
0.00463980463980464,0.07106227106227106,0.07423687423687424,0.07228327228327229,0.010744810744810745,300.44,-33.38,6.44,khong?2
0.00463980463980464,0.07203907203907203,0.073992673992674,0.07252747252747253,0.010744810744810745,298.5,-24.81,1.06,khong?2
0.00463980463980464,0.07155067155067155,0.07326007326007326,0.07252747252747253,0.010744810744810745,298.69,-48.38,23.75,khong?2
0.004395604395604396,0.0713064713064713,0.07252747252747253,0.07228327228327229,0.010744810744810745,299.37,-40.44,17.94,khong?2
0.004151404151404151,0.07032967032967033,0.07179487179487179,0.07228327228327229,0.009523809523809525,294.56,-22.0,0.0,khong?2
0.004151404151404151,0.0695970695970696,0.07106227106227106,0.07203907203907203,0.008791208791208791,293.0,-27.44,2.69,khong?2
0.003907203907203907,0.06886446886446887,0.06984126984126984,0.07203907203907203,0.008302808302808303,294.0,-31.87,5.69,khong?2
0.003663003663003663,0.06764346764346764,0.06886446886446887,0.07179487179487179,0.007814407814407814,293.31,-33.19,14.31,khong?2
0.0031746031746031746,0.06666666666666667,0.06764346764346764,0.07008547008547009,0.00757020757020757,294.37,-29.75,22.06,khong?2
0.002442002442002442,0.06324786324786325,0.06691086691086691,0.06324786324786325,0.006105006105006105,296.31,-30.37,22.0,khong?2
0.0,0.05225885225885226,0.058363858363858365,0.05128205128205128,0.005128205128205128,296.69,-30.5,22.37,khong?2
0.0019536019536019536,0.042002442002442006,0.05030525030525031,0.041758241758241756,0.004395604395604396,296.69,-30.62,22.31,khong?2
0.003418803418803419,0.03492063492063492,0.044444444444444446,0.03492063492063492,0.003907203907203907,296.94,-31.37,22.62,khong?2
0.00463980463980464,0.029792429792429794,0.040293040293040296,0.03028083028083028,0.003663003663003663,297.12,-32.81,23.12,khong?2
0.005372405372405372,0.026373626373626374,0.037606837606837605,0.026862026862026864,0.003418803418803419,295.44,-36.88,24.87,khong?2
0.005860805860805861,0.02442002442002442,0.036141636141636145,0.025396825396825397,0.0031746031746031746,296.62,-37.63,19.56,khong?2
0.005860805860805861,0.027106227106227107,0.04053724053724054,0.028083028083028084,0.0031746031746031746,296.87,-25.12,0.19,khong?2
0.002442002442002442,0.04224664224664225,0.05567765567765568,0.0463980463980464,0.005372405372405372,297.12,-32.81,2.12,khong?2
0.0002442002442002442,0.05299145299145299,0.06642246642246642,0.059096459096459095,0.007081807081807082,300.69,-49.5,15.06,khong?2
0.002197802197802198,0.06031746031746032,0.07374847374847375,0.06788766788766788,0.008302808302808303,301.37,-32.56,2.25,khong?2
0.003663003663003663,0.06471306471306472,0.07863247863247863,0.07277167277167278,0.009035409035409036,298.87,-29.37,-1.0,khong?2
0.004395604395604396,0.06666666666666667,0.08058608058608059,0.07545787545787545,0.009523809523809525,301.62,-45.88,11.5,khong?2
0.004884004884004884,0.06715506715506715,0.08156288156288156,0.07667887667887668,0.009768009768009768,303.56,-39.44,7.81,khong?2
0.004884004884004884,0.06715506715506715,0.08180708180708181,0.07643467643467644,0.010012210012210013,300.75,-27.44,-2.06,khong?2
0.004151404151404151,0.06691086691086691,0.08180708180708181,0.07594627594627594,0.010256410256410256,301.44,-42.44,6.94,khong?2
0.003418803418803419,0.06617826617826618,0.08131868131868132,0.07496947496947497,0.010256410256410256,303.75,-46.13,12.94,khong?2
0.002686202686202686,0.06544566544566545,0.08083028083028083,0.07448107448107448,0.010500610500610501,300.81,-24.31,-4.31,khong?2
0.0019536019536019536,0.06471306471306472,0.0800976800976801,0.07374847374847375,0.010500610500610501,299.31,-26.94,-2.37,khong?2
0.0014652014652014652,0.06398046398046398,0.07985347985347985,0.07326007326007326,0.00927960927960928,302.5,-35.13,2.12,khong?2
0.001221001221001221,0.06324786324786325,0.07838827838827839,0.07277167277167278,0.008547008547008548,299.31,-33.69,9.88,khong?2
0.0007326007326007326,0.06202686202686203,0.07692307692307693,0.06910866910866911,0.00805860805860806,297.44,-28.25,16.87,khong?2
0.0,0.05787545787545788,0.07277167277167278,0.06105006105006105,0.00757020757020757,298.0,-28.31,17.19,khong?2
0.002197802197802198,0.04786324786324787,0.063003663003663,0.04957264957264957,0.006105006105006105,297.56,-28.94,17.94,khong?2
0.003907203907203907,0.038583638583638585,0.05445665445665446,0.04053724053724054,0.005128205128205128,297.62,-29.12,18.56,khong?2
0.005372405372405372,0.031746031746031744,0.04835164835164835,0.034432234432234435,0.004395604395604396,297.56,-29.62,19.12,khong?2
0.006349206349206349,0.026862026862026864,0.04395604395604396,0.030036630036630037,0.0029304029304029304,297.62,-30.12,19.12,khong?2
0.006837606837606838,0.023443223443223443,0.04078144078144078,0.026862026862026864,0.0017094017094017094,297.56,-31.25,19.44,khong?2
0.007326007326007326,0.02148962148962149,0.03882783882783883,0.025152625152625153,0.0009768009768009768,297.5,-29.62,17.19,khong?2
0.00757020757020757,0.020757020757020756,0.03833943833943834,0.025152625152625153,0.0014652014652014652,297.62,-20.0,7.44,khong?2
0.003663003663003663,0.02735042735042735,0.05274725274725275,0.03956043956043956,0.0031746031746031746,296.87,-29.5,2.94,khong?2
0.006349206349206349,0.04468864468864469,0.06471306471306472,0.05347985347985348,0.004151404151404151,298.75,-48.38,11.75,khong?2
0.013675213675213675,0.056654456654456654,0.07326007326007326,0.06349206349206349,0.005128205128205128,301.94,-38.38,6.06,khong?2
0.01855921855921856,0.0652014652014652,0.07912087912087912,0.07032967032967033,0.005616605616605617,299.62,-32.19,-1.12,khong?2
0.021733821733821733,0.06984126984126984,0.08205128205128205,0.07423687423687424,0.006105006105006105,299.69,-48.63,9.5,khong?2
0.02271062271062271,0.07179487179487179,0.08205128205128205,0.07594627594627594,0.006349206349206349,300.25,-49.56,15.88,khong?2
0.022954822954822957,0.07277167277167278,0.08156288156288156,0.0761904761904762,0.006593406593406593,299.62,-35.0,0.44,khong?2
0.023443223443223443,0.07326007326007326,0.08107448107448108,0.07643467643467644,0.006593406593406593,299.0,-46.88,7.25,khong?2
0.023443223443223443,0.07277167277167278,0.07985347985347985,0.07643467643467644,0.006837606837606838,297.25,-57.94,18.62,khong?2
0.023443223443223443,0.07252747252747253,0.07887667887667887,0.0757020757020757,0.006837606837606838,301.19,-43.63,10.5,khong?2
0.0231990231990232,0.07228327228327229,0.07814407814407814,0.07472527472527472,0.006837606837606838,299.0,-15.75,1.06,khong?2
0.022222222222222223,0.07203907203907203,0.07765567765567766,0.073992673992674,0.005616605616605617,298.06,-13.69,4.25,khong?2
0.017826617826617826,0.06617826617826618,0.07521367521367521,0.06837606837606838,0.004884004884004884,296.69,-20.19,6.94,khong?2
0.01391941391941392,0.059096459096459095,0.07057387057387057,0.06153846153846154,0.004395604395604396,296.62,-28.75,14.5,khong?2
0.011233211233211233,0.05396825396825397,0.06691086691086691,0.05641025641025641,0.003907203907203907,292.5,-35.19,25.87,khong?2
0.009035409035409036,0.050061050061050064,0.06349206349206349,0.052503052503052504,0.003663003663003663,293.62,-33.63,25.31,khong?2
0.006349206349206349,0.04322344322344322,0.0568986568986569,0.04493284493284493,0.002197802197802198,294.37,-32.31,25.69,khong?2
0.003663003663003663,0.03565323565323565,0.04932844932844933,0.03711843711843712,0.001221001221001221,294.56,-32.94,25.94,khong?2
0.0019536019536019536,0.030036630036630037,0.04395604395604396,0.0315018315018315,0.0007326007326007326,294.75,-33.69,26.12,khong?2
0.0007326007326007326,0.026373626373626374,0.04004884004884005,0.027594627594627594,0.0002442002442002442,295.0,-34.94,26.12,khong?2
0.0,0.023687423687423687,0.03736263736263736,0.025152625152625153,0.0,295.81,-34.31,27.12,khong?2
0.0007326007326007326,0.022222222222222223,0.03565323565323565,0.023443223443223443,0.0007326007326007326,298.94,-24.44,8.06,khong?2
0.0,0.02735042735042735,0.047619047619047616,0.035164835164835165,0.0014652014652014652,296.56,-29.94,7.87,khong?2
0.005128205128205128,0.045177045177045176,0.06129426129426129,0.050793650793650794,0.0029304029304029304,299.75,-44.0,12.69,khong?2
0.010256410256410256,0.057631257631257635,0.07081807081807082,0.06153846153846154,0.004151404151404151,301.12,-42.44,12.69,khong?2
0.014652014652014652,0.06617826617826618,0.07741147741147741,0.06935286935286936,0.004884004884004884,300.56,-35.0,0.5,khong?2
0.021001221001221003,0.07228327228327229,0.08205128205128205,0.07448107448107448,0.005616605616605617,299.06,-39.56,5.81,khong?2
0.028083028083028084,0.0757020757020757,0.08522588522588523,0.07765567765567766,0.005860805860805861,300.5,-41.63,9.69,khong?2
0.03321123321123321,0.07814407814407814,0.08717948717948718,0.07985347985347985,0.006349206349206349,299.56,-28.31,0.56,khong?2
0.036874236874236875,0.0796092796092796,0.08864468864468865,0.08131868131868132,0.006349206349206349,297.62,-37.0,4.5,khong?2
0.038583638583638585,0.07912087912087912,0.08766788766788766,0.08156288156288156,0.006593406593406593,296.62,-56.44,21.62,khong?2
0.03833943833943834,0.07765567765567766,0.08595848595848596,0.08058608058608059,0.006593406593406593,301.44,-41.38,14.5,khong?2
0.035897435897435895,0.0757020757020757,0.08424908424908426,0.07985347985347985,0.006593406593406593,298.69,-26.31,0.5,khong?2
0.03418803418803419,0.07423687423687424,0.08278388278388278,0.07887667887667887,0.005616605616605617,298.44,-30.5,3.94,khong?2
0.03247863247863248,0.07326007326007326,0.08180708180708181,0.07765567765567766,0.004884004884004884,299.25,-33.06,5.94,khong?2
0.031013431013431014,0.07203907203907203,0.08034188034188035,0.07667887667887668,0.004151404151404151,297.31,-34.69,15.0,khong?2
0.02905982905982906,0.07106227106227106,0.07936507936507936,0.07521367521367521,0.003907203907203907,294.25,-33.56,24.0,khong?2
0.025885225885225887,0.06788766788766788,0.07814407814407814,0.06837606837606838,0.003663003663003663,294.87,-34.88,25.44,khong?2
0.020512820512820513,0.05567765567765568,0.06837606837606838,0.05567765567765568,0.003418803418803419,294.81,-35.56,26.12,khong?2
0.016605616605616606,0.04566544566544566,0.05958485958485959,0.04590964590964591,0.003418803418803419,294.62,-36.13,26.44,khong?2
0.013675213675213675,0.03882783882783883,0.05299145299145299,0.039316239316239315,0.002197802197802198,294.69,-37.19,26.5,khong?2
0.011477411477411478,0.0336996336996337,0.0485958485958486,0.034432234432234435,0.001221001221001221,294.62,-38.13,27.56,khong?2
0.010012210012210013,0.03028083028083028,0.04542124542124542,0.03125763125763126,0.0004884004884004884,297.19,-33.5,24.19,khong?2
0.009035409035409036,0.028083028083028084,0.04395604395604396,0.029792429792429794,0.001221001221001221,298.12,-28.31,6.81,khong?2
0.012942612942612943,0.040293040293040296,0.05934065934065934,0.0442002442002442,0.0029304029304029304,296.0,-36.81,10.25,khong?2
0.020024420024420026,0.05445665445665446,0.07057387057387057,0.055921855921855924,0.004151404151404151,297.81,-47.06,15.88,khong?2
0.030036630036630037,0.06422466422466422,0.07814407814407814,0.06422466422466422,0.004884004884004884,299.81,-31.94,5.0,khong?2
0.03711843711843712,0.0713064713064713,0.08376068376068375,0.07008547008547009,0.005616605616605617,297.44,-38.38,7.19,khong?2
0.042002442002442006,0.07521367521367521,0.08571428571428572,0.07374847374847375,0.006105006105006105,299.62,-49.31,20.19,khong?2
0.04468864468864469,0.07716727716727717,0.08644688644688645,0.07545787545787545,0.006105006105006105,302.37,-33.25,9.94,khong?2
0.04542124542124542,0.07741147741147741,0.0862026862026862,0.07594627594627594,0.006349206349206349,298.25,-36.06,8.88,khong?2
0.045177045177045176,0.07716727716727717,0.08522588522588523,0.0761904761904762,0.006349206349206349,296.0,-53.88,21.81,khong?2
0.04395604395604396,0.07594627594627594,0.08376068376068375,0.07545787545787545,0.006593406593406593,299.25,-41.94,16.81,khong?2
0.041758241758241756,0.073992673992674,0.0822954822954823,0.07448107448107448,0.006593406593406593,298.44,-22.69,2.19,khong?2
0.04004884004884005,0.07228327228327229,0.08058608058608059,0.07326007326007326,0.006593406593406593,297.87,-27.19,5.56,khong?2
0.03785103785103785,0.07106227106227106,0.07936507936507936,0.07228327228327229,0.006593406593406593,298.62,-30.06,6.37,khong?2
0.03565323565323565,0.0695970695970696,0.07838827838827839,0.07155067155067155,0.006593406593406593,298.94,-33.69,10.0,khong?2
0.0336996336996337,0.06862026862026863,0.07741147741147741,0.07081807081807082,0.005616605616605617,296.75,-29.56,23.06,khong?2
0.031013431013431014,0.0673992673992674,0.07643467643467644,0.06691086691086691,0.00463980463980464,300.0,-28.87,25.81,khong?2
0.02490842490842491,0.056654456654456654,0.0695970695970696,0.05787545787545788,0.004151404151404151,300.5,-29.69,25.5,khong?2
0.01978021978021978,0.04566544566544566,0.06056166056166056,0.04664224664224664,0.002686202686202686,300.44,-30.62,25.44,khong?2
0.015873015873015872,0.037606837606837605,0.05372405372405373,0.03907203907203907,0.0017094017094017094,300.12,-31.81,24.94,khong?2
0.013186813186813187,0.03223443223443224,0.04884004884004884,0.033455433455433455,0.0019536019536019536,300.19,-33.69,24.44,khong?2
0.011477411477411478,0.028327228327228327,0.04566544566544566,0.030036630036630037,0.002197802197802198,300.94,-38.94,23.31,khong?2
0.010256410256410256,0.027106227106227107,0.04542124542124542,0.030036630036630037,0.002442002442002442,302.12,-33.5,8.69,khong?2
0.01514041514041514,0.03907203907203907,0.06105006105006105,0.04371184371184371,0.003663003663003663,302.06,-33.0,4.62,khong?2
0.027106227106227107,0.055921855921855924,0.073992673992674,0.059096459096459095,0.007081807081807082,302.19,-43.63,9.81,khong?2
0.04151404151404151,0.06788766788766788,0.08302808302808302,0.06984126984126984,0.00927960927960928,303.81,-47.31,16.12,khong?2
0.051526251526251524,0.0761904761904762,0.08913308913308914,0.07741147741147741,0.01098901098901099,302.25,-31.81,7.56,khong?2
0.05860805860805861,0.08156288156288156,0.0927960927960928,0.08058608058608059,0.011965811965811967,300.81,-36.38,8.06,khong?2
0.06153846153846154,0.08205128205128205,0.09181929181929183,0.08156288156288156,0.012698412698412698,304.5,-46.38,18.69,khong?2
0.06275946275946276,0.08180708180708181,0.09084249084249084,0.08156288156288156,0.01221001221001221,302.87,-37.75,11.75,khong?2
0.06349206349206349,0.08156288156288156,0.09010989010989011,0.08180708180708181,0.011721611721611722,299.94,-35.0,4.81,khong?2
0.06373626373626373,0.08107448107448108,0.08913308913308914,0.08156288156288156,0.011477411477411478,303.56,-50.25,20.31,khong?2
0.06349206349206349,0.0800976800976801,0.08791208791208792,0.08131868131868132,0.011233211233211233,301.25,-58.19,30.5,khong?2
0.06275946275946276,0.07912087912087912,0.08669108669108669,0.0796092796092796,0.011233211233211233,302.44,-24.5,3.06,khong?2
0.06105006105006105,0.07838827838827839,0.08595848595848596,0.07814407814407814,0.01098901098901099,299.12,-28.69,7.62,khong?2
0.05958485958485959,0.07741147741147741,0.08400488400488401,0.07741147741147741,0.01098901098901099,299.69,-34.44,11.81,khong?2
0.057631257631257635,0.0761904761904762,0.08278388278388278,0.0761904761904762,0.010744810744810745,299.94,-35.88,11.56,khong?2
0.05616605616605617,0.07521367521367521,0.08131868131868132,0.07496947496947497,0.010744810744810745,297.06,-33.25,25.12,khong?2
0.05347985347985348,0.07448107448107448,0.08034188034188035,0.07277167277167278,0.010744810744810745,299.5,-31.06,26.81,khong?2
0.04590964590964591,0.06568986568986569,0.07521367521367521,0.06373626373626373,0.009523809523809525,300.69,-29.75,28.25,khong?2
0.0380952380952381,0.053235653235653234,0.06568986568986569,0.051526251526251524,0.008791208791208791,300.87,-30.0,28.5,khong?2
0.03247863247863248,0.04371184371184371,0.05787545787545788,0.04249084249084249,0.007081807081807082,301.06,-30.25,28.56,khong?2
0.028327228327228327,0.036874236874236875,0.05201465201465202,0.036141636141636145,0.005860805860805861,300.87,-30.37,28.75,khong?2
0.025396825396825397,0.03223443223443224,0.04810744810744811,0.031746031746031744,0.004884004884004884,300.81,-30.37,29.44,khong?2
0.023443223443223443,0.028815628815628817,0.045177045177045176,0.028815628815628817,0.005616605616605617,301.06,-32.63,26.0,khong?2
0.02197802197802198,0.02735042735042735,0.046153846153846156,0.03028083028083028,0.006105006105006105,300.25,-33.44,14.81,khong?2
0.02612942612942613,0.04322344322344322,0.06105006105006105,0.04835164835164835,0.007326007326007326,298.87,-43.63,16.75,khong?2
0.030525030525030524,0.056654456654456654,0.07155067155067155,0.060805860805860805,0.008547008547008548,296.5,-61.31,26.19,khong?2
0.0336996336996337,0.06593406593406594,0.07887667887667887,0.0695970695970696,0.00927960927960928,301.69,-43.88,20.87,khong?2
0.035897435897435895,0.07252747252747253,0.08131868131868132,0.07277167277167278,0.009523809523809525,300.62,-29.81,6.62,khong?2
0.03711843711843712,0.07667887667887668,0.0822954822954823,0.07423687423687424,0.008791208791208791,301.19,-46.5,20.56,khong?2
0.03663003663003663,0.07765567765567766,0.08107448107448108,0.07472527472527472,0.00805860805860806,302.56,-47.13,27.62,khong?2
0.03638583638583639,0.0778998778998779,0.08034188034188035,0.07423687423687424,0.007814407814407814,302.44,-27.31,6.12,khong?2
0.035897435897435895,0.0778998778998779,0.07912087912087912,0.0735042735042735,0.007326007326007326,299.94,-39.06,13.31,khong?2
0.03467643467643468,0.07692307692307693,0.07741147741147741,0.07301587301587302,0.007081807081807082,299.5,-55.13,32.44,khong?2
0.0336996336996337,0.0761904761904762,0.0761904761904762,0.07179487179487179,0.007081807081807082,302.12,-35.94,16.87,khong?2
0.03321123321123321,0.07545787545787545,0.07521367521367521,0.07081807081807082,0.007081807081807082,299.87,-22.81,5.69,khong?2
0.03296703296703297,0.07448107448107448,0.07423687423687424,0.07008547008547009,0.007081807081807082,299.81,-25.62,7.5,khong?2
0.032722832722832725,0.0735042735042735,0.07301587301587302,0.06935286935286936,0.007081807081807082,299.87,-27.69,8.81,khong?2
0.03247863247863248,0.07277167277167278,0.07228327228327229,0.06910866910866911,0.007081807081807082,299.0,-31.62,16.37,khong?2
0.031746031746031744,0.07179487179487179,0.07155067155067155,0.06813186813186813,0.006837606837606838,294.69,-31.19,26.62,khong?2
0.030036630036630037,0.0695970695970696,0.07081807081807082,0.06446886446886448,0.005616605616605617,297.12,-30.56,27.31,khong?2
0.025396825396825397,0.058363858363858365,0.06349206349206349,0.05372405372405373,0.004884004884004884,298.56,-29.94,28.25,khong?2
0.021733821733821733,0.04713064713064713,0.05543345543345543,0.043467643467643466,0.004395604395604396,299.12,-30.44,28.44,khong?2
0.01904761904761905,0.03907203907203907,0.04908424908424908,0.036141636141636145,0.003907203907203907,299.31,-32.13,28.62,khong?2
0.017094017094017096,0.03321123321123321,0.04468864468864469,0.03125763125763126,0.003663003663003663,299.69,-34.25,28.81,khong?2
0.01562881562881563,0.029304029304029304,0.041758241758241756,0.02783882783882784,0.003418803418803419,300.44,-38.38,32.75,khong?2
0.014652014652014652,0.026862026862026864,0.04004884004884005,0.025885225885225887,0.003418803418803419,303.56,-28.31,16.56,khong?2
0.01562881562881563,0.031013431013431014,0.05054945054945055,0.03247863247863248,0.004395604395604396,300.87,-23.19,8.06,khong?2
0.01855921855921856,0.050061050061050064,0.06275946275946276,0.04786324786324787,0.005128205128205128,301.5,-36.31,13.75,khong?2
0.021245421245421246,0.06349206349206349,0.0713064713064713,0.05885225885225885,0.005616605616605617,305.75,-48.38,25.62,khong?2
0.022954822954822957,0.07301587301587302,0.07716727716727717,0.06642246642246642,0.006105006105006105,305.56,-28.31,8.13,khong?2
0.023931623931623933,0.0778998778998779,0.07936507936507936,0.07008547008547009,0.006349206349206349,302.19,-25.75,4.25,khong?2
0.02442002442002442,0.08058608058608059,0.0796092796092796,0.07252747252747253,0.006349206349206349,305.56,-45.56,23.25,khong?2
0.02490842490842491,0.08156288156288156,0.07936507936507936,0.0735042735042735,0.005372405372405372,306.56,-40.06,20.75,khong?2
0.025152625152625153,0.08180708180708181,0.07887667887667887,0.07326007326007326,0.00463980463980464,303.12,-23.12,2.31,khong?2
0.024175824175824177,0.08156288156288156,0.07814407814407814,0.07326007326007326,0.004151404151404151,302.75,-38.56,13.5,khong?2
0.023687423687423687,0.08058608058608059,0.07667887667887668,0.07277167277167278,0.003907203907203907,304.75,-49.44,29.5,khong?2
0.022954822954822957,0.0796092796092796,0.07545787545787545,0.07252747252747253,0.003418803418803419,304.37,-27.06,8.44,khong?2
0.022466422466422466,0.07887667887667887,0.07472527472527472,0.07203907203907203,0.003418803418803419,301.25,-19.12,3.19,khong?2
0.02197802197802198,0.07814407814407814,0.073992673992674,0.0713064713064713,0.0031746031746031746,300.44,-26.44,8.5,khong?2
0.021733821733821733,0.07716727716727717,0.0735042735042735,0.07057387057387057,0.0031746031746031746,301.94,-29.94,11.94,khong?2
0.021245421245421246,0.07667887667887668,0.07252747252747253,0.07008547008547009,0.0031746031746031746,299.12,-30.06,24.06,khong?2
0.020512820512820513,0.07545787545787545,0.07179487179487179,0.06837606837606838,0.0031746031746031746,299.19,-31.87,29.56,khong?2
0.01733821733821734,0.0673992673992674,0.06910866910866911,0.06129426129426129,0.0031746031746031746,299.94,-30.94,29.75,khong?2
0.01391941391941392,0.05641025641025641,0.06153846153846154,0.050793650793650794,0.0031746031746031746,300.19,-30.81,28.87,khong?2
0.011721611721611722,0.047619047619047616,0.05396825396825397,0.04126984126984127,0.0031746031746031746,299.87,-31.0,29.19,khong?2
0.010012210012210013,0.04053724053724054,0.04810744810744811,0.03467643467643468,0.0029304029304029304,299.81,-31.69,29.56,khong?2
0.008791208791208791,0.035897435897435895,0.0442002442002442,0.030036630036630037,0.0029304029304029304,299.62,-32.56,30.31,khong?2
0.00805860805860806,0.03247863247863248,0.04126984126984127,0.026617826617826617,0.0029304029304029304,300.56,-31.87,31.44,khong?2
0.00757020757020757,0.03028083028083028,0.0398046398046398,0.02490842490842491,0.0029304029304029304,300.25,-23.12,22.37,khong?2
0.008302808302808303,0.029304029304029304,0.043467643467643466,0.02735042735042735,0.0029304029304029304,301.0,-21.69,9.75,khong?2
0.011965811965811967,0.04126984126984127,0.05567765567765568,0.041758241758241756,0.005372405372405372,300.87,-34.63,15.19,khong?2
0.016605616605616606,0.05103785103785104,0.06446886446886448,0.054212454212454214,0.00805860805860806,304.06,-47.19,26.5,khong?2
0.02026862026862027,0.05787545787545788,0.07081807081807082,0.06349206349206349,0.010012210012210013,303.75,-29.0,9.19,khong?2
0.024664224664224663,0.06251526251526252,0.07521367521367521,0.07008547008547009,0.011477411477411478,301.44,-31.5,8.75,khong?2
0.027594627594627594,0.06593406593406594,0.0778998778998779,0.07472527472527472,0.012454212454212455,304.56,-47.94,27.12,khong?2
0.029792429792429794,0.06691086691086691,0.07887667887667887,0.0761904761904762,0.013186813186813187,305.87,-31.12,13.25,khong?2
0.029792429792429794,0.06642246642246642,0.07863247863247863,0.07667887667887668,0.013431013431013432,302.87,-23.19,4.56,khong?2
0.02905982905982906,0.06568986568986569,0.0778998778998779,0.07594627594627594,0.01391941391941392,303.81,-44.06,25.87,khong?2
0.02735042735042735,0.06446886446886448,0.07716727716727717,0.07521367521367521,0.012942612942612943,301.5,-51.44,34.31,khong?2
0.025885225885225887,0.06349206349206349,0.07594627594627594,0.07448107448107448,0.01221001221001221,302.44,-23.44,7.5,khong?2
0.02442002442002442,0.06251526251526252,0.07496947496947497,0.07374847374847375,0.011721611721611722,300.37,-21.0,6.75,khong?2
0.022954822954822957,0.06153846153846154,0.07301587301587302,0.07301587301587302,0.011477411477411478,299.81,-26.94,10.44,khong?2
0.02148962148962149,0.060805860805860805,0.07179487179487179,0.07203907203907203,0.011233211233211233,300.31,-30.69,14.44,khong?2
0.02026862026862027,0.06031746031746032,0.07106227106227106,0.07106227106227106,0.01098901098901099,296.94,-30.19,28.12,khong?2
0.018803418803418803,0.05982905982905983,0.07008547008547009,0.06886446886446887,0.009768009768009768,298.12,-29.44,31.5,khong?2
0.015873015873015872,0.05445665445665446,0.06642246642246642,0.060805860805860805,0.008791208791208791,298.44,-30.87,32.19,khong?2
0.012698412698412698,0.04493284493284493,0.057631257631257635,0.050061050061050064,0.008302808302808303,298.31,-32.0,32.56,khong?2
0.010256410256410256,0.03785103785103785,0.05054945054945055,0.04224664224664225,0.006593406593406593,298.12,-33.19,33.25,khong?2
0.008791208791208791,0.032722832722832725,0.04566544566544566,0.03711843711843712,0.005616605616605617,297.94,-35.19,33.69,khong?2
0.00757020757020757,0.029304029304029304,0.04224664224664225,0.033455433455433455,0.004884004884004884,297.81,-38.38,33.44,khong?2
0.006837606837606838,0.027106227106227107,0.04053724053724054,0.03125763125763126,0.004395604395604396,296.0,-42.75,32.75,khong?2
0.006349206349206349,0.027106227106227107,0.04224664224664225,0.03125763125763126,0.003907203907203907,299.19,-41.88,25.62,khong?2
0.006105006105006105,0.029548229548229547,0.04932844932844933,0.03492063492063492,0.004884004884004884,299.37,-29.25,6.62,khong?2
0.013675213675213675,0.0442002442002442,0.057387057387057384,0.04786324786324787,0.005372405372405372,297.75,-35.56,10.75,khong?2
0.01904761904761905,0.054212454212454214,0.063003663003663,0.0568986568986569,0.005860805860805861,300.81,-51.69,29.69,khong?2
0.02271062271062271,0.06129426129426129,0.06691086691086691,0.06324786324786325,0.006349206349206349,303.69,-32.38,10.44,khong?2
0.022954822954822957,0.06422466422466422,0.06837606837606838,0.06568986568986569,0.006349206349206349,299.94,-28.81,7.44,khong?2
0.02271062271062271,0.06568986568986569,0.06862026862026863,0.0673992673992674,0.006593406593406593,300.12,-46.38,27.12,khong?2
0.022466422466422466,0.06593406593406594,0.06837606837606838,0.06764346764346764,0.006593406593406593,300.94,-42.31,25.75,khong?2
0.021733821733821733,0.06593406593406594,0.06813186813186813,0.0673992673992674,0.006593406593406593,299.0,-25.0,6.31,khong?2
0.021001221001221003,0.06568986568986569,0.06788766788766788,0.06691086691086691,0.006593406593406593,298.94,-40.94,20.75,khong?2
0.020024420024420026,0.0652014652014652,0.06691086691086691,0.06666666666666667,0.006593406593406593,297.87,-51.19,36.38,khong?2
0.019536019536019536,0.06471306471306472,0.06617826617826618,0.06617826617826618,0.006593406593406593,299.94,-29.44,11.06,khong?2
0.01904761904761905,0.06422466422466422,0.06544566544566545,0.06593406593406594,0.006593406593406593,297.19,-18.31,5.75,khong?2
0.018803418803418803,0.06373626373626373,0.06495726495726496,0.06495726495726496,0.006593406593406593,296.81,-27.19,11.31,khong?2
0.01855921855921856,0.06373626373626373,0.06471306471306472,0.06446886446886448,0.006593406593406593,298.75,-34.56,16.62,khong?2
0.018315018315018316,0.06324786324786325,0.06373626373626373,0.06398046398046398,0.005616605616605617,294.0,-36.38,31.19,khong?2
0.018070818070818073,0.06275946275946276,0.06324786324786325,0.06251526251526252,0.004884004884004884,295.25,-36.88,31.56,khong?2
0.014896214896214897,0.05567765567765568,0.05885225885225885,0.05518925518925519,0.004151404151404151,295.5,-36.63,32.13,khong?2
0.011721611721611722,0.04713064713064713,0.051770451770451774,0.04590964590964591,0.003907203907203907,295.19,-37.06,32.19,khong?2
0.009523809523809525,0.04078144078144078,0.0463980463980464,0.039316239316239315,0.003663003663003663,295.25,-37.31,32.56,khong?2
0.007814407814407814,0.036141636141636145,0.042735042735042736,0.03492063492063492,0.003418803418803419,295.75,-37.56,32.75,khong?2
0.006837606837606838,0.03296703296703297,0.04004884004884005,0.031746031746031744,0.003418803418803419,298.94,-31.81,20.69,khong?2
0.006349206349206349,0.03247863247863248,0.04371184371184371,0.0336996336996337,0.0031746031746031746,296.87,-30.75,15.31,khong?2
0.011233211233211233,0.046153846153846156,0.05714285714285714,0.04395604395604396,0.004395604395604396,296.81,-44.0,23.56,khong?2
0.014407814407814409,0.05543345543345543,0.06642246642246642,0.05103785103785104,0.005128205128205128,297.19,-52.25,34.25,khong?2
0.016605616605616606,0.06202686202686203,0.07301587301587302,0.05616605616605617,0.005616605616605617,300.62,-34.31,13.06,khong?2
0.01733821733821734,0.06373626373626373,0.07496947496947497,0.05811965811965812,0.005860805860805861,297.5,-39.75,18.0,khong?2
0.01733821733821734,0.06324786324786325,0.07472527472527472,0.05958485958485959,0.006349206349206349,296.31,-51.75,33.88,khong?2
0.01684981684981685,0.06251526251526252,0.073992673992674,0.05934065934065934,0.006349206349206349,299.69,-36.19,19.75,khong?2
0.01611721611721612,0.061782661782661785,0.07326007326007326,0.05860805860805861,0.005372405372405372,294.81,-38.44,16.62,khong?2
0.015384615384615385,0.06056166056166056,0.07179487179487179,0.05787545787545788,0.005860805860805861,293.81,-53.81,34.13,khong?2
0.014896214896214897,0.05982905982905983,0.07057387057387057,0.057387057387057384,0.004884004884004884,299.37,-39.5,27.25,khong?2
0.014407814407814409,0.05934065934065934,0.0695970695970696,0.05714285714285714,0.004395604395604396,296.62,-22.25,8.31,khong?2
0.014163614163614164,0.05860805860805861,0.06886446886446887,0.05641025641025641,0.003907203907203907,295.37,-25.62,11.44,khong?2
0.013675213675213675,0.057631257631257635,0.0673992673992674,0.055921855921855924,0.003663003663003663,295.75,-28.12,12.88,khong?2
0.013186813186813187,0.0568986568986569,0.06666666666666667,0.05543345543345543,0.003418803418803419,296.81,-32.38,22.25,khong?2
0.012454212454212455,0.05616605616605617,0.06568986568986569,0.0547008547008547,0.0031746031746031746,293.94,-29.31,31.0,khong?2
0.011721611721611722,0.0547008547008547,0.0652014652014652,0.05103785103785104,0.0031746031746031746,295.0,-30.06,30.69,khong?2
0.009035409035409036,0.0463980463980464,0.05811965811965812,0.041758241758241756,0.0029304029304029304,294.81,-30.94,30.44,khong?2
0.006593406593406593,0.03882783882783883,0.05128205128205128,0.03467643467643468,0.0029304029304029304,294.87,-31.0,30.62,khong?2
0.005128205128205128,0.03321123321123321,0.0463980463980464,0.029792429792429794,0.0017094017094017094,295.06,-31.81,30.87,khong?2
0.003907203907203907,0.029548229548229547,0.042735042735042736,0.026373626373626374,0.0009768009768009768,294.81,-32.5,30.5,khong?2
0.003418803418803419,0.026862026862026864,0.040293040293040296,0.024175824175824177,0.0002442002442002442,294.44,-33.81,30.62,khong?2
0.0031746031746031746,0.025152625152625153,0.03907203907203907,0.02271062271062271,0.0009768009768009768,293.37,-36.56,32.06,khong?2
0.0031746031746031746,0.023931623931623933,0.03833943833943834,0.02197802197802198,0.0017094017094017094,297.06,-31.62,22.62,khong?2
0.003418803418803419,0.025396825396825397,0.04322344322344322,0.025152625152625153,0.0019536019536019536,296.87,-27.5,8.31,khong?2
0.008547008547008548,0.04151404151404151,0.05567765567765568,0.04151404151404151,0.003418803418803419,296.44,-40.13,15.88,khong?2
0.01562881562881563,0.05274725274725275,0.06422466422466422,0.053235653235653234,0.004395604395604396,297.62,-51.69,29.81,khong?2
0.020757020757020756,0.06056166056166056,0.07032967032967033,0.06129426129426129,0.005128205128205128,298.94,-30.62,10.56,khong?2
0.024175824175824177,0.0652014652014652,0.07448107448107448,0.06568986568986569,0.005616605616605617,295.5,-33.44,11.75,khong?2
0.02564102564102564,0.06666666666666667,0.07545787545787545,0.06813186813186813,0.005860805860805861,296.87,-49.69,34.06,khong?2
0.025396825396825397,0.06764346764346764,0.0757020757020757,0.06862026862026863,0.006105006105006105,300.31,-38.0,25.69,khong?2
0.02490842490842491,0.0673992673992674,0.07594627594627594,0.06862026862026863,0.006349206349206349,297.31,-27.69,9.06,khong?2
0.024664224664224663,0.06666666666666667,0.07496947496947497,0.06813186813186813,0.006593406593406593,298.31,-44.75,25.31,khong?2
0.023687423687423687,0.06568986568986569,0.0735042735042735,0.0673992673992674,0.006593406593406593,296.12,-53.38,38.06,khong?2
0.02271062271062271,0.06495726495726496,0.07228327228327229,0.06715506715506715,0.006837606837606838,298.06,-31.62,8.56,khong?2
0.021733821733821733,0.06398046398046398,0.07106227106227106,0.06666666666666667,0.005616605616605617,296.5,-25.31,8.69,khong?2
0.02148962148962149,0.06227106227106227,0.06984126984126984,0.06666666666666667,0.004884004884004884,296.31,-27.5,12.31,khong?2
0.021001221001221003,0.06105006105006105,0.06862026862026863,0.06666666666666667,0.004395604395604396,296.69,-30.19,13.44,khong?2
0.020512820512820513,0.060073260073260075,0.06788766788766788,0.06666666666666667,0.003907203907203907,294.37,-31.81,24.37,khong?2
0.01978021978021978,0.059096459096459095,0.06715506715506715,0.06544566544566545,0.003663003663003663,294.25,-28.87,28.69,khong?2
0.017094017094017096,0.0568986568986569,0.06617826617826618,0.060073260073260075,0.003418803418803419,294.62,-29.94,29.5,khong?2
0.012942612942612943,0.0463980463980464,0.05787545787545788,0.04810744810744811,0.003418803418803419,294.56,-29.69,29.75,khong?2
0.009768009768009768,0.03785103785103785,0.05054945054945055,0.03956043956043956,0.0031746031746031746,294.94,-29.19,30.37,khong?2
0.00757020757020757,0.031746031746031744,0.04542124542124542,0.0336996336996337,0.0031746031746031746,294.75,-30.12,30.31,khong?2
0.006105006105006105,0.027594627594627594,0.041758241758241756,0.029548229548229547,0.0031746031746031746,294.69,-31.87,30.25,khong?2
0.005128205128205128,0.02442002442002442,0.039316239316239315,0.026617826617826617,0.0029304029304029304,293.62,-36.19,30.56,khong?2
0.004395604395604396,0.02271062271062271,0.03833943833943834,0.025396825396825397,0.0029304029304029304,291.44,-40.75,30.81,khong?2
0.004151404151404151,0.023931623931623933,0.041025641025641026,0.02612942612942613,0.0029304029304029304,294.19,-36.19,27.06,khong?2
0.00463980463980464,0.02564102564102564,0.044444444444444446,0.027594627594627594,0.0029304029304029304,295.44,-29.5,10.81,khong?2
0.01098901098901099,0.04004884004884005,0.05982905982905983,0.04053724053724054,0.005128205128205128,293.87,-39.63,17.31,khong?2
0.023443223443223443,0.05299145299145299,0.07057387057387057,0.05347985347985348,0.00805860805860806,296.25,-48.06,27.75,khong?2
0.03199023199023199,0.06202686202686203,0.07814407814407814,0.06251526251526252,0.010012210012210013,297.0,-31.19,12.56,khong?2
0.0380952380952381,0.06813186813186813,0.08180708180708181,0.06886446886446887,0.011233211233211233,295.25,-41.06,18.0,khong?2
0.04053724053724054,0.07057387057387057,0.08205128205128205,0.07179487179487179,0.01221001221001221,295.94,-51.5,34.69,khong?2
0.041025641025641026,0.0713064713064713,0.08131868131868132,0.07179487179487179,0.011965811965811967,299.12,-30.75,13.44,khong?2
0.041025641025641026,0.0713064713064713,0.08058608058608059,0.07179487179487179,0.011477411477411478,295.62,-34.56,14.75,khong?2
0.04126984126984127,0.07081807081807082,0.07936507936507936,0.07155067155067155,0.011477411477411478,296.44,-52.88,35.13,khong?2
0.04126984126984127,0.07032967032967033,0.07863247863247863,0.07155067155067155,0.011233211233211233,297.94,-45.69,30.62,khong?2
0.04078144078144078,0.07008547008547009,0.0778998778998779,0.07155067155067155,0.01098901098901099,297.81,-17.62,6.44,khong?2
0.04078144078144078,0.0695970695970696,0.07716727716727717,0.07179487179487179,0.01098901098901099,295.19,-26.31,11.13,khong?2
0.041025641025641026,0.0695970695970696,0.07643467643467644,0.07203907203907203,0.01098901098901099,295.56,-32.0,16.5,khong?2
0.04078144078144078,0.06910866910866911,0.07594627594627594,0.07203907203907203,0.01098901098901099,296.5,-28.37,13.44,khong?2
0.04053724053724054,0.06862026862026863,0.0757020757020757,0.07179487179487179,0.01098901098901099,294.69,-30.06,21.5,khong?2
0.03956043956043956,0.06862026862026863,0.07545787545787545,0.07057387057387057,0.01098901098901099,292.81,-29.94,32.25,khong?2
0.036141636141636145,0.06813186813186813,0.07448107448107448,0.06495726495726496,0.009768009768009768,294.12,-33.06,33.0,khong?2
0.028815628815628817,0.05714285714285714,0.06691086691086691,0.05299145299145299,0.008791208791208791,295.06,-33.56,33.31,khong?2
0.023687423687423687,0.047619047619047616,0.05982905982905983,0.04395604395604396,0.007081807081807082,295.12,-33.88,33.69,khong?2
0.020024420024420026,0.04053724053724054,0.05445665445665446,0.03785103785103785,0.005860805860805861,295.25,-33.88,33.81,khong?2
0.017582417582417582,0.035897435897435895,0.05054945054945055,0.033455433455433455,0.005128205128205128,295.5,-34.69,34.13,khong?2
0.015873015873015872,0.03247863247863248,0.04810744810744811,0.030525030525030524,0.004395604395604396,294.75,-38.13,34.88,khong?2
0.014652014652014652,0.030036630036630037,0.0463980463980464,0.02905982905982906,0.003907203907203907,295.56,-38.81,35.75,khong?2
0.014407814407814409,0.02905982905982906,0.046153846153846156,0.02905982905982906,0.003663003663003663,296.37,-28.12,17.44,khong?2
0.017582417582417582,0.035164835164835165,0.05958485958485959,0.040293040293040296,0.005616605616605617,294.31,-34.44,13.81,khong?2
0.022466422466422466,0.04932844932844933,0.06886446886446887,0.05274725274725275,0.007081807081807082,297.81,-48.94,24.69,khong?2
0.02783882783882784,0.059096459096459095,0.07521367521367521,0.06153846153846154,0.008302808302808303,300.37,-42.75,23.12,khong?2
0.0315018315018315,0.06617826617826618,0.07863247863247863,0.06788766788766788,0.007814407814407814,297.44,-24.44,8.25,khong?2
0.03418803418803419,0.07057387057387057,0.08083028083028083,0.07203907203907203,0.00757020757020757,296.94,-41.75,23.56,khong?2
0.0336996336996337,0.07179487179487179,0.07985347985347985,0.07155067155067155,0.007326007326007326,297.37,-47.25,33.75,khong?2
0.03247863247863248,0.07228327228327229,0.07912087912087912,0.07057387057387057,0.007326007326007326,299.0,-25.44,10.63,khong?2
0.0315018315018315,0.07252747252747253,0.07814407814407814,0.07008547008547009,0.007081807081807082,296.81,-38.94,20.5,khong?2
0.030036630036630037,0.07228327228327229,0.07667887667887668,0.06935286935286936,0.007081807081807082,296.56,-54.75,38.44,khong?2
0.02905982905982906,0.07179487179487179,0.07521367521367521,0.06910866910866911,0.006837606837606838,299.62,-34.31,20.87,khong?2
0.02857142857142857,0.07106227106227106,0.073992673992674,0.06886446886446887,0.006837606837606838,297.44,-20.75,9.0,khong?2
0.029548229548229547,0.07008547008547009,0.07374847374847375,0.06886446886446887,0.006837606837606838,296.56,-25.0,12.63,khong?2
0.030036630036630037,0.06935286935286936,0.07374847374847375,0.06886446886446887,0.006837606837606838,295.62,-27.12,16.06,khong?2
0.030525030525030524,0.06788766788766788,0.07374847374847375,0.06886446886446887,0.005616605616605617,293.06,-30.19,27.69,khong?2
0.029304029304029304,0.06642246642246642,0.07374847374847375,0.06715506715506715,0.004884004884004884,292.0,-31.75,33.69,khong?2
0.02564102564102564,0.06227106227106227,0.07179487179487179,0.06056166056166056,0.004151404151404151,292.81,-32.25,34.63,khong?2
0.02026862026862027,0.051526251526251524,0.06324786324786325,0.04957264957264957,0.003907203907203907,292.25,-31.37,34.25,khong?2
0.01611721611721612,0.04249084249084249,0.054945054945054944,0.04078144078144078,0.003418803418803419,292.56,-31.31,35.13,khong?2
0.013186813186813187,0.036141636141636145,0.04884004884004884,0.034432234432234435,0.0031746031746031746,292.31,-32.63,35.69,khong?2
0.011233211233211233,0.0315018315018315,0.044444444444444446,0.03028083028083028,0.0031746031746031746,292.12,-33.56,35.06,khong?2
0.009768009768009768,0.028327228327228327,0.04151404151404151,0.02735042735042735,0.0029304029304029304,292.25,-33.44,35.56,khong?2
0.008791208791208791,0.02612942612942613,0.039316239316239315,0.025396825396825397,0.0029304029304029304,292.31,-33.88,35.25,khong?2
0.008302808302808303,0.024664224664224663,0.0380952380952381,0.024175824175824177,0.0029304029304029304,296.25,-34.13,32.13,khong?2
0.007814407814407814,0.02490842490842491,0.0398046398046398,0.025396825396825397,0.0029304029304029304,294.37,-25.81,13.19,khong?2
0.018803418803418803,0.04126984126984127,0.05347985347985348,0.04151404151404151,0.004151404151404151,293.19,-33.19,15.81,khong?2
0.026617826617826617,0.05299145299145299,0.06324786324786325,0.05274725274725275,0.004884004884004884,296.5,-47.88,33.88,khong?2
0.03199023199023199,0.06105006105006105,0.07008547008547009,0.060805860805860805,0.005372405372405372,298.19,-29.81,14.94,khong?2
0.035164835164835165,0.06422466422466422,0.07228327228327229,0.06324786324786325,0.005860805860805861,294.75,-28.06,14.5,khong?2
0.036874236874236875,0.06568986568986569,0.07301587301587302,0.06495726495726496,0.006105006105006105,297.25,-42.44,30.06,khong?2
0.037606837606837605,0.06568986568986569,0.07326007326007326,0.06568986568986569,0.006349206349206349,299.44,-35.06,27.12,khong?2
0.0380952380952381,0.06544566544566545,0.0735042735042735,0.06617826617826618,0.006349206349206349,295.94,-24.37,14.0,khong?2
0.03833943833943834,0.06544566544566545,0.0735042735042735,0.06642246642246642,0.006593406593406593,295.69,-38.31,26.37,khong?2
0.039316239316239315,0.06568986568986569,0.0735042735042735,0.06666666666666667,0.006593406593406593,296.06,-45.25,36.31,khong?2
0.041025641025641026,0.06593406593406594,0.07374847374847375,0.06691086691086691,0.006593406593406593,295.31,-26.25,16.25,khong?2
0.04224664224664225,0.06593406593406594,0.07326007326007326,0.06764346764346764,0.006593406593406593,294.44,-24.87,16.69,khong?2
0.04297924297924298,0.06544566544566545,0.07228327228327229,0.06764346764346764,0.006593406593406593,294.81,-26.44,18.56,khong?2
0.04371184371184371,0.06495726495726496,0.07155067155067155,0.0673992673992674,0.006593406593406593,295.25,-29.31,18.81,khong?2
0.0442002442002442,0.06446886446886448,0.07081807081807082,0.0673992673992674,0.006593406593406593,291.56,-28.19,29.37,khong?2
0.041758241758241756,0.06422466422466422,0.07008547008547009,0.06544566544566545,0.005616605616605617,293.25,-29.0,32.5,khong?2
0.03565323565323565,0.05714285714285714,0.0652014652014652,0.053235653235653234,0.00463980463980464,293.81,-31.62,34.88,khong?2
0.028815628815628817,0.04566544566544566,0.0568986568986569,0.04249084249084249,0.004151404151404151,293.81,-31.44,35.5,khong?2
0.023687423687423687,0.03736263736263736,0.050061050061050064,0.03492063492063492,0.002686202686202686,294.06,-31.19,36.0,khong?2
0.020024420024420026,0.0315018315018315,0.04542124542124542,0.029792429792429794,0.0017094017094017094,293.69,-32.25,35.94,khong?2
0.017582417582417582,0.027594627594627594,0.042002442002442006,0.026373626373626374,0.0019536019536019536,294.0,-32.38,35.88,khong?2
0.01562881562881563,0.02490842490842491,0.0398046398046398,0.024175824175824177,0.002197802197802198,293.94,-33.38,36.06,khong?2
0.014652014652014652,0.022954822954822957,0.0380952380952381,0.02271062271062271,0.002442002442002442,293.44,-34.75,35.94,khong?2
0.01391941391941392,0.02197802197802198,0.03736263736263736,0.02197802197802198,0.002442002442002442,296.94,-28.31,22.69,khong?2
0.01562881562881563,0.02490842490842491,0.046153846153846156,0.02857142857142857,0.002686202686202686,295.44,-30.37,17.5,khong?2
0.023931623931623933,0.041758241758241756,0.05885225885225885,0.0463980463980464,0.005128205128205128,297.31,-45.38,29.81,khong?2
0.030036630036630037,0.05372405372405373,0.06788766788766788,0.05885225885225885,0.006837606837606838,298.5,-46.88,33.56,khong?2
0.03418803418803419,0.06202686202686203,0.07423687423687424,0.06764346764346764,0.007814407814407814,296.75,-26.06,12.0,khong?2
0.03663003663003663,0.06568986568986569,0.07692307692307693,0.07301587301587302,0.00757020757020757,295.37,-36.31,21.06,khong?2
0.03540903540903541,0.06617826617826618,0.07667887667887668,0.07594627594627594,0.007326007326007326,296.81,-48.06,37.69,khong?2
0.03394383394383394,0.06617826617826618,0.07667887667887668,0.07643467643467644,0.007326007326007326,298.87,-27.81,18.12,khong?2
0.032722832722832725,0.06642246642246642,0.07643467643467644,0.07643467643467644,0.007081807081807082,296.94,-30.56,19.62,khong?2
0.03076923076923077,0.0652014652014652,0.07472527472527472,0.0761904761904762,0.007081807081807082,299.94,-43.06,35.06,khong?2
0.029548229548229547,0.06446886446886448,0.07374847374847375,0.07521367521367521,0.006837606837606838,300.87,-41.56,32.06,khong?2
0.02857142857142857,0.06373626373626373,0.07301587301587302,0.07448107448107448,0.006837606837606838,299.31,-26.5,14.94,khong?2
0.02783882783882784,0.063003663003663,0.07252747252747253,0.073992673992674,0.006837606837606838,298.5,-24.37,15.63,khong?2
0.027594627594627594,0.06227106227106227,0.07106227106227106,0.0735042735042735,0.006837606837606838,298.37,-27.69,17.75,khong?2
0.027106227106227107,0.06202686202686203,0.07032967032967033,0.07326007326007326,0.006837606837606838,298.75,-33.81,20.0,khong?2
0.026862026862026864,0.06129426129426129,0.0695970695970696,0.07301587301587302,0.005616605616605617,296.37,-32.06,30.31,khong?2
0.02564102564102564,0.06105006105006105,0.06910866910866911,0.07179487179487179,0.004884004884004884,298.5,-32.63,35.06,khong?2
0.02148962148962149,0.05396825396825397,0.0652014652014652,0.06324786324786325,0.004395604395604396,298.56,-33.31,36.25,khong?2
0.017094017094017096,0.04322344322344322,0.0568986568986569,0.051770451770451774,0.003907203907203907,299.25,-30.94,34.5,khong?2
0.014163614163614164,0.03492063492063492,0.050061050061050064,0.04297924297924298,0.003663003663003663,299.69,-29.37,33.81,khong?2
0.011965811965811967,0.02905982905982906,0.045177045177045176,0.036874236874236875,0.002197802197802198,299.19,-30.31,34.0,khong?2
0.010500610500610501,0.02490842490842491,0.041758241758241756,0.03247863247863248,0.001221001221001221,298.25,-31.87,33.81,khong?2
0.009523809523809525,0.022222222222222223,0.039316239316239315,0.029792429792429794,0.0007326007326007326,298.0,-34.06,35.44,khong?2
0.009035409035409036,0.020757020757020756,0.03833943833943834,0.02857142857142857,0.0002442002442002442,298.75,-27.19,24.19,khong?2
0.010012210012210013,0.025152625152625153,0.04884004884004884,0.039316239316239315,0.0009768009768009768,300.06,-28.87,20.19,khong?2
0.018315018315018316,0.04004884004884005,0.05982905982905983,0.054945054945054944,0.002686202686202686,300.81,-46.81,35.19,khong?2
0.02442002442002442,0.050793650793650794,0.06764346764346764,0.06593406593406594,0.003907203907203907,304.37,-44.75,34.88,khong?2
0.02857142857142857,0.05811965811965812,0.07301587301587302,0.0735042735042735,0.00463980463980464,303.5,-30.75,16.31,khong?2
0.03125763125763126,0.06227106227106227,0.0757020757020757,0.07838827838827839,0.005372405372405372,302.37,-46.13,33.69,khong?2
0.032722832722832725,0.06398046398046398,0.07594627594627594,0.08058608058608059,0.005860805860805861,305.12,-50.75,50.0,khong?2
0.032722832722832725,0.06446886446886448,0.0757020757020757,0.08058608058608059,0.006105006105006105,304.37,-33.38,19.56,khong?2
0.03223443223443224,0.06446886446886448,0.07521367521367521,0.08083028083028083,0.006349206349206349,303.31,-42.13,29.31,khong?2
0.03199023199023199,0.06422466422466422,0.07448107448107448,0.08058608058608059,0.006349206349206349,304.37,-55.19,58.38,khong?2
0.031746031746031744,0.06398046398046398,0.07374847374847375,0.0796092796092796,0.006593406593406593,303.94,-40.25,29.56,khong?2
0.0315018315018315,0.06324786324786325,0.07277167277167278,0.07887667887667887,0.005372405372405372,302.81,-20.69,13.0,khong?2
0.030525030525030524,0.063003663003663,0.07203907203907203,0.0778998778998779,0.00463980463980464,301.12,-27.31,19.87,khong?2
0.02905982905982906,0.06251526251526252,0.07106227106227106,0.07692307692307693,0.004151404151404151,300.06,-31.0,21.75,khong?2
0.028083028083028084,0.06227106227106227,0.07008547008547009,0.0761904761904762,0.003907203907203907,299.62,-31.5,26.19,khong?2
0.026617826617826617,0.06153846153846154,0.0695970695970696,0.07472527472527472,0.003418803418803419,297.44,-29.25,32.75,khong?2
0.0231990231990232,0.0568986568986569,0.06910866910866911,0.06813186813186813,0.0031746031746031746,298.87,-28.81,33.25,khong?2
0.018070818070818073,0.04566544566544566,0.06056166056166056,0.05641025641025641,0.0019536019536019536,298.56,-29.0,33.75,khong?2
0.014407814407814409,0.036874236874236875,0.05274725274725275,0.04664224664224664,0.001221001221001221,298.19,-28.69,33.81,khong?2
0.011721611721611722,0.03076923076923077,0.04737484737484737,0.0398046398046398,0.0004884004884004884,298.12,-29.19,33.75,khong?2
0.010012210012210013,0.026373626373626374,0.043467643467643466,0.035164835164835165,0.0002442002442002442,297.25,-30.69,33.69,khong?2
0.008791208791208791,0.023443223443223443,0.04078144078144078,0.03199023199023199,0.0002442002442002442,297.94,-31.19,33.88,khong?2
0.008302808302808303,0.021245421245421246,0.03907203907203907,0.030036630036630037,0.0004884004884004884,297.69,-33.69,34.13,khong?2
0.007814407814407814,0.020024420024420026,0.03833943833943834,0.03028083028083028,0.0004884004884004884,300.75,-36.81,26.56,khong?2
0.009768009768009768,0.025396825396825397,0.04932844932844933,0.0398046398046398,0.0017094017094017094,303.06,-44.56,25.06,khong?2
0.017582417582417582,0.04224664224664225,0.06056166056166056,0.053235653235653234,0.0031746031746031746,302.69,-59.19,45.25,khong?2
0.0231990231990232,0.05396825396825397,0.06862026862026863,0.06275946275946276,0.004395604395604396,306.5,-53.0,38.88,khong?2
0.027106227106227107,0.06227106227106227,0.07423687423687424,0.06935286935286936,0.005128205128205128,306.12,-38.31,14.06,khong?2
0.029548229548229547,0.06568986568986569,0.0761904761904762,0.07374847374847375,0.005616605616605617,305.87,-50.75,36.75,khong?2
0.03028083028083028,0.06642246642246642,0.0757020757020757,0.07594627594627594,0.006105006105006105,308.56,-50.0,44.88,khong?2
0.030525030525030524,0.06691086691086691,0.07521367521367521,0.07643467643467644,0.006349206349206349,307.0,-34.44,15.06,khong?2
0.030525030525030524,0.06691086691086691,0.07472527472527472,0.0761904761904762,0.006593406593406593,305.87,-45.88,24.81,khong?2
0.029792429792429794,0.06715506715506715,0.07423687423687424,0.0761904761904762,0.006593406593406593,305.37,-57.56,56.63,khong?2
0.02857142857142857,0.06715506715506715,0.073992673992674,0.0757020757020757,0.006837606837606838,308.31,-43.06,30.06,khong?2
0.02735042735042735,0.06691086691086691,0.07301587301587302,0.07521367521367521,0.006837606837606838,305.94,-30.31,14.56,khong?2
0.026617826617826617,0.06691086691086691,0.07252747252747253,0.07496947496947497,0.006837606837606838,302.81,-34.69,20.44,khong?2
0.025885225885225887,0.06715506715506715,0.07228327228327229,0.07472527472527472,0.006837606837606838,303.19,-35.5,21.06,khong?2
0.025152625152625153,0.06715506715506715,0.07179487179487179,0.07472527472527472,0.005616605616605617,296.56,-32.5,32.19,khong?2
0.024664224664224663,0.06666666666666667,0.07155067155067155,0.07326007326007326,0.00463980463980464,298.0,-30.56,33.31,khong?2
0.02026862026862027,0.06056166056166056,0.06788766788766788,0.06446886446886448,0.004151404151404151,298.12,-30.44,34.75,khong?2
0.015873015873015872,0.04957264957264957,0.05958485958485959,0.05299145299145299,0.002686202686202686,297.5,-30.69,35.06,khong?2
0.012698412698412698,0.04151404151404151,0.05299145299145299,0.04493284493284493,0.0014652014652014652,297.62,-30.5,35.38,khong?2
0.010500610500610501,0.035897435897435895,0.04835164835164835,0.039316239316239315,0.0007326007326007326,297.19,-31.75,35.44,khong?2
0.009035409035409036,0.03199023199023199,0.045177045177045176,0.035897435897435895,0.0002442002442002442,297.19,-31.94,35.69,khong?2
0.008302808302808303,0.029304029304029304,0.04297924297924298,0.033455433455433455,0.0002442002442002442,297.0,-32.75,35.81,khong?2
0.007814407814407814,0.02735042735042735,0.04151404151404151,0.03199023199023199,0.0004884004884004884,296.81,-33.13,35.69,khong?2
0.00757020757020757,0.02612942612942613,0.040293040293040296,0.031013431013431014,0.0004884004884004884,297.31,-33.94,36.25,khong?2
0.007326007326007326,0.025152625152625153,0.03956043956043956,0.030525030525030524,0.0007326007326007326,297.75,-37.63,37.19,khong?2
0.007081807081807082,0.02490842490842491,0.039316239316239315,0.03028083028083028,0.0007326007326007326,298.81,-36.63,29.62,khong?2
0.008547008547008548,0.02735042735042735,0.04566544566544566,0.03565323565323565,0.0004884004884004884,302.5,-33.5,18.31,khong?2
0.013431013431013432,0.04249084249084249,0.06251526251526252,0.053235653235653234,0.002197802197802198,300.87,-44.94,27.44,khong?2
0.018070818070818073,0.053235653235653234,0.07423687423687424,0.06568986568986569,0.003663003663003663,302.56,-45.69,32.63,khong?2
0.02148962148962149,0.06056166056166056,0.08253968253968254,0.07448107448107448,0.00463980463980464,303.12,-31.5,15.81,khong?2
0.023931623931623933,0.0652014652014652,0.08327228327228327,0.07741147741147741,0.005128205128205128,300.94,-38.5,20.56,khong?2
0.023931623931623933,0.06666666666666667,0.08107448107448108,0.07912087912087912,0.005616605616605617,303.12,-46.06,33.56,khong?2
0.023687423687423687,0.06642246642246642,0.07863247863247863,0.0796092796092796,0.005860805860805861,301.94,-34.19,18.31,khong?2
0.023687423687423687,0.06617826617826618,0.07643467643467644,0.07863247863247863,0.005128205128205128,299.62,-37.0,21.19,khong?2
0.023443223443223443,0.06593406593406594,0.07472527472527472,0.0778998778998779,0.004395604395604396,303.31,-46.31,34.0,khong?2
0.024175824175824177,0.06593406593406594,0.07374847374847375,0.0778998778998779,0.004151404151404151,303.56,-35.44,20.5,khong?2
0.025152625152625153,0.06593406593406594,0.07301587301587302,0.07863247863247863,0.003663003663003663,302.06,-27.12,13.75,khong?2
0.025885225885225887,0.06593406593406594,0.07277167277167278,0.07838827838827839,0.003663003663003663,300.87,-43.25,29.87,khong?2
0.026373626373626374,0.06593406593406594,0.07228327228327229,0.07814407814407814,0.003418803418803419,303.75,-45.38,37.25,khong?2
0.026617826617826617,0.06495726495726496,0.07081807081807082,0.07716727716727717,0.0031746031746031746,300.19,-24.94,14.13,khong?2
0.02612942612942613,0.06422466422466422,0.06935286935286936,0.0761904761904762,0.0031746031746031746,298.56,-25.94,16.56,khong?2
0.025396825396825397,0.06324786324786325,0.06764346764346764,0.07521367521367521,0.0029304029304029304,297.87,-28.19,17.75,khong?2
0.024175824175824177,0.06251526251526252,0.06642246642246642,0.07448107448107448,0.0029304029304029304,297.5,-31.37,19.5,khong?2
0.0231990231990232,0.06202686202686203,0.06544566544566545,0.0735042735042735,0.0029304029304029304,294.56,-31.06,32.81,khong?2
0.021733821733821733,0.06153846153846154,0.06471306471306472,0.07106227106227106,0.0029304029304029304,296.12,-32.06,36.06,khong?2
0.017094017094017096,0.05372405372405373,0.060805860805860805,0.061782661782661785,0.0017094017094017094,296.75,-31.31,37.38,khong?2
0.013186813186813187,0.043467643467643466,0.05396825396825397,0.050793650793650794,0.0009768009768009768,296.37,-31.0,37.44,khong?2
0.010500610500610501,0.036141636141636145,0.04908424908424908,0.04322344322344322,0.0002442002442002442,296.12,-30.94,37.5,khong?2
0.008547008547008548,0.031013431013431014,0.04542124542124542,0.03785103785103785,0.0,296.19,-31.0,37.69,khong?2
0.007326007326007326,0.02735042735042735,0.04297924297924298,0.034432234432234435,0.0002442002442002442,295.5,-31.87,37.63,khong?2
0.006593406593406593,0.02490842490842491,0.04126984126984127,0.03223443223443224,0.0004884004884004884,295.81,-31.5,37.69,khong?2
0.006105006105006105,0.0231990231990232,0.04004884004884005,0.03076923076923077,0.0004884004884004884,295.69,-32.0,37.75,khong?2
0.005616605616605617,0.02197802197802198,0.03907203907203907,0.029792429792429794,0.0007326007326007326,295.31,-33.44,37.56,khong?2
0.005372405372405372,0.02148962148962149,0.038583638583638585,0.029792429792429794,0.0007326007326007326,299.06,-33.63,27.06,khong?2
0.006105006105006105,0.026862026862026864,0.05103785103785104,0.041025641025641026,0.0004884004884004884,298.0,-38.88,23.19,khong?2
0.011721611721611722,0.03956043956043956,0.060073260073260075,0.052503052503052504,0.002197802197802198,300.06,-50.19,37.19,khong?2
0.016361416361416362,0.0485958485958486,0.06642246642246642,0.061782661782661785,0.003663003663003663,301.31,-43.31,30.94,khong?2
0.019536019536019536,0.0547008547008547,0.07081807081807082,0.06837606837606838,0.003418803418803419,300.87,-24.19,12.56,khong?2
0.02197802197802198,0.059096459096459095,0.07326007326007326,0.07277167277167278,0.003418803418803419,299.31,-39.31,26.19,khong?2
0.022954822954822957,0.060805860805860805,0.07301587301587302,0.07472527472527472,0.0031746031746031746,302.87,-44.38,35.13,khong?2
0.0231990231990232,0.06153846153846154,0.07301587301587302,0.07545787545787545,0.0031746031746031746,301.44,-31.19,15.63,khong?2
0.0231990231990232,0.06153846153846154,0.07252747252747253,0.07594627594627594,0.0031746031746031746,299.87,-42.06,26.87,khong?2
0.023443223443223443,0.06153846153846154,0.07155067155067155,0.0757020757020757,0.0031746031746031746,303.62,-49.25,41.38,khong?2
0.023443223443223443,0.06153846153846154,0.07057387057387057,0.07521367521367521,0.0031746031746031746,304.31,-33.94,22.12,khong?2
0.022954822954822957,0.06129426129426129,0.07008547008547009,0.07472527472527472,0.0031746031746031746,303.69,-18.0,10.25,khong?2
0.022466422466422466,0.06105006105006105,0.0695970695970696,0.073992673992674,0.0031746031746031746,301.81,-27.19,16.87,khong?2
0.020512820512820513,0.060073260073260075,0.06935286935286936,0.07301587301587302,0.0031746031746031746,300.12,-33.88,21.25,khong?2
0.019291819291819293,0.059096459096459095,0.06813186813186813,0.07228327228327229,0.0031746031746031746,296.06,-30.62,29.19,khong?2
0.018070818070818073,0.05860805860805861,0.06715506715506715,0.07057387057387057,0.0031746031746031746,297.06,-27.56,31.44,khong?2
0.014163614163614164,0.05054945054945055,0.063003663003663,0.06202686202686203,0.0029304029304029304,296.37,-27.25,32.06,khong?2
0.010500610500610501,0.0398046398046398,0.05518925518925519,0.05054945054945055,0.0017094017094017094,295.94,-27.44,32.19,khong?2
0.00757020757020757,0.03223443223443224,0.04908424908424908,0.042735042735042736,0.0009768009768009768,295.44,-28.37,32.56,khong?2
0.005860805860805861,0.026862026862026864,0.04493284493284493,0.03711843711843712,0.0004884004884004884,294.94,-28.94,33.0,khong?2
0.00463980463980464,0.0231990231990232,0.042002442002442006,0.033455433455433455,0.0,295.19,-29.06,33.13,khong?2
0.003663003663003663,0.020512820512820513,0.0398046398046398,0.031013431013431014,0.0002442002442002442,294.69,-29.62,32.94,khong?2
0.0031746031746031746,0.018803418803418803,0.03833943833943834,0.029548229548229547,0.0004884004884004884,295.0,-28.94,33.13,khong?2
0.002686202686202686,0.017582417582417582,0.03711843711843712,0.028327228327228327,0.0004884004884004884,295.06,-29.25,33.06,khong?2
0.002686202686202686,0.016605616605616606,0.03638583638583639,0.02735042735042735,0.0007326007326007326,294.94,-29.44,33.0,khong?2
0.002442002442002442,0.015873015873015872,0.03565323565323565,0.026862026862026864,0.0007326007326007326,295.12,-33.19,34.31,khong?2
0.002442002442002442,0.015384615384615385,0.035164835164835165,0.026617826617826617,0.0007326007326007326,297.62,-42.38,33.0,khong?2
0.002686202686202686,0.01684981684981685,0.04126984126984127,0.032722832722832725,0.0004884004884004884,300.0,-36.19,17.31,khong?2
0.011477411477411478,0.035164835164835165,0.05274725274725275,0.04590964590964591,0.002442002442002442,300.37,-40.63,17.56,khong?2
0.017582417582417582,0.047619047619047616,0.06105006105006105,0.05543345543345543,0.003663003663003663,302.5,-52.31,37.31,khong?2
0.021733821733821733,0.056654456654456654,0.06666666666666667,0.06202686202686203,0.00463980463980464,302.31,-37.31,19.87,khong?2
0.02442002442002442,0.06153846153846154,0.07008547008547009,0.06666666666666667,0.004151404151404151,300.62,-25.0,11.63,khong?2
0.025152625152625153,0.06495726495726496,0.07228327228327229,0.0695970695970696,0.003907203907203907,299.31,-40.06,24.31,khong?2
0.02564102564102564,0.0673992673992674,0.07374847374847375,0.07179487179487179,0.003663003663003663,302.87,-45.0,32.69,khong?2
0.025152625152625153,0.06862026862026863,0.07423687423687424,0.0735042735042735,0.003418803418803419,299.87,-22.06,10.19,khong?2
0.023931623931623933,0.06862026862026863,0.073992673992674,0.07448107448107448,0.003418803418803419,297.87,-32.44,17.06,khong?2
0.022954822954822957,0.06837606837606838,0.07277167277167278,0.073992673992674,0.0031746031746031746,300.12,-45.69,35.44,khong?2
0.02197802197802198,0.06764346764346764,0.07179487179487179,0.07301587301587302,0.0031746031746031746,298.87,-29.87,18.44,khong?2
0.021245421245421246,0.06691086691086691,0.07081807081807082,0.07203907203907203,0.0031746031746031746,297.87,-18.94,10.56,khong?2
0.020024420024420026,0.06617826617826618,0.06984126984126984,0.07106227106227106,0.0031746031746031746,297.06,-34.0,19.69,khong?2
0.019291819291819293,0.06544566544566545,0.06910866910866911,0.07008547008547009,0.0031746031746031746,301.56,-47.25,37.0,khong?2
0.018803418803418803,0.06495726495726496,0.06862026862026863,0.06935286935286936,0.0031746031746031746,300.25,-34.0,20.81,khong?2
0.017826617826617826,0.06422466422466422,0.06813186813186813,0.06886446886446887,0.0031746031746031746,299.31,-12.56,7.37,khong?2
0.01733821733821734,0.06398046398046398,0.06788766788766788,0.06813186813186813,0.0031746031746031746,297.12,-19.19,13.25,khong?2
0.01562881562881563,0.06324786324786325,0.06666666666666667,0.06764346764346764,0.0031746031746031746,296.25,-20.87,13.94,khong?2
0.014163614163614164,0.06251526251526252,0.06593406593406594,0.06691086691086691,0.0031746031746031746,296.19,-24.69,15.31,khong?2
0.013186813186813187,0.06227106227106227,0.0652014652014652,0.06617826617826618,0.0031746031746031746,295.56,-28.62,27.62,khong?2
0.012454212454212455,0.061782661782661785,0.06446886446886448,0.06471306471306472,0.0031746031746031746,296.44,-29.94,30.44,khong?2
0.010256410256410256,0.054945054945054944,0.061782661782661785,0.05714285714285714,0.0017094017094017094,296.31,-30.81,31.25,khong?2
0.00757020757020757,0.04493284493284493,0.05518925518925519,0.04835164835164835,0.0009768009768009768,296.62,-30.25,31.56,khong?2
0.005860805860805861,0.03785103785103785,0.04981684981684982,0.04126984126984127,0.0002442002442002442,296.19,-30.37,31.87,khong?2
0.00463980463980464,0.032722832722832725,0.046153846153846156,0.03638583638583639,0.0,296.19,-30.5,32.0,khong?2
0.003907203907203907,0.02905982905982906,0.043467643467643466,0.03296703296703297,0.0004884004884004884,296.06,-31.5,32.25,khong?2
0.003418803418803419,0.026617826617826617,0.041758241758241756,0.030525030525030524,0.0004884004884004884,296.37,-33.31,33.0,khong?2
0.0029304029304029304,0.02490842490842491,0.04053724053724054,0.029304029304029304,0.0007326007326007326,298.12,-38.31,30.69,khong?2
0.0031746031746031746,0.024664224664224663,0.041758241758241756,0.030036630036630037,0.0009768009768009768,296.94,-35.19,17.75,khong?2
0.00757020757020757,0.032722832722832725,0.05616605616605617,0.041758241758241756,0.0014652014652014652,298.56,-33.13,13.88,khong?2
0.012942612942612943,0.04224664224664225,0.06617826617826618,0.051770451770451774,0.004151404151404151,298.19,-45.75,27.69,khong?2
0.016605616605616606,0.04908424908424908,0.07326007326007326,0.05860805860805861,0.006105006105006105,298.62,-41.19,28.0,khong?2
0.019291819291819293,0.05396825396825397,0.0757020757020757,0.06349206349206349,0.00757020757020757,298.75,-20.87,11.69,khong?2
0.02026862026862027,0.0568986568986569,0.07643467643467644,0.06642246642246642,0.008547008547008548,297.37,-33.44,20.25,khong?2
0.019536019536019536,0.05885225885225885,0.0757020757020757,0.06837606837606838,0.009035409035409036,299.19,-39.13,26.5,khong?2
0.01855921855921856,0.05934065934065934,0.07496947496947497,0.06886446886446887,0.009523809523809525,298.81,-22.81,12.75,khong?2
0.017826617826617826,0.05958485958485959,0.07423687423687424,0.06837606837606838,0.010012210012210013,297.37,-29.5,16.69,khong?2
0.01684981684981685,0.05958485958485959,0.07277167277167278,0.06788766788766788,0.010012210012210013,299.37,-40.63,28.75,khong?2
0.01611721611721612,0.05982905982905983,0.0713064713064713,0.06691086691086691,0.010256410256410256,298.25,-34.25,22.06,khong?2
0.015384615384615385,0.05934065934065934,0.07032967032967033,0.06617826617826618,0.00927960927960928,297.75,-19.62,12.5,khong?2
0.014652014652014652,0.059096459096459095,0.0695970695970696,0.0652014652014652,0.008547008547008548,296.37,-27.06,14.5,khong?2
0.01391941391941392,0.05860805860805861,0.06862026862026863,0.06422466422466422,0.00805860805860806,298.31,-44.56,31.31,khong?2
0.013675213675213675,0.058363858363858365,0.06788766788766788,0.06349206349206349,0.007814407814407814,300.81,-42.06,29.37,khong?2
0.013186813186813187,0.057631257631257635,0.06691086691086691,0.063003663003663,0.00757020757020757,299.69,-26.94,14.88,khong?2
0.012942612942612943,0.0568986568986569,0.06617826617826618,0.06275946275946276,0.007326007326007326,298.44,-27.0,16.75,khong?2
0.011965811965811967,0.05616605616605617,0.06568986568986569,0.06251526251526252,0.007081807081807082,297.56,-28.37,17.0,khong?2
0.011477411477411478,0.05567765567765568,0.06544566544566545,0.06227106227106227,0.007081807081807082,297.69,-28.87,17.06,khong?2
0.01098901098901099,0.05543345543345543,0.06495726495726496,0.061782661782661785,0.006837606837606838,296.37,-32.44,26.12,khong?2
0.010500610500610501,0.05518925518925519,0.06471306471306472,0.06056166056166056,0.006837606837606838,291.94,-36.38,37.31,khong?2
0.00927960927960928,0.051526251526251524,0.06349206349206349,0.05543345543345543,0.005616605616605617,294.37,-35.06,39.06,khong?2
0.006837606837606838,0.04151404151404151,0.055921855921855924,0.0463980463980464,0.004884004884004884,293.94,-35.19,38.69,khong?2
0.004884004884004884,0.033455433455433455,0.04932844932844933,0.03907203907203907,0.004151404151404151,293.56,-35.56,38.13,khong?2
0.003418803418803419,0.02783882783882784,0.044444444444444446,0.0336996336996337,0.003663003663003663,293.62,-35.69,38.69,khong?2
0.002442002442002442,0.023931623931623933,0.041025641025641026,0.030036630036630037,0.003418803418803419,293.12,-36.63,38.81,khong?2
0.0019536019536019536,0.021245421245421246,0.03882783882783883,0.02783882783882784,0.0031746031746031746,293.44,-36.38,39.13,khong?2
0.0014652014652014652,0.019536019536019536,0.03736263736263736,0.026373626373626374,0.0031746031746031746,293.62,-36.44,38.88,khong?2
0.001221001221001221,0.018315018315018316,0.036141636141636145,0.025396825396825397,0.0031746031746031746,296.12,-32.5,26.0,khong?2
0.003418803418803419,0.01978021978021978,0.04249084249084249,0.0315018315018315,0.0031746031746031746,299.12,-28.31,17.12,khong?2
0.008547008547008548,0.03223443223443224,0.05347985347985348,0.04493284493284493,0.0031746031746031746,298.12,-41.19,24.87,khong?2
0.01221001221001221,0.04078144078144078,0.06129426129426129,0.054212454212454214,0.0031746031746031746,300.0,-40.63,24.19,khong?2
0.014896214896214897,0.046886446886446886,0.06691086691086691,0.060805860805860805,0.0031746031746031746,299.94,-24.75,11.69,khong?2
0.016605616605616606,0.05103785103785104,0.06984126984126984,0.06471306471306472,0.0031746031746031746,297.56,-33.38,17.62,khong?2
0.016361416361416362,0.05201465201465202,0.07008547008547009,0.06715506715506715,0.0029304029304029304,299.06,-39.44,25.5,khong?2
0.015873015873015872,0.05274725274725275,0.07057387057387057,0.06837606837606838,0.0029304029304029304,297.44,-26.5,13.31,khong?2
0.015384615384615385,0.05274725274725275,0.07032967032967033,0.06764346764346764,0.0029304029304029304,297.87,-34.0,19.62,khong?2
0.01514041514041514,0.05274725274725275,0.06984126984126984,0.06715506715506715,0.0029304029304029304,301.69,-45.31,38.94,khong?2
0.014652014652014652,0.05274725274725275,0.06935286935286936,0.06691086691086691,0.0029304029304029304,299.25,-34.69,22.12,khong?2
0.014163614163614164,0.05274725274725275,0.06837606837606838,0.06593406593406594,0.0029304029304029304,298.0,-32.19,18.81,khong?2
0.013431013431013432,0.052503052503052504,0.06715506715506715,0.0652014652014652,0.0029304029304029304,299.5,-42.44,33.31,khong?2
0.012942612942612943,0.05225885225885226,0.06593406593406594,0.06446886446886448,0.0029304029304029304,297.81,-32.56,20.87,khong?2
0.011965811965811967,0.05201465201465202,0.0652014652014652,0.06398046398046398,0.0029304029304029304,295.19,-20.37,12.25,khong?2
0.011233211233211233,0.05128205128205128,0.06422466422466422,0.06373626373626373,0.0029304029304029304,294.25,-21.31,13.81,khong?2
0.010256410256410256,0.050793650793650794,0.06373626373626373,0.06349206349206349,0.0029304029304029304,294.37,-22.62,14.5,khong?2
0.009768009768009768,0.05054945054945055,0.063003663003663,0.06324786324786325,0.0029304029304029304,292.12,-27.94,22.37,khong?2
0.00927960927960928,0.050061050061050064,0.06251526251526252,0.06324786324786325,0.0029304029304029304,291.0,-28.5,31.31,khong?2
0.00805860805860806,0.04810744810744811,0.061782661782661785,0.057631257631257635,0.0017094017094017094,292.12,-32.31,34.5,khong?2
0.005372405372405372,0.038583638583638585,0.054212454212454214,0.04713064713064713,0.0009768009768009768,292.62,-32.56,34.31,khong?2
0.003418803418803419,0.03125763125763126,0.04786324786324787,0.0398046398046398,0.0002442002442002442,292.5,-32.25,34.5,khong?2
0.0019536019536019536,0.025885225885225887,0.043467643467643466,0.03467643467643468,0.0,292.25,-33.0,34.63,khong?2
0.001221001221001221,0.02197802197802198,0.040293040293040296,0.03125763125763126,0.0004884004884004884,292.62,-32.81,35.25,khong?2
0.0007326007326007326,0.019536019536019536,0.0380952380952381,0.029548229548229547,0.0004884004884004884,292.44,-33.25,35.44,khong?2
0.0004884004884004884,0.017582417582417582,0.036874236874236875,0.028327228327228327,0.0007326007326007326,291.75,-34.31,33.81,khong?2
0.001221001221001221,0.016361416361416362,0.035897435897435895,0.028083028083028084,0.0007326007326007326,296.69,-32.5,21.0,khong?2
0.003418803418803419,0.02148962148962149,0.04737484737484737,0.037606837606837605,0.0004884004884004884,295.06,-34.19,20.37,khong?2
0.005372405372405372,0.030525030525030524,0.05567765567765568,0.04957264957264957,0.002442002442002442,294.94,-44.5,29.0,khong?2
0.00805860805860806,0.03736263736263736,0.06153846153846154,0.05811965811965812,0.003663003663003663,296.56,-43.31,29.75,khong?2
0.010256410256410256,0.042002442002442006,0.06544566544566545,0.06398046398046398,0.00463980463980464,294.87,-30.31,16.62,khong?2
0.011965811965811967,0.045177045177045176,0.06813186813186813,0.06788766788766788,0.004151404151404151,294.44,-40.94,26.25,khong?2
0.012942612942612943,0.04590964590964591,0.06837606837606838,0.06886446886446887,0.003907203907203907,296.62,-43.0,33.06,khong?2
0.013431013431013432,0.046153846153846156,0.06862026862026863,0.06764346764346764,0.003663003663003663,295.75,-27.06,17.81,khong?2
0.013675213675213675,0.046153846153846156,0.06886446886446887,0.06593406593406594,0.003418803418803419,294.75,-34.06,21.62,khong?2
0.01391941391941392,0.046153846153846156,0.06886446886446887,0.06471306471306472,0.003418803418803419,296.81,-45.13,37.63,khong?2
0.012942612942612943,0.046153846153846156,0.06813186813186813,0.06471306471306472,0.0031746031746031746,296.94,-27.87,18.56,khong?2
0.01221001221001221,0.04590964590964591,0.06764346764346764,0.06446886446886448,0.0031746031746031746,295.0,-29.5,18.19,khong?2
0.011721611721611722,0.04664224664224664,0.06715506715506715,0.06373626373626373,0.0029304029304029304,296.94,-45.63,40.56,khong?2
0.011477411477411478,0.04713064713064713,0.06617826617826618,0.06275946275946276,0.0029304029304029304,295.87,-36.69,29.12,khong?2
0.011233211233211233,0.04737484737484737,0.0652014652014652,0.06202686202686203,0.0029304029304029304,293.44,-23.44,15.81,khong?2
0.011233211233211233,0.046886446886446886,0.06446886446886448,0.06153846153846154,0.0029304029304029304,292.56,-26.19,17.87,khong?2
0.011233211233211233,0.04664224664224664,0.06373626373626373,0.06105006105006105,0.0029304029304029304,292.56,-27.44,19.0,khong?2
0.01098901098901099,0.0463980463980464,0.06324786324786325,0.06056166056166056,0.0029304029304029304,292.37,-30.75,27.87,khong?2
0.010500610500610501,0.046153846153846156,0.06275946275946276,0.05958485958485959,0.0019536019536019536,293.19,-36.38,37.88,khong?2
0.007326007326007326,0.03956043956043956,0.06031746031746032,0.053235653235653234,0.0009768009768009768,295.19,-36.69,40.06,khong?2
0.004395604395604396,0.0315018315018315,0.053235653235653234,0.04590964590964591,0.0004884004884004884,294.75,-36.5,39.13,khong?2
0.002197802197802198,0.02490842490842491,0.0463980463980464,0.03833943833943834,0.0,294.62,-36.56,39.13,khong?2
0.0007326007326007326,0.02026862026862027,0.041758241758241756,0.03296703296703297,0.0002442002442002442,294.81,-36.63,39.44,khong?2
0.0002442002442002442,0.017094017094017096,0.03833943833943834,0.029304029304029304,0.0004884004884004884,294.62,-37.31,39.31,khong?2
0.0009768009768009768,0.014896214896214897,0.036141636141636145,0.026617826617826617,0.0004884004884004884,294.44,-38.69,40.06,khong?2
0.0014652014652014652,0.013431013431013432,0.03467643467643468,0.02490842490842491,0.0007326007326007326,294.44,-41.31,41.69,khong?2
0.0017094017094017094,0.012698412698412698,0.0336996336996337,0.024175824175824177,0.0007326007326007326,296.87,-41.75,37.63,khong?2
0.0019536019536019536,0.013431013431013432,0.035897435897435895,0.02564102564102564,0.0007326007326007326,298.69,-36.88,18.12,khong?2
0.002686202686202686,0.02735042735042735,0.04884004884004884,0.038583638583638585,0.0002442002442002442,298.0,-42.13,19.69,khong?2
0.005860805860805861,0.036874236874236875,0.05811965811965812,0.047619047619047616,0.0009768009768009768,298.94,-48.94,31.87,khong?2
0.008302808302808303,0.04371184371184371,0.06446886446886448,0.05372405372405373,0.0017094017094017094,297.94,-37.63,18.62,khong?2
0.00927960927960928,0.047619047619047616,0.06788766788766788,0.056654456654456654,0.0019536019536019536,295.0,-41.0,21.62,khong?2
0.009768009768009768,0.04957264957264957,0.06935286935286936,0.05885225885225885,0.002197802197802198,297.06,-51.38,41.69,khong?2
0.009768009768009768,0.05030525030525031,0.06935286935286936,0.05958485958485959,0.002442002442002442,295.37,-37.56,21.5,khong?2
0.009768009768009768,0.050793650793650794,0.06886446886446887,0.05982905982905983,0.002442002442002442,293.81,-33.06,17.69,khong?2
0.009523809523809525,0.05128205128205128,0.06788766788766788,0.060073260073260075,0.002686202686202686,296.19,-46.75,35.94,khong?2
0.00927960927960928,0.051526251526251524,0.0673992673992674,0.060073260073260075,0.002686202686202686,297.56,-45.69,34.38,khong?2
0.009035409035409036,0.051526251526251524,0.06691086691086691,0.05982905982905983,0.002686202686202686,293.37,-40.25,20.62,khong?2
0.008791208791208791,0.05128205128205128,0.06617826617826618,0.05934065934065934,0.0029304029304029304,295.5,-51.13,40.69,khong?2
0.00927960927960928,0.051770451770451774,0.06617826617826618,0.059096459096459095,0.0029304029304029304,296.56,-50.5,46.63,khong?2
0.009523809523809525,0.051526251526251524,0.06568986568986569,0.05885225885225885,0.0029304029304029304,294.12,-26.62,14.13,khong?2
0.008791208791208791,0.051526251526251524,0.06446886446886448,0.05860805860805861,0.0029304029304029304,292.56,-24.25,14.19,khong?2
0.007814407814407814,0.05128205128205128,0.06373626373626373,0.05860805860805861,0.0029304029304029304,291.81,-27.25,15.44,khong?2
0.007081807081807082,0.05128205128205128,0.063003663003663,0.05860805860805861,0.0029304029304029304,291.87,-32.56,20.31,khong?2
0.006593406593406593,0.05103785103785104,0.06251526251526252,0.05860805860805861,0.0017094017094017094,288.87,-31.94,32.0,khong?2
0.006105006105006105,0.050793650793650794,0.06202686202686203,0.056654456654456654,0.0009768009768009768,289.0,-34.63,35.63,khong?2
0.003418803418803419,0.04371184371184371,0.0568986568986569,0.04908424908424908,0.0004884004884004884,289.31,-35.81,37.44,khong?2
0.001221001221001221,0.036141636141636145,0.05030525030525031,0.04126984126984127,0.0,289.5,-35.5,37.94,khong?2
0.0,0.03076923076923077,0.04542124542124542,0.03565323565323565,0.0002442002442002442,289.62,-36.0,38.13,khong?2
0.0009768009768009768,0.027106227106227107,0.041758241758241756,0.031746031746031744,0.0004884004884004884,290.06,-35.88,38.25,khong?2
0.0017094017094017094,0.024175824175824177,0.039316239316239315,0.029304029304029304,0.0007326007326007326,290.12,-36.06,38.25,khong?2
0.002197802197802198,0.022222222222222223,0.03736263736263736,0.02735042735042735,0.0007326007326007326,290.62,-35.75,38.5,khong?2
0.002442002442002442,0.021001221001221003,0.036141636141636145,0.02612942612942613,0.0009768009768009768,289.94,-33.75,30.69,khong?2
0.002442002442002442,0.020757020757020756,0.039316239316239315,0.029792429792429794,0.0009768009768009768,291.44,-35.06,24.56,khong?2
0.0014652014652014652,0.030525030525030524,0.04957264957264957,0.039316239316239315,0.0002442002442002442,291.06,-46.13,33.63,khong?2
0.0004884004884004884,0.03736263736263736,0.056654456654456654,0.04590964590964591,0.0009768009768009768,293.62,-52.69,44.25,khong?2
0.0019536019536019536,0.042002442002442006,0.06153846153846154,0.050793650793650794,0.0017094017094017094,292.87,-36.94,25.62,khong?2
0.0029304029304029304,0.04493284493284493,0.06398046398046398,0.05396825396825397,0.0019536019536019536,292.94,-38.31,26.62,khong?2
0.003907203907203907,0.046886446886446886,0.06446886446886448,0.055921855921855924,0.002197802197802198,295.87,-48.69,44.25,khong?2
0.004884004884004884,0.04835164835164835,0.06471306471306472,0.057387057387057384,0.001221001221001221,296.31,-39.0,30.19,khong?2
0.005372405372405372,0.0485958485958486,0.06471306471306472,0.05860805860805861,0.0007326007326007326,296.06,-31.87,19.69,khong?2
0.007081807081807082,0.04908424908424908,0.06446886446886448,0.05811965811965812,0.001221001221001221,297.56,-46.31,39.88,khong?2
0.00805860805860806,0.04981684981684982,0.06324786324786325,0.05811965811965812,0.0007326007326007326,298.62,-42.63,36.31,khong?2
0.009035409035409036,0.050061050061050064,0.06251526251526252,0.05787545787545788,0.0002442002442002442,296.62,-29.06,16.69,khong?2
0.008791208791208791,0.04981684981684982,0.061782661782661785,0.05787545787545788,0.0009768009768009768,298.56,-43.69,38.0,khong?2
0.009523809523809525,0.050061050061050064,0.06129426129426129,0.057387057387057384,0.0002442002442002442,299.12,-46.31,44.31,khong?2
0.009035409035409036,0.04981684981684982,0.06056166056166056,0.057387057387057384,0.0,296.0,-21.81,13.38,khong?2
0.009035409035409036,0.04908424908424908,0.05934065934065934,0.057387057387057384,0.0004884004884004884,294.94,-22.62,14.75,khong?2
0.008791208791208791,0.04835164835164835,0.05860805860805861,0.05714285714285714,0.0004884004884004884,294.25,-29.25,17.75,khong?2
0.008547008547008548,0.04786324786324787,0.05787545787545788,0.0568986568986569,0.0007326007326007326,292.62,-39.81,20.94,khong?2
0.007814407814407814,0.047619047619047616,0.057387057387057384,0.056654456654456654,0.0007326007326007326,283.19,-40.69,30.87,khong?2
0.00757020757020757,0.04713064713064713,0.05714285714285714,0.0547008547008547,0.0009768009768009768,283.5,-39.81,31.87,khong?2
0.004395604395604396,0.03907203907203907,0.05225885225885226,0.046886446886446886,0.0009768009768009768,283.94,-39.63,32.25,khong?2
0.0017094017094017094,0.030525030525030524,0.045177045177045176,0.037606837606837605,0.0009768009768009768,283.69,-39.75,32.44,khong?2
0.0002442002442002442,0.024664224664224663,0.0398046398046398,0.03125763125763126,0.0009768009768009768,283.81,-40.06,32.44,khong?2
0.0014652014652014652,0.02026862026862027,0.036141636141636145,0.026862026862026864,0.0009768009768009768,284.0,-40.19,32.81,khong?2
0.002442002442002442,0.01733821733821734,0.033455433455433455,0.023687423687423687,0.0009768009768009768,284.19,-39.56,33.44,khong?2
0.0031746031746031746,0.015384615384615385,0.0315018315018315,0.021733821733821733,0.002197802197802198,284.44,-39.44,33.38,khong?2
0.003418803418803419,0.01391941391941392,0.03028083028083028,0.020757020757020756,0.0019536019536019536,284.87,-39.94,33.44,khong?2
0.003907203907203907,0.012942612942612943,0.029548229548229547,0.020024420024420026,0.0017094017094017094,291.94,-31.0,23.37,khong?2
0.002442002442002442,0.014407814407814409,0.035897435897435895,0.023687423687423687,0.0002442002442002442,293.56,-26.56,17.31,khong?2
0.009523809523809525,0.03394383394383394,0.05372405372405373,0.04053724053724054,0.0017094017094017094,294.0,-42.13,18.62,khong?2
0.018070818070818073,0.04737484737484737,0.06617826617826618,0.052503052503052504,0.0031746031746031746,297.19,-51.94,30.87,khong?2
0.023931623931623933,0.0568986568986569,0.07496947496947497,0.06056166056166056,0.004395604395604396,300.5,-37.94,15.38,khong?2
0.028327228327228327,0.06031746031746032,0.07838827838827839,0.06617826617826618,0.003907203907203907,301.12,-34.38,11.5,khong?2
0.03125763125763126,0.06227106227106227,0.0800976800976801,0.07008547008547009,0.003663003663003663,299.5,-41.13,18.75,khong?2
0.03247863247863248,0.06349206349206349,0.08058608058608059,0.07277167277167278,0.003418803418803419,299.19,-37.06,15.88,khong?2
0.033455433455433455,0.06398046398046398,0.08107448107448108,0.07472527472527472,0.003418803418803419,297.94,-22.87,6.81,khong?2
0.03418803418803419,0.06349206349206349,0.08083028083028083,0.0761904761904762,0.0031746031746031746,293.31,-45.75,17.69,khong?2
0.03223443223443224,0.06202686202686203,0.07887667887667887,0.07692307692307693,0.0031746031746031746,299.87,-50.0,30.25,khong?2
0.02905982905982906,0.06031746031746032,0.07741147741147741,0.0761904761904762,0.0031746031746031746,299.12,-29.87,10.38,khong?2
0.026617826617826617,0.05885225885225885,0.07643467643467644,0.07448107448107448,0.0029304029304029304,297.94,-38.31,16.44,khong?2
0.02490842490842491,0.057631257631257635,0.07521367521367521,0.07301587301587302,0.0029304029304029304,301.56,-50.31,34.69,khong?2
0.022954822954822957,0.056654456654456654,0.073992673992674,0.07228327228327229,0.0029304029304029304,299.5,-36.0,17.31,khong?2
0.021245421245421246,0.055921855921855924,0.07301587301587302,0.07179487179487179,0.0029304029304029304,297.62,-26.87,12.5,khong?2
0.01978021978021978,0.05518925518925519,0.07228327228327229,0.0713064713064713,0.0029304029304029304,296.62,-29.87,14.31,khong?2
0.01855921855921856,0.05445665445665446,0.07179487179487179,0.07057387057387057,0.0029304029304029304,295.75,-31.81,14.88,khong?2
0.01733821733821734,0.05396825396825397,0.0713064713064713,0.07008547008547009,0.0017094017094017094,296.37,-36.5,23.62,khong?2
0.016605616605616606,0.053235653235653234,0.07081807081807082,0.06886446886446887,0.0009768009768009768,290.25,-34.81,35.63,khong?2
0.01514041514041514,0.05225885225885226,0.07032967032967033,0.06471306471306472,0.0004884004884004884,290.37,-34.25,37.25,khong?2
0.011721611721611722,0.04322344322344322,0.06349206349206349,0.0547008547008547,0.0,290.06,-33.94,37.81,khong?2
0.009523809523809525,0.03492063492063492,0.056654456654456654,0.04566544566544566,0.0002442002442002442,289.87,-33.56,38.19,khong?2
0.007814407814407814,0.02905982905982906,0.051770451770451774,0.03907203907203907,0.0004884004884004884,289.81,-33.63,38.44,khong?2
0.006349206349206349,0.02490842490842491,0.04810744810744811,0.03467643467643468,0.0004884004884004884,289.87,-34.19,38.56,khong?2
0.005616605616605617,0.022222222222222223,0.04566544566544566,0.0315018315018315,0.0007326007326007326,290.19,-35.44,38.13,khong?2
0.005128205128205128,0.020512820512820513,0.044444444444444446,0.030036630036630037,0.0007326007326007326,290.31,-34.13,33.0,khong?2
0.007326007326007326,0.021245421245421246,0.0485958485958486,0.03492063492063492,0.0007326007326007326,290.31,-27.62,21.87,khong?2
0.013186813186813187,0.04004884004884005,0.0652014652014652,0.05543345543345543,0.0014652014652014652,289.44,-37.5,21.37,khong?2
0.02612942612942613,0.05543345543345543,0.07667887667887668,0.06984126984126984,0.0031746031746031746,291.0,-42.38,24.06,khong?2
0.03540903540903541,0.06617826617826618,0.08498168498168499,0.0800976800976801,0.004395604395604396,293.06,-25.62,15.06,khong?2
0.041758241758241756,0.07374847374847375,0.08888888888888889,0.08522588522588523,0.005128205128205128,292.12,-32.25,17.75,khong?2
0.044444444444444446,0.07741147741147741,0.08962148962148962,0.08815628815628816,0.005616605616605617,293.75,-47.38,33.25,khong?2
0.04493284493284493,0.07863247863247863,0.08888888888888889,0.08766788766788766,0.005860805860805861,293.5,-33.19,20.44,khong?2
0.04493284493284493,0.07887667887667887,0.0884004884004884,0.08669108669108669,0.006105006105006105,293.06,-34.38,19.0,khong?2
0.04395604395604396,0.07838827838827839,0.08693528693528693,0.08571428571428572,0.005128205128205128,295.56,-51.44,39.13,khong?2
0.042735042735042736,0.07741147741147741,0.08522588522588523,0.08424908424908426,0.00463980463980464,296.56,-44.19,32.44,khong?2
0.04126984126984127,0.0761904761904762,0.08376068376068375,0.08253968253968254,0.004151404151404151,294.62,-26.5,14.94,khong?2
0.04004884004884005,0.07521367521367521,0.08278388278388278,0.08131868131868132,0.003907203907203907,295.12,-41.31,27.87,khong?2
0.03882783882783883,0.07448107448107448,0.08180708180708181,0.07985347985347985,0.003663003663003663,295.31,-49.69,44.25,khong?2
0.03785103785103785,0.07374847374847375,0.08083028083028083,0.07936507936507936,0.003418803418803419,294.12,-27.69,16.87,khong?2
0.036874236874236875,0.07326007326007326,0.07985347985347985,0.07887667887667887,0.003418803418803419,293.12,-23.25,15.38,khong?2
0.035897435897435895,0.07301587301587302,0.07887667887667887,0.07765567765567766,0.0031746031746031746,291.87,-29.69,19.06,khong?2
0.03492063492063492,0.07252747252747253,0.07814407814407814,0.07692307692307693,0.0031746031746031746,292.31,-36.19,29.31,khong?2
0.034432234432234435,0.07203907203907203,0.07741147741147741,0.07594627594627594,0.0029304029304029304,288.62,-38.56,40.31,khong?2
0.03223443223443224,0.06935286935286936,0.07643467643467644,0.07301587301587302,0.0029304029304029304,288.87,-41.44,42.56,khong?2
0.026862026862026864,0.05860805860805861,0.07081807081807082,0.06446886446886448,0.0017094017094017094,289.25,-41.31,42.75,khong?2
0.022222222222222223,0.047619047619047616,0.06324786324786325,0.05396825396825397,0.0009768009768009768,289.5,-41.13,43.0,khong?2
0.018803418803418803,0.03956043956043956,0.057387057387057384,0.046153846153846156,0.0004884004884004884,289.44,-41.13,42.88,khong?2
0.016361416361416362,0.03418803418803419,0.05347985347985348,0.04078144078144078,0.0,289.56,-41.0,43.31,khong?2
0.014652014652014652,0.03028083028083028,0.05054945054945055,0.03711843711843712,0.0002442002442002442,289.5,-41.69,43.56,khong?2
0.013431013431013432,0.027594627594627594,0.04884004884004884,0.03467643467643468,0.0004884004884004884,289.87,-41.69,44.13,khong?2
0.012942612942612943,0.02564102564102564,0.047619047619047616,0.03296703296703297,0.0004884004884004884,289.0,-38.63,41.31,khong?2
0.012698412698412698,0.024664224664224663,0.04786324786324787,0.032722832722832725,0.0004884004884004884,288.62,-32.56,30.56,khong?2
0.014407814407814409,0.028083028083028084,0.05518925518925519,0.03882783882783883,0.001221001221001221,290.19,-40.06,25.69,khong?2
0.02026862026862027,0.0398046398046398,0.06837606837606838,0.0547008547008547,0.0029304029304029304,291.12,-48.25,30.19,khong?2
0.03028083028083028,0.05201465201465202,0.07765567765567766,0.06715506715506715,0.004151404151404151,293.19,-35.5,18.31,khong?2
0.03736263736263736,0.06056166056166056,0.08424908424908426,0.07594627594627594,0.004884004884004884,292.62,-38.5,19.44,khong?2
0.04224664224664225,0.06666666666666667,0.08742368742368742,0.0822954822954823,0.005616605616605617,295.75,-49.81,36.94,khong?2
0.045177045177045176,0.06935286935286936,0.0884004884004884,0.0844932844932845,0.005860805860805861,295.44,-38.19,23.62,khong?2
0.0442002442002442,0.0695970695970696,0.08791208791208792,0.08400488400488401,0.005128205128205128,294.12,-37.38,21.19,khong?2
0.04322344322344322,0.06984126984126984,0.08742368742368742,0.08327228327228327,0.004395604395604396,296.75,-48.25,36.44,khong?2
0.042735042735042736,0.0695970695970696,0.08644688644688645,0.08278388278388278,0.004151404151404151,295.5,-38.31,23.75,khong?2
0.042002442002442006,0.06935286935286936,0.08571428571428572,0.08253968253968254,0.003663003663003663,294.5,-35.75,20.12,khong?2
0.04126984126984127,0.06910866910866911,0.08498168498168499,0.08180708180708181,0.003418803418803419,297.25,-50.88,41.81,khong?2
0.0398046398046398,0.06862026862026863,0.0844932844932845,0.08058608058608059,0.003418803418803419,297.44,-47.38,37.56,khong?2
0.03907203907203907,0.06813186813186813,0.08400488400488401,0.07985347985347985,0.0031746031746031746,293.37,-31.62,15.25,khong?2
0.03833943833943834,0.06788766788766788,0.08376068376068375,0.07912087912087912,0.0031746031746031746,293.06,-32.81,16.5,khong?2
0.04004884004884005,0.06813186813186813,0.08351648351648351,0.07887667887667887,0.0031746031746031746,293.0,-34.44,17.87,khong?2
0.04126984126984127,0.06813186813186813,0.08351648351648351,0.07863247863247863,0.0031746031746031746,294.12,-39.19,27.75,khong?2
0.042002442002442006,0.06837606837606838,0.08351648351648351,0.07863247863247863,0.0031746031746031746,289.0,-38.69,39.06,khong?2
0.03882783882783883,0.06666666666666667,0.08278388278388278,0.07448107448107448,0.0031746031746031746,289.87,-38.13,40.63,khong?2
0.03199023199023199,0.05567765567765568,0.07545787545787545,0.0652014652014652,0.0031746031746031746,289.94,-37.25,40.94,khong?2
0.026617826617826617,0.045177045177045176,0.06715506715506715,0.054212454212454214,0.0031746031746031746,289.5,-36.75,41.19,khong?2
0.02271062271062271,0.03736263736263736,0.060805860805860805,0.0463980463980464,0.0029304029304029304,289.37,-36.63,40.81,khong?2
0.01978021978021978,0.03199023199023199,0.05641025641025641,0.04078144078144078,0.0029304029304029304,289.12,-37.13,41.0,khong?2
0.017826617826617826,0.028083028083028084,0.053235653235653234,0.036874236874236875,0.0029304029304029304,289.25,-37.31,41.06,khong?2
0.016361416361416362,0.025396825396825397,0.050793650793650794,0.03418803418803419,0.0029304029304029304,289.12,-37.75,41.38,khong?2
0.015384615384615385,0.023443223443223443,0.04908424908424908,0.03247863247863248,0.0029304029304029304,289.25,-37.88,41.56,khong?2
0.014652014652014652,0.022222222222222223,0.04786324786324787,0.03125763125763126,0.0029304029304029304,291.81,-40.56,36.0,khong?2
0.014407814407814409,0.02197802197802198,0.04957264957264957,0.033455433455433455,0.0029304029304029304,294.06,-43.81,29.69,khong?2
0.02490842490842491,0.04493284493284493,0.06666666666666667,0.057387057387057384,0.005128205128205128,293.12,-49.25,33.25,khong?2
0.03492063492063492,0.06129426129426129,0.07887667887667887,0.073992673992674,0.006837606837606838,294.5,-46.25,31.06,khong?2
0.041758241758241756,0.07252747252747253,0.08742368742368742,0.08571428571428572,0.00805860805860806,294.0,-33.5,17.37,khong?2
0.04664224664224664,0.07765567765567766,0.09133089133089133,0.09181929181929183,0.008791208791208791,292.87,-44.25,29.06,khong?2
0.04810744810744811,0.07887667887667887,0.09157509157509157,0.09377289377289377,0.00805860805860806,295.12,-44.31,34.38,khong?2
0.04590964590964591,0.0778998778998779,0.09010989010989011,0.09255189255189256,0.007814407814407814,294.25,-27.87,14.94,khong?2
0.0442002442002442,0.07667887667887668,0.08864468864468865,0.09181929181929183,0.007326007326007326,293.56,-40.13,27.06,khong?2
0.041758241758241756,0.07472527472527472,0.08644688644688645,0.09084249084249084,0.006105006105006105,294.75,-45.31,37.63,khong?2
0.039316239316239315,0.07326007326007326,0.08473748473748474,0.08888888888888889,0.005128205128205128,293.75,-28.56,14.88,khong?2
0.03736263736263736,0.07203907203907203,0.08327228327228327,0.08742368742368742,0.00463980463980464,293.75,-41.19,29.12,khong?2
0.036141636141636145,0.0713064713064713,0.08253968253968254,0.08644688644688645,0.004151404151404151,295.5,-44.81,37.13,khong?2
0.03540903540903541,0.07081807081807082,0.08107448107448108,0.08595848595848596,0.003663003663003663,292.37,-27.31,18.19,khong?2
0.03565323565323565,0.07057387057387057,0.08034188034188035,0.08669108669108669,0.003418803418803419,291.56,-26.5,17.5,khong?2
0.035897435897435895,0.07032967032967033,0.0796092796092796,0.08742368742368742,0.003418803418803419,289.94,-32.06,20.31,khong?2
0.035897435897435895,0.07032967032967033,0.07936507936507936,0.08791208791208792,0.0031746031746031746,292.19,-39.63,31.25,khong?2
0.03565323565323565,0.06935286935286936,0.07863247863247863,0.0862026862026862,0.0031746031746031746,287.69,-39.69,40.88,khong?2
0.03247863247863248,0.06642246642246642,0.07716727716727717,0.08131868131868132,0.0031746031746031746,289.44,-38.31,40.88,khong?2
0.026617826617826617,0.055921855921855924,0.07081807081807082,0.07106227106227106,0.0031746031746031746,289.37,-38.13,40.75,khong?2
0.021733821733821733,0.04566544566544566,0.06373626373626373,0.05958485958485959,0.0031746031746031746,289.19,-37.63,40.44,khong?2
0.018315018315018316,0.03833943833943834,0.058363858363858365,0.051770451770451774,0.0031746031746031746,289.12,-37.81,40.19,khong?2
0.015873015873015872,0.03321123321123321,0.05445665445665446,0.046153846153846156,0.0031746031746031746,289.62,-37.88,39.69,khong?2
0.014163614163614164,0.029548229548229547,0.051770451770451774,0.04249084249084249,0.0031746031746031746,289.94,-38.94,39.94,khong?2
0.012942612942612943,0.027106227106227107,0.050061050061050064,0.04004884004884005,0.0029304029304029304,290.06,-39.63,40.56,khong?2
0.012454212454212455,0.025396825396825397,0.0485958485958486,0.03833943833943834,0.0029304029304029304,290.06,-39.31,38.25,khong?2
0.012454212454212455,0.02490842490842491,0.04932844932844933,0.03833943833943834,0.0029304029304029304,290.69,-37.56,30.12,khong?2
0.017826617826617826,0.035164835164835165,0.06324786324786325,0.05225885225885226,0.005372405372405372,291.31,-45.31,29.81,khong?2
0.02442002442002442,0.046886446886446886,0.07277167277167278,0.06422466422466422,0.00805860805860806,292.25,-43.94,31.12,khong?2
0.03028083028083028,0.05518925518925519,0.07936507936507936,0.07423687423687424,0.010012210012210013,292.62,-30.12,15.69,khong?2
0.035164835164835165,0.060805860805860805,0.08351648351648351,0.08107448107448108,0.011477411477411478,291.37,-35.06,19.12,khong?2
0.03785103785103785,0.06422466422466422,0.08473748473748474,0.0844932844932845,0.012454212454212455,292.56,-44.88,31.87,khong?2
0.03907203907203907,0.06642246642246642,0.08522588522588523,0.08669108669108669,0.013186813186813187,292.31,-29.12,15.44,khong?2
0.0398046398046398,0.06715506715506715,0.08498168498168499,0.08766788766788766,0.013675213675213675,291.94,-35.94,21.25,khong?2
0.0398046398046398,0.06715506715506715,0.08376068376068375,0.0884004884004884,0.01391941391941392,293.69,-42.25,31.19,khong?2
0.03785103785103785,0.06593406593406594,0.08253968253968254,0.08595848595848596,0.014163614163614164,294.81,-24.5,15.63,khong?2
0.035897435897435895,0.0652014652014652,0.08131868131868132,0.0844932844932845,0.014407814407814409,294.0,-33.13,21.62,khong?2
0.03296703296703297,0.06422466422466422,0.07936507936507936,0.08327228327228327,0.013431013431013432,294.12,-47.81,41.19,khong?2
0.03076923076923077,0.06324786324786325,0.0778998778998779,0.08205128205128205,0.012698412698412698,293.31,-38.88,29.31,khong?2
0.029304029304029304,0.06251526251526252,0.07692307692307693,0.08131868131868132,0.011965811965811967,291.62,-26.12,15.75,khong?2
0.029548229548229547,0.06227106227106227,0.07667887667887668,0.08058608058608059,0.011721611721611722,290.69,-28.75,17.62,khong?2
0.0315018315018315,0.061782661782661785,0.07643467643467644,0.0800976800976801,0.011477411477411478,290.25,-29.87,18.62,khong?2
0.03296703296703297,0.061782661782661785,0.0761904761904762,0.07985347985347985,0.011233211233211233,290.12,-33.19,25.5,khong?2
0.0336996336996337,0.06153846153846154,0.0761904761904762,0.07887667887667887,0.01098901098901099,288.5,-32.69,32.56,khong?2
0.030036630036630037,0.060073260073260075,0.07521367521367521,0.07374847374847375,0.009768009768009768,290.25,-33.31,34.25,khong?2
0.023687423687423687,0.04908424908424908,0.06715506715506715,0.06227106227106227,0.008791208791208791,290.19,-33.75,35.0,khong?2
0.01904761904761905,0.04004884004884005,0.05982905982905983,0.052503052503052504,0.007081807081807082,290.12,-33.88,35.06,khong?2
0.01562881562881563,0.033455433455433455,0.054212454212454214,0.04566544566544566,0.005860805860805861,290.0,-34.38,35.63,khong?2
0.013431013431013432,0.028815628815628817,0.05030525030525031,0.04078144078144078,0.005128205128205128,289.87,-34.44,35.75,khong?2
0.011721611721611722,0.02564102564102564,0.047619047619047616,0.03736263736263736,0.004395604395604396,289.94,-34.81,36.13,khong?2
0.010744810744810745,0.023443223443223443,0.04566544566544566,0.03540903540903541,0.003907203907203907,289.44,-34.0,35.56,khong?2
0.01098901098901099,0.02197802197802198,0.04468864468864469,0.034432234432234435,0.003663003663003663,288.5,-33.0,29.25,khong?2
0.012454212454212455,0.026373626373626374,0.05274725274725275,0.04224664224664225,0.00463980463980464,290.19,-40.0,24.44,khong?2
0.01684981684981685,0.03711843711843712,0.06617826617826618,0.05641025641025641,0.006593406593406593,292.5,-40.0,20.75,khong?2
0.0231990231990232,0.04884004884004884,0.07545787545787545,0.07057387057387057,0.008791208791208791,293.0,-29.44,13.44,khong?2
0.029548229548229547,0.05714285714285714,0.08205128205128205,0.08034188034188035,0.010744810744810745,291.31,-35.0,17.56,khong?2
0.03418803418803419,0.06275946275946276,0.08669108669108669,0.08742368742368742,0.011965811965811967,293.25,-45.13,31.31,khong?2
0.03736263736263736,0.0652014652014652,0.08766788766788766,0.09010989010989011,0.012698412698412698,292.31,-29.12,15.13,khong?2
0.036141636141636145,0.06495726495726496,0.08669108669108669,0.09084249084249084,0.013186813186813187,291.19,-32.0,17.81,khong?2
0.03540903540903541,0.06471306471306472,0.08473748473748474,0.0905982905982906,0.012454212454212455,293.06,-43.06,31.31,khong?2
0.034432234432234435,0.06373626373626373,0.08302808302808302,0.08937728937728938,0.011965811965811967,291.94,-31.69,19.37,khong?2
0.03223443223443224,0.063003663003663,0.08180708180708181,0.08815628815628816,0.011477411477411478,291.5,-30.94,17.62,khong?2
0.03028083028083028,0.06227106227106227,0.08034188034188035,0.08595848595848596,0.011233211233211233,293.62,-45.38,35.06,khong?2
0.028815628815628817,0.061782661782661785,0.07936507936507936,0.0844932844932845,0.011233211233211233,293.37,-38.56,27.44,khong?2
0.028327228327228327,0.06153846153846154,0.07863247863247863,0.08376068376068375,0.01098901098901099,290.37,-27.12,14.38,khong?2
0.028327228327228327,0.06153846153846154,0.07838827838827839,0.08302808302808302,0.01098901098901099,289.94,-28.31,14.75,khong?2
0.033455433455433455,0.06251526251526252,0.07838827838827839,0.08253968253968254,0.01098901098901099,289.19,-30.75,16.56,khong?2
0.03711843711843712,0.063003663003663,0.07863247863247863,0.0822954822954823,0.01098901098901099,289.31,-35.38,28.75,khong?2
0.03956043956043956,0.06349206349206349,0.07863247863247863,0.08205128205128205,0.010744810744810745,287.0,-34.06,35.56,khong?2
0.03565323565323565,0.060805860805860805,0.0778998778998779,0.07741147741147741,0.009523809523809525,288.06,-34.56,37.19,khong?2
0.02905982905982906,0.04957264957264957,0.07032967032967033,0.06642246642246642,0.00757020757020757,287.87,-34.94,37.81,khong?2
0.023931623931623933,0.04004884004884005,0.06275946275946276,0.05641025641025641,0.006349206349206349,287.81,-34.94,37.81,khong?2
0.02026862026862027,0.033455433455433455,0.05714285714285714,0.04932844932844933,0.005372405372405372,288.0,-35.25,38.19,khong?2
0.017826617826617826,0.028815628815628817,0.05299145299145299,0.044444444444444446,0.00463980463980464,288.06,-35.75,38.25,khong?2
0.01611721611721612,0.025396825396825397,0.050061050061050064,0.04126984126984127,0.003907203907203907,288.25,-36.19,38.25,khong?2
0.014896214896214897,0.0231990231990232,0.04786324786324787,0.03907203907203907,0.003663003663003663,288.37,-36.38,38.63,khong?2
0.014163614163614164,0.02148962148962149,0.0463980463980464,0.03736263736263736,0.003418803418803419,288.44,-36.25,38.88,khong?2
0.013431013431013432,0.02026862026862027,0.045177045177045176,0.03638583638583639,0.003418803418803419,288.44,-34.56,38.19,khong?2
0.012942612942612943,0.019536019536019536,0.0442002442002442,0.03565323565323565,0.0031746031746031746,288.31,-36.31,39.13,khong?2
0.012698412698412698,0.01904761904761905,0.043467643467643466,0.035164835164835165,0.0031746031746031746,287.69,-43.0,44.0,khong?2
0.012454212454212455,0.018803418803418803,0.043467643467643466,0.03492063492063492,0.0031746031746031746,288.5,-40.44,42.25,khong?2
0.012942612942612943,0.019291819291819293,0.0442002442002442,0.03540903540903541,0.0031746031746031746,289.31,-31.87,28.12,khong?2
0.013431013431013432,0.01978021978021978,0.04590964590964591,0.03736263736263736,0.0031746031746031746,292.06,-36.31,24.0,khong?2
0.01611721611721612,0.03076923076923077,0.059096459096459095,0.05201465201465202,0.004151404151404151,291.94,-48.19,37.88,khong?2
0.018803418803418803,0.04053724053724054,0.06837606837606838,0.06349206349206349,0.004884004884004884,291.81,-39.69,27.5,khong?2
0.022222222222222223,0.047619047619047616,0.07472527472527472,0.07228327228327229,0.005372405372405372,290.94,-20.0,12.81,khong?2
0.025396825396825397,0.052503052503052504,0.07887667887667887,0.07765567765567766,0.005860805860805861,289.87,-30.0,18.0,khong?2
0.027594627594627594,0.05567765567765568,0.08083028083028083,0.08034188034188035,0.006105006105006105,290.69,-37.88,24.81,khong?2
0.02905982905982906,0.057631257631257635,0.08156288156288156,0.08205128205128205,0.006349206349206349,290.37,-22.12,12.25,khong?2
0.03028083028083028,0.059096459096459095,0.08180708180708181,0.08302808302808302,0.006349206349206349,290.31,-33.06,20.37,khong?2
0.03028083028083028,0.05860805860805861,0.08083028083028083,0.08278388278388278,0.006593406593406593,293.31,-40.06,29.81,khong?2
0.028815628815628817,0.058363858363858365,0.0796092796092796,0.08131868131868132,0.005372405372405372,290.75,-24.0,15.0,khong?2
0.027106227106227107,0.05787545787545788,0.07863247863247863,0.08034188034188035,0.00463980463980464,292.62,-36.94,25.69,khong?2
0.02490842490842491,0.05714285714285714,0.07741147741147741,0.07936507936507936,0.004151404151404151,295.12,-46.63,41.81,khong?2
0.0231990231990232,0.05641025641025641,0.07594627594627594,0.07887667887667887,0.003663003663003663,292.0,-29.12,18.5,khong?2
0.02197802197802198,0.055921855921855924,0.07496947496947497,0.07863247863247863,0.003418803418803419,291.62,-18.5,11.81,khong?2
0.021245421245421246,0.05567765567765568,0.073992673992674,0.07838827838827839,0.0031746031746031746,290.5,-22.25,14.25,khong?2
0.020512820512820513,0.05567765567765568,0.07326007326007326,0.07838827838827839,0.0031746031746031746,291.62,-30.12,19.75,khong?2
0.020024420024420026,0.05543345543345543,0.07277167277167278,0.07814407814407814,0.0029304029304029304,288.0,-33.88,37.19,khong?2
0.018803418803418803,0.05543345543345543,0.07179487179487179,0.07545787545787545,0.0029304029304029304,289.69,-35.88,41.75,khong?2
0.014896214896214897,0.04713064713064713,0.06617826617826618,0.06642246642246642,0.0017094017094017094,289.44,-35.63,42.25,khong?2
0.011965811965811967,0.038583638583638585,0.05885225885225885,0.055921855921855924,0.0009768009768009768,289.0,-35.81,42.19,khong?2
0.010012210012210013,0.03223443223443224,0.053235653235653234,0.04835164835164835,0.0004884004884004884,288.75,-35.69,41.56,khong?2
0.008791208791208791,0.02783882783882784,0.04932844932844933,0.04322344322344322,0.0,288.56,-36.13,41.88,khong?2
0.007814407814407814,0.02490842490842491,0.04664224664224664,0.0398046398046398,0.0002442002442002442,288.25,-36.5,42.06,khong?2
0.007081807081807082,0.02271062271062271,0.04468864468864469,0.03736263736263736,0.0004884004884004884,288.06,-37.44,42.25,khong?2
0.006837606837606838,0.021245421245421246,0.043467643467643466,0.03565323565323565,0.0007326007326007326,287.56,-41.0,44.25,khong?2
0.006593406593406593,0.020512820512820513,0.042735042735042736,0.035164835164835165,0.0007326007326007326,287.37,-45.06,46.69,khong?2
0.006593406593406593,0.02026862026862027,0.04395604395604396,0.036141636141636145,0.0007326007326007326,287.06,-47.5,47.31,khong?2
0.007326007326007326,0.021245421245421246,0.04664224664224664,0.037606837606837605,0.0002442002442002442,286.94,-49.56,47.56,khong?2
0.00757020757020757,0.022222222222222223,0.0485958485958486,0.03882783882783883,0.0009768009768009768,287.06,-51.38,48.44,khong?2
0.00805860805860806,0.022954822954822957,0.050793650793650794,0.04078144078144078,0.0017094017094017094,292.06,-41.06,25.31,khong?2
0.008547008547008548,0.023443223443223443,0.055921855921855924,0.04590964590964591,0.002197802197802198,291.75,-31.44,18.37,khong?2
0.011233211233211233,0.03467643467643468,0.06422466422466422,0.05982905982905983,0.003418803418803419,289.5,-43.5,28.0,khong?2
0.013431013431013432,0.04224664224664225,0.07081807081807082,0.0695970695970696,0.00463980463980464,289.19,-41.19,24.69,khong?2
0.01514041514041514,0.04786324786324787,0.07521367521367521,0.07643467643467644,0.005372405372405372,290.25,-21.62,12.0,khong?2
0.016361416361416362,0.050793650793650794,0.0778998778998779,0.08058608058608059,0.005616605616605617,289.56,-31.69,18.87,khong?2
0.01611721611721612,0.051770451770451774,0.0778998778998779,0.08302808302808302,0.006105006105006105,291.5,-34.75,21.12,khong?2
0.01562881562881563,0.05201465201465202,0.07765567765567766,0.08302808302808302,0.006105006105006105,290.5,-20.81,12.06,khong?2
0.015384615384615385,0.05201465201465202,0.07716727716727717,0.08278388278388278,0.006349206349206349,291.12,-32.19,19.75,khong?2
0.014407814407814409,0.05201465201465202,0.07545787545787545,0.0822954822954823,0.006349206349206349,292.62,-37.44,26.69,khong?2
0.013431013431013432,0.051526251526251524,0.07423687423687424,0.08156288156288156,0.005372405372405372,289.75,-20.19,12.31,khong?2
0.01221001221001221,0.05128205128205128,0.0735042735042735,0.08058608058608059,0.00463980463980464,291.25,-32.94,22.06,khong?2
0.011477411477411478,0.050793650793650794,0.07179487179487179,0.0796092796092796,0.004151404151404151,293.12,-42.88,36.44,khong?2
0.010744810744810745,0.05030525030525031,0.07057387057387057,0.07887667887667887,0.003907203907203907,289.25,-27.06,16.56,khong?2
0.010256410256410256,0.04981684981684982,0.06935286935286936,0.07838827838827839,0.003663003663003663,288.37,-22.12,13.94,khong?2
0.010012210012210013,0.04908424908424908,0.06813186813186813,0.07716727716727717,0.003418803418803419,287.94,-25.94,16.5,khong?2
0.010012210012210013,0.0485958485958486,0.06715506715506715,0.0761904761904762,0.003418803418803419,288.31,-29.0,26.06,khong?2
0.00927960927960928,0.04810744810744811,0.06642246642246642,0.07496947496947497,0.0031746031746031746,286.81,-29.69,31.44,khong?2
0.007081807081807082,0.044444444444444446,0.0652014652014652,0.0673992673992674,0.0031746031746031746,287.62,-29.19,33.38,khong?2
0.00463980463980464,0.036141636141636145,0.05860805860805861,0.057631257631257635,0.0029304029304029304,287.62,-28.94,33.88,khong?2
0.0031746031746031746,0.030036630036630037,0.05299145299145299,0.050793650793650794,0.0019536019536019536,287.75,-28.56,34.31,khong?2
0.0019536019536019536,0.02564102564102564,0.04908424908424908,0.04590964590964591,0.0009768009768009768,287.56,-29.12,34.5,khong?2
0.001221001221001221,0.022466422466422466,0.0463980463980464,0.042735042735042736,0.0004884004884004884,287.69,-29.81,34.94,khong?2
0.0009768009768009768,0.020512820512820513,0.04468864468864469,0.040293040293040296,0.0,288.44,-31.19,35.25,khong?2
0.0009768009768009768,0.01904761904761905,0.043467643467643466,0.03882783882783883,0.0002442002442002442,288.81,-34.75,37.25,khong?2
0.0009768009768009768,0.018070818070818073,0.04297924297924298,0.0380952380952381,0.0004884004884004884,290.56,-33.56,29.06,khong?2
0.001221001221001221,0.01855921855921856,0.046153846153846156,0.04004884004884005,0.0004884004884004884,291.75,-32.38,16.0,khong?2
0.005372405372405372,0.03076923076923077,0.05714285714285714,0.05396825396825397,0.002442002442002442,291.62,-42.81,24.94,khong?2
0.00927960927960928,0.039316239316239315,0.06495726495726496,0.06349206349206349,0.003663003663003663,291.94,-47.19,33.06,khong?2
0.011721611721611722,0.04542124542124542,0.07032967032967033,0.07008547008547009,0.00463980463980464,290.94,-25.0,13.75,khong?2
0.013675213675213675,0.04908424908424908,0.073992673992674,0.073992673992674,0.005372405372405372,289.87,-30.75,17.75,khong?2
0.013431013431013432,0.05054945054945055,0.07472527472527472,0.0761904761904762,0.005616605616605617,293.25,-40.5,30.62,khong?2
0.012698412698412698,0.051526251526251524,0.07496947496947497,0.07716727716727717,0.004884004884004884,292.44,-29.37,13.94,khong?2
0.01221001221001221,0.05225885225885226,0.07472527472527472,0.07716727716727717,0.004395604395604396,292.31,-37.19,22.12,khong?2
0.011721611721611722,0.05274725274725275,0.07423687423687424,0.07667887667887668,0.003907203907203907,295.56,-47.69,39.25,khong?2
0.011477411477411478,0.05299145299145299,0.073992673992674,0.0761904761904762,0.004884004884004884,292.19,-24.87,13.69,khong?2
0.011233211233211233,0.05225885225885226,0.07326007326007326,0.07545787545787545,0.004151404151404151,291.37,-27.75,14.31,khong?2
0.010012210012210013,0.05201465201465202,0.07228327228327229,0.07448107448107448,0.004884004884004884,282.19,-52.0,21.06,khong?2
0.00927960927960928,0.051770451770451774,0.07155067155067155,0.07326007326007326,0.004395604395604396,286.06,-44.5,20.19,khong?2
0.008791208791208791,0.05103785103785104,0.07081807081807082,0.07228327228327229,0.003907203907203907,288.19,-24.5,8.56,khong?2
0.009035409035409036,0.05054945054945055,0.07008547008547009,0.0713064713064713,0.003663003663003663,287.44,-29.31,10.38,khong?2
0.009768009768009768,0.050061050061050064,0.06935286935286936,0.07032967032967033,0.003418803418803419,287.56,-31.62,11.5,khong?2
0.010500610500610501,0.04957264957264957,0.06862026862026863,0.0695970695970696,0.003418803418803419,287.94,-32.75,21.37,khong?2
0.010744810744810745,0.04908424908424908,0.06813186813186813,0.06862026862026863,0.0031746031746031746,286.62,-30.0,29.56,khong?2
0.008302808302808303,0.04737484737484737,0.06715506715506715,0.06349206349206349,0.0031746031746031746,287.37,-29.94,31.19,khong?2
0.005128205128205128,0.03785103785103785,0.05958485958485959,0.05445665445665446,0.0019536019536019536,287.06,-30.37,32.0,khong?2
0.0029304029304029304,0.03076923076923077,0.05299145299145299,0.0463980463980464,0.001221001221001221,287.0,-30.5,32.31,khong?2
0.0014652014652014652,0.02564102564102564,0.04810744810744811,0.04053724053724054,0.0004884004884004884,286.87,-30.87,32.38,khong?2
0.0002442002442002442,0.02197802197802198,0.04493284493284493,0.03663003663003663,0.0,286.81,-31.69,32.44,khong?2
0.0004884004884004884,0.019536019536019536,0.04249084249084249,0.03467643467643468,0.0002442002442002442,286.81,-32.31,32.5,khong?2
0.0007326007326007326,0.017582417582417582,0.041758241758241756,0.03394383394383394,0.0007326007326007326,286.75,-33.44,32.13,khong?2
0.0004884004884004884,0.017094017094017096,0.041758241758241756,0.03394383394383394,0.001221001221001221,290.75,-38.19,20.25,khong?2
0.0007326007326007326,0.021001221001221003,0.05103785103785104,0.04224664224664225,0.0019536019536019536,290.62,-43.56,22.25,khong?2
0.009523809523809525,0.034432234432234435,0.06056166056166056,0.0547008547008547,0.003418803418803419,292.25,-56.25,38.63,khong?2
0.01562881562881563,0.04371184371184371,0.06691086691086691,0.06349206349206349,0.004395604395604396,293.25,-42.44,26.56,khong?2
0.01978021978021978,0.05030525030525031,0.07155067155067155,0.0695970695970696,0.005128205128205128,291.69,-31.06,15.25,khong?2
0.02197802197802198,0.0547008547008547,0.073992673992674,0.07374847374847375,0.005616605616605617,293.06,-44.56,29.25,khong?2
0.022222222222222223,0.05714285714285714,0.07423687423687424,0.07545787545787545,0.005860805860805861,295.69,-41.19,30.0,khong?2
0.021733821733821733,0.058363858363858365,0.07448107448107448,0.07594627594627594,0.005128205128205128,293.5,-29.0,14.88,khong?2
0.02148962148962149,0.05860805860805861,0.07448107448107448,0.07594627594627594,0.004395604395604396,294.31,-42.25,29.75,khong?2
0.021001221001221003,0.05885225885225885,0.07374847374847375,0.07545787545787545,0.003907203907203907,293.62,-48.88,40.44,khong?2
0.02026862026862027,0.05885225885225885,0.07277167277167278,0.07472527472527472,0.003663003663003663,291.44,-28.25,16.87,khong?2
0.019536019536019536,0.05860805860805861,0.07179487179487179,0.073992673992674,0.003418803418803419,293.06,-36.25,26.06,khong?2
0.01904761904761905,0.05811965811965812,0.07081807081807082,0.07326007326007326,0.003418803418803419,294.87,-44.69,42.31,khong?2
0.018070818070818073,0.057387057387057384,0.06984126984126984,0.07301587301587302,0.0031746031746031746,290.62,-27.94,18.12,khong?2
0.017094017094017096,0.0568986568986569,0.06910866910866911,0.07252747252747253,0.0031746031746031746,289.62,-26.25,17.94,khong?2
0.016361416361416362,0.05641025641025641,0.06862026862026863,0.07155067155067155,0.0031746031746031746,289.62,-29.06,19.5,khong?2
0.015873015873015872,0.055921855921855924,0.06788766788766788,0.07081807081807082,0.0031746031746031746,289.0,-29.69,27.12,khong?2
0.015384615384615385,0.05543345543345543,0.06691086691086691,0.07032967032967033,0.0031746031746031746,288.62,-25.87,32.19,khong?2
0.013431013431013432,0.05201465201465202,0.06642246642246642,0.06471306471306472,0.0031746031746031746,289.12,-25.69,34.25,khong?2
0.009523809523809525,0.041025641025641026,0.05811965811965812,0.05372405372405373,0.0019536019536019536,289.0,-26.0,34.94,khong?2
0.006837606837606838,0.03199023199023199,0.050793650793650794,0.04493284493284493,0.0009768009768009768,288.87,-26.37,35.88,khong?2
0.004884004884004884,0.025885225885225887,0.04566544566544566,0.03907203907203907,0.0004884004884004884,288.81,-27.06,36.19,khong?2
0.003418803418803419,0.02148962148962149,0.042002442002442006,0.03492063492063492,0.0,288.62,-28.31,36.63,khong?2
0.002442002442002442,0.01855921855921856,0.039316239316239315,0.03199023199023199,0.0002442002442002442,288.56,-29.19,36.81,khong?2
0.002197802197802198,0.016605616605616606,0.037606837606837605,0.03028083028083028,0.0004884004884004884,288.37,-29.56,36.94,khong?2
0.002197802197802198,0.01514041514041514,0.03663003663003663,0.029304029304029304,0.0004884004884004884,288.37,-30.5,37.31,khong?2
0.0019536019536019536,0.014407814407814409,0.036141636141636145,0.029548229548229547,0.0007326007326007326,291.75,-42.0,34.44,khong?2
0.002686202686202686,0.01904761904761905,0.046153846153846156,0.038583638583638585,0.0004884004884004884,295.56,-54.56,44.56,khong?2
0.006593406593406593,0.03125763125763126,0.059096459096459095,0.05054945054945055,0.002197802197802198,298.69,-48.63,38.69,khong?2
0.009523809523809525,0.0398046398046398,0.06813186813186813,0.059096459096459095,0.003663003663003663,293.56,-23.87,15.38,khong?2
0.011721611721611722,0.04566544566544566,0.07448107448107448,0.0652014652014652,0.00463980463980464,292.19,-30.69,18.94,khong?2
0.013431013431013432,0.04908424908424908,0.0757020757020757,0.06910866910866911,0.005128205128205128,295.25,-44.13,35.25,khong?2
0.014163614163614164,0.05103785103785104,0.0761904761904762,0.07179487179487179,0.005616605616605617,293.37,-32.81,22.44,khong?2
0.01391941391941392,0.05225885225885226,0.07594627594627594,0.0735042735042735,0.005860805860805861,291.37,-29.69,17.62,khong?2
0.013431013431013432,0.052503052503052504,0.07545787545787545,0.07374847374847375,0.006105006105006105,294.0,-44.88,36.13,khong?2
0.013186813186813187,0.052503052503052504,0.07423687423687424,0.0735042735042735,0.005372405372405372,291.94,-37.56,26.62,khong?2
0.012454212454212455,0.05225885225885226,0.07326007326007326,0.07301587301587302,0.00463980463980464,291.62,-37.88,26.5,khong?2
0.011965811965811967,0.051770451770451774,0.07179487179487179,0.07228327228327229,0.004151404151404151,293.56,-54.88,51.44,khong?2
0.011477411477411478,0.050793650793650794,0.06984126984126984,0.07106227106227106,0.003907203907203907,294.81,-42.69,34.63,khong?2
0.01098901098901099,0.050061050061050064,0.06862026862026863,0.07008547008547009,0.003663003663003663,291.06,-20.62,13.63,khong?2
0.010744810744810745,0.04957264957264957,0.06764346764346764,0.06935286935286936,0.003418803418803419,289.5,-23.25,16.25,khong?2
0.009523809523809525,0.04908424908424908,0.06666666666666667,0.06837606837606838,0.003418803418803419,288.81,-28.37,19.87,khong?2
0.008302808302808303,0.0485958485958486,0.06568986568986569,0.0673992673992674,0.0031746031746031746,286.37,-25.94,29.37,khong?2
0.007326007326007326,0.04786324786324787,0.06471306471306472,0.06568986568986569,0.0031746031746031746,286.75,-25.5,31.75,khong?2
0.004395604395604396,0.03956043956043956,0.05860805860805861,0.05641025641025641,0.0017094017094017094,286.5,-25.87,33.75,khong?2
0.002197802197802198,0.03028083028083028,0.05054945054945055,0.046153846153846156,0.0009768009768009768,286.12,-25.87,34.5,khong?2
0.0007326007326007326,0.023687423687423687,0.04468864468864469,0.03882783882783883,0.0002442002442002442,285.75,-26.12,34.69,khong?2
0.0002442002442002442,0.019291819291819293,0.04053724053724054,0.03394383394383394,0.0,285.44,-27.0,35.38,khong?2
0.0009768009768009768,0.015873015873015872,0.037606837606837605,0.031013431013431014,0.0002442002442002442,285.75,-26.5,35.69,khong?2
0.001221001221001221,0.013675213675213675,0.03565323565323565,0.028815628815628817,0.0004884004884004884,285.56,-26.94,35.81,khong?2
0.0017094017094017094,0.01221001221001221,0.03418803418803419,0.027594627594627594,0.0004884004884004884,285.75,-26.81,35.44,khong?2
0.0017094017094017094,0.01098901098901099,0.033455433455433455,0.026617826617826617,0.0007326007326007326,286.81,-36.13,39.0,khong?2
0.0019536019536019536,0.010500610500610501,0.03296703296703297,0.02735042735042735,0.0007326007326007326,290.37,-52.94,49.5,khong?2
0.0007326007326007326,0.019291819291819293,0.04981684981684982,0.04224664224664225,0.0014652014652014652,293.37,-49.81,40.38,khong?2
0.00757020757020757,0.029792429792429794,0.061782661782661785,0.052503052503052504,0.0031746031746031746,289.31,-60.19,48.75,khong?2
0.01221001221001221,0.03711843711843712,0.07008547008547009,0.05958485958485959,0.004151404151404151,292.62,-50.19,43.06,khong?2
0.01562881562881563,0.04224664224664225,0.07374847374847375,0.06324786324786325,0.004884004884004884,290.81,-29.75,17.75,khong?2
0.017826617826617826,0.04566544566544566,0.0757020757020757,0.06544566544566545,0.005372405372405372,290.37,-39.31,27.75,khong?2
0.019291819291819293,0.04810744810744811,0.0761904761904762,0.06666666666666667,0.00463980463980464,293.31,-47.44,45.44,khong?2
0.019536019536019536,0.04981684981684982,0.07594627594627594,0.06788766788766788,0.004151404151404151,292.19,-30.81,21.75,khong?2
0.019536019536019536,0.050061050061050064,0.0757020757020757,0.06813186813186813,0.003907203907203907,289.87,-36.13,25.06,khong?2
0.01978021978021978,0.050793650793650794,0.07472527472527472,0.06764346764346764,0.003663003663003663,292.62,-46.88,41.56,khong?2
0.020512820512820513,0.05128205128205128,0.073992673992674,0.0673992673992674,0.003418803418803419,292.12,-33.75,23.56,khong?2
0.021245421245421246,0.05103785103785104,0.07326007326007326,0.06715506715506715,0.0031746031746031746,290.94,-37.13,25.25,khong?2
0.02148962148962149,0.05103785103785104,0.07252747252747253,0.06642246642246642,0.0031746031746031746,294.06,-48.88,43.75,khong?2
0.022466422466422466,0.05128205128205128,0.07228327228327229,0.06544566544566545,0.0031746031746031746,294.12,-36.38,28.94,khong?2
0.024664224664224663,0.05103785103785104,0.0713064713064713,0.06495726495726496,0.0029304029304029304,292.0,-20.37,13.31,khong?2
0.026373626373626374,0.05128205128205128,0.07057387057387057,0.06446886446886448,0.0029304029304029304,290.06,-28.69,19.87,khong?2
0.027594627594627594,0.051526251526251524,0.07081807081807082,0.06471306471306472,0.0029304029304029304,290.44,-33.13,24.25,khong?2
0.028083028083028084,0.051526251526251524,0.07032967032967033,0.06495726495726496,0.0029304029304029304,287.44,-34.81,39.0,khong?2
0.028083028083028084,0.050793650793650794,0.06935286935286936,0.06495726495726496,0.0029304029304029304,286.75,-37.0,41.25,khong?2
0.025396825396825397,0.04932844932844933,0.06862026862026863,0.05934065934065934,0.0029304029304029304,287.5,-36.69,41.75,khong?2
0.01978021978021978,0.04004884004884005,0.06153846153846154,0.04957264957264957,0.0029304029304029304,287.56,-37.25,41.75,khong?2
0.015873015873015872,0.032722832722832725,0.054945054945054944,0.04249084249084249,0.0029304029304029304,287.62,-38.13,42.44,khong?2
0.013186813186813187,0.02735042735042735,0.05030525030525031,0.03736263736263736,0.0017094017094017094,287.62,-38.88,43.06,khong?2
0.011233211233211233,0.023687423687423687,0.04713064713064713,0.0336996336996337,0.0009768009768009768,288.06,-40.06,43.44,khong?2
0.010012210012210013,0.021001221001221003,0.04493284493284493,0.0315018315018315,0.0004884004884004884,288.31,-40.63,44.19,khong?2
0.009035409035409036,0.01904761904761905,0.04322344322344322,0.030036630036630037,0.0,287.94,-41.69,44.0,khong?2
0.009035409035409036,0.017826617826617826,0.04224664224664225,0.029304029304029304,0.0002442002442002442,287.25,-43.75,44.94,khong?2
0.00927960927960928,0.01684981684981685,0.04151404151404151,0.028815628815628817,0.0004884004884004884,287.19,-43.0,44.69,khong?2
0.009523809523809525,0.016361416361416362,0.04078144078144078,0.02857142857142857,0.0004884004884004884,287.56,-45.19,44.19,khong?2
0.009523809523809525,0.01611721611721612,0.040293040293040296,0.028815628815628817,0.0004884004884004884,291.87,-61.81,51.44,khong?2
0.010256410256410256,0.02490842490842491,0.05299145299145299,0.040293040293040296,0.001221001221001221,297.19,-48.75,35.69,khong?2
0.014652014652014652,0.036141636141636145,0.06202686202686203,0.05225885225885226,0.0017094017094017094,294.69,-33.13,18.0,khong?2
0.017826617826617826,0.04395604395604396,0.06813186813186813,0.06056166056166056,0.0019536019536019536,292.19,-38.0,21.19,khong?2
0.01978021978021978,0.04957264957264957,0.07179487179487179,0.06642246642246642,0.003418803418803419,294.69,-51.88,43.94,khong?2
0.021245421245421246,0.053235653235653234,0.07374847374847375,0.06935286935286936,0.003418803418803419,294.19,-38.13,25.81,khong?2
0.022222222222222223,0.055921855921855924,0.07472527472527472,0.07057387057387057,0.0031746031746031746,290.31,-36.19,19.37,khong?2
0.02271062271062271,0.0568986568986569,0.07545787545787545,0.07106227106227106,0.0031746031746031746,292.81,-49.69,35.31,khong?2
0.0231990231990232,0.05714285714285714,0.07448107448107448,0.07081807081807082,0.0031746031746031746,293.19,-37.0,25.81,khong?2
0.0231990231990232,0.056654456654456654,0.0735042735042735,0.07057387057387057,0.0031746031746031746,293.69,-25.69,15.0,khong?2
0.023443223443223443,0.05641025641025641,0.07277167277167278,0.07057387057387057,0.0031746031746031746,294.12,-39.94,30.31,khong?2
0.023931623931623933,0.05616605616605617,0.07228327228327229,0.07081807081807082,0.0031746031746031746,292.12,-36.0,25.81,khong?2
0.024175824175824177,0.05616605616605617,0.07179487179487179,0.07155067155067155,0.004151404151404151,291.19,-35.0,20.25,khong?2
0.02442002442002442,0.055921855921855924,0.07106227106227106,0.07203907203907203,0.004884004884004884,295.44,-48.19,40.75,khong?2
0.024664224664224663,0.05567765567765568,0.0713064713064713,0.07228327228327229,0.005372405372405372,295.62,-40.69,33.0,khong?2
0.02442002442002442,0.05567765567765568,0.07081807081807082,0.07277167277167278,0.005860805860805861,290.19,-18.87,12.31,khong?2
0.023687423687423687,0.05543345543345543,0.06984126984126984,0.0735042735042735,0.006349206349206349,288.87,-23.56,15.88,khong?2
0.023443223443223443,0.054945054945054944,0.06910866910866911,0.07326007326007326,0.006349206349206349,288.75,-29.12,19.44,khong?2
0.022954822954822957,0.05445665445665446,0.06862026862026863,0.07301587301587302,0.005372405372405372,286.87,-29.31,34.19,khong?2
0.02148962148962149,0.05396825396825397,0.06813186813186813,0.07106227106227106,0.00463980463980464,287.75,-29.81,38.63,khong?2
0.016605616605616606,0.047619047619047616,0.06373626373626373,0.06202686202686203,0.0029304029304029304,287.94,-30.12,40.63,khong?2
0.01221001221001221,0.03833943833943834,0.05567765567765568,0.05054945054945055,0.0019536019536019536,287.56,-30.44,40.88,khong?2
0.009035409035409036,0.031013431013431014,0.04908424908424908,0.042735042735042736,0.0009768009768009768,287.37,-30.5,41.13,khong?2
0.006837606837606838,0.02564102564102564,0.04468864468864469,0.03711843711843712,0.0002442002442002442,287.31,-30.75,41.44,khong?2
0.005372405372405372,0.02197802197802198,0.04126984126984127,0.03321123321123321,0.0,287.0,-31.25,41.5,khong?2
0.004395604395604396,0.019536019536019536,0.03907203907203907,0.03076923076923077,0.0004884004884004884,286.62,-31.25,41.63,khong?2
0.003663003663003663,0.017582417582417582,0.03736263736263736,0.02905982905982906,0.0004884004884004884,286.25,-31.56,41.56,khong?2
0.0029304029304029304,0.016361416361416362,0.036141636141636145,0.02783882783882784,0.0007326007326007326,285.81,-32.5,41.63,khong?2
0.002686202686202686,0.015384615384615385,0.03540903540903541,0.02735042735042735,0.0007326007326007326,289.62,-36.69,30.37,khong?2
0.005860805860805861,0.022954822954822957,0.04908424908424908,0.04053724053724054,0.0014652014652014652,287.56,-43.63,36.56,khong?2
0.01221001221001221,0.03418803418803419,0.058363858363858365,0.05225885225885226,0.0031746031746031746,288.37,-46.13,40.0,khong?2
0.017094017094017096,0.04224664224664225,0.06495726495726496,0.06153846153846154,0.004395604395604396,287.87,-31.87,26.56,khong?2
0.020757020757020756,0.04810744810744811,0.0695970695970696,0.06813186813186813,0.005128205128205128,288.0,-28.06,22.0,khong?2
0.022954822954822957,0.05225885225885226,0.07228327228327229,0.07252747252747253,0.005616605616605617,289.44,-39.75,34.44,khong?2
0.02490842490842491,0.05518925518925519,0.07423687423687424,0.0757020757020757,0.005860805860805861,289.5,-34.38,30.06,khong?2
0.027106227106227107,0.05714285714285714,0.07496947496947497,0.07814407814407814,0.006105006105006105,288.69,-27.87,21.06,khong?2
0.028815628815628817,0.05860805860805861,0.07521367521367521,0.07985347985347985,0.006349206349206349,289.56,-38.25,35.88,khong?2
0.029792429792429794,0.05982905982905983,0.07521367521367521,0.0796092796092796,0.006349206349206349,290.19,-32.63,31.75,khong?2
0.03028083028083028,0.06056166056166056,0.07472527472527472,0.07838827838827839,0.006593406593406593,286.12,-22.81,20.0,khong?2
0.029548229548229547,0.060805860805860805,0.07423687423687424,0.07692307692307693,0.006593406593406593,287.31,-33.38,31.69,khong?2
0.028083028083028084,0.05934065934065934,0.07252747252747253,0.07496947496947497,0.006593406593406593,289.81,-35.31,35.5,khong?2
0.026862026862026864,0.05811965811965812,0.07155067155067155,0.07374847374847375,0.005616605616605617,288.94,-19.25,19.62,khong?2
0.025396825396825397,0.05714285714285714,0.07032967032967033,0.07277167277167278,0.004884004884004884,288.31,-19.44,21.25,khong?2
0.024175824175824177,0.05616605616605617,0.06910866910866911,0.07155067155067155,0.004395604395604396,287.25,-21.31,22.87,khong?2
0.02271062271062271,0.05543345543345543,0.06837606837606838,0.07081807081807082,0.003907203907203907,288.31,-25.56,26.5,khong?2
0.021733821733821733,0.054945054945054944,0.06764346764346764,0.07032967032967033,0.003663003663003663,284.5,-26.5,37.25,khong?2
0.01978021978021978,0.054212454212454214,0.06666666666666667,0.06862026862026863,0.003418803418803419,284.56,-28.5,39.94,khong?2
0.014652014652014652,0.0442002442002442,0.06129426129426129,0.060073260073260075,0.0031746031746031746,284.94,-27.37,40.81,khong?2
0.010500610500610501,0.03418803418803419,0.05372405372405373,0.04932844932844933,0.0019536019536019536,284.56,-27.62,41.06,khong?2
0.00757020757020757,0.02735042735042735,0.04786324786324787,0.042002442002442006,0.001221001221001221,284.81,-27.69,41.75,khong?2
0.005372405372405372,0.022466422466422466,0.04395604395604396,0.03663003663003663,0.0004884004884004884,284.5,-28.31,42.19,khong?2
0.004151404151404151,0.01904761904761905,0.041025641025641026,0.03321123321123321,0.0,284.75,-28.75,42.31,khong?2
0.0031746031746031746,0.01684981684981685,0.03956043956043956,0.03125763125763126,0.0002442002442002442,285.12,-29.25,42.94,khong?2
0.002686202686202686,0.01562881562881563,0.038583638583638585,0.03028083028083028,0.0004884004884004884,285.25,-29.06,43.13,khong?2
0.002442002442002442,0.014652014652014652,0.03785103785103785,0.029548229548229547,0.0004884004884004884,286.06,-28.37,41.81,khong?2
0.002442002442002442,0.014407814407814409,0.038583638583638585,0.029792429792429794,0.0007326007326007326,288.37,-35.5,33.75,khong?2
0.004151404151404151,0.02735042735042735,0.052503052503052504,0.045177045177045176,0.0014652014652014652,288.94,-45.5,40.19,khong?2
0.008302808302808303,0.03785103785103785,0.06227106227106227,0.05567765567765568,0.0031746031746031746,290.81,-42.94,39.25,khong?2
0.011233211233211233,0.04493284493284493,0.06910866910866911,0.063003663003663,0.004151404151404151,289.06,-24.37,19.25,khong?2
0.013186813186813187,0.050061050061050064,0.07228327228327229,0.06642246642246642,0.004884004884004884,288.81,-30.12,22.81,khong?2
0.013186813186813187,0.05225885225885226,0.07301587301587302,0.06886446886446887,0.005372405372405372,291.62,-40.06,37.81,khong?2
0.013186813186813187,0.05372405372405373,0.07326007326007326,0.06935286935286936,0.005860805860805861,290.0,-26.75,23.12,khong?2
0.012942612942612943,0.0547008547008547,0.07326007326007326,0.06984126984126984,0.005128205128205128,288.62,-29.75,23.81,khong?2
0.012942612942612943,0.05518925518925519,0.07277167277167278,0.06910866910866911,0.004395604395604396,292.37,-40.06,39.5,khong?2
0.012942612942612943,0.05567765567765568,0.07228327228327229,0.06862026862026863,0.003907203907203907,292.12,-32.44,32.94,khong?2
0.012942612942612943,0.05567765567765568,0.07203907203907203,0.06788766788766788,0.003663003663003663,289.62,-26.62,23.56,khong?2
0.012698412698412698,0.05518925518925519,0.0713064713064713,0.06691086691086691,0.003418803418803419,292.69,-39.94,41.63,khong?2
0.012942612942612943,0.05518925518925519,0.0713064713064713,0.06642246642246642,0.003418803418803419,291.81,-35.75,35.75,khong?2
0.013186813186813187,0.05518925518925519,0.07081807081807082,0.06642246642246642,0.0031746031746031746,287.5,-23.0,21.06,khong?2
0.01514041514041514,0.054945054945054944,0.07008547008547009,0.06593406593406594,0.0031746031746031746,287.25,-24.56,21.81,khong?2
0.016605616605616606,0.054945054945054944,0.06984126984126984,0.0652014652014652,0.0029304029304029304,286.81,-29.37,27.0,khong?2
0.017582417582417582,0.054945054945054944,0.0695970695970696,0.06471306471306472,0.0029304029304029304,287.87,-24.37,23.0,khong?2
0.018070818070818073,0.05445665445665446,0.06910866910866911,0.06422466422466422,0.0029304029304029304,286.37,-24.75,32.19,khong?2
0.01733821733821734,0.05396825396825397,0.06886446886446887,0.06349206349206349,0.0029304029304029304,287.12,-27.06,37.75,khong?2
0.012454212454212455,0.04835164835164835,0.06471306471306472,0.0568986568986569,0.0029304029304029304,287.44,-27.75,39.19,khong?2
0.008547008547008548,0.0398046398046398,0.057631257631257635,0.04786324786324787,0.0017094017094017094,287.44,-28.19,39.44,khong?2
0.005860805860805861,0.03296703296703297,0.051770451770451774,0.04126984126984127,0.0009768009768009768,287.44,-28.44,39.88,khong?2
0.003907203907203907,0.028083028083028084,0.04737484737484737,0.03638583638583639,0.0002442002442002442,287.44,-28.5,40.06,khong?2
0.002442002442002442,0.024664224664224663,0.04395604395604396,0.03296703296703297,0.0,287.06,-28.5,40.56,khong?2
0.0017094017094017094,0.022222222222222223,0.041758241758241756,0.030525030525030524,0.0002442002442002442,287.0,-28.31,40.75,khong?2
0.0009768009768009768,0.020757020757020756,0.040293040293040296,0.02905982905982906,0.0004884004884004884,286.81,-27.56,36.44,khong?2
0.0004884004884004884,0.01978021978021978,0.041758241758241756,0.03076923076923077,0.0004884004884004884,287.62,-35.44,30.0,khong?2
0.005616605616605617,0.035164835164835165,0.05641025641025641,0.045177045177045176,0.001221001221001221,289.0,-47.88,35.44,khong?2
0.01391941391941392,0.0463980463980464,0.06788766788766788,0.05567765567765568,0.0019536019536019536,291.06,-43.75,29.5,khong?2
0.022954822954822957,0.054945054945054944,0.07594627594627594,0.06398046398046398,0.002197802197802198,290.56,-25.5,13.44,khong?2
0.035897435897435895,0.06275946275946276,0.08156288156288156,0.06984126984126984,0.002442002442002442,289.19,-29.56,16.19,khong?2
0.04493284493284493,0.06813186813186813,0.0844932844932845,0.07374847374847375,0.002686202686202686,290.19,-38.06,26.69,khong?2
0.051526251526251524,0.07203907203907203,0.08669108669108669,0.07667887667887668,0.002686202686202686,290.69,-22.0,16.5,khong?2
0.05225885225885226,0.07252747252747253,0.08595848595848596,0.07765567765567766,0.0029304029304029304,290.87,-26.0,17.69,khong?2
0.05201465201465202,0.07252747252747253,0.08473748473748474,0.07716727716727717,0.0029304029304029304,292.44,-38.25,31.37,khong?2
0.051526251526251524,0.07179487179487179,0.08302808302808302,0.07692307692307693,0.0029304029304029304,290.94,-30.5,23.56,khong?2
0.05030525030525031,0.07057387057387057,0.08156288156288156,0.07643467643467644,0.0029304029304029304,289.12,-26.56,18.19,khong?2
0.04908424908424908,0.06984126984126984,0.08034188034188035,0.07545787545787545,0.0029304029304029304,291.94,-41.69,34.0,khong?2
0.04786324786324787,0.06886446886446887,0.07912087912087912,0.07423687423687424,0.0029304029304029304,291.81,-42.81,39.06,khong?2
0.046153846153846156,0.06813186813186813,0.07814407814407814,0.073992673992674,0.0029304029304029304,289.81,-23.94,17.37,khong?2
0.04493284493284493,0.0673992673992674,0.07716727716727717,0.0735042735042735,0.0029304029304029304,288.06,-22.94,17.56,khong?2
0.04297924297924298,0.06691086691086691,0.07643467643467644,0.07252747252747253,0.0029304029304029304,287.44,-29.0,23.31,khong?2
0.04151404151404151,0.06617826617826618,0.0757020757020757,0.07179487179487179,0.0029304029304029304,286.5,-29.94,34.13,khong?2
0.03956043956043956,0.06593406593406594,0.07472527472527472,0.07106227106227106,0.0029304029304029304,284.19,-31.56,40.44,khong?2
0.036141636141636145,0.06398046398046398,0.07423687423687424,0.06642246642246642,0.0029304029304029304,284.06,-32.44,43.44,khong?2
0.02905982905982906,0.05225885225885226,0.06617826617826618,0.05567765567765568,0.0019536019536019536,284.19,-31.94,43.88,khong?2
0.023687423687423687,0.041758241758241756,0.05787545787545788,0.04590964590964591,0.0009768009768009768,284.19,-31.94,43.88,khong?2
0.01978021978021978,0.03394383394383394,0.051770451770451774,0.03907203907203907,0.0004884004884004884,284.37,-31.81,44.19,khong?2
0.017094017094017096,0.02857142857142857,0.04737484737484737,0.034432234432234435,0.0,284.06,-32.5,44.5,khong?2
0.01514041514041514,0.024664224664224663,0.0442002442002442,0.03125763125763126,0.0002442002442002442,284.5,-32.38,44.31,khong?2
0.01391941391941392,0.02197802197802198,0.04224664224664225,0.029304029304029304,0.0004884004884004884,284.5,-33.06,44.69,khong?2
0.012942612942612943,0.02026862026862027,0.041025641025641026,0.028083028083028084,0.0007326007326007326,284.56,-33.06,44.56,khong?2
0.012454212454212455,0.01904761904761905,0.04004884004884005,0.02735042735042735,0.0007326007326007326,285.25,-32.31,45.38,khong?2
0.01221001221001221,0.018070818070818073,0.039316239316239315,0.027106227106227107,0.0007326007326007326,287.06,-33.25,39.56,khong?2
0.01221001221001221,0.018803418803418803,0.042735042735042736,0.03125763125763126,0.0002442002442002442,287.94,-44.31,36.94,khong?2
0.01562881562881563,0.029792429792429794,0.057387057387057384,0.045177045177045176,0.0009768009768009768,289.0,-50.19,40.69,khong?2
0.01904761904761905,0.04126984126984127,0.06788766788766788,0.05543345543345543,0.0029304029304029304,292.37,-36.94,25.5,khong?2
0.021733821733821733,0.04981684981684982,0.07545787545787545,0.06349206349206349,0.004151404151404151,291.25,-18.94,12.19,khong?2
0.026617826617826617,0.056654456654456654,0.08107448107448108,0.06935286935286936,0.004884004884004884,289.12,-31.06,19.19,khong?2
0.03321123321123321,0.06227106227106227,0.0844932844932845,0.07326007326007326,0.005616605616605617,289.69,-39.31,27.56,khong?2
0.03785103785103785,0.06617826617826618,0.08669108669108669,0.0761904761904762,0.004884004884004884,289.12,-27.0,15.44,khong?2
0.041025641025641026,0.06886446886446887,0.08791208791208792,0.07716727716727717,0.004395604395604396,289.56,-37.0,24.87,khong?2
0.04151404151404151,0.06886446886446887,0.08644688644688645,0.07716727716727717,0.003907203907203907,292.87,-39.19,33.63,khong?2
0.040293040293040296,0.06837606837606838,0.08473748473748474,0.07667887667887668,0.003663003663003663,289.94,-22.87,15.31,khong?2
0.03833943833943834,0.0673992673992674,0.08327228327228327,0.07545787545787545,0.003418803418803419,289.56,-33.5,24.5,khong?2
0.036874236874236875,0.06593406593406594,0.08131868131868132,0.07423687423687424,0.003418803418803419,292.62,-42.63,38.56,khong?2
0.03565323565323565,0.06471306471306472,0.07985347985347985,0.07326007326007326,0.0031746031746031746,290.12,-24.0,15.38,khong?2
0.03394383394383394,0.06349206349206349,0.07814407814407814,0.07252747252747253,0.0031746031746031746,289.75,-18.31,13.94,khong?2
0.03247863247863248,0.06227106227106227,0.07667887667887668,0.0713064713064713,0.0031746031746031746,288.81,-23.56,17.19,khong?2
0.0315018315018315,0.06153846153846154,0.07521367521367521,0.07057387057387057,0.0031746031746031746,289.12,-33.0,26.31,khong?2
0.030525030525030524,0.06105006105006105,0.07423687423687424,0.07008547008547009,0.0031746031746031746,283.5,-40.75,45.81,khong?2
0.028815628815628817,0.06056166056166056,0.07326007326007326,0.06862026862026863,0.0031746031746031746,281.37,-43.13,41.5,khong?2
0.02612942612942613,0.06031746031746032,0.07179487179487179,0.06471306471306472,0.0031746031746031746,281.94,-42.81,40.06,khong?2
0.021733821733821733,0.05274725274725275,0.06813186813186813,0.05885225885225885,0.0029304029304029304,282.19,-43.0,40.81,khong?2
0.01855921855921856,0.046153846153846156,0.06446886446886448,0.05347985347985348,0.0019536019536019536,283.25,-42.0,41.81,khong?2
0.016361416361416362,0.03956043956043956,0.05860805860805861,0.04713064713064713,0.0009768009768009768,283.44,-42.5,42.06,khong?2
0.014652014652014652,0.03394383394383394,0.053235653235653234,0.041758241758241756,0.0004884004884004884,283.69,-42.25,42.0,khong?2
0.013431013431013432,0.029792429792429794,0.04884004884004884,0.037606837606837605,0.0,283.94,-42.56,42.5,khong?2
0.012698412698412698,0.026862026862026864,0.04590964590964591,0.03492063492063492,0.0002442002442002442,284.19,-42.38,43.19,khong?2
0.01221001221001221,0.02490842490842491,0.04371184371184371,0.032722832722832725,0.0004884004884004884,290.5,-36.75,40.38,khong?2
0.011965811965811967,0.023443223443223443,0.044444444444444446,0.03223443223443224,0.0004884004884004884,289.0,-41.0,38.19,khong?2
0.01562881562881563,0.03540903540903541,0.054945054945054944,0.04224664224664225,0.0004884004884004884,287.94,-50.56,43.88,khong?2
0.01855921855921856,0.04371184371184371,0.06227106227106227,0.04957264957264957,0.001221001221001221,287.12,-53.38,45.38,khong?2
0.020512820512820513,0.04957264957264957,0.0673992673992674,0.05445665445665446,0.0017094017094017094,289.56,-26.31,24.62,khong?2
0.021733821733821733,0.05372405372405373,0.07057387057387057,0.057387057387057384,0.0019536019536019536,288.37,-26.37,22.44,khong?2
0.021733821733821733,0.05445665445665446,0.07032967032967033,0.05934065934065934,0.002197802197802198,288.69,-36.75,33.69,khong?2
0.01978021978021978,0.054212454212454214,0.06935286935286936,0.05934065934065934,0.001221001221001221,288.87,-25.37,22.75,khong?2
0.018315018315018316,0.05372405372405373,0.06715506715506715,0.059096459096459095,0.0007326007326007326,289.0,-26.19,21.19,khong?2
0.017582417582417582,0.05347985347985348,0.0652014652014652,0.058363858363858365,0.0002442002442002442,290.56,-38.38,33.25,khong?2
0.01733821733821734,0.053235653235653234,0.06398046398046398,0.057631257631257635,0.0,290.06,-32.69,26.44,khong?2
0.01733821733821734,0.053235653235653234,0.063003663003663,0.05811965811965812,0.0007326007326007326,290.37,-25.19,18.19,khong?2
0.022222222222222223,0.054945054945054944,0.06275946275946276,0.059096459096459095,0.0014652014652014652,292.75,-38.94,30.56,khong?2
0.026862026862026864,0.05641025641025641,0.063003663003663,0.05982905982905983,0.0017094017094017094,293.81,-37.88,33.0,khong?2
0.030036630036630037,0.057387057387057384,0.06349206349206349,0.060805860805860805,0.002197802197802198,290.81,-17.69,15.06,khong?2
0.0315018315018315,0.05787545787545788,0.063003663003663,0.06202686202686203,0.002197802197802198,290.12,-15.19,13.31,khong?2
0.03199023199023199,0.05811965811965812,0.06275946275946276,0.06275946275946276,0.002442002442002442,289.75,-19.81,16.25,khong?2
0.03247863247863248,0.058363858363858365,0.06251526251526252,0.06324786324786325,0.002686202686202686,291.56,-27.19,19.81,khong?2
0.03247863247863248,0.058363858363858365,0.06202686202686203,0.06373626373626373,0.0014652014652014652,287.19,-28.75,36.31,khong?2
0.029548229548229547,0.05811965811965812,0.06153846153846154,0.06105006105006105,0.0007326007326007326,288.0,-30.5,38.63,khong?2
0.0231990231990232,0.0485958485958486,0.05641025641025641,0.051526251526251524,0.0002442002442002442,287.37,-31.12,39.31,khong?2
0.018070818070818073,0.039316239316239315,0.04981684981684982,0.04249084249084249,0.0002442002442002442,287.25,-31.19,39.75,khong?2
0.014652014652014652,0.03223443223443224,0.045177045177045176,0.036141636141636145,0.0004884004884004884,287.87,-30.69,40.38,khong?2
0.011965811965811967,0.02735042735042735,0.042002442002442006,0.031746031746031744,0.0004884004884004884,287.87,-31.25,40.25,khong?2
0.010500610500610501,0.023931623931623933,0.040293040293040296,0.029304029304029304,0.0007326007326007326,287.94,-32.13,40.81,khong?2
0.00927960927960928,0.02148962148962149,0.03907203907203907,0.02783882783882784,0.0007326007326007326,287.87,-33.13,41.13,khong?2
0.009035409035409036,0.020024420024420026,0.0380952380952381,0.026617826617826617,0.0007326007326007326,287.81,-33.88,41.56,khong?2
0.008791208791208791,0.019291819291819293,0.037606837606837605,0.02612942612942613,0.0007326007326007326,287.44,-34.88,41.88,khong?2
0.008791208791208791,0.018803418803418803,0.03711843711843712,0.02564102564102564,0.0007326007326007326,288.87,-33.69,39.31,khong?2
0.009035409035409036,0.018315018315018316,0.037606837606837605,0.026373626373626374,0.0007326007326007326,289.12,-39.63,28.75,khong?2
0.01562881562881563,0.033455433455433455,0.05299145299145299,0.042735042735042736,0.0002442002442002442,287.81,-50.94,32.5,khong?2
0.02490842490842491,0.04566544566544566,0.06422466422466422,0.05396825396825397,0.002197802197802198,286.56,-57.56,36.38,khong?2
0.03223443223443224,0.05518925518925519,0.07228327228327229,0.06227106227106227,0.003663003663003663,289.87,-34.25,24.25,khong?2
0.04004884004884005,0.06227106227106227,0.07716727716727717,0.06813186813186813,0.00463980463980464,292.0,-21.56,13.69,khong?2
0.04542124542124542,0.06691086691086691,0.08083028083028083,0.07179487179487179,0.005372405372405372,290.37,-36.81,25.19,khong?2
0.04932844932844933,0.07008547008547009,0.08302808302808302,0.07423687423687424,0.005616605616605617,291.87,-36.13,29.69,khong?2
0.05054945054945055,0.07179487179487179,0.08327228327228327,0.0757020757020757,0.004884004884004884,291.37,-21.56,16.69,khong?2
0.05054945054945055,0.07228327228327229,0.08278388278388278,0.07594627594627594,0.004395604395604396,290.44,-30.87,22.62,khong?2
0.050793650793650794,0.07228327228327229,0.08180708180708181,0.07594627594627594,0.003907203907203907,291.44,-43.81,41.19,khong?2
0.05054945054945055,0.07228327228327229,0.08083028083028083,0.07594627594627594,0.003663003663003663,290.37,-29.81,24.5,khong?2
0.05030525030525031,0.07203907203907203,0.07985347985347985,0.07545787545787545,0.003418803418803419,289.75,-27.19,21.5,khong?2
0.04957264957264957,0.0713064713064713,0.07887667887667887,0.07472527472527472,0.003418803418803419,292.5,-42.06,38.13,khong?2
0.04786324786324787,0.07032967032967033,0.07741147741147741,0.07448107448107448,0.0031746031746031746,292.62,-29.31,24.44,khong?2
0.04590964590964591,0.06910866910866911,0.07594627594627594,0.07472527472527472,0.0031746031746031746,291.31,-17.37,15.19,khong?2
0.044444444444444446,0.06837606837606838,0.07496947496947497,0.07496947496947497,0.0029304029304029304,289.81,-21.56,18.25,khong?2
0.04297924297924298,0.06764346764346764,0.07423687423687424,0.07496947496947497,0.0029304029304029304,290.12,-27.5,22.44,khong?2
0.04151404151404151,0.06691086691086691,0.07326007326007326,0.07496947496947497,0.0029304029304029304,287.75,-28.12,36.5,khong?2
0.03882783882783883,0.06642246642246642,0.07252747252747253,0.07203907203907203,0.0029304029304029304,288.37,-29.56,40.75,khong?2
0.03125763125763126,0.05518925518925519,0.06691086691086691,0.06227106227106227,0.0017094017094017094,288.12,-28.81,41.38,khong?2
0.025396825396825397,0.044444444444444446,0.05958485958485959,0.051770451770451774,0.0007326007326007326,288.0,-28.94,41.38,khong?2
0.02148962148962149,0.03663003663003663,0.05445665445665446,0.044444444444444446,0.0002442002442002442,287.56,-29.94,41.5,khong?2
0.01855921855921856,0.03125763125763126,0.050793650793650794,0.039316239316239315,0.0002442002442002442,287.44,-30.19,41.44,khong?2
0.01684981684981685,0.02735042735042735,0.04835164835164835,0.036141636141636145,0.0004884004884004884,287.44,-31.0,41.88,khong?2
0.015873015873015872,0.02490842490842491,0.04664224664224664,0.03418803418803419,0.0007326007326007326,287.37,-31.19,42.25,khong?2
0.01514041514041514,0.0231990231990232,0.04542124542124542,0.03296703296703297,0.0007326007326007326,287.75,-30.75,41.94,khong?2
0.014652014652014652,0.02197802197802198,0.04493284493284493,0.03247863247863248,0.0007326007326007326,287.81,-28.94,36.88,khong?2
0.014407814407814409,0.021733821733821733,0.046153846153846156,0.03394383394383394,0.0007326007326007326,289.37,-27.5,22.5,khong?2
0.016361416361416362,0.03394383394383394,0.05958485958485959,0.04908424908424908,0.0002442002442002442,288.19,-36.69,24.5,khong?2
0.021001221001221003,0.04493284493284493,0.06886446886446887,0.05958485958485959,0.001221001221001221,290.0,-45.0,28.19,khong?2
0.024664224664224663,0.05274725274725275,0.07545787545787545,0.06691086691086691,0.0017094017094017094,291.62,-29.87,17.5,khong?2
0.027106227106227107,0.05811965811965812,0.07765567765567766,0.07032967032967033,0.002197802197802198,291.44,-19.06,10.5,khong?2
0.02905982905982906,0.06105006105006105,0.0778998778998779,0.07252747252747253,0.002442002442002442,290.62,-31.37,23.31,khong?2
0.028327228327228327,0.06153846153846154,0.07692307692307693,0.073992673992674,0.002686202686202686,289.94,-28.5,20.94,khong?2
0.026862026862026864,0.061782661782661785,0.0761904761904762,0.073992673992674,0.002686202686202686,289.12,-26.81,17.06,khong?2
0.025885225885225887,0.06129426129426129,0.07448107448107448,0.07326007326007326,0.0029304029304029304,291.19,-40.13,32.56,khong?2
0.024664224664224663,0.060805860805860805,0.07301587301587302,0.07252747252747253,0.0029304029304029304,291.37,-32.13,25.62,khong?2
0.023931623931623933,0.06031746031746032,0.07155067155067155,0.07106227106227106,0.0029304029304029304,289.75,-21.12,14.25,khong?2
0.022954822954822957,0.060073260073260075,0.07032967032967033,0.0695970695970696,0.0029304029304029304,290.5,-34.63,27.31,khong?2
0.022222222222222223,0.05934065934065934,0.06886446886446887,0.06813186813186813,0.0029304029304029304,292.0,-38.44,33.06,khong?2
0.02148962148962149,0.05860805860805861,0.0673992673992674,0.06764346764346764,0.0029304029304029304,289.25,-19.81,13.5,khong?2
0.021001221001221003,0.058363858363858365,0.06617826617826618,0.06715506715506715,0.0029304029304029304,289.12,-18.69,13.75,khong?2
0.020512820512820513,0.05787545787545788,0.06544566544566545,0.06691086691086691,0.0029304029304029304,288.44,-20.56,15.44,khong?2
0.02026862026862027,0.057631257631257635,0.06495726495726496,0.06666666666666667,0.0017094017094017094,288.37,-24.31,18.31,khong?2
0.01978021978021978,0.057631257631257635,0.06422466422466422,0.06666666666666667,0.0009768009768009768,284.75,-24.12,30.94,khong?2
0.01904761904761905,0.057387057387057384,0.06398046398046398,0.06471306471306472,0.0004884004884004884,286.19,-25.69,32.56,khong?2
0.014407814407814409,0.0485958485958486,0.060073260073260075,0.05616605616605617,0.0,286.25,-26.12,34.5,khong?2
0.011233211233211233,0.03833943833943834,0.05299145299145299,0.046153846153846156,0.0002442002442002442,285.81,-26.25,35.19,khong?2
0.009035409035409036,0.031013431013431014,0.04737484737484737,0.03907203907203907,0.0004884004884004884,286.0,-26.31,35.94,khong?2
0.00757020757020757,0.025885225885225887,0.043467643467643466,0.03418803418803419,0.0007326007326007326,286.12,-26.37,36.25,khong?2
0.006593406593406593,0.022222222222222223,0.04078144078144078,0.03076923076923077,0.0007326007326007326,286.25,-26.37,36.56,khong?2
0.005860805860805861,0.019536019536019536,0.03907203907203907,0.028327228327228327,0.0009768009768009768,286.19,-26.62,37.0,khong?2
0.005372405372405372,0.017826617826617826,0.03785103785103785,0.026862026862026864,0.0009768009768009768,286.19,-27.06,36.88,khong?2
0.005372405372405372,0.01684981684981685,0.03736263736263736,0.02612942612942613,0.0009768009768009768,286.31,-29.44,37.25,khong?2
0.005372405372405372,0.01611721611721612,0.03711843711843712,0.02612942612942613,0.0009768009768009768,290.81,-33.63,29.81,khong?2
0.00927960927960928,0.02442002442002442,0.05201465201465202,0.0398046398046398,0.0002442002442002442,291.37,-38.75,28.44,khong?2
0.018315018315018316,0.03882783882783883,0.06251526251526252,0.05225885225885226,0.002197802197802198,291.06,-46.13,31.87,khong?2
0.024664224664224663,0.04884004884004884,0.06984126984126984,0.060805860805860805,0.003663003663003663,292.44,-43.63,31.0,khong?2
0.029304029304029304,0.055921855921855924,0.07496947496947497,0.06666666666666667,0.004395604395604396,292.06,-25.69,14.13,khong?2
0.03125763125763126,0.05958485958485959,0.07741147741147741,0.07057387057387057,0.004151404151404151,291.69,-31.5,21.06,khong?2
0.031013431013431014,0.060805860805860805,0.0778998778998779,0.07301587301587302,0.003663003663003663,293.56,-40.13,32.5,khong?2
0.029548229548229547,0.06153846153846154,0.07814407814407814,0.073992673992674,0.003663003663003663,292.94,-27.62,19.06,khong?2
0.02857142857142857,0.06202686202686203,0.07814407814407814,0.07423687423687424,0.003418803418803419,291.25,-26.75,17.62,khong?2
0.027106227106227107,0.06227106227106227,0.07667887667887668,0.07374847374847375,0.0031746031746031746,292.37,-39.19,32.5,khong?2
0.02612942612942613,0.06251526251526252,0.07545787545787545,0.07326007326007326,0.0031746031746031746,293.94,-36.63,30.19,khong?2
0.025396825396825397,0.06202686202686203,0.07472527472527472,0.07326007326007326,0.0031746031746031746,291.31,-26.56,17.31,khong?2
0.02490842490842491,0.06153846153846154,0.07423687423687424,0.07277167277167278,0.0031746031746031746,291.81,-37.63,30.06,khong?2
0.025152625152625153,0.06153846153846154,0.073992673992674,0.07179487179487179,0.0029304029304029304,293.31,-39.63,34.56,khong?2
0.025396825396825397,0.06153846153846154,0.07301587301587302,0.07203907203907203,0.0029304029304029304,290.75,-24.37,16.87,khong?2
0.025152625152625153,0.06129426129426129,0.07203907203907203,0.07228327228327229,0.0029304029304029304,290.19,-23.62,16.69,khong?2
0.02442002442002442,0.06031746031746032,0.07057387057387057,0.0713064713064713,0.0029304029304029304,289.5,-27.12,19.87,khong?2
0.023931623931623933,0.05958485958485959,0.06935286935286936,0.07081807081807082,0.0029304029304029304,290.75,-29.62,26.44,khong?2
0.022954822954822957,0.05860805860805861,0.06837606837606838,0.07008547008547009,0.0029304029304029304,285.87,-28.56,37.88,khong?2
0.020512820512820513,0.05641025641025641,0.06715506715506715,0.06593406593406594,0.0029304029304029304,286.87,-29.0,39.63,khong?2
0.01611721611721612,0.04737484737484737,0.06153846153846154,0.05714285714285714,0.0017094017094017094,286.69,-28.62,40.44,khong?2
0.012942612942612943,0.03882783882783883,0.054945054945054944,0.04810744810744811,0.0009768009768009768,286.62,-28.37,40.56,khong?2
0.010744810744810745,0.03247863247863248,0.050061050061050064,0.041758241758241756,0.0004884004884004884,286.87,-28.06,41.69,khong?2
0.00927960927960928,0.02783882783882784,0.0463980463980464,0.03736263736263736,0.0,286.62,-27.94,41.94,khong?2
0.00805860805860806,0.024664224664224663,0.04395604395604396,0.034432234432234435,0.0002442002442002442,286.62,-28.37,41.88,khong?2
0.007326007326007326,0.022466422466422466,0.042735042735042736,0.032722832722832725,0.0004884004884004884,287.06,-28.12,42.25,khong?2
0.006837606837606838,0.021001221001221003,0.041758241758241756,0.0315018315018315,0.0007326007326007326,286.5,-28.56,41.5,khong?2
0.006593406593406593,0.020024420024420026,0.04126984126984127,0.0315018315018315,0.0007326007326007326,286.75,-27.75,38.75,khong?2
0.006593406593406593,0.020024420024420026,0.04151404151404151,0.0315018315018315,0.0009768009768009768,287.62,-27.19,30.19,khong?2
0.006593406593406593,0.021245421245421246,0.0463980463980464,0.03394383394383394,0.0009768009768009768,289.0,-41.25,25.75,khong?2
0.00757020757020757,0.0336996336996337,0.061782661782661785,0.0485958485958486,0.001221001221001221,289.81,-50.81,29.94,khong?2
0.014652014652014652,0.04395604395604396,0.07277167277167278,0.06153846153846154,0.0029304029304029304,292.37,-36.56,18.25,khong?2
0.01978021978021978,0.05128205128205128,0.0800976800976801,0.07106227106227106,0.004151404151404151,291.25,-19.87,10.19,khong?2
0.0231990231990232,0.05616605616605617,0.08302808302808302,0.07765567765567766,0.004884004884004884,288.31,-31.62,21.37,khong?2
0.024664224664224663,0.05811965811965812,0.08327228327228327,0.08205128205128205,0.005372405372405372,290.81,-40.0,34.63,khong?2
0.024175824175824177,0.05860805860805861,0.08278388278388278,0.08205128205128205,0.005860805860805861,288.94,-26.75,20.75,khong?2
0.022954822954822957,0.058363858363858365,0.08253968253968254,0.08083028083028083,0.004884004884004884,288.37,-30.81,23.31,khong?2
0.02197802197802198,0.057631257631257635,0.08156288156288156,0.07985347985347985,0.004395604395604396,292.62,-42.0,34.31,khong?2
0.021001221001221003,0.0568986568986569,0.08083028083028083,0.07765567765567766,0.003907203907203907,289.75,-33.38,23.0,khong?2
0.02026862026862027,0.05616605616605617,0.07936507936507936,0.0761904761904762,0.003663003663003663,286.81,-29.69,20.25,khong?2
0.01978021978021978,0.05518925518925519,0.07814407814407814,0.07496947496947497,0.003418803418803419,291.25,-42.81,35.31,khong?2
0.019291819291819293,0.054212454212454214,0.07692307692307693,0.07423687423687424,0.003418803418803419,292.87,-41.81,35.75,khong?2
0.01855921855921856,0.05347985347985348,0.07594627594627594,0.07374847374847375,0.004395604395604396,289.25,-26.19,20.06,khong?2
0.018070818070818073,0.05299145299145299,0.07521367521367521,0.07472527472527472,0.005128205128205128,287.5,-27.0,20.81,khong?2
0.017094017094017096,0.05225885225885226,0.07423687423687424,0.07545787545787545,0.005616605616605617,287.0,-30.31,24.62,khong?2
0.016605616605616606,0.051526251526251524,0.07326007326007326,0.0761904761904762,0.006105006105006105,287.69,-25.06,20.25,khong?2
0.01611721611721612,0.050793650793650794,0.07252747252747253,0.07643467643467644,0.006349206349206349,286.44,-24.62,26.94,khong?2
0.015384615384615385,0.05030525030525031,0.07179487179487179,0.07667887667887668,0.006349206349206349,282.87,-23.44,35.56,khong?2
0.012942612942612943,0.047619047619047616,0.0713064713064713,0.0713064713064713,0.005372405372405372,283.12,-24.87,38.38,khong?2
0.009523809523809525,0.0380952380952381,0.06398046398046398,0.06031746031746032,0.00463980463980464,282.87,-25.44,39.56,khong?2
0.007081807081807082,0.0315018315018315,0.05811965811965812,0.05274725274725275,0.0029304029304029304,282.81,-26.19,40.75,khong?2
0.005372405372405372,0.026617826617826617,0.05396825396825397,0.04737484737484737,0.0017094017094017094,282.69,-27.06,41.44,khong?2
0.004395604395604396,0.023443223443223443,0.05103785103785104,0.04395604395604396,0.0009768009768009768,282.69,-27.56,41.44,khong?2
0.003663003663003663,0.021245421245421246,0.04908424908424908,0.042002442002442006,0.0002442002442002442,282.75,-27.81,41.63,khong?2
0.003418803418803419,0.01978021978021978,0.047619047619047616,0.04053724053724054,0.0002442002442002442,282.62,-27.62,41.94,khong?2
0.0031746031746031746,0.01855921855921856,0.04664224664224664,0.03956043956043956,0.0004884004884004884,283.69,-30.87,40.31,khong?2
0.0029304029304029304,0.018315018315018316,0.04786324786324787,0.041025641025641026,0.0004884004884004884,288.31,-47.06,38.81,khong?2
0.00805860805860806,0.0315018315018315,0.05982905982905983,0.052503052503052504,0.002442002442002442,281.94,-62.63,42.5,khong?2
0.013675213675213675,0.041025641025641026,0.06837606837606838,0.06031746031746032,0.003663003663003663,283.94,-56.88,38.56,khong?2
0.017826617826617826,0.047619047619047616,0.07423687423687424,0.06617826617826618,0.00463980463980464,288.31,-28.81,20.87,khong?2
0.020512820512820513,0.051770451770451774,0.07692307692307693,0.06984126984126984,0.005372405372405372,287.62,-29.56,20.87,khong?2
0.021001221001221003,0.05445665445665446,0.07741147741147741,0.07228327228327229,0.005860805860805861,288.75,-42.56,36.31,khong?2
0.021245421245421246,0.05641025641025641,0.07741147741147741,0.07374847374847375,0.006105006105006105,290.44,-35.63,30.19,khong?2
0.02148962148962149,0.05714285714285714,0.07716727716727717,0.0735042735042735,0.006349206349206349,287.94,-33.06,24.81,khong?2
0.021245421245421246,0.057387057387057384,0.0761904761904762,0.0735042735042735,0.006349206349206349,290.37,-44.81,37.25,khong?2
0.02148962148962149,0.057387057387057384,0.07448107448107448,0.07277167277167278,0.005372405372405372,291.56,-41.94,37.13,khong?2
0.021245421245421246,0.0568986568986569,0.07326007326007326,0.07228327228327229,0.00463980463980464,289.62,-27.5,20.69,khong?2
0.020757020757020756,0.056654456654456654,0.07228327228327229,0.07155067155067155,0.004151404151404151,289.06,-39.69,33.19,khong?2
0.020512820512820513,0.05641025641025641,0.0713064713064713,0.07106227106227106,0.003663003663003663,288.31,-51.56,45.06,khong?2
0.02026862026862027,0.05616605616605617,0.07057387057387057,0.07081807081807082,0.003418803418803419,290.25,-38.19,34.13,khong?2
0.019291819291819293,0.05567765567765568,0.06984126984126984,0.07057387057387057,0.0031746031746031746,288.44,-25.69,21.44,khong?2
0.018803418803418803,0.05543345543345543,0.06935286935286936,0.06984126984126984,0.0031746031746031746,287.37,-29.12,25.25,khong?2
0.018070818070818073,0.05518925518925519,0.06910866910866911,0.06910866910866911,0.0029304029304029304,285.31,-30.5,36.25,khong?2
0.01733821733821734,0.0547008547008547,0.06862026862026863,0.06886446886446887,0.0029304029304029304,282.94,-26.81,41.0,khong?2
0.01562881562881563,0.05299145299145299,0.06788766788766788,0.06422466422466422,0.0029304029304029304,283.62,-27.75,42.81,khong?2
0.011477411477411478,0.041758241758241756,0.060073260073260075,0.052503052503052504,0.0029304029304029304,283.31,-28.5,44.31,khong?2
0.008302808302808303,0.03296703296703297,0.05347985347985348,0.044444444444444446,0.0017094017094017094,283.12,-29.44,44.88,khong?2
0.006349206349206349,0.026862026862026864,0.0485958485958486,0.038583638583638585,0.0009768009768009768,282.62,-30.31,45.63,khong?2
0.004884004884004884,0.022466422466422466,0.045177045177045176,0.03467643467643468,0.0004884004884004884,282.5,-31.44,46.38,khong?2
0.004151404151404151,0.019536019536019536,0.04297924297924298,0.03247863247863248,0.0,282.25,-36.06,47.69,khong?2
0.003663003663003663,0.018070818070818073,0.04249084249084249,0.03247863247863248,0.0002442002442002442,284.87,-42.88,49.75,khong?2
0.005128205128205128,0.02197802197802198,0.051770451770451774,0.04053724053724054,0.0019536019536019536,287.31,-39.5,31.25,khong?2
0.011233211233211233,0.035897435897435895,0.06129426129426129,0.05274725274725275,0.003418803418803419,287.5,-50.0,43.69,khong?2
0.01562881562881563,0.04566544566544566,0.06813186813186813,0.06105006105006105,0.004395604395604396,287.25,-56.31,52.19,khong?2
0.018803418803418803,0.05274725274725275,0.07277167277167278,0.06715506715506715,0.005128205128205128,289.75,-39.13,32.94,khong?2
0.02026862026862027,0.05641025641025641,0.07496947496947497,0.07032967032967033,0.004395604395604396,288.06,-37.63,29.87,khong?2
0.021001221001221003,0.059096459096459095,0.0761904761904762,0.07228327228327229,0.004151404151404151,290.37,-46.69,44.5,khong?2
0.021001221001221003,0.060073260073260075,0.0757020757020757,0.07301587301587302,0.003663003663003663,292.0,-43.56,41.56,khong?2
0.02026862026862027,0.06056166056166056,0.07521367521367521,0.07301587301587302,0.003418803418803419,287.25,-38.31,26.75,khong?2
0.01978021978021978,0.060805860805860805,0.07472527472527472,0.07277167277167278,0.003418803418803419,289.25,-49.0,43.69,khong?2
0.019291819291819293,0.06056166056166056,0.0735042735042735,0.07179487179487179,0.0031746031746031746,290.81,-48.5,48.13,khong?2
0.01904761904761905,0.060073260073260075,0.07252747252747253,0.07179487179487179,0.0031746031746031746,290.0,-30.75,24.56,khong?2
0.018315018315018316,0.05958485958485959,0.07155067155067155,0.07057387057387057,0.0031746031746031746,288.12,-37.69,31.81,khong?2
0.01733821733821734,0.05885225885225885,0.07081807081807082,0.0695970695970696,0.0031746031746031746,290.69,-47.88,50.31,khong?2
0.016361416361416362,0.05811965811965812,0.07008547008547009,0.06910866910866911,0.0031746031746031746,289.12,-37.06,33.19,khong?2
0.015384615384615385,0.057631257631257635,0.06935286935286936,0.06886446886446887,0.0031746031746031746,287.06,-31.12,25.37,khong?2
0.014896214896214897,0.0568986568986569,0.06837606837606838,0.06813186813186813,0.0031746031746031746,285.75,-34.5,29.31,khong?2
0.01391941391941392,0.05616605616605617,0.06764346764346764,0.0673992673992674,0.0031746031746031746,286.12,-36.25,36.31,khong?2
0.013186813186813187,0.05567765567765568,0.06715506715506715,0.06691086691086691,0.0029304029304029304,280.94,-32.56,43.69,khong?2
0.011965811965811967,0.05518925518925519,0.06642246642246642,0.06471306471306472,0.0029304029304029304,281.31,-33.56,45.5,khong?2
0.00805860805860806,0.04493284493284493,0.05934065934065934,0.05372405372405373,0.0017094017094017094,281.31,-32.69,46.44,khong?2
0.005128205128205128,0.03565323565323565,0.05225885225885226,0.04566544566544566,0.0009768009768009768,281.0,-32.44,46.88,khong?2
0.0031746031746031746,0.028815628815628817,0.04737484737484737,0.04004884004884005,0.0004884004884004884,280.94,-32.44,47.63,khong?2
0.0019536019536019536,0.024175824175824177,0.04395604395604396,0.036141636141636145,0.0,281.0,-33.19,47.88,khong?2
0.0009768009768009768,0.021001221001221003,0.04151404151404151,0.033455433455433455,0.0002442002442002442,280.94,-34.25,47.75,khong?2
0.0004884004884004884,0.01855921855921856,0.04004884004884005,0.0315018315018315,0.0004884004884004884,281.69,-35.13,48.5,khong?2
0.0004884004884004884,0.017094017094017096,0.03907203907203907,0.03028083028083028,0.0004884004884004884,285.62,-39.0,45.56,khong?2
0.0004884004884004884,0.017094017094017096,0.04371184371184371,0.03565323565323565,0.0004884004884004884,287.25,-50.06,43.88,khong?2
0.005128205128205128,0.02857142857142857,0.055921855921855924,0.04786324786324787,0.002442002442002442,284.25,-60.06,51.81,khong?2
0.008302808302808303,0.03663003663003663,0.06422466422466422,0.056654456654456654,0.003663003663003663,283.87,-62.56,53.75,khong?2
0.010744810744810745,0.04224664224664225,0.07032967032967033,0.06275946275946276,0.00463980463980464,289.87,-46.38,40.31,khong?2
0.011721611721611722,0.04542124542124542,0.07301587301587302,0.06593406593406594,0.005372405372405372,287.87,-44.94,29.94,khong?2
0.01221001221001221,0.04737484737484737,0.07448107448107448,0.06788766788766788,0.005860805860805861,288.31,-55.38,49.38,khong?2
0.012454212454212455,0.04810744810744811,0.07448107448107448,0.06910866910866911,0.006105006105006105,291.37,-44.56,37.44,khong?2
0.012942612942612943,0.04884004884004884,0.07423687423687424,0.06984126984126984,0.005128205128205128,290.19,-44.94,34.94,khong?2
0.013186813186813187,0.04932844932844933,0.073992673992674,0.07008547008547009,0.00463980463980464,290.62,-55.38,54.81,khong?2
0.01611721611721612,0.05054945054945055,0.07374847374847375,0.07057387057387057,0.004151404151404151,292.87,-47.25,43.06,khong?2
0.01855921855921856,0.051526251526251524,0.07423687423687424,0.07203907203907203,0.003907203907203907,290.25,-44.06,31.12,khong?2
0.021733821733821733,0.052503052503052504,0.07448107448107448,0.07301587301587302,0.003663003663003663,291.31,-51.63,49.5,khong?2
0.02612942612942613,0.05299145299145299,0.07423687423687424,0.07228327228327229,0.003418803418803419,286.5,-57.0,55.0,khong?2
0.029792429792429794,0.05445665445665446,0.07374847374847375,0.07374847374847375,0.003418803418803419,290.19,-43.38,32.94,khong?2
0.03321123321123321,0.05445665445665446,0.07277167277167278,0.07472527472527472,0.0031746031746031746,288.06,-40.38,28.25,khong?2
0.03736263736263736,0.05445665445665446,0.07203907203907203,0.0735042735042735,0.0031746031746031746,290.5,-49.19,43.0,khong?2
0.04004884004884005,0.05445665445665446,0.07155067155067155,0.07252747252747253,0.0029304029304029304,285.94,-59.25,56.56,khong?2
0.042002442002442006,0.05347985347985348,0.06984126984126984,0.07179487179487179,0.0029304029304029304,289.12,-49.88,44.13,khong?2
0.042002442002442006,0.05299145299145299,0.06837606837606838,0.0713064713064713,0.0029304029304029304,289.81,-33.63,26.69,khong?2
0.04151404151404151,0.052503052503052504,0.06715506715506715,0.07081807081807082,0.0029304029304029304,289.69,-21.5,17.62,khong?2
0.0398046398046398,0.05225885225885226,0.06593406593406594,0.07032967032967033,0.0029304029304029304,288.94,-31.81,24.69,khong?2
0.037606837606837605,0.05201465201465202,0.06495726495726496,0.07008547008547009,0.0029304029304029304,289.94,-40.31,35.06,khong?2
0.035897435897435895,0.05201465201465202,0.06446886446886448,0.06984126984126984,0.0029304029304029304,279.69,-45.63,44.25,khong?2
0.033455433455433455,0.05128205128205128,0.06324786324786325,0.06813186813186813,0.0029304029304029304,278.94,-47.44,42.69,khong?2
0.027106227106227107,0.04395604395604396,0.06129426129426129,0.06129426129426129,0.0029304029304029304,279.19,-45.63,44.25,khong?2
0.021245421245421246,0.03467643467643468,0.05518925518925519,0.05103785103785104,0.0017094017094017094,279.87,-45.13,44.19,khong?2
0.01733821733821734,0.027594627594627594,0.04981684981684982,0.04371184371184371,0.0009768009768009768,280.44,-45.0,44.44,khong?2
0.014407814407814409,0.02271062271062271,0.04590964590964591,0.038583638583638585,0.0004884004884004884,281.0,-45.31,43.75,khong?2
0.012454212454212455,0.01904761904761905,0.04297924297924298,0.03492063492063492,0.0,281.56,-46.13,44.69,khong?2
0.01098901098901099,0.016605616605616606,0.041025641025641026,0.03247863247863248,0.0002442002442002442,282.75,-48.31,46.38,khong?2
0.010012210012210013,0.015384615384615385,0.04151404151404151,0.032722832722832725,0.0004884004884004884,287.56,-52.81,43.94,khong?2
0.016361416361416362,0.027594627594627594,0.05543345543345543,0.04151404151404151,0.0029304029304029304,283.62,-61.56,46.63,khong?2
0.020757020757020756,0.039316239316239315,0.0652014652014652,0.04835164835164835,0.006593406593406593,283.25,-70.81,58.06,khong?2
0.024175824175824177,0.047619047619047616,0.07203907203907203,0.05396825396825397,0.009035409035409036,283.87,-62.69,51.5,khong?2
0.02905982905982906,0.054212454212454214,0.07448107448107448,0.05958485958485959,0.010744810744810745,289.31,-44.56,28.31,khong?2
0.0315018315018315,0.05860805860805861,0.0761904761904762,0.06349206349206349,0.011965811965811967,290.0,-46.88,31.69,khong?2
0.031746031746031744,0.06105006105006105,0.07741147741147741,0.06446886446886448,0.012698412698412698,289.37,-50.94,46.88,khong?2
0.03223443223443224,0.063003663003663,0.0778998778998779,0.06691086691086691,0.013431013431013432,291.06,-40.31,37.75,khong?2
0.03247863247863248,0.06446886446886448,0.07667887667887668,0.06862026862026863,0.012698412698412698,290.0,-32.19,28.62,khong?2
0.0315018315018315,0.06495726495726496,0.07545787545787545,0.06886446886446887,0.01221001221001221,289.5,-46.19,43.81,khong?2
0.03076923076923077,0.06495726495726496,0.07326007326007326,0.06788766788766788,0.011721611721611722,290.12,-49.88,51.56,khong?2
0.029304029304029304,0.06446886446886448,0.07155067155067155,0.0673992673992674,0.011477411477411478,291.0,-38.81,32.56,khong?2
0.027594627594627594,0.06398046398046398,0.07008547008547009,0.06666666666666667,0.011233211233211233,290.37,-46.44,44.81,khong?2
0.026373626373626374,0.06349206349206349,0.06837606837606838,0.06568986568986569,0.01098901098901099,290.5,-49.0,51.06,khong?2
0.025396825396825397,0.06275946275946276,0.06715506715506715,0.06544566544566545,0.01098901098901099,291.19,-27.87,25.94,khong?2
0.024175824175824177,0.06227106227106227,0.06617826617826618,0.06544566544566545,0.010744810744810745,289.69,-26.19,24.25,khong?2
0.022954822954822957,0.061782661782661785,0.06544566544566545,0.06471306471306472,0.009768009768009768,289.06,-33.69,28.56,khong?2
0.022222222222222223,0.06129426129426129,0.06471306471306472,0.06422466422466422,0.008791208791208791,283.87,-34.19,41.19,khong?2
0.021001221001221003,0.060805860805860805,0.06422466422466422,0.06349206349206349,0.008302808302808303,283.44,-36.63,44.0,khong?2
0.01611721611721612,0.05201465201465202,0.06129426129426129,0.05641025641025641,0.006593406593406593,282.94,-37.94,45.94,khong?2
0.01221001221001221,0.041025641025641026,0.054212454212454214,0.04664224664224664,0.005616605616605617,282.94,-37.69,46.25,khong?2
0.00927960927960928,0.03296703296703297,0.04884004884004884,0.0398046398046398,0.004884004884004884,283.06,-37.69,46.75,khong?2
0.007326007326007326,0.027106227106227107,0.04468864468864469,0.03492063492063492,0.004151404151404151,283.19,-38.06,46.94,khong?2
0.006105006105006105,0.0231990231990232,0.04151404151404151,0.031746031746031744,0.003663003663003663,283.69,-37.81,47.38,khong?2
0.005128205128205128,0.02026862026862027,0.03956043956043956,0.029548229548229547,0.003418803418803419,283.56,-38.19,47.5,khong?2
0.004395604395604396,0.018315018315018316,0.0380952380952381,0.028327228327228327,0.0031746031746031746,283.75,-38.13,47.94,khong?2
0.003907203907203907,0.017094017094017096,0.03736263736263736,0.02735042735042735,0.0031746031746031746,283.44,-39.56,48.56,khong?2
0.003663003663003663,0.016361416361416362,0.03663003663003663,0.026617826617826617,0.0029304029304029304,288.87,-42.88,42.81,khong?2
0.004151404151404151,0.019291819291819293,0.043467643467643466,0.03199023199023199,0.0029304029304029304,289.75,-52.13,39.06,khong?2
0.014163614163614164,0.032722832722832725,0.0568986568986569,0.04542124542124542,0.005372405372405372,287.31,-59.94,50.0,khong?2
0.021001221001221003,0.042002442002442006,0.06617826617826618,0.0547008547008547,0.006837606837606838,287.75,-57.88,50.56,khong?2
0.025885225885225887,0.04835164835164835,0.07277167277167278,0.06129426129426129,0.00805860805860806,290.06,-42.88,30.62,khong?2
0.026617826617826617,0.05054945054945055,0.07521367521367521,0.06495726495726496,0.007814407814407814,289.69,-46.44,36.56,khong?2
0.026862026862026864,0.051526251526251524,0.0757020757020757,0.06666666666666667,0.00757020757020757,289.0,-53.31,53.31,khong?2
0.02612942612942613,0.051526251526251524,0.07545787545787545,0.06691086691086691,0.007326007326007326,290.69,-40.44,33.94,khong?2
0.02490842490842491,0.051526251526251524,0.07472527472527472,0.06666666666666667,0.007326007326007326,289.12,-39.31,31.06,khong?2
0.023687423687423687,0.05128205128205128,0.07374847374847375,0.06593406593406594,0.007081807081807082,290.19,-48.5,46.88,khong?2
0.022222222222222223,0.050793650793650794,0.07228327228327229,0.0652014652014652,0.007081807081807082,292.06,-45.25,46.31,khong?2
0.021001221001221003,0.05030525030525031,0.07106227106227106,0.0652014652014652,0.007081807081807082,291.37,-29.81,23.06,khong?2
0.01978021978021978,0.04981684981684982,0.07032967032967033,0.06446886446886448,0.006837606837606838,289.5,-40.38,35.06,khong?2
0.01855921855921856,0.04932844932844933,0.06886446886446887,0.06324786324786325,0.006837606837606838,290.81,-48.06,48.88,khong?2
0.017582417582417582,0.0485958485958486,0.0673992673992674,0.06398046398046398,0.005616605616605617,290.44,-35.5,29.06,khong?2
0.01684981684981685,0.04786324786324787,0.06617826617826618,0.06446886446886448,0.004884004884004884,290.75,-29.81,23.25,khong?2
0.016361416361416362,0.04737484737484737,0.06544566544566545,0.06422466422466422,0.004395604395604396,289.31,-34.0,26.87,khong?2
0.01611721611721612,0.04713064713064713,0.06471306471306472,0.06398046398046398,0.003907203907203907,289.0,-33.88,26.56,khong?2
0.015873015873015872,0.04664224664224664,0.06422466422466422,0.06373626373626373,0.003663003663003663,284.81,-34.56,38.5,khong?2
0.01562881562881563,0.04664224664224664,0.06373626373626373,0.06251526251526252,0.003418803418803419,284.06,-35.81,43.69,khong?2
0.012454212454212455,0.042002442002442006,0.06251526251526252,0.0568986568986569,0.003418803418803419,285.25,-35.63,44.75,khong?2
0.009523809523809525,0.0336996336996337,0.05616605616605617,0.04786324786324787,0.0031746031746031746,284.44,-35.63,44.81,khong?2
0.00757020757020757,0.027594627594627594,0.051526251526251524,0.04151404151404151,0.0031746031746031746,284.25,-36.31,45.25,khong?2
0.006105006105006105,0.0231990231990232,0.04810744810744811,0.03711843711843712,0.0031746031746031746,284.31,-36.56,45.69,khong?2
0.005128205128205128,0.020024420024420026,0.04566544566544566,0.034432234432234435,0.0031746031746031746,284.62,-37.25,46.06,khong?2
0.00463980463980464,0.018070818070818073,0.0442002442002442,0.032722832722832725,0.0031746031746031746,284.5,-39.44,47.31,khong?2
0.004151404151404151,0.016605616605616606,0.04322344322344322,0.031746031746031744,0.0031746031746031746,288.75,-46.63,48.38,khong?2
0.004151404151404151,0.018315018315018316,0.0485958485958486,0.03638583638583639,0.0031746031746031746,289.5,-53.25,46.81,khong?2
0.01098901098901099,0.0315018315018315,0.05787545787545788,0.04566544566544566,0.004151404151404151,286.62,-59.88,52.88,khong?2
0.015873015873015872,0.041025641025641026,0.06446886446886448,0.05225885225885226,0.004884004884004884,284.44,-64.12,56.75,khong?2
0.019291819291819293,0.04737484737484737,0.06910866910866911,0.0568986568986569,0.005372405372405372,290.19,-46.06,40.94,khong?2
0.020512820512820513,0.050793650793650794,0.0713064713064713,0.05958485958485959,0.005860805860805861,289.69,-36.31,27.31,khong?2
0.021001221001221003,0.053235653235653234,0.07252747252747253,0.06129426129426129,0.006105006105006105,289.31,-45.75,42.06,khong?2
0.020757020757020756,0.0547008547008547,0.07228327228327229,0.06202686202686203,0.005128205128205128,290.44,-45.56,47.63,khong?2
0.02026862026862027,0.05567765567765568,0.07203907203907203,0.06251526251526252,0.00463980463980464,290.94,-31.94,26.0,khong?2
0.01978021978021978,0.05567765567765568,0.07155067155067155,0.06275946275946276,0.004151404151404151,289.0,-40.56,36.94,khong?2
0.018803418803418803,0.05543345543345543,0.07032967032967033,0.06275946275946276,0.003907203907203907,291.25,-42.5,41.44,khong?2
0.01733821733821734,0.05518925518925519,0.06935286935286936,0.06251526251526252,0.003663003663003663,290.62,-32.44,24.12,khong?2
0.016361416361416362,0.0547008547008547,0.06837606837606838,0.06202686202686203,0.003418803418803419,290.56,-43.31,40.63,khong?2
0.01562881562881563,0.05445665445665446,0.06715506715506715,0.06129426129426129,0.0031746031746031746,289.81,-48.81,52.0,khong?2
0.01514041514041514,0.05396825396825397,0.06642246642246642,0.06105006105006105,0.0031746031746031746,292.12,-33.0,28.56,khong?2
0.014652014652014652,0.053235653235653234,0.06544566544566545,0.06105006105006105,0.0029304029304029304,291.12,-28.62,23.37,khong?2
0.014163614163614164,0.05274725274725275,0.06446886446886448,0.06031746031746032,0.0029304029304029304,289.56,-35.06,27.87,khong?2
0.013431013431013432,0.05201465201465202,0.06373626373626373,0.05958485958485959,0.0029304029304029304,286.5,-36.5,39.81,khong?2
0.012942612942612943,0.051526251526251524,0.06324786324786325,0.059096459096459095,0.0029304029304029304,283.0,-36.13,44.38,khong?2
0.011233211233211233,0.05054945054945055,0.06251526251526252,0.05518925518925519,0.0029304029304029304,282.44,-37.5,46.44,khong?2
0.008302808302808303,0.04078144078144078,0.05641025641025641,0.04566544566544566,0.0029304029304029304,282.31,-38.38,46.81,khong?2
0.006349206349206349,0.033455433455433455,0.05128205128205128,0.03907203907203907,0.0029304029304029304,282.44,-38.88,47.38,khong?2
0.004884004884004884,0.028327228327228327,0.047619047619047616,0.03467643467643468,0.0017094017094017094,282.25,-40.63,47.56,khong?2
0.003907203907203907,0.02490842490842491,0.045177045177045176,0.0315018315018315,0.0007326007326007326,281.69,-42.81,47.63,khong?2
0.003418803418803419,0.022222222222222223,0.043467643467643466,0.029548229548229547,0.0002442002442002442,281.87,-43.63,46.63,khong?2
0.003418803418803419,0.020512820512820513,0.04224664224664225,0.028327228327228327,0.0002442002442002442,282.06,-44.31,45.63,khong?2
0.0031746031746031746,0.019291819291819293,0.041758241758241756,0.027594627594627594,0.0007326007326007326,282.81,-45.56,46.44,khong?2
0.0031746031746031746,0.01855921855921856,0.04126984126984127,0.027106227106227107,0.0014652014652014652,291.5,-43.44,34.0,khong?2
0.003418803418803419,0.02026862026862027,0.047619047619047616,0.03199023199023199,0.0019536019536019536,290.0,-42.31,31.69,khong?2
0.007326007326007326,0.03247863247863248,0.05714285714285714,0.041758241758241756,0.002197802197802198,289.31,-50.81,41.06,khong?2
0.011477411477411478,0.041025641025641026,0.06373626373626373,0.04884004884004884,0.003663003663003663,286.12,-58.0,48.06,khong?2
0.014407814407814409,0.04713064713064713,0.06837606837606838,0.05372405372405373,0.003418803418803419,291.25,-36.44,28.44,khong?2
0.016361416361416362,0.05128205128205128,0.07081807081807082,0.056654456654456654,0.003418803418803419,291.25,-35.44,26.94,khong?2
0.01733821733821734,0.05299145299145299,0.07081807081807082,0.05885225885225885,0.0031746031746031746,291.69,-46.25,42.69,khong?2
0.017094017094017096,0.05372405372405373,0.0695970695970696,0.05958485958485959,0.0031746031746031746,294.06,-43.5,40.25,khong?2
0.015873015873015872,0.05372405372405373,0.06862026862026863,0.060073260073260075,0.0031746031746031746,292.81,-27.31,19.06,khong?2
0.014896214896214897,0.05347985347985348,0.06788766788766788,0.060073260073260075,0.0031746031746031746,290.62,-36.69,27.5,khong?2
0.014163614163614164,0.053235653235653234,0.06617826617826618,0.05982905982905983,0.0031746031746031746,292.25,-45.81,44.44,khong?2
0.013675213675213675,0.05299145299145299,0.06471306471306472,0.060073260073260075,0.0031746031746031746,292.37,-30.06,25.37,khong?2
0.012942612942612943,0.052503052503052504,0.06373626373626373,0.05958485958485959,0.0031746031746031746,290.94,-36.19,29.81,khong?2
0.012454212454212455,0.052503052503052504,0.06275946275946276,0.05885225885225885,0.0031746031746031746,292.06,-48.0,48.19,khong?2
0.01221001221001221,0.051770451770451774,0.061782661782661785,0.058363858363858365,0.0029304029304029304,291.94,-33.75,28.87,khong?2
0.011965811965811967,0.05128205128205128,0.060805860805860805,0.05860805860805861,0.0029304029304029304,291.19,-18.12,15.56,khong?2
0.011233211233211233,0.050793650793650794,0.06031746031746032,0.05860805860805861,0.0029304029304029304,290.25,-23.69,18.69,khong?2
0.010500610500610501,0.05054945054945055,0.05982905982905983,0.05860805860805861,0.0029304029304029304,291.06,-31.44,25.44,khong?2
0.009768009768009768,0.050061050061050064,0.05885225885225885,0.05860805860805861,0.0029304029304029304,287.62,-30.19,37.81,khong?2
0.008791208791208791,0.04932844932844933,0.05787545787545788,0.05616605616605617,0.0029304029304029304,288.56,-30.94,39.69,khong?2
0.005372405372405372,0.0398046398046398,0.05128205128205128,0.046153846153846156,0.0017094017094017094,288.19,-32.19,41.0,khong?2
0.0031746031746031746,0.0315018315018315,0.045177045177045176,0.038583638583638585,0.0009768009768009768,288.06,-33.31,41.06,khong?2
0.0014652014652014652,0.02564102564102564,0.04078144078144078,0.03296703296703297,0.0002442002442002442,287.94,-33.88,40.88,khong?2
0.0004884004884004884,0.02148962148962149,0.03785103785103785,0.029304029304029304,0.0,288.31,-34.63,41.13,khong?2
0.0002442002442002442,0.01855921855921856,0.035897435897435895,0.026617826617826617,0.0004884004884004884,288.37,-35.75,41.56,khong?2
0.0007326007326007326,0.016605616605616606,0.034432234432234435,0.02490842490842491,0.0007326007326007326,289.37,-39.19,40.81,khong?2
0.0009768009768009768,0.01514041514041514,0.03394383394383394,0.024664224664224663,0.0007326007326007326,292.44,-39.13,28.56,khong?2
0.002686202686202686,0.02442002442002442,0.04835164835164835,0.036874236874236875,0.0002442002442002442,291.12,-44.19,31.5,khong?2
0.007814407814407814,0.03418803418803419,0.058363858363858365,0.04566544566544566,0.0009768009768009768,288.81,-58.88,47.69,khong?2
0.01221001221001221,0.04151404151404151,0.06544566544566545,0.051770451770451774,0.0017094017094017094,293.69,-48.25,39.13,khong?2
0.015384615384615385,0.046886446886446886,0.06886446886446887,0.05543345543345543,0.0019536019536019536,295.69,-24.19,14.81,khong?2
0.01684981684981685,0.04981684981684982,0.07106227106227106,0.05787545787545788,0.002197802197802198,294.75,-36.63,27.75,khong?2
0.017094017094017096,0.050793650793650794,0.06984126984126984,0.058363858363858365,0.002442002442002442,295.25,-47.63,40.88,khong?2
0.01684981684981685,0.05103785103785104,0.06862026862026863,0.05885225885225885,0.002442002442002442,295.62,-38.13,25.37,khong?2
0.01611721611721612,0.05128205128205128,0.06764346764346764,0.058363858363858365,0.002686202686202686,295.12,-40.0,26.12,khong?2
0.01611721611721612,0.051526251526251524,0.06666666666666667,0.05787545787545788,0.002686202686202686,296.62,-49.06,43.88,khong?2
0.01611721611721612,0.051526251526251524,0.06568986568986569,0.05787545787545788,0.002686202686202686,296.81,-36.13,27.37,khong?2
0.01562881562881563,0.05128205128205128,0.06446886446886448,0.05787545787545788,0.002686202686202686,296.12,-30.5,20.62,khong?2
0.01514041514041514,0.050793650793650794,0.06349206349206349,0.057387057387057384,0.002686202686202686,295.06,-47.94,43.56,khong?2
0.014896214896214897,0.050793650793650794,0.063003663003663,0.0568986568986569,0.002686202686202686,294.19,-48.19,46.88,khong?2
0.014652014652014652,0.05054945054945055,0.06275946275946276,0.0568986568986569,0.0029304029304029304,294.31,-27.81,18.37,khong?2
0.01391941391941392,0.04981684981684982,0.06202686202686203,0.056654456654456654,0.0029304029304029304,292.94,-29.56,21.19,khong?2
0.013431013431013432,0.04932844932844933,0.060805860805860805,0.05641025641025641,0.0029304029304029304,292.87,-31.69,21.81,khong?2
0.012942612942612943,0.04908424908424908,0.060073260073260075,0.05616605616605617,0.0029304029304029304,292.69,-34.63,30.44,khong?2
0.012454212454212455,0.0485958485958486,0.05934065934065934,0.055921855921855924,0.0029304029304029304,286.06,-34.88,41.0,khong?2
0.011477411477411478,0.04835164835164835,0.05885225885225885,0.05347985347985348,0.0017094017094017094,286.62,-36.75,42.06,khong?2
0.00757020757020757,0.03882783882783883,0.053235653235653234,0.04590964590964591,0.0009768009768009768,287.25,-36.94,42.38,khong?2
0.00463980463980464,0.03076923076923077,0.04737484737484737,0.0380952380952381,0.0004884004884004884,287.75,-36.69,43.31,khong?2
0.002686202686202686,0.025396825396825397,0.04297924297924298,0.032722832722832725,0.0,287.87,-36.56,43.69,khong?2
0.0017094017094017094,0.021245421245421246,0.04004884004884005,0.028815628815628817,0.0002442002442002442,288.0,-36.81,43.94,khong?2
0.0009768009768009768,0.018315018315018316,0.03785103785103785,0.026373626373626374,0.0004884004884004884,287.81,-37.63,43.94,khong?2
0.0004884004884004884,0.016361416361416362,0.03638583638583639,0.024664224664224663,0.0007326007326007326,287.87,-37.88,43.88,khong?2
0.0002442002442002442,0.01514041514041514,0.03540903540903541,0.023687423687423687,0.0007326007326007326,287.12,-40.75,44.13,khong?2
0.0002442002442002442,0.014163614163614164,0.03467643467643468,0.022954822954822957,0.0007326007326007326,291.94,-40.88,42.81,khong?2
0.0002442002442002442,0.014407814407814409,0.03907203907203907,0.023687423687423687,0.0007326007326007326,293.06,-43.69,31.94,khong?2
0.003663003663003663,0.028327228327228327,0.04981684981684982,0.03540903540903541,0.002686202686202686,291.69,-52.69,41.81,khong?2
0.006349206349206349,0.03833943833943834,0.05714285714285714,0.04371184371184371,0.005128205128205128,290.87,-56.31,47.56,khong?2
0.00805860805860806,0.045177045177045176,0.06227106227106227,0.04957264957264957,0.006837606837606838,292.37,-36.13,25.5,khong?2
0.00805860805860806,0.04835164835164835,0.06471306471306472,0.053235653235653234,0.00805860805860806,290.12,-37.63,28.69,khong?2
0.007326007326007326,0.05054945054945055,0.06544566544566545,0.05567765567765568,0.00757020757020757,291.12,-46.06,42.06,khong?2
0.006349206349206349,0.05128205128205128,0.06593406593406594,0.056654456654456654,0.00757020757020757,291.06,-38.25,32.13,khong?2
0.005616605616605617,0.051770451770451774,0.06568986568986569,0.056654456654456654,0.007326007326007326,287.81,-38.81,30.62,khong?2
0.004884004884004884,0.05201465201465202,0.06446886446886448,0.05641025641025641,0.007081807081807082,289.31,-48.06,44.38,khong?2
0.00463980463980464,0.05225885225885226,0.06349206349206349,0.05616605616605617,0.007081807081807082,291.44,-41.31,37.88,khong?2
0.004395604395604396,0.05201465201465202,0.06275946275946276,0.05641025641025641,0.006837606837606838,289.87,-31.44,21.56,khong?2
0.004151404151404151,0.051770451770451774,0.06227106227106227,0.05567765567765568,0.006837606837606838,291.25,-44.13,39.44,khong?2
0.004395604395604396,0.05128205128205128,0.060805860805860805,0.05518925518925519,0.006837606837606838,291.69,-46.19,44.94,khong?2
0.004151404151404151,0.05054945054945055,0.05958485958485959,0.05567765567765568,0.006837606837606838,290.12,-35.75,26.0,khong?2
0.003907203907203907,0.04981684981684982,0.05860805860805861,0.05567765567765568,0.006837606837606838,288.94,-34.69,23.31,khong?2
0.003907203907203907,0.04908424908424908,0.05787545787545788,0.05567765567765568,0.006837606837606838,289.12,-35.94,26.25,khong?2
0.003663003663003663,0.0485958485958486,0.057387057387057384,0.05567765567765568,0.006837606837606838,289.0,-36.44,27.56,khong?2
0.003663003663003663,0.04810744810744811,0.056654456654456654,0.05567765567765568,0.006837606837606838,284.5,-31.69,35.5,khong?2
0.003418803418803419,0.04737484737484737,0.05641025641025641,0.05445665445665446,0.006837606837606838,284.56,-31.75,40.38,khong?2
0.0007326007326007326,0.039316239316239315,0.05347985347985348,0.046153846153846156,0.005616605616605617,285.12,-31.06,41.38,khong?2
0.001221001221001221,0.03125763125763126,0.04810744810744811,0.0380952380952381,0.004884004884004884,284.81,-30.87,41.88,khong?2
0.002686202686202686,0.02564102564102564,0.0442002442002442,0.03223443223443224,0.004395604395604396,284.75,-31.44,42.06,khong?2
0.003418803418803419,0.02148962148962149,0.041025641025641026,0.028327228327228327,0.003907203907203907,284.81,-31.12,42.63,khong?2
0.004151404151404151,0.01855921855921856,0.03882783882783883,0.02564102564102564,0.003418803418803419,284.75,-31.31,42.56,khong?2
0.00463980463980464,0.016361416361416362,0.03736263736263736,0.023687423687423687,0.003418803418803419,284.62,-34.5,43.19,khong?2
0.00463980463980464,0.014896214896214897,0.036141636141636145,0.02271062271062271,0.0031746031746031746,290.69,-42.56,40.31,khong?2
0.003907203907203907,0.01684981684981685,0.04542124542124542,0.03076923076923077,0.0031746031746031746,287.69,-50.06,40.06,khong?2
0.0002442002442002442,0.02783882783882784,0.05518925518925519,0.04151404151404151,0.004395604395604396,282.62,-62.06,42.63,khong?2
0.002686202686202686,0.03540903540903541,0.06202686202686203,0.04932844932844933,0.005128205128205128,288.5,-50.13,42.88,khong?2
0.00463980463980464,0.04078144078144078,0.06691086691086691,0.0547008547008547,0.005616605616605617,290.62,-33.19,22.75,khong?2
0.005616605616605617,0.044444444444444446,0.06935286935286936,0.05860805860805861,0.006105006105006105,288.44,-41.31,33.38,khong?2
0.006105006105006105,0.046886446886446886,0.07008547008547009,0.06105006105006105,0.006349206349206349,288.12,-48.19,44.44,khong?2
0.005860805860805861,0.04810744810744811,0.07032967032967033,0.06227106227106227,0.006349206349206349,289.31,-35.13,29.81,khong?2
0.005616605616605617,0.04884004884004884,0.07032967032967033,0.06251526251526252,0.006593406593406593,288.25,-39.75,32.81,khong?2
0.005616605616605617,0.04908424908424908,0.06910866910866911,0.06227106227106227,0.006593406593406593,287.56,-48.94,43.94,khong?2
0.005616605616605617,0.04957264957264957,0.06813186813186813,0.06202686202686203,0.006593406593406593,290.62,-35.06,30.06,khong?2
0.005372405372405372,0.04957264957264957,0.06715506715506715,0.061782661782661785,0.005616605616605617,290.0,-36.13,29.06,khong?2
0.005372405372405372,0.04957264957264957,0.06642246642246642,0.06129426129426129,0.004884004884004884,290.44,-46.69,44.25,khong?2
0.005616605616605617,0.04932844932844933,0.06593406593406594,0.060805860805860805,0.004151404151404151,292.0,-38.38,35.94,khong?2
0.005372405372405372,0.04908424908424908,0.0652014652014652,0.060805860805860805,0.003663003663003663,289.87,-30.62,23.94,khong?2
0.00463980463980464,0.0485958485958486,0.06471306471306472,0.06031746031746032,0.003418803418803419,289.0,-33.19,27.44,khong?2
0.003907203907203907,0.04786324786324787,0.06398046398046398,0.05982905982905983,0.0031746031746031746,288.19,-35.31,34.5,khong?2
0.0031746031746031746,0.04713064713064713,0.06324786324786325,0.05934065934065934,0.0031746031746031746,282.44,-30.75,39.94,khong?2
0.002686202686202686,0.04664224664224664,0.06251526251526252,0.057387057387057384,0.0029304029304029304,283.0,-31.62,41.88,khong?2
0.0004884004884004884,0.03833943833943834,0.0568986568986569,0.04932844932844933,0.0029304029304029304,283.0,-31.5,42.19,khong?2
0.001221001221001221,0.030036630036630037,0.04981684981684982,0.041025641025641026,0.0017094017094017094,282.69,-31.06,42.69,khong?2
0.002686202686202686,0.02442002442002442,0.04493284493284493,0.03540903540903541,0.0009768009768009768,282.62,-32.25,42.81,khong?2
0.003663003663003663,0.02026862026862027,0.04151404151404151,0.03125763125763126,0.0004884004884004884,282.5,-33.5,43.13,khong?2
0.004151404151404151,0.017582417582417582,0.03907203907203907,0.02857142857142857,0.0,282.69,-34.13,43.38,khong?2
0.004395604395604396,0.015384615384615385,0.037606837606837605,0.026862026862026864,0.0002442002442002442,282.81,-35.06,43.75,khong?2
0.004395604395604396,0.014163614163614164,0.036874236874236875,0.02564102564102564,0.0007326007326007326,282.25,-41.44,46.75,khong?2
0.004395604395604396,0.013675213675213675,0.03736263736263736,0.025885225885225887,0.0014652014652014652,290.94,-42.94,34.88,khong?2
0.0007326007326007326,0.026373626373626374,0.050061050061050064,0.038583638583638585,0.0029304029304029304,289.94,-41.13,30.12,khong?2
0.002197802197802198,0.035164835164835165,0.059096459096459095,0.04737484737484737,0.004151404151404151,288.06,-49.63,40.06,khong?2
0.004395604395604396,0.04126984126984127,0.0652014652014652,0.05347985347985348,0.004884004884004884,287.81,-49.88,43.81,khong?2
0.005860805860805861,0.04371184371184371,0.06764346764346764,0.057387057387057384,0.005372405372405372,288.81,-36.38,25.12,khong?2
0.006349206349206349,0.045177045177045176,0.06886446886446887,0.05958485958485959,0.005860805860805861,288.31,-39.69,29.69,khong?2
0.005860805860805861,0.045177045177045176,0.06837606837606838,0.060805860805860805,0.006105006105006105,289.87,-46.44,42.44,khong?2
0.005128205128205128,0.04493284493284493,0.06764346764346764,0.06031746031746032,0.006349206349206349,291.5,-38.56,33.13,khong?2
0.00463980463980464,0.04493284493284493,0.06691086691086691,0.05958485958485959,0.005372405372405372,290.69,-35.5,26.56,khong?2
0.003907203907203907,0.044444444444444446,0.06617826617826618,0.05885225885225885,0.00463980463980464,291.0,-42.69,38.06,khong?2
0.003418803418803419,0.044444444444444446,0.06544566544566545,0.05811965811965812,0.004151404151404151,290.25,-43.75,41.88,khong?2
0.002686202686202686,0.0442002442002442,0.06446886446886448,0.057631257631257635,0.003663003663003663,291.25,-28.5,17.56,khong?2
0.002197802197802198,0.04395604395604396,0.06373626373626373,0.0568986568986569,0.003418803418803419,290.94,-37.38,30.81,khong?2
0.0019536019536019536,0.04371184371184371,0.063003663003663,0.05616605616605617,0.0031746031746031746,290.69,-43.0,42.38,khong?2
0.0014652014652014652,0.04371184371184371,0.06227106227106227,0.05518925518925519,0.0031746031746031746,293.69,-38.94,10.88,khong?2
0.0009768009768009768,0.04297924297924298,0.06153846153846154,0.0547008547008547,0.0029304029304029304,294.19,-37.81,10.44,khong?2
0.0007326007326007326,0.04224664224664225,0.060805860805860805,0.054212454212454214,0.0029304029304029304,295.0,-36.0,10.88,khong?2
0.0004884004884004884,0.041758241758241756,0.06031746031746032,0.05396825396825397,0.0029304029304029304,292.81,-37.88,13.63,khong?2
0.0004884004884004884,0.04126984126984127,0.05982905982905983,0.05372405372405373,0.0029304029304029304,285.69,-32.38,23.69,khong?2
0.0002442002442002442,0.04078144078144078,0.05958485958485959,0.05225885225885226,0.0029304029304029304,284.87,-34.63,26.62,khong?2
0.0014652014652014652,0.03565323565323565,0.056654456654456654,0.0463980463980464,0.0029304029304029304,284.87,-35.63,27.94,khong?2
0.002686202686202686,0.028815628815628817,0.05103785103785104,0.03907203907203907,0.0017094017094017094,285.5,-35.94,28.25,khong?2
0.003418803418803419,0.023931623931623933,0.04664224664224664,0.03394383394383394,0.0009768009768009768,285.56,-36.38,28.5,khong?2
0.004151404151404151,0.02026862026862027,0.043467643467643466,0.03028083028083028,0.0004884004884004884,285.56,-36.56,28.62,khong?2
0.00463980463980464,0.017826617826617826,0.04126984126984127,0.02783882783882784,0.0,285.94,-36.56,28.81,khong?2
0.004884004884004884,0.015873015873015872,0.03956043956043956,0.025885225885225887,0.0002442002442002442,286.06,-37.19,28.62,khong?2
0.005128205128205128,0.014652014652014652,0.038583638583638585,0.024664224664224663,0.0004884004884004884,284.0,-42.69,27.56,khong?2
0.005128205128205128,0.013675213675213675,0.037606837606837605,0.023931623931623933,0.0004884004884004884,280.5,-68.06,25.25,khong?2
0.004395604395604396,0.01514041514041514,0.04566544566544566,0.030525030525030524,0.0004884004884004884,278.31,-73.81,25.69,khong?2
0.0014652014652014652,0.02783882783882784,0.0547008547008547,0.03833943833943834,0.002442002442002442,277.31,-67.62,23.5,khong?2
0.005616605616605617,0.03663003663003663,0.060805860805860805,0.04468864468864469,0.003663003663003663,288.87,-41.94,21.94,khong?2
0.008302808302808303,0.042735042735042736,0.0652014652014652,0.04932844932844933,0.00463980463980464,287.81,-39.0,17.44,khong?2
0.009768009768009768,0.0463980463980464,0.06691086691086691,0.05225885225885226,0.005128205128205128,286.56,-55.44,30.69,khong?2
0.010744810744810745,0.0485958485958486,0.0673992673992674,0.05372405372405373,0.00463980463980464,289.37,-51.63,33.25,khong?2
0.01098901098901099,0.04981684981684982,0.06715506715506715,0.054945054945054944,0.004151404151404151,290.5,-42.94,19.62,khong?2
0.010500610500610501,0.05030525030525031,0.06691086691086691,0.05518925518925519,0.003663003663003663,287.94,-51.75,31.56,khong?2
0.010500610500610501,0.05103785103785104,0.06642246642246642,0.05567765567765568,0.003418803418803419,285.44,-54.25,37.63,khong?2
0.010256410256410256,0.05103785103785104,0.06593406593406594,0.05543345543345543,0.0031746031746031746,287.94,-34.13,21.12,khong?2
0.009768009768009768,0.050061050061050064,0.0652014652014652,0.0547008547008547,0.0031746031746031746,286.19,-43.44,28.69,khong?2
0.008547008547008548,0.04884004884004884,0.06349206349206349,0.05396825396825397,0.0031746031746031746,283.37,-58.13,41.75,khong?2
0.007814407814407814,0.047619047619047616,0.06202686202686203,0.053235653235653234,0.0031746031746031746,288.44,-41.25,35.06,khong?2
0.007081807081807082,0.04664224664224664,0.060805860805860805,0.05274725274725275,0.0029304029304029304,286.37,-28.06,19.12,khong?2
0.006593406593406593,0.04590964590964591,0.05982905982905983,0.05225885225885226,0.0029304029304029304,284.31,-32.81,22.87,khong?2
0.005860805860805861,0.045177045177045176,0.05934065934065934,0.051770451770451774,0.0029304029304029304,284.31,-36.0,25.06,khong?2
0.005128205128205128,0.0442002442002442,0.05811965811965812,0.051526251526251524,0.0029304029304029304,279.25,-34.25,37.75,khong?2
0.00463980463980464,0.04371184371184371,0.057387057387057384,0.05054945054945055,0.0029304029304029304,281.87,-31.87,39.63,khong?2
0.002197802197802198,0.038583638583638585,0.055921855921855924,0.04322344322344322,0.0029304029304029304,282.62,-32.38,39.13,khong?2
0.0002442002442002442,0.03223443223443224,0.05225885225885226,0.03736263736263736,0.0029304029304029304,283.56,-32.31,38.13,khong?2
0.0009768009768009768,0.027594627594627594,0.04957264957264957,0.033455433455433455,0.0029304029304029304,284.31,-32.5,37.31,khong?2
0.0014652014652014652,0.024175824175824177,0.04713064713064713,0.030525030525030524,0.0029304029304029304,285.37,-32.0,37.13,khong?2
0.0017094017094017094,0.02197802197802198,0.04542124542124542,0.02857142857142857,0.0029304029304029304,286.44,-31.31,37.56,khong?2
0.0019536019536019536,0.021245421245421246,0.04322344322344322,0.027106227106227107,0.0029304029304029304,286.81,-31.06,37.31,khong?2
0.0017094017094017094,0.020512820512820513,0.04151404151404151,0.02612942612942613,0.0017094017094017094,287.25,-30.69,36.63,khong?2
0.0017094017094017094,0.02026862026862027,0.04004884004884005,0.02564102564102564,0.0009768009768009768,287.37,-30.31,36.19,khong?2
0.0014652014652014652,0.01978021978021978,0.039316239316239315,0.025152625152625153,0.0004884004884004884,286.62,-30.94,34.88,khong?2
0.001221001221001221,0.018803418803418803,0.0380952380952381,0.02490842490842491,0.0,286.25,-30.87,34.56,khong?2
0.0007326007326007326,0.01733821733821734,0.036874236874236875,0.02490842490842491,0.0002442002442002442,286.12,-29.06,35.44,khong?2
0.0004884004884004884,0.016361416361416362,0.035897435897435895,0.02564102564102564,0.0007326007326007326,286.0,-28.12,35.25,khong?2
0.0002442002442002442,0.015384615384615385,0.035164835164835165,0.026373626373626374,0.001221001221001221,286.19,-27.06,35.38,khong?2
0.0002442002442002442,0.014652014652014652,0.03418803418803419,0.026862026862026864,0.0017094017094017094,285.81,-28.31,33.88,khong?2
0.0,0.014163614163614164,0.0336996336996337,0.026862026862026864,0.0019536019536019536,285.44,-29.0,33.13,khong?2
0.0004884004884004884,0.013675213675213675,0.03321123321123321,0.026373626373626374,0.002197802197802198,286.31,-29.06,32.69,khong?2
0.0007326007326007326,0.013431013431013432,0.032722832722832725,0.02564102564102564,0.002442002442002442,286.25,-28.31,31.81,khong?2
0.0009768009768009768,0.013431013431013432,0.03223443223443224,0.025152625152625153,0.002442002442002442,284.62,-27.94,31.37,khong?2
0.001221001221001221,0.013186813186813187,0.031746031746031744,0.024664224664224663,0.002686202686202686,284.56,-28.0,32.38,khong?2
0.001221001221001221,0.013186813186813187,0.03125763125763126,0.02442002442002442,0.002686202686202686,284.69,-28.69,32.81,khong?2
0.0014652014652014652,0.013186813186813187,0.031013431013431014,0.024175824175824177,0.002686202686202686,284.75,-29.0,33.06,khong?2
0.0017094017094017094,0.013186813186813187,0.03076923076923077,0.024175824175824177,0.0029304029304029304,285.25,-28.94,32.94,khong?2
0.0017094017094017094,0.013186813186813187,0.03076923076923077,0.023931623931623933,0.0029304029304029304,286.31,-28.5,31.31,khong?2
0.0019536019536019536,0.014163614163614164,0.03076923076923077,0.023931623931623933,0.0029304029304029304,286.81,-29.94,28.44,khong?2
0.0019536019536019536,0.014652014652014652,0.03076923076923077,0.024175824175824177,0.0029304029304029304,287.62,-31.0,25.19,khong?2
0.0017094017094017094,0.01514041514041514,0.03076923076923077,0.024175824175824177,0.0029304029304029304,285.19,-29.31,33.13,khong?2
0.0017094017094017094,0.01514041514041514,0.03076923076923077,0.024175824175824177,0.0029304029304029304,284.56,-29.06,34.81,khong?2
0.0014652014652014652,0.014896214896214897,0.03076923076923077,0.024175824175824177,0.0029304029304029304,284.19,-29.5,36.5,khong?2
0.0014652014652014652,0.014896214896214897,0.03076923076923077,0.024175824175824177,0.0029304029304029304,284.25,-30.12,36.25,khong?2
0.001221001221001221,0.014652014652014652,0.03076923076923077,0.024175824175824177,0.0029304029304029304,283.94,-29.12,37.63,khong?2
0.001221001221001221,0.014652014652014652,0.031013431013431014,0.024175824175824177,0.0029304029304029304,283.5,-29.31,38.63,khong?2
0.0019536019536019536,0.014407814407814409,0.031013431013431014,0.024175824175824177,0.0029304029304029304,283.19,-29.44,39.44,khong?2
0.003418803418803419,0.014163614163614164,0.03125763125763126,0.024175824175824177,0.0029304029304029304,282.69,-29.31,39.38,khong?2
0.005616605616605617,0.014163614163614164,0.03125763125763126,0.024175824175824177,0.0029304029304029304,282.44,-28.75,39.75,khong?2
0.007814407814407814,0.01391941391941392,0.03125763125763126,0.024175824175824177,0.0029304029304029304,282.25,-29.0,39.69,khong?2
0.00927960927960928,0.01391941391941392,0.03125763125763126,0.024175824175824177,0.0029304029304029304,281.94,-29.25,40.63,khong?2
0.010500610500610501,0.013675213675213675,0.03125763125763126,0.024175824175824177,0.0029304029304029304,281.56,-28.69,41.94,khong?2
0.011233211233211233,0.013675213675213675,0.03125763125763126,0.024175824175824177,0.0017094017094017094,280.81,-28.56,42.31,khong?2
0.010256410256410256,0.013431013431013432,0.031013431013431014,0.024175824175824177,0.0019536019536019536,279.31,-30.94,43.63,khong?2
0.00805860805860806,0.012942612942612943,0.029792429792429794,0.022954822954822957,0.002197802197802198,277.19,-35.5,45.81,khong?2
0.006105006105006105,0.012698412698412698,0.02905982905982906,0.022222222222222223,0.002442002442002442,275.31,-40.75,47.81,khong?2
0.004884004884004884,0.012454212454212455,0.02857142857142857,0.021733821733821733,0.002442002442002442,280.19,-41.0,32.13,khong?2
0.003907203907203907,0.018070818070818073,0.040293040293040296,0.02905982905982906,0.002686202686202686,278.19,-44.44,31.19,khong?2
0.005860805860805861,0.031013431013431014,0.04884004884004884,0.03785103785103785,0.002686202686202686,278.81,-52.25,43.56,khong?2
0.00805860805860806,0.04004884004884005,0.0547008547008547,0.04493284493284493,0.002686202686202686,282.56,-38.31,32.5,khong?2
0.009768009768009768,0.04664224664224664,0.059096459096459095,0.04981684981684982,0.002686202686202686,282.75,-25.06,21.69,khong?2
0.010012210012210013,0.05030525030525031,0.06153846153846154,0.05225885225885226,0.002686202686202686,281.87,-42.31,37.38,khong?2
0.009523809523809525,0.051770451770451774,0.06153846153846154,0.05396825396825397,0.002686202686202686,286.44,-40.44,39.63,khong?2
0.008547008547008548,0.05274725274725275,0.06153846153846154,0.054212454212454214,0.002686202686202686,284.19,-30.19,24.44,khong?2
0.00757020757020757,0.05347985347985348,0.06153846153846154,0.05396825396825397,0.0029304029304029304,284.19,-44.75,39.75,khong?2
0.006593406593406593,0.052503052503052504,0.060073260073260075,0.05372405372405373,0.0029304029304029304,286.12,-42.81,42.63,khong?2
0.005860805860805861,0.051770451770451774,0.059096459096459095,0.052503052503052504,0.0029304029304029304,283.25,-27.87,26.31,khong?2
0.005128205128205128,0.05128205128205128,0.058363858363858365,0.051526251526251524,0.0029304029304029304,281.81,-35.75,32.5,khong?2
0.004151404151404151,0.050061050061050064,0.05714285714285714,0.05054945054945055,0.0029304029304029304,285.75,-42.56,43.94,khong?2
0.0031746031746031746,0.04884004884004884,0.05616605616605617,0.04981684981684982,0.0029304029304029304,286.12,-25.94,26.94,khong?2
0.002442002442002442,0.04810744810744811,0.05518925518925519,0.04932844932844933,0.0029304029304029304,283.5,-22.0,24.37,khong?2
0.0017094017094017094,0.04737484737484737,0.0547008547008547,0.05030525030525031,0.0029304029304029304,282.44,-26.12,27.19,khong?2
0.0009768009768009768,0.046886446886446886,0.054212454212454214,0.05103785103785104,0.0029304029304029304,283.25,-31.31,30.81,khong?2
0.0004884004884004884,0.0463980463980464,0.05347985347985348,0.051526251526251524,0.0029304029304029304,278.87,-29.12,44.13,khong?2
0.0002442002442002442,0.04566544566544566,0.05299145299145299,0.04957264957264957,0.0029304029304029304,280.25,-29.75,46.38,khong?2
0.0019536019536019536,0.037606837606837605,0.04810744810744811,0.041025641025641026,0.0017094017094017094,279.94,-30.75,47.25,khong?2
0.003418803418803419,0.029792429792429794,0.04249084249084249,0.0336996336996337,0.0009768009768009768,279.69,-31.56,46.94,khong?2
0.00463980463980464,0.024175824175824177,0.03882783882783883,0.028815628815628817,0.0004884004884004884,279.69,-32.19,47.44,khong?2
0.005372405372405372,0.02026862026862027,0.036141636141636145,0.025152625152625153,0.0,279.5,-33.19,48.06,khong?2
0.005860805860805861,0.017582417582417582,0.034432234432234435,0.022954822954822957,0.0002442002442002442,278.81,-36.19,47.75,khong?2
0.006105006105006105,0.01611721611721612,0.0336996336996337,0.022222222222222223,0.0007326007326007326,282.62,-34.81,39.69,khong?2
0.004395604395604396,0.020757020757020756,0.045177045177045176,0.0315018315018315,0.002442002442002442,283.25,-34.31,28.37,khong?2
0.005860805860805861,0.038583638583638585,0.05567765567765568,0.0463980463980464,0.004884004884004884,281.44,-45.13,35.38,khong?2
0.01514041514041514,0.05103785103785104,0.063003663003663,0.0568986568986569,0.006593406593406593,285.19,-40.38,33.56,khong?2
0.02148962148962149,0.05958485958485959,0.06813186813186813,0.06422466422466422,0.007814407814407814,285.37,-24.31,19.06,khong?2
0.025885225885225887,0.06471306471306472,0.07106227106227106,0.06886446886446887,0.00757020757020757,282.62,-32.19,27.44,khong?2
0.028083028083028084,0.06642246642246642,0.07203907203907203,0.07155067155067155,0.007326007326007326,285.06,-40.88,39.31,khong?2
0.028083028083028084,0.06715506715506715,0.0713064713064713,0.07155067155067155,0.007081807081807082,286.0,-28.87,28.69,khong?2
0.027594627594627594,0.06715506715506715,0.07032967032967033,0.07081807081807082,0.007081807081807082,283.19,-30.44,30.19,khong?2
0.026373626373626374,0.06666666666666667,0.06886446886446887,0.07032967032967033,0.007081807081807082,285.5,-41.63,42.75,khong?2
0.02442002442002442,0.06568986568986569,0.06788766788766788,0.0695970695970696,0.007081807081807082,286.56,-29.81,33.06,khong?2
0.022954822954822957,0.06495726495726496,0.06691086691086691,0.06886446886446887,0.005860805860805861,285.0,-24.5,25.44,khong?2
0.021733821733821733,0.06446886446886448,0.06593406593406594,0.06837606837606838,0.004884004884004884,285.75,-40.94,41.81,khong?2
0.021001221001221003,0.06373626373626373,0.0652014652014652,0.06764346764346764,0.004395604395604396,287.37,-34.06,35.69,khong?2
0.01978021978021978,0.063003663003663,0.06446886446886448,0.06715506715506715,0.003907203907203907,286.81,-17.69,21.94,khong?2
0.018803418803418803,0.06227106227106227,0.06373626373626373,0.06593406593406594,0.003663003663003663,285.81,-25.19,26.62,khong?2
0.018315018315018316,0.061782661782661785,0.063003663003663,0.0652014652014652,0.003418803418803419,285.94,-28.25,33.5,khong?2
0.017582417582417582,0.06105006105006105,0.06227106227106227,0.06471306471306472,0.003418803418803419,284.06,-22.25,42.69,khong?2
0.01562881562881563,0.05982905982905983,0.06153846153846154,0.06251526251526252,0.0031746031746031746,285.25,-23.56,44.38,khong?2
0.011477411477411478,0.04957264957264957,0.05616605616605617,0.05347985347985348,0.0019536019536019536,285.5,-24.87,45.88,khong?2
0.008547008547008548,0.0398046398046398,0.04981684981684982,0.0442002442002442,0.001221001221001221,285.19,-25.56,46.0,khong?2
0.006349206349206349,0.03296703296703297,0.045177045177045176,0.037606837606837605,0.0004884004884004884,285.56,-25.19,46.44,khong?2
0.004884004884004884,0.028083028083028084,0.041758241758241756,0.03296703296703297,0.0,285.56,-26.37,46.38,khong?2
0.003907203907203907,0.024664224664224663,0.039316239316239315,0.029792429792429794,0.0002442002442002442,285.81,-27.5,47.31,khong?2
0.0031746031746031746,0.02271062271062271,0.03833943833943834,0.02783882783882784,0.0007326007326007326,285.31,-26.06,45.94,khong?2
0.0029304029304029304,0.021733821733821733,0.038583638583638585,0.02735042735042735,0.0014652014652014652,288.62,-24.69,28.06,khong?2
0.003907203907203907,0.028327228327228327,0.050793650793650794,0.038583638583638585,0.0029304029304029304,286.25,-34.38,33.19,khong?2
0.009035409035409036,0.04126984126984127,0.059096459096459095,0.04884004884004884,0.004151404151404151,287.06,-45.0,40.94,khong?2
0.012454212454212455,0.05030525030525031,0.0652014652014652,0.05616605616605617,0.004884004884004884,288.75,-29.37,28.37,khong?2
0.014896214896214897,0.0568986568986569,0.06862026862026863,0.06105006105006105,0.005372405372405372,286.44,-30.75,29.0,khong?2
0.016361416361416362,0.06056166056166056,0.07008547008547009,0.06398046398046398,0.005860805860805861,288.62,-41.25,42.5,khong?2
0.017582417582417582,0.06202686202686203,0.07032967032967033,0.06495726495726496,0.004884004884004884,291.19,-31.62,33.56,khong?2
0.018070818070818073,0.063003663003663,0.06984126984126984,0.06568986568986569,0.004395604395604396,288.87,-24.69,25.56,khong?2
0.018315018315018316,0.06324786324786325,0.0695970695970696,0.06593406593406594,0.005128205128205128,288.75,-38.5,40.75,khong?2
0.018070818070818073,0.06324786324786325,0.06910866910866911,0.06593406593406594,0.005616605616605617,290.87,-37.25,41.88,khong?2
0.018070818070818073,0.06324786324786325,0.06862026862026863,0.06568986568986569,0.004884004884004884,289.81,-25.37,24.5,khong?2
0.017582417582417582,0.06251526251526252,0.06788766788766788,0.06568986568986569,0.004395604395604396,289.56,-38.44,40.0,khong?2
0.016605616605616606,0.06202686202686203,0.06666666666666667,0.06495726495726496,0.003907203907203907,291.19,-42.75,47.25,khong?2
0.01562881562881563,0.06129426129426129,0.06544566544566545,0.06471306471306472,0.003663003663003663,290.19,-24.69,26.94,khong?2
0.01514041514041514,0.06056166056166056,0.06471306471306472,0.06471306471306472,0.003418803418803419,288.06,-21.62,24.5,khong?2
0.014407814407814409,0.060073260073260075,0.06373626373626373,0.06324786324786325,0.003418803418803419,287.75,-27.25,29.69,khong?2
0.013675213675213675,0.05934065934065934,0.063003663003663,0.06227106227106227,0.0031746031746031746,289.19,-32.75,41.94,khong?2
0.013186813186813187,0.05860805860805861,0.06251526251526252,0.06153846153846154,0.0031746031746031746,281.37,-31.19,47.63,khong?2
0.011477411477411478,0.05641025641025641,0.06153846153846154,0.058363858363858365,0.0031746031746031746,284.19,-34.31,46.63,khong?2
0.008547008547008548,0.047619047619047616,0.0568986568986569,0.050793650793650794,0.0029304029304029304,284.31,-34.19,49.06,khong?2
0.005860805860805861,0.03882783882783883,0.05030525030525031,0.042002442002442006,0.0019536019536019536,283.87,-33.56,50.19,khong?2
0.004151404151404151,0.03199023199023199,0.04468864468864469,0.03492063492063492,0.0009768009768009768,283.69,-33.13,50.75,khong?2
0.0029304029304029304,0.026862026862026864,0.040293040293040296,0.030036630036630037,0.0002442002442002442,283.62,-33.13,51.19,khong?2
0.0019536019536019536,0.023443223443223443,0.03736263736263736,0.026373626373626374,0.0,284.0,-33.19,51.25,khong?2
0.0014652014652014652,0.021001221001221003,0.035164835164835165,0.023931623931623933,0.0002442002442002442,284.44,-32.81,51.5,khong?2
0.001221001221001221,0.019536019536019536,0.0336996336996337,0.022222222222222223,0.0004884004884004884,284.81,-33.75,51.5,khong?2
0.0009768009768009768,0.01855921855921856,0.032722832722832725,0.021245421245421246,0.0004884004884004884,289.81,-33.81,45.38,khong?2
0.0017094017094017094,0.019536019536019536,0.038583638583638585,0.024664224664224663,0.001221001221001221,290.12,-42.0,38.94,khong?2
0.00927960927960928,0.0336996336996337,0.04884004884004884,0.03785103785103785,0.0019536019536019536,288.31,-46.38,43.75,khong?2
0.014652014652014652,0.04371184371184371,0.055921855921855924,0.04786324786324787,0.002197802197802198,291.5,-38.44,43.63,khong?2
0.018315018315018316,0.05054945054945055,0.060805860805860805,0.0547008547008547,0.002442002442002442,292.0,-24.0,27.44,khong?2
0.020512820512820513,0.0547008547008547,0.06398046398046398,0.05885225885225885,0.002686202686202686,288.75,-35.38,39.13,khong?2
0.020757020757020756,0.055921855921855924,0.06471306471306472,0.061782661782661785,0.002686202686202686,290.37,-38.56,45.06,khong?2
0.020757020757020756,0.0568986568986569,0.0652014652014652,0.06373626373626373,0.0029304029304029304,290.5,-26.81,32.06,khong?2
0.020757020757020756,0.057631257631257635,0.06544566544566545,0.06446886446886448,0.0029304029304029304,288.56,-31.69,36.75,khong?2
0.024175824175824177,0.05860805860805861,0.06568986568986569,0.06471306471306472,0.0029304029304029304,290.62,-38.81,46.13,khong?2
0.027106227106227107,0.05934065934065934,0.06593406593406594,0.06495726495726496,0.0029304029304029304,290.94,-27.5,35.88,khong?2
0.02905982905982906,0.05982905982905983,0.06593406593406594,0.06544566544566545,0.0029304029304029304,290.87,-28.06,32.56,khong?2
0.030525030525030524,0.05958485958485959,0.06544566544566545,0.0652014652014652,0.0029304029304029304,292.44,-38.44,45.44,khong?2
0.03028083028083028,0.059096459096459095,0.06422466422466422,0.06422466422466422,0.0029304029304029304,294.37,-33.63,42.0,khong?2
0.030036630036630037,0.05860805860805861,0.06349206349206349,0.06324786324786325,0.0029304029304029304,292.37,-18.87,23.25,khong?2
0.029304029304029304,0.05787545787545788,0.06202686202686203,0.06275946275946276,0.0029304029304029304,290.56,-21.12,27.0,khong?2
0.02783882783882784,0.0568986568986569,0.06105006105006105,0.06227106227106227,0.0029304029304029304,289.44,-26.87,32.75,khong?2
0.026862026862026864,0.05641025641025641,0.06031746031746032,0.06202686202686203,0.0029304029304029304,287.44,-29.81,46.69,khong?2
0.025885225885225887,0.05543345543345543,0.05958485958485959,0.060805860805860805,0.0029304029304029304,286.25,-24.44,51.69,khong?2
0.022466422466422466,0.053235653235653234,0.05885225885225885,0.0568986568986569,0.0029304029304029304,288.44,-23.0,52.56,khong?2
0.01733821733821734,0.04371184371184371,0.052503052503052504,0.046886446886446886,0.0029304029304029304,288.81,-22.69,52.31,khong?2
0.013675213675213675,0.036141636141636145,0.047619047619047616,0.04004884004884005,0.0017094017094017094,289.06,-23.06,52.44,khong?2
0.011233211233211233,0.03076923076923077,0.0442002442002442,0.03540903540903541,0.0009768009768009768,288.37,-25.06,52.19,khong?2
0.009523809523809525,0.027106227106227107,0.041758241758241756,0.03199023199023199,0.0002442002442002442,288.19,-26.19,52.25,khong?2
0.008302808302808303,0.025152625152625153,0.04078144078144078,0.03028083028083028,0.0002442002442002442,287.87,-27.62,51.63,khong?2
0.00757020757020757,0.023931623931623933,0.04004884004884005,0.02905982905982906,0.0004884004884004884,287.37,-29.31,50.75,khong?2
0.007081807081807082,0.0231990231990232,0.0398046398046398,0.028083028083028084,0.0004884004884004884,286.12,-29.94,51.56,khong?2
0.006837606837606838,0.022466422466422466,0.03956043956043956,0.027594627594627594,0.0004884004884004884,295.75,-29.94,29.5,khong?2
0.00757020757020757,0.024175824175824177,0.047619047619047616,0.0336996336996337,0.001221001221001221,293.44,-37.5,32.56,khong?2
0.011233211233211233,0.034432234432234435,0.05518925518925519,0.0442002442002442,0.0029304029304029304,290.12,-45.63,49.0,khong?2
0.01391941391941392,0.04151404151404151,0.06056166056166056,0.051526251526251524,0.004151404151404151,291.75,-40.75,49.63,khong?2
0.01562881562881563,0.04664224664224664,0.06422466422466422,0.056654456654456654,0.004884004884004884,289.62,-32.63,33.0,khong?2
0.016605616605616606,0.0485958485958486,0.06495726495726496,0.059096459096459095,0.005372405372405372,287.25,-42.69,46.63,khong?2
0.01611721611721612,0.04908424908424908,0.06422466422466422,0.06031746031746032,0.00463980463980464,290.25,-40.81,49.88,khong?2
0.01562881562881563,0.04957264957264957,0.063003663003663,0.06105006105006105,0.004151404151404151,290.81,-27.19,27.81,khong?2
0.015384615384615385,0.04957264957264957,0.06227106227106227,0.06056166056166056,0.003907203907203907,288.37,-34.81,40.25,khong?2
0.014407814407814409,0.04932844932844933,0.06129426129426129,0.060073260073260075,0.004884004884004884,289.37,-43.31,53.0,khong?2
0.01391941391941392,0.04884004884004884,0.06031746031746032,0.05982905982905983,0.004151404151404151,292.5,-30.5,33.81,khong?2
0.013431013431013432,0.04835164835164835,0.05958485958485959,0.059096459096459095,0.005128205128205128,289.06,-32.63,40.31,khong?2
0.012698412698412698,0.04810744810744811,0.05885225885225885,0.05811965811965812,0.005616605616605617,291.12,-43.5,54.94,khong?2
0.01221001221001221,0.04786324786324787,0.058363858363858365,0.057631257631257635,0.005860805860805861,292.19,-32.94,46.13,khong?2
0.011965811965811967,0.04737484737484737,0.05811965811965812,0.05787545787545788,0.005128205128205128,290.56,-21.25,28.44,khong?2
0.011477411477411478,0.046886446886446886,0.057631257631257635,0.05714285714285714,0.004395604395604396,287.5,-26.31,35.44,khong?2
0.011233211233211233,0.04664224664224664,0.057387057387057384,0.056654456654456654,0.003907203907203907,288.37,-29.0,39.31,khong?2
0.010500610500610501,0.04590964590964591,0.05641025641025641,0.05641025641025641,0.003663003663003663,281.62,-23.69,54.31,khong?2
0.009523809523809525,0.04542124542124542,0.05567765567765568,0.0547008547008547,0.003418803418803419,283.25,-23.56,53.44,khong?2
0.006593406593406593,0.039316239316239315,0.05225885225885226,0.04884004884004884,0.0031746031746031746,283.62,-23.94,54.63,khong?2
0.004395604395604396,0.03321123321123321,0.04786324786324787,0.04224664224664225,0.0031746031746031746,284.31,-25.44,52.69,khong?2
0.0029304029304029304,0.02905982905982906,0.044444444444444446,0.03736263736263736,0.0029304029304029304,284.75,-25.94,52.25,khong?2
0.002442002442002442,0.025885225885225887,0.04224664224664225,0.03394383394383394,0.0029304029304029304,284.69,-26.81,52.25,khong?2
0.002197802197802198,0.023687423687423687,0.04053724053724054,0.031746031746031744,0.0017094017094017094,285.19,-27.69,52.25,khong?2
0.0019536019536019536,0.022222222222222223,0.039316239316239315,0.03028083028083028,0.002197802197802198,287.75,-27.5,52.88,khong?2
0.0017094017094017094,0.021245421245421246,0.038583638583638585,0.029304029304029304,0.002442002442002442,293.69,-29.44,36.31,khong?2
0.002197802197802198,0.024664224664224663,0.04590964590964591,0.036874236874236875,0.002686202686202686,290.37,-31.44,38.94,khong?2
0.004151404151404151,0.03418803418803419,0.05128205128205128,0.04224664224664225,0.002686202686202686,289.81,-42.88,48.69,khong?2
0.006837606837606838,0.04078144078144078,0.05518925518925519,0.046153846153846156,0.0029304029304029304,292.25,-40.25,46.0,khong?2
0.008547008547008548,0.04542124542124542,0.05787545787545788,0.0485958485958486,0.0029304029304029304,292.75,-30.12,32.69,khong?2
0.009035409035409036,0.0485958485958486,0.059096459096459095,0.050061050061050064,0.0029304029304029304,290.94,-38.19,46.94,khong?2
0.009523809523809525,0.04981684981684982,0.05860805860805861,0.05103785103785104,0.0029304029304029304,293.12,-38.81,50.5,khong?2
0.009523809523809525,0.050793650793650794,0.058363858363858365,0.051770451770451774,0.0029304029304029304,294.5,-27.12,32.13,khong?2
0.009768009768009768,0.05128205128205128,0.05787545787545788,0.051526251526251524,0.0029304029304029304,290.56,-32.88,40.63,khong?2
0.009768009768009768,0.051770451770451774,0.05714285714285714,0.050793650793650794,0.0029304029304029304,291.12,-42.19,53.75,khong?2
0.010256410256410256,0.05225885225885226,0.056654456654456654,0.050793650793650794,0.0029304029304029304,293.25,-31.25,39.19,khong?2
0.010012210012210013,0.05225885225885226,0.05616605616605617,0.050793650793650794,0.0029304029304029304,289.37,-26.62,35.81,khong?2
0.010012210012210013,0.05225885225885226,0.055921855921855924,0.05054945054945055,0.0029304029304029304,287.31,-39.63,56.25,khong?2
0.010500610500610501,0.052503052503052504,0.05567765567765568,0.05054945054945055,0.0029304029304029304,290.56,-37.81,55.0,khong?2
0.01098901098901099,0.05274725274725275,0.055921855921855924,0.050793650793650794,0.0029304029304029304,289.0,-26.44,35.5,khong?2
0.012942612942612943,0.05299145299145299,0.05543345543345543,0.05103785103785104,0.0029304029304029304,287.56,-27.62,39.25,khong?2
0.014163614163614164,0.053235653235653234,0.05518925518925519,0.05128205128205128,0.004151404151404151,286.19,-39.0,53.69,khong?2
0.01514041514041514,0.05347985347985348,0.0547008547008547,0.05128205128205128,0.004884004884004884,288.56,-37.38,52.25,khong?2
0.014652014652014652,0.05274725274725275,0.054212454212454214,0.050061050061050064,0.004151404151404151,287.12,-14.88,48.88,khong?2
0.014407814407814409,0.05225885225885226,0.053235653235653234,0.04932844932844933,0.003907203907203907,288.37,-10.81,48.31,khong?2
0.010744810744810745,0.045177045177045176,0.05054945054945055,0.04249084249084249,0.003663003663003663,287.69,-11.5,52.81,khong?2
0.00805860805860806,0.03663003663003663,0.04468864468864469,0.03638583638583639,0.003418803418803419,287.5,-11.63,52.94,khong?2
0.006105006105006105,0.030525030525030524,0.04053724053724054,0.03223443223443224,0.0031746031746031746,287.12,-11.81,53.19,khong?2
0.00463980463980464,0.026373626373626374,0.037606837606837605,0.029304029304029304,0.0031746031746031746,286.56,-11.81,53.13,khong?2
0.003907203907203907,0.023443223443223443,0.035897435897435895,0.028083028083028084,0.0029304029304029304,285.87,-12.94,52.88,khong?2
0.0031746031746031746,0.02148962148962149,0.03540903540903541,0.027594627594627594,0.0029304029304029304,286.12,-12.38,52.38,khong?2
0.002442002442002442,0.02026862026862027,0.035164835164835165,0.027594627594627594,0.0029304029304029304,281.06,-19.94,56.25,khong?2
0.002442002442002442,0.019536019536019536,0.03565323565323565,0.028083028083028084,0.0029304029304029304,281.5,-45.38,51.19,khong?2
0.0029304029304029304,0.02197802197802198,0.04297924297924298,0.034432234432234435,0.0029304029304029304,288.19,-36.88,47.31,khong?2
0.00805860805860806,0.03076923076923077,0.051526251526251524,0.042735042735042736,0.004151404151404151,283.75,-37.56,44.56,khong?2
0.011477411477411478,0.03663003663003663,0.057387057387057384,0.0485958485958486,0.004884004884004884,281.19,-49.81,57.25,khong?2
0.014163614163614164,0.04126984126984127,0.06153846153846154,0.05274725274725275,0.005372405372405372,282.19,-54.5,63.63,khong?2
0.014896214896214897,0.04395604395604396,0.06422466422466422,0.05543345543345543,0.005860805860805861,289.25,-32.19,43.81,khong?2
0.01514041514041514,0.04566544566544566,0.06593406593406594,0.05641025641025641,0.006105006105006105,283.56,-32.63,46.25,khong?2
0.015384615384615385,0.046886446886446886,0.06568986568986569,0.0568986568986569,0.006349206349206349,283.62,-44.31,59.75,khong?2
0.01562881562881563,0.04713064713064713,0.0652014652014652,0.05714285714285714,0.006349206349206349,288.94,-33.31,50.81,khong?2
0.015384615384615385,0.04737484737484737,0.06471306471306472,0.056654456654456654,0.006593406593406593,287.62,-25.87,37.63,khong?2
0.014652014652014652,0.04737484737484737,0.06398046398046398,0.056654456654456654,0.006593406593406593,282.0,-40.06,59.81,khong?2
0.014896214896214897,0.04737484737484737,0.06349206349206349,0.055921855921855924,0.005616605616605617,284.0,-39.88,62.38,khong?2
0.01391941391941392,0.04713064713064713,0.06227106227106227,0.055921855921855924,0.004884004884004884,284.0,-20.25,41.0,khong?2
0.012698412698412698,0.04590964590964591,0.06105006105006105,0.05567765567765568,0.004151404151404151,280.0,-20.44,47.94,khong?2
0.011477411477411478,0.045177045177045176,0.05934065934065934,0.054945054945054944,0.003907203907203907,279.25,-28.12,55.25,khong?2
0.010744810744810745,0.04468864468864469,0.05811965811965812,0.0547008547008547,0.003663003663003663,282.87,-30.81,69.06,khong?2
0.009523809523809525,0.04395604395604396,0.0568986568986569,0.05347985347985348,0.003418803418803419,282.0,-26.31,74.44,khong?2
0.00805860805860806,0.041758241758241756,0.05567765567765568,0.04957264957264957,0.003418803418803419,281.25,-26.37,74.12,khong?2
0.005128205128205128,0.035897435897435895,0.05225885225885226,0.0442002442002442,0.0031746031746031746,278.75,-26.94,74.69,khong?2
0.0029304029304029304,0.031013431013431014,0.0485958485958486,0.03907203907203907,0.0031746031746031746,277.06,-27.0,75.62,khong?2
0.0014652014652014652,0.026862026862026864,0.045177045177045176,0.03492063492063492,0.0031746031746031746,275.94,-26.81,76.31,khong?2
0.0004884004884004884,0.023931623931623933,0.042735042735042736,0.03199023199023199,0.0031746031746031746,275.56,-27.06,76.5,khong?2
0.0002442002442002442,0.021733821733821733,0.04078144078144078,0.029792429792429794,0.0031746031746031746,275.56,-27.25,77.0,khong?2
0.0007326007326007326,0.02026862026862027,0.03956043956043956,0.028327228327228327,0.0031746031746031746,280.44,-27.81,70.31,khong?2
0.0009768009768009768,0.01904761904761905,0.03882783882783883,0.02735042735042735,0.0031746031746031746,276.62,-26.87,67.56,khong?2
0.0002442002442002442,0.026617826617826617,0.04737484737484737,0.03663003663003663,0.004151404151404151,275.0,-33.0,75.69,khong?2
0.0009768009768009768,0.032722832722832725,0.053235653235653234,0.04297924297924298,0.004884004884004884,277.81,-36.5,76.19,khong?2
0.0014652014652014652,0.03711843711843712,0.057387057387057384,0.04810744810744811,0.005372405372405372,278.44,-26.31,67.5,khong?2
0.0019536019536019536,0.04004884004884005,0.05958485958485959,0.051770451770451774,0.005860805860805861,273.94,-24.06,66.5,khong?2
0.002197802197802198,0.042002442002442006,0.06031746031746032,0.05347985347985348,0.006105006105006105,273.62,-33.88,75.19,khong?2
0.002442002442002442,0.042735042735042736,0.05982905982905983,0.054212454212454214,0.005128205128205128,276.94,-31.37,73.25,khong?2
0.002686202686202686,0.04249084249084249,0.05860805860805861,0.0547008547008547,0.00463980463980464,274.37,-23.37,64.37,khong?2
0.002686202686202686,0.04224664224664225,0.057631257631257635,0.054212454212454214,0.005128205128205128,271.81,-29.87,75.37,khong?2
0.002686202686202686,0.042002442002442006,0.056654456654456654,0.05396825396825397,0.005616605616605617,274.5,-33.31,76.37,khong?2
0.002197802197802198,0.04151404151404151,0.05518925518925519,0.05372405372405373,0.004884004884004884,274.81,-22.75,64.87,khong?2
0.0014652014652014652,0.04053724053724054,0.054212454212454214,0.05274725274725275,0.004395604395604396,270.5,-26.94,74.19,khong?2
0.001221001221001221,0.04053724053724054,0.05347985347985348,0.05201465201465202,0.003907203907203907,271.62,-33.44,79.06,khong?2
0.001221001221001221,0.04004884004884005,0.05274725274725275,0.051526251526251524,0.003663003663003663,273.44,-27.19,74.87,khong?2
0.0009768009768009768,0.0398046398046398,0.05225885225885226,0.051770451770451774,0.003418803418803419,270.69,-18.75,70.31,khong?2
0.0009768009768009768,0.039316239316239315,0.051770451770451774,0.051770451770451774,0.003418803418803419,270.06,-19.56,70.81,khong?2
0.0009768009768009768,0.039316239316239315,0.051526251526251524,0.051770451770451774,0.0031746031746031746,270.31,-22.19,73.31,khong?2
0.0007326007326007326,0.03907203907203907,0.05103785103785104,0.051770451770451774,0.0031746031746031746,270.75,-22.44,78.44,khong?2
0.0004884004884004884,0.038583638583638585,0.050793650793650794,0.050793650793650794,0.0031746031746031746,270.12,-22.62,79.06,khong?2
0.0007326007326007326,0.032722832722832725,0.047619047619047616,0.0442002442002442,0.0031746031746031746,269.75,-22.75,78.94,khong?2
0.0017094017094017094,0.02735042735042735,0.0442002442002442,0.038583638583638585,0.0031746031746031746,269.25,-22.75,79.56,khong?2
0.002197802197802198,0.023443223443223443,0.042002442002442006,0.03467643467643468,0.0031746031746031746,269.12,-22.62,79.94,khong?2
0.002686202686202686,0.021001221001221003,0.040293040293040296,0.03199023199023199,0.0031746031746031746,268.75,-22.56,80.0,khong?2
0.002686202686202686,0.01904761904761905,0.03907203907203907,0.030036630036630037,0.0031746031746031746,268.69,-22.37,80.06,khong?2
0.002442002442002442,0.017826617826617826,0.03833943833943834,0.028815628815628817,0.0031746031746031746,268.94,-22.19,80.12,khong?2
0.002442002442002442,0.017094017094017096,0.03785103785103785,0.02783882783882784,0.0031746031746031746,269.12,-21.87,80.12,khong?2
0.002197802197802198,0.016605616605616606,0.03736263736263736,0.02735042735042735,0.0031746031746031746,269.06,-21.81,80.19,khong?2
0.0019536019536019536,0.01611721611721612,0.03711843711843712,0.027106227106227107,0.0031746031746031746,269.06,-21.75,80.25,khong?2
0.0019536019536019536,0.015873015873015872,0.036874236874236875,0.026862026862026864,0.0031746031746031746,268.94,-21.81,80.31,khong?2
0.0017094017094017094,0.01562881562881563,0.03638583638583639,0.026617826617826617,0.0031746031746031746,268.75,-22.06,80.37,khong?2
0.0014652014652014652,0.01514041514041514,0.03638583638583639,0.026373626373626374,0.0029304029304029304,268.69,-22.12,80.56,khong?2
0.0014652014652014652,0.014896214896214897,0.035897435897435895,0.02612942612942613,0.0029304029304029304,268.69,-22.06,80.62,khong?2
0.0014652014652014652,0.014407814407814409,0.03492063492063492,0.025885225885225887,0.0029304029304029304,268.19,-22.81,80.81,khong?2
0.0017094017094017094,0.01391941391941392,0.034432234432234435,0.02564102564102564,0.0029304029304029304,267.81,-23.81,80.62,khong?2
0.0019536019536019536,0.013431013431013432,0.03394383394383394,0.025396825396825397,0.0029304029304029304,267.75,-26.19,75.31,khong?2
0.0019536019536019536,0.013186813186813187,0.03663003663003663,0.028083028083028084,0.0029304029304029304,263.62,-34.5,79.0,khong?2
0.003418803418803419,0.02564102564102564,0.04786324786324787,0.03736263736263736,0.004151404151404151,266.5,-43.56,81.5,khong?2
0.007326007326007326,0.034432234432234435,0.055921855921855924,0.04371184371184371,0.004884004884004884,266.5,-34.5,78.25,khong?2
0.010012210012210013,0.040293040293040296,0.06153846153846154,0.04810744810744811,0.005372405372405372,264.69,-28.12,73.75,khong?2
0.010256410256410256,0.04322344322344322,0.06373626373626373,0.05054945054945055,0.005860805860805861,264.0,-36.13,80.87,khong?2
0.009035409035409036,0.04395604395604396,0.06324786324786325,0.050793650793650794,0.006105006105006105,268.37,-33.56,78.25,khong?2
0.00805860805860806,0.0442002442002442,0.06275946275946276,0.05103785103785104,0.005128205128205128,267.06,-22.31,70.69,khong?2
0.006593406593406593,0.0442002442002442,0.06227106227106227,0.050793650793650794,0.004395604395604396,263.37,-26.94,75.75,khong?2
0.005616605616605617,0.0442002442002442,0.060805860805860805,0.04981684981684982,0.003907203907203907,264.06,-36.5,80.37,khong?2
0.004884004884004884,0.0442002442002442,0.060073260073260075,0.04932844932844933,0.003663003663003663,267.69,-31.0,76.87,khong?2
0.003907203907203907,0.04371184371184371,0.059096459096459095,0.04908424908424908,0.003418803418803419,268.06,-18.81,70.0,khong?2
0.0031746031746031746,0.04322344322344322,0.05860805860805861,0.0485958485958486,0.003418803418803419,265.19,-27.56,78.5,khong?2
0.0029304029304029304,0.04322344322344322,0.05787545787545788,0.04737484737484737,0.0031746031746031746,267.62,-32.88,79.06,khong?2
0.002686202686202686,0.04322344322344322,0.057387057387057384,0.047619047619047616,0.0031746031746031746,272.12,-25.0,76.5,khong?2
0.002442002442002442,0.042735042735042736,0.05641025641025641,0.047619047619047616,0.0031746031746031746,272.94,-11.75,69.44,khong?2
0.002197802197802198,0.042735042735042736,0.055921855921855924,0.04713064713064713,0.0031746031746031746,272.0,-14.31,71.87,khong?2
0.0014652014652014652,0.04249084249084249,0.05518925518925519,0.046886446886446886,0.0031746031746031746,271.75,-16.31,72.69,khong?2
0.0007326007326007326,0.04224664224664225,0.0547008547008547,0.04664224664224664,0.0031746031746031746,272.62,-19.62,79.0,khong?2
0.0004884004884004884,0.042002442002442006,0.054212454212454214,0.04590964590964591,0.0031746031746031746,276.31,-18.62,76.94,khong?2
0.0,0.04151404151404151,0.05372405372405373,0.04297924297924298,0.0031746031746031746,277.75,-17.87,76.5,khong?2
0.0017094017094017094,0.03321123321123321,0.04786324786324787,0.03540903540903541,0.0029304029304029304,277.87,-16.94,76.37,khong?2
0.002686202686202686,0.025885225885225887,0.042735042735042736,0.028815628815628817,0.0029304029304029304,278.37,-16.31,76.44,khong?2
0.003663003663003663,0.021001221001221003,0.03882783882783883,0.02442002442002442,0.0029304029304029304,278.69,-16.44,76.5,khong?2
0.004151404151404151,0.01733821733821734,0.036141636141636145,0.021245421245421246,0.0029304029304029304,278.31,-17.06,75.87,khong?2
0.004395604395604396,0.014896214896214897,0.03418803418803419,0.019291819291819293,0.0029304029304029304,277.31,-18.31,74.81,khong?2
0.00463980463980464,0.013431013431013432,0.033455433455433455,0.018070818070818073,0.0029304029304029304,278.0,-22.37,76.69,khong?2
0.00463980463980464,0.013186813186813187,0.035164835164835165,0.01904761904761905,0.0029304029304029304,276.25,-24.31,72.37,khong?2
0.0004884004884004884,0.026617826617826617,0.04713064713064713,0.030525030525030524,0.003907203907203907,273.12,-32.25,74.81,khong?2
0.0031746031746031746,0.036141636141636145,0.05543345543345543,0.038583638583638585,0.004884004884004884,273.12,-31.44,74.75,khong?2
0.005860805860805861,0.042735042735042736,0.06129426129426129,0.044444444444444446,0.005372405372405372,275.25,-21.12,72.44,khong?2
0.007814407814407814,0.047619047619047616,0.06495726495726496,0.04810744810744811,0.00463980463980464,271.56,-20.37,74.44,khong?2
0.007814407814407814,0.04932844932844933,0.06544566544566545,0.05054945054945055,0.004151404151404151,272.75,-27.44,78.75,khong?2
0.00757020757020757,0.05054945054945055,0.06568986568986569,0.05128205128205128,0.003907203907203907,276.31,-22.75,77.69,khong?2
0.007081807081807082,0.051526251526251524,0.06544566544566545,0.051770451770451774,0.00463980463980464,274.31,-19.62,73.37,khong?2
0.006593406593406593,0.051526251526251524,0.06544566544566545,0.05201465201465202,0.005372405372405372,272.81,-27.44,79.06,khong?2
0.006349206349206349,0.051526251526251524,0.06495726495726496,0.051770451770451774,0.005616605616605617,277.44,-25.0,76.12,khong?2
0.005860805860805861,0.05128205128205128,0.06422466422466422,0.05201465201465202,0.006105006105006105,276.81,-15.44,70.19,khong?2
0.004884004884004884,0.05054945054945055,0.06349206349206349,0.05201465201465202,0.005128205128205128,274.5,-23.37,79.44,khong?2
0.00463980463980464,0.04981684981684982,0.063003663003663,0.051526251526251524,0.004395604395604396,275.56,-24.81,78.75,khong?2
0.003907203907203907,0.04908424908424908,0.06251526251526252,0.051526251526251524,0.004151404151404151,273.69,-16.75,77.75,khong?2
0.0031746031746031746,0.04835164835164835,0.061782661782661785,0.051526251526251524,0.003663003663003663,272.37,-21.25,80.44,khong?2
0.002686202686202686,0.04786324786324787,0.06105006105006105,0.05128205128205128,0.003663003663003663,274.31,-26.5,79.31,khong?2
0.002197802197802198,0.04713064713064713,0.06031746031746032,0.050793650793650794,0.004395604395604396,277.5,-21.06,79.94,khong?2
0.0014652014652014652,0.0463980463980464,0.05982905982905983,0.05030525030525031,0.005128205128205128,275.0,-13.56,74.19,khong?2
0.0009768009768009768,0.046153846153846156,0.05934065934065934,0.050061050061050064,0.005616605616605617,274.75,-14.31,75.87,khong?2
0.0002442002442002442,0.04542124542124542,0.05860805860805861,0.04981684981684982,0.004884004884004884,274.94,-16.25,76.87,khong?2
0.0004884004884004884,0.04493284493284493,0.057631257631257635,0.04981684981684982,0.004151404151404151,277.69,-16.06,82.19,khong?2
0.0007326007326007326,0.044444444444444446,0.05714285714285714,0.0485958485958486,0.003663003663003663,278.75,-13.38,67.69,khong?2
0.0019536019536019536,0.041758241758241756,0.05567765567765568,0.04395604395604396,0.003418803418803419,278.81,-14.75,67.69,khong?2
0.0029304029304029304,0.034432234432234435,0.050061050061050064,0.03711843711843712,0.003418803418803419,278.44,-15.56,67.75,khong?2
0.003663003663003663,0.028815628815628817,0.04542124542124542,0.0315018315018315,0.0031746031746031746,278.56,-15.75,67.56,khong?2
0.004151404151404151,0.024664224664224663,0.042002442002442006,0.027594627594627594,0.0031746031746031746,278.06,-16.62,66.87,khong?2
0.004395604395604396,0.021733821733821733,0.03956043956043956,0.02490842490842491,0.0031746031746031746,277.81,-16.87,67.19,khong?2
0.00463980463980464,0.019536019536019536,0.03785103785103785,0.022954822954822957,0.0031746031746031746,279.19,-17.62,72.69,khong?2
0.00463980463980464,0.018070818070818073,0.03736263736263736,0.02271062271062271,0.0031746031746031746,274.87,-20.19,72.94,khong?2
0.0019536019536019536,0.025885225885225887,0.046153846153846156,0.03296703296703297,0.004151404151404151,274.5,-23.5,73.37,khong?2
0.0002442002442002442,0.0315018315018315,0.052503052503052504,0.04004884004884005,0.004884004884004884,273.69,-26.81,75.5,khong?2
0.001221001221001221,0.03565323565323565,0.0568986568986569,0.045177045177045176,0.005372405372405372,277.87,-19.31,74.69,khong?2
0.002197802197802198,0.03833943833943834,0.05982905982905983,0.046886446886446886,0.005860805860805861,274.19,-16.37,74.94,khong?2
0.002686202686202686,0.040293040293040296,0.06105006105006105,0.04810744810744811,0.005128205128205128,276.12,-20.44,77.37,khong?2
0.0031746031746031746,0.041758241758241756,0.061782661782661785,0.04884004884004884,0.004395604395604396,278.19,-17.69,76.87,khong?2
0.002686202686202686,0.04249084249084249,0.06153846153846154,0.04908424908424908,0.003907203907203907,275.56,-11.31,71.56,khong?2
0.002197802197802198,0.042735042735042736,0.06105006105006105,0.04884004884004884,0.003663003663003663,274.25,-16.69,77.06,khong?2
0.0019536019536019536,0.04322344322344322,0.06031746031746032,0.0485958485958486,0.003418803418803419,275.62,-19.87,78.69,khong?2
0.0017094017094017094,0.04322344322344322,0.05934065934065934,0.04908424908424908,0.003418803418803419,274.06,-14.25,75.25,khong?2
0.0009768009768009768,0.04249084249084249,0.05860805860805861,0.0485958485958486,0.0031746031746031746,273.81,-16.75,77.56,khong?2
0.0009768009768009768,0.042735042735042736,0.05811965811965812,0.04835164835164835,0.0031746031746031746,274.87,-21.37,79.94,khong?2
0.0009768009768009768,0.042735042735042736,0.057387057387057384,0.047619047619047616,0.0031746031746031746,275.62,-18.62,78.81,khong?2
0.0004884004884004884,0.04249084249084249,0.0568986568986569,0.04713064713064713,0.0031746031746031746,276.62,-8.88,71.94,khong?2
0.0002442002442002442,0.04224664224664225,0.05641025641025641,0.04664224664224664,0.0031746031746031746,277.06,-8.06,72.5,khong?2
0.0002442002442002442,0.04224664224664225,0.05616605616605617,0.046153846153846156,0.0031746031746031746,275.62,-10.75,73.81,khong?2
0.0007326007326007326,0.041758241758241756,0.05543345543345543,0.04590964590964591,0.0031746031746031746,276.87,-14.44,79.56,khong?2
0.0009768009768009768,0.04151404151404151,0.0547008547008547,0.04566544566544566,0.0031746031746031746,278.62,-13.81,73.5,khong?2
0.0019536019536019536,0.0398046398046398,0.05347985347985348,0.042002442002442006,0.0031746031746031746,278.25,-14.38,74.69,khong?2
0.003418803418803419,0.03199023199023199,0.04737484737484737,0.034432234432234435,0.0029304029304029304,278.37,-14.88,73.25,khong?2
0.004395604395604396,0.025885225885225887,0.04249084249084249,0.028815628815628817,0.0029304029304029304,278.44,-15.13,72.69,khong?2
0.005128205128205128,0.021733821733821733,0.03907203907203907,0.02490842490842491,0.0029304029304029304,278.56,-15.81,71.62,khong?2
0.005372405372405372,0.01855921855921856,0.03638583638583639,0.02197802197802198,0.0029304029304029304,279.69,-16.44,68.75,khong?2
0.005372405372405372,0.016361416361416362,0.03467643467643468,0.02026862026862027,0.0029304029304029304,281.62,-17.12,64.62,khong?2
0.005372405372405372,0.014896214896214897,0.033455433455433455,0.01904761904761905,0.0029304029304029304,283.25,-17.87,61.0,khong?2
0.005372405372405372,0.013675213675213675,0.032722832722832725,0.018315018315018316,0.0029304029304029304,284.25,-19.31,57.38,khong?2
0.005372405372405372,0.012942612942612943,0.03223443223443224,0.017826617826617826,0.0029304029304029304,284.19,-24.19,54.38,khong?2
0.005128205128205128,0.012698412698412698,0.03296703296703297,0.018070818070818073,0.0029304029304029304,283.31,-34.56,53.75,khong?2
0.004884004884004884,0.018070818070818073,0.04468864468864469,0.026373626373626374,0.004151404151404151,280.06,-28.12,54.31,khong?2
0.0019536019536019536,0.028815628815628817,0.05347985347985348,0.035897435897435895,0.004884004884004884,276.56,-31.19,57.94,khong?2
0.0002442002442002442,0.03638583638583639,0.05982905982905983,0.042735042735042736,0.005372405372405372,276.87,-31.31,60.5,khong?2
0.0017094017094017094,0.04151404151404151,0.06422466422466422,0.047619047619047616,0.005860805860805861,284.37,-21.37,52.31,khong?2
0.0017094017094017094,0.04395604395604396,0.0652014652014652,0.050061050061050064,0.006105006105006105,280.06,-18.12,61.81,khong?2
0.0004884004884004884,0.04493284493284493,0.06446886446886448,0.05128205128205128,0.006349206349206349,278.37,-25.94,64.94,khong?2
0.0007326007326007326,0.04566544566544566,0.06324786324786325,0.051526251526251524,0.005372405372405372,278.81,-24.69,64.81,khong?2
0.0017094017094017094,0.04590964590964591,0.06227106227106227,0.05128205128205128,0.00463980463980464,278.75,-19.37,63.5,khong?2
0.002442002442002442,0.046153846153846156,0.06153846153846154,0.05103785103785104,0.004151404151404151,277.69,-25.06,67.94,khong?2
0.0031746031746031746,0.04590964590964591,0.06056166056166056,0.05030525030525031,0.003907203907203907,277.37,-25.87,71.56,khong?2
0.003418803418803419,0.04566544566544566,0.05982905982905983,0.05030525030525031,0.003418803418803419,276.06,-18.81,69.62,khong?2
0.003907203907203907,0.04493284493284493,0.059096459096459095,0.04957264957264957,0.003418803418803419,276.94,-16.81,67.06,khong?2
0.004151404151404151,0.04493284493284493,0.05860805860805861,0.04884004884004884,0.0031746031746031746,276.06,-24.56,71.5,khong?2
0.004395604395604396,0.045177045177045176,0.058363858363858365,0.04835164835164835,0.0031746031746031746,277.44,-22.69,69.81,khong?2
0.004884004884004884,0.04468864468864469,0.057631257631257635,0.0485958485958486,0.0031746031746031746,276.62,-14.31,66.62,khong?2
0.005128205128205128,0.0442002442002442,0.0568986568986569,0.0485958485958486,0.0031746031746031746,276.94,-13.0,67.37,khong?2
0.005128205128205128,0.04395604395604396,0.05616605616605617,0.0485958485958486,0.0031746031746031746,276.44,-14.06,67.56,khong?2
0.005372405372405372,0.04371184371184371,0.05543345543345543,0.0485958485958486,0.0029304029304029304,277.0,-17.56,70.25,khong?2
0.005616605616605617,0.043467643467643466,0.054945054945054944,0.0485958485958486,0.0029304029304029304,282.37,-11.94,54.81,khong?2
0.006105006105006105,0.04322344322344322,0.05445665445665446,0.046153846153846156,0.0029304029304029304,283.25,-12.06,54.81,khong?2
0.007081807081807082,0.03540903540903541,0.04908424908424908,0.03785103785103785,0.0029304029304029304,282.87,-12.19,55.44,khong?2
0.007814407814407814,0.02783882783882784,0.04322344322344322,0.030525030525030524,0.0029304029304029304,282.75,-12.44,55.06,khong?2
0.008302808302808303,0.022222222222222223,0.03907203907203907,0.025396825396825397,0.0029304029304029304,282.56,-13.06,55.31,khong?2
0.008547008547008548,0.018315018315018316,0.036141636141636145,0.021733821733821733,0.0029304029304029304,282.37,-13.69,55.69,khong?2
0.008791208791208791,0.015384615384615385,0.03394383394383394,0.019291819291819293,0.0029304029304029304,282.25,-13.81,55.94,khong?2
0.008547008547008548,0.013186813186813187,0.03223443223443224,0.017582417582417582,0.0029304029304029304,282.0,-14.31,56.31,khong?2
0.008302808302808303,0.011965811965811967,0.03125763125763126,0.016605616605616606,0.0029304029304029304,281.81,-15.75,64.06,khong?2
0.007814407814407814,0.011721611721611722,0.0315018315018315,0.016605616605616606,0.0029304029304029304,277.12,-19.62,64.19,khong?2
0.005128205128205128,0.02442002442002442,0.04371184371184371,0.028327228327228327,0.004151404151404151,272.37,-27.25,66.5,khong?2
0.0031746031746031746,0.033455433455433455,0.05225885225885226,0.03663003663003663,0.004884004884004884,272.37,-30.5,63.25,khong?2
0.0019536019536019536,0.0398046398046398,0.05811965811965812,0.04224664224664225,0.005372405372405372,276.0,-21.75,68.75,khong?2
0.0014652014652014652,0.043467643467643466,0.06153846153846154,0.046153846153846156,0.005860805860805861,272.69,-22.0,70.0,khong?2
0.001221001221001221,0.04542124542124542,0.063003663003663,0.0485958485958486,0.006105006105006105,272.5,-28.44,70.81,khong?2
0.001221001221001221,0.04664224664224664,0.06398046398046398,0.04981684981684982,0.006349206349206349,273.87,-24.62,69.94,khong?2
0.0014652014652014652,0.04713064713064713,0.06422466422466422,0.050793650793650794,0.006349206349206349,273.5,-18.12,70.44,khong?2
0.0017094017094017094,0.04713064713064713,0.06398046398046398,0.05054945054945055,0.006593406593406593,272.75,-20.94,73.19,khong?2
0.0031746031746031746,0.045177045177045176,0.063003663003663,0.05030525030525031,0.006593406593406593,272.56,-25.12,76.81,khong?2
0.004151404151404151,0.04297924297924298,0.061782661782661785,0.04932844932844933,0.006593406593406593,274.44,-18.12,73.62,khong?2
0.005128205128205128,0.04151404151404151,0.06056166056166056,0.0485958485958486,0.005616605616605617,272.5,-16.06,72.25,khong?2
0.005860805860805861,0.040293040293040296,0.05934065934065934,0.047619047619047616,0.004884004884004884,273.56,-23.12,76.19,khong?2
0.006593406593406593,0.03956043956043956,0.05811965811965812,0.046886446886446886,0.004395604395604396,276.44,-17.94,74.0,khong?2
0.007081807081807082,0.038583638583638585,0.057387057387057384,0.046153846153846156,0.003907203907203907,274.25,-14.63,70.75,khong?2
0.00757020757020757,0.0380952380952381,0.056654456654456654,0.04542124542124542,0.003663003663003663,273.37,-22.75,76.56,khong?2
0.007814407814407814,0.0380952380952381,0.05641025641025641,0.04468864468864469,0.003418803418803419,275.62,-20.44,75.25,khong?2
0.007814407814407814,0.03833943833943834,0.05616605616605617,0.04468864468864469,0.003418803418803419,275.25,-11.56,67.75,khong?2
0.006349206349206349,0.03882783882783883,0.05641025641025641,0.04542124542124542,0.0031746031746031746,275.31,-9.94,66.69,khong?2
0.0029304029304029304,0.03956043956043956,0.05714285714285714,0.04713064713064713,0.0031746031746031746,274.37,-13.63,67.81,khong?2
0.0002442002442002442,0.04004884004884005,0.05787545787545788,0.0485958485958486,0.0031746031746031746,273.19,-19.25,74.62,khong?2
0.0014652014652014652,0.04053724053724054,0.058363858363858365,0.04932844932844933,0.0031746031746031746,278.37,-14.63,65.37,khong?2
0.002197802197802198,0.04053724053724054,0.05714285714285714,0.047619047619047616,0.0031746031746031746,280.06,-12.81,61.63,khong?2
0.0004884004884004884,0.03296703296703297,0.05299145299145299,0.04151404151404151,0.0031746031746031746,279.62,-13.0,61.56,khong?2
0.002442002442002442,0.025885225885225887,0.046886446886446886,0.03394383394383394,0.0031746031746031746,279.56,-12.94,61.31,khong?2
0.003907203907203907,0.020512820512820513,0.041758241758241756,0.02857142857142857,0.0031746031746031746,279.44,-13.38,61.13,khong?2
0.004884004884004884,0.01611721611721612,0.0380952380952381,0.02490842490842491,0.0031746031746031746,279.25,-13.56,61.13,khong?2
0.005616605616605617,0.013186813186813187,0.035164835164835165,0.022222222222222223,0.0031746031746031746,279.69,-13.19,60.81,khong?2
0.005860805860805861,0.011233211233211233,0.033455433455433455,0.02026862026862027,0.0031746031746031746,280.0,-14.69,60.75,khong?2
0.005860805860805861,0.009768009768009768,0.03223443223443224,0.019291819291819293,0.0031746031746031746,279.5,-18.81,62.06,khong?2
0.005372405372405372,0.010500610500610501,0.03711843711843712,0.020512820512820513,0.004151404151404151,278.0,-18.25,63.38,khong?2
0.0009768009768009768,0.024664224664224663,0.04835164835164835,0.033455433455433455,0.007326007326007326,271.62,-17.5,69.69,khong?2
0.0019536019536019536,0.03467643467643468,0.05616605616605617,0.04249084249084249,0.010500610500610501,272.75,-23.69,69.44,khong?2
0.003907203907203907,0.041758241758241756,0.061782661782661785,0.04884004884004884,0.012942612942612943,275.44,-22.5,68.25,khong?2
0.00463980463980464,0.04566544566544566,0.06446886446886448,0.05225885225885226,0.013431013431013432,268.81,-17.12,73.56,khong?2
0.004884004884004884,0.04786324786324787,0.06617826617826618,0.05445665445665446,0.01391941391941392,268.94,-22.81,77.06,khong?2
0.004395604395604396,0.0485958485958486,0.06617826617826618,0.05543345543345543,0.01391941391941392,273.19,-22.0,76.12,khong?2
0.003663003663003663,0.04884004884004884,0.06593406593406594,0.05518925518925519,0.014163614163614164,271.44,-17.25,73.0,khong?2
0.0029304029304029304,0.04884004884004884,0.06544566544566545,0.0547008547008547,0.013186813186813187,270.62,-21.94,76.31,khong?2
0.0019536019536019536,0.0485958485958486,0.06471306471306472,0.054212454212454214,0.012454212454212455,271.81,-24.94,78.69,khong?2
0.001221001221001221,0.04835164835164835,0.06398046398046398,0.05396825396825397,0.011965811965811967,271.44,-17.0,74.37,khong?2
0.0004884004884004884,0.04810744810744811,0.06349206349206349,0.053235653235653234,0.011721611721611722,270.69,-18.69,75.69,khong?2
0.0,0.04786324786324787,0.06275946275946276,0.05274725274725275,0.011477411477411478,271.69,-25.19,78.56,khong?2
0.0002442002442002442,0.047619047619047616,0.06251526251526252,0.052503052503052504,0.011233211233211233,272.31,-21.37,78.69,khong?2
0.0004884004884004884,0.047619047619047616,0.061782661782661785,0.05225885225885226,0.011233211233211233,269.37,-15.75,76.06,khong?2
0.0002442002442002442,0.04737484737484737,0.06129426129426129,0.05225885225885226,0.01098901098901099,269.81,-18.94,78.62,khong?2
0.0,0.046886446886446886,0.06031746031746032,0.05103785103785104,0.01098901098901099,270.5,-23.0,80.94,khong?2
0.0002442002442002442,0.0463980463980464,0.05958485958485959,0.05030525030525031,0.01098901098901099,270.94,-25.25,79.81,khong?2
0.0,0.046153846153846156,0.05885225885225885,0.04981684981684982,0.01098901098901099,276.75,-15.81,62.88,khong?2
0.0004884004884004884,0.04590964590964591,0.05787545787545788,0.04835164835164835,0.01098901098901099,278.0,-14.06,63.38,khong?2
0.002686202686202686,0.03785103785103785,0.05347985347985348,0.03956043956043956,0.010744810744810745,277.62,-14.25,64.25,khong?2
0.004151404151404151,0.030036630036630037,0.047619047619047616,0.03247863247863248,0.009768009768009768,277.75,-14.56,64.62,khong?2
0.005128205128205128,0.02442002442002442,0.043467643467643466,0.027594627594627594,0.008791208791208791,277.87,-15.19,64.75,khong?2
0.005860805860805861,0.020512820512820513,0.04053724053724054,0.024175824175824177,0.008302808302808303,277.87,-16.12,64.06,khong?2
0.006105006105006105,0.017582417582417582,0.03833943833943834,0.021733821733821733,0.007814407814407814,277.81,-17.06,66.44,khong?2
0.006105006105006105,0.01562881562881563,0.036874236874236875,0.02026862026862027,0.00757020757020757,278.56,-16.87,72.5,khong?2
0.005616605616605617,0.016361416361416362,0.04249084249084249,0.024664224664224663,0.007326007326007326,273.69,-18.62,74.44,khong?2
0.0002442002442002442,0.029304029304029304,0.05201465201465202,0.03736263736263736,0.009523809523809525,271.19,-24.19,76.62,khong?2
0.006105006105006105,0.03882783882783883,0.05885225885225885,0.0463980463980464,0.01098901098901099,271.12,-27.19,76.94,khong?2
0.010256410256410256,0.045177045177045176,0.06373626373626373,0.052503052503052504,0.01221001221001221,273.56,-19.44,76.31,khong?2
0.013431013431013432,0.04957264957264957,0.06691086691086691,0.0568986568986569,0.012942612942612943,272.69,-16.94,74.19,khong?2
0.01611721611721612,0.052503052503052504,0.06837606837606838,0.05958485958485959,0.013431013431013432,271.62,-23.06,79.5,khong?2
0.01855921855921856,0.05445665445665446,0.06910866910866911,0.06129426129426129,0.013675213675213675,274.06,-20.62,79.0,khong?2
0.020024420024420026,0.05567765567765568,0.0695970695970696,0.06251526251526252,0.01391941391941392,274.12,-15.13,74.19,khong?2
0.021245421245421246,0.05641025641025641,0.06984126984126984,0.06349206349206349,0.014163614163614164,272.56,-19.75,78.0,khong?2
0.02197802197802198,0.056654456654456654,0.06984126984126984,0.06373626373626373,0.014407814407814409,272.31,-23.94,82.5,khong?2
0.022466422466422466,0.0568986568986569,0.06935286935286936,0.06373626373626373,0.014407814407814409,274.12,-15.69,74.37,khong?2
0.02271062271062271,0.056654456654456654,0.06862026862026863,0.06275946275946276,0.014407814407814409,273.25,-18.5,76.44,khong?2
0.021001221001221003,0.05567765567765568,0.06666666666666667,0.06202686202686203,0.014407814407814409,273.19,-24.94,82.44,khong?2
0.019536019536019536,0.054945054945054944,0.0652014652014652,0.06031746031746032,0.013431013431013432,274.69,-20.81,83.75,khong?2
0.018315018315018316,0.054212454212454214,0.06398046398046398,0.059096459096459095,0.012698412698412698,274.0,-14.81,74.81,khong?2
0.017094017094017096,0.05372405372405373,0.06275946275946276,0.05811965811965812,0.01221001221001221,272.87,-16.44,76.25,khong?2
0.01562881562881563,0.053235653235653234,0.061782661782661785,0.05714285714285714,0.011721611721611722,272.69,-18.37,77.62,khong?2
0.014407814407814409,0.05225885225885226,0.060805860805860805,0.05641025641025641,0.011477411477411478,273.37,-20.5,81.94,khong?2
0.013186813186813187,0.05128205128205128,0.060073260073260075,0.054945054945054944,0.011233211233211233,274.69,-21.19,78.12,khong?2
0.009523809523809525,0.04566544566544566,0.057387057387057384,0.04884004884004884,0.010012210012210013,275.19,-22.06,78.12,khong?2
0.006593406593406593,0.03785103785103785,0.05299145299145299,0.041758241758241756,0.009035409035409036,275.19,-21.62,77.81,khong?2
0.004395604395604396,0.03223443223443224,0.04908424908424908,0.03638583638583639,0.008302808302808303,275.44,-21.19,77.37,khong?2
0.0029304029304029304,0.02783882783882784,0.046153846153846156,0.03223443223443224,0.00805860805860806,275.25,-21.56,76.75,khong?2
0.0017094017094017094,0.024664224664224663,0.04395604395604396,0.029548229548229547,0.00757020757020757,275.12,-21.87,75.5,khong?2
0.0009768009768009768,0.022466422466422466,0.04224664224664225,0.027594627594627594,0.00757020757020757,278.06,-22.87,78.06,khong?2
0.0004884004884004884,0.020757020757020756,0.041025641025641026,0.026617826617826617,0.007326007326007326,275.06,-20.81,75.75,khong?2
0.002197802197802198,0.028815628815628817,0.04884004884004884,0.0380952380952381,0.007081807081807082,268.94,-25.69,81.31,khong?2
0.003418803418803419,0.034432234432234435,0.054212454212454214,0.04590964590964591,0.007081807081807082,269.12,-29.94,79.31,khong?2
0.004151404151404151,0.03833943833943834,0.05787545787545788,0.051526251526251524,0.007081807081807082,271.5,-25.19,79.69,khong?2
0.002197802197802198,0.03907203907203907,0.059096459096459095,0.053235653235653234,0.007081807081807082,268.12,-21.94,79.12,khong?2
0.0007326007326007326,0.03907203907203907,0.059096459096459095,0.05396825396825397,0.006837606837606838,269.75,-25.37,80.0,khong?2
0.0002442002442002442,0.03882783882783883,0.05885225885225885,0.05372405372405373,0.006837606837606838,271.31,-24.5,81.75,khong?2
0.001221001221001221,0.03882783882783883,0.05787545787545788,0.053235653235653234,0.006837606837606838,268.19,-20.25,81.31,khong?2
0.0019536019536019536,0.0380952380952381,0.05714285714285714,0.05274725274725275,0.006837606837606838,268.37,-24.56,81.94,khong?2
0.002442002442002442,0.0380952380952381,0.05641025641025641,0.05225885225885226,0.006837606837606838,270.25,-26.81,80.62,khong?2
0.002686202686202686,0.037606837606837605,0.05543345543345543,0.051770451770451774,0.006837606837606838,274.62,-21.06,77.44,khong?2
0.0029304029304029304,0.03711843711843712,0.05445665445665446,0.050793650793650794,0.006837606837606838,269.75,-20.06,79.37,khong?2
0.0031746031746031746,0.036874236874236875,0.054212454212454214,0.050061050061050064,0.006837606837606838,269.37,-26.5,81.19,khong?2
0.0031746031746031746,0.03711843711843712,0.05396825396825397,0.04957264957264957,0.006837606837606838,271.56,-25.19,81.31,khong?2
0.0031746031746031746,0.036874236874236875,0.05347985347985348,0.04957264957264957,0.006837606837606838,269.06,-19.06,79.37,khong?2
0.0031746031746031746,0.036874236874236875,0.05299145299145299,0.04957264957264957,0.006837606837606838,269.69,-17.56,78.31,khong?2
0.0031746031746031746,0.036874236874236875,0.05274725274725275,0.04981684981684982,0.006837606837606838,269.87,-19.06,78.19,khong?2
0.0029304029304029304,0.03663003663003663,0.052503052503052504,0.05030525030525031,0.006837606837606838,272.37,-22.31,81.81,khong?2
0.0029304029304029304,0.03638583638583639,0.05225885225885226,0.05030525030525031,0.006837606837606838,277.37,-17.81,64.19,khong?2
0.0031746031746031746,0.036141636141636145,0.051526251526251524,0.04835164835164835,0.006837606837606838,277.37,-19.31,65.12,khong?2
0.004395604395604396,0.028815628815628817,0.047619047619047616,0.041758241758241756,0.006837606837606838,276.5,-21.12,65.69,khong?2
0.005128205128205128,0.023443223443223443,0.04371184371184371,0.03565323565323565,0.006837606837606838,276.44,-21.31,66.37,khong?2
0.005616605616605617,0.019536019536019536,0.04053724053724054,0.03125763125763126,0.006837606837606838,275.69,-22.5,66.06,khong?2
0.005860805860805861,0.016605616605616606,0.03833943833943834,0.028083028083028084,0.006837606837606838,276.62,-21.44,65.44,khong?2
0.005860805860805861,0.014652014652014652,0.03663003663003663,0.025885225885225887,0.006837606837606838,278.0,-20.19,64.25,khong?2
0.00463980463980464,0.013186813186813187,0.03638583638583639,0.02490842490842491,0.006837606837606838,278.19,-19.56,63.63,khong?2
0.003663003663003663,0.012454212454212455,0.036141636141636145,0.024664224664224663,0.006837606837606838,278.87,-19.44,63.63,khong?2
0.0029304029304029304,0.011965811965811967,0.03638583638583639,0.02442002442002442,0.006837606837606838,280.0,-20.87,66.19,khong?2
0.0019536019536019536,0.011477411477411478,0.03736263736263736,0.025152625152625153,0.006837606837606838,278.19,-22.37,67.5,khong?2
0.004151404151404151,0.02783882783882784,0.0485958485958486,0.03956043956043956,0.00805860805860806,274.31,-25.75,69.19,khong?2
0.008547008547008548,0.039316239316239315,0.05616605616605617,0.04957264957264957,0.008791208791208791,273.31,-29.12,71.69,khong?2
0.011477411477411478,0.04713064713064713,0.061782661782661785,0.056654456654456654,0.00927960927960928,278.81,-21.75,68.37,khong?2
0.010744810744810745,0.04981684981684982,0.06349206349206349,0.05860805860805861,0.008547008547008548,271.81,-18.06,73.25,khong?2
0.009768009768009768,0.050793650793650794,0.06349206349206349,0.05982905982905983,0.00805860805860806,272.56,-21.37,75.31,khong?2
0.008302808302808303,0.05128205128205128,0.06324786324786325,0.06056166056166056,0.00757020757020757,273.62,-24.94,73.94,khong?2
0.007081807081807082,0.051770451770451774,0.063003663003663,0.060073260073260075,0.007326007326007326,272.81,-21.25,74.31,khong?2
0.006349206349206349,0.051526251526251524,0.06227106227106227,0.05982905982905983,0.007326007326007326,270.44,-19.56,76.19,khong?2
0.005372405372405372,0.05128205128205128,0.061782661782661785,0.059096459096459095,0.007081807081807082,271.5,-23.25,78.94,khong?2
0.004884004884004884,0.050793650793650794,0.060805860805860805,0.058363858363858365,0.007081807081807082,274.56,-21.62,77.75,khong?2
0.004395604395604396,0.05030525030525031,0.060073260073260075,0.057631257631257635,0.006837606837606838,273.0,-14.88,71.19,khong?2
0.004151404151404151,0.050061050061050064,0.05934065934065934,0.057387057387057384,0.006837606837606838,271.44,-21.87,76.31,khong?2
0.003907203907203907,0.04957264957264957,0.058363858363858365,0.05641025641025641,0.006837606837606838,271.62,-28.0,75.69,khong?2
0.003907203907203907,0.04908424908424908,0.057631257631257635,0.05567765567765568,0.006837606837606838,275.62,-21.25,75.62,khong?2
0.0031746031746031746,0.0485958485958486,0.05714285714285714,0.05518925518925519,0.006837606837606838,273.87,-13.81,71.62,khong?2
0.0029304029304029304,0.04810744810744811,0.056654456654456654,0.0547008547008547,0.006837606837606838,272.31,-15.75,73.56,khong?2
0.0029304029304029304,0.04786324786324787,0.05641025641025641,0.05445665445665446,0.006837606837606838,270.87,-20.37,75.62,khong?2
0.002686202686202686,0.047619047619047616,0.05616605616605617,0.054212454212454214,0.006837606837606838,276.06,-22.12,68.31,khong?2
0.002197802197802198,0.04737484737484737,0.05567765567765568,0.05347985347985348,0.006837606837606838,277.81,-20.37,61.44,khong?2
0.0017094017094017094,0.04713064713064713,0.05543345543345543,0.05054945054945055,0.006837606837606838,278.62,-19.44,61.81,khong?2
0.0014652014652014652,0.042735042735042736,0.05445665445665446,0.0463980463980464,0.006837606837606838,279.19,-19.44,61.44,khong?2
0.001221001221001221,0.03907203907203907,0.05347985347985348,0.04297924297924298,0.006837606837606838,279.81,-19.19,61.75,khong?2
0.0009768009768009768,0.03638583638583639,0.052503052503052504,0.04053724053724054,0.006837606837606838,280.12,-19.81,61.56,khong?2
0.0009768009768009768,0.03418803418803419,0.051770451770451774,0.03882783882783883,0.006837606837606838,279.87,-20.37,61.06,khong?2
0.0014652014652014652,0.032722832722832725,0.05103785103785104,0.037606837606837605,0.006837606837606838,280.56,-20.56,60.38,khong?2
0.0017094017094017094,0.031746031746031744,0.05030525030525031,0.03663003663003663,0.006837606837606838,281.06,-20.37,60.5,khong?2
0.0019536019536019536,0.03076923076923077,0.050061050061050064,0.036141636141636145,0.006837606837606838,281.81,-20.69,59.94,khong?2
0.002197802197802198,0.029792429792429794,0.04957264957264957,0.03565323565323565,0.006837606837606838,285.0,-18.69,62.94,khong?2
0.002442002442002442,0.02905982905982906,0.04932844932844933,0.03540903540903541,0.006837606837606838,289.25,-17.06,60.19,khong?2
0.002686202686202686,0.02857142857142857,0.04884004884004884,0.035164835164835165,0.006837606837606838,289.81,-16.87,61.44,khong?2
0.0031746031746031746,0.028083028083028084,0.04835164835164835,0.03492063492063492,0.006837606837606838,289.87,-16.62,60.5,khong?2
0.003418803418803419,0.02783882783882784,0.04786324786324787,0.035164835164835165,0.006837606837606838,288.94,-17.69,58.06,khong?2
0.003663003663003663,0.02735042735042735,0.04737484737484737,0.035164835164835165,0.006837606837606838,287.44,-18.69,59.31,khong?2
0.003663003663003663,0.027106227106227107,0.046886446886446886,0.03540903540903541,0.005616605616605617,287.37,-18.81,59.56,khong?2
0.003418803418803419,0.026862026862026864,0.04664224664224664,0.03492063492063492,0.004884004884004884,287.25,-19.0,57.88,khong?2
0.003418803418803419,0.02612942612942613,0.04590964590964591,0.0336996336996337,0.005372405372405372,286.31,-19.62,57.44,khong?2
0.0031746031746031746,0.02564102564102564,0.04542124542124542,0.03296703296703297,0.005860805860805861,284.56,-24.81,58.69,khong?2
0.0031746031746031746,0.025396825396825397,0.04493284493284493,0.03223443223443224,0.006105006105006105,281.37,-28.5,57.38,khong?2
0.005372405372405372,0.03076923076923077,0.051770451770451774,0.03736263736263736,0.008791208791208791,279.06,-29.87,57.25,khong?2
0.007081807081807082,0.03663003663003663,0.056654456654456654,0.04126984126984127,0.010500610500610501,275.06,-32.5,63.63,khong?2
0.008302808302808303,0.04078144078144078,0.05982905982905983,0.046153846153846156,0.011721611721611722,274.81,-23.31,68.25,khong?2
0.009035409035409036,0.043467643467643466,0.06056166056166056,0.04981684981684982,0.011477411477411478,276.06,-19.31,63.44,khong?2
0.00927960927960928,0.045177045177045176,0.060073260073260075,0.050061050061050064,0.011233211233211233,273.87,-27.37,70.25,khong?2
0.008302808302808303,0.046153846153846156,0.05860805860805861,0.050061050061050064,0.01098901098901099,276.81,-25.06,69.44,khong?2
0.007326007326007326,0.0463980463980464,0.057387057387057384,0.04932844932844933,0.01098901098901099,276.62,-19.87,67.06,khong?2
0.006349206349206349,0.0463980463980464,0.05616605616605617,0.04884004884004884,0.010744810744810745,275.75,-25.81,69.56,khong?2
0.005372405372405372,0.04664224664224664,0.054945054945054944,0.04810744810744811,0.010744810744810745,276.75,-27.69,71.94,khong?2
0.00463980463980464,0.046153846153846156,0.054212454212454214,0.04737484737484737,0.010744810744810745,277.25,-20.94,67.75,khong?2
0.004151404151404151,0.04566544566544566,0.05299145299145299,0.04664224664224664,0.010744810744810745,277.44,-22.69,66.62,khong?2
0.003418803418803419,0.04566544566544566,0.05225885225885226,0.04590964590964591,0.010744810744810745,276.62,-28.19,71.25,khong?2
0.0029304029304029304,0.04493284493284493,0.051526251526251524,0.04542124542124542,0.010744810744810745,277.44,-22.37,70.56,khong?2
0.002442002442002442,0.04468864468864469,0.050793650793650794,0.04542124542124542,0.010744810744810745,277.0,-16.5,63.5,khong?2
0.002197802197802198,0.0442002442002442,0.05030525030525031,0.04590964590964591,0.010744810744810745,275.37,-19.94,64.56,khong?2
0.0019536019536019536,0.04395604395604396,0.04981684981684982,0.046153846153846156,0.010744810744810745,274.62,-25.69,69.5,khong?2
0.0017094017094017094,0.04322344322344322,0.0485958485958486,0.046153846153846156,0.010744810744810745,280.56,-25.06,66.56,khong?2
0.0009768009768009768,0.04249084249084249,0.04737484737484737,0.045177045177045176,0.010744810744810745,285.5,-18.94,58.69,khong?2
0.0002442002442002442,0.03785103785103785,0.0463980463980464,0.04053724053724054,0.009523809523809525,288.5,-18.12,54.88,khong?2
0.0009768009768009768,0.0315018315018315,0.04249084249084249,0.03418803418803419,0.008791208791208791,291.12,-20.06,49.19,khong?2
0.0017094017094017094,0.026373626373626374,0.0398046398046398,0.029792429792429794,0.008302808302808303,293.87,-21.81,43.44,khong?2
0.0014652014652014652,0.022954822954822957,0.03785103785103785,0.026862026862026864,0.007814407814407814,294.75,-22.5,39.44,khong?2
0.0009768009768009768,0.02026862026862027,0.03736263736263736,0.025152625152625153,0.00757020757020757,295.31,-21.25,36.5,khong?2
0.0002442002442002442,0.01855921855921856,0.036874236874236875,0.024175824175824177,0.008547008547008548,295.62,-19.94,35.0,khong?2
0.0002442002442002442,0.017094017094017096,0.03663003663003663,0.023687423687423687,0.00805860805860806,295.56,-19.75,34.56,khong?2
0.0007326007326007326,0.016361416361416362,0.03638583638583639,0.023443223443223443,0.008791208791208791,295.5,-20.12,34.44,khong?2
0.0009768009768009768,0.01562881562881563,0.03638583638583639,0.0231990231990232,0.00927960927960928,295.25,-20.5,34.63,khong?2
0.001221001221001221,0.014896214896214897,0.035897435897435895,0.022954822954822957,0.009768009768009768,294.81,-20.87,34.88,khong?2
0.001221001221001221,0.014407814407814409,0.03492063492063492,0.022222222222222223,0.008791208791208791,294.25,-21.12,34.75,khong?2
0.0009768009768009768,0.013431013431013432,0.03296703296703297,0.021001221001221003,0.008302808302808303,294.0,-21.31,34.81,khong?2
0.0004884004884004884,0.011965811965811967,0.03028083028083028,0.01904761904761905,0.007814407814407814,293.87,-22.0,35.69,khong?2
0.0002442002442002442,0.010500610500610501,0.028083028083028084,0.017094017094017096,0.00757020757020757,292.19,-23.69,38.56,khong?2
0.0007326007326007326,0.009523809523809525,0.026373626373626374,0.01514041514041514,0.007326007326007326,290.56,-27.94,46.13,khong?2
0.001221001221001221,0.008791208791208791,0.025396825396825397,0.013675213675213675,0.007081807081807082,288.0,-32.13,50.31,khong?2
0.0014652014652014652,0.008547008547008548,0.02490842490842491,0.012698412698412698,0.007081807081807082,284.37,-33.56,53.31,khong?2
0.0017094017094017094,0.018070818070818073,0.03638583638583639,0.019536019536019536,0.009523809523809525,278.25,-31.19,62.13,khong?2
0.0017094017094017094,0.03223443223443224,0.04590964590964591,0.0336996336996337,0.01221001221001221,273.25,-27.81,67.69,khong?2
0.004151404151404151,0.04224664224664225,0.05274725274725275,0.04395604395604396,0.01391941391941392,272.56,-34.56,69.56,khong?2
0.005616605616605617,0.04908424908424908,0.057387057387057384,0.050793650793650794,0.015384615384615385,275.62,-30.69,68.62,khong?2
0.006105006105006105,0.05299145299145299,0.060073260073260075,0.0547008547008547,0.016361416361416362,274.62,-24.87,65.44,khong?2
0.006349206349206349,0.05543345543345543,0.06153846153846154,0.056654456654456654,0.015873015873015872,272.12,-29.81,72.25,khong?2
0.005616605616605617,0.05641025641025641,0.06129426129426129,0.057387057387057384,0.01562881562881563,276.0,-31.12,71.56,khong?2
0.00463980463980464,0.05714285714285714,0.06105006105006105,0.0568986568986569,0.015384615384615385,278.0,-21.75,64.87,khong?2
0.003907203907203907,0.057387057387057384,0.060805860805860805,0.05641025641025641,0.01514041514041514,276.12,-24.5,68.25,khong?2
0.002686202686202686,0.057387057387057384,0.060073260073260075,0.055921855921855924,0.01514041514041514,275.69,-30.87,73.0,khong?2
0.0017094017094017094,0.05714285714285714,0.05958485958485959,0.05518925518925519,0.014896214896214897,277.75,-24.19,71.31,khong?2
0.0007326007326007326,0.056654456654456654,0.059096459096459095,0.0547008547008547,0.013675213675213675,278.75,-17.31,64.12,khong?2
0.0,0.05641025641025641,0.05860805860805861,0.054212454212454214,0.012942612942612943,277.81,-18.5,64.81,khong?2
0.0002442002442002442,0.055921855921855924,0.058363858363858365,0.05396825396825397,0.01221001221001221,277.56,-20.0,65.12,khong?2
0.0007326007326007326,0.05543345543345543,0.057631257631257635,0.05372405372405373,0.011965811965811967,276.37,-26.06,72.06,khong?2
0.0007326007326007326,0.054945054945054944,0.0568986568986569,0.05274725274725275,0.011477411477411478,279.06,-27.19,68.5,khong?2
0.002197802197802198,0.05299145299145299,0.05616605616605617,0.04835164835164835,0.011233211233211233,279.87,-27.69,67.12,khong?2
0.003418803418803419,0.04493284493284493,0.051526251526251524,0.04053724053724054,0.010012210012210013,280.56,-27.12,65.75,khong?2
0.004151404151404151,0.038583638583638585,0.04713064713064713,0.03467643467643468,0.009035409035409036,281.0,-26.62,65.56,khong?2
0.004884004884004884,0.033455433455433455,0.04371184371184371,0.03028083028083028,0.008547008547008548,281.12,-26.87,65.31,khong?2
0.005128205128205128,0.029792429792429794,0.04126984126984127,0.027106227106227107,0.007814407814407814,281.06,-27.37,65.81,khong?2
0.005372405372405372,0.027106227106227107,0.03956043956043956,0.02490842490842491,0.00757020757020757,280.81,-28.12,65.75,khong?2
0.005128205128205128,0.025152625152625153,0.03833943833943834,0.0231990231990232,0.007326007326007326,281.19,-30.06,65.37,khong?2
0.004395604395604396,0.023931623931623933,0.037606837606837605,0.022466422466422466,0.007081807081807082,281.44,-33.0,68.06,khong?2
0.002442002442002442,0.02735042735042735,0.046153846153846156,0.031746031746031744,0.008302808302808303,273.31,-30.56,70.37,khong?2
0.0009768009768009768,0.03418803418803419,0.05225885225885226,0.03833943833943834,0.009035409035409036,272.19,-35.88,69.37,khong?2
0.0014652014652014652,0.039316239316239315,0.05641025641025641,0.04371184371184371,0.009523809523809525,274.31,-28.75,70.0,khong?2
0.0031746031746031746,0.04297924297924298,0.05787545787545788,0.047619047619047616,0.008791208791208791,273.56,-20.37,67.25,khong?2
0.0029304029304029304,0.045177045177045176,0.05885225885225885,0.04957264957264957,0.00805860805860806,272.5,-24.44,73.75,khong?2
0.002197802197802198,0.0463980463980464,0.058363858363858365,0.050793650793650794,0.007814407814407814,272.5,-28.75,77.25,khong?2
0.0017094017094017094,0.04664224664224664,0.057631257631257635,0.05128205128205128,0.007326007326007326,273.31,-21.81,74.0,khong?2
0.0009768009768009768,0.04664224664224664,0.05714285714285714,0.05103785103785104,0.007326007326007326,273.31,-21.81,71.87,khong?2
0.0004884004884004884,0.046886446886446886,0.05641025641025641,0.05103785103785104,0.007081807081807082,272.19,-28.94,77.75,khong?2
0.0002442002442002442,0.046886446886446886,0.05567765567765568,0.05030525030525031,0.007081807081807082,275.44,-23.25,74.94,khong?2
0.0002442002442002442,0.04664224664224664,0.05518925518925519,0.050061050061050064,0.006837606837606838,274.56,-18.44,69.75,khong?2
0.0004884004884004884,0.046153846153846156,0.0547008547008547,0.04957264957264957,0.006837606837606838,271.87,-26.31,76.19,khong?2
0.0007326007326007326,0.04590964590964591,0.05347985347985348,0.04884004884004884,0.006837606837606838,272.37,-28.94,76.87,khong?2
0.001221001221001221,0.045177045177045176,0.05274725274725275,0.04884004884004884,0.006837606837606838,271.94,-21.12,73.94,khong?2
0.001221001221001221,0.04468864468864469,0.05201465201465202,0.04884004884004884,0.006837606837606838,273.81,-17.44,71.0,khong?2
0.0014652014652014652,0.0442002442002442,0.05128205128205128,0.04810744810744811,0.006837606837606838,272.75,-19.69,72.44,khong?2
0.0017094017094017094,0.04371184371184371,0.05054945054945055,0.047619047619047616,0.006837606837606838,272.44,-23.69,77.25,khong?2
0.0017094017094017094,0.043467643467643466,0.04981684981684982,0.046886446886446886,0.006837606837606838,275.87,-24.56,72.19,khong?2
0.0031746031746031746,0.039316239316239315,0.04884004884004884,0.04224664224664225,0.006837606837606838,277.56,-26.94,71.19,khong?2
0.004395604395604396,0.031746031746031744,0.04371184371184371,0.034432234432234435,0.006837606837606838,279.0,-27.37,69.0,khong?2
0.005372405372405372,0.02612942612942613,0.03956043956043956,0.028815628815628817,0.006837606837606838,279.69,-27.69,67.94,khong?2
0.005860805860805861,0.022466422466422466,0.036874236874236875,0.024664224664224663,0.005616605616605617,279.94,-28.0,67.31,khong?2
0.006349206349206349,0.019536019536019536,0.03492063492063492,0.02197802197802198,0.005860805860805861,280.37,-28.0,66.75,khong?2
0.006349206349206349,0.017582417582417582,0.0336996336996337,0.020024420024420026,0.006105006105006105,280.31,-28.37,66.62,khong?2
0.006349206349206349,0.01611721611721612,0.032722832722832725,0.01855921855921856,0.006349206349206349,280.31,-28.37,66.69,khong?2
0.005860805860805861,0.014896214896214897,0.03199023199023199,0.017826617826617826,0.006349206349206349,280.19,-28.37,67.25,khong?2
0.005616605616605617,0.014163614163614164,0.0315018315018315,0.017094017094017096,0.006593406593406593,279.81,-29.37,67.94,khong?2
0.005372405372405372,0.013675213675213675,0.03125763125763126,0.017094017094017096,0.006593406593406593,282.94,-31.81,71.25,khong?2
0.00463980463980464,0.01562881562881563,0.03711843711843712,0.020757020757020756,0.006593406593406593,275.31,-26.56,72.25,khong?2
0.0017094017094017094,0.028327228327228327,0.047619047619047616,0.03296703296703297,0.006837606837606838,274.44,-30.62,71.5,khong?2
0.0002442002442002442,0.03736263736263736,0.054945054945054944,0.04126984126984127,0.006837606837606838,273.37,-33.19,71.37,khong?2
0.0017094017094017094,0.043467643467643466,0.060073260073260075,0.04713064713064713,0.006837606837606838,276.31,-24.19,73.31,khong?2
0.002442002442002442,0.046886446886446886,0.06275946275946276,0.050793650793650794,0.006837606837606838,277.31,-17.25,68.06,khong?2
0.002686202686202686,0.04884004884004884,0.06398046398046398,0.05299145299145299,0.006837606837606838,276.44,-22.87,71.25,khong?2
0.002197802197802198,0.04957264957264957,0.06422466422466422,0.05445665445665446,0.006837606837606838,275.44,-26.25,75.19,khong?2
0.0014652014652014652,0.04981684981684982,0.06422466422466422,0.05445665445665446,0.006837606837606838,276.0,-20.87,70.19,khong?2
0.0007326007326007326,0.050061050061050064,0.06398046398046398,0.054212454212454214,0.006837606837606838,275.56,-26.19,74.5,khong?2
0.0004884004884004884,0.04981684981684982,0.06349206349206349,0.05347985347985348,0.006837606837606838,275.0,-27.94,75.56,khong?2
0.0002442002442002442,0.04908424908424908,0.06275946275946276,0.05299145299145299,0.006837606837606838,275.25,-20.56,71.62,khong?2
0.0009768009768009768,0.04835164835164835,0.061782661782661785,0.052503052503052504,0.006837606837606838,275.44,-21.81,73.19,khong?2
0.001221001221001221,0.04786324786324787,0.06056166056166056,0.051526251526251524,0.006837606837606838,273.81,-28.81,78.0,khong?2
0.0017094017094017094,0.04713064713064713,0.05958485958485959,0.050793650793650794,0.006837606837606838,277.69,-25.37,73.12,khong?2
0.0017094017094017094,0.04664224664224664,0.05885225885225885,0.050061050061050064,0.006837606837606838,277.44,-19.75,66.12,khong?2
0.0019536019536019536,0.046153846153846156,0.05811965811965812,0.04932844932844933,0.006837606837606838,278.69,-19.69,64.94,khong?2
0.0029304029304029304,0.045177045177045176,0.05714285714285714,0.0485958485958486,0.006837606837606838,278.25,-21.81,65.12,khong?2
0.003418803418803419,0.04468864468864469,0.05641025641025641,0.04810744810744811,0.006837606837606838,278.37,-28.12,68.87,khong?2
0.003907203907203907,0.0442002442002442,0.055921855921855924,0.04737484737484737,0.006837606837606838,285.37,-23.31,51.25,khong?2
0.004395604395604396,0.04371184371184371,0.05543345543345543,0.04493284493284493,0.006837606837606838,285.81,-24.37,52.75,khong?2
0.005372405372405372,0.03638583638583639,0.050061050061050064,0.03736263736263736,0.006837606837606838,285.81,-25.06,53.0,khong?2
0.006349206349206349,0.029548229548229547,0.04493284493284493,0.03125763125763126,0.006837606837606838,287.0,-25.12,51.63,khong?2
0.006837606837606838,0.024664224664224663,0.04151404151404151,0.026862026862026864,0.006837606837606838,288.19,-25.12,49.81,khong?2
0.006593406593406593,0.021245421245421246,0.03907203907203907,0.023931623931623933,0.006837606837606838,289.0,-25.75,47.38,khong?2
0.006349206349206349,0.018803418803418803,0.037606837606837605,0.02197802197802198,0.006837606837606838,289.62,-25.94,46.0,khong?2
0.005860805860805861,0.017094017094017096,0.03638583638583639,0.020512820512820513,0.006837606837606838,289.69,-25.87,45.0,khong?2
0.005616605616605617,0.015873015873015872,0.03565323565323565,0.019536019536019536,0.006837606837606838,289.69,-26.31,44.75,khong?2
0.005372405372405372,0.014896214896214897,0.03492063492063492,0.018803418803418803,0.006837606837606838,289.37,-27.75,45.38,khong?2
0.005372405372405372,0.014163614163614164,0.03467643467643468,0.018315018315018316,0.006837606837606838,288.31,-29.56,46.88,khong?2
0.005372405372405372,0.013675213675213675,0.03418803418803419,0.018070818070818073,0.006837606837606838,282.31,-36.88,51.0,khong?2
0.005372405372405372,0.013431013431013432,0.03492063492063492,0.018070818070818073,0.006837606837606838,273.19,-53.0,56.56,khong?2
0.0019536019536019536,0.023443223443223443,0.046153846153846156,0.027594627594627594,0.00805860805860806,270.81,-57.25,62.63,khong?2
0.002442002442002442,0.03247863247863248,0.05396825396825397,0.03540903540903541,0.008791208791208791,275.44,-48.25,53.0,khong?2
0.005616605616605617,0.03882783882783883,0.05958485958485959,0.04126984126984127,0.00927960927960928,276.87,-40.44,55.56,khong?2
0.007814407814407814,0.04322344322344322,0.06202686202686203,0.046153846153846156,0.009768009768009768,278.25,-30.62,56.94,khong?2
0.00927960927960928,0.04542124542124542,0.06227106227106227,0.04835164835164835,0.008791208791208791,278.44,-33.63,62.94,khong?2
0.00805860805860806,0.046153846153846156,0.06129426129426129,0.050061050061050064,0.008302808302808303,277.56,-37.0,69.5,khong?2
0.007081807081807082,0.046153846153846156,0.06056166056166056,0.05225885225885226,0.007814407814407814,278.81,-32.88,64.62,khong?2
0.006105006105006105,0.046153846153846156,0.05982905982905983,0.05274725274725275,0.00757020757020757,277.25,-31.44,61.31,khong?2
0.005372405372405372,0.04566544566544566,0.05934065934065934,0.05299145299145299,0.007326007326007326,278.31,-36.38,66.37,khong?2
0.00463980463980464,0.04542124542124542,0.05885225885225885,0.052503052503052504,0.007081807081807082,277.62,-36.13,69.19,khong?2
0.004151404151404151,0.045177045177045176,0.05811965811965812,0.051770451770451774,0.007081807081807082,279.5,-34.0,58.06,khong?2
0.003663003663003663,0.044444444444444446,0.057387057387057384,0.05103785103785104,0.007081807081807082,277.12,-35.19,63.38,khong?2
0.0029304029304029304,0.0442002442002442,0.05616605616605617,0.050793650793650794,0.007081807081807082,275.69,-36.31,72.25,khong?2
0.002686202686202686,0.04371184371184371,0.05543345543345543,0.050061050061050064,0.007081807081807082,276.44,-34.06,70.44,khong?2
0.002442002442002442,0.04297924297924298,0.054945054945054944,0.04932844932844933,0.007081807081807082,273.19,-28.25,66.12,khong?2
0.002197802197802198,0.04224664224664225,0.05445665445665446,0.04908424908424908,0.007081807081807082,276.0,-26.94,62.38,khong?2
0.0019536019536019536,0.041758241758241756,0.05347985347985348,0.04884004884004884,0.007081807081807082,273.87,-32.19,66.37,khong?2
0.0017094017094017094,0.041025641025641026,0.05299145299145299,0.0485958485958486,0.007081807081807082,274.19,-39.19,67.0,khong?2
0.0014652014652014652,0.04053724053724054,0.05225885225885226,0.04786324786324787,0.007081807081807082,279.56,-33.88,56.75,khong?2
0.0009768009768009768,0.040293040293040296,0.051770451770451774,0.04468864468864469,0.007081807081807082,279.75,-31.69,56.06,khong?2
0.0007326007326007326,0.033455433455433455,0.04786324786324787,0.036874236874236875,0.007081807081807082,279.06,-31.44,56.63,khong?2
0.0019536019536019536,0.027594627594627594,0.04395604395604396,0.0315018315018315,0.007081807081807082,279.19,-31.62,56.44,khong?2
0.0029304029304029304,0.023443223443223443,0.041025641025641026,0.02783882783882784,0.007081807081807082,279.25,-31.44,56.56,khong?2
0.003418803418803419,0.020512820512820513,0.03907203907203907,0.025152625152625153,0.007081807081807082,280.25,-30.56,55.88,khong?2
0.003418803418803419,0.01855921855921856,0.037606837606837605,0.023443223443223443,0.007081807081807082,281.44,-29.69,54.56,khong?2
0.003418803418803419,0.017094017094017096,0.03663003663003663,0.022222222222222223,0.007081807081807082,282.5,-28.62,53.5,khong?2
0.003418803418803419,0.015873015873015872,0.035897435897435895,0.021245421245421246,0.007081807081807082,282.25,-28.62,53.69,khong?2
0.003663003663003663,0.014896214896214897,0.035164835164835165,0.020757020757020756,0.007081807081807082,282.0,-29.06,53.38,khong?2
0.003907203907203907,0.014163614163614164,0.034432234432234435,0.02026862026862027,0.007081807081807082,282.87,-28.81,52.56,khong?2
0.004151404151404151,0.013431013431013432,0.03394383394383394,0.01978021978021978,0.007081807081807082,284.25,-28.5,51.44,khong?2
0.004395604395604396,0.012698412698412698,0.0336996336996337,0.019536019536019536,0.007081807081807082,285.62,-28.06,50.13,khong?2
0.004151404151404151,0.012454212454212455,0.033455433455433455,0.019536019536019536,0.007081807081807082,286.62,-27.69,48.88,khong?2
0.003663003663003663,0.01221001221001221,0.0336996336996337,0.01978021978021978,0.006837606837606838,287.5,-27.06,47.56,khong?2
0.0029304029304029304,0.01221001221001221,0.03394383394383394,0.02026862026862027,0.006837606837606838,288.19,-26.44,46.5,khong?2
0.002442002442002442,0.011965811965811967,0.03394383394383394,0.020512820512820513,0.006837606837606838,288.75,-26.06,46.0,khong?2
0.0019536019536019536,0.011965811965811967,0.03418803418803419,0.020757020757020756,0.006837606837606838,288.44,-26.31,45.94,khong?2
0.0014652014652014652,0.011965811965811967,0.03418803418803419,0.020757020757020756,0.006837606837606838,283.12,-27.12,58.25,khong?2
0.001221001221001221,0.01221001221001221,0.03418803418803419,0.021001221001221003,0.006837606837606838,281.87,-27.69,58.56,khong?2
0.0009768009768009768,0.012454212454212455,0.03418803418803419,0.021001221001221003,0.006837606837606838,286.0,-26.31,50.19,khong?2
0.0007326007326007326,0.012454212454212455,0.03394383394383394,0.021001221001221003,0.005616605616605617,293.19,-27.19,41.88,khong?2
0.0002442002442002442,0.012454212454212455,0.0336996336996337,0.021001221001221003,0.004884004884004884,290.94,-28.19,42.94,khong?2
0.0,0.012454212454212455,0.0336996336996337,0.02148962148962149,0.004395604395604396,290.62,-28.62,45.38,khong?2
0.0002442002442002442,0.012454212454212455,0.033455433455433455,0.02197802197802198,0.005128205128205128,296.31,-29.5,43.56,khong?2
0.0002442002442002442,0.012454212454212455,0.03321123321123321,0.022466422466422466,0.005616605616605617,298.87,-31.37,40.81,khong?2
0.0004884004884004884,0.012454212454212455,0.03321123321123321,0.0231990231990232,0.005860805860805861,297.19,-33.13,41.25,khong?2
0.0004884004884004884,0.012454212454212455,0.03296703296703297,0.023687423687423687,0.006105006105006105,295.44,-33.44,43.69,khong?2
0.0004884004884004884,0.01221001221001221,0.032722832722832725,0.024175824175824177,0.006349206349206349,294.12,-32.94,45.06,khong?2
0.0007326007326007326,0.011965811965811967,0.032722832722832725,0.02442002442002442,0.005372405372405372,292.69,-33.0,45.0,khong?2
0.0007326007326007326,0.011965811965811967,0.03247863247863248,0.02442002442002442,0.00463980463980464,291.31,-30.69,48.44,khong?2
0.0009768009768009768,0.011721611721611722,0.03247863247863248,0.02442002442002442,0.004151404151404151,291.31,-30.31,48.5,khong?2
0.0009768009768009768,0.011721611721611722,0.03223443223443224,0.023931623931623933,0.003663003663003663,291.44,-29.0,51.06,khong?2
0.001221001221001221,0.011721611721611722,0.03199023199023199,0.023687423687423687,0.003418803418803419,291.56,-28.31,52.38,khong?2
0.001221001221001221,0.011965811965811967,0.03199023199023199,0.022954822954822957,0.003418803418803419,291.62,-28.12,52.38,khong?2
0.0014652014652014652,0.01221001221001221,0.03199023199023199,0.022222222222222223,0.0031746031746031746,292.31,-29.87,48.25,khong?2
0.0014652014652014652,0.01221001221001221,0.031746031746031744,0.02197802197802198,0.0031746031746031746,294.75,-31.69,43.38,khong?2
0.0017094017094017094,0.01221001221001221,0.0315018315018315,0.02148962148962149,0.0031746031746031746,302.19,-33.75,36.0,khong?2
0.0017094017094017094,0.01221001221001221,0.03125763125763126,0.02148962148962149,0.0029304029304029304,305.62,-35.19,32.94,khong?2
0.0017094017094017094,0.01221001221001221,0.03125763125763126,0.02148962148962149,0.0029304029304029304,315.37,-37.94,20.0,khong?2
0.0014652014652014652,0.011721611721611722,0.031013431013431014,0.02148962148962149,0.0029304029304029304,317.37,-37.94,17.75,khong?2
0.001221001221001221,0.011477411477411478,0.031013431013431014,0.02197802197802198,0.0029304029304029304,317.69,-33.63,22.0,khong?2
0.001221001221001221,0.011233211233211233,0.031013431013431014,0.022222222222222223,0.0029304029304029304,306.56,-31.5,33.44,khong?2
0.0009768009768009768,0.01098901098901099,0.031013431013431014,0.022466422466422466,0.0029304029304029304,303.0,-31.44,37.44,khong?2
0.0009768009768009768,0.01098901098901099,0.031013431013431014,0.022222222222222223,0.0029304029304029304,297.62,-29.5,47.31,khong?2
0.001221001221001221,0.01098901098901099,0.03125763125763126,0.02197802197802198,0.0029304029304029304,295.0,-29.0,49.44,khong?2
0.001221001221001221,0.011721611721611722,0.03199023199023199,0.02197802197802198,0.0029304029304029304,294.81,-30.25,48.19,khong?2
0.0014652014652014652,0.01221001221001221,0.03247863247863248,0.021733821733821733,0.0029304029304029304,294.5,-31.69,45.69,khong?2
0.0014652014652014652,0.012454212454212455,0.03296703296703297,0.021733821733821733,0.0029304029304029304,296.0,-32.5,39.81,khong?2
0.0017094017094017094,0.012698412698412698,0.03321123321123321,0.021733821733821733,0.004151404151404151,302.69,-31.81,30.37,khong?2
0.0017094017094017094,0.012942612942612943,0.03296703296703297,0.021733821733821733,0.004884004884004884,303.19,-32.44,28.94,khong?2
0.0019536019536019536,0.012942612942612943,0.032722832722832725,0.021733821733821733,0.005372405372405372,307.37,-32.56,23.94,khong?2
0.0019536019536019536,0.013186813186813187,0.032722832722832725,0.02197802197802198,0.00463980463980464,313.12,-32.69,18.44,khong?2
0.0019536019536019536,0.013186813186813187,0.032722832722832725,0.02271062271062271,0.004151404151404151,314.56,-31.62,18.25,khong?2
0.002197802197802198,0.013186813186813187,0.032722832722832725,0.0231990231990232,0.003907203907203907,308.81,-29.81,24.56,khong?2
0.002197802197802198,0.013186813186813187,0.032722832722832725,0.023687423687423687,0.003663003663003663,303.5,-29.44,32.88,khong?2
0.0019536019536019536,0.012698412698412698,0.032722832722832725,0.023687423687423687,0.003418803418803419,301.44,-28.5,35.06,khong?2
0.0017094017094017094,0.012454212454212455,0.03223443223443224,0.02271062271062271,0.004395604395604396,300.25,-28.06,37.69,khong?2
0.0002442002442002442,0.010256410256410256,0.029304029304029304,0.018315018315018316,0.005128205128205128,299.75,-29.69,40.38,khong?2
0.0009768009768009768,0.008791208791208791,0.027106227106227107,0.015384615384615385,0.005616605616605617,299.69,-32.81,45.31,khong?2
0.0019536019536019536,0.007814407814407814,0.025396825396825397,0.013186813186813187,0.006105006105006105,298.56,-25.62,40.38,khong?2
0.0019536019536019536,0.0231990231990232,0.04151404151404151,0.031013431013431014,0.00757020757020757,296.87,-20.31,40.5,khong?2
0.004395604395604396,0.0336996336996337,0.05274725274725275,0.043467643467643466,0.008547008547008548,291.69,-31.37,46.75,khong?2
0.006349206349206349,0.04126984126984127,0.06056166056166056,0.05201465201465202,0.00927960927960928,294.25,-22.06,46.31,khong?2
0.007326007326007326,0.046153846153846156,0.06373626373626373,0.055921855921855924,0.009523809523809525,298.44,-12.69,42.19,khong?2
0.007081807081807082,0.04908424908424908,0.0652014652014652,0.05787545787545788,0.010012210012210013,291.06,-27.19,51.69,khong?2
0.006593406593406593,0.05054945054945055,0.0652014652014652,0.05860805860805861,0.010256410256410256,294.87,-18.94,47.31,khong?2
0.005860805860805861,0.051526251526251524,0.0652014652014652,0.059096459096459095,0.010256410256410256,299.0,-12.06,42.63,khong?2
0.00463980463980464,0.051770451770451774,0.06471306471306472,0.058363858363858365,0.010500610500610501,289.37,-28.44,53.75,khong?2
0.003663003663003663,0.05201465201465202,0.06373626373626373,0.05787545787545788,0.00927960927960928,290.69,-22.56,54.81,khong?2
0.0029304029304029304,0.051770451770451774,0.06275946275946276,0.056654456654456654,0.008547008547008548,298.81,-6.69,43.06,khong?2
0.002197802197802198,0.05128205128205128,0.06202686202686203,0.055921855921855924,0.00805860805860806,290.5,-21.75,52.13,khong?2
0.0014652014652014652,0.05030525030525031,0.06031746031746032,0.0547008547008547,0.007814407814407814,285.81,-30.56,63.25,khong?2
0.0007326007326007326,0.04932844932844933,0.05885225885225885,0.054212454212454214,0.00757020757020757,295.0,-13.44,49.13,khong?2
0.0002442002442002442,0.04884004884004884,0.057631257631257635,0.05396825396825397,0.007326007326007326,296.44,-5.87,44.94,khong?2
0.0,0.04835164835164835,0.056654456654456654,0.05347985347985348,0.007081807081807082,292.94,-11.56,47.56,khong?2
0.0002442002442002442,0.04810744810744811,0.05616605616605617,0.05299145299145299,0.007081807081807082,291.31,-18.37,49.75,khong?2
0.0004884004884004884,0.04786324786324787,0.05543345543345543,0.05274725274725275,0.007081807081807082,290.81,-19.37,43.25,khong?2
0.0007326007326007326,0.047619047619047616,0.054945054945054944,0.051770451770451774,0.007081807081807082,290.87,-23.69,51.88,khong?2
0.0031746031746031746,0.03956043956043956,0.05103785103785104,0.04371184371184371,0.007081807081807082,291.31,-24.75,53.31,khong?2
0.00463980463980464,0.03247863247863248,0.046153846153846156,0.036141636141636145,0.006837606837606838,291.12,-25.06,53.31,khong?2
0.005860805860805861,0.02735042735042735,0.04249084249084249,0.031013431013431014,0.006837606837606838,291.19,-25.69,53.81,khong?2
0.006593406593406593,0.023931623931623933,0.0398046398046398,0.02735042735042735,0.006837606837606838,290.87,-26.94,55.06,khong?2
0.007081807081807082,0.021245421245421246,0.0380952380952381,0.024664224664224663,0.006837606837606838,289.44,-27.69,59.19,khong?2
0.007081807081807082,0.020024420024420026,0.037606837606837605,0.023687423687423687,0.006837606837606838,289.19,-22.06,56.19,khong?2
0.004395604395604396,0.026617826617826617,0.04664224664224664,0.03321123321123321,0.00805860805860806,285.69,-21.94,54.81,khong?2
0.002442002442002442,0.035164835164835165,0.05299145299145299,0.04053724053724054,0.010012210012210013,280.75,-34.06,61.81,khong?2
0.0004884004884004884,0.041025641025641026,0.057387057387057384,0.046153846153846156,0.011233211233211233,286.87,-20.62,58.56,khong?2
0.0009768009768009768,0.045177045177045176,0.05934065934065934,0.05030525030525031,0.01221001221001221,293.06,-9.88,50.31,khong?2
0.001221001221001221,0.04786324786324787,0.06031746031746032,0.052503052503052504,0.012942612942612943,283.94,-25.19,60.31,khong?2
0.0014652014652014652,0.04957264957264957,0.06056166056166056,0.054212454212454214,0.012454212454212455,286.0,-20.31,61.63,khong?2
0.0014652014652014652,0.05054945054945055,0.060805860805860805,0.05518925518925519,0.011965811965811967,293.12,-8.44,50.56,khong?2
0.0009768009768009768,0.05054945054945055,0.06031746031746032,0.05567765567765568,0.011477411477411478,285.37,-20.31,59.69,khong?2
0.0007326007326007326,0.05054945054945055,0.059096459096459095,0.054945054945054944,0.011477411477411478,283.06,-24.5,66.87,khong?2
0.0004884004884004884,0.05030525030525031,0.05787545787545788,0.05372405372405373,0.011233211233211233,288.94,-12.69,54.81,khong?2
0.0,0.050061050061050064,0.0568986568986569,0.05299145299145299,0.011233211233211233,282.81,-23.44,61.5,khong?2
0.0004884004884004884,0.050061050061050064,0.055921855921855924,0.052503052503052504,0.01098901098901099,280.87,-28.62,66.81,khong?2
0.0009768009768009768,0.04981684981684982,0.05518925518925519,0.05201465201465202,0.01098901098901099,289.19,-12.0,55.94,khong?2
0.0014652014652014652,0.04908424908424908,0.054212454212454214,0.051526251526251524,0.01098901098901099,291.75,-7.06,52.69,khong?2
0.0017094017094017094,0.04932844932844933,0.053235653235653234,0.05030525030525031,0.01098901098901099,288.56,-13.31,54.88,khong?2
0.002197802197802198,0.0485958485958486,0.052503052503052504,0.04932844932844933,0.010744810744810745,286.87,-19.44,52.56,khong?2
0.002686202686202686,0.04810744810744811,0.051770451770451774,0.0485958485958486,0.010744810744810745,288.62,-23.69,54.06,khong?2
0.00463980463980464,0.042735042735042736,0.050061050061050064,0.0442002442002442,0.009523809523809525,289.19,-25.62,57.75,khong?2
0.005860805860805861,0.035164835164835165,0.04493284493284493,0.03711843711843712,0.008791208791208791,288.81,-26.44,58.13,khong?2
0.006593406593406593,0.029548229548229547,0.04126984126984127,0.031746031746031744,0.008302808302808303,288.81,-26.31,57.06,khong?2
0.007326007326007326,0.02564102564102564,0.038583638583638585,0.02783882783882784,0.007814407814407814,288.5,-26.87,56.81,khong?2
0.00757020757020757,0.022954822954822957,0.03663003663003663,0.025152625152625153,0.00757020757020757,288.06,-26.87,56.25,khong?2
0.00757020757020757,0.020757020757020756,0.03540903540903541,0.022954822954822957,0.007326007326007326,288.25,-27.0,56.81,khong?2
0.00757020757020757,0.019536019536019536,0.034432234432234435,0.021733821733821733,0.007326007326007326,286.0,-26.44,59.75,khong?2
0.006837606837606838,0.01855921855921856,0.03418803418803419,0.020757020757020756,0.007081807081807082,283.44,-22.87,59.38,khong?2
0.004884004884004884,0.02490842490842491,0.0463980463980464,0.030036630036630037,0.008302808302808303,280.56,-26.12,58.44,khong?2
0.003418803418803419,0.03199023199023199,0.0547008547008547,0.03785103785103785,0.009035409035409036,277.37,-34.63,61.13,khong?2
0.001221001221001221,0.03736263736263736,0.060805860805860805,0.044444444444444446,0.010744810744810745,283.87,-24.06,63.44,khong?2
0.0004884004884004884,0.04126984126984127,0.06324786324786325,0.04908424908424908,0.011965811965811967,286.44,-15.0,56.25,khong?2
0.0004884004884004884,0.04322344322344322,0.06446886446886448,0.05103785103785104,0.011477411477411478,281.0,-23.25,62.13,khong?2
0.0002442002442002442,0.044444444444444446,0.06398046398046398,0.052503052503052504,0.011233211233211233,280.5,-22.81,67.25,khong?2
0.0,0.04468864468864469,0.06349206349206349,0.05225885225885226,0.011233211233211233,292.06,-6.06,51.5,khong?2
0.0007326007326007326,0.04493284493284493,0.06227106227106227,0.051770451770451774,0.01098901098901099,287.56,-12.19,54.5,khong?2
0.0014652014652014652,0.04493284493284493,0.06056166056166056,0.051526251526251524,0.01098901098901099,280.37,-25.5,63.56,khong?2
0.001221001221001221,0.04566544566544566,0.05934065934065934,0.05128205128205128,0.01098901098901099,282.0,-20.31,65.25,khong?2
0.0019536019536019536,0.045177045177045176,0.05860805860805861,0.050793650793650794,0.010744810744810745,287.31,-10.63,55.13,khong?2
0.002197802197802198,0.04493284493284493,0.057631257631257635,0.04981684981684982,0.010744810744810745,281.19,-22.31,63.19,khong?2
0.002442002442002442,0.04493284493284493,0.055921855921855924,0.04884004884004884,0.010744810744810745,278.12,-28.0,67.81,khong?2
0.002686202686202686,0.044444444444444446,0.0547008547008547,0.0485958485958486,0.009523809523809525,285.94,-12.69,59.44,khong?2
0.0029304029304029304,0.0442002442002442,0.05396825396825397,0.0485958485958486,0.008791208791208791,288.25,-6.87,55.19,khong?2
0.003418803418803419,0.04395604395604396,0.05274725274725275,0.047619047619047616,0.008302808302808303,284.25,-13.69,58.56,khong?2
0.003907203907203907,0.04371184371184371,0.05201465201465202,0.04664224664224664,0.007814407814407814,283.0,-19.81,63.44,khong?2
0.004395604395604396,0.04322344322344322,0.05128205128205128,0.046153846153846156,0.00757020757020757,284.19,-21.0,56.5,khong?2
0.005372405372405372,0.04224664224664225,0.05054945054945055,0.04322344322344322,0.007326007326007326,284.87,-24.87,62.56,khong?2
0.006349206349206349,0.034432234432234435,0.0463980463980464,0.036141636141636145,0.007326007326007326,285.06,-26.75,62.19,khong?2
0.006837606837606838,0.029304029304029304,0.04322344322344322,0.031013431013431014,0.007081807081807082,285.25,-27.56,61.94,khong?2
0.007326007326007326,0.025396825396825397,0.04078144078144078,0.027106227106227107,0.007081807081807082,285.75,-27.44,63.56,khong?2
0.00757020757020757,0.02271062271062271,0.03907203907203907,0.024664224664224663,0.007081807081807082,285.31,-26.37,64.62,khong?2
0.007814407814407814,0.021001221001221003,0.03785103785103785,0.02271062271062271,0.007081807081807082,283.12,-24.06,69.31,khong?2
0.006349206349206349,0.020512820512820513,0.03833943833943834,0.02271062271062271,0.007081807081807082,280.87,-22.44,65.94,khong?2
0.0019536019536019536,0.03028083028083028,0.047619047619047616,0.03418803418803419,0.007081807081807082,276.62,-27.5,65.12,khong?2
0.001221001221001221,0.03833943833943834,0.05396825396825397,0.04224664224664225,0.007081807081807082,274.37,-35.31,65.19,khong?2
0.004151404151404151,0.04371184371184371,0.05860805860805861,0.04810744810744811,0.007081807081807082,280.94,-23.87,68.69,khong?2
0.006105006105006105,0.047619047619047616,0.05934065934065934,0.05030525030525031,0.007081807081807082,285.94,-11.5,57.25,khong?2
0.006593406593406593,0.04957264957264957,0.05885225885225885,0.05201465201465202,0.007081807081807082,279.5,-21.81,65.87,khong?2
0.006593406593406593,0.050061050061050064,0.057387057387057384,0.05201465201465202,0.007081807081807082,277.06,-26.81,71.0,khong?2
0.006349206349206349,0.050061050061050064,0.05616605616605617,0.053235653235653234,0.007081807081807082,281.5,-17.12,62.31,khong?2
0.005860805860805861,0.050061050061050064,0.05518925518925519,0.052503052503052504,0.007081807081807082,280.94,-18.0,62.44,khong?2
0.005616605616605617,0.050061050061050064,0.0547008547008547,0.051770451770451774,0.007081807081807082,276.56,-28.0,70.12,khong?2
0.005860805860805861,0.050061050061050064,0.05396825396825397,0.051526251526251524,0.007081807081807082,281.44,-19.56,69.31,khong?2
0.005616605616605617,0.04981684981684982,0.053235653235653234,0.05128205128205128,0.007081807081807082,284.56,-13.0,59.5,khong?2
0.005372405372405372,0.04981684981684982,0.05274725274725275,0.050793650793650794,0.007081807081807082,276.19,-27.62,70.06,khong?2
0.005860805860805861,0.04981684981684982,0.05201465201465202,0.050793650793650794,0.007081807081807082,276.12,-25.75,75.56,khong?2
0.005616605616605617,0.04932844932844933,0.051526251526251524,0.05128205128205128,0.007081807081807082,283.25,-12.94,60.13,khong?2
0.004884004884004884,0.04884004884004884,0.05054945054945055,0.05347985347985348,0.007081807081807082,281.5,-14.06,61.94,khong?2
0.004151404151404151,0.04810744810744811,0.04981684981684982,0.054945054945054944,0.007081807081807082,278.25,-20.19,68.75,khong?2
0.003418803418803419,0.04737484737484737,0.04908424908424908,0.05616605616605617,0.007081807081807082,278.37,-25.56,64.25,khong?2
0.0029304029304029304,0.0463980463980464,0.04810744810744811,0.05445665445665446,0.007081807081807082,280.5,-23.25,60.19,khong?2
0.0014652014652014652,0.04371184371184371,0.04737484737484737,0.04957264957264957,0.007081807081807082,281.31,-23.5,61.0,khong?2
0.001221001221001221,0.03540903540903541,0.04224664224664225,0.040293040293040296,0.007081807081807082,281.87,-23.37,60.88,khong?2
0.0029304029304029304,0.028815628815628817,0.03785103785103785,0.0336996336996337,0.007081807081807082,282.94,-22.75,61.0,khong?2
0.004395604395604396,0.023931623931623933,0.03467643467643468,0.028815628815628817,0.007081807081807082,283.56,-22.81,61.31,khong?2
0.005372405372405372,0.020512820512820513,0.03247863247863248,0.02564102564102564,0.007081807081807082,283.81,-23.44,61.69,khong?2
0.005860805860805861,0.018070818070818073,0.03076923076923077,0.0231990231990232,0.007081807081807082,282.37,-23.31,63.63,khong?2
0.006105006105006105,0.016361416361416362,0.030036630036630037,0.021733821733821733,0.007081807081807082,279.94,-22.31,71.62,khong?2
0.004151404151404151,0.017094017094017096,0.036141636141636145,0.02564102564102564,0.007081807081807082,278.87,-21.0,65.69,khong?2
0.0014652014652014652,0.028083028083028084,0.044444444444444446,0.03492063492063492,0.007081807081807082,274.0,-29.94,67.87,khong?2
0.005372405372405372,0.03565323565323565,0.050061050061050064,0.04151404151404151,0.007081807081807082,273.69,-33.31,68.19,khong?2
0.00805860805860806,0.041025641025641026,0.054212454212454214,0.046153846153846156,0.007081807081807082,286.81,-13.06,58.56,khong?2
0.007814407814407814,0.04371184371184371,0.055921855921855924,0.0485958485958486,0.007081807081807082,287.37,-6.25,55.81,khong?2
0.007326007326007326,0.04493284493284493,0.055921855921855924,0.050061050061050064,0.007081807081807082,279.06,-19.5,67.0,khong?2
0.006593406593406593,0.04590964590964591,0.055921855921855924,0.050793650793650794,0.007081807081807082,278.25,-19.12,70.87,khong?2
0.005616605616605617,0.0463980463980464,0.05543345543345543,0.051526251526251524,0.007081807081807082,284.62,-6.0,57.19,khong?2
0.004884004884004884,0.0463980463980464,0.054945054945054944,0.05128205128205128,0.007081807081807082,280.81,-13.5,60.13,khong?2
0.004151404151404151,0.046153846153846156,0.05372405372405373,0.050793650793650794,0.007081807081807082,274.19,-27.31,72.19,khong?2
0.003418803418803419,0.04590964590964591,0.05274725274725275,0.050793650793650794,0.006837606837606838,277.69,-19.12,70.19,khong?2
0.002686202686202686,0.045177045177045176,0.051770451770451774,0.050793650793650794,0.006837606837606838,283.06,-10.94,58.81,khong?2
0.0019536019536019536,0.04468864468864469,0.05128205128205128,0.050061050061050064,0.006837606837606838,273.25,-25.5,72.44,khong?2
0.0019536019536019536,0.04468864468864469,0.05030525030525031,0.04908424908424908,0.006837606837606838,271.5,-28.69,75.12,khong?2
0.0014652014652014652,0.044444444444444446,0.04932844932844933,0.04908424908424908,0.006837606837606838,278.56,-15.19,64.75,khong?2
0.0009768009768009768,0.04371184371184371,0.0485958485958486,0.04884004884004884,0.006837606837606838,280.06,-12.06,61.56,khong?2
0.0004884004884004884,0.04297924297924298,0.047619047619047616,0.04810744810744811,0.006837606837606838,277.37,-15.88,62.69,khong?2
0.0,0.04249084249084249,0.046886446886446886,0.047619047619047616,0.006837606837606838,277.06,-21.12,67.06,khong?2
0.0002442002442002442,0.042002442002442006,0.0463980463980464,0.046886446886446886,0.006837606837606838,280.69,-18.44,50.63,khong?2
0.0014652014652014652,0.04126984126984127,0.04590964590964591,0.04468864468864469,0.006837606837606838,282.06,-19.37,52.63,khong?2
0.0031746031746031746,0.03321123321123321,0.04224664224664225,0.036874236874236875,0.006837606837606838,282.37,-20.44,53.44,khong?2
0.00463980463980464,0.026862026862026864,0.038583638583638585,0.03125763125763126,0.006837606837606838,282.37,-21.25,53.63,khong?2
0.005616605616605617,0.022466422466422466,0.036141636141636145,0.027106227106227107,0.006837606837606838,282.5,-22.69,54.56,khong?2
0.006349206349206349,0.019291819291819293,0.03418803418803419,0.02442002442002442,0.006837606837606838,281.75,-26.69,58.13,khong?2
0.006349206349206349,0.017094017094017096,0.033455433455433455,0.022222222222222223,0.006837606837606838,278.75,-34.06,64.31,khong?2
0.006105006105006105,0.01611721611721612,0.03418803418803419,0.02148962148962149,0.006837606837606838,272.94,-33.44,74.62,khong?2
0.004395604395604396,0.022222222222222223,0.04395604395604396,0.02905982905982906,0.006837606837606838,279.37,-22.56,62.13,khong?2
0.003418803418803419,0.028327228327228327,0.05103785103785104,0.03736263736263736,0.006837606837606838,272.69,-26.62,67.06,khong?2
0.002442002442002442,0.03296703296703297,0.055921855921855924,0.04322344322344322,0.006837606837606838,269.37,-36.94,69.06,khong?2
0.0014652014652014652,0.03663003663003663,0.05860805860805861,0.04737484737484737,0.006837606837606838,273.37,-28.19,72.75,khong?2
0.001221001221001221,0.038583638583638585,0.06031746031746032,0.04932844932844933,0.006837606837606838,273.75,-23.5,64.37,khong?2
0.0007326007326007326,0.04004884004884005,0.06105006105006105,0.05054945054945055,0.006837606837606838,267.44,-33.94,68.31,khong?2
0.0004884004884004884,0.04151404151404151,0.06105006105006105,0.05128205128205128,0.006837606837606838,267.81,-35.75,70.62,khong?2
0.0002442002442002442,0.042002442002442006,0.06056166056166056,0.051770451770451774,0.006837606837606838,276.12,-20.87,65.19,khong?2
0.0004884004884004884,0.041758241758241756,0.060073260073260075,0.05201465201465202,0.006837606837606838,272.87,-21.44,67.62,khong?2
0.0004884004884004884,0.042002442002442006,0.05860805860805861,0.05225885225885226,0.006837606837606838,269.0,-36.63,66.62,khong?2
0.0007326007326007326,0.04224664224664225,0.057631257631257635,0.052503052503052504,0.006837606837606838,268.87,-33.25,72.06,khong?2
0.0007326007326007326,0.041758241758241756,0.0568986568986569,0.05274725274725275,0.006837606837606838,279.19,-18.19,57.44,khong?2
0.0009768009768009768,0.04151404151404151,0.05616605616605617,0.052503052503052504,0.006837606837606838,278.81,-14.81,62.88,khong?2
0.0014652014652014652,0.04053724053724054,0.05518925518925519,0.05201465201465202,0.006837606837606838,274.19,-21.87,69.44,khong?2
0.0019536019536019536,0.0398046398046398,0.054212454212454214,0.05201465201465202,0.006837606837606838,270.94,-27.62,73.56,khong?2
0.002197802197802198,0.03956043956043956,0.05372405372405373,0.05128205128205128,0.006837606837606838,272.19,-31.62,69.0,khong?2
0.002442002442002442,0.03907203907203907,0.05299145299145299,0.050061050061050064,0.006837606837606838,277.12,-25.12,55.75,khong?2
0.002686202686202686,0.03882783882783883,0.052503052503052504,0.04737484737484737,0.006837606837606838,278.94,-25.06,59.31,khong?2
0.00463980463980464,0.031013431013431014,0.04713064713064713,0.038583638583638585,0.006837606837606838,278.81,-24.75,62.44,khong?2
0.006105006105006105,0.023443223443223443,0.041025641025641026,0.031013431013431014,0.006837606837606838,279.19,-26.0,62.25,khong?2
0.007081807081807082,0.018315018315018316,0.036874236874236875,0.02564102564102564,0.006837606837606838,279.06,-28.0,63.19,khong?2
0.00757020757020757,0.014652014652014652,0.03394383394383394,0.02197802197802198,0.006837606837606838,278.5,-28.81,63.56,khong?2
0.007814407814407814,0.01221001221001221,0.03199023199023199,0.019536019536019536,0.006837606837606838,278.69,-24.87,71.31,khong?2
0.007326007326007326,0.011233211233211233,0.0336996336996337,0.019291819291819293,0.006837606837606838,281.62,-17.62,59.81,khong?2
0.006105006105006105,0.022222222222222223,0.04224664224664225,0.03199023199023199,0.006837606837606838,284.0,-16.62,57.31,khong?2
0.005128205128205128,0.030036630036630037,0.04835164835164835,0.041025641025641026,0.006837606837606838,278.69,-27.81,63.38,khong?2
0.00463980463980464,0.03565323565323565,0.052503052503052504,0.04737484737484737,0.006837606837606838,274.75,-30.87,69.56,khong?2
0.004151404151404151,0.039316239316239315,0.05445665445665446,0.05030525030525031,0.006837606837606838,286.0,-16.94,57.13,khong?2
0.004151404151404151,0.041758241758241756,0.055921855921855924,0.051770451770451774,0.006837606837606838,286.81,-13.19,59.38,khong?2
0.00463980463980464,0.042735042735042736,0.05543345543345543,0.052503052503052504,0.006837606837606838,279.56,-26.06,68.69,khong?2
0.004395604395604396,0.043467643467643466,0.054945054945054944,0.053235653235653234,0.006837606837606838,281.44,-22.56,69.5,khong?2
0.00463980463980464,0.04395604395604396,0.054212454212454214,0.05347985347985348,0.006837606837606838,282.5,-16.31,63.06,khong?2
0.004884004884004884,0.04395604395604396,0.05372405372405373,0.052503052503052504,0.006837606837606838,276.56,-28.69,69.81,khong?2
0.004884004884004884,0.04395604395604396,0.053235653235653234,0.051770451770451774,0.006837606837606838,276.0,-30.12,71.06,khong?2
0.004884004884004884,0.04395604395604396,0.05274725274725275,0.05128205128205128,0.006837606837606838,285.25,-17.37,60.19,khong?2
0.005128205128205128,0.04322344322344322,0.051526251526251524,0.05030525030525031,0.006837606837606838,280.44,-19.37,65.44,khong?2
0.004884004884004884,0.04322344322344322,0.05128205128205128,0.04957264957264957,0.006837606837606838,275.25,-31.75,69.37,khong?2
0.00463980463980464,0.04322344322344322,0.05103785103785104,0.04908424908424908,0.006837606837606838,275.69,-28.31,74.0,khong?2
0.004884004884004884,0.04249084249084249,0.05054945054945055,0.04932844932844933,0.006837606837606838,284.75,-12.44,61.69,khong?2
0.005128205128205128,0.041758241758241756,0.050061050061050064,0.04932844932844933,0.006837606837606838,288.81,-6.69,59.0,khong?2
0.005372405372405372,0.04151404151404151,0.04932844932844933,0.050061050061050064,0.006837606837606838,287.69,-8.44,59.94,khong?2
0.005616605616605617,0.041025641025641026,0.04884004884004884,0.05054945054945055,0.006837606837606838,285.62,-13.44,62.5,khong?2
0.005860805860805861,0.04078144078144078,0.04835164835164835,0.050793650793650794,0.006837606837606838,284.69,-20.75,57.06,khong?2
0.006105006105006105,0.04053724053724054,0.04810744810744811,0.04957264957264957,0.006837606837606838,281.0,-27.31,62.25,khong?2
0.006105006105006105,0.03663003663003663,0.047619047619047616,0.045177045177045176,0.006837606837606838,282.0,-29.0,61.63,khong?2
0.005372405372405372,0.032722832722832725,0.04590964590964591,0.04078144078144078,0.006837606837606838,282.19,-29.75,60.63,khong?2
0.00463980463980464,0.02905982905982906,0.0442002442002442,0.03663003663003663,0.005616605616605617,281.94,-29.62,60.56,khong?2
0.004151404151404151,0.02564102564102564,0.04151404151404151,0.03199023199023199,0.004884004884004884,282.19,-28.94,60.63,khong?2
0.004395604395604396,0.022466422466422466,0.038583638583638585,0.02783882783882784,0.004151404151404151,281.87,-29.19,60.38,khong?2
0.004884004884004884,0.019536019536019536,0.03540903540903541,0.024664224664224663,0.003907203907203907,281.37,-30.06,60.19,khong?2
0.005372405372405372,0.01733821733821734,0.033455433455433455,0.022466422466422466,0.003418803418803419,280.87,-26.81,64.75,khong?2
0.005616605616605617,0.015873015873015872,0.03199023199023199,0.021001221001221003,0.003418803418803419,280.0,-24.5,67.5,khong?2
0.002686202686202686,0.020024420024420026,0.04078144078144078,0.0315018315018315,0.004395604395604396,274.69,-27.44,67.5,khong?2
0.0007326007326007326,0.02783882783882784,0.046886446886446886,0.040293040293040296,0.006349206349206349,271.25,-35.75,64.37,khong?2
0.0007326007326007326,0.03321123321123321,0.05103785103785104,0.0463980463980464,0.00757020757020757,270.37,-37.0,64.75,khong?2
0.0019536019536019536,0.03711843711843712,0.05299145299145299,0.050793650793650794,0.008547008547008548,286.62,-14.5,56.63,khong?2
0.002197802197802198,0.0398046398046398,0.05372405372405373,0.05274725274725275,0.00805860805860806,285.62,-10.88,57.63,khong?2
0.0017094017094017094,0.04126984126984127,0.05372405372405373,0.05372405372405373,0.007814407814407814,276.75,-26.25,68.44,khong?2
0.001221001221001221,0.042002442002442006,0.052503052503052504,0.054212454212454214,0.00757020757020757,275.0,-28.94,70.06,khong?2
0.0009768009768009768,0.04224664224664225,0.051770451770451774,0.05396825396825397,0.007326007326007326,275.56,-24.0,65.44,khong?2
0.002197802197802198,0.04224664224664225,0.05103785103785104,0.053235653235653234,0.007081807081807082,270.12,-31.0,65.5,khong?2
0.0029304029304029304,0.041758241758241756,0.04957264957264957,0.052503052503052504,0.007081807081807082,270.37,-32.31,72.0,khong?2
0.003418803418803419,0.041025641025641026,0.04835164835164835,0.051770451770451774,0.007081807081807082,278.44,-22.87,66.06,khong?2
0.003907203907203907,0.040293040293040296,0.04737484737484737,0.05103785103785104,0.007081807081807082,275.87,-24.69,66.75,khong?2
0.003418803418803419,0.039316239316239315,0.04664224664224664,0.050061050061050064,0.007081807081807082,272.44,-36.56,65.31,khong?2
0.0031746031746031746,0.03882783882783883,0.04590964590964591,0.04957264957264957,0.007081807081807082,274.81,-30.06,73.19,khong?2
0.002197802197802198,0.03833943833943834,0.04542124542124542,0.04932844932844933,0.006837606837606838,281.06,-15.75,63.31,khong?2
0.0014652014652014652,0.03785103785103785,0.04493284493284493,0.04932844932844933,0.006837606837606838,282.31,-14.94,62.31,khong?2
0.0007326007326007326,0.03785103785103785,0.04493284493284493,0.04884004884004884,0.006837606837606838,278.56,-21.0,66.5,khong?2
0.0002442002442002442,0.03736263736263736,0.0442002442002442,0.0485958485958486,0.006837606837606838,282.19,-18.62,48.5,khong?2
0.0007326007326007326,0.03736263736263736,0.04371184371184371,0.04737484737484737,0.006837606837606838,282.31,-19.94,50.56,khong?2
0.003418803418803419,0.0315018315018315,0.04249084249084249,0.041025641025641026,0.006837606837606838,281.5,-21.75,53.44,khong?2
0.005372405372405372,0.024175824175824177,0.03785103785103785,0.03321123321123321,0.006837606837606838,281.31,-22.19,53.63,khong?2
0.006593406593406593,0.018803418803418803,0.03418803418803419,0.027594627594627594,0.006837606837606838,280.87,-23.19,53.0,khong?2
0.00757020757020757,0.014896214896214897,0.0315018315018315,0.023931623931623933,0.006837606837606838,280.5,-23.5,53.38,khong?2
0.008302808302808303,0.01221001221001221,0.029792429792429794,0.021245421245421246,0.006837606837606838,279.5,-24.12,55.19,khong?2
0.008791208791208791,0.010256410256410256,0.028327228327228327,0.019291819291819293,0.006837606837606838,278.06,-24.06,67.87,khong?2
0.007326007326007326,0.011721611721611722,0.03418803418803419,0.023443223443223443,0.006837606837606838,275.19,-25.12,68.81,khong?2
0.0002442002442002442,0.029548229548229547,0.04835164835164835,0.03785103785103785,0.00805860805860806,271.31,-29.56,66.75,khong?2
0.005616605616605617,0.04224664224664225,0.05811965811965812,0.04786324786324787,0.008791208791208791,268.06,-37.94,60.75,khong?2
0.010256410256410256,0.05103785103785104,0.06495726495726496,0.054945054945054944,0.009523809523809525,269.75,-32.88,68.0,khong?2
0.013675213675213675,0.05518925518925519,0.06666666666666667,0.05714285714285714,0.009768009768009768,282.06,-18.44,56.94,khong?2
0.014407814407814409,0.057631257631257635,0.0673992673992674,0.05860805860805861,0.010256410256410256,276.56,-20.56,63.88,khong?2
0.014407814407814409,0.05811965811965812,0.06666666666666667,0.05934065934065934,0.010500610500610501,272.37,-32.94,64.69,khong?2
0.014407814407814409,0.05811965811965812,0.06568986568986569,0.05860805860805861,0.010500610500610501,275.25,-27.56,70.75,khong?2
0.014163614163614164,0.05811965811965812,0.06495726495726496,0.05787545787545788,0.010500610500610501,275.31,-20.69,68.19,khong?2
0.012942612942612943,0.05811965811965812,0.06422466422466422,0.057387057387057384,0.010500610500610501,271.12,-28.5,69.75,khong?2
0.011965811965811967,0.057631257631257635,0.06373626373626373,0.05616605616605617,0.010500610500610501,271.19,-34.13,66.44,khong?2
0.010744810744810745,0.05714285714285714,0.06251526251526252,0.05543345543345543,0.010500610500610501,281.44,-19.19,62.0,khong?2
0.010012210012210013,0.056654456654456654,0.06153846153846154,0.05445665445665446,0.010500610500610501,276.19,-20.12,66.87,khong?2
0.009035409035409036,0.05567765567765568,0.060073260073260075,0.053235653235653234,0.010500610500610501,272.75,-30.87,66.94,khong?2
0.008547008547008548,0.0547008547008547,0.05885225885225885,0.05201465201465202,0.010500610500610501,275.19,-25.37,72.37,khong?2
0.00805860805860806,0.054212454212454214,0.05787545787545788,0.05128205128205128,0.009523809523809525,282.5,-11.56,61.31,khong?2
0.00805860805860806,0.05372405372405373,0.0568986568986569,0.050793650793650794,0.008791208791208791,282.94,-8.81,61.13,khong?2
0.008791208791208791,0.053235653235653234,0.056654456654456654,0.05054945054945055,0.00805860805860806,281.69,-10.69,61.81,khong?2
0.009523809523809525,0.05299145299145299,0.05641025641025641,0.05054945054945055,0.007814407814407814,281.25,-17.12,66.25,khong?2
0.009035409035409036,0.052503052503052504,0.055921855921855924,0.05030525030525031,0.007326007326007326,280.25,-16.62,52.06,khong?2
0.007326007326007326,0.05201465201465202,0.05567765567765568,0.04884004884004884,0.007326007326007326,281.06,-17.5,53.44,khong?2
0.004395604395604396,0.043467643467643466,0.05128205128205128,0.04151404151404151,0.007081807081807082,280.94,-18.06,53.38,khong?2
0.002197802197802198,0.036141636141636145,0.04664224664224664,0.03467643467643468,0.006837606837606838,280.56,-19.19,53.63,khong?2
0.0007326007326007326,0.030525030525030524,0.04297924297924298,0.030036630036630037,0.006837606837606838,280.37,-20.0,54.31,khong?2
0.0002442002442002442,0.026373626373626374,0.040293040293040296,0.026617826617826617,0.006837606837606838,279.5,-21.0,54.5,khong?2
0.0009768009768009768,0.023443223443223443,0.03833943833943834,0.02442002442002442,0.006837606837606838,278.87,-21.94,54.44,khong?2
0.0014652014652014652,0.02148962148962149,0.03711843711843712,0.022954822954822957,0.006837606837606838,278.25,-22.19,55.5,khong?2
0.0017094017094017094,0.020024420024420026,0.036141636141636145,0.02197802197802198,0.006837606837606838,275.19,-24.31,63.88,khong?2
0.0019536019536019536,0.01904761904761905,0.036874236874236875,0.022222222222222223,0.006837606837606838,270.69,-29.19,63.13,khong?2
0.002197802197802198,0.030036630036630037,0.05103785103785104,0.032722832722832725,0.00927960927960928,270.0,-30.06,62.13,khong?2
0.00757020757020757,0.04053724053724054,0.06105006105006105,0.042002442002442006,0.011965811965811967,269.19,-35.94,54.5,khong?2
0.011233211233211233,0.04786324786324787,0.06813186813186813,0.0485958485958486,0.01391941391941392,268.81,-39.06,57.5,khong?2
0.01391941391941392,0.05299145299145299,0.07155067155067155,0.05299145299145299,0.01514041514041514,276.75,-23.87,58.44,khong?2
0.015384615384615385,0.05567765567765568,0.07277167277167278,0.054945054945054944,0.01514041514041514,273.5,-23.69,63.75,khong?2
0.016361416361416362,0.05714285714285714,0.07252747252747253,0.055921855921855924,0.014896214896214897,270.87,-30.06,67.25,khong?2
0.017094017094017096,0.05811965811965812,0.07252747252747253,0.05641025641025641,0.014896214896214897,272.56,-26.12,68.69,khong?2
0.018315018315018316,0.05885225885225885,0.07252747252747253,0.057387057387057384,0.014896214896214897,279.06,-15.0,61.63,khong?2
0.031013431013431014,0.06202686202686203,0.07496947496947497,0.060073260073260075,0.014896214896214897,275.94,-20.81,64.19,khong?2
0.04004884004884005,0.06422466422466422,0.07667887667887668,0.06202686202686203,0.014652014652014652,272.12,-29.44,70.75,khong?2
0.0463980463980464,0.06568986568986569,0.0778998778998779,0.06349206349206349,0.014652014652014652,279.5,-20.0,61.31,khong?2
0.050793650793650794,0.06666666666666667,0.07863247863247863,0.06568986568986569,0.014652014652014652,277.25,-16.69,64.25,khong?2
0.05274725274725275,0.06691086691086691,0.07887667887667887,0.06617826617826618,0.014652014652014652,273.12,-25.5,69.37,khong?2
0.053235653235653234,0.06715506715506715,0.07838827838827839,0.06666666666666667,0.014652014652014652,272.37,-28.69,70.12,khong?2
0.05372405372405373,0.06715506715506715,0.0778998778998779,0.0673992673992674,0.014652014652014652,279.87,-17.5,65.06,khong?2
0.053235653235653234,0.06691086691086691,0.07765567765567766,0.0673992673992674,0.014652014652014652,283.5,-10.38,61.06,khong?2
0.05201465201465202,0.06642246642246642,0.07667887667887668,0.06642246642246642,0.014652014652014652,275.94,-25.94,66.31,khong?2
0.05054945054945055,0.0652014652014652,0.07448107448107448,0.06568986568986569,0.014652014652014652,274.31,-28.56,67.19,khong?2
0.0485958485958486,0.06373626373626373,0.07277167277167278,0.0652014652014652,0.014652014652014652,278.44,-20.0,63.13,khong?2
0.04713064713064713,0.06251526251526252,0.0713064713064713,0.06471306471306472,0.014652014652014652,278.19,-13.31,63.19,khong?2
0.04493284493284493,0.06153846153846154,0.07008547008547009,0.06398046398046398,0.014652014652014652,277.87,-13.94,63.44,khong?2
0.04371184371184371,0.060805860805860805,0.06935286935286936,0.06373626373626373,0.013431013431013432,275.69,-20.19,66.25,khong?2
0.042735042735042736,0.060073260073260075,0.06886446886446887,0.06324786324786325,0.012698412698412698,277.44,-20.12,53.06,khong?2
0.03882783882783883,0.05934065934065934,0.06764346764346764,0.06202686202686203,0.01221001221001221,277.69,-20.37,55.94,khong?2
0.03199023199023199,0.04981684981684982,0.06324786324786325,0.05274725274725275,0.011721611721611722,277.75,-19.81,56.19,khong?2
0.026617826617826617,0.04004884004884005,0.05714285714285714,0.043467643467643466,0.011477411477411478,277.69,-20.19,55.44,khong?2
0.02271062271062271,0.032722832722832725,0.05225885225885226,0.03638583638583639,0.011233211233211233,277.69,-20.75,55.81,khong?2
0.020024420024420026,0.02735042735042735,0.0485958485958486,0.031746031746031744,0.009768009768009768,277.5,-21.37,56.19,khong?2
0.018070818070818073,0.023687423687423687,0.046153846153846156,0.028327228327228327,0.009035409035409036,276.5,-21.94,56.69,khong?2
0.01684981684981685,0.021245421245421246,0.0442002442002442,0.02612942612942613,0.008302808302808303,277.94,-19.81,65.81,khong?2
0.01611721611721612,0.01978021978021978,0.043467643467643466,0.024664224664224663,0.007814407814407814,282.44,-16.44,55.56,khong?2
0.021733821733821733,0.02783882783882784,0.054212454212454214,0.036874236874236875,0.008791208791208791,276.69,-15.69,63.56,khong?2
0.028083028083028084,0.040293040293040296,0.06202686202686203,0.04786324786324787,0.00927960927960928,270.12,-28.87,67.06,khong?2
0.03223443223443224,0.04884004884004884,0.0673992673992674,0.05543345543345543,0.009768009768009768,270.69,-27.06,71.37,khong?2
0.03540903540903541,0.054945054945054944,0.07032967032967033,0.060805860805860805,0.010012210012210013,275.0,-17.94,65.44,khong?2
0.03711843711843712,0.059096459096459095,0.0713064713064713,0.06398046398046398,0.010256410256410256,271.69,-23.87,67.37,khong?2
0.037606837606837605,0.06129426129426129,0.0713064713064713,0.06617826617826618,0.010256410256410256,270.25,-31.37,66.81,khong?2
0.0380952380952381,0.06275946275946276,0.0713064713064713,0.0673992673992674,0.010500610500610501,277.0,-19.44,67.37,khong?2
0.03785103785103785,0.06349206349206349,0.07032967032967033,0.0673992673992674,0.010500610500610501,277.81,-15.31,65.94,khong?2
0.03736263736263736,0.06349206349206349,0.0695970695970696,0.06666666666666667,0.010500610500610501,272.12,-26.69,71.25,khong?2
0.03638583638583639,0.063003663003663,0.06862026862026863,0.06593406593406594,0.010500610500610501,271.87,-27.94,73.94,khong?2
0.03540903540903541,0.06275946275946276,0.06764346764346764,0.0652014652014652,0.010500610500610501,279.25,-18.19,64.62,khong?2
0.03467643467643468,0.06227106227106227,0.06666666666666667,0.06398046398046398,0.010500610500610501,273.69,-21.56,69.56,khong?2
0.03394383394383394,0.06153846153846154,0.06544566544566545,0.063003663003663,0.010500610500610501,270.81,-31.19,70.37,khong?2
0.03321123321123321,0.06105006105006105,0.06471306471306472,0.06227106227106227,0.010500610500610501,274.5,-23.12,73.81,khong?2
0.03247863247863248,0.06056166056166056,0.06398046398046398,0.06153846153846154,0.009523809523809525,278.37,-12.19,65.75,khong?2
0.031746031746031744,0.06031746031746032,0.06324786324786325,0.060805860805860805,0.008791208791208791,277.12,-14.13,68.0,khong?2
0.030525030525030524,0.060073260073260075,0.06251526251526252,0.060073260073260075,0.008302808302808303,276.87,-16.12,68.69,khong?2
0.02857142857142857,0.059096459096459095,0.06153846153846154,0.05934065934065934,0.007814407814407814,277.44,-20.0,62.94,khong?2
0.027106227106227107,0.05811965811965812,0.060805860805860805,0.058363858363858365,0.00757020757020757,278.12,-19.37,56.5,khong?2
0.0231990231990232,0.05103785103785104,0.059096459096459095,0.05299145299145299,0.007326007326007326,277.69,-18.75,56.31,khong?2
0.018803418803418803,0.042002442002442006,0.05347985347985348,0.0442002442002442,0.007326007326007326,277.56,-17.69,56.75,khong?2
0.01514041514041514,0.034432234432234435,0.04810744810744811,0.036874236874236875,0.007081807081807082,277.44,-18.0,57.25,khong?2
0.012698412698412698,0.028815628815628817,0.043467643467643466,0.0315018315018315,0.007081807081807082,277.0,-18.75,57.25,khong?2
0.010744810744810745,0.025152625152625153,0.040293040293040296,0.027594627594627594,0.006837606837606838,276.62,-19.31,57.31,khong?2
0.009768009768009768,0.022466422466422466,0.0380952380952381,0.02490842490842491,0.006837606837606838,277.19,-19.5,59.81,khong?2
0.009035409035409036,0.020757020757020756,0.03663003663003663,0.023443223443223443,0.006837606837606838,276.19,-20.12,72.37,khong?2
0.00927960927960928,0.021001221001221003,0.04004884004884005,0.02564102564102564,0.006837606837606838,275.81,-17.25,64.5,khong?2
0.014896214896214897,0.032722832722832725,0.051770451770451774,0.03736263736263736,0.006837606837606838,269.31,-22.81,69.75,khong?2
0.019536019536019536,0.041025641025641026,0.060073260073260075,0.04542124542124542,0.00805860805860806,267.31,-32.13,68.87,khong?2
0.02442002442002442,0.04786324786324787,0.06666666666666667,0.05347985347985348,0.009035409035409036,273.31,-25.75,69.31,khong?2
0.029304029304029304,0.05274725274725275,0.07057387057387057,0.05714285714285714,0.008302808302808303,282.31,-10.75,57.75,khong?2
0.032722832722832725,0.05616605616605617,0.07326007326007326,0.059096459096459095,0.007814407814407814,276.19,-19.19,64.12,khong?2
0.035164835164835165,0.05860805860805861,0.0735042735042735,0.060073260073260075,0.008791208791208791,272.69,-26.62,68.56,khong?2
0.03467643467643468,0.05982905982905983,0.07203907203907203,0.061782661782661785,0.008302808302808303,274.94,-20.25,68.81,khong?2
0.034432234432234435,0.060805860805860805,0.07081807081807082,0.06251526251526252,0.007814407814407814,278.06,-13.63,64.69,khong?2
0.03418803418803419,0.060805860805860805,0.07008547008547009,0.06105006105006105,0.00757020757020757,272.62,-23.12,70.94,khong?2
0.03418803418803419,0.06056166056166056,0.06910866910866911,0.059096459096459095,0.007326007326007326,271.37,-26.87,71.44,khong?2
0.034432234432234435,0.060073260073260075,0.06715506715506715,0.05885225885225885,0.007326007326007326,278.0,-15.44,64.44,khong?2
0.034432234432234435,0.059096459096459095,0.06544566544566545,0.057631257631257635,0.007081807081807082,275.69,-19.0,67.19,khong?2
0.03418803418803419,0.05811965811965812,0.06349206349206349,0.05616605616605617,0.007081807081807082,273.19,-28.56,70.06,khong?2
0.03296703296703297,0.05714285714285714,0.06202686202686203,0.05567765567765568,0.007081807081807082,273.12,-24.31,75.12,khong?2
0.03199023199023199,0.056654456654456654,0.06105006105006105,0.05567765567765568,0.006837606837606838,278.25,-12.75,63.44,khong?2
0.0315018315018315,0.05616605616605617,0.06031746031746032,0.05543345543345543,0.006837606837606838,278.12,-12.38,63.63,khong?2
0.03076923076923077,0.05567765567765568,0.060073260073260075,0.05543345543345543,0.006837606837606838,275.06,-17.87,67.06,khong?2
0.030036630036630037,0.05567765567765568,0.05958485958485959,0.05543345543345543,0.006837606837606838,276.12,-21.31,60.38,khong?2
0.029548229548229547,0.05543345543345543,0.05885225885225885,0.054212454212454214,0.006837606837606838,275.81,-20.62,55.94,khong?2
0.025396825396825397,0.04932844932844933,0.05811965811965812,0.04884004884004884,0.006837606837606838,276.81,-19.06,57.19,khong?2
0.020024420024420026,0.03907203907203907,0.051526251526251524,0.039316239316239315,0.006837606837606838,276.5,-18.87,56.19,khong?2
0.016361416361416362,0.03076923076923077,0.04566544566544566,0.03223443223443224,0.006837606837606838,275.87,-18.5,55.31,khong?2
0.013675213675213675,0.02490842490842491,0.04151404151404151,0.027106227106227107,0.006837606837606838,275.5,-18.75,55.94,khong?2
0.011721611721611722,0.020757020757020756,0.038583638583638585,0.023443223443223443,0.006837606837606838,274.94,-19.06,56.13,khong?2
0.010500610500610501,0.018070818070818073,0.03663003663003663,0.021245421245421246,0.006837606837606838,274.87,-19.81,56.19,khong?2
0.009768009768009768,0.016361416361416362,0.03540903540903541,0.019536019536019536,0.006837606837606838,274.12,-22.0,57.0,khong?2
0.00927960927960928,0.01562881562881563,0.035164835164835165,0.018803418803418803,0.006837606837606838,273.0,-24.12,57.56,khong?2
0.009523809523809525,0.01684981684981685,0.035897435897435895,0.01855921855921856,0.006837606837606838,272.19,-23.62,61.44,khong?2
0.009768009768009768,0.017582417582417582,0.03663003663003663,0.018803418803418803,0.006837606837606838,276.5,-19.44,59.63,khong?2
0.011721611721611722,0.026373626373626374,0.05103785103785104,0.03223443223443224,0.007814407814407814,275.37,-14.44,64.19,khong?2
0.012942612942612943,0.038583638583638585,0.06105006105006105,0.04371184371184371,0.008791208791208791,268.62,-23.44,70.5,khong?2
0.01391941391941392,0.04737484737484737,0.06788766788766788,0.051526251526251524,0.00927960927960928,270.37,-23.31,70.5,khong?2
0.012942612942612943,0.05347985347985348,0.07155067155067155,0.05714285714285714,0.009768009768009768,272.94,-14.5,65.5,khong?2
0.01221001221001221,0.05543345543345543,0.07203907203907203,0.06056166056166056,0.008791208791208791,269.44,-19.87,69.94,khong?2
0.011721611721611722,0.05616605616605617,0.0713064713064713,0.06251526251526252,0.008302808302808303,266.75,-25.31,74.69,khong?2
0.011477411477411478,0.0568986568986569,0.07032967032967033,0.06251526251526252,0.007814407814407814,274.56,-19.0,64.94,khong?2
0.011233211233211233,0.0568986568986569,0.06984126984126984,0.06227106227106227,0.00757020757020757,269.75,-19.31,69.06,khong?2
0.01098901098901099,0.05714285714285714,0.06910866910866911,0.061782661782661785,0.007326007326007326,265.31,-28.19,73.0,khong?2
0.011721611721611722,0.05714285714285714,0.06862026862026863,0.061782661782661785,0.007081807081807082,271.31,-22.5,72.62,khong?2
0.011965811965811967,0.05714285714285714,0.06837606837606838,0.061782661782661785,0.007081807081807082,274.94,-13.13,66.12,khong?2
0.01221001221001221,0.05714285714285714,0.06813186813186813,0.06153846153846154,0.006837606837606838,268.31,-24.12,74.62,khong?2
0.01221001221001221,0.057387057387057384,0.06715506715506715,0.06056166056166056,0.006837606837606838,267.69,-29.12,72.87,khong?2
0.011965811965811967,0.057387057387057384,0.06642246642246642,0.05982905982905983,0.006837606837606838,277.0,-17.12,65.87,khong?2
0.011721611721611722,0.0568986568986569,0.06568986568986569,0.05934065934065934,0.006837606837606838,276.19,-11.0,65.12,khong?2
0.011477411477411478,0.05641025641025641,0.06495726495726496,0.05860805860805861,0.006837606837606838,275.69,-11.88,66.06,khong?2
0.01098901098901099,0.05616605616605617,0.06446886446886448,0.05811965811965812,0.006837606837606838,274.75,-15.25,68.62,khong?2
0.010744810744810745,0.05567765567765568,0.06398046398046398,0.057631257631257635,0.006837606837606838,274.75,-18.31,61.06,khong?2
0.00927960927960928,0.05543345543345543,0.06324786324786325,0.05641025641025641,0.006837606837606838,275.19,-16.75,57.44,khong?2
0.006593406593406593,0.04932844932844933,0.05958485958485959,0.04884004884004884,0.006837606837606838,276.0,-15.75,58.31,khong?2
0.004151404151404151,0.039316239316239315,0.052503052503052504,0.038583638583638585,0.005616605616605617,275.75,-15.44,58.44,khong?2
0.002442002442002442,0.0315018315018315,0.04664224664224664,0.0315018315018315,0.004884004884004884,275.37,-15.69,58.94,khong?2
0.0009768009768009768,0.02612942612942613,0.04249084249084249,0.026373626373626374,0.004395604395604396,275.19,-16.0,59.25,khong?2
0.0002442002442002442,0.022222222222222223,0.03956043956043956,0.022954822954822957,0.003907203907203907,274.94,-16.62,59.38,khong?2
0.0002442002442002442,0.01978021978021978,0.03736263736263736,0.020512820512820513,0.003663003663003663,274.62,-17.44,59.44,khong?2
0.0004884004884004884,0.018070818070818073,0.036141636141636145,0.019291819291819293,0.003418803418803419,273.25,-18.5,62.56,khong?2
0.0007326007326007326,0.01733821733821734,0.03540903540903541,0.01855921855921856,0.003418803418803419,270.75,-20.37,66.94,khong?2
0.001221001221001221,0.01978021978021978,0.042735042735042736,0.024664224664224663,0.004395604395604396,272.37,-18.31,64.87,khong?2
0.006105006105006105,0.03125763125763126,0.05274725274725275,0.037606837606837605,0.006349206349206349,265.25,-26.19,73.25,khong?2
0.009523809523809525,0.03956043956043956,0.05982905982905983,0.04664224664224664,0.007814407814407814,263.06,-31.75,70.94,khong?2
0.01221001221001221,0.045177045177045176,0.06471306471306472,0.05299145299145299,0.008547008547008548,269.94,-23.69,69.87,khong?2
0.01391941391941392,0.0485958485958486,0.0673992673992674,0.05714285714285714,0.00805860805860806,270.0,-18.37,67.94,khong?2
0.014407814407814409,0.050793650793650794,0.06886446886446887,0.05958485958485959,0.007814407814407814,264.62,-27.0,74.12,khong?2
0.014896214896214897,0.05225885225885226,0.06935286935286936,0.06056166056166056,0.00757020757020757,266.69,-25.56,76.94,khong?2
0.01514041514041514,0.05274725274725275,0.06935286935286936,0.060805860805860805,0.007326007326007326,271.31,-14.75,68.06,khong?2
0.014896214896214897,0.05274725274725275,0.06910866910866911,0.060805860805860805,0.007081807081807082,270.25,-18.19,71.0,khong?2
0.014163614163614164,0.05201465201465202,0.06788766788766788,0.06031746031746032,0.007081807081807082,267.25,-25.87,75.5,khong?2
0.012942612942612943,0.05103785103785104,0.06691086691086691,0.05934065934065934,0.006837606837606838,271.31,-19.69,74.5,khong?2
0.011965811965811967,0.05030525030525031,0.06593406593406594,0.058363858363858365,0.006837606837606838,271.06,-15.94,70.56,khong?2
0.011233211233211233,0.04957264957264957,0.0652014652014652,0.0568986568986569,0.006837606837606838,266.75,-23.75,77.0,khong?2
0.010500610500610501,0.04884004884004884,0.06398046398046398,0.05567765567765568,0.006837606837606838,266.75,-24.75,78.5,khong?2
0.009523809523809525,0.04835164835164835,0.063003663003663,0.0547008547008547,0.006837606837606838,273.75,-16.06,67.81,khong?2
0.008547008547008548,0.04786324786324787,0.06227106227106227,0.054212454212454214,0.006837606837606838,276.56,-8.5,64.69,khong?2
0.00805860805860806,0.047619047619047616,0.06105006105006105,0.05347985347985348,0.006837606837606838,275.81,-9.75,66.0,khong?2
0.00757020757020757,0.04713064713064713,0.06031746031746032,0.053235653235653234,0.006837606837606838,272.75,-15.63,70.19,khong?2
0.007326007326007326,0.04664224664224664,0.05958485958485959,0.05299145299145299,0.006837606837606838,273.06,-18.5,65.0,khong?2
0.006349206349206349,0.0463980463980464,0.05885225885225885,0.051526251526251524,0.006837606837606838,275.31,-13.94,60.69,khong?2
0.003418803418803419,0.03833943833943834,0.0547008547008547,0.04590964590964591,0.005616605616605617,276.0,-12.63,59.44,khong?2
0.001221001221001221,0.029792429792429794,0.04786324786324787,0.0380952380952381,0.004884004884004884,275.81,-12.44,59.94,khong?2
0.0002442002442002442,0.022466422466422466,0.041758241758241756,0.0315018315018315,0.004395604395604396,275.25,-12.88,60.06,khong?2
0.0014652014652014652,0.017582417582417582,0.03736263736263736,0.026373626373626374,0.003907203907203907,274.87,-13.25,60.06,khong?2
0.002197802197802198,0.01391941391941392,0.03394383394383394,0.022954822954822957,0.003663003663003663,274.56,-13.5,59.69,khong?2
0.002686202686202686,0.011477411477411478,0.031746031746031744,0.020512820512820513,0.003418803418803419,274.5,-13.94,59.81,khong?2
0.0029304029304029304,0.009768009768009768,0.030036630036630037,0.01904761904761905,0.003418803418803419,273.5,-15.75,60.56,khong?2
0.0031746031746031746,0.008547008547008548,0.028815628815628817,0.018070818070818073,0.0031746031746031746,272.25,-14.38,68.12,khong?2
0.0031746031746031746,0.008791208791208791,0.03125763125763126,0.019536019536019536,0.004395604395604396,276.56,-6.62,61.0,khong?2
0.0017094017094017094,0.023687423687423687,0.04322344322344322,0.03565323565323565,0.005128205128205128,269.75,-15.63,67.31,khong?2
0.005616605616605617,0.03418803418803419,0.051526251526251524,0.04664224664224664,0.006593406593406593,264.87,-23.87,74.94,khong?2
0.008547008547008548,0.04151404151404151,0.057387057387057384,0.05616605616605617,0.007814407814407814,271.56,-16.69,65.62,khong?2
0.010744810744810745,0.04664224664224664,0.06129426129426129,0.06105006105006105,0.00757020757020757,271.06,-15.63,65.31,khong?2
0.012698412698412698,0.04981684981684982,0.06324786324786325,0.06324786324786325,0.007326007326007326,265.12,-23.94,75.0,khong?2
0.014163614163614164,0.05201465201465202,0.06446886446886448,0.06446886446886448,0.007081807081807082,269.31,-19.0,72.75,khong?2
0.01514041514041514,0.05299145299145299,0.06471306471306472,0.06446886446886448,0.007081807081807082,270.5,-14.31,69.12,khong?2
0.015873015873015872,0.05347985347985348,0.06446886446886448,0.06349206349206349,0.006837606837606838,265.87,-22.19,75.25,khong?2
0.015873015873015872,0.053235653235653234,0.06422466422466422,0.06251526251526252,0.006837606837606838,266.06,-21.87,79.12,khong?2
0.01514041514041514,0.05274725274725275,0.06373626373626373,0.06202686202686203,0.006837606837606838,272.12,-12.56,69.25,khong?2
0.014652014652014652,0.052503052503052504,0.06349206349206349,0.06105006105006105,0.006837606837606838,270.62,-15.94,70.75,khong?2
0.01391941391941392,0.051526251526251524,0.06251526251526252,0.060073260073260075,0.006837606837606838,267.62,-24.37,73.25,khong?2
0.013431013431013432,0.050793650793650794,0.061782661782661785,0.05982905982905983,0.006837606837606838,270.69,-18.0,75.06,khong?2
0.013186813186813187,0.05054945054945055,0.06129426129426129,0.05982905982905983,0.006837606837606838,275.62,-7.12,63.88,khong?2
0.01514041514041514,0.05030525030525031,0.06105006105006105,0.05934065934065934,0.006837606837606838,275.25,-6.87,65.19,khong?2
0.017582417582417582,0.05030525030525031,0.060805860805860805,0.05885225885225885,0.005616605616605617,274.5,-8.38,66.44,khong?2
0.019536019536019536,0.05054945054945055,0.060805860805860805,0.05860805860805861,0.004884004884004884,272.19,-15.75,73.06,khong?2
0.020757020757020756,0.05054945054945055,0.06031746031746032,0.057631257631257635,0.005616605616605617,273.5,-15.06,58.0,khong?2
0.01904761904761905,0.04981684981684982,0.05958485958485959,0.05543345543345543,0.005860805860805861,275.44,-13.19,58.81,khong?2
0.013186813186813187,0.03956043956043956,0.053235653235653234,0.047619047619047616,0.006349206349206349,275.25,-12.38,58.88,khong?2
0.009035409035409036,0.029548229548229547,0.04566544566544566,0.0380952380952381,0.006349206349206349,275.06,-12.5,59.0,khong?2
0.006105006105006105,0.022466422466422466,0.04004884004884005,0.0315018315018315,0.006593406593406593,274.81,-12.63,59.69,khong?2
0.003907203907203907,0.01733821733821734,0.035897435897435895,0.026862026862026864,0.006837606837606838,273.5,-14.38,58.75,khong?2
0.002686202686202686,0.01391941391941392,0.03321123321123321,0.023687423687423687,0.006837606837606838,272.56,-15.0,57.81,khong?2
0.0017094017094017094,0.011477411477411478,0.03125763125763126,0.021245421245421246,0.006837606837606838,272.44,-15.81,59.0,khong?2
0.0009768009768009768,0.009768009768009768,0.029792429792429794,0.01978021978021978,0.006837606837606838,272.06,-15.81,69.62,khong?2
0.0009768009768009768,0.00927960927960928,0.030036630036630037,0.020024420024420026,0.006837606837606838,272.25,-12.63,61.88,khong?2
0.004884004884004884,0.023443223443223443,0.04297924297924298,0.03247863247863248,0.00927960927960928,266.44,-16.87,67.75,khong?2
0.00757020757020757,0.033455433455433455,0.05225885225885226,0.04126984126984127,0.010744810744810745,261.87,-24.25,74.37,khong?2
0.009523809523809525,0.040293040293040296,0.05860805860805861,0.047619047619047616,0.011965811965811967,266.5,-17.87,70.19,khong?2
0.009768009768009768,0.044444444444444446,0.06153846153846154,0.052503052503052504,0.012942612942612943,269.31,-12.44,66.56,khong?2
0.009768009768009768,0.046886446886446886,0.06251526251526252,0.05543345543345543,0.013431013431013432,265.25,-19.37,74.06,khong?2
0.00927960927960928,0.04810744810744811,0.06349206349206349,0.05567765567765568,0.01391941391941392,263.44,-21.69,77.31,khong?2
0.008302808302808303,0.0485958485958486,0.06373626373626373,0.05641025641025641,0.014163614163614164,267.44,-13.75,68.69,khong?2
0.007326007326007326,0.04884004884004884,0.06324786324786325,0.05641025641025641,0.014163614163614164,267.56,-15.94,69.94,khong?2
0.006593406593406593,0.04884004884004884,0.063003663003663,0.05641025641025641,0.014407814407814409,263.81,-24.81,74.25,khong?2
0.006349206349206349,0.0485958485958486,0.06275946275946276,0.05567765567765568,0.014407814407814409,272.56,-13.94,65.37,khong?2
0.006105006105006105,0.0485958485958486,0.06202686202686203,0.054945054945054944,0.013186813186813187,270.5,-13.0,68.0,khong?2
0.005616605616605617,0.04810744810744811,0.061782661782661785,0.05396825396825397,0.012454212454212455,264.12,-22.56,77.94,khong?2
0.005616605616605617,0.04810744810744811,0.06129426129426129,0.053235653235653234,0.011965811965811967,267.56,-19.56,78.5,khong?2
0.005860805860805861,0.04786324786324787,0.06105006105006105,0.05347985347985348,0.011721611721611722,271.62,-10.31,67.12,khong?2
0.006105006105006105,0.04737484737484737,0.06056166056166056,0.05299145299145299,0.011233211233211233,270.19,-11.19,68.94,khong?2
0.006349206349206349,0.046886446886446886,0.06031746031746032,0.05274725274725275,0.01098901098901099,270.5,-11.94,69.62,khong?2
0.006349206349206349,0.04664224664224664,0.060073260073260075,0.052503052503052504,0.01098901098901099,273.06,-15.69,66.81,khong?2
0.006105006105006105,0.0463980463980464,0.05958485958485959,0.051526251526251524,0.010744810744810745,272.75,-15.63,65.37,khong?2
0.0031746031746031746,0.0398046398046398,0.05616605616605617,0.04542124542124542,0.009768009768009768,274.19,-14.19,66.87,khong?2
0.0004884004884004884,0.030525030525030524,0.04835164835164835,0.036141636141636145,0.008791208791208791,274.0,-14.06,66.44,khong?2
0.0014652014652014652,0.023443223443223443,0.042002442002442006,0.029548229548229547,0.008302808302808303,273.81,-14.25,66.19,khong?2
0.002686202686202686,0.01855921855921856,0.037606837606837605,0.02490842490842491,0.007814407814407814,273.56,-14.81,66.62,khong?2
0.003663003663003663,0.014896214896214897,0.03467643467643468,0.021733821733821733,0.00757020757020757,273.31,-15.06,66.87,khong?2
0.003907203907203907,0.012698412698412698,0.032722832722832725,0.01978021978021978,0.007326007326007326,272.94,-15.19,67.06,khong?2
0.004395604395604396,0.011233211233211233,0.03125763125763126,0.01855921855921856,0.007081807081807082,273.06,-15.13,66.94,khong?2
0.004395604395604396,0.010500610500610501,0.03076923076923077,0.018070818070818073,0.007081807081807082,271.37,-16.44,69.06,khong?2
0.004151404151404151,0.010012210012210013,0.03223443223443224,0.018315018315018316,0.007081807081807082,269.31,-15.13,65.94,khong?2
0.002197802197802198,0.015384615384615385,0.04566544566544566,0.028815628815628817,0.00805860805860806,263.94,-18.0,73.44,khong?2
0.0009768009768009768,0.02612942612942613,0.054945054945054944,0.03882783882783883,0.008791208791208791,259.94,-24.31,79.62,khong?2
0.003418803418803419,0.0336996336996337,0.06153846153846154,0.04713064713064713,0.010744810744810745,263.87,-21.81,77.0,khong?2
0.005128205128205128,0.03882783882783883,0.06471306471306472,0.053235653235653234,0.011965811965811967,264.87,-16.19,72.06,khong?2
0.006349206349206349,0.04249084249084249,0.06666666666666667,0.05714285714285714,0.012698412698412698,260.12,-21.94,80.87,khong?2
0.007081807081807082,0.04371184371184371,0.06568986568986569,0.05860805860805861,0.01221001221001221,264.25,-20.06,79.94,khong?2
0.007326007326007326,0.04395604395604396,0.06495726495726496,0.05787545787545788,0.011721611721611722,269.37,-12.81,71.19,khong?2
0.00757020757020757,0.043467643467643466,0.06422466422466422,0.05714285714285714,0.011477411477411478,265.25,-19.06,78.69,khong?2
0.00757020757020757,0.04297924297924298,0.06227106227106227,0.05616605616605617,0.011233211233211233,261.5,-24.94,81.69,khong?2
0.007814407814407814,0.042735042735042736,0.060805860805860805,0.055921855921855924,0.011233211233211233,267.31,-17.44,73.62,khong?2
0.00805860805860806,0.04249084249084249,0.05958485958485959,0.0547008547008547,0.01098901098901099,267.5,-16.62,74.94,khong?2
0.010012210012210013,0.042735042735042736,0.05860805860805861,0.05274725274725275,0.01098901098901099,262.31,-24.81,81.25,khong?2
0.011721611721611722,0.04322344322344322,0.058363858363858365,0.052503052503052504,0.01098901098901099,264.44,-21.56,83.19,khong?2
0.013186813186813187,0.04395604395604396,0.058363858363858365,0.05274725274725275,0.01098901098901099,273.12,-9.69,69.87,khong?2
0.014163614163614164,0.044444444444444446,0.05860805860805861,0.05274725274725275,0.010744810744810745,273.25,-9.94,71.0,khong?2
0.014652014652014652,0.04468864468864469,0.05860805860805861,0.052503052503052504,0.010744810744810745,271.0,-14.06,73.44,khong?2
0.01514041514041514,0.04493284493284493,0.05860805860805861,0.052503052503052504,0.010744810744810745,266.62,-22.94,80.0,khong?2
0.014896214896214897,0.04493284493284493,0.05811965811965812,0.051526251526251524,0.010744810744810745,270.81,-21.56,65.19,khong?2
0.014407814407814409,0.044444444444444446,0.057387057387057384,0.0485958485958486,0.010744810744810745,273.75,-16.87,62.44,khong?2
0.00927960927960928,0.03663003663003663,0.054212454212454214,0.04297924297924298,0.009523809523809525,272.5,-16.75,63.25,khong?2
0.005128205128205128,0.028327228327228327,0.047619047619047616,0.03467643467643468,0.008791208791208791,271.94,-16.81,64.62,khong?2
0.002442002442002442,0.02197802197802198,0.042002442002442006,0.028815628815628817,0.00805860805860806,271.19,-17.25,64.31,khong?2
0.0004884004884004884,0.01733821733821734,0.03833943833943834,0.02490842490842491,0.007814407814407814,270.94,-17.25,63.63,khong?2
0.0007326007326007326,0.014163614163614164,0.03540903540903541,0.022466422466422466,0.00757020757020757,270.75,-17.5,64.12,khong?2
0.0014652014652014652,0.011965811965811967,0.0336996336996337,0.020512820512820513,0.007326007326007326,270.5,-17.75,64.44,khong?2
0.0017094017094017094,0.010256410256410256,0.03247863247863248,0.019536019536019536,0.007326007326007326,270.25,-17.44,66.75,khong?2
0.0019536019536019536,0.00927960927960928,0.0315018315018315,0.018803418803418803,0.007081807081807082,269.87,-16.94,71.69,khong?2
0.0017094017094017094,0.00927960927960928,0.03467643467643468,0.022222222222222223,0.008302808302808303,268.06,-18.25,71.5,khong?2
0.0017094017094017094,0.021245421245421246,0.04468864468864469,0.0336996336996337,0.009035409035409036,260.69,-27.19,77.0,khong?2
0.00463980463980464,0.029548229548229547,0.051770451770451774,0.042735042735042736,0.009523809523809525,261.31,-27.44,78.69,khong?2
0.007081807081807082,0.03540903540903541,0.056654456654456654,0.051526251526251524,0.010012210012210013,270.37,-16.12,66.87,khong?2
0.009035409035409036,0.03956043956043956,0.05982905982905983,0.05616605616605617,0.010256410256410256,269.37,-15.0,69.75,khong?2
0.010256410256410256,0.04224664224664225,0.06202686202686203,0.05860805860805861,0.00927960927960928,262.75,-25.5,79.19,khong?2
0.011721611721611722,0.044444444444444446,0.06349206349206349,0.06031746031746032,0.008547008547008548,265.87,-21.37,80.06,khong?2
0.01391941391941392,0.04664224664224664,0.06324786324786325,0.06105006105006105,0.00805860805860806,273.31,-7.37,65.37,khong?2
0.015384615384615385,0.04810744810744811,0.06275946275946276,0.060805860805860805,0.007814407814407814,269.62,-13.69,70.81,khong?2
0.016361416361416362,0.04932844932844933,0.06227106227106227,0.060805860805860805,0.00757020757020757,265.31,-20.75,80.06,khong?2
0.015873015873015872,0.04957264957264957,0.060805860805860805,0.05934065934065934,0.007326007326007326,270.69,-11.5,70.5,khong?2
0.014896214896214897,0.04932844932844933,0.05982905982905983,0.05787545787545788,0.007081807081807082,274.81,-5.81,66.94,khong?2
0.013675213675213675,0.0485958485958486,0.05860805860805861,0.056654456654456654,0.007081807081807082,269.25,-17.0,77.19,khong?2
0.012942612942612943,0.04810744810744811,0.057631257631257635,0.05567765567765568,0.006837606837606838,267.75,-18.87,81.0,khong?2
0.01221001221001221,0.047619047619047616,0.0568986568986569,0.05518925518925519,0.006837606837606838,276.44,-4.94,64.0,khong?2
0.011233211233211233,0.04737484737484737,0.055921855921855924,0.0547008547008547,0.006837606837606838,278.44,0.13,62.5,khong?2
0.010500610500610501,0.04713064713064713,0.05518925518925519,0.05445665445665446,0.006837606837606838,276.56,-3.37,65.31,khong?2
0.009768009768009768,0.046886446886446886,0.0547008547008547,0.05445665445665446,0.006837606837606838,274.0,-10.81,69.87,khong?2
0.00927960927960928,0.0463980463980464,0.054212454212454214,0.054212454212454214,0.006837606837606838,272.56,-12.38,56.25,khong?2
0.008791208791208791,0.046153846153846156,0.05372405372405373,0.05299145299145299,0.006837606837606838,274.06,-11.25,56.0,khong?2
0.004884004884004884,0.03907203907203907,0.051526251526251524,0.04737484737484737,0.006837606837606838,273.81,-10.94,56.63,khong?2
0.0019536019536019536,0.03076923076923077,0.04590964590964591,0.038583638583638585,0.006837606837606838,273.75,-10.88,56.88,khong?2
0.0,0.023931623931623933,0.04078144078144078,0.03199023199023199,0.006837606837606838,273.75,-11.25,57.31,khong?2
0.0014652014652014652,0.019291819291819293,0.03663003663003663,0.027594627594627594,0.005616605616605617,273.44,-11.88,56.94,khong?2
0.002197802197802198,0.015873015873015872,0.03394383394383394,0.02442002442002442,0.004884004884004884,272.87,-12.81,57.38,khong?2
0.002686202686202686,0.013675213675213675,0.03199023199023199,0.022222222222222223,0.004395604395604396,272.12,-14.94,61.88,khong?2
0.0029304029304029304,0.01221001221001221,0.03076923076923077,0.021001221001221003,0.003907203907203907,272.75,-13.94,65.75,khong?2
0.0019536019536019536,0.01221001221001221,0.03125763125763126,0.021245421245421246,0.004884004884004884,273.06,-13.19,63.0,khong?2
0.0009768009768009768,0.016361416361416362,0.042735042735042736,0.02735042735042735,0.005372405372405372,270.62,-10.63,66.06,khong?2
0.0,0.029304029304029304,0.05103785103785104,0.03833943833943834,0.007081807081807082,265.87,-20.75,73.19,khong?2
0.0007326007326007326,0.03833943833943834,0.056654456654456654,0.04590964590964591,0.00805860805860806,266.94,-21.31,74.94,khong?2
0.001221001221001221,0.04468864468864469,0.06056166056166056,0.05128205128205128,0.008791208791208791,268.56,-11.94,67.37,khong?2
0.0014652014652014652,0.046886446886446886,0.06153846153846154,0.05445665445665446,0.008302808302808303,270.75,-12.31,67.56,khong?2
0.0014652014652014652,0.04786324786324787,0.06105006105006105,0.05641025641025641,0.007814407814407814,266.12,-21.31,75.94,khong?2
0.0017094017094017094,0.04810744810744811,0.06056166056166056,0.057387057387057384,0.00757020757020757,271.37,-16.37,69.06,khong?2
0.0014652014652014652,0.04810744810744811,0.060073260073260075,0.056654456654456654,0.007326007326007326,274.94,-7.12,64.37,khong?2
0.001221001221001221,0.04810744810744811,0.05934065934065934,0.055921855921855924,0.007081807081807082,268.69,-17.31,76.37,khong?2
0.001221001221001221,0.04810744810744811,0.05885225885225885,0.054945054945054944,0.007081807081807082,266.94,-22.19,78.44,khong?2
0.0009768009768009768,0.04810744810744811,0.05811965811965812,0.0547008547008547,0.006837606837606838,272.19,-9.56,68.19,khong?2
0.0007326007326007326,0.04810744810744811,0.05787545787545788,0.05445665445665446,0.006837606837606838,282.94,4.5,58.56,khong?2
0.0007326007326007326,0.04810744810744811,0.057387057387057384,0.05445665445665446,0.006837606837606838,279.62,-0.88,62.75,khong?2
0.0002442002442002442,0.04786324786324787,0.057387057387057384,0.05445665445665446,0.006837606837606838,272.37,-14.06,74.5,khong?2
0.0002442002442002442,0.04786324786324787,0.05714285714285714,0.05445665445665446,0.006837606837606838,271.87,-17.62,66.75,khong?2
0.0002442002442002442,0.047619047619047616,0.05641025641025641,0.053235653235653234,0.006837606837606838,274.31,-13.88,61.44,khong?2
0.0017094017094017094,0.04371184371184371,0.05518925518925519,0.04908424908424908,0.006837606837606838,274.12,-12.56,61.19,khong?2
0.003663003663003663,0.03540903540903541,0.04884004884004884,0.040293040293040296,0.006837606837606838,273.87,-12.19,62.19,khong?2
0.005128205128205128,0.027594627594627594,0.04249084249084249,0.0336996336996337,0.005616605616605617,274.0,-12.25,62.5,khong?2
0.006349206349206349,0.022222222222222223,0.0380952380952381,0.02905982905982906,0.004884004884004884,273.56,-13.0,62.38,khong?2
0.006837606837606838,0.018315018315018316,0.03492063492063492,0.025885225885225887,0.004151404151404151,272.69,-13.69,62.19,khong?2
0.007326007326007326,0.01562881562881563,0.032722832722832725,0.023687423687423687,0.003907203907203907,272.19,-14.44,64.31,khong?2
0.00757020757020757,0.013675213675213675,0.03125763125763126,0.02197802197802198,0.003663003663003663,268.81,-20.5,74.69,khong?2
0.007326007326007326,0.013431013431013432,0.035164835164835165,0.025396825396825397,0.00463980463980464,264.94,-20.37,71.56,khong?2
0.0019536019536019536,0.02490842490842491,0.04395604395604396,0.036141636141636145,0.006349206349206349,260.25,-29.12,70.5,khong?2
0.0019536019536019536,0.032722832722832725,0.05030525030525031,0.04371184371184371,0.00757020757020757,260.56,-29.31,73.94,khong?2
0.004884004884004884,0.03833943833943834,0.0547008547008547,0.05054945054945055,0.008547008547008548,265.12,-16.37,69.81,khong?2
0.006593406593406593,0.042002442002442006,0.05714285714285714,0.05396825396825397,0.00805860805860806,260.69,-6.31,71.31,khong?2
0.007814407814407814,0.04468864468864469,0.058363858363858365,0.05616605616605617,0.007814407814407814,253.0,-20.75,86.06,khong?2
0.008547008547008548,0.0463980463980464,0.059096459096459095,0.057387057387057384,0.00757020757020757,253.87,-21.69,87.5,khong?2
0.008547008547008548,0.04737484737484737,0.05934065934065934,0.058363858363858365,0.007326007326007326,256.94,-13.38,76.81,khong?2
0.008302808302808303,0.04786324786324787,0.05885225885225885,0.059096459096459095,0.007326007326007326,255.75,-16.81,81.5,khong?2
0.00805860805860806,0.047619047619047616,0.05714285714285714,0.05787545787545788,0.007081807081807082,252.94,-22.87,87.5,khong?2
0.008547008547008548,0.04713064713064713,0.055921855921855924,0.05787545787545788,0.007081807081807082,265.37,-14.5,74.62,khong?2
0.008547008547008548,0.046886446886446886,0.05518925518925519,0.0568986568986569,0.007081807081807082,262.87,-9.38,76.19,khong?2
0.008791208791208791,0.04664224664224664,0.05445665445665446,0.05616605616605617,0.007081807081807082,256.12,-21.62,87.75,khong?2
0.009035409035409036,0.046153846153846156,0.05347985347985348,0.055921855921855924,0.006837606837606838,258.69,-19.06,90.75,khong?2
0.009035409035409036,0.04566544566544566,0.052503052503052504,0.05616605616605617,0.006837606837606838,269.37,0.75,69.81,khong?2
0.008791208791208791,0.045177045177045176,0.05201465201465202,0.05641025641025641,0.006837606837606838,269.75,3.19,69.94,khong?2
0.007326007326007326,0.045177045177045176,0.050793650793650794,0.056654456654456654,0.005616605616605617,270.37,0.31,71.87,khong?2
0.006105006105006105,0.04493284493284493,0.04981684981684982,0.056654456654456654,0.004884004884004884,271.31,-9.5,74.5,khong?2
0.004884004884004884,0.04468864468864469,0.04908424908424908,0.055921855921855924,0.004395604395604396,274.81,-8.56,69.87,khong?2
0.002442002442002442,0.0398046398046398,0.04786324786324787,0.05054945054945055,0.003907203907203907,276.62,-7.37,71.62,khong?2
0.0004884004884004884,0.029548229548229547,0.04151404151404151,0.03956043956043956,0.003663003663003663,275.44,-8.0,73.0,khong?2
0.002442002442002442,0.02148962148962149,0.03638583638583639,0.031746031746031744,0.003418803418803419,275.25,-8.13,73.62,khong?2
0.003907203907203907,0.015873015873015872,0.03247863247863248,0.02612942612942613,0.003418803418803419,275.81,-8.69,73.0,khong?2
0.004884004884004884,0.011721611721611722,0.029792429792429794,0.022466422466422466,0.0031746031746031746,276.25,-10.13,73.87,khong?2
0.005616605616605617,0.00927960927960928,0.02783882783882784,0.020512820512820513,0.0031746031746031746,276.12,-12.19,71.81,khong?2
0.005860805860805861,0.00757020757020757,0.026373626373626374,0.01978021978021978,0.0031746031746031746,277.69,-10.69,70.31,khong?2
0.005860805860805861,0.006349206349206349,0.025396825396825397,0.019291819291819293,0.0031746031746031746,278.81,-9.44,69.25,khong?2
0.005616605616605617,0.005616605616605617,0.02490842490842491,0.01904761904761905,0.0031746031746031746,279.62,-8.38,66.81,khong?2
0.005616605616605617,0.005372405372405372,0.02442002442002442,0.01904761904761905,0.0031746031746031746,280.25,-7.87,66.31,khong?2
0.005372405372405372,0.005128205128205128,0.024175824175824177,0.01904761904761905,0.0029304029304029304,281.06,-7.0,66.37,khong?2
0.004884004884004884,0.005128205128205128,0.024175824175824177,0.019291819291819293,0.0029304029304029304,281.37,-6.19,66.25,khong?2
0.00463980463980464,0.005372405372405372,0.023931623931623933,0.01978021978021978,0.0029304029304029304,281.75,-5.25,65.75,khong?2
0.004151404151404151,0.005616605616605617,0.023931623931623933,0.01978021978021978,0.0029304029304029304,282.12,-4.56,65.62,khong?2
0.003663003663003663,0.005860805860805861,0.023687423687423687,0.020024420024420026,0.0029304029304029304,282.06,-4.06,65.56,khong?2
0.0031746031746031746,0.005860805860805861,0.023687423687423687,0.020024420024420026,0.0029304029304029304,281.81,-3.69,65.56,khong?2
0.0029304029304029304,0.006105006105006105,0.023443223443223443,0.02026862026862027,0.0029304029304029304,281.87,-3.12,65.25,khong?2
0.002686202686202686,0.006349206349206349,0.023443223443223443,0.020024420024420026,0.0029304029304029304,282.0,-2.62,65.0,khong?2
0.002686202686202686,0.006349206349206349,0.0231990231990232,0.020024420024420026,0.0029304029304029304,282.06,-2.31,64.69,khong?2
0.002442002442002442,0.006593406593406593,0.0231990231990232,0.020024420024420026,0.0029304029304029304,282.0,-2.19,64.62,khong?2
0.002442002442002442,0.006593406593406593,0.022954822954822957,0.01978021978021978,0.0029304029304029304,281.94,-2.19,64.56,khong?2
0.002442002442002442,0.006837606837606838,0.022954822954822957,0.01978021978021978,0.0029304029304029304,281.81,-2.19,64.5,khong?2
0.002442002442002442,0.006837606837606838,0.022954822954822957,0.019536019536019536,0.0029304029304029304,281.81,-2.19,64.56,khong?2
0.002442002442002442,0.007081807081807082,0.022954822954822957,0.019536019536019536,0.0029304029304029304,281.69,-2.19,64.62,khong?2
0.002442002442002442,0.007081807081807082,0.022954822954822957,0.019536019536019536,0.0029304029304029304,281.75,-2.25,64.75,khong?2
0.002197802197802198,0.007326007326007326,0.0231990231990232,0.019536019536019536,0.0029304029304029304,281.69,-2.25,64.75,khong?2
0.002197802197802198,0.00757020757020757,0.0231990231990232,0.019536019536019536,0.0029304029304029304,281.69,-2.19,64.69,khong?2
0.002197802197802198,0.00757020757020757,0.023443223443223443,0.01978021978021978,0.0029304029304029304,281.69,-2.0,64.62,khong?2
0.002197802197802198,0.007814407814407814,0.023687423687423687,0.01978021978021978,0.0029304029304029304,281.56,-1.87,64.62,khong?2
0.0019536019536019536,0.00805860805860806,0.023687423687423687,0.020024420024420026,0.0029304029304029304,281.31,-1.62,64.5,khong?2
0.0019536019536019536,0.00805860805860806,0.023931623931623933,0.020024420024420026,0.0029304029304029304,281.19,-1.12,64.44,khong?2
0.0019536019536019536,0.008302808302808303,0.023931623931623933,0.020024420024420026,0.0029304029304029304,281.06,-0.75,64.37,khong?2
0.002197802197802198,0.008302808302808303,0.023931623931623933,0.020024420024420026,0.0029304029304029304,280.87,-0.37,64.19,khong?2
0.002197802197802198,0.008302808302808303,0.023687423687423687,0.020024420024420026,0.0029304029304029304,280.62,0.0,64.06,khong?2
0.002197802197802198,0.008302808302808303,0.023687423687423687,0.020024420024420026,0.0029304029304029304,280.44,0.31,63.88,khong?2
0.002442002442002442,0.008302808302808303,0.023687423687423687,0.020024420024420026,0.0029304029304029304,280.37,0.37,63.81,khong?2
0.002442002442002442,0.008302808302808303,0.023443223443223443,0.020024420024420026,0.0029304029304029304,280.37,0.37,63.88,khong?2
0.002686202686202686,0.008302808302808303,0.023443223443223443,0.020024420024420026,0.0029304029304029304,280.5,0.37,63.88,khong?2
0.002686202686202686,0.008302808302808303,0.023443223443223443,0.020024420024420026,0.0029304029304029304,280.62,0.5,63.88,khong?2
0.0029304029304029304,0.008302808302808303,0.0231990231990232,0.020024420024420026,0.0029304029304029304,280.69,0.5,63.88,khong?2
