flex1,flex2,flex3,flex4,flex5,imu_x,imu_y,imu_z,SIGN
0.002442002442002442,0.004151404151404151,0.005128205128205128,0.004151404151404151,0.0,338.06,-11.19,107.94,O2
0.002442002442002442,0.004151404151404151,0.005128205128205128,0.004151404151404151,0.0,338.0,-11.25,107.94,O2
0.002197802197802198,0.004151404151404151,0.005372405372405372,0.004151404151404151,0.0,338.0,-11.25,107.94,O2
0.0019536019536019536,0.004151404151404151,0.005372405372405372,0.004151404151404151,0.0,338.0,-11.25,107.94,O2
0.0019536019536019536,0.004151404151404151,0.005372405372405372,0.004151404151404151,0.0,337.94,-11.25,107.94,O2
0.0017094017094017094,0.004151404151404151,0.005372405372405372,0.004151404151404151,0.0,337.94,-11.25,107.94,O2
0.0017094017094017094,0.004151404151404151,0.005372405372405372,0.004151404151404151,0.0,337.94,-11.31,107.94,O2
0.0019536019536019536,0.004151404151404151,0.005372405372405372,0.004151404151404151,0.0,337.94,-11.31,107.87,O2
0.0019536019536019536,0.004151404151404151,0.005372405372405372,0.004151404151404151,0.0,337.87,-11.31,107.87,O2
0.0019536019536019536,0.003907203907203907,0.005372405372405372,0.004151404151404151,0.0,337.87,-11.31,107.87,O2
0.0019536019536019536,0.003907203907203907,0.005372405372405372,0.004151404151404151,0.0,337.87,-11.31,107.87,O2
0.0019536019536019536,0.003907203907203907,0.005372405372405372,0.004151404151404151,0.0,337.87,-11.31,107.87,O2
0.0019536019536019536,0.004151404151404151,0.005372405372405372,0.004151404151404151,0.0,337.81,-11.31,107.87,O2
0.0019536019536019536,0.004151404151404151,0.005372405372405372,0.004151404151404151,0.0,337.87,-11.31,107.87,O2
0.0019536019536019536,0.004151404151404151,0.005372405372405372,0.004151404151404151,0.0,337.87,-11.31,107.87,O2
0.0019536019536019536,0.004151404151404151,0.005372405372405372,0.004151404151404151,0.0,337.81,-11.31,107.87,O2
0.0019536019536019536,0.004151404151404151,0.005372405372405372,0.004151404151404151,0.0,337.87,-11.31,107.87,O2
0.0019536019536019536,0.004151404151404151,0.005372405372405372,0.004151404151404151,0.0,337.81,-11.38,107.94,O2
0.0019536019536019536,0.004395604395604396,0.005372405372405372,0.004151404151404151,0.0,337.81,-11.38,107.94,O2
0.0019536019536019536,0.004395604395604396,0.005616605616605617,0.004151404151404151,0.0,337.81,-11.38,107.94,O2
0.0019536019536019536,0.004395604395604396,0.005616605616605617,0.004395604395604396,0.0,337.75,-11.38,107.94,O2
0.0019536019536019536,0.004395604395604396,0.005616605616605617,0.004395604395604396,0.0,337.75,-11.38,107.94,O2
0.0019536019536019536,0.004395604395604396,0.005616605616605617,0.004395604395604396,0.0,337.75,-11.38,107.94,O2
0.0019536019536019536,0.004395604395604396,0.005616605616605617,0.004395604395604396,0.0,337.81,-11.38,107.94,O2
0.0019536019536019536,0.00463980463980464,0.005616605616605617,0.004395604395604396,0.0,337.75,-11.38,107.94,O2
0.0019536019536019536,0.00463980463980464,0.005616605616605617,0.004395604395604396,0.0,337.69,-11.38,107.94,O2
0.0019536019536019536,0.00463980463980464,0.005616605616605617,0.004395604395604396,0.0,337.69,-11.38,107.94,O2
0.0019536019536019536,0.00463980463980464,0.005616605616605617,0.004395604395604396,0.0,337.31,-11.38,108.12,O2
0.0019536019536019536,0.00463980463980464,0.005616605616605617,0.004395604395604396,0.0,335.94,-12.06,107.94,O2
0.0019536019536019536,0.00463980463980464,0.005372405372405372,0.003907203907203907,0.0,330.75,-15.56,109.25,O2
0.0017094017094017094,0.0002442002442002442,0.005616605616605617,0.004395604395604396,0.001221001221001221,331.25,-16.81,108.44,O2
0.0,0.014896214896214897,0.02026862026862027,0.021245421245421246,0.0031746031746031746,328.69,-20.19,105.37,O2
0.005616605616605617,0.03492063492063492,0.035164835164835165,0.0380952380952381,0.00463980463980464,326.12,-21.06,105.25,O2
0.013675213675213675,0.04884004884004884,0.04542124542124542,0.04981684981684982,0.005616605616605617,324.06,-22.44,104.56,O2
0.019291819291819293,0.058363858363858365,0.05274725274725275,0.05811965811965812,0.006349206349206349,322.81,-23.0,104.37,O2
0.022954822954822957,0.06275946275946276,0.05641025641025641,0.06227106227106227,0.006837606837606838,322.56,-23.06,104.31,O2
0.02564102564102564,0.06446886446886448,0.058363858363858365,0.06398046398046398,0.007081807081807082,322.56,-23.06,104.31,O2
0.027106227106227107,0.06495726495726496,0.059096459096459095,0.06471306471306472,0.007326007326007326,323.19,-21.94,104.75,O2
0.027594627594627594,0.06471306471306472,0.059096459096459095,0.0652014652014652,0.007326007326007326,324.31,-19.87,106.12,O2
0.02735042735042735,0.06422466422466422,0.057387057387057384,0.0652014652014652,0.00757020757020757,325.44,-19.25,108.25,O2
0.024175824175824177,0.05934065934065934,0.05396825396825397,0.06153846153846154,0.00757020757020757,332.25,-13.81,111.69,O2
0.018315018315018316,0.04835164835164835,0.04981684981684982,0.05103785103785104,0.006593406593406593,335.87,-11.19,113.94,O2
0.011721611721611722,0.03540903540903541,0.04151404151404151,0.0380952380952381,0.005616605616605617,337.0,-10.38,114.31,O2
0.006105006105006105,0.02490842490842491,0.033455433455433455,0.026617826617826617,0.003907203907203907,336.62,-10.38,114.62,O2
0.0019536019536019536,0.017094017094017096,0.027106227106227107,0.018070818070818073,0.002686202686202686,336.56,-10.38,114.5,O2
0.0009768009768009768,0.011721611721611722,0.022222222222222223,0.011965811965811967,0.0019536019536019536,336.69,-10.38,114.31,O2
0.0029304029304029304,0.007814407814407814,0.018803418803418803,0.00757020757020757,0.001221001221001221,336.37,-10.38,114.19,O2
0.004395604395604396,0.005128205128205128,0.016605616605616606,0.00463980463980464,0.0009768009768009768,335.25,-10.75,113.56,O2
0.005372405372405372,0.003418803418803419,0.015384615384615385,0.0029304029304029304,0.0004884004884004884,334.12,-11.44,111.19,O2
0.005616605616605617,0.003663003663003663,0.016605616605616606,0.003418803418803419,0.0004884004884004884,331.62,-14.0,109.44,O2
0.002686202686202686,0.008791208791208791,0.027106227106227107,0.012698412698412698,0.0014652014652014652,328.87,-17.0,108.81,O2
0.00463980463980464,0.017582417582417582,0.041025641025641026,0.03199023199023199,0.002197802197802198,323.19,-21.06,107.44,O2
0.011477411477411478,0.03663003663003663,0.050793650793650794,0.04566544566544566,0.002686202686202686,322.25,-22.56,106.31,O2
0.01611721611721612,0.04981684981684982,0.057631257631257635,0.05518925518925519,0.0031746031746031746,321.81,-23.06,105.62,O2
0.019536019536019536,0.059096459096459095,0.06153846153846154,0.060805860805860805,0.003418803418803419,320.56,-23.81,105.31,O2
0.02197802197802198,0.06446886446886448,0.06324786324786325,0.06373626373626373,0.00463980463980464,320.56,-23.81,105.06,O2
0.023931623931623933,0.06715506715506715,0.06373626373626373,0.0652014652014652,0.005616605616605617,320.56,-23.87,104.94,O2
0.025885225885225887,0.06837606837606838,0.06349206349206349,0.06593406593406594,0.006349206349206349,320.56,-23.87,104.87,O2
0.027106227106227107,0.06886446886446887,0.06324786324786325,0.06617826617826618,0.006593406593406593,320.5,-23.75,104.94,O2
0.028083028083028084,0.06886446886446887,0.06251526251526252,0.06617826617826618,0.007081807081807082,320.87,-22.0,105.31,O2
0.02783882783882784,0.06837606837606838,0.06105006105006105,0.06593406593406594,0.006105006105006105,329.94,-13.94,111.56,O2
0.023931623931623933,0.060073260073260075,0.05982905982905983,0.05885225885225885,0.005372405372405372,336.0,-10.13,113.31,O2
0.016605616605616606,0.044444444444444446,0.05054945054945055,0.04590964590964591,0.004884004884004884,336.44,-9.56,113.94,O2
0.010012210012210013,0.031746031746031744,0.040293040293040296,0.03321123321123321,0.003418803418803419,336.75,-9.31,114.19,O2
0.005128205128205128,0.022466422466422466,0.03247863247863248,0.023443223443223443,0.002442002442002442,336.94,-9.19,114.37,O2
0.0019536019536019536,0.01611721611721612,0.026862026862026864,0.01684981684981685,0.0017094017094017094,336.81,-9.19,114.06,O2
0.0004884004884004884,0.011721611721611722,0.022954822954822957,0.011965811965811967,0.001221001221001221,335.62,-9.88,111.31,O2
0.0019536019536019536,0.008547008547008548,0.020024420024420026,0.00927960927960928,0.0009768009768009768,332.12,-12.81,105.75,O2
0.0019536019536019536,0.011233211233211233,0.02612942612942613,0.012698412698412698,0.0019536019536019536,330.06,-16.25,103.69,O2
0.0019536019536019536,0.02490842490842491,0.0398046398046398,0.03076923076923077,0.003663003663003663,324.69,-20.75,104.12,O2
0.008791208791208791,0.0442002442002442,0.05225885225885226,0.05128205128205128,0.004884004884004884,323.31,-21.25,104.37,O2
0.01904761904761905,0.059096459096459095,0.06105006105006105,0.06544566544566545,0.005616605616605617,322.87,-21.5,103.94,O2
0.026617826617826617,0.06935286935286936,0.0673992673992674,0.07545787545787545,0.006349206349206349,322.69,-21.81,103.56,O2
0.03199023199023199,0.07667887667887668,0.0695970695970696,0.08034188034188035,0.006593406593406593,322.5,-21.94,103.37,O2
0.03565323565323565,0.0800976800976801,0.07008547008547009,0.08253968253968254,0.007081807081807082,322.5,-21.94,103.25,O2
0.037606837606837605,0.08180708180708181,0.0695970695970696,0.08327228327228327,0.007326007326007326,322.5,-21.87,103.31,O2
0.038583638583638585,0.08205128205128205,0.06862026862026863,0.08327228327228327,0.007326007326007326,322.37,-21.69,103.37,O2
0.038583638583638585,0.08156288156288156,0.0673992673992674,0.08302808302808302,0.00757020757020757,323.37,-20.25,108.25,O2
0.035164835164835165,0.07692307692307693,0.06495726495726496,0.07741147741147741,0.00757020757020757,332.06,-12.94,112.0,O2
0.027594627594627594,0.06373626373626373,0.05982905982905983,0.06349206349206349,0.006593406593406593,334.12,-11.31,114.12,O2
0.019536019536019536,0.04713064713064713,0.04957264957264957,0.04835164835164835,0.005616605616605617,335.0,-10.81,114.12,O2
0.013186813186813187,0.03394383394383394,0.040293040293040296,0.03540903540903541,0.003907203907203907,335.56,-10.5,114.19,O2
0.008547008547008548,0.024664224664224663,0.033455433455433455,0.026373626373626374,0.0029304029304029304,336.0,-10.31,113.94,O2
0.005128205128205128,0.018070818070818073,0.028083028083028084,0.01978021978021978,0.0019536019536019536,336.5,-9.94,113.25,O2
0.0029304029304029304,0.013431013431013432,0.02442002442002442,0.015384615384615385,0.001221001221001221,336.06,-9.94,113.12,O2
0.0014652014652014652,0.010500610500610501,0.021733821733821733,0.012454212454212455,0.0009768009768009768,335.5,-10.31,111.56,O2
0.0002442002442002442,0.008791208791208791,0.02026862026862027,0.011233211233211233,0.0007326007326007326,334.87,-11.56,106.25,O2
0.0004884004884004884,0.00927960927960928,0.02148962148962149,0.011965811965811967,0.0017094017094017094,331.75,-14.88,103.19,O2
0.003907203907203907,0.016361416361416362,0.034432234432234435,0.022222222222222223,0.002442002442002442,329.75,-17.12,102.69,O2
0.01098901098901099,0.031746031746031744,0.04737484737484737,0.041025641025641026,0.003907203907203907,325.56,-19.44,104.19,O2
0.018315018315018316,0.04590964590964591,0.05641025641025641,0.054212454212454214,0.005128205128205128,325.5,-19.5,103.87,O2
0.0231990231990232,0.055921855921855924,0.06251526251526252,0.06349206349206349,0.005860805860805861,325.37,-19.44,103.69,O2
0.026862026862026864,0.06275946275946276,0.06495726495726496,0.06984126984126984,0.006349206349206349,325.5,-19.44,103.56,O2
0.02905982905982906,0.06568986568986569,0.06544566544566545,0.07228327228327229,0.006837606837606838,325.44,-19.56,103.56,O2
0.03028083028083028,0.06666666666666667,0.06495726495726496,0.07326007326007326,0.007081807081807082,325.44,-19.56,103.75,O2
0.03076923076923077,0.06666666666666667,0.06398046398046398,0.0735042735042735,0.006105006105006105,325.25,-19.31,104.44,O2
0.030525030525030524,0.06593406593406594,0.06227106227106227,0.07301587301587302,0.005616605616605617,325.87,-18.94,105.62,O2
0.028327228327228327,0.06251526251526252,0.05885225885225885,0.06862026862026863,0.005128205128205128,330.62,-14.13,109.87,O2
0.022222222222222223,0.05128205128205128,0.05347985347985348,0.05714285714285714,0.00463980463980464,333.37,-11.31,113.56,O2
0.01611721611721612,0.037606837606837605,0.04566544566544566,0.0442002442002442,0.003418803418803419,335.25,-10.31,114.12,O2
0.01098901098901099,0.026617826617826617,0.03736263736263736,0.0315018315018315,0.002442002442002442,336.0,-9.94,114.25,O2
0.006593406593406593,0.018315018315018316,0.030525030525030524,0.022222222222222223,0.0017094017094017094,336.37,-9.75,113.75,O2
0.0031746031746031746,0.012454212454212455,0.025396825396825397,0.01562881562881563,0.001221001221001221,336.69,-9.63,113.19,O2
0.0009768009768009768,0.008547008547008548,0.021733821733821733,0.011233211233211233,0.0007326007326007326,336.56,-9.69,112.87,O2
0.0007326007326007326,0.005616605616605617,0.01904761904761905,0.00805860805860806,0.0004884004884004884,335.81,-10.25,110.75,O2
0.0019536019536019536,0.003663003663003663,0.01733821733821734,0.006349206349206349,0.0004884004884004884,334.81,-11.31,106.56,O2
0.0017094017094017094,0.00463980463980464,0.02197802197802198,0.009035409035409036,0.0014652014652014652,330.87,-14.44,106.06,O2
0.0004884004884004884,0.01098901098901099,0.03540903540903541,0.023931623931623933,0.003418803418803419,328.06,-17.25,106.19,O2
0.004884004884004884,0.024664224664224663,0.0463980463980464,0.04224664224664225,0.00463980463980464,325.75,-19.25,105.75,O2
0.01098901098901099,0.0380952380952381,0.05396825396825397,0.05518925518925519,0.005616605616605617,324.56,-20.31,105.06,O2
0.015384615384615385,0.047619047619047616,0.05934065934065934,0.06422466422466422,0.005128205128205128,323.75,-21.06,104.56,O2
0.018315018315018316,0.054212454212454214,0.06129426129426129,0.06813186813186813,0.004884004884004884,323.06,-21.56,104.12,O2
0.02026862026862027,0.05885225885225885,0.06129426129426129,0.0695970695970696,0.004395604395604396,322.19,-21.94,103.81,O2
0.021733821733821733,0.06153846153846154,0.060805860805860805,0.07008547008547009,0.004395604395604396,321.62,-22.12,103.75,O2
0.02271062271062271,0.06275946275946276,0.05982905982905983,0.06984126984126984,0.004151404151404151,321.12,-22.25,104.75,O2
0.023443223443223443,0.06324786324786325,0.05811965811965812,0.06910866910866911,0.003907203907203907,324.06,-21.25,106.06,O2
0.022222222222222223,0.05982905982905983,0.05543345543345543,0.06471306471306472,0.003907203907203907,331.62,-15.69,109.06,O2
0.017826617826617826,0.04737484737484737,0.04981684981684982,0.05347985347985348,0.003907203907203907,334.87,-14.5,109.44,O2
0.01221001221001221,0.03394383394383394,0.041025641025641026,0.040293040293040296,0.002686202686202686,335.19,-14.06,110.69,O2
0.007326007326007326,0.023443223443223443,0.03321123321123321,0.02905982905982906,0.0019536019536019536,335.62,-14.13,110.25,O2
0.003663003663003663,0.015873015873015872,0.026862026862026864,0.02026862026862027,0.0014652014652014652,335.69,-14.44,109.56,O2
0.0009768009768009768,0.010500610500610501,0.022466422466422466,0.014163614163614164,0.0009768009768009768,335.19,-14.81,108.87,O2
0.0009768009768009768,0.006837606837606838,0.019291819291819293,0.009768009768009768,0.0007326007326007326,334.56,-15.88,105.19,O2
0.0019536019536019536,0.005128205128205128,0.017582417582417582,0.00757020757020757,0.0004884004884004884,330.87,-19.31,102.0,O2
0.0017094017094017094,0.008791208791208791,0.027106227106227107,0.017826617826617826,0.0014652014652014652,325.37,-23.75,101.94,O2
0.0007326007326007326,0.01684981684981685,0.038583638583638585,0.03394383394383394,0.002197802197802198,322.12,-26.31,102.44,O2
0.005860805860805861,0.03028083028083028,0.04664224664224664,0.046153846153846156,0.002686202686202686,321.0,-26.62,102.81,O2
0.009768009768009768,0.0398046398046398,0.052503052503052504,0.05445665445665446,0.0031746031746031746,320.75,-26.62,102.44,O2
0.012698412698412698,0.04664224664224664,0.05445665445665446,0.06056166056166056,0.003418803418803419,320.69,-26.62,102.0,O2
0.014652014652014652,0.05030525030525031,0.05445665445665446,0.06275946275946276,0.003663003663003663,320.56,-26.81,101.69,O2
0.014896214896214897,0.05225885225885226,0.05372405372405373,0.06324786324786325,0.003663003663003663,320.5,-26.69,101.87,O2
0.014896214896214897,0.05274725274725275,0.052503052503052504,0.06349206349206349,0.003663003663003663,321.19,-26.37,101.62,O2
0.014896214896214897,0.05274725274725275,0.050793650793650794,0.06324786324786325,0.003663003663003663,321.69,-26.06,103.94,O2
0.014163614163614164,0.04908424908424908,0.0485958485958486,0.05934065934065934,0.002686202686202686,321.62,-25.56,108.06,O2
0.011233211233211233,0.04078144078144078,0.04493284493284493,0.05030525030525031,0.0017094017094017094,330.5,-18.56,108.44,O2
0.007814407814407814,0.030036630036630037,0.03785103785103785,0.03956043956043956,0.001221001221001221,332.5,-16.69,109.62,O2
0.004151404151404151,0.02026862026862027,0.030036630036630037,0.02735042735042735,0.0002442002442002442,332.5,-16.75,109.44,O2
0.0007326007326007326,0.01221001221001221,0.0231990231990232,0.017582417582417582,0.0014652014652014652,332.56,-16.87,109.06,O2
0.0017094017094017094,0.006593406593406593,0.018070818070818073,0.010744810744810745,0.002197802197802198,332.75,-16.81,109.06,O2
0.003418803418803419,0.002442002442002442,0.014407814407814409,0.005860805860805861,0.002686202686202686,332.81,-17.06,108.25,O2
0.004884004884004884,0.0002442002442002442,0.011965811965811967,0.002442002442002442,0.0031746031746031746,332.5,-17.62,106.69,O2
0.005616605616605617,0.002197802197802198,0.010256410256410256,0.001221001221001221,0.002197802197802198,332.81,-18.25,103.25,O2
0.005616605616605617,0.0017094017094017094,0.01098901098901099,0.003418803418803419,0.0017094017094017094,332.19,-19.25,101.12,O2
0.005128205128205128,0.0009768009768009768,0.013431013431013432,0.008791208791208791,0.0009768009768009768,328.12,-21.81,101.0,O2
0.003907203907203907,0.0031746031746031746,0.020512820512820513,0.01684981684981685,0.0004884004884004884,325.0,-24.44,101.44,O2
0.0019536019536019536,0.012698412698412698,0.031013431013431014,0.02857142857142857,0.0014652014652014652,321.62,-26.75,100.69,O2
0.002442002442002442,0.028083028083028084,0.03833943833943834,0.04004884004884005,0.002197802197802198,321.0,-26.94,100.62,O2
0.006349206349206349,0.03907203907203907,0.043467643467643466,0.04786324786324787,0.002686202686202686,320.31,-27.19,100.37,O2
0.009035409035409036,0.04664224664224664,0.04590964590964591,0.05347985347985348,0.0029304029304029304,320.0,-27.19,100.19,O2
0.01098901098901099,0.051770451770451774,0.0463980463980464,0.05616605616605617,0.0019536019536019536,319.75,-27.25,100.12,O2
0.011477411477411478,0.05396825396825397,0.046153846153846156,0.05714285714285714,0.0014652014652014652,319.62,-27.31,100.06,O2
0.011233211233211233,0.0547008547008547,0.04542124542124542,0.05714285714285714,0.0009768009768009768,319.62,-27.37,100.87,O2
0.010744810744810745,0.0547008547008547,0.04395604395604396,0.056654456654456654,0.0007326007326007326,318.44,-28.31,104.31,O2
0.010256410256410256,0.053235653235653234,0.042002442002442006,0.054212454212454214,0.0004884004884004884,319.37,-26.94,109.19,O2
0.007081807081807082,0.04371184371184371,0.0398046398046398,0.04542124542124542,0.0004884004884004884,330.19,-18.06,110.81,O2
0.003418803418803419,0.0315018315018315,0.03296703296703297,0.035164835164835165,0.0002442002442002442,331.69,-16.5,112.0,O2
0.0002442002442002442,0.020757020757020756,0.025396825396825397,0.023443223443223443,0.0002442002442002442,331.5,-16.5,112.19,O2
0.0031746031746031746,0.012942612942612943,0.018803418803418803,0.01391941391941392,0.0009768009768009768,331.87,-16.5,111.5,O2
0.005128205128205128,0.007081807081807082,0.013675213675213675,0.007326007326007326,0.0019536019536019536,332.75,-16.12,110.37,O2
0.006593406593406593,0.0031746031746031746,0.010012210012210013,0.002686202686202686,0.002686202686202686,332.69,-16.06,110.0,O2
0.00757020757020757,0.0004884004884004884,0.00757020757020757,0.0002442002442002442,0.0029304029304029304,332.75,-16.0,109.87,O2
0.00805860805860806,0.0014652014652014652,0.005616605616605617,0.002442002442002442,0.0031746031746031746,332.81,-15.94,109.75,O2
0.008547008547008548,0.002686202686202686,0.004395604395604396,0.003907203907203907,0.003418803418803419,332.69,-16.0,108.75,O2
0.008791208791208791,0.003663003663003663,0.003418803418803419,0.00463980463980464,0.003418803418803419,332.87,-16.75,104.0,O2
0.008791208791208791,0.0031746031746031746,0.004884004884004884,0.0029304029304029304,0.003663003663003663,328.37,-21.19,99.56,O2
0.007326007326007326,0.002197802197802198,0.01733821733821734,0.010744810744810745,0.0014652014652014652,324.75,-24.0,99.87,O2
0.002197802197802198,0.01514041514041514,0.030525030525030524,0.030525030525030524,0.0002442002442002442,321.25,-26.0,100.19,O2
0.003418803418803419,0.02905982905982906,0.0398046398046398,0.04468864468864469,0.001221001221001221,320.56,-26.37,100.06,O2
0.007326007326007326,0.03882783882783883,0.046153846153846156,0.05445665445665446,0.0019536019536019536,320.37,-26.31,100.19,O2
0.010256410256410256,0.04566544566544566,0.04908424908424908,0.05885225885225885,0.002442002442002442,319.87,-26.44,99.94,O2
0.011233211233211233,0.04957264957264957,0.04981684981684982,0.05982905982905983,0.0029304029304029304,319.87,-26.44,99.69,O2
0.011233211233211233,0.05225885225885226,0.04908424908424908,0.05982905982905983,0.002197802197802198,319.87,-26.37,99.69,O2
0.01098901098901099,0.05347985347985348,0.04786324786324787,0.05958485958485959,0.0014652014652014652,319.87,-26.56,100.06,O2
0.010500610500610501,0.05396825396825397,0.046153846153846156,0.05885225885225885,0.0009768009768009768,319.31,-27.12,101.62,O2
0.010012210012210013,0.05054945054945055,0.04468864468864469,0.05567765567765568,0.0007326007326007326,317.06,-28.06,107.37,O2
0.00757020757020757,0.04126984126984127,0.04004884004884005,0.04737484737484737,0.0004884004884004884,325.06,-21.31,110.06,O2
0.00463980463980464,0.03028083028083028,0.032722832722832725,0.03785103785103785,0.0004884004884004884,331.0,-16.37,111.37,O2
0.0017094017094017094,0.020024420024420026,0.025396825396825397,0.02735042735042735,0.0007326007326007326,332.5,-15.19,111.69,O2
0.001221001221001221,0.011965811965811967,0.01855921855921856,0.018070818070818073,0.0017094017094017094,333.06,-15.0,111.44,O2
0.003663003663003663,0.005860805860805861,0.012942612942612943,0.01098901098901099,0.002442002442002442,333.31,-14.94,111.06,O2
0.005616605616605617,0.0014652014652014652,0.009035409035409036,0.006105006105006105,0.002686202686202686,333.62,-14.81,110.5,O2
0.006837606837606838,0.0017094017094017094,0.006105006105006105,0.002442002442002442,0.0031746031746031746,333.56,-14.81,110.06,O2
0.007814407814407814,0.003907203907203907,0.003907203907203907,0.0002442002442002442,0.003418803418803419,332.94,-15.38,107.75,O2
0.008302808302808303,0.005372405372405372,0.002442002442002442,0.001221001221001221,0.003418803418803419,331.81,-17.12,102.25,O2
0.00805860805860806,0.003418803418803419,0.004884004884004884,0.0017094017094017094,0.003663003663003663,328.69,-19.25,101.81,O2
0.007326007326007326,0.0007326007326007326,0.011721611721611722,0.01098901098901099,0.002442002442002442,323.56,-23.12,103.44,O2
0.005372405372405372,0.007326007326007326,0.021245421245421246,0.021001221001221003,0.0004884004884004884,320.87,-26.5,102.62,O2
0.002686202686202686,0.019291819291819293,0.03028083028083028,0.0336996336996337,0.0007326007326007326,319.87,-26.81,102.75,O2
0.0002442002442002442,0.03223443223443224,0.03663003663003663,0.04249084249084249,0.0017094017094017094,319.94,-26.31,102.69,O2
0.002197802197802198,0.04126984126984127,0.041025641025641026,0.0485958485958486,0.002442002442002442,319.0,-26.44,102.62,O2
0.003663003663003663,0.04786324786324787,0.042735042735042736,0.051526251526251524,0.0029304029304029304,318.69,-26.19,102.56,O2
0.00463980463980464,0.050793650793650794,0.04322344322344322,0.05299145299145299,0.0019536019536019536,317.75,-26.19,102.5,O2
0.00463980463980464,0.05201465201465202,0.042735042735042736,0.053235653235653234,0.0014652014652014652,318.0,-26.12,102.5,O2
0.00463980463980464,0.05201465201465202,0.041758241758241756,0.05299145299145299,0.0009768009768009768,318.87,-25.12,102.62,O2
0.00463980463980464,0.05225885225885226,0.04053724053724054,0.052503052503052504,0.0007326007326007326,319.31,-24.06,104.31,O2
0.00463980463980464,0.04810744810744811,0.0380952380952381,0.04835164835164835,0.0004884004884004884,318.94,-23.0,110.62,O2
0.002686202686202686,0.03882783882783883,0.03492063492063492,0.04004884004884005,0.0002442002442002442,333.62,-13.06,110.81,O2
0.0004884004884004884,0.027106227106227107,0.02783882783882784,0.02905982905982906,0.0009768009768009768,335.0,-11.81,111.81,O2
0.003663003663003663,0.016361416361416362,0.02026862026862027,0.017094017094017096,0.0019536019536019536,335.5,-11.44,112.06,O2
0.006593406593406593,0.00805860805860806,0.01391941391941392,0.007081807081807082,0.002442002442002442,335.94,-11.25,112.06,O2
0.008791208791208791,0.0017094017094017094,0.008791208791208791,0.0004884004884004884,0.0029304029304029304,336.12,-11.13,112.06,O2
0.010500610500610501,0.0029304029304029304,0.005128205128205128,0.005860805860805861,0.0031746031746031746,336.06,-11.13,111.94,O2
0.011477411477411478,0.006105006105006105,0.002197802197802198,0.009523809523809525,0.003418803418803419,335.69,-11.19,111.75,O2
0.01221001221001221,0.008547008547008548,0.0004884004884004884,0.011965811965811967,0.003663003663003663,335.12,-11.56,109.56,O2
0.012698412698412698,0.009768009768009768,0.0004884004884004884,0.01221001221001221,0.003663003663003663,332.81,-13.56,105.19,O2
0.011721611721611722,0.00757020757020757,0.002197802197802198,0.008302808302808303,0.003663003663003663,328.5,-16.87,104.37,O2
0.010256410256410256,0.0014652014652014652,0.01098901098901099,0.0002442002442002442,0.002686202686202686,323.81,-19.94,104.19,O2
0.007814407814407814,0.00805860805860806,0.0231990231990232,0.016605616605616606,0.0019536019536019536,320.5,-22.5,103.37,O2
0.003418803418803419,0.023931623931623933,0.03467643467643468,0.03125763125763126,0.001221001221001221,319.69,-22.56,103.25,O2
0.0017094017094017094,0.036874236874236875,0.042735042735042736,0.04151404151404151,0.0009768009768009768,319.75,-22.31,102.56,O2
0.005616605616605617,0.04590964590964591,0.04835164835164835,0.04884004884004884,0.0004884004884004884,319.25,-22.37,102.19,O2
0.008302808302808303,0.05225885225885226,0.05103785103785104,0.05274725274725275,0.0004884004884004884,319.19,-22.44,101.87,O2
0.010256410256410256,0.05567765567765568,0.051770451770451774,0.05445665445665446,0.0002442002442002442,319.25,-22.37,101.81,O2
0.01098901098901099,0.05714285714285714,0.051526251526251524,0.05518925518925519,0.0002442002442002442,319.25,-22.5,102.12,O2
0.010744810744810745,0.057387057387057384,0.05054945054945055,0.054945054945054944,0.0002442002442002442,318.56,-22.87,103.56,O2
0.010500610500610501,0.0568986568986569,0.04884004884004884,0.054212454212454214,0.0002442002442002442,320.56,-20.44,110.81,O2
0.00757020757020757,0.04810744810744811,0.04713064713064713,0.046886446886446886,0.0002442002442002442,334.81,-10.56,112.31,O2
0.0031746031746031746,0.03467643467643468,0.03956043956043956,0.03467643467643468,0.001221001221001221,337.12,-9.0,112.75,O2
0.001221001221001221,0.022466422466422466,0.03076923076923077,0.021245421245421246,0.0019536019536019536,337.5,-8.69,112.87,O2
0.00463980463980464,0.013186813186813187,0.023443223443223443,0.01098901098901099,0.002686202686202686,337.81,-8.56,112.31,O2
0.007081807081807082,0.006593406593406593,0.018070818070818073,0.003663003663003663,0.004151404151404151,337.87,-8.44,112.44,O2
0.008791208791208791,0.0019536019536019536,0.014163614163614164,0.001221001221001221,0.005128205128205128,337.87,-8.44,112.37,O2
0.009768009768009768,0.0014652014652014652,0.011477411477411478,0.00463980463980464,0.005860805860805861,337.81,-8.56,111.87,O2
0.010500610500610501,0.003663003663003663,0.00927960927960928,0.007081807081807082,0.006593406593406593,337.12,-8.81,110.69,O2
0.01098901098901099,0.005128205128205128,0.00805860805860806,0.008547008547008548,0.005860805860805861,336.0,-9.94,107.0,O2
0.011233211233211233,0.005128205128205128,0.00805860805860806,0.007814407814407814,0.005128205128205128,331.81,-13.19,104.19,O2
0.010256410256410256,0.001221001221001221,0.014652014652014652,0.0009768009768009768,0.003663003663003663,327.44,-17.5,102.06,O2
0.00757020757020757,0.010256410256410256,0.029548229548229547,0.018315018315018316,0.002686202686202686,321.25,-21.62,102.12,O2
0.003663003663003663,0.026373626373626374,0.04004884004884005,0.031746031746031744,0.0019536019536019536,320.37,-22.0,101.75,O2
0.0,0.037606837606837605,0.04737484737484737,0.04126984126984127,0.001221001221001221,320.19,-22.19,101.06,O2
0.002686202686202686,0.04542124542124542,0.050793650793650794,0.04786324786324787,0.0009768009768009768,319.94,-22.31,100.81,O2
0.00463980463980464,0.05030525030525031,0.051526251526251524,0.051770451770451774,0.0007326007326007326,320.0,-22.37,100.62,O2
0.005860805860805861,0.052503052503052504,0.05128205128205128,0.05372405372405373,0.0004884004884004884,319.94,-22.5,100.81,O2
0.006837606837606838,0.05372405372405373,0.05054945054945055,0.054945054945054944,0.0004884004884004884,319.69,-22.62,101.56,O2
0.007081807081807082,0.05445665445665446,0.04957264957264957,0.05567765567765568,0.0002442002442002442,319.87,-22.75,102.31,O2
0.006837606837606838,0.0547008547008547,0.0463980463980464,0.054945054945054944,0.0002442002442002442,319.94,-22.5,104.06,O2
0.005860805860805861,0.0485958485958486,0.04322344322344322,0.04957264957264957,0.0002442002442002442,326.19,-17.56,107.75,O2
0.004151404151404151,0.03882783882783883,0.04004884004884005,0.040293040293040296,0.001221001221001221,331.62,-12.56,111.31,O2
0.001221001221001221,0.02564102564102564,0.031746031746031744,0.027594627594627594,0.0019536019536019536,334.25,-10.31,113.25,O2
0.0017094017094017094,0.013431013431013432,0.023443223443223443,0.013186813186813187,0.002686202686202686,335.44,-9.69,113.0,O2
0.005128205128205128,0.004884004884004884,0.016605616605616606,0.002442002442002442,0.004151404151404151,336.19,-9.38,112.37,O2
0.00805860805860806,0.001221001221001221,0.011233211233211233,0.005128205128205128,0.005128205128205128,336.5,-9.19,111.94,O2
0.010012210012210013,0.005616605616605617,0.00757020757020757,0.010256410256410256,0.005860805860805861,336.44,-9.13,111.87,O2
0.011721611721611722,0.008547008547008548,0.00463980463980464,0.01391941391941392,0.006593406593406593,336.31,-9.13,112.0,O2
0.012942612942612943,0.010500610500610501,0.002686202686202686,0.016361416361416362,0.006837606837606838,336.31,-9.19,111.94,O2
0.013675213675213675,0.011721611721611722,0.001221001221001221,0.017582417582417582,0.007081807081807082,336.0,-9.13,111.81,O2
0.014163614163614164,0.012454212454212455,0.0002442002442002442,0.018070818070818073,0.007326007326007326,335.25,-9.38,110.37,O2
0.014407814407814409,0.012454212454212455,0.0,0.01733821733821734,0.00757020757020757,332.87,-10.69,104.56,O2
0.014407814407814409,0.008791208791208791,0.003907203907203907,0.012698412698412698,0.006593406593406593,330.75,-13.38,101.19,O2
0.012698412698412698,0.0014652014652014652,0.018803418803418803,0.0014652014652014652,0.00463980463980464,329.37,-15.5,100.12,O2
0.00805860805860806,0.020024420024420026,0.0336996336996337,0.0231990231990232,0.0019536019536019536,326.62,-17.37,99.87,O2
0.002197802197802198,0.03467643467643468,0.04395604395604396,0.03833943833943834,0.0002442002442002442,326.12,-17.94,98.94,O2
0.0019536019536019536,0.04493284493284493,0.05103785103785104,0.04908424908424908,0.0009768009768009768,325.5,-18.25,98.75,O2
0.00463980463980464,0.05201465201465202,0.05445665445665446,0.05567765567765568,0.0017094017094017094,325.37,-18.44,98.5,O2
0.005860805860805861,0.05567765567765568,0.055921855921855924,0.05860805860805861,0.002442002442002442,325.37,-18.56,98.25,O2
0.006105006105006105,0.05714285714285714,0.05616605616605617,0.05982905982905983,0.0017094017094017094,325.37,-18.69,98.12,O2
0.006105006105006105,0.057387057387057384,0.05567765567765568,0.060073260073260075,0.001221001221001221,325.31,-18.69,98.5,O2
0.005616605616605617,0.05714285714285714,0.054945054945054944,0.05982905982905983,0.0009768009768009768,325.12,-18.56,100.12,O2
0.005372405372405372,0.0568986568986569,0.05299145299145299,0.059096459096459095,0.0007326007326007326,325.06,-16.5,106.81,O2
0.003418803418803419,0.050061050061050064,0.051526251526251524,0.05201465201465202,0.0004884004884004884,335.12,-8.63,111.87,O2
0.0004884004884004884,0.03663003663003663,0.04395604395604396,0.03907203907203907,0.0002442002442002442,338.5,-7.0,112.75,O2
0.00463980463980464,0.02442002442002442,0.03467643467643468,0.022954822954822957,0.0009768009768009768,338.81,-6.69,113.06,O2
0.007814407814407814,0.014652014652014652,0.026373626373626374,0.010256410256410256,0.0019536019536019536,339.31,-6.44,113.25,O2
0.010012210012210013,0.00757020757020757,0.020024420024420026,0.0014652014652014652,0.002442002442002442,339.44,-6.37,113.12,O2
0.011477411477411478,0.002197802197802198,0.015384615384615385,0.004884004884004884,0.004151404151404151,339.25,-6.37,112.94,O2
0.012698412698412698,0.0017094017094017094,0.011965811965811967,0.00927960927960928,0.005128205128205128,339.37,-6.25,112.75,O2
0.013431013431013432,0.004395604395604396,0.009523809523809525,0.01221001221001221,0.006105006105006105,338.81,-6.37,111.87,O2
0.01391941391941392,0.006105006105006105,0.007814407814407814,0.014163614163614164,0.006593406593406593,337.19,-6.87,110.19,O2
0.014163614163614164,0.007326007326007326,0.007326007326007326,0.013186813186813187,0.005860805860805861,334.87,-8.63,103.56,O2
0.013431013431013432,0.004884004884004884,0.01221001221001221,0.007814407814407814,0.005128205128205128,330.31,-12.94,101.75,O2
0.010256410256410256,0.003907203907203907,0.026862026862026864,0.010500610500610501,0.003663003663003663,328.37,-15.13,101.56,O2
0.004151404151404151,0.020024420024420026,0.03956043956043956,0.029304029304029304,0.0014652014652014652,326.44,-16.62,101.0,O2
0.0019536019536019536,0.03565323565323565,0.04835164835164835,0.04249084249084249,0.0002442002442002442,325.94,-17.31,98.94,O2
0.006349206349206349,0.0463980463980464,0.05445665445665446,0.051526251526251524,0.001221001221001221,325.5,-17.75,98.25,O2
0.009523809523809525,0.05396825396825397,0.058363858363858365,0.057631257631257635,0.002197802197802198,325.44,-17.94,97.81,O2
0.01221001221001221,0.057631257631257635,0.05958485958485959,0.06129426129426129,0.002686202686202686,325.62,-17.94,97.56,O2
0.01391941391941392,0.05934065934065934,0.060073260073260075,0.06349206349206349,0.0029304029304029304,325.62,-18.0,97.56,O2
0.015384615384615385,0.060073260073260075,0.05958485958485959,0.06446886446886448,0.0031746031746031746,325.56,-18.12,97.87,O2
0.016361416361416362,0.06031746031746032,0.05885225885225885,0.06471306471306472,0.002197802197802198,325.25,-18.19,99.81,O2
0.01611721611721612,0.06031746031746032,0.05714285714285714,0.06422466422466422,0.0017094017094017094,326.0,-15.75,106.12,O2
0.014652014652014652,0.056654456654456654,0.05518925518925519,0.060805860805860805,0.001221001221001221,333.94,-8.88,110.87,O2
0.009768009768009768,0.04468864468864469,0.04981684981684982,0.04835164835164835,0.0004884004884004884,336.87,-7.31,112.0,O2
0.0031746031746031746,0.03125763125763126,0.04004884004884005,0.03296703296703297,0.0014652014652014652,337.25,-7.25,112.25,O2
0.0014652014652014652,0.02026862026862027,0.03125763125763126,0.020512820512820513,0.002197802197802198,337.19,-7.19,112.62,O2
0.004884004884004884,0.012698412698412698,0.024664224664224663,0.011477411477411478,0.002686202686202686,337.37,-7.12,112.69,O2
0.007081807081807082,0.007081807081807082,0.01978021978021978,0.004884004884004884,0.0029304029304029304,337.37,-7.12,112.62,O2
0.008791208791208791,0.0031746031746031746,0.016361416361416362,0.0004884004884004884,0.0031746031746031746,337.37,-7.12,112.5,O2
0.010012210012210013,0.0004884004884004884,0.013675213675213675,0.002686202686202686,0.003418803418803419,337.12,-7.19,111.06,O2
0.01098901098901099,0.001221001221001221,0.011965811965811967,0.004884004884004884,0.003663003663003663,334.69,-8.44,106.75,O2
0.01098901098901099,0.0014652014652014652,0.013675213675213675,0.002686202686202686,0.003663003663003663,332.31,-11.94,99.37,O2
0.007081807081807082,0.005860805860805861,0.028083028083028084,0.010744810744810745,0.002686202686202686,331.0,-14.31,96.31,O2
0.003418803418803419,0.025152625152625153,0.043467643467643466,0.03394383394383394,0.0017094017094017094,329.44,-15.94,95.75,O2
0.01855921855921856,0.04468864468864469,0.05445665445665446,0.05103785103785104,0.0,328.75,-16.06,96.81,O2
0.029304029304029304,0.058363858363858365,0.06202686202686203,0.063003663003663,0.001221001221001221,328.44,-16.37,97.0,O2
0.036874236874236875,0.06813186813186813,0.06642246642246642,0.0713064713064713,0.0019536019536019536,328.62,-16.31,96.75,O2
0.042002442002442006,0.07277167277167278,0.06788766788766788,0.07496947496947497,0.002686202686202686,328.62,-16.37,96.62,O2
0.044444444444444446,0.07472527472527472,0.06788766788766788,0.0761904761904762,0.0029304029304029304,328.62,-16.44,96.56,O2
0.04542124542124542,0.07521367521367521,0.0673992673992674,0.07643467643467644,0.0031746031746031746,328.56,-16.5,96.62,O2
0.04542124542124542,0.07448107448107448,0.06642246642246642,0.0757020757020757,0.002197802197802198,327.19,-16.81,98.44,O2
0.044444444444444446,0.07301587301587302,0.06446886446886448,0.07448107448107448,0.0017094017094017094,328.69,-13.88,105.81,O2
0.03956043956043956,0.06862026862026863,0.06202686202686203,0.06935286935286936,0.001221001221001221,334.06,-9.19,110.81,O2
0.0315018315018315,0.0547008547008547,0.05543345543345543,0.05543345543345543,0.0002442002442002442,336.12,-7.62,112.25,O2
0.0231990231990232,0.03956043956043956,0.04493284493284493,0.038583638583638585,0.0014652014652014652,337.06,-7.12,112.81,O2
0.016361416361416362,0.02783882783882784,0.035897435897435895,0.02490842490842491,0.002197802197802198,337.19,-7.0,113.06,O2
0.011477411477411478,0.01904761904761905,0.029304029304029304,0.014896214896214897,0.002686202686202686,337.25,-7.0,112.87,O2
0.007814407814407814,0.012942612942612943,0.024175824175824177,0.00805860805860806,0.0031746031746031746,337.19,-7.0,112.69,O2
0.005372405372405372,0.008547008547008548,0.020512820512820513,0.0031746031746031746,0.003418803418803419,336.81,-7.19,111.56,O2
0.003418803418803419,0.005372405372405372,0.018070818070818073,0.0002442002442002442,0.003663003663003663,335.12,-8.75,105.31,O2
0.002686202686202686,0.004395604395604396,0.01855921855921856,0.0007326007326007326,0.003663003663003663,334.0,-10.25,101.81,O2
0.004884004884004884,0.010744810744810745,0.0315018315018315,0.010500610500610501,0.002686202686202686,332.69,-12.0,99.31,O2
0.00927960927960928,0.022466422466422466,0.04395604395604396,0.025885225885225887,0.0017094017094017094,330.5,-14.31,97.5,O2
0.019536019536019536,0.04151404151404151,0.05543345543345543,0.042002442002442006,0.001221001221001221,329.5,-15.56,96.06,O2
0.029792429792429794,0.0547008547008547,0.06349206349206349,0.053235653235653234,0.0007326007326007326,329.12,-16.37,94.75,O2
0.03711843711843712,0.06422466422466422,0.06910866910866911,0.06105006105006105,0.0004884004884004884,329.0,-16.56,94.5,O2
0.04224664224664225,0.07032967032967033,0.07106227106227106,0.06495726495726496,0.0002442002442002442,329.12,-16.56,94.25,O2
0.04542124542124542,0.0735042735042735,0.0713064713064713,0.06691086691086691,0.0002442002442002442,329.06,-16.69,94.25,O2
0.04737484737484737,0.07496947496947497,0.07081807081807082,0.06788766788766788,0.0002442002442002442,327.87,-16.75,96.12,O2
0.047619047619047616,0.0757020757020757,0.06984126984126984,0.06813186813186813,0.0002442002442002442,326.56,-16.5,101.5,O2
0.044444444444444446,0.073992673992674,0.06593406593406594,0.06568986568986569,0.0002442002442002442,330.69,-11.5,109.19,O2
0.036874236874236875,0.061782661782661785,0.06105006105006105,0.054212454212454214,0.001221001221001221,335.56,-8.25,111.5,O2
0.02735042735042735,0.04566544566544566,0.050793650793650794,0.04004884004884005,0.002197802197802198,338.56,-6.56,112.37,O2
0.019536019536019536,0.03247863247863248,0.04078144078144078,0.025885225885225887,0.002686202686202686,339.19,-6.37,112.25,O2
0.01391941391941392,0.022954822954822957,0.032722832722832725,0.015384615384615385,0.0031746031746031746,339.0,-6.37,112.37,O2
0.009768009768009768,0.01611721611721612,0.027106227106227107,0.007814407814407814,0.003418803418803419,338.69,-6.56,112.12,O2
0.007081807081807082,0.011233211233211233,0.022954822954822957,0.002686202686202686,0.003418803418803419,338.5,-6.69,111.75,O2
0.004884004884004884,0.007814407814407814,0.02026862026862027,0.0004884004884004884,0.003663003663003663,338.0,-6.87,111.12,O2
0.003663003663003663,0.005616605616605617,0.018315018315018316,0.002442002442002442,0.003663003663003663,337.06,-7.25,109.44,O2
0.0031746031746031746,0.004151404151404151,0.01733821733821734,0.003418803418803419,0.003663003663003663,333.37,-9.81,106.0,O2
0.00463980463980464,0.005128205128205128,0.021245421245421246,0.0,0.003663003663003663,331.06,-12.75,103.37,O2
0.01098901098901099,0.014163614163614164,0.036141636141636145,0.015384615384615385,0.002686202686202686,328.06,-16.31,100.31,O2
0.019536019536019536,0.03199023199023199,0.04884004884004884,0.03418803418803419,0.0017094017094017094,327.44,-17.12,98.94,O2
0.02857142857142857,0.0463980463980464,0.057631257631257635,0.04737484737484737,0.001221001221001221,327.25,-17.5,97.75,O2
0.03663003663003663,0.056654456654456654,0.06373626373626373,0.05641025641025641,0.0007326007326007326,327.0,-17.75,97.19,O2
0.042002442002442006,0.06373626373626373,0.06715506715506715,0.06251526251526252,0.0004884004884004884,326.87,-17.94,97.0,O2
0.04590964590964591,0.06691086691086691,0.06837606837606838,0.06617826617826618,0.0002442002442002442,327.0,-17.87,96.81,O2
0.047619047619047616,0.06788766788766788,0.06813186813186813,0.06764346764346764,0.0002442002442002442,327.06,-17.94,96.75,O2
0.04835164835164835,0.06764346764346764,0.0673992673992674,0.06813186813186813,0.0,327.06,-17.94,96.94,O2
0.04810744810744811,0.06715506715506715,0.06593406593406594,0.06813186813186813,0.0,326.81,-18.0,97.62,O2
0.04737484737484737,0.06642246642246642,0.06422466422466422,0.06764346764346764,0.0,325.37,-18.12,99.75,O2
0.04566544566544566,0.06568986568986569,0.06202686202686203,0.06593406593406594,0.0,328.31,-13.69,108.25,O2
0.04053724053724054,0.06129426129426129,0.06031746031746032,0.05934065934065934,0.001221001221001221,335.56,-8.69,111.19,O2
0.03247863247863248,0.04737484737484737,0.05201465201465202,0.04542124542124542,0.0019536019536019536,337.25,-7.94,111.5,O2
0.024175824175824177,0.03321123321123321,0.041758241758241756,0.03076923076923077,0.002442002442002442,337.75,-7.94,111.25,O2
0.017582417582417582,0.022466422466422466,0.03321123321123321,0.018315018315018316,0.0029304029304029304,337.94,-7.94,111.19,O2
0.012942612942612943,0.014896214896214897,0.026617826617826617,0.009768009768009768,0.0031746031746031746,337.87,-8.06,110.81,O2
0.009768009768009768,0.009523809523809525,0.02197802197802198,0.003663003663003663,0.003418803418803419,337.37,-8.38,110.12,O2
0.007326007326007326,0.005616605616605617,0.01855921855921856,0.0004884004884004884,0.003663003663003663,336.25,-9.19,108.62,O2
0.006105006105006105,0.0031746031746031746,0.01611721611721612,0.002686202686202686,0.003663003663003663,334.06,-10.75,105.06,O2
0.005616605616605617,0.0019536019536019536,0.01514041514041514,0.0029304029304029304,0.003907203907203907,331.25,-13.06,101.81,O2
0.007326007326007326,0.003663003663003663,0.018315018315018316,0.0009768009768009768,0.003907203907203907,326.94,-17.44,99.75,O2
0.010744810744810745,0.012454212454212455,0.03418803418803419,0.01904761904761905,0.002686202686202686,324.87,-19.31,99.94,O2
0.019291819291819293,0.031013431013431014,0.04810744810744811,0.03785103785103785,0.0019536019536019536,323.5,-19.94,98.44,O2
0.026373626373626374,0.047619047619047616,0.05787545787545788,0.050793650793650794,0.001221001221001221,322.19,-20.37,97.56,O2
0.0315018315018315,0.059096459096459095,0.06446886446886448,0.060073260073260075,0.0009768009768009768,321.37,-20.81,97.37,O2
0.035164835164835165,0.06715506715506715,0.06715506715506715,0.06495726495726496,0.0007326007326007326,320.62,-21.12,97.75,O2
0.03638583638583639,0.0713064713064713,0.06715506715506715,0.0673992673992674,0.0004884004884004884,319.87,-21.62,98.12,O2
0.03663003663003663,0.07301587301587302,0.06642246642246642,0.06788766788766788,0.0004884004884004884,318.94,-23.0,97.31,O2
0.03540903540903541,0.07301587301587302,0.06446886446886448,0.06691086691086691,0.0002442002442002442,321.0,-23.19,96.37,O2
0.031746031746031744,0.06910866910866911,0.06153846153846154,0.063003663003663,0.0002442002442002442,322.37,-23.19,100.0,O2
0.027594627594627594,0.05885225885225885,0.057631257631257635,0.05396825396825397,0.0002442002442002442,324.81,-20.87,102.69,O2
0.022954822954822957,0.044444444444444446,0.04810744810744811,0.04249084249084249,0.001221001221001221,328.44,-16.94,106.06,O2
0.018803418803418803,0.03125763125763126,0.039316239316239315,0.03028083028083028,0.0019536019536019536,329.56,-15.94,107.06,O2
0.014652014652014652,0.021245421245421246,0.03223443223443224,0.01855921855921856,0.002442002442002442,329.94,-15.69,107.56,O2
0.01098901098901099,0.013675213675213675,0.026617826617826617,0.009768009768009768,0.0029304029304029304,330.31,-15.56,107.62,O2
0.008302808302808303,0.008547008547008548,0.022466422466422466,0.003663003663003663,0.0031746031746031746,330.31,-15.5,107.56,O2
0.006349206349206349,0.004884004884004884,0.01904761904761905,0.0007326007326007326,0.003418803418803419,330.31,-15.44,107.31,O2
0.004884004884004884,0.002197802197802198,0.01684981684981685,0.003663003663003663,0.003663003663003663,330.19,-15.31,106.94,O2
0.003907203907203907,0.0004884004884004884,0.015384615384615385,0.005372405372405372,0.003663003663003663,329.87,-15.0,105.87,O2
0.0031746031746031746,0.0,0.014407814407814409,0.005860805860805861,0.003907203907203907,330.37,-14.94,102.31,O2
0.0029304029304029304,0.0017094017094017094,0.01684981684981685,0.003663003663003663,0.003907203907203907,330.0,-15.5,99.75,O2
0.0031746031746031746,0.008547008547008548,0.02735042735042735,0.00463980463980464,0.003907203907203907,328.75,-17.12,98.94,O2
0.007081807081807082,0.023931623931623933,0.04224664224664225,0.02442002442002442,0.002686202686202686,325.31,-19.75,98.12,O2
0.015873015873015872,0.041025641025641026,0.052503052503052504,0.04053724053724054,0.0007326007326007326,324.37,-20.12,97.37,O2
0.023687423687423687,0.05299145299145299,0.05982905982905983,0.05201465201465202,0.0004884004884004884,323.94,-20.25,96.94,O2
0.029304029304029304,0.06153846153846154,0.06373626373626373,0.060073260073260075,0.0017094017094017094,324.0,-20.37,96.5,O2
0.03321123321123321,0.06617826617826618,0.06471306471306472,0.06398046398046398,0.002197802197802198,323.94,-20.5,96.37,O2
0.03467643467643468,0.0673992673992674,0.06422466422466422,0.06593406593406594,0.002686202686202686,324.0,-20.56,96.62,O2
0.03540903540903541,0.0673992673992674,0.063003663003663,0.06666666666666667,0.0019536019536019536,323.62,-20.62,97.19,O2
0.03565323565323565,0.06715506715506715,0.06129426129426129,0.06666666666666667,0.0014652014652014652,324.44,-20.69,97.56,O2
0.033455433455433455,0.06568986568986569,0.059096459096459095,0.06446886446886448,0.0009768009768009768,326.19,-17.87,104.0,O2
0.028815628815628817,0.05860805860805861,0.0568986568986569,0.05616605616605617,0.0007326007326007326,330.56,-13.44,109.12,O2
0.024175824175824177,0.0442002442002442,0.0485958485958486,0.043467643467643466,0.0007326007326007326,332.25,-12.19,110.56,O2
0.018803418803418803,0.03076923076923077,0.0398046398046398,0.029792429792429794,0.0017094017094017094,332.37,-12.13,111.0,O2
0.014163614163614164,0.02026862026862027,0.03223443223443224,0.017582417582417582,0.002197802197802198,332.69,-12.0,111.06,O2
0.010256410256410256,0.012698412698412698,0.02612942612942613,0.008791208791208791,0.002686202686202686,332.87,-11.94,111.0,O2
0.007326007326007326,0.00757020757020757,0.02148962148962149,0.002442002442002442,0.0029304029304029304,333.0,-11.81,110.87,O2
0.005128205128205128,0.003907203907203907,0.018315018315018316,0.0019536019536019536,0.0031746031746031746,333.06,-11.88,110.44,O2
0.003663003663003663,0.001221001221001221,0.015873015873015872,0.005128205128205128,0.003418803418803419,332.94,-11.81,108.5,O2
0.002686202686202686,0.0002442002442002442,0.014407814407814409,0.006593406593406593,0.003663003663003663,332.37,-12.25,104.37,O2
0.002442002442002442,0.001221001221001221,0.017582417582417582,0.004395604395604396,0.003663003663003663,331.5,-13.69,100.69,O2
0.003418803418803419,0.008302808302808303,0.02857142857142857,0.005860805860805861,0.002686202686202686,330.5,-15.38,98.75,O2
0.006837606837606838,0.022222222222222223,0.04126984126984127,0.021733821733821733,0.0017094017094017094,328.06,-17.44,98.37,O2
0.013675213675213675,0.03785103785103785,0.050061050061050064,0.037606837606837605,0.001221001221001221,326.87,-18.37,97.12,O2
0.019291819291819293,0.04908424908424908,0.05641025641025641,0.04884004884004884,0.0002442002442002442,326.5,-18.81,96.37,O2
0.0231990231990232,0.056654456654456654,0.06056166056166056,0.05641025641025641,0.0014652014652014652,326.19,-19.19,95.81,O2
0.026617826617826617,0.06056166056166056,0.06251526251526252,0.06031746031746032,0.0009768009768009768,326.25,-19.25,95.37,O2
0.028815628815628817,0.06227106227106227,0.06324786324786325,0.06251526251526252,0.0007326007326007326,326.31,-19.25,95.19,O2
0.03028083028083028,0.06275946275946276,0.063003663003663,0.06349206349206349,0.0004884004884004884,326.12,-19.37,96.25,O2
0.0315018315018315,0.06324786324786325,0.06227106227106227,0.06373626373626373,0.0002442002442002442,325.75,-19.25,97.87,O2
0.03028083028083028,0.063003663003663,0.05934065934065934,0.06275946275946276,0.0002442002442002442,325.75,-18.44,101.5,O2
0.026862026862026864,0.05982905982905983,0.05641025641025641,0.0568986568986569,0.0,330.56,-12.56,108.81,O2
0.021245421245421246,0.04835164835164835,0.05103785103785104,0.04542124542124542,0.0009768009768009768,334.56,-10.38,110.69,O2
0.014407814407814409,0.03467643467643468,0.041758241758241756,0.03247863247863248,0.0019536019536019536,335.81,-9.5,111.25,O2
0.008547008547008548,0.023443223443223443,0.03296703296703297,0.019291819291819293,0.002442002442002442,336.0,-9.44,111.25,O2
0.004395604395604396,0.01514041514041514,0.02612942612942613,0.00927960927960928,0.0029304029304029304,336.31,-9.25,111.12,O2
0.0014652014652014652,0.00927960927960928,0.021001221001221003,0.002442002442002442,0.0031746031746031746,336.19,-9.25,111.12,O2
0.0004884004884004884,0.005128205128205128,0.017094017094017096,0.002686202686202686,0.003418803418803419,336.31,-9.31,110.94,O2
0.0019536019536019536,0.002197802197802198,0.014407814407814409,0.006105006105006105,0.003663003663003663,336.0,-9.38,110.12,O2
0.0029304029304029304,0.0002442002442002442,0.012454212454212455,0.008302808302808303,0.003663003663003663,334.62,-10.13,107.12,O2
0.003418803418803419,0.0009768009768009768,0.011477411477411478,0.008547008547008548,0.003907203907203907,332.75,-11.75,102.19,O2
0.002197802197802198,0.0019536019536019536,0.01733821733821734,0.004884004884004884,0.002686202686202686,332.62,-14.13,97.94,O2
0.004151404151404151,0.013186813186813187,0.032722832722832725,0.00927960927960928,0.0019536019536019536,329.12,-17.06,97.37,O2
0.016361416361416362,0.03296703296703297,0.04590964590964591,0.02905982905982906,0.001221001221001221,328.12,-17.87,96.06,O2
0.029548229548229547,0.04908424908424908,0.05518925518925519,0.04297924297924298,0.0007326007326007326,327.5,-18.5,95.56,O2
0.03907203907203907,0.06031746031746032,0.06153846153846154,0.052503052503052504,0.0004884004884004884,327.44,-18.75,94.87,O2
0.04542124542124542,0.06813186813186813,0.0652014652014652,0.059096459096459095,0.0004884004884004884,327.37,-18.87,94.62,O2
0.04908424908424908,0.07228327228327229,0.06617826617826618,0.06251526251526252,0.0002442002442002442,327.31,-18.87,94.62,O2
0.05054945054945055,0.073992673992674,0.06593406593406594,0.06422466422466422,0.0002442002442002442,327.06,-18.94,94.94,O2
0.05054945054945055,0.07423687423687424,0.06495726495726496,0.06446886446886448,0.0,326.12,-18.5,97.69,O2
0.04957264957264957,0.07374847374847375,0.063003663003663,0.06373626373626373,0.0,326.94,-16.75,103.69,O2
0.04493284493284493,0.06935286935286936,0.05982905982905983,0.05860805860805861,0.0,333.06,-10.75,109.5,O2
0.03638583638583639,0.05518925518925519,0.05347985347985348,0.0463980463980464,0.001221001221001221,336.56,-8.63,110.62,O2
0.027106227106227107,0.03956043956043956,0.04322344322344322,0.032722832722832725,0.0019536019536019536,337.44,-7.94,111.19,O2
0.02026862026862027,0.02735042735042735,0.034432234432234435,0.019291819291819293,0.002686202686202686,338.19,-7.5,111.37,O2
0.014896214896214897,0.018803418803418803,0.027594627594627594,0.009523809523809525,0.0029304029304029304,338.06,-7.56,111.56,O2
0.011233211233211233,0.012454212454212455,0.022222222222222223,0.002197802197802198,0.004395604395604396,338.19,-7.5,111.37,O2
0.008791208791208791,0.00805860805860806,0.018315018315018316,0.002686202686202686,0.005372405372405372,337.94,-7.56,111.25,O2
0.007081807081807082,0.004884004884004884,0.01562881562881563,0.006349206349206349,0.006105006105006105,337.62,-7.62,110.81,O2
0.005616605616605617,0.0029304029304029304,0.01391941391941392,0.008791208791208791,0.005372405372405372,336.5,-8.0,108.25,O2
0.004884004884004884,0.0014652014652014652,0.012454212454212455,0.009768009768009768,0.005128205128205128,332.62,-10.88,103.19,O2
0.005860805860805861,0.003907203907203907,0.019291819291819293,0.005128205128205128,0.00463980463980464,331.06,-13.63,100.69,O2
0.012454212454212455,0.01562881562881563,0.03638583638583639,0.013431013431013432,0.003418803418803419,326.06,-17.81,100.19,O2
0.024175824175824177,0.035164835164835165,0.04932844932844933,0.03467643467643468,0.002197802197802198,325.12,-18.5,99.06,O2
0.03394383394383394,0.04957264957264957,0.058363858363858365,0.04957264957264957,0.0014652014652014652,325.31,-18.94,97.56,O2
0.04078144078144078,0.05958485958485959,0.06471306471306472,0.060073260073260075,0.0009768009768009768,325.19,-19.12,96.94,O2
0.04566544566544566,0.06642246642246642,0.06764346764346764,0.06568986568986569,0.0007326007326007326,325.31,-19.19,96.44,O2
0.0485958485958486,0.07057387057387057,0.06886446886446887,0.06886446886446887,0.0004884004884004884,325.06,-19.37,96.5,O2
0.05054945054945055,0.07277167277167278,0.06886446886446887,0.07008547008547009,0.0002442002442002442,324.87,-19.44,96.81,O2
0.050793650793650794,0.0735042735042735,0.06813186813186813,0.07057387057387057,0.0002442002442002442,324.25,-19.44,97.5,O2
0.04957264957264957,0.07301587301587302,0.06617826617826618,0.06984126984126984,0.0002442002442002442,324.06,-19.44,98.94,O2
0.0463980463980464,0.07179487179487179,0.06275946275946276,0.0673992673992674,0.001221001221001221,327.19,-15.5,104.81,O2
0.041025641025641026,0.06422466422466422,0.06031746031746032,0.06031746031746032,0.0019536019536019536,333.87,-9.94,109.69,O2
0.03321123321123321,0.0485958485958486,0.05225885225885226,0.04590964590964591,0.002686202686202686,335.56,-8.94,110.37,O2
0.025152625152625153,0.0336996336996337,0.04151404151404151,0.029792429792429794,0.0029304029304029304,335.62,-9.0,110.56,O2
0.018315018315018316,0.02271062271062271,0.032722832722832725,0.01684981684981685,0.0031746031746031746,335.94,-8.88,110.69,O2
0.013675213675213675,0.014896214896214897,0.025885225885225887,0.007814407814407814,0.003418803418803419,336.06,-8.88,110.56,O2
0.010256410256410256,0.00927960927960928,0.021001221001221003,0.001221001221001221,0.00463980463980464,336.25,-8.75,110.56,O2
0.007814407814407814,0.005616605616605617,0.01733821733821734,0.0031746031746031746,0.005616605616605617,336.44,-8.56,110.19,O2
0.006105006105006105,0.002686202686202686,0.014896214896214897,0.006349206349206349,0.006105006105006105,336.12,-8.19,110.25,O2
0.004884004884004884,0.0009768009768009768,0.013186813186813187,0.00805860805860806,0.006593406593406593,334.31,-9.88,106.81,O2
0.005128205128205128,0.002442002442002442,0.01562881562881563,0.006593406593406593,0.005860805860805861,332.81,-12.5,101.19,O2
0.010012210012210013,0.011477411477411478,0.029548229548229547,0.001221001221001221,0.004151404151404151,330.75,-15.75,95.62,O2
0.020512820512820513,0.027106227106227107,0.043467643467643466,0.017094017094017096,0.0029304029304029304,327.69,-17.94,95.81,O2
0.0315018315018315,0.04468864468864469,0.05347985347985348,0.03540903540903541,0.0019536019536019536,327.44,-18.31,95.56,O2
0.03907203907203907,0.0568986568986569,0.06031746031746032,0.04810744810744811,0.0002442002442002442,327.81,-18.25,95.37,O2
0.044444444444444446,0.06544566544566545,0.0652014652014652,0.05714285714285714,0.0009768009768009768,327.44,-18.5,95.12,O2
0.04810744810744811,0.07008547008547009,0.06764346764346764,0.06227106227106227,0.0017094017094017094,327.56,-18.5,95.0,O2
0.050061050061050064,0.07228327228327229,0.06837606837606838,0.0652014652014652,0.001221001221001221,327.37,-18.44,95.31,O2
0.05054945054945055,0.07301587301587302,0.06813186813186813,0.06617826617826618,0.0009768009768009768,325.62,-18.69,96.56,O2
0.04908424908424908,0.07228327228327229,0.06617826617826618,0.0652014652014652,0.0007326007326007326,326.25,-17.31,102.19,O2
0.043467643467643466,0.06642246642246642,0.06349206349206349,0.058363858363858365,0.0004884004884004884,329.87,-13.0,108.19,O2
0.036141636141636145,0.052503052503052504,0.05543345543345543,0.04566544566544566,0.0007326007326007326,332.31,-11.25,110.06,O2
0.028815628815628817,0.03711843711843712,0.04468864468864469,0.03247863247863248,0.0017094017094017094,333.44,-10.94,110.06,O2
0.022222222222222223,0.025396825396825397,0.03540903540903541,0.019536019536019536,0.002442002442002442,334.25,-10.69,109.69,O2
0.017094017094017096,0.016605616605616606,0.028083028083028084,0.010012210012210013,0.003907203907203907,334.12,-10.81,109.56,O2
0.013431013431013432,0.010744810744810745,0.02271062271062271,0.0031746031746031746,0.005128205128205128,334.44,-10.88,109.12,O2
0.01098901098901099,0.006593406593406593,0.01855921855921856,0.0014652014652014652,0.006105006105006105,334.62,-10.75,108.75,O2
0.00927960927960928,0.003663003663003663,0.01562881562881563,0.00463980463980464,0.006593406593406593,333.75,-11.13,107.87,O2
0.00805860805860806,0.0017094017094017094,0.013675213675213675,0.006593406593406593,0.006837606837606838,333.37,-12.0,102.56,O2
0.007814407814407814,0.002442002442002442,0.015873015873015872,0.0031746031746031746,0.006105006105006105,332.31,-13.06,99.5,O2
0.009523809523809525,0.010500610500610501,0.030036630036630037,0.011965811965811967,0.005372405372405372,328.94,-16.37,98.75,O2
0.01514041514041514,0.026617826617826617,0.04395604395604396,0.028815628815628817,0.003663003663003663,325.69,-19.06,98.0,O2
0.02197802197802198,0.04371184371184371,0.05347985347985348,0.0442002442002442,0.0014652014652014652,325.37,-19.12,97.25,O2
0.02905982905982906,0.05567765567765568,0.06031746031746032,0.05518925518925519,0.0002442002442002442,325.44,-19.19,96.62,O2
0.03394383394383394,0.06398046398046398,0.06422466422466422,0.06275946275946276,0.0014652014652014652,325.62,-19.25,96.12,O2
0.03736263736263736,0.06813186813186813,0.06593406593406594,0.06691086691086691,0.0009768009768009768,325.62,-19.31,96.06,O2
0.039316239316239315,0.06984126984126984,0.06593406593406594,0.06886446886446887,0.0007326007326007326,325.69,-19.31,96.12,O2
0.0398046398046398,0.06984126984126984,0.06495726495726496,0.0695970695970696,0.0004884004884004884,325.31,-19.37,96.94,O2
0.039316239316239315,0.06935286935286936,0.06324786324786325,0.06910866910866911,0.0002442002442002442,325.37,-19.56,97.62,O2
0.03663003663003663,0.06764346764346764,0.05982905982905983,0.06568986568986569,0.0002442002442002442,326.62,-18.06,102.81,O2
0.031746031746031744,0.05958485958485959,0.05714285714285714,0.055921855921855924,0.0009768009768009768,331.12,-12.69,108.37,O2
0.02612942612942613,0.045177045177045176,0.04884004884004884,0.04249084249084249,0.0017094017094017094,333.44,-10.94,110.44,O2
0.021245421245421246,0.0315018315018315,0.03956043956043956,0.028327228327228327,0.002442002442002442,334.37,-10.56,110.75,O2
0.016361416361416362,0.020757020757020756,0.0315018315018315,0.01611721611721612,0.0029304029304029304,334.62,-10.31,111.0,O2
0.012454212454212455,0.012698412698412698,0.024664224664224663,0.006837606837606838,0.004395604395604396,334.87,-10.19,110.62,O2
0.009523809523809525,0.007081807081807082,0.01978021978021978,0.0002442002442002442,0.005372405372405372,335.25,-10.0,110.25,O2
0.00757020757020757,0.003418803418803419,0.016361416361416362,0.004151404151404151,0.006105006105006105,335.19,-10.0,109.12,O2
0.006105006105006105,0.0004884004884004884,0.01391941391941392,0.007326007326007326,0.005372405372405372,334.44,-10.5,106.37,O2
0.005128205128205128,0.0007326007326007326,0.012698412698412698,0.008302808302808303,0.005128205128205128,333.56,-11.25,102.81,O2
0.005128205128205128,0.0017094017094017094,0.01562881562881563,0.005860805860805861,0.00463980463980464,331.44,-13.38,101.06,O2
0.007081807081807082,0.009035409035409036,0.029304029304029304,0.008302808302808303,0.0031746031746031746,330.06,-15.19,100.87,O2
0.012942612942612943,0.02271062271062271,0.043467643467643466,0.024664224664224663,0.002442002442002442,325.87,-18.12,100.06,O2
0.022954822954822957,0.04078144078144078,0.05372405372405373,0.04004884004884005,0.0017094017094017094,325.0,-19.12,98.25,O2
0.0315018315018315,0.053235653235653234,0.06105006105006105,0.050793650793650794,0.0009768009768009768,324.06,-19.81,97.69,O2
0.03736263736263736,0.06202686202686203,0.06617826617826618,0.058363858363858365,0.0007326007326007326,323.69,-20.12,97.37,O2
0.041758241758241756,0.0673992673992674,0.06788766788766788,0.06227106227106227,0.0004884004884004884,323.69,-20.25,97.0,O2
0.044444444444444446,0.06984126984126984,0.06837606837606838,0.06446886446886448,0.0004884004884004884,323.62,-20.37,97.0,O2
0.04590964590964591,0.07081807081807082,0.06813186813186813,0.06568986568986569,0.0002442002442002442,322.62,-20.44,98.25,O2
0.046153846153846156,0.0713064713064713,0.06691086691086691,0.06568986568986569,0.0002442002442002442,322.19,-21.0,100.12,O2
0.043467643467643466,0.06935286935286936,0.06373626373626373,0.06324786324786325,0.0002442002442002442,328.0,-14.31,107.44,O2
0.03736263736263736,0.057387057387057384,0.06056166056166056,0.05225885225885226,0.001221001221001221,333.25,-10.44,110.31,O2
0.029548229548229547,0.042002442002442006,0.050793650793650794,0.03833943833943834,0.002197802197802198,334.87,-9.63,110.62,O2
0.02148962148962149,0.02905982905982906,0.041025641025641026,0.0231990231990232,0.002686202686202686,335.12,-9.5,110.62,O2
0.015384615384615385,0.019291819291819293,0.03296703296703297,0.011233211233211233,0.0029304029304029304,335.5,-9.44,110.69,O2
0.01098901098901099,0.012454212454212455,0.026373626373626374,0.0029304029304029304,0.0031746031746031746,335.75,-9.44,110.62,O2
0.007814407814407814,0.00757020757020757,0.02148962148962149,0.0031746031746031746,0.003418803418803419,335.75,-9.38,110.62,O2
0.005616605616605617,0.003907203907203907,0.018070818070818073,0.007326007326007326,0.003418803418803419,335.44,-9.44,110.31,O2
0.004151404151404151,0.0017094017094017094,0.01562881562881563,0.009768009768009768,0.003663003663003663,334.5,-10.0,107.69,O2
0.003418803418803419,0.0004884004884004884,0.014896214896214897,0.009768009768009768,0.003663003663003663,332.25,-11.5,103.87,O2
0.003663003663003663,0.0029304029304029304,0.02271062271062271,0.003907203907203907,0.003663003663003663,326.44,-17.56,102.37,O2
0.007081807081807082,0.011965811965811967,0.03785103785103785,0.01098901098901099,0.002686202686202686,323.81,-20.31,101.87,O2
0.015873015873015872,0.02905982905982906,0.05030525030525031,0.026862026862026864,0.0019536019536019536,322.19,-21.81,100.87,O2
0.025885225885225887,0.04249084249084249,0.059096459096459095,0.0398046398046398,0.0014652014652014652,321.37,-22.12,100.37,O2
0.032722832722832725,0.051770451770451774,0.0652014652014652,0.04908424908424908,0.0009768009768009768,320.75,-22.0,100.06,O2
0.037606837606837605,0.05811965811965812,0.06788766788766788,0.05543345543345543,0.0007326007326007326,320.25,-22.12,99.87,O2
0.0398046398046398,0.06056166056166056,0.06886446886446887,0.05885225885225885,0.0004884004884004884,320.31,-22.12,99.94,O2
0.04078144078144078,0.06129426129426129,0.06862026862026863,0.060805860805860805,0.0002442002442002442,320.5,-21.62,100.62,O2
0.04078144078144078,0.06129426129426129,0.0673992673992674,0.06153846153846154,0.0002442002442002442,320.62,-21.19,100.06,O2
0.039316239316239315,0.06056166056166056,0.06422466422466422,0.06031746031746032,0.0,321.37,-19.75,105.56,O2
0.03565323565323565,0.05641025641025641,0.06202686202686203,0.05347985347985348,0.0,332.31,-10.88,109.87,O2
0.03076923076923077,0.0442002442002442,0.05396825396825397,0.041025641025641026,0.001221001221001221,333.94,-9.75,111.94,O2
0.02490842490842491,0.030525030525030524,0.04322344322344322,0.025396825396825397,0.0019536019536019536,334.5,-9.63,111.62,O2
0.018315018315018316,0.020024420024420026,0.03394383394383394,0.012454212454212455,0.002686202686202686,335.0,-9.56,111.44,O2
0.012698412698412698,0.01221001221001221,0.027106227106227107,0.003418803418803419,0.0029304029304029304,335.12,-9.56,111.25,O2
0.008547008547008548,0.006837606837606838,0.02197802197802198,0.002686202686202686,0.004395604395604396,335.31,-9.44,111.06,O2
0.005860805860805861,0.0031746031746031746,0.018315018315018316,0.007081807081807082,0.005372405372405372,335.62,-9.31,110.81,O2
0.003663003663003663,0.0004884004884004884,0.01562881562881563,0.010012210012210013,0.006105006105006105,334.87,-9.38,109.75,O2
0.002442002442002442,0.001221001221001221,0.013675213675213675,0.011721611721611722,0.005372405372405372,333.06,-10.19,106.0,O2
0.0017094017094017094,0.0017094017094017094,0.014163614163614164,0.010744810744810745,0.005128205128205128,329.81,-12.69,102.56,O2
0.003418803418803419,0.004884004884004884,0.02783882783882784,0.0007326007326007326,0.00463980463980464,324.87,-17.19,101.69,O2
0.010744810744810745,0.019291819291819293,0.042735042735042736,0.014896214896214897,0.003418803418803419,320.56,-20.25,101.19,O2
0.01978021978021978,0.03638583638583639,0.05347985347985348,0.03223443223443224,0.002442002442002442,319.81,-20.75,100.62,O2
0.02735042735042735,0.0485958485958486,0.06105006105006105,0.0442002442002442,0.0017094017094017094,319.37,-21.12,100.19,O2
0.03296703296703297,0.05714285714285714,0.06642246642246642,0.05274725274725275,0.0009768009768009768,319.5,-21.19,99.81,O2
0.03663003663003663,0.06129426129426129,0.06886446886446887,0.057631257631257635,0.0007326007326007326,319.56,-21.19,99.62,O2
0.03907203907203907,0.063003663003663,0.06984126984126984,0.06056166056166056,0.0004884004884004884,319.5,-21.25,99.56,O2
0.04053724053724054,0.06349206349206349,0.06984126984126984,0.06227106227106227,0.0002442002442002442,319.31,-21.19,100.81,O2
0.04078144078144078,0.06373626373626373,0.06886446886446887,0.063003663003663,0.0002442002442002442,319.31,-20.81,102.19,O2
0.03882783882783883,0.06373626373626373,0.06593406593406594,0.06105006105006105,0.0002442002442002442,325.62,-15.25,107.0,O2
0.03394383394383394,0.05616605616605617,0.06398046398046398,0.052503052503052504,0.001221001221001221,330.62,-11.19,109.31,O2
0.028083028083028084,0.04224664224664225,0.05518925518925519,0.038583638583638585,0.0019536019536019536,334.06,-8.94,110.87,O2
0.022222222222222223,0.02905982905982906,0.04468864468864469,0.022466422466422466,0.002442002442002442,335.0,-8.56,111.19,O2
0.016361416361416362,0.018803418803418803,0.03540903540903541,0.00927960927960928,0.0029304029304029304,335.19,-8.5,111.12,O2
0.011721611721611722,0.011233211233211233,0.02783882783882784,0.0002442002442002442,0.004395604395604396,335.19,-8.5,111.06,O2
0.008547008547008548,0.005860805860805861,0.022222222222222223,0.006105006105006105,0.005372405372405372,335.25,-8.44,110.94,O2
0.006349206349206349,0.0019536019536019536,0.018070818070818073,0.010500610500610501,0.006105006105006105,334.69,-8.63,110.25,O2
0.004884004884004884,0.0004884004884004884,0.015384615384615385,0.012698412698412698,0.006593406593406593,332.44,-10.19,105.44,O2
0.004151404151404151,0.0007326007326007326,0.017094017094017096,0.01098901098901099,0.006837606837606838,328.37,-13.81,102.31,O2
0.005860805860805861,0.006593406593406593,0.03076923076923077,0.0019536019536019536,0.006105006105006105,324.87,-17.31,102.12,O2
0.01391941391941392,0.022466422466422466,0.04566544566544566,0.01733821733821734,0.004151404151404151,322.12,-19.56,102.19,O2
0.023687423687423687,0.041025641025641026,0.05787545787545788,0.03663003663003663,0.0019536019536019536,322.44,-19.25,101.5,O2
0.03321123321123321,0.05396825396825397,0.06642246642246642,0.050061050061050064,0.0002442002442002442,322.06,-19.62,100.94,O2
0.0398046398046398,0.06324786324786325,0.07228327228327229,0.05958485958485959,0.0009768009768009768,322.06,-19.75,100.31,O2
0.04468864468864469,0.06788766788766788,0.07496947496947497,0.06495726495726496,0.0019536019536019536,322.19,-19.81,100.0,O2
0.047619047619047616,0.06984126984126984,0.0757020757020757,0.06764346764346764,0.002442002442002442,322.12,-19.81,99.81,O2
0.04932844932844933,0.07032967032967033,0.07521367521367521,0.06886446886446887,0.0017094017094017094,321.75,-19.75,100.75,O2
0.050061050061050064,0.07032967032967033,0.073992673992674,0.06886446886446887,0.001221001221001221,323.37,-18.06,103.44,O2
0.04664224664224664,0.06935286935286936,0.07032967032967033,0.06617826617826618,0.0007326007326007326,333.87,-8.75,110.75,O2
0.04004884004884005,0.05860805860805861,0.06593406593406594,0.05372405372405373,0.0004884004884004884,338.06,-6.94,112.12,O2
0.03028083028083028,0.04249084249084249,0.054212454212454214,0.03736263736263736,0.0007326007326007326,338.25,-6.69,112.69,O2
0.022466422466422466,0.029548229548229547,0.043467643467643466,0.022222222222222223,0.0017094017094017094,338.06,-6.81,112.81,O2
0.016361416361416362,0.02026862026862027,0.03492063492063492,0.011233211233211233,0.002442002442002442,338.06,-6.81,112.87,O2
0.011965811965811967,0.01391941391941392,0.02857142857142857,0.003663003663003663,0.0029304029304029304,338.0,-6.87,112.5,O2
0.009035409035409036,0.00927960927960928,0.024175824175824177,0.0017094017094017094,0.0031746031746031746,337.75,-6.94,111.75,O2
0.006837606837606838,0.006105006105006105,0.021001221001221003,0.005128205128205128,0.003418803418803419,337.12,-7.25,110.37,O2
0.005372405372405372,0.004151404151404151,0.01904761904761905,0.007081807081807082,0.003418803418803419,334.94,-8.5,107.62,O2
0.004884004884004884,0.003418803418803419,0.01855921855921856,0.007814407814407814,0.003663003663003663,331.75,-11.13,104.19,O2
0.00757020757020757,0.005616605616605617,0.02442002442002442,0.00463980463980464,0.003663003663003663,329.06,-14.31,101.5,O2
0.01514041514041514,0.01611721611721612,0.040293040293040296,0.011965811965811967,0.002686202686202686,324.12,-18.12,100.31,O2
0.02564102564102564,0.035897435897435895,0.05372405372405373,0.03223443223443224,0.0017094017094017094,323.31,-18.62,99.12,O2
0.03492063492063492,0.04957264957264957,0.063003663003663,0.04664224664224664,0.001221001221001221,323.25,-18.87,98.5,O2
0.04151404151404151,0.059096459096459095,0.0695970695970696,0.056654456654456654,0.0007326007326007326,322.75,-19.31,97.87,O2
0.046153846153846156,0.06471306471306472,0.07301587301587302,0.06202686202686203,0.0004884004884004884,322.87,-19.37,97.44,O2
0.0485958485958486,0.06715506715506715,0.07423687423687424,0.06495726495726496,0.0002442002442002442,322.81,-19.5,97.44,O2
0.04981684981684982,0.06788766788766788,0.07448107448107448,0.06642246642246642,0.0002442002442002442,322.5,-19.5,98.25,O2
0.05054945054945055,0.06813186813186813,0.07374847374847375,0.06691086691086691,0.0,322.0,-19.06,99.87,O2
0.04884004884004884,0.06788766788766788,0.07081807081807082,0.06568986568986569,0.0,323.0,-17.94,104.44,O2
0.04395604395604396,0.06373626373626373,0.0673992673992674,0.059096459096459095,0.0,332.25,-9.88,110.56,O2
0.035897435897435895,0.050793650793650794,0.059096459096459095,0.04468864468864469,0.001221001221001221,334.94,-8.31,112.44,O2
0.026617826617826617,0.036141636141636145,0.04737484737484737,0.029304029304029304,0.0019536019536019536,335.75,-7.94,112.25,O2
0.019291819291819293,0.02490842490842491,0.037606837606837605,0.016361416361416362,0.002442002442002442,336.25,-7.81,112.37,O2
0.014163614163614164,0.016605616605616606,0.029792429792429794,0.007326007326007326,0.0029304029304029304,336.25,-7.75,112.56,O2
0.010744810744810745,0.01098901098901099,0.024175824175824177,0.0009768009768009768,0.0031746031746031746,336.19,-7.75,112.44,O2
0.00805860805860806,0.006837606837606838,0.02026862026862027,0.003418803418803419,0.003418803418803419,335.81,-8.13,110.94,O2
0.006349206349206349,0.004151404151404151,0.01733821733821734,0.006105006105006105,0.003663003663003663,334.44,-9.25,106.81,O2
0.006837606837606838,0.003663003663003663,0.017826617826617826,0.005616605616605617,0.003663003663003663,331.62,-11.75,102.0,O2
0.010744810744810745,0.008791208791208791,0.028815628815628817,0.0,0.003663003663003663,329.81,-14.5,99.5,O2
0.017582417582417582,0.019291819291819293,0.041758241758241756,0.01562881562881563,0.002686202686202686,325.37,-17.87,100.37,O2
0.02612942612942613,0.03540903540903541,0.052503052503052504,0.033455433455433455,0.0017094017094017094,324.0,-18.81,100.69,O2
0.03199023199023199,0.04664224664224664,0.060073260073260075,0.046153846153846156,0.001221001221001221,323.75,-18.94,100.44,O2
0.036141636141636145,0.05445665445665446,0.0652014652014652,0.054945054945054944,0.0007326007326007326,323.31,-19.25,100.06,O2
0.0380952380952381,0.05982905982905983,0.0673992673992674,0.05934065934065934,0.0004884004884004884,323.31,-19.31,99.87,O2
0.03907203907203907,0.06227106227106227,0.06788766788766788,0.06153846153846154,0.0002442002442002442,323.25,-19.44,99.75,O2
0.039316239316239315,0.06324786324786325,0.06764346764346764,0.06275946275946276,0.0002442002442002442,323.12,-19.62,99.87,O2
0.03956043956043956,0.06349206349206349,0.06666666666666667,0.06324786324786325,0.0002442002442002442,323.12,-19.56,100.37,O2
0.039316239316239315,0.063003663003663,0.06544566544566545,0.06324786324786325,0.0002442002442002442,324.12,-19.12,101.62,O2
0.03785103785103785,0.06275946275946276,0.06324786324786325,0.06153846153846154,0.0002442002442002442,329.56,-13.81,108.5,O2
0.03321123321123321,0.05567765567765568,0.06105006105006105,0.05347985347985348,0.001221001221001221,335.87,-9.0,110.25,O2
0.026862026862026864,0.04126984126984127,0.05103785103785104,0.039316239316239315,0.0019536019536019536,337.0,-8.06,110.87,O2
0.020024420024420026,0.028083028083028084,0.04004884004884005,0.02564102564102564,0.002442002442002442,337.19,-7.94,111.25,O2
0.014652014652014652,0.01855921855921856,0.031746031746031744,0.015384615384615385,0.0029304029304029304,337.06,-8.06,111.31,O2
0.010744810744810745,0.011721611721611722,0.02564102564102564,0.007814407814407814,0.0031746031746031746,337.06,-8.06,111.06,O2
0.007814407814407814,0.006837606837606838,0.021001221001221003,0.002686202686202686,0.003418803418803419,336.81,-8.19,111.12,O2
0.005860805860805861,0.003418803418803419,0.017582417582417582,0.0009768009768009768,0.003663003663003663,336.5,-8.38,110.94,O2
0.00463980463980464,0.0009768009768009768,0.01514041514041514,0.003663003663003663,0.003663003663003663,335.94,-8.63,110.56,O2
0.003907203907203907,0.0004884004884004884,0.013431013431013432,0.005128205128205128,0.003907203907203907,334.81,-8.94,107.94,O2
0.003418803418803419,0.0004884004884004884,0.01514041514041514,0.004884004884004884,0.003907203907203907,332.0,-10.63,104.19,O2
0.004395604395604396,0.005860805860805861,0.02564102564102564,0.0004884004884004884,0.003907203907203907,328.44,-14.63,101.81,O2
0.007814407814407814,0.01733821733821734,0.0398046398046398,0.013431013431013432,0.002686202686202686,324.37,-18.94,102.06,O2
0.017094017094017096,0.034432234432234435,0.05201465201465202,0.030525030525030524,0.0019536019536019536,323.5,-19.5,101.69,O2
0.028083028083028084,0.04664224664224664,0.06031746031746032,0.04249084249084249,0.0014652014652014652,322.81,-19.62,101.19,O2
0.03565323565323565,0.054945054945054944,0.06642246642246642,0.050793650793650794,0.0009768009768009768,322.31,-19.87,100.69,O2
0.041025641025641026,0.06031746031746032,0.0695970695970696,0.055921855921855924,0.0007326007326007326,321.81,-19.81,100.19,O2
0.0442002442002442,0.06275946275946276,0.07081807081807082,0.05860805860805861,0.0004884004884004884,321.56,-20.06,99.94,O2
0.046153846153846156,0.06373626373626373,0.0713064713064713,0.060073260073260075,0.0004884004884004884,321.94,-19.87,100.19,O2
0.047619047619047616,0.06398046398046398,0.07106227106227106,0.060805860805860805,0.0002442002442002442,321.44,-19.44,101.19,O2
0.04737484737484737,0.06398046398046398,0.06935286935286936,0.06031746031746032,0.0002442002442002442,321.06,-19.0,105.87,O2
0.042735042735042736,0.060805860805860805,0.06666666666666667,0.05543345543345543,0.0002442002442002442,327.56,-13.38,111.19,O2
0.03492063492063492,0.04957264957264957,0.059096459096459095,0.04297924297924298,0.001221001221001221,330.94,-10.5,113.81,O2
0.026373626373626374,0.03540903540903541,0.04786324786324787,0.029304029304029304,0.0019536019536019536,332.94,-9.5,113.5,O2
0.019291819291819293,0.023931623931623933,0.03785103785103785,0.017826617826617826,0.002686202686202686,333.56,-9.25,113.31,O2
0.014163614163614164,0.01562881562881563,0.03028083028083028,0.00927960927960928,0.0029304029304029304,333.56,-9.25,113.06,O2
0.010744810744810745,0.009768009768009768,0.024664224664224663,0.0031746031746031746,0.004395604395604396,333.62,-9.25,112.37,O2
0.00805860805860806,0.005860805860805861,0.020757020757020756,0.001221001221001221,0.004151404151404151,333.56,-9.31,110.69,O2
0.006349206349206349,0.0029304029304029304,0.018070818070818073,0.003907203907203907,0.004151404151404151,331.44,-10.44,106.37,O2
0.005860805860805861,0.0019536019536019536,0.018070818070818073,0.0029304029304029304,0.003907203907203907,329.62,-12.19,103.56,O2
0.008302808302808303,0.007814407814407814,0.028327228327228327,0.004151404151404151,0.003907203907203907,325.94,-16.12,102.12,O2
0.01562881562881563,0.02197802197802198,0.041758241758241756,0.020512820512820513,0.002686202686202686,322.75,-18.87,101.5,O2
0.025885225885225887,0.03833943833943834,0.051770451770451774,0.036874236874236875,0.0019536019536019536,322.06,-19.75,100.37,O2
0.036141636141636145,0.04981684981684982,0.05885225885225885,0.04810744810744811,0.0014652014652014652,321.44,-20.31,99.81,O2
0.043467643467643466,0.05787545787545788,0.06373626373626373,0.05616605616605617,0.0009768009768009768,321.19,-20.5,99.56,O2
0.0485958485958486,0.06227106227106227,0.06642246642246642,0.06056166056166056,0.0004884004884004884,321.06,-20.62,99.62,O2
0.051526251526251524,0.06446886446886448,0.06715506715506715,0.06275946275946276,0.0004884004884004884,320.62,-20.62,100.37,O2
0.05299145299145299,0.0652014652014652,0.06715506715506715,0.06373626373626373,0.0002442002442002442,319.94,-20.56,102.31,O2
0.05054945054945055,0.06568986568986569,0.06446886446886448,0.06202686202686203,0.0002442002442002442,322.62,-17.94,106.44,O2
0.04468864468864469,0.060073260073260075,0.06202686202686203,0.05372405372405373,0.0002442002442002442,328.44,-12.75,113.87,O2
0.036141636141636145,0.04590964590964591,0.05299145299145299,0.0398046398046398,0.0014652014652014652,331.44,-11.06,113.56,O2
0.026862026862026864,0.0315018315018315,0.04151404151404151,0.025885225885225887,0.002197802197802198,331.81,-11.0,113.5,O2
0.020024420024420026,0.020757020757020756,0.03199023199023199,0.01514041514041514,0.002686202686202686,332.69,-10.63,113.37,O2
0.014896214896214897,0.013186813186813187,0.025152625152625153,0.007326007326007326,0.0031746031746031746,332.87,-10.56,113.56,O2
0.011477411477411478,0.00805860805860806,0.020024420024420026,0.0019536019536019536,0.003418803418803419,332.81,-10.56,113.44,O2
0.00927960927960928,0.004151404151404151,0.01611721611721612,0.0019536019536019536,0.003418803418803419,332.81,-10.56,113.31,O2
0.00757020757020757,0.0017094017094017094,0.013675213675213675,0.004884004884004884,0.003663003663003663,332.69,-10.63,112.87,O2
0.006349206349206349,0.0002442002442002442,0.011721611721611722,0.006837606837606838,0.003663003663003663,333.0,-10.56,110.37,O2
0.005860805860805861,0.001221001221001221,0.010744810744810745,0.007814407814407814,0.002686202686202686,332.62,-11.06,107.25,O2
0.006593406593406593,0.0009768009768009768,0.014652014652014652,0.005860805860805861,0.0017094017094017094,326.25,-16.5,105.5,O2
0.01098901098901099,0.008791208791208791,0.029792429792429794,0.004151404151404151,0.001221001221001221,321.69,-21.12,105.0,O2
0.02148962148962149,0.025885225885225887,0.04468864468864469,0.022466422466422466,0.0007326007326007326,320.5,-22.12,103.62,O2
0.03199023199023199,0.04053724053724054,0.05518925518925519,0.03663003663003663,0.0004884004884004884,319.75,-22.37,102.87,O2
0.03956043956043956,0.050793650793650794,0.06251526251526252,0.04664224664224664,0.0014652014652014652,318.44,-22.69,102.56,O2
0.04468864468864469,0.05787545787545788,0.06617826617826618,0.05372405372405373,0.002197802197802198,318.37,-22.75,102.31,O2
0.0463980463980464,0.06105006105006105,0.0673992673992674,0.057387057387057384,0.002686202686202686,318.25,-22.69,102.19,O2
0.046886446886446886,0.06202686202686203,0.06764346764346764,0.059096459096459095,0.0019536019536019536,318.0,-22.56,102.69,O2
0.04664224664224664,0.06227106227106227,0.06691086691086691,0.05958485958485959,0.001221001221001221,317.75,-21.94,102.25,O2
0.045177045177045176,0.061782661782661785,0.06422466422466422,0.058363858363858365,0.0009768009768009768,318.75,-21.12,103.62,O2
0.04053724053724054,0.056654456654456654,0.06202686202686203,0.05201465201465202,0.0004884004884004884,318.37,-19.81,111.75,O2
0.03467643467643468,0.046886446886446886,0.055921855921855924,0.041025641025641026,0.0004884004884004884,328.0,-12.94,113.06,O2
0.02783882783882784,0.033455433455433455,0.04566544566544566,0.02857142857142857,0.0009768009768009768,330.0,-11.63,113.56,O2
0.020757020757020756,0.02197802197802198,0.03492063492063492,0.016361416361416362,0.0017094017094017094,330.12,-11.56,113.69,O2
0.01514041514041514,0.013431013431013432,0.02612942612942613,0.006349206349206349,0.002442002442002442,330.87,-11.31,113.5,O2
0.01098901098901099,0.007326007326007326,0.019536019536019536,0.0004884004884004884,0.0029304029304029304,330.69,-11.38,113.25,O2
0.00805860805860806,0.0029304029304029304,0.01514041514041514,0.005372405372405372,0.0031746031746031746,330.87,-11.25,112.37,O2
0.006105006105006105,0.0002442002442002442,0.011965811965811967,0.008791208791208791,0.003418803418803419,330.69,-11.38,109.87,O2
0.004884004884004884,0.002442002442002442,0.009768009768009768,0.010500610500610501,0.003663003663003663,330.87,-12.5,103.06,O2
0.005372405372405372,0.0004884004884004884,0.01221001221001221,0.00927960927960928,0.003663003663003663,329.44,-15.19,99.94,O2
0.009768009768009768,0.010256410256410256,0.028083028083028084,0.004151404151404151,0.002442002442002442,327.37,-17.25,99.69,O2
0.018315018315018316,0.026862026862026864,0.043467643467643466,0.021733821733821733,0.0017094017094017094,322.94,-19.94,100.12,O2
0.026617826617826617,0.041025641025641026,0.05445665445665446,0.036874236874236875,0.001221001221001221,322.44,-20.31,99.5,O2
0.034432234432234435,0.050793650793650794,0.061782661782661785,0.047619047619047616,0.0007326007326007326,321.87,-20.75,99.06,O2
0.04004884004884005,0.05787545787545788,0.06666666666666667,0.054945054945054944,0.0004884004884004884,321.56,-20.94,98.69,O2
0.04395604395604396,0.06129426129426129,0.06910866910866911,0.05860805860805861,0.0002442002442002442,321.56,-21.0,98.75,O2
0.046153846153846156,0.06275946275946276,0.06984126984126984,0.06031746031746032,0.0002442002442002442,321.19,-21.06,99.44,O2
0.046886446886446886,0.06349206349206349,0.06935286935286936,0.060805860805860805,0.0002442002442002442,320.5,-21.12,100.12,O2
0.04566544566544566,0.06373626373626373,0.0673992673992674,0.060073260073260075,0.0002442002442002442,320.19,-21.5,101.5,O2
0.04151404151404151,0.05934065934065934,0.06373626373626373,0.05567765567765568,0.0002442002442002442,318.19,-20.69,110.19,O2
0.03565323565323565,0.04810744810744811,0.059096459096459095,0.04542124542124542,0.001221001221001221,326.81,-13.88,113.12,O2
0.02783882783882784,0.0336996336996337,0.04884004884004884,0.032722832722832725,0.0019536019536019536,328.94,-12.63,113.19,O2
0.01978021978021978,0.022222222222222223,0.0380952380952381,0.021001221001221003,0.0014652014652014652,329.25,-12.5,113.44,O2
0.014163614163614164,0.01391941391941392,0.029304029304029304,0.01098901098901099,0.002197802197802198,329.56,-12.38,113.12,O2
0.010256410256410256,0.00805860805860806,0.022222222222222223,0.003907203907203907,0.002686202686202686,329.69,-12.31,112.81,O2
0.00757020757020757,0.003907203907203907,0.01733821733821734,0.001221001221001221,0.0029304029304029304,329.75,-12.25,111.87,O2
0.005616605616605617,0.0009768009768009768,0.01391941391941392,0.00463980463980464,0.0031746031746031746,329.69,-12.25,109.31,O2
0.00463980463980464,0.0009768009768009768,0.011477411477411478,0.006837606837606838,0.003418803418803419,327.5,-14.81,102.94,O2
0.004884004884004884,0.0,0.014652014652014652,0.005128205128205128,0.002442002442002442,322.06,-20.12,101.81,O2
0.011477411477411478,0.010256410256410256,0.03076923076923077,0.010256410256410256,0.0004884004884004884,321.94,-20.75,101.31,O2
0.02490842490842491,0.02857142857142857,0.04566544566544566,0.03247863247863248,0.0007326007326007326,321.94,-20.62,100.62,O2
0.035164835164835165,0.0442002442002442,0.05616605616605617,0.04810744810744811,0.0017094017094017094,321.44,-20.87,100.06,O2
0.04249084249084249,0.05518925518925519,0.06349206349206349,0.059096459096459095,0.002197802197802198,321.19,-21.0,99.44,O2
0.047619047619047616,0.06275946275946276,0.06691086691086691,0.06349206349206349,0.002686202686202686,321.19,-21.06,99.31,O2
0.04932844932844933,0.06666666666666667,0.06813186813186813,0.0652014652014652,0.0031746031746031746,321.19,-21.12,99.44,O2
0.04957264957264957,0.06813186813186813,0.06764346764346764,0.06568986568986569,0.0031746031746031746,320.5,-21.25,100.06,O2
0.04908424908424908,0.06862026862026863,0.06617826617826618,0.0652014652014652,0.002442002442002442,319.69,-20.87,104.37,O2
0.04590964590964591,0.06666666666666667,0.063003663003663,0.06227106227106227,0.0017094017094017094,327.0,-13.81,110.44,O2
0.039316239316239315,0.05518925518925519,0.058363858363858365,0.05128205128205128,0.001221001221001221,331.94,-10.25,112.56,O2
0.031746031746031744,0.0398046398046398,0.047619047619047616,0.03736263736263736,0.0002442002442002442,333.81,-9.06,112.87,O2
0.024664224664224663,0.026617826617826617,0.03711843711843712,0.023443223443223443,0.0014652014652014652,334.5,-8.75,112.75,O2
0.018803418803418803,0.017094017094017096,0.02857142857142857,0.012942612942612943,0.002197802197802198,334.62,-8.69,112.5,O2
0.014407814407814409,0.010256410256410256,0.022222222222222223,0.005616605616605617,0.002686202686202686,334.5,-8.69,112.25,O2
0.011477411477411478,0.005616605616605617,0.017582417582417582,0.0004884004884004884,0.0031746031746031746,334.37,-8.75,111.87,O2
0.00927960927960928,0.002197802197802198,0.014407814407814409,0.002686202686202686,0.003418803418803419,333.37,-9.5,108.87,O2
0.007814407814407814,0.0002442002442002442,0.012698412698412698,0.004395604395604396,0.003418803418803419,328.94,-12.5,104.56,O2
0.008791208791208791,0.003663003663003663,0.018070818070818073,0.0007326007326007326,0.003663003663003663,326.44,-15.63,102.69,O2
0.012698412698412698,0.011965811965811967,0.0315018315018315,0.01221001221001221,0.002442002442002442,322.19,-19.31,101.81,O2
0.021733821733821733,0.02857142857142857,0.04395604395604396,0.029304029304029304,0.0017094017094017094,320.62,-20.62,100.81,O2
0.029304029304029304,0.04126984126984127,0.052503052503052504,0.04126984126984127,0.0,319.62,-21.44,100.25,O2
0.034432234432234435,0.050061050061050064,0.05860805860805861,0.04981684981684982,0.0009768009768009768,319.37,-21.75,99.94,O2
0.0380952380952381,0.05641025641025641,0.06129426129426129,0.05543345543345543,0.0019536019536019536,319.19,-21.81,99.87,O2
0.040293040293040296,0.05934065934065934,0.06227106227106227,0.05811965811965812,0.0014652014652014652,318.75,-21.94,100.19,O2
0.041025641025641026,0.060805860805860805,0.06202686202686203,0.05885225885225885,0.0009768009768009768,318.31,-21.94,100.69,O2
0.0398046398046398,0.06105006105006105,0.05982905982905983,0.057387057387057384,0.0004884004884004884,318.94,-20.62,105.0,O2
0.035897435897435895,0.05543345543345543,0.05787545787545788,0.051526251526251524,0.0004884004884004884,327.0,-13.75,110.37,O2
0.031013431013431014,0.0442002442002442,0.051526251526251524,0.04004884004884005,0.0009768009768009768,331.44,-10.44,113.19,O2
0.023931623931623933,0.03028083028083028,0.04053724053724054,0.02612942612942613,0.0017094017094017094,332.5,-9.81,113.37,O2
0.01733821733821734,0.01904761904761905,0.030525030525030524,0.013675213675213675,0.002442002442002442,333.06,-9.56,113.06,O2
0.011965811965811967,0.01098901098901099,0.022954822954822957,0.004884004884004884,0.0029304029304029304,333.25,-9.5,112.81,O2
0.008302808302808303,0.005372405372405372,0.017094017094017096,0.0014652014652014652,0.0031746031746031746,333.44,-9.44,112.56,O2
0.005616605616605617,0.0014652014652014652,0.012942612942612943,0.005860805860805861,0.003418803418803419,333.37,-9.44,112.0,O2
0.003663003663003663,0.001221001221001221,0.010012210012210013,0.009035409035409036,0.003663003663003663,333.0,-9.75,110.25,O2
0.002442002442002442,0.0029304029304029304,0.007814407814407814,0.01098901098901099,0.003663003663003663,332.0,-11.0,105.56,O2
0.0017094017094017094,0.0029304029304029304,0.008791208791208791,0.009768009768009768,0.003907203907203907,328.62,-14.25,101.5,O2
0.004395604395604396,0.003663003663003663,0.0231990231990232,0.00757020757020757,0.002686202686202686,326.37,-17.31,99.69,O2
0.014163614163614164,0.01978021978021978,0.03833943833943834,0.027594627594627594,0.0017094017094017094,321.87,-20.31,100.19,O2
0.02612942612942613,0.03663003663003663,0.04908424908424908,0.04224664224664225,0.001221001221001221,321.31,-20.87,99.44,O2
0.034432234432234435,0.04810744810744811,0.056654456654456654,0.05274725274725275,0.0009768009768009768,320.44,-21.56,99.31,O2
0.04004884004884005,0.05641025641025641,0.06056166056166056,0.05982905982905983,0.0007326007326007326,320.37,-21.69,99.06,O2
0.043467643467643466,0.060073260073260075,0.06227106227106227,0.06373626373626373,0.0004884004884004884,320.25,-21.75,99.06,O2
0.04542124542124542,0.061782661782661785,0.063003663003663,0.06568986568986569,0.0004884004884004884,319.94,-21.81,99.81,O2
0.0463980463980464,0.06251526251526252,0.06275946275946276,0.06666666666666667,0.0002442002442002442,319.06,-21.94,100.62,O2
0.04468864468864469,0.06275946275946276,0.06056166056166056,0.06617826617826618,0.0002442002442002442,319.31,-20.69,105.87,O2
0.04078144078144078,0.058363858363858365,0.05811965811965812,0.06105006105006105,0.0002442002442002442,325.19,-15.44,111.19,O2
0.03418803418803419,0.04566544566544566,0.051770451770451774,0.050061050061050064,0.0002442002442002442,327.62,-13.56,113.69,O2
0.025152625152625153,0.03125763125763126,0.04126984126984127,0.0380952380952381,0.0002442002442002442,329.25,-12.75,113.25,O2
0.018070818070818073,0.020024420024420026,0.0315018315018315,0.02442002442002442,0.001221001221001221,329.62,-12.5,113.06,O2
0.012698412698412698,0.01221001221001221,0.023443223443223443,0.01391941391941392,0.0019536019536019536,330.37,-12.06,112.56,O2
0.009035409035409036,0.006593406593406593,0.017582417582417582,0.006593406593406593,0.002442002442002442,330.25,-12.06,112.31,O2
0.006593406593406593,0.002686202686202686,0.013431013431013432,0.0014652014652014652,0.0029304029304029304,330.31,-11.94,111.5,O2
0.004884004884004884,0.0,0.010500610500610501,0.002197802197802198,0.0031746031746031746,329.81,-12.25,108.94,O2
0.003663003663003663,0.0017094017094017094,0.008791208791208791,0.004151404151404151,0.003418803418803419,328.81,-14.13,102.81,O2
0.00463980463980464,0.0002442002442002442,0.012454212454212455,0.0009768009768009768,0.003418803418803419,326.62,-15.81,102.12,O2
0.008302808302808303,0.006593406593406593,0.026373626373626374,0.014652014652014652,0.002442002442002442,324.62,-18.06,103.25,O2
0.015873015873015872,0.020024420024420026,0.0398046398046398,0.03076923076923077,0.0017094017094017094,320.12,-21.19,102.69,O2
0.025396825396825397,0.036874236874236875,0.04932844932844933,0.04249084249084249,0.001221001221001221,319.31,-21.87,101.81,O2
0.03199023199023199,0.0485958485958486,0.05616605616605617,0.05054945054945055,0.0007326007326007326,318.87,-22.25,101.44,O2
0.03663003663003663,0.0568986568986569,0.060073260073260075,0.05641025641025641,0.0004884004884004884,318.56,-22.25,101.37,O2
0.03956043956043956,0.06105006105006105,0.061782661782661785,0.05934065934065934,0.0002442002442002442,318.5,-22.25,101.37,O2
0.041025641025641026,0.063003663003663,0.06202686202686203,0.060805860805860805,0.0002442002442002442,318.44,-21.94,101.87,O2
0.041758241758241756,0.06398046398046398,0.06129426129426129,0.06153846153846154,0.0002442002442002442,318.25,-21.81,101.5,O2
0.04078144078144078,0.06446886446886448,0.05934065934065934,0.060805860805860805,0.0002442002442002442,318.75,-21.12,107.06,O2
0.036874236874236875,0.06056166056166056,0.057387057387057384,0.054945054945054944,0.0002442002442002442,326.44,-15.31,111.81,O2
0.030525030525030524,0.04810744810744811,0.050793650793650794,0.04224664224664225,0.001221001221001221,330.87,-12.13,113.37,O2
0.022954822954822957,0.0336996336996337,0.04053724053724054,0.030036630036630037,0.0019536019536019536,331.12,-11.81,114.31,O2
0.016605616605616606,0.022222222222222223,0.03125763125763126,0.019536019536019536,0.002442002442002442,331.75,-11.44,114.5,O2
0.011721611721611722,0.01391941391941392,0.023687423687423687,0.011233211233211233,0.0029304029304029304,332.06,-11.25,114.25,O2
0.008302808302808303,0.00805860805860806,0.018315018315018316,0.005128205128205128,0.0031746031746031746,332.25,-11.19,113.62,O2
0.005860805860805861,0.003907203907203907,0.014652014652014652,0.0007326007326007326,0.003418803418803419,332.12,-11.31,113.19,O2
0.004151404151404151,0.001221001221001221,0.011965811965811967,0.002197802197802198,0.003418803418803419,332.25,-11.31,112.62,O2
0.0031746031746031746,0.0007326007326007326,0.010256410256410256,0.004395604395604396,0.003663003663003663,332.0,-11.88,109.5,O2
0.0031746031746031746,0.001221001221001221,0.009035409035409036,0.005860805860805861,0.003663003663003663,331.44,-12.94,105.56,O2
0.004884004884004884,0.0004884004884004884,0.01221001221001221,0.005372405372405372,0.003663003663003663,330.19,-15.13,101.87,O2
0.009523809523809525,0.004884004884004884,0.021245421245421246,0.002197802197802198,0.003663003663003663,326.06,-18.44,101.44,O2
0.017582417582417582,0.017826617826617826,0.035164835164835165,0.010500610500610501,0.002686202686202686,321.69,-21.56,101.87,O2
0.02783882783882784,0.03663003663003663,0.04737484737484737,0.028815628815628817,0.0019536019536019536,321.44,-21.87,101.62,O2
0.037606837606837605,0.04957264957264957,0.055921855921855924,0.041758241758241756,0.001221001221001221,321.19,-21.94,101.25,O2
0.044444444444444446,0.05885225885225885,0.061782661782661785,0.050793650793650794,0.0009768009768009768,320.69,-22.12,100.87,O2
0.04932844932844933,0.06349206349206349,0.0652014652014652,0.05567765567765568,0.0004884004884004884,320.75,-22.12,100.75,O2
0.051526251526251524,0.0652014652014652,0.06666666666666667,0.05811965811965812,0.0004884004884004884,320.87,-22.0,100.75,O2
0.05274725274725275,0.0652014652014652,0.06691086691086691,0.05934065934065934,0.0002442002442002442,320.56,-21.75,101.0,O2
0.052503052503052504,0.0652014652014652,0.06593406593406594,0.05958485958485959,0.0002442002442002442,320.37,-21.12,100.81,O2
0.050061050061050064,0.06373626373626373,0.06324786324786325,0.05811965811965812,0.0002442002442002442,319.37,-20.25,106.31,O2
0.045177045177045176,0.05885225885225885,0.060073260073260075,0.05103785103785104,0.001221001221001221,325.62,-14.38,112.19,O2
0.039316239316239315,0.04590964590964591,0.05128205128205128,0.0380952380952381,0.0019536019536019536,328.94,-12.06,112.75,O2
0.029304029304029304,0.0315018315018315,0.04004884004884005,0.025396825396825397,0.002686202686202686,329.5,-11.69,112.75,O2
0.02148962148962149,0.020512820512820513,0.030525030525030524,0.014896214896214897,0.0029304029304029304,329.75,-11.63,112.62,O2
0.01611721611721612,0.012942612942612943,0.023443223443223443,0.007326007326007326,0.0031746031746031746,330.37,-11.44,111.75,O2
0.012454212454212455,0.007326007326007326,0.01855921855921856,0.002197802197802198,0.003418803418803419,330.37,-11.5,110.37,O2
0.009768009768009768,0.003663003663003663,0.01514041514041514,0.001221001221001221,0.002442002442002442,329.62,-11.94,108.12,O2
0.00805860805860806,0.0009768009768009768,0.012698412698412698,0.003418803418803419,0.0017094017094017094,329.0,-12.5,105.31,O2
0.008791208791208791,0.0014652014652014652,0.01514041514041514,0.002442002442002442,0.001221001221001221,326.12,-16.0,103.19,O2
0.01562881562881563,0.00805860805860806,0.026862026862026864,0.006105006105006105,0.0007326007326007326,321.81,-19.75,102.44,O2
0.027106227106227107,0.023687423687423687,0.040293040293040296,0.022466422466422466,0.0004884004884004884,318.0,-22.19,101.56,O2
0.036141636141636145,0.03907203907203907,0.04981684981684982,0.03663003663003663,0.0014652014652014652,317.19,-22.81,101.12,O2
0.04249084249084249,0.050061050061050064,0.056654456654456654,0.04664224664224664,0.002197802197802198,317.12,-22.81,101.0,O2
0.04713064713064713,0.057631257631257635,0.060805860805860805,0.05372405372405373,0.0017094017094017094,317.06,-22.81,100.81,O2
0.04786324786324787,0.06153846153846154,0.06153846153846154,0.05641025641025641,0.001221001221001221,317.0,-22.81,100.75,O2
0.04713064713064713,0.06324786324786325,0.06105006105006105,0.057387057387057384,0.0007326007326007326,317.06,-22.81,100.81,O2
0.0463980463980464,0.06398046398046398,0.060073260073260075,0.057631257631257635,0.0007326007326007326,316.94,-22.62,101.19,O2
0.04566544566544566,0.06398046398046398,0.05934065934065934,0.057631257631257635,0.0004884004884004884,317.62,-21.5,103.94,O2
0.04297924297924298,0.061782661782661785,0.057387057387057384,0.05543345543345543,0.0002442002442002442,324.94,-15.25,109.5,O2
0.03711843711843712,0.05225885225885226,0.054212454212454214,0.0463980463980464,0.0009768009768009768,329.75,-11.81,113.25,O2
0.029548229548229547,0.03736263736263736,0.044444444444444446,0.0336996336996337,0.0019536019536019536,331.5,-10.69,113.12,O2
0.02197802197802198,0.02442002442002442,0.0336996336996337,0.01978021978021978,0.002442002442002442,331.87,-10.5,112.94,O2
0.015873015873015872,0.014652014652014652,0.02490842490842491,0.00927960927960928,0.0029304029304029304,332.19,-10.38,112.81,O2
0.011721611721611722,0.007814407814407814,0.018070818070818073,0.0019536019536019536,0.0031746031746031746,332.25,-10.31,112.44,O2
0.008791208791208791,0.0031746031746031746,0.013431013431013432,0.0031746031746031746,0.003418803418803419,331.81,-10.63,110.81,O2
0.006837606837606838,0.0,0.010012210012210013,0.006349206349206349,0.003418803418803419,331.37,-11.5,106.37,O2
0.006105006105006105,0.0009768009768009768,0.009768009768009768,0.005372405372405372,0.003663003663003663,329.06,-13.75,102.75,O2
0.011477411477411478,0.007081807081807082,0.026617826617826617,0.01514041514041514,0.002442002442002442,326.12,-17.37,100.81,O2
0.021001221001221003,0.025152625152625153,0.04004884004884005,0.03492063492063492,0.0004884004884004884,320.81,-20.75,101.5,O2
0.029304029304029304,0.04004884004884005,0.04957264957264957,0.04884004884004884,0.0007326007326007326,319.19,-21.75,100.87,O2
0.03540903540903541,0.05030525030525031,0.05641025641025641,0.05860805860805861,0.0017094017094017094,318.37,-22.25,100.5,O2
0.03956043956043956,0.057631257631257635,0.05934065934065934,0.06373626373626373,0.002197802197802198,318.37,-22.31,100.25,O2
0.041758241758241756,0.06056166056166056,0.06031746031746032,0.06642246642246642,0.002686202686202686,318.56,-22.31,100.0,O2
0.04322344322344322,0.06202686202686203,0.06031746031746032,0.06764346764346764,0.0029304029304029304,318.44,-22.37,100.06,O2
0.04395604395604396,0.06227106227106227,0.05982905982905983,0.06813186813186813,0.002197802197802198,318.0,-22.44,100.62,O2
0.04395604395604396,0.06227106227106227,0.05860805860805861,0.06813186813186813,0.0014652014652014652,317.5,-22.06,103.06,O2
0.04151404151404151,0.060805860805860805,0.05616605616605617,0.06471306471306472,0.001221001221001221,324.94,-14.75,110.37,O2
0.035897435897435895,0.05128205128205128,0.05299145299145299,0.05543345543345543,0.0007326007326007326,329.62,-11.38,113.75,O2
0.02783882783882784,0.03711843711843712,0.043467643467643466,0.04126984126984127,0.0007326007326007326,331.37,-10.44,114.12,O2
0.020024420024420026,0.024664224664224663,0.03247863247863248,0.026373626373626374,0.0017094017094017094,331.56,-10.38,114.25,O2
0.014163614163614164,0.01562881562881563,0.023687423687423687,0.014407814407814409,0.002442002442002442,331.75,-10.31,113.87,O2
0.010012210012210013,0.009035409035409036,0.017094017094017096,0.005860805860805861,0.0029304029304029304,331.69,-10.25,113.69,O2
0.007081807081807082,0.004395604395604396,0.01221001221001221,0.0,0.0031746031746031746,331.75,-10.25,113.44,O2
0.004884004884004884,0.0009768009768009768,0.008791208791208791,0.003907203907203907,0.003418803418803419,331.31,-10.56,111.75,O2
0.003418803418803419,0.001221001221001221,0.006349206349206349,0.006593406593406593,0.003418803418803419,330.31,-12.06,105.44,O2
0.002686202686202686,0.0017094017094017094,0.007081807081807082,0.005616605616605617,0.003663003663003663,326.37,-16.06,102.12,O2
0.006105006105006105,0.00463980463980464,0.02197802197802198,0.009523809523809525,0.002442002442002442,322.37,-19.5,101.0,O2
0.014652014652014652,0.019536019536019536,0.03736263736263736,0.03028083028083028,0.0017094017094017094,320.37,-20.81,99.69,O2
0.020512820512820513,0.032722832722832725,0.04810744810744811,0.04468864468864469,0.001221001221001221,319.0,-21.62,99.12,O2
0.02490842490842491,0.042002442002442006,0.05567765567765568,0.054945054945054944,0.0007326007326007326,318.37,-22.0,99.0,O2
0.02735042735042735,0.0485958485958486,0.05811965811965812,0.05958485958485959,0.0004884004884004884,318.37,-22.06,99.06,O2
0.028083028083028084,0.05103785103785104,0.058363858363858365,0.06129426129426129,0.0004884004884004884,318.37,-22.12,99.06,O2
0.02783882783882784,0.05201465201465202,0.057631257631257635,0.06153846153846154,0.0002442002442002442,318.5,-22.12,99.0,O2
0.027594627594627594,0.05225885225885226,0.05616605616605617,0.06129426129426129,0.0002442002442002442,318.0,-22.12,100.31,O2
0.02735042735042735,0.05201465201465202,0.054945054945054944,0.06056166056166056,0.0,318.37,-20.5,105.75,O2
0.026373626373626374,0.051526251526251524,0.05347985347985348,0.057631257631257635,0.0,324.25,-14.63,110.37,O2
0.02197802197802198,0.04371184371184371,0.050793650793650794,0.04737484737484737,0.0,329.19,-10.94,112.69,O2
0.016361416361416362,0.03125763125763126,0.041758241758241756,0.03492063492063492,0.001221001221001221,331.87,-9.31,113.69,O2
0.011477411477411478,0.02026862026862027,0.03199023199023199,0.02271062271062271,0.0019536019536019536,332.0,-9.25,113.81,O2
0.007326007326007326,0.011721611721611722,0.023931623931623933,0.011965811965811967,0.002686202686202686,332.25,-9.13,113.5,O2
0.004151404151404151,0.005616605616605617,0.017826617826617826,0.004395604395604396,0.0029304029304029304,332.06,-9.19,113.37,O2
0.0019536019536019536,0.001221001221001221,0.013431013431013432,0.001221001221001221,0.003418803418803419,332.0,-9.19,113.37,O2
0.0004884004884004884,0.0017094017094017094,0.010012210012210013,0.004884004884004884,0.003663003663003663,331.94,-9.25,113.37,O2
0.0004884004884004884,0.003907203907203907,0.00757020757020757,0.00757020757020757,0.003663003663003663,331.69,-9.31,113.12,O2
0.001221001221001221,0.005372405372405372,0.006105006105006105,0.009523809523809525,0.003663003663003663,331.37,-9.44,112.0,O2
0.0017094017094017094,0.006105006105006105,0.004884004884004884,0.010744810744810745,0.003663003663003663,328.81,-11.31,107.0,O2
0.0014652014652014652,0.005616605616605617,0.005860805860805861,0.00927960927960928,0.003663003663003663,322.69,-15.31,106.0,O2
0.002686202686202686,0.0017094017094017094,0.02271062271062271,0.006349206349206349,0.002686202686202686,320.69,-17.5,104.87,O2
0.014407814407814409,0.021245421245421246,0.04078144078144078,0.029304029304029304,0.0019536019536019536,317.12,-19.94,103.94,O2
0.02564102564102564,0.04053724053724054,0.053235653235653234,0.04542124542124542,0.0002442002442002442,316.37,-20.44,103.19,O2
0.0336996336996337,0.05396825396825397,0.06202686202686203,0.056654456654456654,0.0009768009768009768,315.81,-20.87,103.06,O2
0.039316239316239315,0.06324786324786325,0.06666666666666667,0.06446886446886448,0.0019536019536019536,315.69,-21.0,103.0,O2
0.04151404151404151,0.06813186813186813,0.06813186813186813,0.06837606837606838,0.002442002442002442,315.5,-20.87,103.12,O2
0.04297924297924298,0.07057387057387057,0.06837606837606838,0.07032967032967033,0.0029304029304029304,316.31,-19.87,103.69,O2
0.043467643467643466,0.07179487179487179,0.06788766788766788,0.07106227106227106,0.0031746031746031746,320.12,-15.19,106.44,O2
0.041025641025641026,0.07032967032967033,0.06544566544566545,0.06788766788766788,0.003418803418803419,324.94,-10.75,110.25,O2
0.036141636141636145,0.06373626373626373,0.06251526251526252,0.05982905982905983,0.002442002442002442,326.44,-9.19,113.94,O2
0.030525030525030524,0.051770451770451774,0.055921855921855924,0.04932844932844933,0.0017094017094017094,327.87,-8.06,115.75,O2
0.02564102564102564,0.03956043956043956,0.046886446886446886,0.03833943833943834,0.0,331.0,-6.5,115.81,O2
0.020512820512820513,0.027594627594627594,0.03736263736263736,0.026373626373626374,0.001221001221001221,331.25,-6.44,116.37,O2
0.015384615384615385,0.018070818070818073,0.02857142857142857,0.015384615384615385,0.0019536019536019536,331.75,-6.19,116.25,O2
0.011233211233211233,0.010744810744810745,0.021733821733821733,0.006837606837606838,0.002442002442002442,331.87,-6.12,116.31,O2
0.007814407814407814,0.005372405372405372,0.016361416361416362,0.0009768009768009768,0.0029304029304029304,331.87,-6.12,116.25,O2
0.005616605616605617,0.0017094017094017094,0.012698412698412698,0.0031746031746031746,0.0031746031746031746,331.5,-6.31,114.69,O2
0.003907203907203907,0.0009768009768009768,0.010256410256410256,0.005860805860805861,0.003418803418803419,329.06,-8.19,110.44,O2
0.0031746031746031746,0.0017094017094017094,0.010256410256410256,0.005128205128205128,0.003418803418803419,324.69,-11.88,107.5,O2
0.004884004884004884,0.003418803418803419,0.0231990231990232,0.005860805860805861,0.002442002442002442,320.87,-15.94,105.5,O2
0.011965811965811967,0.01855921855921856,0.03833943833943834,0.022954822954822957,0.0017094017094017094,316.56,-19.69,104.87,O2
0.02148962148962149,0.03711843711843712,0.04957264957264957,0.04126984126984127,0.0,315.31,-20.5,104.44,O2
0.029548229548229547,0.04981684981684982,0.057387057387057384,0.05396825396825397,0.001221001221001221,314.62,-20.44,104.62,O2
0.035164835164835165,0.05885225885225885,0.06275946275946276,0.063003663003663,0.002197802197802198,314.56,-20.5,104.5,O2
0.03907203907203907,0.06495726495726496,0.06495726495726496,0.06813186813186813,0.002686202686202686,314.5,-20.62,104.37,O2
0.041025641025641026,0.06813186813186813,0.0652014652014652,0.07081807081807082,0.0029304029304029304,314.44,-20.56,104.31,O2
0.042002442002442006,0.06935286935286936,0.06471306471306472,0.07203907203907203,0.0031746031746031746,314.5,-20.37,104.12,O2
0.04224664224664225,0.06935286935286936,0.06373626373626373,0.07228327228327229,0.003418803418803419,314.81,-18.94,105.31,O2
0.040293040293040296,0.06886446886446887,0.061782661782661785,0.06984126984126984,0.003418803418803419,321.37,-12.81,112.0,O2
0.03565323565323565,0.06275946275946276,0.05982905982905983,0.06105006105006105,0.002442002442002442,327.37,-8.63,115.62,O2
0.029304029304029304,0.04884004884004884,0.05225885225885226,0.047619047619047616,0.0017094017094017094,331.5,-6.5,116.5,O2
0.022222222222222223,0.03418803418803419,0.04151404151404151,0.03321123321123321,0.001221001221001221,331.5,-6.5,117.19,O2
0.016361416361416362,0.022466422466422466,0.031746031746031744,0.020512820512820513,0.0002442002442002442,332.31,-6.19,116.87,O2
0.011721611721611722,0.01391941391941392,0.02442002442002442,0.010744810744810745,0.0014652014652014652,332.37,-6.19,116.75,O2
0.008302808302808303,0.00805860805860806,0.01855921855921856,0.003663003663003663,0.002197802197802198,332.37,-6.12,116.69,O2
0.005616605616605617,0.003663003663003663,0.014407814407814409,0.001221001221001221,0.002686202686202686,332.44,-6.12,116.62,O2
0.003907203907203907,0.0007326007326007326,0.01098901098901099,0.00463980463980464,0.0029304029304029304,332.37,-6.19,116.56,O2
0.002686202686202686,0.0014652014652014652,0.008791208791208791,0.007081807081807082,0.0031746031746031746,332.37,-6.12,116.25,O2
0.0019536019536019536,0.0029304029304029304,0.007081807081807082,0.008791208791208791,0.003418803418803419,331.5,-6.56,112.81,O2
0.001221001221001221,0.0031746031746031746,0.006349206349206349,0.009035409035409036,0.003418803418803419,327.37,-10.56,106.31,O2
0.002442002442002442,0.0007326007326007326,0.014652014652014652,0.004151404151404151,0.002442002442002442,323.25,-14.69,104.44,O2
0.010500610500610501,0.013431013431013432,0.03199023199023199,0.013675213675213675,0.0004884004884004884,318.94,-18.37,103.37,O2
0.02197802197802198,0.03321123321123321,0.04664224664224664,0.03565323565323565,0.0007326007326007326,319.19,-18.69,101.69,O2
0.03223443223443224,0.0485958485958486,0.0568986568986569,0.05128205128205128,0.0017094017094017094,318.94,-18.81,100.81,O2
0.03956043956043956,0.059096459096459095,0.06398046398046398,0.06202686202686203,0.002442002442002442,318.87,-18.94,100.37,O2
0.04468864468864469,0.06642246642246642,0.0673992673992674,0.06837606837606838,0.002686202686202686,319.0,-19.0,100.12,O2
0.04835164835164835,0.07008547008547009,0.06910866910866911,0.07203907203907203,0.0031746031746031746,318.87,-19.06,100.12,O2
0.050793650793650794,0.07203907203907203,0.06984126984126984,0.07423687423687424,0.003418803418803419,318.37,-19.06,101.12,O2
0.051770451770451774,0.07301587301587302,0.0695970695970696,0.07472527472527472,0.003663003663003663,317.19,-19.19,102.87,O2
0.04981684981684982,0.07252747252747253,0.06715506715506715,0.07326007326007326,0.003663003663003663,318.44,-17.0,108.5,O2
0.04542124542124542,0.06837606837606838,0.06422466422466422,0.06642246642246642,0.003663003663003663,325.62,-11.38,113.62,O2
0.03833943833943834,0.05518925518925519,0.05714285714285714,0.05299145299145299,0.002686202686202686,330.06,-9.5,114.87,O2
0.02905982905982906,0.039316239316239315,0.04542124542124542,0.039316239316239315,0.0019536019536019536,331.06,-8.94,114.81,O2
0.021245421245421246,0.026617826617826617,0.03467643467643468,0.025885225885225887,0.0014652014652014652,331.62,-8.69,114.69,O2
0.015384615384615385,0.017582417582417582,0.026617826617826617,0.015873015873015872,0.0009768009768009768,331.87,-8.63,114.75,O2
0.011233211233211233,0.011233211233211233,0.020512820512820513,0.009035409035409036,0.0007326007326007326,332.0,-8.56,114.44,O2
0.008547008547008548,0.006837606837606838,0.01611721611721612,0.004151404151404151,0.0004884004884004884,332.06,-8.5,114.0,O2
0.006593406593406593,0.003663003663003663,0.013186813186813187,0.0007326007326007326,0.0004884004884004884,331.5,-8.75,112.62,O2
0.005372405372405372,0.0017094017094017094,0.01098901098901099,0.001221001221001221,0.0002442002442002442,330.94,-9.56,108.69,O2
0.005128205128205128,0.0014652014652014652,0.010500610500610501,0.0014652014652014652,0.0002442002442002442,329.19,-11.0,104.62,O2
0.010012210012210013,0.006837606837606838,0.020024420024420026,0.005128205128205128,0.001221001221001221,323.81,-15.94,104.37,O2
0.019291819291819293,0.020757020757020756,0.03711843711843712,0.0231990231990232,0.002197802197802198,321.37,-19.37,104.25,O2
0.03076923076923077,0.03882783882783883,0.04932844932844933,0.03956043956043956,0.002686202686202686,318.06,-21.0,103.75,O2
0.038583638583638585,0.051526251526251524,0.05787545787545788,0.05103785103785104,0.0031746031746031746,317.75,-21.25,103.19,O2
0.0442002442002442,0.06031746031746032,0.06275946275946276,0.059096459096459095,0.003418803418803419,317.62,-21.25,102.94,O2
0.04810744810744811,0.06446886446886448,0.06422466422466422,0.063003663003663,0.003663003663003663,317.62,-21.25,102.75,O2
0.050061050061050064,0.06617826617826618,0.06471306471306472,0.06495726495726496,0.003663003663003663,317.5,-21.12,103.0,O2
0.05103785103785104,0.06691086691086691,0.06446886446886448,0.06593406593406594,0.003663003663003663,318.25,-19.0,103.56,O2
0.05054945054945055,0.06666666666666667,0.063003663003663,0.06544566544566545,0.003663003663003663,321.81,-14.25,111.37,O2
0.046153846153846156,0.063003663003663,0.06129426129426129,0.05958485958485959,0.002686202686202686,328.81,-8.94,114.81,O2
0.0398046398046398,0.05054945054945055,0.05396825396825397,0.04737484737484737,0.0019536019536019536,332.5,-7.12,117.44,O2
0.031746031746031744,0.03565323565323565,0.04224664224664225,0.032722832722832725,0.001221001221001221,333.62,-6.69,117.31,O2
0.023443223443223443,0.0231990231990232,0.031746031746031744,0.01904761904761905,0.0002442002442002442,333.94,-6.62,117.0,O2
0.017094017094017096,0.014407814407814409,0.023687423687423687,0.009523809523809525,0.001221001221001221,333.94,-6.69,116.31,O2
0.012454212454212455,0.00805860805860806,0.017582417582417582,0.002686202686202686,0.0019536019536019536,333.75,-6.69,116.0,O2
0.00927960927960928,0.003663003663003663,0.013431013431013432,0.0017094017094017094,0.002686202686202686,333.75,-6.69,115.56,O2
0.007081807081807082,0.0004884004884004884,0.010500610500610501,0.004884004884004884,0.0029304029304029304,332.5,-7.06,113.25,O2
0.005616605616605617,0.0014652014652014652,0.008547008547008548,0.006593406593406593,0.0031746031746031746,328.25,-10.25,108.94,O2
0.006349206349206349,0.0002442002442002442,0.01221001221001221,0.003663003663003663,0.002197802197802198,321.44,-16.37,105.56,O2
0.010256410256410256,0.009035409035409036,0.028083028083028084,0.011477411477411478,0.0004884004884004884,318.31,-19.31,104.81,O2
0.019536019536019536,0.026617826617826617,0.04371184371184371,0.03199023199023199,0.0009768009768009768,318.06,-20.31,104.5,O2
0.03028083028083028,0.041025641025641026,0.05445665445665446,0.046886446886446886,0.0019536019536019536,318.12,-20.5,104.0,O2
0.03785103785103785,0.050793650793650794,0.06202686202686203,0.057387057387057384,0.002442002442002442,317.87,-20.62,103.62,O2
0.04322344322344322,0.05787545787545788,0.06568986568986569,0.06446886446886448,0.0029304029304029304,317.94,-20.56,103.5,O2
0.04713064713064713,0.06129426129426129,0.06666666666666667,0.06837606837606838,0.0031746031746031746,317.75,-20.44,103.87,O2
0.04908424908424908,0.06251526251526252,0.06666666666666667,0.07032967032967033,0.003418803418803419,318.06,-18.81,103.87,O2
0.04810744810744811,0.06324786324786325,0.06471306471306472,0.07008547008547009,0.003418803418803419,317.81,-17.81,108.37,O2
0.04395604395604396,0.060073260073260075,0.06227106227106227,0.06398046398046398,0.003663003663003663,322.0,-12.75,115.25,O2
0.037606837606837605,0.04884004884004884,0.05641025641025641,0.051770451770451774,0.002442002442002442,328.19,-9.0,116.56,O2
0.03028083028083028,0.03467643467643468,0.04542124542124542,0.0380952380952381,0.0017094017094017094,330.37,-7.5,116.56,O2
0.0231990231990232,0.022954822954822957,0.035164835164835165,0.025885225885225887,0.001221001221001221,331.06,-7.12,116.19,O2
0.017826617826617826,0.014407814407814409,0.027106227106227107,0.016605616605616606,0.0007326007326007326,331.19,-7.0,115.94,O2
0.01391941391941392,0.008302808302808303,0.021245421245421246,0.010012210012210013,0.0004884004884004884,331.06,-7.12,115.5,O2
0.011233211233211233,0.004151404151404151,0.01733821733821734,0.005372405372405372,0.0007326007326007326,330.94,-7.31,114.62,O2
0.009523809523809525,0.0014652014652014652,0.014407814407814409,0.002197802197802198,0.0017094017094017094,330.56,-7.75,112.94,O2
0.008547008547008548,0.0004884004884004884,0.012454212454212455,0.0002442002442002442,0.002197802197802198,330.19,-8.75,109.31,O2
0.008302808302808303,0.0017094017094017094,0.011721611721611722,0.0007326007326007326,0.002686202686202686,327.19,-11.81,104.81,O2
0.009768009768009768,0.001221001221001221,0.018315018315018316,0.003418803418803419,0.0019536019536019536,322.81,-16.25,103.12,O2
0.01684981684981685,0.013431013431013432,0.03418803418803419,0.01978021978021978,0.0002442002442002442,318.25,-19.56,103.37,O2
0.027594627594627594,0.03321123321123321,0.0485958485958486,0.03907203907203907,0.0009768009768009768,317.19,-20.19,103.56,O2
0.035897435897435895,0.047619047619047616,0.05860805860805861,0.05274725274725275,0.0029304029304029304,317.06,-20.19,103.62,O2
0.041758241758241756,0.05787545787545788,0.06568986568986569,0.06227106227106227,0.004395604395604396,317.06,-20.31,103.37,O2
0.04566544566544566,0.06495726495726496,0.06886446886446887,0.06691086691086691,0.005372405372405372,317.19,-20.31,103.25,O2
0.047619047619047616,0.06886446886446887,0.06984126984126984,0.06935286935286936,0.006105006105006105,317.19,-20.31,103.12,O2
0.04835164835164835,0.07081807081807082,0.06935286935286936,0.07008547008547009,0.005372405372405372,316.94,-20.44,103.0,O2
0.04835164835164835,0.0713064713064713,0.06862026862026863,0.07008547008547009,0.005128205128205128,315.44,-20.69,104.06,O2
0.04713064713064713,0.07081807081807082,0.06666666666666667,0.06935286935286936,0.00463980463980464,314.75,-19.94,110.69,O2
0.04151404151404151,0.06495726495726496,0.06422466422466422,0.06275946275946276,0.004395604395604396,322.75,-13.38,112.94,O2
0.03492063492063492,0.051526251526251524,0.056654456654456654,0.050061050061050064,0.004151404151404151,325.5,-11.31,116.12,O2
0.028327228327228327,0.03663003663003663,0.04590964590964591,0.03711843711843712,0.0029304029304029304,328.62,-9.63,116.62,O2
0.022222222222222223,0.024664224664224663,0.035897435897435895,0.024175824175824177,0.0019536019536019536,329.5,-9.25,116.5,O2
0.01684981684981685,0.01562881562881563,0.02783882783882784,0.01391941391941392,0.0014652014652014652,329.94,-9.06,116.37,O2
0.012942612942612943,0.00927960927960928,0.02148962148962149,0.005860805860805861,0.0002442002442002442,330.44,-8.88,116.0,O2
0.010012210012210013,0.004884004884004884,0.01684981684981685,0.0004884004884004884,0.001221001221001221,330.44,-8.81,115.62,O2
0.007814407814407814,0.0017094017094017094,0.013675213675213675,0.003418803418803419,0.0019536019536019536,330.31,-8.94,114.81,O2
0.006349206349206349,0.0004884004884004884,0.011477411477411478,0.005860805860805861,0.002442002442002442,329.81,-9.38,112.12,O2
0.005860805860805861,0.0014652014652014652,0.010500610500610501,0.006349206349206349,0.0017094017094017094,327.56,-11.06,107.75,O2
0.006349206349206349,0.001221001221001221,0.014163614163614164,0.004395604395604396,0.001221001221001221,326.31,-12.56,104.56,O2
0.009035409035409036,0.006105006105006105,0.022222222222222223,0.0,0.0009768009768009768,325.37,-14.25,102.81,O2
0.013675213675213675,0.014163614163614164,0.03540903540903541,0.012454212454212455,0.0004884004884004884,322.81,-16.56,103.31,O2
0.02148962148962149,0.02905982905982906,0.047619047619047616,0.029304029304029304,0.0017094017094017094,319.87,-19.25,103.12,O2
0.030036630036630037,0.046886446886446886,0.058363858363858365,0.04468864468864469,0.002442002442002442,319.5,-19.19,103.19,O2
0.0380952380952381,0.05958485958485959,0.06593406593406594,0.05543345543345543,0.0029304029304029304,319.31,-19.12,103.0,O2
0.043467643467643466,0.06837606837606838,0.07106227106227106,0.063003663003663,0.0031746031746031746,319.25,-19.25,102.87,O2
0.04737484737484737,0.07301587301587302,0.07301587301587302,0.06666666666666667,0.003418803418803419,319.12,-19.31,102.94,O2
0.04932844932844933,0.07521367521367521,0.07326007326007326,0.06837606837606838,0.003663003663003663,318.44,-19.12,103.25,O2
0.04932844932844933,0.07545787545787545,0.07179487179487179,0.06837606837606838,0.003663003663003663,318.31,-18.75,106.69,O2
0.04542124542124542,0.07203907203907203,0.06788766788766788,0.06373626373626373,0.002686202686202686,325.0,-12.75,112.12,O2
0.03882783882783883,0.059096459096459095,0.06129426129426129,0.05128205128205128,0.0019536019536019536,329.31,-10.0,113.75,O2
0.03199023199023199,0.04297924297924298,0.05030525030525031,0.03736263736263736,0.001221001221001221,331.62,-8.94,113.69,O2
0.02564102564102564,0.029548229548229547,0.04004884004884005,0.023931623931623933,0.0007326007326007326,332.44,-8.94,113.62,O2
0.020512820512820513,0.01978021978021978,0.0315018315018315,0.013186813186813187,0.0004884004884004884,333.0,-9.13,113.56,O2
0.01611721611721612,0.012942612942612943,0.025152625152625153,0.005372405372405372,0.0014652014652014652,333.44,-9.63,113.31,O2
0.013186813186813187,0.007814407814407814,0.02026862026862027,0.0004884004884004884,0.002197802197802198,333.44,-9.81,113.31,O2
0.01098901098901099,0.003907203907203907,0.016361416361416362,0.004395604395604396,0.002686202686202686,333.5,-10.0,113.25,O2
0.00927960927960928,0.0014652014652014652,0.013431013431013432,0.007326007326007326,0.0029304029304029304,333.37,-10.25,112.94,O2
0.00805860805860806,0.0004884004884004884,0.011477411477411478,0.009035409035409036,0.0031746031746031746,333.12,-10.81,111.69,O2
0.007326007326007326,0.0017094017094017094,0.010012210012210013,0.010012210012210013,0.003418803418803419,332.62,-11.38,110.25,O2
0.007081807081807082,0.0014652014652014652,0.010500610500610501,0.009768009768009768,0.003418803418803419,329.69,-13.31,107.44,O2
0.00757020757020757,0.001221001221001221,0.01611721611721612,0.004395604395604396,0.002442002442002442,323.56,-18.87,105.56,O2
0.012942612942612943,0.012942612942612943,0.03247863247863248,0.011233211233211233,0.0017094017094017094,321.62,-20.81,105.0,O2
0.023687423687423687,0.030525030525030524,0.04713064713064713,0.0315018315018315,0.0,321.62,-21.0,104.19,O2
0.03467643467643468,0.04810744810744811,0.057387057387057384,0.04664224664224664,0.001221001221001221,321.25,-20.87,103.25,O2
0.04224664224664225,0.06031746031746032,0.06446886446886448,0.057387057387057384,0.0019536019536019536,321.0,-20.94,102.87,O2
0.047619047619047616,0.06886446886446887,0.06935286935286936,0.06471306471306472,0.002686202686202686,321.25,-20.81,102.62,O2
0.05128205128205128,0.07326007326007326,0.07155067155067155,0.06910866910866911,0.0031746031746031746,320.75,-20.75,102.56,O2
0.05299145299145299,0.07545787545787545,0.07203907203907203,0.07106227106227106,0.003418803418803419,320.0,-20.0,102.69,O2
0.052503052503052504,0.0757020757020757,0.07032967032967033,0.07081807081807082,0.003418803418803419,323.37,-16.0,107.94,O2
0.04835164835164835,0.07032967032967033,0.06691086691086691,0.06544566544566545,0.003663003663003663,327.37,-12.44,112.87,O2
0.04126984126984127,0.05518925518925519,0.05982905982905983,0.05225885225885226,0.002442002442002442,329.75,-11.38,113.37,O2
0.033455433455433455,0.039316239316239315,0.04786324786324787,0.03833943833943834,0.0017094017094017094,330.37,-10.94,113.69,O2
0.026373626373626374,0.02735042735042735,0.03736263736263736,0.025152625152625153,0.0,331.25,-10.5,113.12,O2
0.021001221001221003,0.01855921855921856,0.029304029304029304,0.01514041514041514,0.001221001221001221,331.5,-10.19,112.87,O2
0.017094017094017096,0.012454212454212455,0.022954822954822957,0.00805860805860806,0.0019536019536019536,331.12,-10.19,112.5,O2
0.014407814407814409,0.00805860805860806,0.018803418803418803,0.0031746031746031746,0.002442002442002442,330.69,-10.25,112.37,O2
0.012698412698412698,0.005128205128205128,0.01562881562881563,0.0002442002442002442,0.0029304029304029304,330.69,-10.06,112.06,O2
0.011477411477411478,0.0029304029304029304,0.013675213675213675,0.002686202686202686,0.0031746031746031746,330.5,-10.25,111.0,O2
0.01098901098901099,0.0014652014652014652,0.01221001221001221,0.004151404151404151,0.003418803418803419,330.25,-10.81,108.81,O2
0.011477411477411478,0.0007326007326007326,0.011965811965811967,0.004395604395604396,0.003663003663003663,328.44,-13.38,103.62,O2
0.013675213675213675,0.005860805860805861,0.018803418803418803,0.001221001221001221,0.002442002442002442,326.56,-17.56,98.12,O2
0.01978021978021978,0.020512820512820513,0.036141636141636145,0.01684981684981685,0.0017094017094017094,322.12,-20.5,99.06,O2
0.029548229548229547,0.03956043956043956,0.04884004884004884,0.03492063492063492,0.001221001221001221,321.06,-21.25,99.37,O2
0.036141636141636145,0.05299145299145299,0.057631257631257635,0.047619047619047616,0.0007326007326007326,320.44,-21.81,99.69,O2
0.041025641025641026,0.06251526251526252,0.06398046398046398,0.05641025641025641,0.0004884004884004884,319.94,-22.19,99.94,O2
0.04371184371184371,0.06715506715506715,0.06691086691086691,0.060805860805860805,0.0002442002442002442,319.69,-22.37,100.12,O2
0.04468864468864469,0.0695970695970696,0.06788766788766788,0.06275946275946276,0.0002442002442002442,318.56,-22.69,100.5,O2
0.044444444444444446,0.07008547008547009,0.06691086691086691,0.06373626373626373,0.0,318.75,-21.06,105.31,O2
0.04053724053724054,0.06617826617826618,0.0652014652014652,0.060073260073260075,0.0,324.56,-15.44,113.0,O2
0.03418803418803419,0.05128205128205128,0.0568986568986569,0.04786324786324787,0.0,326.25,-14.44,114.25,O2
0.026862026862026864,0.035897435897435895,0.04542124542124542,0.03418803418803419,0.0,326.37,-14.38,114.19,O2
0.020757020757020756,0.024175824175824177,0.03540903540903541,0.021245421245421246,0.0,326.31,-14.5,114.25,O2
0.016361416361416362,0.015873015873015872,0.02783882783882784,0.01221001221001221,0.0,326.19,-14.75,114.12,O2
0.013186813186813187,0.010012210012210013,0.022222222222222223,0.006105006105006105,0.0,326.25,-14.94,113.81,O2
0.01098901098901099,0.005860805860805861,0.018070818070818073,0.0017094017094017094,0.0,326.56,-14.88,114.0,O2
0.009523809523809525,0.0031746031746031746,0.01514041514041514,0.0014652014652014652,0.001221001221001221,327.19,-14.44,114.94,O2
0.008547008547008548,0.001221001221001221,0.013186813186813187,0.003663003663003663,0.0019536019536019536,327.87,-14.25,113.87,O2
0.00805860805860806,0.0,0.011721611721611722,0.005128205128205128,0.002442002442002442,328.37,-13.88,113.31,O2
0.007814407814407814,0.0009768009768009768,0.010744810744810745,0.006105006105006105,0.0029304029304029304,328.62,-13.69,113.56,O2
0.007814407814407814,0.0017094017094017094,0.010256410256410256,0.007081807081807082,0.0031746031746031746,328.62,-13.69,113.0,O2
0.00757020757020757,0.0019536019536019536,0.009768009768009768,0.007814407814407814,0.003418803418803419,328.31,-13.94,113.12,O2
0.00757020757020757,0.002197802197802198,0.00927960927960928,0.008302808302808303,0.003418803418803419,328.19,-14.63,112.06,O2
0.00757020757020757,0.002442002442002442,0.008791208791208791,0.008791208791208791,0.002442002442002442,327.5,-14.88,112.56,O2
0.007814407814407814,0.002442002442002442,0.007814407814407814,0.009035409035409036,0.0017094017094017094,327.5,-14.56,113.25,O2
0.007814407814407814,0.002197802197802198,0.007081807081807082,0.009523809523809525,0.001221001221001221,327.31,-14.19,113.87,O2
0.007814407814407814,0.002197802197802198,0.006593406593406593,0.009523809523809525,0.0019536019536019536,327.0,-14.13,113.12,O2
0.007814407814407814,0.002197802197802198,0.005860805860805861,0.009768009768009768,0.002442002442002442,327.25,-14.38,112.69,O2
0.007814407814407814,0.0019536019536019536,0.005128205128205128,0.010012210012210013,0.0029304029304029304,327.0,-15.19,112.44,O2
0.007814407814407814,0.0019536019536019536,0.00463980463980464,0.010012210012210013,0.0031746031746031746,327.25,-14.88,112.37,O2
0.007814407814407814,0.0017094017094017094,0.004395604395604396,0.010256410256410256,0.003418803418803419,326.87,-15.0,111.56,O2
0.007814407814407814,0.0017094017094017094,0.004151404151404151,0.010256410256410256,0.003663003663003663,326.25,-14.81,111.5,O2
0.007814407814407814,0.0014652014652014652,0.003907203907203907,0.010500610500610501,0.003663003663003663,326.31,-14.31,111.44,O2
0.007814407814407814,0.0014652014652014652,0.003907203907203907,0.010500610500610501,0.002686202686202686,326.19,-14.69,110.81,O2
0.00757020757020757,0.0014652014652014652,0.003907203907203907,0.010500610500610501,0.0019536019536019536,326.19,-15.25,111.31,O2
0.00757020757020757,0.0014652014652014652,0.003663003663003663,0.010744810744810745,0.001221001221001221,325.87,-15.69,111.81,O2
0.007326007326007326,0.0014652014652014652,0.003663003663003663,0.01098901098901099,0.0009768009768009768,325.69,-15.81,111.44,O2
0.007326007326007326,0.0014652014652014652,0.003418803418803419,0.011233211233211233,0.0017094017094017094,325.06,-15.94,111.12,O2
0.007081807081807082,0.0014652014652014652,0.003418803418803419,0.01098901098901099,0.002442002442002442,325.19,-15.19,111.31,O2
0.007081807081807082,0.0017094017094017094,0.0031746031746031746,0.010744810744810745,0.0029304029304029304,325.44,-15.38,110.31,O2
0.007081807081807082,0.0017094017094017094,0.0031746031746031746,0.010256410256410256,0.0031746031746031746,324.62,-16.06,110.56,O2
0.007081807081807082,0.0017094017094017094,0.0031746031746031746,0.010012210012210013,0.003418803418803419,324.94,-16.19,110.69,O2
0.007081807081807082,0.0017094017094017094,0.0031746031746031746,0.009768009768009768,0.003663003663003663,324.75,-16.25,110.81,O2
0.007081807081807082,0.0017094017094017094,0.003418803418803419,0.009768009768009768,0.003663003663003663,324.44,-16.12,110.87,O2
0.007081807081807082,0.0017094017094017094,0.004884004884004884,0.009523809523809525,0.003907203907203907,325.0,-15.25,112.06,O2
0.007081807081807082,0.0014652014652014652,0.006837606837606838,0.009523809523809525,0.003907203907203907,325.06,-15.44,110.87,O2
0.006837606837606838,0.0014652014652014652,0.00805860805860806,0.009768009768009768,0.003907203907203907,324.37,-16.0,111.19,O2
0.006837606837606838,0.0014652014652014652,0.009035409035409036,0.010012210012210013,0.003907203907203907,324.62,-15.94,111.69,O2
0.006837606837606838,0.0014652014652014652,0.008547008547008548,0.010256410256410256,0.003907203907203907,324.62,-15.88,111.37,O2
0.006837606837606838,0.0014652014652014652,0.00805860805860806,0.010500610500610501,0.003907203907203907,324.75,-15.88,111.25,O2
0.006837606837606838,0.0014652014652014652,0.007814407814407814,0.010744810744810745,0.003907203907203907,324.81,-15.69,110.94,O2
0.006837606837606838,0.0014652014652014652,0.00757020757020757,0.01098901098901099,0.003907203907203907,324.06,-15.5,111.0,O2
0.006593406593406593,0.0014652014652014652,0.007326007326007326,0.01098901098901099,0.003907203907203907,323.62,-15.63,111.37,O2
0.006593406593406593,0.001221001221001221,0.006837606837606838,0.011233211233211233,0.003907203907203907,323.69,-15.44,111.31,O2
0.006593406593406593,0.0004884004884004884,0.006105006105006105,0.011233211233211233,0.003907203907203907,324.06,-15.06,111.37,O2
0.006349206349206349,0.0002442002442002442,0.005372405372405372,0.011477411477411478,0.003907203907203907,323.75,-15.13,112.31,O2
0.006349206349206349,0.0004884004884004884,0.00463980463980464,0.011477411477411478,0.003907203907203907,324.06,-14.81,112.19,O2
0.006349206349206349,0.0002442002442002442,0.003907203907203907,0.011721611721611722,0.003907203907203907,323.81,-14.81,112.06,O2
0.006105006105006105,0.0002442002442002442,0.003418803418803419,0.011721611721611722,0.003907203907203907,323.94,-14.63,111.94,O2
0.006105006105006105,0.0004884004884004884,0.0029304029304029304,0.011965811965811967,0.003907203907203907,323.0,-13.94,112.44,O2
0.006105006105006105,0.0007326007326007326,0.002442002442002442,0.011965811965811967,0.003907203907203907,321.81,-13.25,112.69,O2
0.005860805860805861,0.0009768009768009768,0.002442002442002442,0.01221001221001221,0.003907203907203907,320.0,-13.19,113.19,O2
0.005860805860805861,0.001221001221001221,0.002197802197802198,0.01221001221001221,0.003907203907203907,320.0,-13.25,113.31,O2
0.005616605616605617,0.001221001221001221,0.0019536019536019536,0.01221001221001221,0.003907203907203907,319.69,-13.44,113.5,O2
0.005616605616605617,0.0014652014652014652,0.0019536019536019536,0.01221001221001221,0.003907203907203907,320.0,-13.44,113.31,O2
0.005372405372405372,0.0014652014652014652,0.0017094017094017094,0.01221001221001221,0.003907203907203907,320.0,-13.44,113.5,O2
0.005372405372405372,0.0017094017094017094,0.0017094017094017094,0.01221001221001221,0.003907203907203907,319.69,-13.63,113.56,O2
0.005372405372405372,0.0017094017094017094,0.0014652014652014652,0.012454212454212455,0.003907203907203907,320.0,-13.31,113.37,O2
0.005128205128205128,0.0019536019536019536,0.0014652014652014652,0.012454212454212455,0.003907203907203907,320.0,-13.25,113.31,O2
0.005128205128205128,0.0019536019536019536,0.0014652014652014652,0.012454212454212455,0.003907203907203907,319.94,-13.44,112.62,O2
0.005128205128205128,0.0017094017094017094,0.0019536019536019536,0.012454212454212455,0.003907203907203907,320.69,-13.38,112.06,O2
0.005372405372405372,0.0,0.003907203907203907,0.011965811965811967,0.003907203907203907,321.75,-12.81,111.87,O2
0.005860805860805861,0.002197802197802198,0.005372405372405372,0.011965811965811967,0.003907203907203907,322.25,-12.5,111.56,O2
0.006105006105006105,0.003663003663003663,0.006349206349206349,0.011721611721611722,0.003907203907203907,322.56,-12.19,111.44,O2
0.006349206349206349,0.00463980463980464,0.006593406593406593,0.011721611721611722,0.003907203907203907,322.87,-12.38,111.37,O2
0.009035409035409036,0.005372405372405372,0.006837606837606838,0.011721611721611722,0.003907203907203907,322.37,-12.5,111.44,O2
0.011477411477411478,0.005616605616605617,0.006593406593406593,0.011721611721611722,0.003907203907203907,322.19,-12.31,111.44,O2
0.013186813186813187,0.005616605616605617,0.006349206349206349,0.011965811965811967,0.003907203907203907,322.12,-12.31,111.69,O2
0.014407814407814409,0.005616605616605617,0.006105006105006105,0.011965811965811967,0.003907203907203907,322.19,-12.31,111.69,O2
0.015384615384615385,0.005616605616605617,0.005860805860805861,0.01221001221001221,0.003907203907203907,321.87,-12.06,111.94,O2
0.01562881562881563,0.005616605616605617,0.005616605616605617,0.01221001221001221,0.003907203907203907,321.62,-12.06,112.37,O2
0.014163614163614164,0.005372405372405372,0.005128205128205128,0.01221001221001221,0.003907203907203907,321.69,-12.0,112.75,O2
0.012698412698412698,0.00463980463980464,0.004884004884004884,0.012454212454212455,0.003907203907203907,321.62,-12.0,112.5,O2
0.011721611721611722,0.003907203907203907,0.00463980463980464,0.012454212454212455,0.003907203907203907,321.62,-13.56,107.5,O2
0.011233211233211233,0.003663003663003663,0.005128205128205128,0.011721611721611722,0.003907203907203907,322.37,-15.38,102.19,O2
0.014652014652014652,0.01391941391941392,0.021245421245421246,0.00463980463980464,0.0014652014652014652,319.12,-17.62,101.37,O2
0.023687423687423687,0.036874236874236875,0.03907203907203907,0.029304029304029304,0.0,319.81,-17.56,99.75,O2
0.0315018315018315,0.05299145299145299,0.051526251526251524,0.04664224664224664,0.001221001221001221,319.94,-17.62,98.75,O2
0.03711843711843712,0.06422466422466422,0.06031746031746032,0.05885225885225885,0.0019536019536019536,320.44,-17.37,98.19,O2
0.04078144078144078,0.07081807081807082,0.06544566544566545,0.0652014652014652,0.002442002442002442,320.62,-17.19,98.44,O2
0.042735042735042736,0.073992673992674,0.06764346764346764,0.06862026862026863,0.0029304029304029304,320.5,-16.94,100.87,O2
0.04224664224664225,0.0757020757020757,0.06691086691086691,0.06886446886446887,0.0031746031746031746,319.94,-16.31,104.31,O2
0.03956043956043956,0.07252747252747253,0.06398046398046398,0.06495726495726496,0.002197802197802198,325.25,-10.63,110.62,O2
0.03394383394383394,0.06105006105006105,0.060073260073260075,0.053235653235653234,0.0014652014652014652,329.31,-8.44,112.94,O2
0.026862026862026864,0.0463980463980464,0.050061050061050064,0.04004884004884005,0.0,332.56,-6.87,113.5,O2
0.020512820512820513,0.0336996336996337,0.04078144078144078,0.026862026862026864,0.001221001221001221,333.12,-6.56,113.69,O2
0.01562881562881563,0.024175824175824177,0.032722832722832725,0.016361416361416362,0.0019536019536019536,333.44,-6.5,113.44,O2
0.011965811965811967,0.017582417582417582,0.026862026862026864,0.009035409035409036,0.002686202686202686,333.62,-6.44,113.12,O2
0.009523809523809525,0.012942612942612943,0.022222222222222223,0.003907203907203907,0.0029304029304029304,333.75,-6.37,112.69,O2
0.007814407814407814,0.009768009768009768,0.01904761904761905,0.0002442002442002442,0.0031746031746031746,333.12,-6.37,111.5,O2
0.006349206349206349,0.00757020757020757,0.01684981684981685,0.002197802197802198,0.003418803418803419,331.37,-7.62,107.12,O2
0.006593406593406593,0.00805860805860806,0.01855921855921856,0.0007326007326007326,0.003418803418803419,327.19,-11.06,104.81,O2
0.010500610500610501,0.016605616605616606,0.031746031746031744,0.008791208791208791,0.002442002442002442,321.25,-15.75,104.06,O2
0.019536019536019536,0.03296703296703297,0.046153846153846156,0.026617826617826617,0.0017094017094017094,318.62,-18.19,102.75,O2
0.029548229548229547,0.04957264957264957,0.05616605616605617,0.042735042735042736,0.001221001221001221,317.94,-18.69,102.0,O2
0.037606837606837605,0.06105006105006105,0.063003663003663,0.05396825396825397,0.0007326007326007326,317.37,-19.06,101.62,O2
0.04322344322344322,0.06910866910866911,0.0673992673992674,0.061782661782661785,0.0004884004884004884,317.19,-19.25,101.56,O2
0.04737484737484737,0.07277167277167278,0.06935286935286936,0.06617826617826618,0.0004884004884004884,317.19,-19.06,101.75,O2
0.04932844932844933,0.07448107448107448,0.0695970695970696,0.06813186813186813,0.0002442002442002442,317.12,-18.37,102.44,O2
0.04932844932844933,0.07472527472527472,0.06837606837606838,0.06837606837606838,0.0002442002442002442,317.69,-17.44,104.62,O2
0.04664224664224664,0.07228327228327229,0.0652014652014652,0.06495726495726496,0.0002442002442002442,320.25,-15.75,106.69,O2
0.04078144078144078,0.06324786324786325,0.06275946275946276,0.054945054945054944,0.001221001221001221,326.56,-11.06,110.87,O2
0.0336996336996337,0.04908424908424908,0.05396825396825397,0.042002442002442006,0.0019536019536019536,329.87,-9.38,112.37,O2
0.02612942612942613,0.03540903540903541,0.043467643467643466,0.029304029304029304,0.002686202686202686,331.12,-8.88,111.69,O2
0.020024420024420026,0.024664224664224663,0.03418803418803419,0.017826617826617826,0.0029304029304029304,332.75,-7.94,111.0,O2
0.015384615384615385,0.01684981684981685,0.027106227106227107,0.00927960927960928,0.0031746031746031746,333.75,-7.25,110.5,O2
0.011965811965811967,0.011477411477411478,0.021733821733821733,0.003418803418803419,0.003418803418803419,333.5,-7.37,110.44,O2
0.009523809523809525,0.00757020757020757,0.017826617826617826,0.0007326007326007326,0.003418803418803419,333.0,-7.5,110.12,O2
0.007814407814407814,0.004884004884004884,0.015384615384615385,0.003418803418803419,0.003663003663003663,332.31,-7.94,107.19,O2
0.006837606837606838,0.003418803418803419,0.01391941391941392,0.004884004884004884,0.003663003663003663,330.81,-8.94,103.81,O2
0.008302808302808303,0.006349206349206349,0.020757020757020756,0.0019536019536019536,0.003663003663003663,324.12,-14.44,101.19,O2
0.014407814407814409,0.01855921855921856,0.03736263736263736,0.01221001221001221,0.003663003663003663,317.81,-18.69,100.69,O2
0.0231990231990232,0.03540903540903541,0.04957264957264957,0.03199023199023199,0.002686202686202686,317.37,-19.37,99.87,O2
0.031013431013431014,0.04835164835164835,0.05811965811965812,0.04566544566544566,0.0017094017094017094,317.75,-19.37,99.44,O2
0.03638583638583639,0.05714285714285714,0.06422466422466422,0.05543345543345543,0.001221001221001221,316.44,-19.94,99.44,O2
0.040293040293040296,0.06349206349206349,0.06691086691086691,0.060805860805860805,0.0007326007326007326,316.06,-20.0,99.37,O2
0.042002442002442006,0.06642246642246642,0.06764346764346764,0.06349206349206349,0.0004884004884004884,315.87,-19.87,99.69,O2
0.04249084249084249,0.06813186813186813,0.0673992673992674,0.06471306471306472,0.0014652014652014652,316.5,-19.19,100.37,O2
0.04224664224664225,0.06837606837606838,0.06642246642246642,0.06495726495726496,0.002197802197802198,316.62,-18.81,101.75,O2
0.04004884004884005,0.06642246642246642,0.06398046398046398,0.06251526251526252,0.002686202686202686,321.94,-14.69,106.31,O2
0.03565323565323565,0.06031746031746032,0.061782661782661785,0.054945054945054944,0.0029304029304029304,330.44,-8.5,110.56,O2
0.029792429792429794,0.04786324786324787,0.0547008547008547,0.04249084249084249,0.0031746031746031746,335.87,-5.81,111.25,O2
0.023443223443223443,0.03394383394383394,0.04395604395604396,0.028083028083028084,0.003418803418803419,337.87,-5.37,111.5,O2
0.017582417582417582,0.022954822954822957,0.034432234432234435,0.01562881562881563,0.003418803418803419,338.25,-5.31,111.75,O2
0.013186813186813187,0.01514041514041514,0.027106227106227107,0.007081807081807082,0.003663003663003663,338.25,-5.44,111.94,O2
0.010012210012210013,0.009768009768009768,0.02148962148962149,0.0009768009768009768,0.003663003663003663,338.37,-5.25,111.87,O2
0.007814407814407814,0.005860805860805861,0.017582417582417582,0.003418803418803419,0.003663003663003663,337.87,-5.19,111.0,O2
0.006105006105006105,0.0031746031746031746,0.014896214896214897,0.006349206349206349,0.003907203907203907,337.81,-5.37,109.75,O2
0.005372405372405372,0.0019536019536019536,0.012942612942612943,0.007814407814407814,0.003907203907203907,336.0,-6.56,106.75,O2
0.005616605616605617,0.002197802197802198,0.013186813186813187,0.00757020757020757,0.003907203907203907,332.44,-8.63,102.87,O2
0.007814407814407814,0.007814407814407814,0.022222222222222223,0.0029304029304029304,0.003907203907203907,325.94,-14.44,101.56,O2
0.01391941391941392,0.019291819291819293,0.03663003663003663,0.013431013431013432,0.002686202686202686,320.81,-18.5,100.62,O2
0.02490842490842491,0.036141636141636145,0.0485958485958486,0.032722832722832725,0.0019536019536019536,320.19,-18.69,100.44,O2
0.035164835164835165,0.04932844932844933,0.05714285714285714,0.0463980463980464,0.001221001221001221,320.44,-18.44,100.0,O2
0.04224664224664225,0.058363858363858365,0.063003663003663,0.055921855921855924,0.0009768009768009768,320.0,-18.56,99.75,O2
0.04713064713064713,0.06495726495726496,0.06568986568986569,0.06105006105006105,0.0007326007326007326,319.87,-18.56,99.69,O2
0.050061050061050064,0.06837606837606838,0.06666666666666667,0.06398046398046398,0.0004884004884004884,320.19,-18.25,99.44,O2
0.051526251526251524,0.06984126984126984,0.06666666666666667,0.06544566544566545,0.0002442002442002442,319.75,-18.5,99.31,O2
0.052503052503052504,0.07057387057387057,0.06617826617826618,0.06593406593406594,0.0002442002442002442,319.81,-18.56,99.19,O2
0.053235653235653234,0.07057387057387057,0.06593406593406594,0.06617826617826618,0.001221001221001221,320.31,-18.44,99.0,O2
0.05372405372405373,0.07008547008547009,0.06544566544566545,0.06617826617826618,0.0019536019536019536,319.06,-19.12,99.44,O2
0.05396825396825397,0.0695970695970696,0.06471306471306472,0.06568986568986569,0.002686202686202686,317.75,-18.25,106.19,O2
0.050793650793650794,0.0673992673992674,0.06227106227106227,0.06202686202686203,0.0029304029304029304,328.5,-10.69,110.31,O2
0.04395604395604396,0.05567765567765568,0.05714285714285714,0.04908424908424908,0.0031746031746031746,332.56,-8.13,112.06,O2
0.03492063492063492,0.04078144078144078,0.04664224664224664,0.035164835164835165,0.003418803418803419,333.87,-7.37,112.0,O2
0.026862026862026864,0.028327228327228327,0.03663003663003663,0.022222222222222223,0.003663003663003663,334.94,-6.81,111.62,O2
0.020757020757020756,0.019536019536019536,0.028815628815628817,0.012698412698412698,0.003663003663003663,334.94,-6.62,111.12,O2
0.016605616605616606,0.013186813186813187,0.0231990231990232,0.006105006105006105,0.003907203907203907,334.81,-6.62,110.5,O2
0.013675213675213675,0.008791208791208791,0.019291819291819293,0.0014652014652014652,0.003907203907203907,333.75,-7.12,107.87,O2
0.011721611721611722,0.005860805860805861,0.016605616605616606,0.0009768009768009768,0.003907203907203907,331.31,-8.94,104.0,O2
0.011477411477411478,0.005616605616605617,0.015873015873015872,0.001221001221001221,0.002686202686202686,326.06,-14.13,103.12,O2
0.015384615384615385,0.01221001221001221,0.026862026862026864,0.006349206349206349,0.0019536019536019536,323.25,-17.25,101.75,O2
0.024664224664224663,0.027594627594627594,0.04249084249084249,0.024175824175824177,0.001221001221001221,322.31,-17.94,100.81,O2
0.03663003663003663,0.04468864468864469,0.05347985347985348,0.03956043956043956,0.0009768009768009768,322.44,-18.12,100.06,O2
0.0463980463980464,0.056654456654456654,0.06129426129426129,0.05030525030525031,0.0007326007326007326,322.75,-18.06,99.37,O2
0.053235653235653234,0.0652014652014652,0.06666666666666667,0.05787545787545788,0.0004884004884004884,323.25,-17.56,98.81,O2
0.05811965811965812,0.06984126984126984,0.06984126984126984,0.06227106227106227,0.0002442002442002442,323.87,-16.75,98.5,O2
0.06129426129426129,0.07228327228327229,0.07155067155067155,0.06471306471306472,0.0002442002442002442,323.94,-16.75,98.56,O2
0.06324786324786325,0.07326007326007326,0.07203907203907203,0.06568986568986569,0.0,323.56,-16.87,98.87,O2
0.06422466422466422,0.0735042735042735,0.07203907203907203,0.06568986568986569,0.0,323.44,-16.37,99.62,O2
0.06446886446886448,0.07301587301587302,0.0713064713064713,0.06544566544566545,0.0,323.81,-14.63,101.0,O2
0.06227106227106227,0.07179487179487179,0.06837606837606838,0.06398046398046398,0.0,324.94,-13.94,105.0,O2
0.055921855921855924,0.06593406593406594,0.06544566544566545,0.0568986568986569,0.0,330.31,-8.88,112.69,O2
0.04737484737484737,0.05274725274725275,0.05714285714285714,0.043467643467643466,0.001221001221001221,336.37,-6.12,112.81,O2
0.03711843711843712,0.037606837606837605,0.045177045177045176,0.028815628815628817,0.0019536019536019536,337.94,-5.25,111.94,O2
0.029304029304029304,0.02564102564102564,0.034432234432234435,0.016361416361416362,0.002442002442002442,338.62,-4.62,111.75,O2
0.023931623931623933,0.01733821733821734,0.026373626373626374,0.00757020757020757,0.0029304029304029304,338.44,-4.62,111.19,O2
0.020024420024420026,0.011477411477411478,0.020757020757020756,0.0017094017094017094,0.0031746031746031746,338.44,-4.44,110.75,O2
0.017582417582417582,0.00757020757020757,0.01684981684981685,0.002686202686202686,0.003418803418803419,337.31,-4.81,110.19,O2
0.015873015873015872,0.004884004884004884,0.01391941391941392,0.005128205128205128,0.003663003663003663,336.19,-5.44,108.69,O2
0.01514041514041514,0.003663003663003663,0.012698412698412698,0.006349206349206349,0.003663003663003663,332.81,-7.25,106.44,O2
0.016361416361416362,0.004884004884004884,0.015384615384615385,0.004395604395604396,0.002686202686202686,327.44,-11.88,104.37,O2
0.022954822954822957,0.012698412698412698,0.03076923076923077,0.009035409035409036,0.0007326007326007326,324.31,-15.94,102.81,O2
0.03418803418803419,0.03076923076923077,0.04664224664224664,0.03028083028083028,0.0007326007326007326,323.25,-16.12,102.5,O2
0.04493284493284493,0.04664224664224664,0.05787545787545788,0.04493284493284493,0.0017094017094017094,322.69,-16.31,102.19,O2
0.052503052503052504,0.05787545787545788,0.06544566544566545,0.05543345543345543,0.002442002442002442,322.19,-16.5,102.06,O2
0.05787545787545788,0.06568986568986569,0.0695970695970696,0.06129426129426129,0.002686202686202686,321.81,-16.56,102.06,O2
0.060073260073260075,0.06984126984126984,0.07106227106227106,0.06422466422466422,0.0031746031746031746,322.12,-16.44,102.12,O2
0.060805860805860805,0.07155067155067155,0.0713064713064713,0.06544566544566545,0.0031746031746031746,321.75,-16.5,102.12,O2
0.06105006105006105,0.07228327228327229,0.07106227106227106,0.06568986568986569,0.003418803418803419,321.81,-16.12,102.37,O2
0.05982905982905983,0.07179487179487179,0.06910866910866911,0.06495726495726496,0.003663003663003663,322.12,-14.31,104.0,O2
0.05567765567765568,0.06813186813186813,0.06544566544566545,0.06105006105006105,0.002442002442002442,324.19,-12.63,108.19,O2
0.04981684981684982,0.05958485958485959,0.061782661782661785,0.05128205128205128,0.0017094017094017094,332.31,-7.56,112.37,O2
0.04297924297924298,0.04590964590964591,0.052503052503052504,0.03833943833943834,0.001221001221001221,336.62,-5.44,113.12,O2
0.034432234432234435,0.03223443223443224,0.04151404151404151,0.023687423687423687,0.0002442002442002442,337.12,-5.19,113.0,O2
0.026862026862026864,0.02148962148962149,0.0315018315018315,0.012454212454212455,0.0014652014652014652,337.37,-5.12,112.75,O2
0.02148962148962149,0.01391941391941392,0.023931623931623933,0.00463980463980464,0.002197802197802198,337.31,-5.12,112.62,O2
0.017826617826617826,0.008547008547008548,0.01855921855921856,0.0009768009768009768,0.002686202686202686,337.19,-5.0,112.19,O2
0.01514041514041514,0.00463980463980464,0.014896214896214897,0.00463980463980464,0.0029304029304029304,336.06,-5.31,110.75,O2
0.013431013431013432,0.002197802197802198,0.01221001221001221,0.007326007326007326,0.002197802197802198,334.5,-6.25,108.0,O2
0.012454212454212455,0.002197802197802198,0.012454212454212455,0.007814407814407814,0.0014652014652014652,331.06,-8.19,107.12,O2
0.013431013431013432,0.004884004884004884,0.01611721611721612,0.005860805860805861,0.0009768009768009768,326.62,-12.38,105.0,O2
0.016605616605616606,0.009035409035409036,0.022222222222222223,0.0014652014652014652,0.0007326007326007326,324.5,-14.94,104.12,O2
0.023687423687423687,0.019291819291819293,0.035897435897435895,0.013675213675213675,0.0007326007326007326,323.56,-16.31,103.06,O2
0.03540903540903541,0.038583638583638585,0.04884004884004884,0.03223443223443224,0.0017094017094017094,323.19,-16.31,102.5,O2
0.04371184371184371,0.05201465201465202,0.05787545787545788,0.045177045177045176,0.002197802197802198,322.94,-16.37,102.06,O2
0.04932844932844933,0.06129426129426129,0.06422466422466422,0.054212454212454214,0.002686202686202686,322.75,-16.37,101.94,O2
0.052503052503052504,0.06617826617826618,0.06691086691086691,0.059096459096459095,0.0019536019536019536,322.81,-16.37,102.0,O2
0.05396825396825397,0.06862026862026863,0.06764346764346764,0.06153846153846154,0.0014652014652014652,322.5,-16.19,102.31,O2
0.05396825396825397,0.06935286935286936,0.06691086691086691,0.06251526251526252,0.0009768009768009768,323.0,-14.13,103.0,O2
0.05201465201465202,0.06788766788766788,0.06398046398046398,0.06056166056166056,0.0007326007326007326,323.44,-13.94,105.37,O2
0.04786324786324787,0.061782661782661785,0.06056166056166056,0.05396825396825397,0.0004884004884004884,326.31,-11.31,109.0,O2
0.04249084249084249,0.051770451770451774,0.05518925518925519,0.04395604395604396,0.0004884004884004884,332.31,-7.37,112.0,O2
0.03663003663003663,0.039316239316239315,0.046153846153846156,0.03223443223443224,0.0002442002442002442,335.5,-5.75,113.5,O2
0.029304029304029304,0.026862026862026864,0.03565323565323565,0.019291819291819293,0.0009768009768009768,336.25,-5.44,113.44,O2
0.02271062271062271,0.01733821733821734,0.026373626373626374,0.009035409035409036,0.0017094017094017094,336.5,-5.44,113.56,O2
0.018070818070818073,0.010500610500610501,0.019536019536019536,0.0017094017094017094,0.002442002442002442,336.69,-5.25,113.69,O2
0.014652014652014652,0.005616605616605617,0.014407814407814409,0.003663003663003663,0.002686202686202686,336.75,-5.19,113.69,O2
0.01221001221001221,0.002442002442002442,0.01098901098901099,0.007326007326007326,0.0031746031746031746,336.81,-5.06,113.62,O2
0.010500610500610501,0.0,0.008302808302808303,0.009768009768009768,0.003418803418803419,336.25,-5.06,112.69,O2
0.009523809523809525,0.0017094017094017094,0.006593406593406593,0.011233211233211233,0.003418803418803419,335.31,-5.81,109.19,O2
0.009035409035409036,0.0019536019536019536,0.006837606837606838,0.011477411477411478,0.003663003663003663,332.12,-8.19,106.31,O2
0.010744810744810745,0.002197802197802198,0.01562881562881563,0.005372405372405372,0.002442002442002442,328.81,-11.13,103.81,O2
0.016361416361416362,0.011965811965811967,0.031013431013431014,0.010256410256410256,0.0017094017094017094,325.62,-15.13,102.94,O2
0.02612942612942613,0.028327228327228327,0.04468864468864469,0.02905982905982906,0.001221001221001221,324.06,-16.06,102.69,O2
0.03638583638583639,0.044444444444444446,0.05445665445665446,0.042002442002442006,0.0007326007326007326,324.06,-16.12,102.56,O2
0.043467643467643466,0.055921855921855924,0.06105006105006105,0.05128205128205128,0.0004884004884004884,323.75,-16.19,102.31,O2
0.0485958485958486,0.06373626373626373,0.06544566544566545,0.057631257631257635,0.0002442002442002442,323.62,-16.31,102.06,O2
0.050793650793650794,0.06837606837606838,0.06691086691086691,0.06056166056166056,0.0002442002442002442,323.75,-16.19,102.37,O2
0.05128205128205128,0.07032967032967033,0.06691086691086691,0.061782661782661785,0.0,323.31,-15.94,102.37,O2
0.05054945054945055,0.07081807081807082,0.06568986568986569,0.061782661782661785,0.0,323.62,-14.31,102.75,O2
0.04835164835164835,0.06837606837606838,0.06202686202686203,0.05934065934065934,0.0,325.56,-13.13,105.37,O2
0.0442002442002442,0.060805860805860805,0.05885225885225885,0.05201465201465202,0.0,331.25,-8.19,110.87,O2
0.03882783882783883,0.0485958485958486,0.051770451770451774,0.04004884004884005,0.001221001221001221,336.5,-5.62,112.69,O2
0.0315018315018315,0.03418803418803419,0.04078144078144078,0.025396825396825397,0.0019536019536019536,337.62,-5.12,113.06,O2
0.02442002442002442,0.022466422466422466,0.03028083028083028,0.012698412698412698,0.002442002442002442,337.75,-5.06,113.25,O2
0.01904761904761905,0.014163614163614164,0.02197802197802198,0.003663003663003663,0.0029304029304029304,338.0,-4.94,113.44,O2
0.01514041514041514,0.00805860805860806,0.01562881562881563,0.002686202686202686,0.0031746031746031746,337.94,-4.94,113.5,O2
0.012454212454212455,0.003907203907203907,0.011233211233211233,0.007326007326007326,0.003418803418803419,337.94,-4.81,113.5,O2
0.010500610500610501,0.0009768009768009768,0.008302808302808303,0.010256410256410256,0.003418803418803419,336.81,-5.0,111.81,O2
0.00927960927960928,0.0009768009768009768,0.006105006105006105,0.01221001221001221,0.003663003663003663,333.69,-6.75,107.81,O2
0.008791208791208791,0.0007326007326007326,0.006837606837606838,0.011233211233211233,0.003663003663003663,330.69,-9.5,104.81,O2
0.01221001221001221,0.005372405372405372,0.01684981684981685,0.002442002442002442,0.002686202686202686,325.94,-13.81,103.37,O2
0.02026862026862027,0.018070818070818073,0.032722832722832725,0.014896214896214897,0.0017094017094017094,322.44,-17.31,102.0,O2
0.031013431013431014,0.035897435897435895,0.04566544566544566,0.031746031746031744,0.001221001221001221,321.81,-17.44,101.5,O2
0.03956043956043956,0.0485958485958486,0.05445665445665446,0.043467643467643466,0.0007326007326007326,321.5,-17.69,101.25,O2
0.04566544566544566,0.057387057387057384,0.060805860805860805,0.051526251526251524,0.0004884004884004884,321.12,-17.75,101.12,O2
0.04981684981684982,0.063003663003663,0.06349206349206349,0.055921855921855924,0.0002442002442002442,321.0,-17.69,101.12,O2
0.051770451770451774,0.06617826617826618,0.06471306471306472,0.058363858363858365,0.0002442002442002442,321.06,-17.56,101.44,O2
0.052503052503052504,0.0673992673992674,0.06471306471306472,0.05934065934065934,0.0,320.81,-17.44,101.5,O2
0.051770451770451774,0.06715506715506715,0.06349206349206349,0.059096459096459095,0.0,321.37,-15.56,102.25,O2
0.0485958485958486,0.0652014652014652,0.06056166056166056,0.055921855921855924,0.0,322.19,-14.44,107.12,O2
0.04371184371184371,0.059096459096459095,0.05811965811965812,0.0485958485958486,0.0,326.81,-10.81,110.0,O2
0.0380952380952381,0.04786324786324787,0.051770451770451774,0.0380952380952381,0.0,331.25,-8.06,111.31,O2
0.03223443223443224,0.035164835164835165,0.042735042735042736,0.026862026862026864,0.001221001221001221,335.12,-6.31,112.94,O2
0.02564102564102564,0.023687423687423687,0.032722832722832725,0.01514041514041514,0.0019536019536019536,336.12,-5.87,113.44,O2
0.019536019536019536,0.014407814407814409,0.023687423687423687,0.00463980463980464,0.002686202686202686,336.75,-5.62,113.37,O2
0.014896214896214897,0.007326007326007326,0.016361416361416362,0.002686202686202686,0.0029304029304029304,336.81,-5.56,113.19,O2
0.011721611721611722,0.002686202686202686,0.011233211233211233,0.007814407814407814,0.0031746031746031746,336.94,-5.5,113.25,O2
0.009523809523809525,0.0007326007326007326,0.007326007326007326,0.011477411477411478,0.003418803418803419,336.81,-5.5,113.19,O2
0.00805860805860806,0.0031746031746031746,0.00463980463980464,0.01391941391941392,0.003418803418803419,336.5,-5.56,112.75,O2
0.006837606837606838,0.00463980463980464,0.002686202686202686,0.01562881562881563,0.003663003663003663,335.87,-5.75,111.62,O2
0.006105006105006105,0.005372405372405372,0.0017094017094017094,0.016605616605616606,0.003663003663003663,333.19,-7.31,108.19,O2
0.006593406593406593,0.00463980463980464,0.0031746031746031746,0.01562881562881563,0.003663003663003663,328.87,-11.13,105.62,O2
0.01098901098901099,0.002197802197802198,0.01391941391941392,0.008302808302808303,0.002686202686202686,325.37,-16.19,103.37,O2
0.021245421245421246,0.01611721611721612,0.03028083028083028,0.010012210012210013,0.0019536019536019536,320.81,-19.19,102.75,O2
0.033455433455433455,0.03467643467643468,0.044444444444444446,0.02857142857142857,0.0014652014652014652,321.62,-18.75,102.12,O2
0.04224664224664225,0.047619047619047616,0.05445665445665446,0.04151404151404151,0.0009768009768009768,320.56,-19.12,101.94,O2
0.04810744810744811,0.0568986568986569,0.06153846153846154,0.05054945054945055,0.0007326007326007326,320.44,-19.31,101.69,O2
0.05225885225885226,0.06251526251526252,0.06495726495726496,0.05567765567765568,0.0004884004884004884,320.19,-19.31,101.69,O2
0.054945054945054944,0.06568986568986569,0.06666666666666667,0.05860805860805861,0.0002442002442002442,320.19,-19.31,101.62,O2
0.056654456654456654,0.06715506715506715,0.06715506715506715,0.060073260073260075,0.0002442002442002442,320.19,-19.19,101.87,O2
0.057631257631257635,0.06764346764346764,0.06691086691086691,0.060805860805860805,0.0002442002442002442,320.44,-17.62,102.75,O2
0.055921855921855924,0.06715506715506715,0.06471306471306472,0.05934065934065934,0.0002442002442002442,322.06,-15.31,107.37,O2
0.05054945054945055,0.06202686202686203,0.06202686202686203,0.05274725274725275,0.0002442002442002442,329.19,-10.06,112.25,O2
0.042002442002442006,0.050061050061050064,0.05543345543345543,0.04053724053724054,0.0002442002442002442,334.62,-7.0,113.87,O2
0.032722832722832725,0.035897435897435895,0.0442002442002442,0.02783882783882784,0.001221001221001221,337.37,-5.69,113.94,O2
0.025152625152625153,0.023687423687423687,0.03296703296703297,0.01562881562881563,0.0019536019536019536,337.94,-5.44,113.87,O2
0.01978021978021978,0.014896214896214897,0.02442002442002442,0.006593406593406593,0.002442002442002442,337.94,-5.56,113.87,O2
0.01611721611721612,0.008791208791208791,0.018315018315018316,0.0004884004884004884,0.0029304029304029304,337.87,-5.5,113.62,O2
0.013431013431013432,0.004395604395604396,0.014163614163614164,0.003907203907203907,0.0031746031746031746,337.56,-5.5,113.12,O2
0.011477411477411478,0.0017094017094017094,0.011233211233211233,0.006837606837606838,0.003418803418803419,337.25,-5.87,111.94,O2
0.010500610500610501,0.0004884004884004884,0.009523809523809525,0.008302808302808303,0.003418803418803419,335.87,-6.44,110.0,O2
0.010256410256410256,0.0007326007326007326,0.010012210012210013,0.008547008547008548,0.003663003663003663,332.87,-8.31,106.37,O2
0.012454212454212455,0.0031746031746031746,0.015873015873015872,0.006593406593406593,0.003663003663003663,328.69,-12.69,104.31,O2
0.01562881562881563,0.009768009768009768,0.026617826617826617,0.0031746031746031746,0.002686202686202686,325.06,-15.69,102.75,O2
0.02442002442002442,0.0231990231990232,0.03956043956043956,0.019536019536019536,0.0019536019536019536,324.94,-16.62,102.06,O2
0.036874236874236875,0.040293040293040296,0.05128205128205128,0.03467643467643468,0.001221001221001221,324.81,-16.31,102.0,O2
0.04566544566544566,0.05225885225885226,0.05934065934065934,0.045177045177045176,0.0009768009768009768,324.5,-16.44,101.94,O2
0.05201465201465202,0.060805860805860805,0.0652014652014652,0.052503052503052504,0.0007326007326007326,324.37,-16.5,101.87,O2
0.05518925518925519,0.0652014652014652,0.06788766788766788,0.05616605616605617,0.0004884004884004884,324.37,-16.56,101.81,O2
0.0568986568986569,0.0673992673992674,0.06910866910866911,0.05811965811965812,0.0004884004884004884,324.44,-16.44,101.81,O2
0.057631257631257635,0.06813186813186813,0.06935286935286936,0.05860805860805861,0.0002442002442002442,324.44,-16.37,101.75,O2
0.05787545787545788,0.06813186813186813,0.06862026862026863,0.05860805860805861,0.0002442002442002442,324.31,-16.5,101.69,O2
0.057387057387057384,0.0673992673992674,0.0673992673992674,0.05787545787545788,0.0002442002442002442,323.62,-14.88,102.37,O2
0.0547008547008547,0.06568986568986569,0.06324786324786325,0.05518925518925519,0.0,324.37,-13.56,108.37,O2
0.04981684981684982,0.05958485958485959,0.060073260073260075,0.04810744810744811,0.0,332.31,-8.13,111.87,O2
0.042735042735042736,0.04713064713064713,0.051770451770451774,0.035897435897435895,0.0,335.75,-6.31,114.0,O2
0.03394383394383394,0.032722832722832725,0.04053724053724054,0.02271062271062271,0.001221001221001221,336.62,-5.81,115.0,O2
0.02612942612942613,0.021001221001221003,0.030036630036630037,0.011233211233211233,0.0019536019536019536,337.19,-5.62,114.94,O2
0.020512820512820513,0.012454212454212455,0.02197802197802198,0.0029304029304029304,0.002686202686202686,337.37,-5.56,114.75,O2
0.016605616605616606,0.006593406593406593,0.015873015873015872,0.0031746031746031746,0.0029304029304029304,337.69,-5.37,114.62,O2
0.01391941391941392,0.002442002442002442,0.011477411477411478,0.007326007326007326,0.003418803418803419,337.44,-5.31,114.12,O2
0.011721611721611722,0.0004884004884004884,0.008302808302808303,0.010012210012210013,0.003418803418803419,336.81,-5.37,112.81,O2
0.010500610500610501,0.002442002442002442,0.006105006105006105,0.011721611721611722,0.003663003663003663,335.87,-6.06,109.62,O2
0.010256410256410256,0.0019536019536019536,0.007081807081807082,0.011477411477411478,0.003663003663003663,333.75,-8.25,104.62,O2
0.01562881562881563,0.003418803418803419,0.01611721611721612,0.006105006105006105,0.002686202686202686,330.37,-11.06,102.75,O2
0.025885225885225887,0.016361416361416362,0.0315018315018315,0.008791208791208791,0.0019536019536019536,324.0,-16.25,102.81,O2
0.03565323565323565,0.0336996336996337,0.044444444444444446,0.027106227106227107,0.0002442002442002442,324.62,-15.81,102.56,O2
0.042735042735042736,0.0463980463980464,0.05347985347985348,0.0398046398046398,0.0009768009768009768,324.25,-15.69,102.44,O2
0.047619047619047616,0.05543345543345543,0.05982905982905983,0.04884004884004884,0.0019536019536019536,323.87,-15.69,102.31,O2
0.05054945054945055,0.061782661782661785,0.06373626373626373,0.053235653235653234,0.001221001221001221,324.0,-15.63,102.25,O2
0.05128205128205128,0.06471306471306472,0.0652014652014652,0.05518925518925519,0.0007326007326007326,323.75,-15.56,102.31,O2
0.05128205128205128,0.06593406593406594,0.06568986568986569,0.055921855921855924,0.0004884004884004884,324.0,-15.44,102.44,O2
0.05103785103785104,0.06617826617826618,0.0652014652014652,0.055921855921855924,0.0002442002442002442,323.94,-15.44,102.37,O2
0.050061050061050064,0.06544566544566545,0.06398046398046398,0.05518925518925519,0.0002442002442002442,323.87,-15.5,102.44,O2
0.04908424908424908,0.06495726495726496,0.06251526251526252,0.0547008547008547,0.0,325.31,-12.88,104.25,O2
0.04786324786324787,0.06373626373626373,0.060073260073260075,0.05299145299145299,0.0,329.19,-9.69,111.94,O2
0.043467643467643466,0.05567765567765568,0.057631257631257635,0.04566544566544566,0.0,335.56,-6.37,113.75,O2
0.03492063492063492,0.04078144078144078,0.04786324786324787,0.03296703296703297,0.0,336.75,-5.81,114.44,O2
0.026862026862026864,0.027106227106227107,0.036141636141636145,0.019536019536019536,0.0,337.56,-5.44,114.12,O2
0.020512820512820513,0.01684981684981685,0.026617826617826617,0.009523809523809525,0.0,337.94,-5.31,113.94,O2
0.01611721611721612,0.009768009768009768,0.019536019536019536,0.002442002442002442,0.0,337.87,-5.31,113.81,O2
0.012942612942612943,0.00463980463980464,0.014163614163614164,0.002442002442002442,0.0,337.81,-5.19,113.44,O2
0.010744810744810745,0.001221001221001221,0.010500610500610501,0.006105006105006105,0.001221001221001221,337.37,-5.25,112.81,O2
0.009035409035409036,0.001221001221001221,0.00805860805860806,0.008547008547008548,0.0009768009768009768,336.06,-6.06,108.94,O2
0.008547008547008548,0.0017094017094017094,0.00757020757020757,0.009035409035409036,0.0007326007326007326,333.75,-8.63,103.25,O2
0.011477411477411478,0.002442002442002442,0.016361416361416362,0.005128205128205128,0.0004884004884004884,329.69,-12.0,102.62,O2
0.020024420024420026,0.015384615384615385,0.03199023199023199,0.009768009768009768,0.0004884004884004884,324.94,-16.5,102.37,O2
0.031746031746031744,0.03296703296703297,0.04542124542124542,0.026862026862026864,0.0002442002442002442,324.81,-16.19,102.31,O2
0.04053724053724054,0.04590964590964591,0.054945054945054944,0.03882783882783883,0.0002442002442002442,324.06,-16.5,102.0,O2
0.04664224664224664,0.054945054945054944,0.06153846153846154,0.04737484737484737,0.0002442002442002442,323.81,-16.75,101.75,O2
0.05103785103785104,0.06129426129426129,0.06471306471306472,0.051770451770451774,0.0002442002442002442,323.62,-16.81,101.81,O2
0.05347985347985348,0.06471306471306472,0.06642246642246642,0.054212454212454214,0.0002442002442002442,323.81,-16.56,102.06,O2
0.054945054945054944,0.06642246642246642,0.06666666666666667,0.05518925518925519,0.0002442002442002442,323.87,-16.19,102.5,O2
0.054945054945054944,0.06666666666666667,0.06544566544566545,0.05518925518925519,0.0002442002442002442,325.87,-13.38,104.06,O2
0.05128205128205128,0.06373626373626373,0.06153846153846154,0.051770451770451774,0.0002442002442002442,327.94,-10.81,110.87,O2
0.045177045177045176,0.053235653235653234,0.056654456654456654,0.04126984126984127,0.001221001221001221,334.87,-6.62,113.62,O2
0.03638583638583639,0.038583638583638585,0.04542124542124542,0.027106227106227107,0.0019536019536019536,337.25,-5.56,114.81,O2
0.028083028083028084,0.025396825396825397,0.03394383394383394,0.013186813186813187,0.002442002442002442,337.75,-5.37,114.87,O2
0.021733821733821733,0.01562881562881563,0.02442002442002442,0.002686202686202686,0.0029304029304029304,338.19,-5.25,114.75,O2
0.017094017094017096,0.008547008547008548,0.01733821733821734,0.00463980463980464,0.0031746031746031746,338.25,-5.25,114.75,O2
0.013675213675213675,0.003663003663003663,0.01221001221001221,0.009768009768009768,0.003418803418803419,338.12,-5.25,114.69,O2
0.011477411477411478,0.0002442002442002442,0.008547008547008548,0.013186813186813187,0.003663003663003663,337.75,-5.25,114.19,O2
0.009768009768009768,0.002197802197802198,0.006105006105006105,0.015384615384615385,0.003663003663003663,336.69,-5.56,110.56,O2
0.008791208791208791,0.003418803418803419,0.00463980463980464,0.01611721611721612,0.003907203907203907,334.56,-7.0,106.87,O2
0.009768009768009768,0.0004884004884004884,0.011721611721611722,0.013431013431013432,0.003907203907203907,328.87,-11.75,105.31,O2
0.015384615384615385,0.009035409035409036,0.02783882783882784,0.0007326007326007326,0.002686202686202686,326.44,-14.81,104.12,O2
0.025396825396825397,0.026373626373626374,0.04249084249084249,0.019536019536019536,0.0019536019536019536,324.75,-16.44,103.0,O2
0.03736263736263736,0.044444444444444446,0.05396825396825397,0.03467643467643468,0.001221001221001221,324.25,-16.37,102.75,O2
0.04566544566544566,0.05714285714285714,0.06202686202686203,0.04542124542124542,0.0009768009768009768,324.12,-16.5,102.5,O2
0.051526251526251524,0.06593406593406594,0.06764346764346764,0.05274725274725275,0.0004884004884004884,324.06,-16.5,102.5,O2
0.05567765567765568,0.07106227106227106,0.07032967032967033,0.05714285714285714,0.0004884004884004884,324.06,-16.44,102.56,O2
0.05787545787545788,0.0735042735042735,0.0713064713064713,0.05958485958485959,0.0002442002442002442,324.12,-16.25,102.81,O2
0.05860805860805861,0.07448107448107448,0.0713064713064713,0.06056166056166056,0.0002442002442002442,326.06,-12.69,104.31,O2
0.056654456654456654,0.073992673992674,0.06837606837606838,0.059096459096459095,0.0002442002442002442,329.25,-9.38,109.5,O2
0.051770451770451774,0.06764346764346764,0.063003663003663,0.051770451770451774,0.001221001221001221,333.81,-6.31,113.5,O2
0.04542124542124542,0.05567765567765568,0.0547008547008547,0.03956043956043956,0.0019536019536019536,335.94,-5.12,114.5,O2
0.036874236874236875,0.0398046398046398,0.04322344322344322,0.025396825396825397,0.002442002442002442,337.06,-4.87,115.0,O2
0.028083028083028084,0.026862026862026864,0.03296703296703297,0.013431013431013432,0.0029304029304029304,337.81,-4.75,115.12,O2
0.021733821733821733,0.01684981684981685,0.02442002442002442,0.00463980463980464,0.0031746031746031746,338.44,-4.44,115.0,O2
0.01733821733821734,0.009768009768009768,0.018070818070818073,0.0017094017094017094,0.003418803418803419,338.56,-4.37,114.69,O2
0.014163614163614164,0.004884004884004884,0.013431013431013432,0.006349206349206349,0.003418803418803419,338.5,-4.25,114.37,O2
0.01221001221001221,0.0014652014652014652,0.010012210012210013,0.009523809523809525,0.003663003663003663,337.69,-4.37,112.0,O2
0.01098901098901099,0.0009768009768009768,0.007814407814407814,0.011233211233211233,0.003663003663003663,333.31,-6.81,109.25,O2
0.011233211233211233,0.0009768009768009768,0.00805860805860806,0.011477411477411478,0.003663003663003663,327.12,-12.81,105.31,O2
0.014407814407814409,0.003907203907203907,0.018803418803418803,0.0029304029304029304,0.002686202686202686,325.94,-13.81,104.44,O2
0.021733821733821733,0.014652014652014652,0.03223443223443224,0.013675213675213675,0.0017094017094017094,324.44,-15.19,103.56,O2
0.03199023199023199,0.0336996336996337,0.04566544566544566,0.031013431013431014,0.001221001221001221,323.25,-15.94,102.5,O2
0.04151404151404151,0.04810744810744811,0.05567765567765568,0.04297924297924298,0.0007326007326007326,322.25,-16.56,102.12,O2
0.04835164835164835,0.05811965811965812,0.06251526251526252,0.051526251526251524,0.0004884004884004884,322.0,-16.75,101.75,O2
0.05299145299145299,0.06495726495726496,0.0673992673992674,0.05567765567765568,0.0002442002442002442,321.81,-17.0,101.62,O2
0.055921855921855924,0.06886446886446887,0.0695970695970696,0.057631257631257635,0.0002442002442002442,321.94,-16.81,101.75,O2
0.057631257631257635,0.07057387057387057,0.07057387057387057,0.058363858363858365,0.0,322.19,-16.44,101.87,O2
0.05811965811965812,0.07106227106227106,0.07057387057387057,0.058363858363858365,0.0,322.0,-16.19,102.19,O2
0.05714285714285714,0.07081807081807082,0.06886446886446887,0.057387057387057384,0.0,324.31,-13.94,104.75,O2
0.05347985347985348,0.06862026862026863,0.06544566544566545,0.05445665445665446,0.0,329.37,-9.25,112.19,O2
0.046886446886446886,0.05885225885225885,0.06129426129426129,0.04493284493284493,0.0,335.06,-5.75,113.06,O2
0.03736263736263736,0.04371184371184371,0.05054945054945055,0.03223443223443224,0.0,338.31,-4.25,114.44,O2
0.028815628815628817,0.029548229548229547,0.038583638583638585,0.019536019536019536,0.0,339.69,-3.62,114.12,O2
0.022222222222222223,0.01855921855921856,0.028327228327228327,0.00927960927960928,0.0,339.94,-3.56,114.06,O2
0.017582417582417582,0.010744810744810745,0.020512820512820513,0.0017094017094017094,0.0,339.81,-3.56,113.94,O2
0.014407814407814409,0.005128205128205128,0.014652014652014652,0.003663003663003663,0.001221001221001221,339.81,-3.5,114.06,O2
0.011965811965811967,0.001221001221001221,0.010500610500610501,0.007326007326007326,0.0019536019536019536,339.19,-3.56,114.0,O2
0.010256410256410256,0.001221001221001221,0.00757020757020757,0.010012210012210013,0.002442002442002442,337.87,-4.06,113.31,O2
0.009523809523809525,0.002686202686202686,0.006105006105006105,0.011233211233211233,0.0029304029304029304,336.56,-4.81,110.44,O2
0.009768009768009768,0.0019536019536019536,0.007814407814407814,0.010256410256410256,0.0019536019536019536,331.19,-9.38,106.25,O2
0.016605616605616606,0.007326007326007326,0.023687423687423687,0.001221001221001221,0.0014652014652014652,323.69,-15.44,105.0,O2
0.02857142857142857,0.02564102564102564,0.039316239316239315,0.01562881562881563,0.0002442002442002442,321.0,-17.75,104.56,O2
0.039316239316239315,0.040293040293040296,0.05030525030525031,0.02857142857142857,0.0014652014652014652,320.81,-18.19,103.81,O2
0.046886446886446886,0.05054945054945055,0.05787545787545788,0.037606837606837605,0.002197802197802198,319.44,-18.75,103.5,O2
0.05201465201465202,0.057631257631257635,0.06153846153846154,0.04395604395604396,0.002686202686202686,319.37,-18.75,103.31,O2
0.05445665445665446,0.06105006105006105,0.063003663003663,0.047619047619047616,0.0031746031746031746,319.19,-18.75,103.25,O2
0.05543345543345543,0.06251526251526252,0.06349206349206349,0.04932844932844933,0.003418803418803419,319.12,-18.75,103.31,O2
0.05567765567765568,0.06275946275946276,0.06349206349206349,0.05030525030525031,0.003418803418803419,319.56,-18.37,103.56,O2
0.05543345543345543,0.06251526251526252,0.063003663003663,0.050793650793650794,0.003663003663003663,319.69,-18.06,103.75,O2
0.05518925518925519,0.06227106227106227,0.06202686202686203,0.050793650793650794,0.003663003663003663,320.06,-16.94,104.19,O2
0.05347985347985348,0.061782661782661785,0.06031746031746032,0.04908424908424908,0.002686202686202686,322.69,-13.88,107.75,O2
0.04884004884004884,0.05787545787545788,0.059096459096459095,0.04297924297924298,0.0019536019536019536,325.37,-11.38,112.62,O2
0.04151404151404151,0.04664224664224664,0.05299145299145299,0.03247863247863248,0.001221001221001221,329.62,-8.94,113.44,O2
0.03321123321123321,0.03223443223443224,0.04224664224664225,0.021001221001221003,0.0009768009768009768,331.62,-7.75,112.62,O2
0.025885225885225887,0.020512820512820513,0.03125763125763126,0.009768009768009768,0.0007326007326007326,332.25,-7.44,112.5,O2
0.02026862026862027,0.012454212454212455,0.022222222222222223,0.001221001221001221,0.0004884004884004884,332.69,-7.19,112.5,O2
0.016361416361416362,0.006593406593406593,0.01562881562881563,0.00463980463980464,0.0004884004884004884,332.69,-7.12,112.62,O2
0.013675213675213675,0.002442002442002442,0.01098901098901099,0.008791208791208791,0.0002442002442002442,332.94,-6.87,112.56,O2
0.011721611721611722,0.0004884004884004884,0.007814407814407814,0.011477411477411478,0.0002442002442002442,332.25,-6.87,111.81,O2
0.010256410256410256,0.002442002442002442,0.005372405372405372,0.013431013431013432,0.0,331.06,-7.94,106.69,O2
0.009768009768009768,0.002442002442002442,0.005372405372405372,0.013431013431013432,0.0,326.56,-11.94,105.81,O2
0.011965811965811967,0.0031746031746031746,0.014163614163614164,0.007326007326007326,0.0,325.69,-14.44,104.56,O2
0.021001221001221003,0.01562881562881563,0.031013431013431014,0.008547008547008548,0.001221001221001221,322.31,-17.31,103.62,O2
0.03296703296703297,0.03467643467643468,0.045177045177045176,0.025885225885225887,0.0019536019536019536,321.44,-17.87,103.12,O2
0.04297924297924298,0.04810744810744811,0.05518925518925519,0.0380952380952381,0.002686202686202686,321.37,-18.0,102.75,O2
0.04981684981684982,0.057387057387057384,0.06202686202686203,0.04664224664224664,0.0029304029304029304,320.75,-18.19,102.37,O2
0.0547008547008547,0.06398046398046398,0.06568986568986569,0.05128205128205128,0.0031746031746031746,320.44,-18.37,102.19,O2
0.0568986568986569,0.06691086691086691,0.06715506715506715,0.053235653235653234,0.003418803418803419,320.56,-18.37,102.12,O2
0.057387057387057384,0.06788766788766788,0.0673992673992674,0.05396825396825397,0.003418803418803419,320.37,-18.37,102.0,O2
0.05787545787545788,0.06813186813186813,0.06715506715506715,0.054212454212454214,0.002442002442002442,320.62,-18.37,102.0,O2
0.05787545787545788,0.06788766788766788,0.06691086691086691,0.05396825396825397,0.0017094017094017094,320.69,-18.25,102.19,O2
0.05787545787545788,0.0673992673992674,0.06617826617826618,0.05347985347985348,0.001221001221001221,320.62,-18.12,101.87,O2
0.057387057387057384,0.06715506715506715,0.06495726495726496,0.05299145299145299,0.0009768009768009768,321.12,-15.0,105.0,O2
0.054212454212454214,0.06544566544566545,0.061782661782661785,0.05030525030525031,0.0007326007326007326,321.0,-14.13,110.87,O2
0.0485958485958486,0.05860805860805861,0.05885225885225885,0.04151404151404151,0.0004884004884004884,327.81,-9.56,114.62,O2
0.04078144078144078,0.04590964590964591,0.05054945054945055,0.029792429792429794,0.0004884004884004884,332.12,-7.37,115.62,O2
0.0315018315018315,0.03199023199023199,0.03956043956043956,0.019291819291819293,0.0002442002442002442,332.69,-7.06,116.06,O2
0.02442002442002442,0.02026862026862027,0.029304029304029304,0.008791208791208791,0.0002442002442002442,333.5,-6.81,115.62,O2
0.019291819291819293,0.011721611721611722,0.021245421245421246,0.001221001221001221,0.0002442002442002442,333.62,-6.69,115.44,O2
0.015873015873015872,0.005616605616605617,0.01514041514041514,0.004395604395604396,0.0,333.56,-6.69,115.06,O2
0.013431013431013432,0.001221001221001221,0.01098901098901099,0.00805860805860806,0.0,333.25,-6.62,114.0,O2
0.011721611721611722,0.0014652014652014652,0.00805860805860806,0.010500610500610501,0.0,332.37,-7.19,110.5,O2
0.010500610500610501,0.002686202686202686,0.006837606837606838,0.011233211233211233,0.0,331.31,-9.25,104.0,O2
0.01391941391941392,0.001221001221001221,0.014407814407814409,0.007081807081807082,0.0,326.0,-13.69,103.06,O2
0.024175824175824177,0.013431013431013432,0.03125763125763126,0.009035409035409036,0.001221001221001221,321.0,-17.81,102.25,O2
0.0380952380952381,0.03321123321123321,0.04590964590964591,0.029304029304029304,0.002197802197802198,320.12,-18.0,101.94,O2
0.04908424908424908,0.04884004884004884,0.05616605616605617,0.04371184371184371,0.002686202686202686,320.0,-17.87,101.81,O2
0.056654456654456654,0.05958485958485959,0.06324786324786325,0.05372405372405373,0.0031746031746031746,319.94,-17.81,101.69,O2
0.06202686202686203,0.06715506715506715,0.06813186813186813,0.06105006105006105,0.003418803418803419,319.62,-17.87,101.44,O2
0.06422466422466422,0.07032967032967033,0.07008547008547009,0.06398046398046398,0.003663003663003663,319.56,-17.87,101.44,O2
0.06446886446886448,0.07106227106227106,0.07008547008547009,0.06471306471306472,0.003663003663003663,319.5,-17.81,101.5,O2
0.06373626373626373,0.07081807081807082,0.0695970695970696,0.06422466422466422,0.003907203907203907,319.44,-17.75,101.44,O2
0.06275946275946276,0.07008547008547009,0.06837606837606838,0.06349206349206349,0.003907203907203907,319.69,-16.44,103.19,O2
0.05982905982905983,0.06862026862026863,0.06544566544566545,0.06153846153846154,0.003907203907203907,318.75,-15.75,109.62,O2
0.05347985347985348,0.06105006105006105,0.06251526251526252,0.05299145299145299,0.002686202686202686,323.69,-12.0,113.12,O2
0.04542124542124542,0.0485958485958486,0.054945054945054944,0.04053724053724054,0.0019536019536019536,329.37,-8.75,115.5,O2
0.036141636141636145,0.03492063492063492,0.0442002442002442,0.027594627594627594,0.0014652014652014652,332.0,-7.56,115.06,O2
0.028083028083028084,0.022954822954822957,0.03321123321123321,0.01514041514041514,0.0002442002442002442,332.44,-7.31,115.12,O2
0.022222222222222223,0.01391941391941392,0.02442002442002442,0.005860805860805861,0.001221001221001221,332.87,-7.06,114.75,O2
0.017826617826617826,0.00757020757020757,0.017826617826617826,0.0007326007326007326,0.0009768009768009768,333.19,-6.94,114.62,O2
0.014896214896214897,0.0031746031746031746,0.013186813186813187,0.005372405372405372,0.0007326007326007326,333.12,-6.81,114.44,O2
0.012942612942612943,0.0002442002442002442,0.009768009768009768,0.008547008547008548,0.0004884004884004884,333.06,-6.87,114.06,O2
0.011477411477411478,0.0017094017094017094,0.00757020757020757,0.010500610500610501,0.0004884004884004884,332.62,-6.81,113.0,O2
0.010500610500610501,0.0029304029304029304,0.005860805860805861,0.011965811965811967,0.0014652014652014652,331.69,-7.0,110.81,O2
0.010012210012210013,0.002197802197802198,0.006349206349206349,0.011477411477411478,0.002197802197802198,328.25,-9.31,107.37,O2
0.012942612942612943,0.0019536019536019536,0.01098901098901099,0.009035409035409036,0.002686202686202686,325.81,-12.88,105.0,O2
0.020024420024420026,0.010256410256410256,0.02564102564102564,0.0014652014652014652,0.0017094017094017094,320.25,-17.25,103.12,O2
0.028815628815628817,0.025396825396825397,0.03956043956043956,0.01733821733821734,0.001221001221001221,319.0,-17.69,102.56,O2
0.03540903540903541,0.03907203907203907,0.04932844932844933,0.02857142857142857,0.0007326007326007326,318.5,-18.0,102.06,O2
0.04004884004884005,0.04884004884004884,0.05616605616605617,0.03663003663003663,0.0004884004884004884,318.31,-18.06,101.81,O2
0.04322344322344322,0.05543345543345543,0.05982905982905983,0.042002442002442006,0.0002442002442002442,318.31,-17.94,101.69,O2
0.04468864468864469,0.059096459096459095,0.06153846153846154,0.04542124542124542,0.0002442002442002442,318.25,-17.94,101.87,O2
0.04590964590964591,0.060805860805860805,0.06227106227106227,0.04713064713064713,0.0,318.44,-17.62,102.19,O2
0.0463980463980464,0.06153846153846154,0.06202686202686203,0.04810744810744811,0.0,318.75,-16.87,102.31,O2
0.04590964590964591,0.061782661782661785,0.06056166056166056,0.04786324786324787,0.0,319.87,-15.44,102.81,O2
0.04322344322344322,0.059096459096459095,0.057387057387057384,0.04371184371184371,0.0,320.0,-14.94,109.06,O2
0.03907203907203907,0.05201465201465202,0.054212454212454214,0.035164835164835165,0.0,327.75,-9.56,113.12,O2
0.0336996336996337,0.041025641025641026,0.0463980463980464,0.02442002442002442,0.001221001221001221,333.62,-6.75,113.56,O2
0.02612942612942613,0.028327228327228327,0.035897435897435895,0.013431013431013432,0.0019536019536019536,334.69,-6.0,113.44,O2
0.019291819291819293,0.017582417582417582,0.02612942612942613,0.003418803418803419,0.002442002442002442,334.44,-6.12,113.69,O2
0.014163614163614164,0.010256410256410256,0.01855921855921856,0.003907203907203907,0.0029304029304029304,334.81,-5.94,113.69,O2
0.010500610500610501,0.004884004884004884,0.013186813186813187,0.009035409035409036,0.0031746031746031746,334.81,-5.87,113.56,O2
0.007814407814407814,0.0009768009768009768,0.009035409035409036,0.012698412698412698,0.003418803418803419,334.56,-5.94,113.12,O2
0.006105006105006105,0.0014652014652014652,0.006349206349206349,0.01514041514041514,0.003418803418803419,333.94,-6.25,112.12,O2
0.004884004884004884,0.003418803418803419,0.004395604395604396,0.017094017094017096,0.003663003663003663,333.31,-6.69,110.06,O2
0.004395604395604396,0.003907203907203907,0.003907203907203907,0.017582417582417582,0.003663003663003663,333.25,-6.69,109.5,O2
0.00463980463980464,0.0031746031746031746,0.004395604395604396,0.017582417582417582,0.003663003663003663,333.06,-6.81,109.06,O2
0.005372405372405372,0.002686202686202686,0.004884004884004884,0.01733821733821734,0.003663003663003663,332.19,-7.87,103.5,O2
0.005616605616605617,0.0017094017094017094,0.007326007326007326,0.015873015873015872,0.003663003663003663,326.37,-12.44,100.94,O2
0.008791208791208791,0.005616605616605617,0.021733821733821733,0.0019536019536019536,0.002686202686202686,324.94,-14.19,100.75,O2
0.01684981684981685,0.021245421245421246,0.03663003663003663,0.017094017094017096,0.0017094017094017094,322.75,-15.31,100.56,O2
0.02612942612942613,0.03711843711843712,0.04713064713064713,0.030525030525030524,0.001221001221001221,322.25,-15.56,99.94,O2
0.03247863247863248,0.04810744810744811,0.05445665445665446,0.04004884004884005,0.0007326007326007326,321.75,-15.88,99.44,O2
0.03711843711843712,0.055921855921855924,0.05885225885225885,0.0463980463980464,0.0004884004884004884,321.37,-16.06,99.06,O2
0.039316239316239315,0.06031746031746032,0.06105006105006105,0.04932844932844933,0.0002442002442002442,321.12,-16.25,98.94,O2
0.040293040293040296,0.06202686202686203,0.061782661782661785,0.05030525030525031,0.0002442002442002442,321.12,-16.31,98.94,O2
0.04053724053724054,0.06251526251526252,0.061782661782661785,0.05030525030525031,0.0002442002442002442,321.06,-16.25,99.31,O2
0.04053724053724054,0.06227106227106227,0.06153846153846154,0.04981684981684982,0.0,321.31,-16.25,100.12,O2
0.04004884004884005,0.061782661782661785,0.06031746031746032,0.04932844932844933,0.001221001221001221,321.31,-15.88,101.62,O2
0.03833943833943834,0.060805860805860805,0.057631257631257635,0.04810744810744811,0.0019536019536019536,319.56,-16.0,109.19,O2
0.034432234432234435,0.05445665445665446,0.05567765567765568,0.04078144078144078,0.002442002442002442,328.81,-9.75,113.5,O2
0.028815628815628817,0.042735042735042736,0.047619047619047616,0.02905982905982906,0.0029304029304029304,334.44,-6.94,114.44,O2
0.021245421245421246,0.028815628815628817,0.036141636141636145,0.016361416361416362,0.0031746031746031746,334.69,-6.87,115.31,O2
0.015873015873015872,0.01733821733821734,0.025885225885225887,0.005372405372405372,0.002197802197802198,334.94,-6.81,115.31,O2
0.011721611721611722,0.009035409035409036,0.018070818070818073,0.002442002442002442,0.0017094017094017094,335.25,-6.69,115.0,O2
0.008791208791208791,0.0031746031746031746,0.012454212454212455,0.00805860805860806,0.001221001221001221,335.44,-6.5,114.56,O2
0.006837606837606838,0.0009768009768009768,0.00805860805860806,0.011965811965811967,0.0007326007326007326,335.5,-6.5,114.25,O2
0.005372405372405372,0.003907203907203907,0.005128205128205128,0.014652014652014652,0.0007326007326007326,335.31,-6.44,113.81,O2
0.004395604395604396,0.005860805860805861,0.0029304029304029304,0.016361416361416362,0.0004884004884004884,335.44,-6.31,113.56,O2
0.003663003663003663,0.006837606837606838,0.0014652014652014652,0.017582417582417582,0.0004884004884004884,335.37,-6.25,113.44,O2
0.0029304029304029304,0.007081807081807082,0.0007326007326007326,0.018315018315018316,0.0002442002442002442,335.31,-6.25,113.37,O2
0.002197802197802198,0.007326007326007326,0.0,0.018803418803418803,0.0002442002442002442,334.5,-6.5,112.31,O2
0.0019536019536019536,0.007326007326007326,0.0002442002442002442,0.01904761904761905,0.0002442002442002442,331.19,-8.75,104.69,O2
0.0019536019536019536,0.005616605616605617,0.003418803418803419,0.01684981684981685,0.0,328.94,-11.25,104.25,O2
0.009768009768009768,0.006105006105006105,0.021733821733821733,0.0002442002442002442,0.0009768009768009768,325.81,-14.44,103.31,O2
0.025396825396825397,0.026862026862026864,0.04004884004884005,0.021245421245421246,0.0019536019536019536,322.75,-16.12,102.5,O2
0.036141636141636145,0.043467643467643466,0.05274725274725275,0.036141636141636145,0.002442002442002442,321.19,-17.0,101.87,O2
0.04371184371184371,0.05518925518925519,0.061782661782661785,0.04664224664224664,0.0029304029304029304,320.44,-17.31,101.62,O2
0.047619047619047616,0.06324786324786325,0.06666666666666667,0.051770451770451774,0.0019536019536019536,320.37,-17.31,101.5,O2
0.04981684981684982,0.06764346764346764,0.06862026862026863,0.05445665445665446,0.0014652014652014652,320.56,-17.12,101.37,O2
0.05103785103785104,0.0695970695970696,0.06910866910866911,0.05567765567765568,0.0009768009768009768,320.62,-16.62,101.87,O2
0.051526251526251524,0.07057387057387057,0.06910866910866911,0.055921855921855924,0.0007326007326007326,321.5,-15.63,102.06,O2
0.050793650793650794,0.07032967032967033,0.06691086691086691,0.0547008547008547,0.0004884004884004884,321.81,-15.25,104.19,O2
0.04810744810744811,0.0652014652014652,0.06373626373626373,0.04957264957264957,0.0004884004884004884,324.44,-13.44,107.69,O2
0.04371184371184371,0.055921855921855924,0.05934065934065934,0.04004884004884005,0.0002442002442002442,329.37,-9.0,112.75,O2
0.0380952380952381,0.043467643467643466,0.05054945054945055,0.02857142857142857,0.0009768009768009768,334.44,-6.44,113.56,O2
0.029304029304029304,0.030036630036630037,0.038583638583638585,0.01611721611721612,0.0019536019536019536,334.94,-6.31,114.12,O2
0.021733821733821733,0.019291819291819293,0.028327228327228327,0.005860805860805861,0.002442002442002442,335.12,-6.31,114.37,O2
0.016361416361416362,0.011477411477411478,0.020512820512820513,0.0014652014652014652,0.0029304029304029304,335.19,-6.25,114.31,O2
0.012454212454212455,0.006105006105006105,0.014652014652014652,0.006593406593406593,0.0031746031746031746,335.31,-6.19,114.19,O2
0.009768009768009768,0.002197802197802198,0.010256410256410256,0.010256410256410256,0.003418803418803419,335.25,-6.19,114.06,O2
0.007814407814407814,0.0004884004884004884,0.007326007326007326,0.012942612942612943,0.003418803418803419,335.0,-6.25,113.69,O2
0.006593406593406593,0.002442002442002442,0.005372405372405372,0.014652014652014652,0.003663003663003663,334.62,-6.44,112.25,O2
0.005860805860805861,0.003418803418803419,0.004151404151404151,0.015384615384615385,0.002442002442002442,333.94,-6.87,109.12,O2
0.007081807081807082,0.0019536019536019536,0.005860805860805861,0.014652014652014652,0.0017094017094017094,331.81,-8.63,104.94,O2
0.01098901098901099,0.004151404151404151,0.017582417582417582,0.006349206349206349,0.001221001221001221,326.19,-12.63,105.0,O2
0.01855921855921856,0.01733821733821734,0.03296703296703297,0.010012210012210013,0.0009768009768009768,322.75,-16.31,104.12,O2
0.028083028083028084,0.03394383394383394,0.04566544566544566,0.02735042735042735,0.0004884004884004884,320.56,-17.69,102.75,O2
0.03565323565323565,0.04664224664224664,0.05445665445665446,0.03956043956043956,0.0004884004884004884,320.31,-17.81,102.31,O2
0.041025641025641026,0.05543345543345543,0.060805860805860805,0.04786324786324787,0.0002442002442002442,320.0,-18.06,102.06,O2
0.04468864468864469,0.061782661782661785,0.06446886446886448,0.051770451770451774,0.0002442002442002442,319.81,-18.12,101.94,O2
0.0463980463980464,0.06495726495726496,0.06617826617826618,0.053235653235653234,0.0002442002442002442,319.81,-18.19,102.0,O2
0.04713064713064713,0.06617826617826618,0.06666666666666667,0.05372405372405373,0.0002442002442002442,319.0,-18.0,102.25,O2
0.04713064713064713,0.06617826617826618,0.06617826617826618,0.05372405372405373,0.0002442002442002442,317.12,-18.06,103.19,O2
0.04566544566544566,0.06495726495726496,0.06373626373626373,0.05274725274725275,0.0002442002442002442,317.5,-18.25,107.12,O2
0.04126984126984127,0.058363858363858365,0.06105006105006105,0.046153846153846156,0.0002442002442002442,320.75,-15.94,113.0,O2
0.03540903540903541,0.04664224664224664,0.05396825396825397,0.03492063492063492,0.0002442002442002442,329.56,-10.69,112.44,O2
0.028327228327228327,0.03247863247863248,0.04322344322344322,0.022954822954822957,0.0002442002442002442,329.94,-10.75,111.81,O2
0.021001221001221003,0.02148962148962149,0.033455433455433455,0.012698412698412698,0.0002442002442002442,330.06,-10.81,111.0,O2
0.01611721611721612,0.013675213675213675,0.026373626373626374,0.005372405372405372,0.0002442002442002442,329.87,-11.0,109.81,O2
0.012698412698412698,0.008302808302808303,0.021245421245421246,0.0,0.0002442002442002442,329.94,-11.0,108.94,O2
0.010500610500610501,0.004395604395604396,0.017582417582417582,0.003663003663003663,0.0002442002442002442,329.81,-11.31,108.06,O2
0.009035409035409036,0.0019536019536019536,0.01514041514041514,0.006349206349206349,0.0002442002442002442,331.06,-10.69,108.62,O2
0.00805860805860806,0.0,0.013431013431013432,0.00805860805860806,0.0,331.62,-10.31,110.37,O2
0.00757020757020757,0.001221001221001221,0.011721611721611722,0.009523809523809525,0.0,331.06,-10.81,108.87,O2
0.006349206349206349,0.0019536019536019536,0.010012210012210013,0.01098901098901099,0.0,330.69,-11.0,106.44,O2
0.005616605616605617,0.002686202686202686,0.008547008547008548,0.01221001221001221,0.0,331.0,-11.63,104.12,O2
0.005128205128205128,0.0031746031746031746,0.00757020757020757,0.012942612942612943,0.0,332.5,-11.88,101.0,O2
0.006105006105006105,0.002442002442002442,0.008302808302808303,0.012698412698412698,0.0,336.37,-10.69,93.62,O2
0.013675213675213675,0.004884004884004884,0.018315018315018316,0.003907203907203907,0.001221001221001221,339.75,-10.06,88.37,O2
0.024664224664224663,0.021001221001221003,0.03321123321123321,0.012454212454212455,0.0019536019536019536,341.06,-10.06,85.5,O2
0.03223443223443224,0.03785103785103785,0.04468864468864469,0.031013431013431014,0.002442002442002442,341.62,-10.19,84.69,O2
0.037606837606837605,0.04957264957264957,0.05274725274725275,0.04395604395604396,0.0029304029304029304,341.81,-10.19,84.0,O2
0.04126984126984127,0.057631257631257635,0.058363858363858365,0.05299145299145299,0.0031746031746031746,342.37,-10.13,83.62,O2
0.04249084249084249,0.061782661782661785,0.060805860805860805,0.057387057387057384,0.003418803418803419,342.69,-10.31,83.56,O2
0.04249084249084249,0.06373626373626373,0.06153846153846154,0.05934065934065934,0.002442002442002442,342.44,-10.5,84.0,O2
0.041758241758241756,0.06422466422466422,0.06105006105006105,0.05982905982905983,0.0017094017094017094,341.94,-10.81,84.06,O2
0.04053724053724054,0.06373626373626373,0.05885225885225885,0.05885225885225885,0.001221001221001221,340.81,-11.81,85.12,O2
0.03833943833943834,0.060073260073260075,0.05641025641025641,0.054945054945054944,0.0009768009768009768,337.75,-13.0,88.75,O2
0.0336996336996337,0.04957264957264957,0.05372405372405373,0.04493284493284493,0.0007326007326007326,337.75,-13.25,88.06,O2
0.026617826617826617,0.03492063492063492,0.045177045177045176,0.03076923076923077,0.0004884004884004884,337.56,-13.56,87.81,O2
0.019291819291819293,0.02271062271062271,0.035164835164835165,0.017094017094017096,0.0002442002442002442,337.25,-13.63,87.75,O2
0.013675213675213675,0.013675213675213675,0.027106227106227107,0.006593406593406593,0.0002442002442002442,337.56,-13.75,87.44,O2
0.009768009768009768,0.007326007326007326,0.020512820512820513,0.0007326007326007326,0.0,337.44,-13.75,87.31,O2
0.006837606837606838,0.0029304029304029304,0.01611721611721612,0.005860805860805861,0.0009768009768009768,337.5,-13.94,87.12,O2
0.004884004884004884,0.0002442002442002442,0.012698412698412698,0.009523809523809525,0.0019536019536019536,337.31,-14.0,87.0,O2
0.003418803418803419,0.002442002442002442,0.010500610500610501,0.011721611721611722,0.002442002442002442,336.87,-13.94,86.5,O2
0.0031746031746031746,0.0029304029304029304,0.009523809523809525,0.012454212454212455,0.0029304029304029304,336.69,-14.0,86.0,O2
0.003907203907203907,0.0017094017094017094,0.010744810744810745,0.01221001221001221,0.0031746031746031746,337.19,-13.75,85.37,O2
0.006105006105006105,0.0031746031746031746,0.01855921855921856,0.009035409035409036,0.003418803418803419,339.12,-13.0,84.62,O2
0.011233211233211233,0.01221001221001221,0.03394383394383394,0.003907203907203907,0.002442002442002442,341.19,-12.25,83.81,O2
0.019536019536019536,0.028815628815628817,0.04786324786324787,0.020512820512820513,0.0017094017094017094,343.31,-11.81,83.37,O2
0.028815628815628817,0.04493284493284493,0.057387057387057384,0.035897435897435895,0.0009768009768009768,343.62,-12.06,83.37,O2
0.035164835164835165,0.055921855921855924,0.06422466422466422,0.04664224664224664,0.0007326007326007326,343.75,-12.19,82.94,O2
0.03956043956043956,0.06398046398046398,0.06837606837606838,0.054212454212454214,0.0004884004884004884,343.94,-12.25,82.69,O2
0.042002442002442006,0.0673992673992674,0.06984126984126984,0.0568986568986569,0.0002442002442002442,344.44,-12.31,82.5,O2
0.042735042735042736,0.06837606837606838,0.06984126984126984,0.057631257631257635,0.0002442002442002442,344.69,-12.31,82.5,O2
0.042735042735042736,0.06837606837606838,0.06935286935286936,0.057387057387057384,0.0002442002442002442,344.69,-12.44,82.75,O2
0.04224664224664225,0.06788766788766788,0.06813186813186813,0.056654456654456654,0.0,342.0,-13.75,83.69,O2
0.04126984126984127,0.06593406593406594,0.06495726495726496,0.05518925518925519,0.001221001221001221,338.94,-14.81,85.87,O2
0.03736263736263736,0.055921855921855924,0.06275946275946276,0.04590964590964591,0.0009768009768009768,339.62,-14.56,86.06,O2
0.029792429792429794,0.040293040293040296,0.05274725274725275,0.03321123321123321,0.0007326007326007326,339.12,-14.5,86.06,O2
0.021733821733821733,0.026617826617826617,0.04078144078144078,0.019291819291819293,0.0017094017094017094,339.06,-14.5,85.87,O2
0.01562881562881563,0.01684981684981685,0.031013431013431014,0.008547008547008548,0.002197802197802198,339.06,-14.44,85.75,O2
0.011233211233211233,0.009768009768009768,0.023687423687423687,0.0009768009768009768,0.002686202686202686,339.25,-14.5,85.62,O2
0.008302808302808303,0.004884004884004884,0.018315018315018316,0.004151404151404151,0.0029304029304029304,339.25,-14.31,85.5,O2
0.006349206349206349,0.0014652014652014652,0.014407814407814409,0.007814407814407814,0.002197802197802198,339.0,-14.31,85.37,O2
0.005128205128205128,0.0009768009768009768,0.011721611721611722,0.010012210012210013,0.0014652014652014652,338.87,-14.44,85.19,O2
0.004395604395604396,0.002197802197802198,0.010012210012210013,0.01098901098901099,0.001221001221001221,338.31,-14.5,84.62,O2
0.004151404151404151,0.0014652014652014652,0.01098901098901099,0.010256410256410256,0.0007326007326007326,338.31,-14.75,84.75,O2
0.006105006105006105,0.004151404151404151,0.02148962148962149,0.005372405372405372,0.0007326007326007326,340.37,-14.25,84.62,O2
0.012942612942612943,0.014652014652014652,0.03833943833943834,0.009035409035409036,0.0004884004884004884,342.06,-14.06,84.44,O2
0.024175824175824177,0.031746031746031744,0.05054945054945055,0.026617826617826617,0.0002442002442002442,341.81,-14.0,84.56,O2
0.031746031746031744,0.04468864468864469,0.059096459096459095,0.03907203907203907,0.0002442002442002442,341.44,-14.06,84.56,O2
0.03736263736263736,0.05372405372405373,0.06495726495726496,0.047619047619047616,0.0002442002442002442,341.62,-14.0,84.37,O2
0.03956043956043956,0.060073260073260075,0.0673992673992674,0.05103785103785104,0.0002442002442002442,341.94,-14.06,84.19,O2
0.03956043956043956,0.06324786324786325,0.06764346764346764,0.05201465201465202,0.0002442002442002442,342.0,-14.0,84.12,O2
0.03907203907203907,0.06422466422466422,0.0673992673992674,0.05201465201465202,0.0002442002442002442,342.19,-14.0,83.94,O2
0.03833943833943834,0.06422466422466422,0.06715506715506715,0.051770451770451774,0.0002442002442002442,342.12,-14.06,83.94,O2
0.03785103785103785,0.06398046398046398,0.06617826617826618,0.05103785103785104,0.0002442002442002442,340.81,-14.75,83.81,O2
0.036874236874236875,0.06349206349206349,0.06422466422466422,0.04957264957264957,0.0002442002442002442,338.19,-15.75,84.31,O2
0.03467643467643468,0.0568986568986569,0.06227106227106227,0.04297924297924298,0.0002442002442002442,338.12,-15.63,85.19,O2
0.028327228327228327,0.04249084249084249,0.05274725274725275,0.03076923076923077,0.0002442002442002442,338.44,-15.44,85.12,O2
0.020512820512820513,0.028083028083028084,0.04078144078144078,0.015873015873015872,0.0,338.0,-15.25,85.37,O2
0.014652014652014652,0.017094017094017096,0.030525030525030524,0.004151404151404151,0.0,338.06,-15.25,85.25,O2
0.010500610500610501,0.009523809523809525,0.022954822954822957,0.003907203907203907,0.0,337.87,-15.38,85.19,O2
0.00757020757020757,0.004151404151404151,0.01733821733821734,0.009523809523809525,0.0,337.81,-15.31,85.06,O2
0.005616605616605617,0.0002442002442002442,0.013186813186813187,0.013431013431013432,0.0,337.62,-15.31,84.81,O2
0.004151404151404151,0.002197802197802198,0.010500610500610501,0.015384615384615385,0.0,337.31,-15.38,84.06,O2
0.003418803418803419,0.002686202686202686,0.009768009768009768,0.01514041514041514,0.0,338.12,-15.63,83.81,O2
0.005372405372405372,0.0002442002442002442,0.011477411477411478,0.013675213675213675,0.0,339.0,-15.0,83.62,O2
0.007814407814407814,0.003663003663003663,0.020512820512820513,0.007326007326007326,0.0,340.62,-14.56,83.62,O2
0.013186813186813187,0.012454212454212455,0.036141636141636145,0.007081807081807082,0.0,341.44,-14.5,84.0,O2
0.022222222222222223,0.02783882783882784,0.04908424908424908,0.022954822954822957,0.001221001221001221,341.25,-14.63,84.44,O2
0.0315018315018315,0.04297924297924298,0.05934065934065934,0.037606837606837605,0.0019536019536019536,341.37,-14.63,84.31,O2
0.0398046398046398,0.05347985347985348,0.06642246642246642,0.047619047619047616,0.0014652014652014652,341.75,-14.44,84.19,O2
0.04542124542124542,0.060805860805860805,0.07155067155067155,0.0547008547008547,0.0009768009768009768,342.06,-14.31,84.0,O2
0.04957264957264957,0.0652014652014652,0.07423687423687424,0.058363858363858365,0.0007326007326007326,342.12,-14.25,83.94,O2
0.051770451770451774,0.06715506715506715,0.07545787545787545,0.06031746031746032,0.0004884004884004884,342.31,-14.31,83.87,O2
0.05299145299145299,0.06764346764346764,0.0757020757020757,0.06129426129426129,0.0004884004884004884,342.12,-14.56,84.12,O2
0.053235653235653234,0.06813186813186813,0.07496947496947497,0.06129426129426129,0.0002442002442002442,340.19,-15.5,84.25,O2
0.051526251526251524,0.0673992673992674,0.07228327228327229,0.05958485958485959,0.0002442002442002442,338.06,-16.75,84.12,O2
0.046153846153846156,0.06105006105006105,0.07032967032967033,0.051526251526251524,0.0002442002442002442,338.12,-16.87,84.69,O2
0.03736263736263736,0.04590964590964591,0.061782661782661785,0.03785103785103785,0.0002442002442002442,338.44,-16.56,84.75,O2
0.027594627594627594,0.031013431013431014,0.04810744810744811,0.02197802197802198,0.0002442002442002442,338.06,-16.5,84.81,O2
0.020512820512820513,0.01978021978021978,0.036874236874236875,0.009768009768009768,0.0,338.12,-16.5,84.81,O2
0.015384615384615385,0.011721611721611722,0.028327228327228327,0.001221001221001221,0.0,337.87,-16.56,84.87,O2
0.011965811965811967,0.006105006105006105,0.02197802197802198,0.00463980463980464,0.0,337.81,-16.5,84.81,O2
0.00927960927960928,0.0019536019536019536,0.01733821733821734,0.008791208791208791,0.0,337.62,-16.62,84.69,O2
0.007814407814407814,0.0007326007326007326,0.014163614163614164,0.011233211233211233,0.0,337.44,-16.69,84.56,O2
0.006837606837606838,0.002442002442002442,0.011965811965811967,0.012698412698412698,0.0,337.0,-16.69,84.12,O2
0.006593406593406593,0.002686202686202686,0.011233211233211233,0.013186813186813187,0.0,337.56,-16.5,84.25,O2
0.010012210012210013,0.0009768009768009768,0.018803418803418803,0.011233211233211233,0.0,339.56,-16.0,84.25,O2
0.017582417582417582,0.011965811965811967,0.03711843711843712,0.004395604395604396,0.0,341.56,-15.5,84.12,O2
0.027106227106227107,0.02905982905982906,0.050061050061050064,0.023443223443223443,0.0,341.81,-15.5,84.12,O2
0.0336996336996337,0.04126984126984127,0.05885225885225885,0.036874236874236875,0.0,341.81,-15.5,83.75,O2
0.038583638583638585,0.04981684981684982,0.06446886446886448,0.0463980463980464,0.0,341.56,-15.63,83.69,O2
0.041025641025641026,0.05396825396825397,0.06666666666666667,0.05054945054945055,0.0,341.75,-15.69,83.56,O2
0.04151404151404151,0.055921855921855924,0.06788766788766788,0.05201465201465202,0.0,341.62,-15.63,83.5,O2
0.041025641025641026,0.05641025641025641,0.06813186813186813,0.051770451770451774,0.0,341.75,-15.63,83.56,O2
0.040293040293040296,0.055921855921855924,0.06813186813186813,0.05128205128205128,0.0,341.69,-15.75,83.75,O2
0.03956043956043956,0.05518925518925519,0.06715506715506715,0.05054945054945055,0.0,339.25,-16.87,83.5,O2
0.0380952380952381,0.05396825396825397,0.06471306471306472,0.04835164835164835,0.0,337.0,-17.81,83.12,O2
0.033455433455433455,0.04542124542124542,0.06251526251526252,0.039316239316239315,0.0,337.62,-17.75,83.81,O2
0.026373626373626374,0.0315018315018315,0.05225885225885226,0.026862026862026864,0.0,336.69,-17.87,83.87,O2
0.01855921855921856,0.019536019536019536,0.0398046398046398,0.012454212454212455,0.0,336.25,-17.94,83.69,O2
0.013186813186813187,0.01098901098901099,0.030036630036630037,0.002197802197802198,0.001221001221001221,335.94,-18.06,83.5,O2
0.00927960927960928,0.004884004884004884,0.02271062271062271,0.004884004884004884,0.0019536019536019536,335.44,-18.25,83.37,O2
0.006593406593406593,0.0007326007326007326,0.017582417582417582,0.009523809523809525,0.002686202686202686,334.5,-18.5,83.37,O2
0.004884004884004884,0.002197802197802198,0.014163614163614164,0.01221001221001221,0.0029304029304029304,334.19,-18.75,83.0,O2
0.003907203907203907,0.003418803418803419,0.011965811965811967,0.012942612942612943,0.003418803418803419,334.44,-19.0,82.19,O2
0.004151404151404151,0.003418803418803419,0.011721611721611722,0.013186813186813187,0.003418803418803419,335.06,-18.81,82.06,O2
0.005128205128205128,0.0019536019536019536,0.014652014652014652,0.011721611721611722,0.003663003663003663,336.87,-18.19,81.69,O2
0.008791208791208791,0.004395604395604396,0.02857142857142857,0.001221001221001221,0.002442002442002442,338.44,-17.56,82.06,O2
0.017094017094017096,0.020512820512820513,0.045177045177045176,0.016605616605616606,0.0017094017094017094,338.5,-17.69,82.44,O2
0.02564102564102564,0.03663003663003663,0.0568986568986569,0.03076923076923077,0.001221001221001221,338.37,-17.75,82.25,O2
0.0315018315018315,0.04786324786324787,0.06495726495726496,0.04053724053724054,0.0007326007326007326,338.31,-17.69,82.12,O2
0.03565323565323565,0.05567765567765568,0.06862026862026863,0.047619047619047616,0.0007326007326007326,338.44,-17.69,82.0,O2
0.03711843711843712,0.05982905982905983,0.07008547008547009,0.05054945054945055,0.0004884004884004884,338.19,-17.62,81.94,O2
0.03736263736263736,0.061782661782661785,0.07032967032967033,0.05201465201465202,0.0004884004884004884,338.37,-17.62,81.94,O2
0.036874236874236875,0.06251526251526252,0.06984126984126984,0.05225885225885226,0.0002442002442002442,338.44,-17.62,81.94,O2
0.03663003663003663,0.06251526251526252,0.06910866910866911,0.05201465201465202,0.0,338.62,-17.62,82.0,O2
0.035897435897435895,0.06202686202686203,0.06813186813186813,0.051770451770451774,0.0,337.69,-18.0,82.06,O2
0.03540903540903541,0.06129426129426129,0.06642246642246642,0.05103785103785104,0.0,335.25,-19.12,81.81,O2
0.0336996336996337,0.058363858363858365,0.06446886446886448,0.046886446886446886,0.0,333.37,-19.75,82.81,O2
0.029304029304029304,0.04737484737484737,0.06105006105006105,0.03663003663003663,0.001221001221001221,334.25,-19.62,82.87,O2
0.022222222222222223,0.03247863247863248,0.04908424908424908,0.022466422466422466,0.0019536019536019536,333.75,-19.44,82.94,O2
0.01562881562881563,0.020512820512820513,0.03736263736263736,0.010012210012210013,0.002442002442002442,333.94,-19.44,82.75,O2
0.010744810744810745,0.01221001221001221,0.028327228327228327,0.001221001221001221,0.0029304029304029304,333.94,-19.37,82.62,O2
0.007081807081807082,0.006349206349206349,0.021733821733821733,0.005128205128205128,0.0031746031746031746,334.31,-19.44,82.44,O2
0.004884004884004884,0.002197802197802198,0.017094017094017096,0.00927960927960928,0.003418803418803419,334.19,-19.44,82.25,O2
0.003418803418803419,0.0004884004884004884,0.013675213675213675,0.01221001221001221,0.003663003663003663,334.37,-19.37,81.69,O2
0.002442002442002442,0.0019536019536019536,0.011477411477411478,0.013675213675213675,0.003663003663003663,334.44,-19.56,81.06,O2
0.0017094017094017094,0.002442002442002442,0.01098901098901099,0.014163614163614164,0.002686202686202686,334.81,-19.19,81.87,O2
0.002442002442002442,0.0014652014652014652,0.01904761904761905,0.009035409035409036,0.0019536019536019536,337.0,-18.19,82.06,O2
0.00757020757020757,0.011477411477411478,0.036874236874236875,0.00805860805860806,0.0014652014652014652,338.75,-17.31,81.94,O2
0.01684981684981685,0.028815628815628817,0.05054945054945055,0.026617826617826617,0.0009768009768009768,338.81,-17.19,82.25,O2
0.023443223443223443,0.042002442002442006,0.060073260073260075,0.03956043956043956,0.0007326007326007326,338.69,-17.19,82.31,O2
0.028083028083028084,0.05128205128205128,0.06666666666666667,0.0485958485958486,0.0004884004884004884,338.62,-17.12,82.25,O2
0.03125763125763126,0.057631257631257635,0.0695970695970696,0.05274725274725275,0.0002442002442002442,338.75,-17.12,82.19,O2
0.03199023199023199,0.060805860805860805,0.07008547008547009,0.054212454212454214,0.001221001221001221,338.81,-17.19,82.12,O2
0.03199023199023199,0.06202686202686203,0.06935286935286936,0.0547008547008547,0.0019536019536019536,338.81,-17.19,82.06,O2
0.0315018315018315,0.06227106227106227,0.06813186813186813,0.05445665445665446,0.002686202686202686,338.87,-17.0,81.69,O2
0.03076923076923077,0.06227106227106227,0.06642246642246642,0.05396825396825397,0.0029304029304029304,338.44,-17.06,81.5,O2
0.030036630036630037,0.06153846153846154,0.06422466422466422,0.053235653235653234,0.0031746031746031746,336.94,-17.75,81.81,O2
0.02857142857142857,0.05811965811965812,0.06227106227106227,0.04981684981684982,0.003418803418803419,333.37,-19.19,82.69,O2
0.02490842490842491,0.04884004884004884,0.059096459096459095,0.04078144078144078,0.003663003663003663,333.0,-19.06,83.31,O2
0.019291819291819293,0.035164835164835165,0.04932844932844933,0.028327228327228327,0.003663003663003663,332.44,-18.69,83.56,O2
0.013431013431013432,0.022954822954822957,0.03833943833943834,0.01562881562881563,0.003907203907203907,331.75,-18.31,84.37,O2
0.008791208791208791,0.014163614163614164,0.02905982905982906,0.005860805860805861,0.003907203907203907,331.69,-18.31,84.62,O2
0.005616605616605617,0.007814407814407814,0.022466422466422466,0.0009768009768009768,0.003907203907203907,331.81,-18.25,84.69,O2
0.0031746031746031746,0.003418803418803419,0.01733821733821734,0.005860805860805861,0.003907203907203907,331.69,-18.19,84.81,O2
0.0017094017094017094,0.0,0.013431013431013432,0.00927960927960928,0.003907203907203907,331.62,-18.25,84.69,O2
0.0004884004884004884,0.002442002442002442,0.010500610500610501,0.01221001221001221,0.003907203907203907,331.56,-18.31,84.5,O2
0.0002442002442002442,0.003907203907203907,0.008302808302808303,0.014163614163614164,0.003907203907203907,331.56,-18.37,84.37,O2
0.0007326007326007326,0.005128205128205128,0.006837606837606838,0.015384615384615385,0.003907203907203907,331.37,-18.19,83.81,O2
0.0007326007326007326,0.005128205128205128,0.007081807081807082,0.014896214896214897,0.003907203907203907,333.19,-17.37,82.81,O2
0.0014652014652014652,0.001221001221001221,0.01978021978021978,0.002686202686202686,0.003907203907203907,334.19,-17.06,82.87,O2
0.00805860805860806,0.01514041514041514,0.036874236874236875,0.01684981684981685,0.002686202686202686,335.25,-16.81,82.44,O2
0.017094017094017096,0.03247863247863248,0.04981684981684982,0.03467643467643468,0.0019536019536019536,335.44,-17.0,82.25,O2
0.023687423687423687,0.04468864468864469,0.05885225885225885,0.04737484737484737,0.0014652014652014652,336.31,-16.94,81.94,O2
0.028327228327228327,0.05299145299145299,0.0652014652014652,0.05616605616605617,0.0009768009768009768,336.56,-16.87,81.75,O2
0.0315018315018315,0.05811965811965812,0.06813186813186813,0.060805860805860805,0.0007326007326007326,336.75,-16.81,81.62,O2
0.033455433455433455,0.060805860805860805,0.06910866910866911,0.06324786324786325,0.0004884004884004884,336.87,-16.81,81.56,O2
0.03418803418803419,0.06202686202686203,0.06910866910866911,0.06398046398046398,0.0014652014652014652,337.12,-16.81,81.69,O2
0.03467643467643468,0.06202686202686203,0.06837606837606838,0.06422466422466422,0.002197802197802198,336.56,-17.31,81.5,O2
0.0336996336996337,0.060805860805860805,0.06544566544566545,0.06251526251526252,0.002686202686202686,334.94,-18.56,81.81,O2
0.0315018315018315,0.05445665445665446,0.06227106227106227,0.054945054945054944,0.0031746031746031746,333.87,-19.5,82.56,O2
0.026617826617826617,0.042002442002442006,0.055921855921855924,0.04249084249084249,0.003418803418803419,334.0,-19.31,82.25,O2
0.01978021978021978,0.028327228327228327,0.04566544566544566,0.03028083028083028,0.003418803418803419,333.12,-19.25,82.44,O2
0.013675213675213675,0.017826617826617826,0.03565323565323565,0.017582417582417582,0.003663003663003663,333.31,-19.31,82.37,O2
0.008791208791208791,0.010256410256410256,0.027594627594627594,0.008302808302808303,0.003663003663003663,333.19,-19.19,82.37,O2
0.005616605616605617,0.004884004884004884,0.021733821733821733,0.0017094017094017094,0.003663003663003663,333.25,-19.19,82.37,O2
0.003418803418803419,0.001221001221001221,0.017582417582417582,0.002686202686202686,0.003663003663003663,333.37,-19.19,82.25,O2
0.0017094017094017094,0.001221001221001221,0.014407814407814409,0.005860805860805861,0.003663003663003663,333.19,-19.12,82.31,O2
0.0007326007326007326,0.0029304029304029304,0.012454212454212455,0.00805860805860806,0.003663003663003663,332.87,-19.19,82.37,O2
0.0002442002442002442,0.003663003663003663,0.011477411477411478,0.00927960927960928,0.003663003663003663,333.5,-18.87,81.94,O2
0.0007326007326007326,0.003663003663003663,0.012942612942612943,0.00927960927960928,0.003663003663003663,335.44,-17.87,81.25,O2
0.004395604395604396,0.0009768009768009768,0.028327228327228327,0.0009768009768009768,0.002686202686202686,336.69,-17.12,81.06,O2
0.013431013431013432,0.02026862026862027,0.045177045177045176,0.020757020757020756,0.0019536019536019536,336.31,-16.94,80.94,O2
0.0231990231990232,0.036874236874236875,0.05714285714285714,0.035897435897435895,0.001221001221001221,337.31,-16.75,80.56,O2
0.03028083028083028,0.0485958485958486,0.06544566544566545,0.0463980463980464,0.0009768009768009768,337.25,-16.56,80.5,O2
0.035164835164835165,0.056654456654456654,0.06886446886446887,0.05396825396825397,0.0007326007326007326,337.5,-16.5,80.37,O2
0.03736263736263736,0.060805860805860805,0.06984126984126984,0.05787545787545788,0.0017094017094017094,337.62,-16.44,80.25,O2
0.038583638583638585,0.06275946275946276,0.06984126984126984,0.05982905982905983,0.002442002442002442,337.69,-16.5,80.5,O2
0.039316239316239315,0.06349206349206349,0.06935286935286936,0.060805860805860805,0.0029304029304029304,336.62,-16.94,81.19,O2
0.039316239316239315,0.06349206349206349,0.06813186813186813,0.06056166056166056,0.0031746031746031746,334.25,-18.69,81.87,O2
0.03736263736263736,0.05958485958485959,0.06568986568986569,0.057631257631257635,0.003418803418803419,332.37,-19.81,82.5,O2
0.03223443223443224,0.04908424908424908,0.06227106227106227,0.047619047619047616,0.003418803418803419,332.25,-19.87,82.37,O2
0.024664224664224663,0.035164835164835165,0.05201465201465202,0.03492063492063492,0.003663003663003663,331.0,-20.37,83.37,O2
0.017582417582417582,0.0231990231990232,0.041025641025641026,0.021733821733821733,0.003663003663003663,330.44,-20.5,83.75,O2
0.011721611721611722,0.014163614163614164,0.03199023199023199,0.01098901098901099,0.003907203907203907,330.56,-20.37,83.75,O2
0.007814407814407814,0.00757020757020757,0.02490842490842491,0.0031746031746031746,0.003907203907203907,330.75,-20.31,83.62,O2
0.004884004884004884,0.0031746031746031746,0.01978021978021978,0.002197802197802198,0.003907203907203907,330.81,-20.31,83.5,O2
0.0029304029304029304,0.0,0.01611721611721612,0.005860805860805861,0.003907203907203907,330.56,-20.31,83.19,O2
0.0014652014652014652,0.002197802197802198,0.013431013431013432,0.008547008547008548,0.003907203907203907,330.44,-20.44,83.44,O2
0.0009768009768009768,0.0019536019536019536,0.012942612942612943,0.008302808302808303,0.003907203907203907,330.12,-19.81,83.62,O2
0.0029304029304029304,0.004151404151404151,0.024664224664224663,0.001221001221001221,0.002686202686202686,331.06,-19.19,83.69,O2
0.009035409035409036,0.016605616605616606,0.04053724053724054,0.018070818070818073,0.0019536019536019536,332.19,-18.81,83.69,O2
0.017094017094017096,0.03321123321123321,0.05201465201465202,0.034432234432234435,0.0014652014652014652,332.44,-18.81,83.75,O2
0.023443223443223443,0.046886446886446886,0.060073260073260075,0.04590964590964591,0.0009768009768009768,332.94,-18.75,83.69,O2
0.029304029304029304,0.05616605616605617,0.06568986568986569,0.05372405372405373,0.0007326007326007326,333.19,-18.69,83.5,O2
0.03321123321123321,0.06275946275946276,0.06862026862026863,0.05787545787545788,0.0004884004884004884,333.56,-18.62,83.37,O2
0.035897435897435895,0.06642246642246642,0.06984126984126984,0.05982905982905983,0.0004884004884004884,333.5,-18.69,83.5,O2
0.03736263736263736,0.06813186813186813,0.06984126984126984,0.06056166056166056,0.0002442002442002442,333.0,-19.0,83.94,O2
0.03736263736263736,0.06862026862026863,0.06886446886446887,0.060073260073260075,0.0002442002442002442,332.12,-19.81,83.44,O2
0.035164835164835165,0.06715506715506715,0.06642246642246642,0.05714285714285714,0.0002442002442002442,331.12,-20.56,83.06,O2
0.03028083028083028,0.05860805860805861,0.06446886446886448,0.0485958485958486,0.001221001221001221,330.56,-20.87,83.06,O2
0.02490842490842491,0.04542124542124542,0.059096459096459095,0.03785103785103785,0.0019536019536019536,331.19,-20.5,83.31,O2
0.018803418803418803,0.0315018315018315,0.04908424908424908,0.026617826617826617,0.002686202686202686,330.87,-20.37,83.62,O2
0.012454212454212455,0.01978021978021978,0.03785103785103785,0.01391941391941392,0.0029304029304029304,330.81,-20.56,83.62,O2
0.00757020757020757,0.011477411477411478,0.028815628815628817,0.00463980463980464,0.003418803418803419,331.0,-20.56,83.5,O2
0.004151404151404151,0.005860805860805861,0.022222222222222223,0.0019536019536019536,0.003418803418803419,331.0,-20.56,83.5,O2
0.0017094017094017094,0.0017094017094017094,0.01733821733821734,0.006593406593406593,0.003663003663003663,331.0,-20.56,83.31,O2
0.0,0.001221001221001221,0.01391941391941392,0.009523809523809525,0.003663003663003663,330.75,-20.75,83.12,O2
0.0009768009768009768,0.0029304029304029304,0.011477411477411478,0.011721611721611722,0.003663003663003663,330.5,-20.81,82.5,O2
0.0009768009768009768,0.004151404151404151,0.010012210012210013,0.012454212454212455,0.003663003663003663,331.0,-20.19,82.62,O2
0.0009768009768009768,0.0017094017094017094,0.016361416361416362,0.009523809523809525,0.003663003663003663,332.62,-19.31,82.5,O2
0.006349206349206349,0.008547008547008548,0.03540903540903541,0.005372405372405372,0.003663003663003663,333.06,-18.94,82.87,O2
0.01611721611721612,0.02612942612942613,0.051526251526251524,0.024175824175824177,0.002686202686202686,333.31,-18.81,83.37,O2
0.02564102564102564,0.042002442002442006,0.06251526251526252,0.03785103785103785,0.0019536019536019536,333.5,-18.87,83.37,O2
0.03223443223443224,0.05299145299145299,0.07057387057387057,0.04737484737484737,0.0014652014652014652,333.75,-18.81,83.25,O2
0.036874236874236875,0.060805860805860805,0.07423687423687424,0.05396825396825397,0.0009768009768009768,333.81,-18.87,83.31,O2
0.03882783882783883,0.06471306471306472,0.07521367521367521,0.057387057387057384,0.0019536019536019536,333.69,-18.87,83.25,O2
0.0398046398046398,0.06642246642246642,0.07521367521367521,0.05885225885225885,0.002442002442002442,333.81,-18.94,83.31,O2
0.040293040293040296,0.06691086691086691,0.07472527472527472,0.05958485958485959,0.0029304029304029304,333.69,-19.0,83.44,O2
0.04004884004884005,0.06691086691086691,0.073992673992674,0.05982905982905983,0.0031746031746031746,333.5,-19.06,83.56,O2
0.039316239316239315,0.06691086691086691,0.07252747252747253,0.05958485958485959,0.003418803418803419,332.56,-19.62,83.25,O2
0.03736263736263736,0.06422466422466422,0.0695970695970696,0.05616605616605617,0.003418803418803419,330.31,-20.87,83.19,O2
0.03418803418803419,0.0568986568986569,0.0673992673992674,0.04835164835164835,0.003663003663003663,330.19,-21.12,84.25,O2
0.02905982905982906,0.04493284493284493,0.06202686202686203,0.03736263736263736,0.003663003663003663,330.19,-20.56,85.25,O2
0.021733821733821733,0.03125763125763126,0.051770451770451774,0.024175824175824177,0.003907203907203907,329.87,-20.5,85.37,O2
0.014407814407814409,0.01978021978021978,0.041025641025641026,0.011477411477411478,0.003907203907203907,329.75,-20.56,85.31,O2
0.009035409035409036,0.011721611721611722,0.03223443223443224,0.002442002442002442,0.003907203907203907,329.81,-20.5,85.0,O2
0.005372405372405372,0.006105006105006105,0.02564102564102564,0.003907203907203907,0.003907203907203907,329.69,-20.37,84.87,O2
0.002686202686202686,0.002197802197802198,0.021001221001221003,0.008302808302808303,0.003907203907203907,329.75,-20.44,84.62,O2
0.0009768009768009768,0.0004884004884004884,0.017826617826617826,0.011233211233211233,0.003907203907203907,329.69,-20.37,84.31,O2
0.0002442002442002442,0.002442002442002442,0.01562881562881563,0.013186813186813187,0.003907203907203907,329.25,-20.37,83.87,O2
0.0002442002442002442,0.003418803418803419,0.014407814407814409,0.01391941391941392,0.003907203907203907,328.75,-20.37,83.62,O2
0.0,0.003907203907203907,0.014896214896214897,0.014407814407814409,0.003907203907203907,329.31,-20.06,83.87,O2
0.0007326007326007326,0.001221001221001221,0.022222222222222223,0.009035409035409036,0.003907203907203907,330.94,-19.12,83.62,O2
0.005372405372405372,0.007814407814407814,0.03833943833943834,0.007081807081807082,0.003907203907203907,332.25,-18.5,83.87,O2
0.014652014652014652,0.026373626373626374,0.052503052503052504,0.026617826617826617,0.0029304029304029304,332.31,-18.69,84.19,O2
0.023443223443223443,0.041025641025641026,0.06251526251526252,0.04004884004884005,0.0019536019536019536,332.62,-18.56,84.06,O2
0.029548229548229547,0.05128205128205128,0.0695970695970696,0.04957264957264957,0.0014652014652014652,332.75,-18.44,83.81,O2
0.03394383394383394,0.05860805860805861,0.07203907203907203,0.055921855921855924,0.0009768009768009768,333.06,-18.5,83.62,O2
0.03638583638583639,0.06202686202686203,0.07252747252747253,0.05885225885225885,0.0019536019536019536,333.25,-18.37,83.5,O2
0.03711843711843712,0.06373626373626373,0.07203907203907203,0.05982905982905983,0.002442002442002442,333.31,-18.37,83.5,O2
0.03736263736263736,0.06398046398046398,0.0713064713064713,0.060073260073260075,0.0029304029304029304,333.62,-18.31,83.5,O2
0.037606837606837605,0.06373626373626373,0.07008547008547009,0.05982905982905983,0.0031746031746031746,333.75,-18.37,83.5,O2
0.037606837606837605,0.063003663003663,0.06862026862026863,0.05958485958485959,0.003418803418803419,333.5,-18.75,83.75,O2
0.03736263736263736,0.06251526251526252,0.06715506715506715,0.05885225885225885,0.003418803418803419,332.62,-19.44,83.06,O2
0.03565323565323565,0.06129426129426129,0.06544566544566545,0.05641025641025641,0.003663003663003663,332.12,-20.75,82.81,O2
0.03247863247863248,0.05543345543345543,0.06422466422466422,0.050061050061050064,0.003663003663003663,330.94,-20.87,83.5,O2
0.02735042735042735,0.042735042735042736,0.057387057387057384,0.039316239316239315,0.003663003663003663,331.37,-20.25,83.44,O2
0.020024420024420026,0.028327228327228327,0.04566544566544566,0.027594627594627594,0.003663003663003663,331.12,-20.19,83.5,O2
0.013431013431013432,0.017094017094017096,0.035164835164835165,0.014407814407814409,0.003663003663003663,331.25,-20.12,83.19,O2
0.008547008547008548,0.00927960927960928,0.026862026862026864,0.005372405372405372,0.003663003663003663,331.19,-20.31,83.31,O2
0.005128205128205128,0.003907203907203907,0.020757020757020756,0.0009768009768009768,0.003663003663003663,331.31,-20.31,83.25,O2
0.0029304029304029304,0.0,0.016361416361416362,0.005372405372405372,0.003663003663003663,331.37,-20.31,83.25,O2
0.0014652014652014652,0.002442002442002442,0.013186813186813187,0.008302808302808303,0.003663003663003663,331.12,-20.62,83.31,O2
0.0004884004884004884,0.004151404151404151,0.01098901098901099,0.010012210012210013,0.003663003663003663,330.12,-20.69,82.94,O2
0.0004884004884004884,0.003663003663003663,0.010744810744810745,0.010012210012210013,0.003663003663003663,332.31,-20.69,83.12,O2
0.004395604395604396,0.0031746031746031746,0.0231990231990232,0.0014652014652014652,0.003663003663003663,332.31,-20.62,84.0,O2
0.013186813186813187,0.017094017094017096,0.042735042735042736,0.017094017094017096,0.002686202686202686,333.0,-20.31,84.06,O2
0.021245421245421246,0.03321123321123321,0.05616605616605617,0.031013431013431014,0.0019536019536019536,332.75,-20.12,83.75,O2
0.026862026862026864,0.044444444444444446,0.06568986568986569,0.041025641025641026,0.001221001221001221,333.31,-19.81,83.25,O2
0.03076923076923077,0.05225885225885226,0.07057387057387057,0.04786324786324787,0.0009768009768009768,333.5,-19.69,83.0,O2
0.03247863247863248,0.05616605616605617,0.07203907203907203,0.05128205128205128,0.0007326007326007326,333.56,-19.75,83.0,O2
0.032722832722832725,0.057387057387057384,0.07228327228327229,0.05299145299145299,0.0017094017094017094,333.69,-19.69,82.87,O2
0.03247863247863248,0.057387057387057384,0.07155067155067155,0.05372405372405373,0.002197802197802198,333.62,-19.75,82.94,O2
0.03223443223443224,0.05714285714285714,0.07081807081807082,0.05396825396825397,0.002686202686202686,333.81,-19.81,83.19,O2
0.031746031746031744,0.0568986568986569,0.0695970695970696,0.05372405372405373,0.0029304029304029304,332.56,-20.69,83.44,O2
0.030525030525030524,0.05641025641025641,0.06837606837606838,0.05347985347985348,0.0031746031746031746,331.31,-22.06,83.31,O2
0.02783882783882784,0.05225885225885226,0.06715506715506715,0.04810744810744811,0.003418803418803419,330.44,-22.94,83.37,O2
0.023931623931623933,0.042735042735042736,0.06275946275946276,0.039316239316239315,0.003418803418803419,329.37,-23.56,84.5,O2
0.01904761904761905,0.03076923076923077,0.05396825396825397,0.029792429792429794,0.003663003663003663,329.62,-23.56,84.87,O2
0.013186813186813187,0.019291819291819293,0.04249084249084249,0.01978021978021978,0.003663003663003663,329.75,-23.19,84.75,O2
0.00757020757020757,0.010256410256410256,0.031746031746031744,0.00805860805860806,0.003663003663003663,329.44,-23.25,84.5,O2
0.003418803418803419,0.003418803418803419,0.0231990231990232,0.0002442002442002442,0.003907203907203907,329.62,-23.12,84.31,O2
0.0007326007326007326,0.001221001221001221,0.01684981684981685,0.006105006105006105,0.003907203907203907,329.37,-23.12,84.19,O2
0.001221001221001221,0.004395604395604396,0.012454212454212455,0.010012210012210013,0.003907203907203907,329.75,-23.12,83.44,O2
0.002442002442002442,0.006593406593406593,0.00927960927960928,0.012942612942612943,0.003907203907203907,329.25,-23.19,82.87,O2
0.0029304029304029304,0.007814407814407814,0.00757020757020757,0.014407814407814409,0.003907203907203907,329.31,-23.0,83.06,O2
0.001221001221001221,0.005128205128205128,0.010500610500610501,0.01221001221001221,0.003907203907203907,329.62,-22.62,83.0,O2
0.003663003663003663,0.0002442002442002442,0.018315018315018316,0.007081807081807082,0.003907203907203907,330.44,-21.81,83.06,O2
0.009035409035409036,0.006349206349206349,0.03199023199023199,0.004151404151404151,0.002686202686202686,330.69,-21.31,83.25,O2
0.016361416361416362,0.02197802197802198,0.046886446886446886,0.020757020757020756,0.0019536019536019536,330.69,-21.0,83.87,O2
0.023687423687423687,0.0380952380952381,0.057631257631257635,0.03321123321123321,0.0014652014652014652,330.69,-21.0,83.62,O2
0.02905982905982906,0.04932844932844933,0.06495726495726496,0.041758241758241756,0.0009768009768009768,330.94,-20.87,83.44,O2
0.032722832722832725,0.05714285714285714,0.06764346764346764,0.047619047619047616,0.0007326007326007326,331.0,-20.94,83.44,O2
0.034432234432234435,0.060805860805860805,0.06862026862026863,0.050793650793650794,0.0004884004884004884,330.94,-20.87,83.37,O2
0.034432234432234435,0.06202686202686203,0.06837606837606838,0.05201465201465202,0.0004884004884004884,331.12,-20.94,83.5,O2
0.03418803418803419,0.06227106227106227,0.06764346764346764,0.052503052503052504,0.0002442002442002442,331.12,-21.0,83.81,O2
0.033455433455433455,0.06202686202686203,0.06666666666666667,0.05201465201465202,0.0014652014652014652,330.31,-21.56,83.62,O2
0.03199023199023199,0.06129426129426129,0.0652014652014652,0.051526251526251524,0.002197802197802198,328.31,-22.19,84.31,O2
0.028327228327228327,0.05567765567765568,0.06398046398046398,0.04468864468864469,0.002686202686202686,327.87,-21.75,84.75,O2
0.02271062271062271,0.04297924297924298,0.05811965811965812,0.033455433455433455,0.0029304029304029304,328.25,-21.19,85.37,O2
0.016361416361416362,0.028083028083028084,0.04713064713064713,0.021245421245421246,0.004395604395604396,328.19,-21.06,85.69,O2
0.010256410256410256,0.01611721611721612,0.03638583638583639,0.010256410256410256,0.005372405372405372,328.06,-21.06,85.81,O2
0.005372405372405372,0.007814407814407814,0.027594627594627594,0.0007326007326007326,0.006105006105006105,328.0,-21.12,85.75,O2
0.0019536019536019536,0.0019536019536019536,0.020757020757020756,0.006349206349206349,0.006593406593406593,328.06,-21.06,85.5,O2
0.0004884004884004884,0.002197802197802198,0.015384615384615385,0.01098901098901099,0.006837606837606838,327.87,-21.12,85.56,O2
0.0019536019536019536,0.005128205128205128,0.011477411477411478,0.014407814407814409,0.007081807081807082,327.94,-21.19,85.06,O2
0.0031746031746031746,0.007081807081807082,0.008791208791208791,0.01684981684981685,0.007326007326007326,327.69,-21.31,84.44,O2
0.003907203907203907,0.008302808302808303,0.006593406593406593,0.018315018315018316,0.00757020757020757,327.69,-21.5,84.12,O2
0.004151404151404151,0.009035409035409036,0.005372405372405372,0.019291819291819293,0.00757020757020757,326.25,-21.37,84.0,O2
0.003418803418803419,0.00805860805860806,0.005372405372405372,0.018315018315018316,0.007814407814407814,327.62,-21.37,84.25,O2
0.0002442002442002442,0.0014652014652014652,0.02271062271062271,0.0004884004884004884,0.005372405372405372,327.81,-21.12,84.62,O2
0.007814407814407814,0.018315018315018316,0.041025641025641026,0.02271062271062271,0.003907203907203907,328.06,-21.12,84.94,O2
0.018070818070818073,0.03785103785103785,0.054212454212454214,0.03907203907203907,0.002686202686202686,328.25,-21.31,84.75,O2
0.025396825396825397,0.051526251526251524,0.06324786324786325,0.05054945054945055,0.0019536019536019536,328.19,-21.19,84.37,O2
0.03028083028083028,0.06105006105006105,0.06837606837606838,0.05714285714285714,0.001221001221001221,328.5,-21.19,84.37,O2
0.0336996336996337,0.06642246642246642,0.07032967032967033,0.06031746031746032,0.0009768009768009768,328.44,-21.31,84.5,O2
0.03492063492063492,0.06886446886446887,0.07057387057387057,0.06105006105006105,0.0007326007326007326,328.25,-21.56,84.56,O2
0.03418803418803419,0.06886446886446887,0.06862026862026863,0.05982905982905983,0.0004884004884004884,327.75,-21.87,84.44,O2
0.03125763125763126,0.06227106227106227,0.06617826617826618,0.051526251526251524,0.0004884004884004884,327.31,-21.5,84.19,O2
0.02564102564102564,0.04713064713064713,0.057387057387057384,0.038583638583638585,0.0014652014652014652,328.69,-20.69,84.31,O2
0.018803418803418803,0.032722832722832725,0.046153846153846156,0.024175824175824177,0.002197802197802198,328.44,-20.31,84.87,O2
0.012942612942612943,0.02148962148962149,0.03565323565323565,0.011477411477411478,0.002686202686202686,328.81,-19.81,85.12,O2
0.008302808302808303,0.012942612942612943,0.02735042735042735,0.0017094017094017094,0.0029304029304029304,329.5,-19.0,86.19,O2
0.004884004884004884,0.006837606837606838,0.020757020757020756,0.005128205128205128,0.0031746031746031746,329.69,-18.5,86.5,O2
0.002197802197802198,0.002686202686202686,0.015873015873015872,0.010012210012210013,0.003418803418803419,329.37,-18.19,86.81,O2
0.0004884004884004884,0.0002442002442002442,0.012454212454212455,0.013431013431013432,0.003663003663003663,328.62,-17.62,87.25,O2
0.0007326007326007326,0.002442002442002442,0.009768009768009768,0.01562881562881563,0.003663003663003663,328.12,-17.12,87.75,O2
0.0017094017094017094,0.003907203907203907,0.007814407814407814,0.017094017094017096,0.003907203907203907,327.94,-17.31,87.94,O2
0.002197802197802198,0.004884004884004884,0.006349206349206349,0.018070818070818073,0.004884004884004884,327.0,-18.06,87.31,O2
0.002442002442002442,0.005372405372405372,0.005372405372405372,0.01855921855921856,0.005860805860805861,327.5,-17.37,89.69,O2
0.002442002442002442,0.005616605616605617,0.004884004884004884,0.018070818070818073,0.006349206349206349,327.19,-16.81,92.56,O2
0.0017094017094017094,0.00463980463980464,0.005616605616605617,0.016605616605616606,0.005616605616605617,326.12,-17.5,91.12,O2
0.0009768009768009768,0.0009768009768009768,0.013431013431013432,0.007081807081807082,0.005128205128205128,321.81,-21.31,91.62,O2
0.006593406593406593,0.011721611721611722,0.031013431013431014,0.011233211233211233,0.003663003663003663,319.62,-24.19,92.87,O2
0.012698412698412698,0.026862026862026864,0.04542124542124542,0.026862026862026864,0.002442002442002442,317.94,-27.0,92.62,O2
0.017582417582417582,0.03907203907203907,0.05518925518925519,0.039316239316239315,0.0017094017094017094,317.62,-27.0,92.69,O2
0.021001221001221003,0.04786324786324787,0.06227106227106227,0.04810744810744811,0.001221001221001221,317.62,-26.94,92.69,O2
0.023443223443223443,0.05396825396825397,0.0652014652014652,0.05445665445665446,0.0009768009768009768,317.12,-26.5,92.75,O2
0.023931623931623933,0.05616605616605617,0.06617826617826618,0.056654456654456654,0.0017094017094017094,317.37,-25.87,92.62,O2
0.023687423687423687,0.0568986568986569,0.06593406593406594,0.05714285714285714,0.002442002442002442,317.87,-25.69,92.5,O2
0.0231990231990232,0.0568986568986569,0.0652014652014652,0.056654456654456654,0.0029304029304029304,318.12,-25.0,92.56,O2
0.022466422466422466,0.05641025641025641,0.06349206349206349,0.05641025641025641,0.0031746031746031746,319.25,-24.0,94.56,O2
0.021001221001221003,0.053235653235653234,0.06202686202686203,0.05201465201465202,0.003418803418803419,321.75,-22.12,96.81,O2
0.017582417582417582,0.04542124542124542,0.05787545787545788,0.04297924297924298,0.003418803418803419,328.75,-15.0,100.06,O2
0.01391941391941392,0.03565323565323565,0.05030525030525031,0.032722832722832725,0.003663003663003663,332.44,-11.88,99.87,O2
0.010256410256410256,0.02442002442002442,0.04078144078144078,0.02271062271062271,0.003663003663003663,332.06,-11.44,101.44,O2
0.006837606837606838,0.01514041514041514,0.03199023199023199,0.013675213675213675,0.003663003663003663,332.25,-11.56,101.31,O2
0.004395604395604396,0.008547008547008548,0.025152625152625153,0.006105006105006105,0.003663003663003663,331.81,-13.19,94.81,O2
0.002686202686202686,0.003663003663003663,0.02026862026862027,0.0004884004884004884,0.003907203907203907,332.0,-13.38,95.75,O2
0.0017094017094017094,0.0004884004884004884,0.016605616605616606,0.003418803418803419,0.003907203907203907,330.87,-13.94,96.0,O2
0.0007326007326007326,0.0019536019536019536,0.014407814407814409,0.006105006105006105,0.003907203907203907,329.25,-14.88,95.0,O2
0.0,0.004151404151404151,0.011233211233211233,0.008791208791208791,0.003907203907203907,329.06,-15.44,93.62,O2
0.0007326007326007326,0.005616605616605617,0.009035409035409036,0.010744810744810745,0.003907203907203907,329.0,-16.06,92.12,O2
0.001221001221001221,0.006593406593406593,0.00757020757020757,0.01221001221001221,0.003907203907203907,332.19,-15.44,89.62,O2
0.0014652014652014652,0.0029304029304029304,0.013675213675213675,0.00757020757020757,0.003907203907203907,335.62,-15.13,86.75,O2
0.0029304029304029304,0.010012210012210013,0.03028083028083028,0.007814407814407814,0.002686202686202686,336.5,-15.56,85.69,O2
0.009523809523809525,0.02783882783882784,0.04468864468864469,0.02564102564102564,0.0019536019536019536,337.0,-16.06,85.12,O2
0.015384615384615385,0.040293040293040296,0.0547008547008547,0.03833943833943834,0.002442002442002442,337.81,-16.12,84.25,O2
0.019291819291819293,0.04884004884004884,0.061782661782661785,0.04713064713064713,0.0029304029304029304,337.94,-16.06,83.87,O2
0.022222222222222223,0.05396825396825397,0.0652014652014652,0.050793650793650794,0.0031746031746031746,338.19,-16.0,83.69,O2
0.022954822954822957,0.055921855921855924,0.06617826617826618,0.05201465201465202,0.003418803418803419,338.44,-16.0,83.75,O2
0.02271062271062271,0.05616605616605617,0.06593406593406594,0.051770451770451774,0.003418803418803419,338.69,-16.25,84.31,O2
0.022222222222222223,0.055921855921855924,0.0652014652014652,0.05128205128205128,0.003663003663003663,338.37,-17.25,84.25,O2
0.020757020757020756,0.05567765567765568,0.06324786324786325,0.050061050061050064,0.003663003663003663,337.62,-18.25,84.5,O2
0.017826617826617826,0.050061050061050064,0.06153846153846154,0.04395604395604396,0.003663003663003663,336.37,-18.62,86.5,O2
0.01391941391941392,0.03785103785103785,0.05567765567765568,0.032722832722832725,0.003663003663003663,336.31,-18.25,86.62,O2
0.008547008547008548,0.02490842490842491,0.045177045177045176,0.02197802197802198,0.003663003663003663,335.5,-18.06,86.75,O2
0.003418803418803419,0.014407814407814409,0.034432234432234435,0.009035409035409036,0.003907203907203907,335.62,-18.0,86.44,O2
0.0004884004884004884,0.006837606837606838,0.02612942612942613,0.0002442002442002442,0.003907203907203907,335.69,-17.94,86.19,O2
0.0031746031746031746,0.001221001221001221,0.01978021978021978,0.006105006105006105,0.003907203907203907,335.37,-17.94,86.12,O2
0.004884004884004884,0.002442002442002442,0.01514041514041514,0.010256410256410256,0.003907203907203907,335.62,-18.06,85.87,O2
0.006349206349206349,0.004884004884004884,0.011721611721611722,0.013186813186813187,0.003907203907203907,335.25,-18.37,85.69,O2
0.007081807081807082,0.006593406593406593,0.009523809523809525,0.014652014652014652,0.003907203907203907,334.5,-18.56,85.37,O2
0.007081807081807082,0.006349206349206349,0.00927960927960928,0.014652014652014652,0.003907203907203907,334.25,-18.87,85.0,O2
0.005616605616605617,0.0029304029304029304,0.012454212454212455,0.012698412698412698,0.003907203907203907,335.25,-18.94,84.37,O2
0.003418803418803419,0.001221001221001221,0.01904761904761905,0.007814407814407814,0.003907203907203907,335.19,-19.0,83.94,O2
0.0002442002442002442,0.006105006105006105,0.03223443223443224,0.002686202686202686,0.003907203907203907,336.62,-18.06,83.44,O2
0.007081807081807082,0.01978021978021978,0.04810744810744811,0.023443223443223443,0.002686202686202686,338.06,-17.69,82.94,O2
0.017582417582417582,0.037606837606837605,0.05934065934065934,0.04004884004884005,0.0019536019536019536,337.56,-18.06,82.69,O2
0.02490842490842491,0.050061050061050064,0.06715506715506715,0.051526251526251524,0.001221001221001221,336.62,-18.25,82.56,O2
0.030036630036630037,0.05860805860805861,0.07057387057387057,0.05958485958485959,0.0009768009768009768,336.44,-18.5,82.37,O2
0.03296703296703297,0.06275946275946276,0.07155067155067155,0.06349206349206349,0.0007326007326007326,335.94,-18.5,82.62,O2
0.034432234432234435,0.06471306471306472,0.07155067155067155,0.06544566544566545,0.0004884004884004884,336.25,-18.44,82.87,O2
0.03492063492063492,0.0652014652014652,0.07081807081807082,0.06617826617826618,0.0002442002442002442,335.69,-19.25,82.56,O2
0.03418803418803419,0.06471306471306472,0.0695970695970696,0.0652014652014652,0.0002442002442002442,331.62,-19.5,84.87,O2
0.029792429792429794,0.057387057387057384,0.06837606837606838,0.055921855921855924,0.0002442002442002442,330.06,-19.19,86.06,O2
0.02271062271062271,0.04297924297924298,0.05934065934065934,0.042002442002442006,0.001221001221001221,328.19,-18.69,86.75,O2
0.015384615384615385,0.02905982905982906,0.046886446886446886,0.025885225885225887,0.0019536019536019536,327.44,-19.25,87.06,O2
0.009523809523809525,0.01855921855921856,0.03638583638583639,0.014163614163614164,0.002686202686202686,327.25,-19.81,86.87,O2
0.005372405372405372,0.01098901098901099,0.028327228327228327,0.006105006105006105,0.0031746031746031746,327.0,-19.94,87.19,O2
0.002442002442002442,0.005860805860805861,0.022466422466422466,0.0002442002442002442,0.003418803418803419,327.25,-20.44,86.87,O2
0.0002442002442002442,0.002197802197802198,0.01855921855921856,0.003663003663003663,0.003418803418803419,327.0,-20.44,86.81,O2
0.001221001221001221,0.0004884004884004884,0.01562881562881563,0.006349206349206349,0.003663003663003663,326.62,-20.25,86.75,O2
0.0019536019536019536,0.0019536019536019536,0.013675213675213675,0.00805860805860806,0.003663003663003663,326.81,-20.44,85.87,O2
0.0019536019536019536,0.002442002442002442,0.013186813186813187,0.008547008547008548,0.003663003663003663,326.5,-20.75,85.81,O2
0.0002442002442002442,0.0019536019536019536,0.020757020757020756,0.002442002442002442,0.003663003663003663,328.69,-20.81,85.75,O2
0.005860805860805861,0.010256410256410256,0.03663003663003663,0.011965811965811967,0.002686202686202686,329.06,-20.44,86.0,O2
0.012698412698412698,0.020512820512820513,0.05054945054945055,0.028083028083028084,0.0019536019536019536,330.25,-20.06,85.56,O2
0.017582417582417582,0.03467643467643468,0.06031746031746032,0.0398046398046398,0.0014652014652014652,329.81,-20.12,85.44,O2
0.021001221001221003,0.044444444444444446,0.06715506715506715,0.04786324786324787,0.0009768009768009768,330.37,-20.06,85.12,O2
0.0231990231990232,0.051526251526251524,0.06886446886446887,0.05372405372405373,0.0007326007326007326,330.56,-20.0,85.06,O2
0.023443223443223443,0.05445665445665446,0.06910866910866911,0.055921855921855924,0.0004884004884004884,330.75,-20.06,85.19,O2
0.0231990231990232,0.05567765567765568,0.06837606837606838,0.0568986568986569,0.0014652014652014652,330.94,-20.12,85.44,O2
0.02271062271062271,0.055921855921855924,0.06764346764346764,0.0568986568986569,0.002197802197802198,330.5,-20.44,85.81,O2
0.022222222222222223,0.05567765567765568,0.06617826617826618,0.056654456654456654,0.002686202686202686,330.12,-21.44,85.12,O2
0.021245421245421246,0.05299145299145299,0.06471306471306472,0.054212454212454214,0.0031746031746031746,329.25,-21.94,85.87,O2
0.018315018315018316,0.044444444444444446,0.06227106227106227,0.04542124542124542,0.003418803418803419,326.5,-22.31,87.62,O2
0.014896214896214897,0.03296703296703297,0.054945054945054944,0.035164835164835165,0.003418803418803419,325.81,-22.06,88.37,O2
0.010256410256410256,0.02148962148962149,0.04542124542124542,0.02564102564102564,0.003663003663003663,324.62,-21.87,88.87,O2
0.005128205128205128,0.011965811965811967,0.03565323565323565,0.013186813186813187,0.003663003663003663,324.37,-22.06,88.75,O2
0.001221001221001221,0.00463980463980464,0.02783882783882784,0.003907203907203907,0.003907203907203907,324.25,-22.12,88.5,O2
0.0017094017094017094,0.0002442002442002442,0.021733821733821733,0.002686202686202686,0.003907203907203907,324.0,-22.12,88.25,O2
0.003907203907203907,0.003663003663003663,0.01733821733821734,0.007081807081807082,0.003907203907203907,323.94,-21.94,88.0,O2
0.005372405372405372,0.006105006105006105,0.014163614163614164,0.010256410256410256,0.003907203907203907,323.75,-22.12,88.06,O2
0.006349206349206349,0.00757020757020757,0.011965811965811967,0.012454212454212455,0.005128205128205128,323.31,-22.31,87.56,O2
0.007081807081807082,0.008302808302808303,0.010744810744810745,0.013431013431013432,0.005860805860805861,323.25,-22.25,86.12,O2
0.007081807081807082,0.006593406593406593,0.012698412698412698,0.012698412698412698,0.006349206349206349,324.0,-22.19,85.31,O2
0.004395604395604396,0.0002442002442002442,0.022466422466422466,0.005372405372405372,0.005616605616605617,326.69,-22.19,85.19,O2
0.001221001221001221,0.009523809523809525,0.037606837606837605,0.008302808302808303,0.003907203907203907,327.87,-22.12,85.12,O2
0.00805860805860806,0.0231990231990232,0.05054945054945055,0.02442002442002442,0.0029304029304029304,328.56,-21.87,85.62,O2
0.014163614163614164,0.035164835164835165,0.05958485958485959,0.035897435897435895,0.0019536019536019536,328.87,-22.0,85.56,O2
0.01855921855921856,0.043467643467643466,0.06568986568986569,0.04395604395604396,0.0014652014652014652,329.37,-21.94,85.37,O2
0.02148962148962149,0.04932844932844933,0.06813186813186813,0.04957264957264957,0.002197802197802198,329.62,-21.94,85.25,O2
0.02271062271062271,0.051770451770451774,0.06886446886446887,0.05201465201465202,0.002686202686202686,330.0,-22.06,85.25,O2
0.02271062271062271,0.05299145299145299,0.06862026862026863,0.052503052503052504,0.0031746031746031746,330.31,-22.06,85.19,O2
0.022466422466422466,0.053235653235653234,0.06788766788766788,0.052503052503052504,0.003418803418803419,330.56,-22.12,85.25,O2
0.021733821733821733,0.05274725274725275,0.06691086691086691,0.05225885225885226,0.003663003663003663,329.87,-23.0,85.37,O2
0.021001221001221003,0.05225885225885226,0.06617826617826618,0.05201465201465202,0.003663003663003663,328.56,-23.87,86.62,O2
0.019291819291819293,0.04737484737484737,0.06495726495726496,0.04786324786324787,0.003907203907203907,327.75,-23.75,88.25,O2
0.015384615384615385,0.036874236874236875,0.05982905982905983,0.03785103785103785,0.003907203907203907,327.06,-23.37,89.0,O2
0.011477411477411478,0.025152625152625153,0.05054945054945055,0.02735042735042735,0.005128205128205128,326.56,-23.12,89.12,O2
0.006593406593406593,0.014896214896214897,0.04078144078144078,0.015384615384615385,0.005860805860805861,326.31,-23.19,88.94,O2
0.0019536019536019536,0.006837606837606838,0.03223443223443224,0.005372405372405372,0.00757020757020757,327.0,-23.25,88.31,O2
0.0017094017094017094,0.001221001221001221,0.025885225885225887,0.0017094017094017094,0.008791208791208791,327.12,-23.19,88.0,O2
0.004395604395604396,0.002686202686202686,0.021001221001221003,0.006593406593406593,0.009523809523809525,327.19,-23.19,87.75,O2
0.006349206349206349,0.005616605616605617,0.01733821733821734,0.010012210012210013,0.010256410256410256,328.25,-23.19,86.94,O2
0.00757020757020757,0.00757020757020757,0.01514041514041514,0.01221001221001221,0.009523809523809525,327.5,-23.25,86.37,O2
0.00805860805860806,0.008791208791208791,0.01391941391941392,0.012454212454212455,0.009035409035409036,327.94,-23.25,86.37,O2
0.006837606837606838,0.007081807081807082,0.01514041514041514,0.011721611721611722,0.008791208791208791,328.94,-23.12,86.5,O2
0.004884004884004884,0.005860805860805861,0.016361416361416362,0.010012210012210013,0.008302808302808303,329.81,-22.81,85.75,O2
0.002442002442002442,0.002197802197802198,0.0231990231990232,0.004884004884004884,0.007081807081807082,331.0,-22.19,84.87,O2
0.002442002442002442,0.006837606837606838,0.03833943833943834,0.01221001221001221,0.004884004884004884,331.19,-21.44,85.06,O2
0.010256410256410256,0.023931623931623933,0.051770451770451774,0.031746031746031744,0.002197802197802198,331.5,-21.25,84.81,O2
0.01855921855921856,0.03663003663003663,0.06105006105006105,0.04542124542124542,0.0004884004884004884,331.62,-21.19,84.56,O2
0.024175824175824177,0.04542124542124542,0.06764346764346764,0.05518925518925519,0.0009768009768009768,332.06,-21.25,84.37,O2
0.028327228327228327,0.051526251526251524,0.07081807081807082,0.05982905982905983,0.0017094017094017094,332.0,-21.25,84.37,O2
0.03076923076923077,0.054945054945054944,0.07179487179487179,0.06227106227106227,0.002442002442002442,332.12,-21.25,84.37,O2
0.032722832722832725,0.0568986568986569,0.07228327228327229,0.06324786324786325,0.002686202686202686,332.19,-21.37,84.31,O2
0.033455433455433455,0.057631257631257635,0.07203907203907203,0.06324786324786325,0.0031746031746031746,332.12,-21.81,84.12,O2
0.0336996336996337,0.057631257631257635,0.07155067155067155,0.06275946275946276,0.002197802197802198,331.69,-23.25,83.12,O2
0.03223443223443224,0.0568986568986569,0.07057387057387057,0.06105006105006105,0.0014652014652014652,331.37,-23.56,83.62,O2
0.02783882783882784,0.05054945054945055,0.06935286935286936,0.05347985347985348,0.001221001221001221,330.94,-23.19,84.19,O2
0.021245421245421246,0.03833943833943834,0.06202686202686203,0.04078144078144078,0.0002442002442002442,330.5,-22.75,84.44,O2
0.014407814407814409,0.025885225885225887,0.050793650793650794,0.027594627594627594,0.0014652014652014652,330.19,-22.44,84.5,O2
0.008302808302808303,0.015873015873015872,0.04004884004884005,0.015384615384615385,0.002197802197802198,330.12,-22.31,84.37,O2
0.003418803418803419,0.008302808302808303,0.031013431013431014,0.006105006105006105,0.002686202686202686,330.56,-22.31,84.0,O2
0.0,0.002686202686202686,0.02442002442002442,0.0004884004884004884,0.0029304029304029304,330.31,-22.31,84.06,O2
0.002197802197802198,0.001221001221001221,0.019291819291819293,0.005128205128205128,0.0031746031746031746,330.44,-22.37,83.94,O2
0.003907203907203907,0.003907203907203907,0.015873015873015872,0.008302808302808303,0.003418803418803419,330.19,-22.44,84.0,O2
0.005128205128205128,0.006105006105006105,0.013186813186813187,0.010500610500610501,0.003663003663003663,330.06,-22.44,84.12,O2
0.006105006105006105,0.007326007326007326,0.011233211233211233,0.011721611721611722,0.003663003663003663,330.06,-22.5,84.19,O2
0.006593406593406593,0.00805860805860806,0.010012210012210013,0.012454212454212455,0.003907203907203907,329.87,-22.5,84.19,O2
0.007081807081807082,0.008791208791208791,0.009035409035409036,0.013186813186813187,0.003907203907203907,329.94,-22.56,84.12,O2
0.007326007326007326,0.009035409035409036,0.008547008547008548,0.013431013431013432,0.003907203907203907,329.87,-22.69,83.87,O2
0.007081807081807082,0.008547008547008548,0.008791208791208791,0.012454212454212455,0.003907203907203907,329.5,-22.94,83.69,O2
0.004395604395604396,0.003418803418803419,0.01684981684981685,0.008791208791208791,0.003907203907203907,331.31,-21.94,83.81,O2
0.001221001221001221,0.008302808302808303,0.036141636141636145,0.00927960927960928,0.002686202686202686,333.44,-21.0,84.31,O2
0.013675213675213675,0.028815628815628817,0.05543345543345543,0.03296703296703297,0.0007326007326007326,333.37,-21.0,84.56,O2
0.026862026862026864,0.04566544566544566,0.06910866910866911,0.04932844932844933,0.0004884004884004884,333.56,-20.94,84.31,O2
0.036141636141636145,0.057631257631257635,0.07838827838827839,0.060805860805860805,0.0014652014652014652,333.87,-20.94,84.19,O2
0.042735042735042736,0.06593406593406594,0.08253968253968254,0.06642246642246642,0.002197802197802198,333.94,-20.81,84.06,O2
0.046153846153846156,0.07008547008547009,0.08400488400488401,0.06935286935286936,0.002686202686202686,334.19,-20.81,83.94,O2
0.04786324786324787,0.07203907203907203,0.08424908424908426,0.07032967032967033,0.0029304029304029304,334.12,-20.87,83.94,O2
0.04884004884004884,0.07252747252747253,0.08376068376068375,0.07032967032967033,0.0031746031746031746,334.12,-20.87,83.94,O2
0.04908424908424908,0.07252747252747253,0.08302808302808302,0.07008547008547009,0.003418803418803419,334.19,-20.87,83.94,O2
0.04908424908424908,0.07203907203907203,0.0822954822954823,0.06910866910866911,0.003418803418803419,334.44,-21.12,83.81,O2
0.04884004884004884,0.07106227106227106,0.08156288156288156,0.06813186813186813,0.003663003663003663,333.25,-22.5,82.94,O2
0.047619047619047616,0.06984126984126984,0.08083028083028083,0.06642246642246642,0.003663003663003663,331.5,-23.81,83.5,O2
0.04249084249084249,0.06471306471306472,0.07912087912087912,0.061782661782661785,0.002686202686202686,331.69,-23.69,84.0,O2
0.034432234432234435,0.051770451770451774,0.0735042735042735,0.05054945054945055,0.0019536019536019536,331.31,-23.25,83.94,O2
0.02612942612942613,0.03736263736263736,0.06202686202686203,0.037606837606837605,0.0,331.31,-23.25,83.81,O2
0.01904761904761905,0.025396825396825397,0.05030525030525031,0.0231990231990232,0.001221001221001221,331.5,-23.31,83.75,O2
0.014163614163614164,0.017094017094017096,0.04078144078144078,0.012942612942612943,0.0019536019536019536,331.62,-23.37,83.62,O2
0.010744810744810745,0.011233211233211233,0.03394383394383394,0.005616605616605617,0.002686202686202686,331.94,-23.37,83.44,O2
0.008302808302808303,0.007081807081807082,0.02857142857142857,0.0004884004884004884,0.0029304029304029304,331.94,-23.31,83.31,O2
0.006349206349206349,0.004151404151404151,0.02442002442002442,0.0029304029304029304,0.003418803418803419,332.25,-23.37,83.12,O2
0.004884004884004884,0.002197802197802198,0.021733821733821733,0.005372405372405372,0.003663003663003663,332.0,-23.25,83.06,O2
0.003907203907203907,0.0007326007326007326,0.01978021978021978,0.007081807081807082,0.003663003663003663,332.0,-23.25,82.81,O2
0.0031746031746031746,0.0002442002442002442,0.018315018315018316,0.00805860805860806,0.003907203907203907,332.06,-23.25,82.5,O2
0.002686202686202686,0.0002442002442002442,0.017582417582417582,0.008547008547008548,0.003907203907203907,332.12,-23.19,82.31,O2
0.002442002442002442,0.0019536019536019536,0.020757020757020756,0.006593406593406593,0.003907203907203907,332.81,-22.5,82.12,O2
0.005372405372405372,0.00927960927960928,0.037606837606837605,0.008547008547008548,0.002686202686202686,333.31,-21.69,83.0,O2
0.012454212454212455,0.0231990231990232,0.05372405372405373,0.027594627594627594,0.0019536019536019536,334.0,-21.37,83.37,O2
0.020757020757020756,0.03833943833943834,0.06471306471306472,0.04078144078144078,0.001221001221001221,334.0,-21.31,83.19,O2
0.026373626373626374,0.04884004884004884,0.07252747252747253,0.050061050061050064,0.0009768009768009768,334.37,-21.25,83.0,O2
0.030525030525030524,0.05641025641025641,0.07545787545787545,0.05518925518925519,0.0007326007326007326,334.56,-21.25,82.87,O2
0.03247863247863248,0.05934065934065934,0.07594627594627594,0.057631257631257635,0.0004884004884004884,334.75,-21.19,82.87,O2
0.0336996336996337,0.06031746031746032,0.0757020757020757,0.05860805860805861,0.0002442002442002442,335.12,-21.31,82.87,O2
0.034432234432234435,0.06056166056166056,0.07472527472527472,0.05885225885225885,0.0002442002442002442,335.12,-21.75,82.94,O2
0.034432234432234435,0.05982905982905983,0.07326007326007326,0.05860805860805861,0.0002442002442002442,334.25,-22.69,82.5,O2
0.033455433455433455,0.05787545787545788,0.07179487179487179,0.05641025641025641,0.0002442002442002442,334.44,-23.19,82.19,O2
0.03028083028083028,0.050793650793650794,0.0695970695970696,0.04835164835164835,0.0002442002442002442,332.25,-23.25,82.81,O2
0.02490842490842491,0.038583638583638585,0.06227106227106227,0.03711843711843712,0.0002442002442002442,332.5,-23.06,82.75,O2
0.01855921855921856,0.02612942612942613,0.050793650793650794,0.025396825396825397,0.0002442002442002442,332.12,-23.0,82.75,O2
0.012698412698412698,0.016361416361416362,0.040293040293040296,0.014652014652014652,0.0002442002442002442,332.12,-23.0,82.69,O2
0.008302808302808303,0.00927960927960928,0.03199023199023199,0.006593406593406593,0.0002442002442002442,332.31,-22.94,82.44,O2
0.005128205128205128,0.004151404151404151,0.025396825396825397,0.0007326007326007326,0.0002442002442002442,332.31,-22.81,82.25,O2
0.002686202686202686,0.0004884004884004884,0.020512820512820513,0.0031746031746031746,0.0002442002442002442,332.75,-22.87,81.87,O2
0.001221001221001221,0.0019536019536019536,0.017094017094017096,0.006105006105006105,0.0002442002442002442,332.62,-22.87,81.62,O2
0.0,0.003663003663003663,0.014652014652014652,0.007814407814407814,0.0002442002442002442,332.69,-22.87,81.19,O2
0.0,0.002442002442002442,0.015873015873015872,0.007081807081807082,0.0002442002442002442,332.56,-22.75,81.69,O2
0.0031746031746031746,0.003907203907203907,0.028815628815628817,0.0019536019536019536,0.0002442002442002442,332.94,-22.25,82.44,O2
0.009523809523809525,0.019291819291819293,0.044444444444444446,0.018803418803418803,0.0,332.87,-22.06,82.62,O2
0.01611721611721612,0.035164835164835165,0.05543345543345543,0.03223443223443224,0.0,333.06,-21.94,82.81,O2
0.020757020757020756,0.0463980463980464,0.06324786324786325,0.041758241758241756,0.0,333.75,-21.87,82.56,O2
0.023931623931623933,0.05396825396825397,0.06666666666666667,0.04835164835164835,0.0,333.87,-21.81,82.5,O2
0.02612942612942613,0.05811965811965812,0.06813186813186813,0.051770451770451774,0.0,334.31,-21.81,82.37,O2
0.02735042735042735,0.05982905982905983,0.06862026862026863,0.05347985347985348,0.0,334.37,-21.75,82.31,O2
0.028327228327228327,0.06105006105006105,0.06862026862026863,0.05445665445665446,0.0,334.75,-21.81,82.25,O2
0.02905982905982906,0.06153846153846154,0.06813186813186813,0.0547008547008547,0.0,334.75,-22.44,81.81,O2
0.02857142857142857,0.06153846153846154,0.06764346764346764,0.0547008547008547,0.0,335.0,-23.37,81.44,O2
0.025885225885225887,0.05811965811965812,0.06691086691086691,0.05030525030525031,0.0,333.94,-23.25,82.37,O2
0.020757020757020756,0.04737484737484737,0.06349206349206349,0.03956043956043956,0.0,334.0,-22.81,82.37,O2
0.014407814407814409,0.033455433455433455,0.05347985347985348,0.028815628815628817,0.001221001221001221,332.87,-22.5,82.56,O2
0.008791208791208791,0.02197802197802198,0.042735042735042736,0.01611721611721612,0.0019536019536019536,332.69,-22.37,82.5,O2
0.004395604395604396,0.013431013431013432,0.0336996336996337,0.005616605616605617,0.002442002442002442,332.75,-22.31,82.44,O2
0.0009768009768009768,0.007326007326007326,0.026862026862026864,0.0017094017094017094,0.0029304029304029304,332.75,-22.25,82.25,O2
0.0014652014652014652,0.0031746031746031746,0.021733821733821733,0.006837606837606838,0.0031746031746031746,333.06,-22.19,81.81,O2
0.0031746031746031746,0.0002442002442002442,0.018070818070818073,0.010256410256410256,0.003418803418803419,333.56,-22.31,81.0,O2
0.004151404151404151,0.0017094017094017094,0.01562881562881563,0.012454212454212455,0.003418803418803419,333.5,-22.44,80.56,O2
0.004151404151404151,0.001221001221001221,0.01733821733821734,0.010744810744810745,0.003663003663003663,334.56,-22.19,80.62,O2
0.0,0.006105006105006105,0.033455433455433455,0.005372405372405372,0.002442002442002442,335.06,-21.75,81.06,O2
0.008547008547008548,0.020024420024420026,0.04737484737484737,0.024175824175824177,0.0017094017094017094,334.44,-21.75,81.81,O2
0.014407814407814409,0.03565323565323565,0.05714285714285714,0.03711843711843712,0.001221001221001221,333.62,-21.87,82.19,O2
0.01855921855921856,0.04664224664224664,0.06422466422466422,0.0463980463980464,0.0009768009768009768,333.69,-21.81,82.19,O2
0.021245421245421246,0.054212454212454214,0.06764346764346764,0.050793650793650794,0.0007326007326007326,333.87,-21.81,82.19,O2
0.022954822954822957,0.05811965811965812,0.06935286935286936,0.05274725274725275,0.0017094017094017094,334.19,-21.69,82.06,O2
0.023931623931623933,0.05982905982905983,0.06984126984126984,0.05347985347985348,0.002197802197802198,334.44,-21.81,81.94,O2
0.02442002442002442,0.06031746031746032,0.06984126984126984,0.05372405372405373,0.0017094017094017094,334.5,-22.06,81.87,O2
0.024175824175824177,0.06056166056166056,0.06935286935286936,0.053235653235653234,0.002197802197802198,334.44,-22.62,81.62,O2
0.023443223443223443,0.05860805860805861,0.06764346764346764,0.05054945054945055,0.002686202686202686,332.81,-23.44,82.81,O2
0.020757020757020756,0.04957264957264957,0.06495726495726496,0.04126984126984127,0.0031746031746031746,330.75,-23.31,84.06,O2
0.016361416361416362,0.03663003663003663,0.05641025641025641,0.03028083028083028,0.003418803418803419,331.44,-23.0,83.81,O2
0.01098901098901099,0.024664224664224663,0.046886446886446886,0.01684981684981685,0.00463980463980464,330.5,-22.62,83.94,O2
0.005860805860805861,0.014407814407814409,0.03736263736263736,0.005128205128205128,0.005616605616605617,330.56,-22.62,83.56,O2
0.0017094017094017094,0.007081807081807082,0.029792429792429794,0.0029304029304029304,0.006105006105006105,330.94,-22.62,83.25,O2
0.001221001221001221,0.0019536019536019536,0.023931623931623933,0.008547008547008548,0.006837606837606838,330.12,-22.56,83.31,O2
0.003418803418803419,0.0017094017094017094,0.01978021978021978,0.012454212454212455,0.007081807081807082,330.56,-22.62,82.81,O2
0.004884004884004884,0.004151404151404151,0.01684981684981685,0.014896214896214897,0.007326007326007326,331.0,-22.56,82.19,O2
0.005372405372405372,0.005128205128205128,0.01514041514041514,0.015873015873015872,0.00757020757020757,329.87,-22.06,82.0,O2
0.004151404151404151,0.00463980463980464,0.015873015873015872,0.01391941391941392,0.006593406593406593,330.12,-22.5,82.12,O2
0.0019536019536019536,0.002197802197802198,0.02026862026862027,0.007326007326007326,0.005860805860805861,330.25,-22.37,82.06,O2
0.002442002442002442,0.0031746031746031746,0.030036630036630037,0.003663003663003663,0.005128205128205128,331.0,-22.12,82.25,O2
0.008791208791208791,0.016361416361416362,0.046153846153846156,0.022466422466422466,0.003663003663003663,331.5,-21.81,82.62,O2
0.01855921855921856,0.03711843711843712,0.05787545787545788,0.04004884004884005,0.001221001221001221,331.75,-21.81,82.31,O2
0.025396825396825397,0.051526251526251524,0.06617826617826618,0.052503052503052504,0.0002442002442002442,332.06,-21.62,82.0,O2
0.03028083028083028,0.06153846153846154,0.07203907203907203,0.06129426129426129,0.0014652014652014652,332.5,-21.56,81.75,O2
0.03321123321123321,0.06691086691086691,0.07448107448107448,0.06568986568986569,0.0009768009768009768,332.5,-21.56,81.69,O2
0.035164835164835165,0.06984126984126984,0.07545787545787545,0.06813186813186813,0.0007326007326007326,332.75,-21.94,81.56,O2
0.03540903540903541,0.07106227106227106,0.07496947496947497,0.06886446886446887,0.0004884004884004884,332.44,-23.0,81.31,O2
0.03418803418803419,0.06935286935286936,0.07326007326007326,0.06642246642246642,0.0002442002442002442,330.5,-23.81,82.37,O2
0.029548229548229547,0.06202686202686203,0.0713064713064713,0.05811965811965812,0.0002442002442002442,327.31,-23.87,83.87,O2
0.022954822954822957,0.04932844932844933,0.06422466422466422,0.04590964590964591,0.0009768009768009768,327.19,-23.69,84.25,O2
0.01611721611721612,0.03565323565323565,0.053235653235653234,0.03321123321123321,0.0017094017094017094,327.0,-23.25,84.5,O2
0.010256410256410256,0.023931623931623933,0.04249084249084249,0.022466422466422466,0.002442002442002442,326.56,-23.5,84.62,O2
0.005860805860805861,0.015384615384615385,0.033455433455433455,0.01221001221001221,0.0029304029304029304,326.25,-23.56,84.87,O2
0.002686202686202686,0.00927960927960928,0.026617826617826617,0.004884004884004884,0.0031746031746031746,326.19,-23.62,84.62,O2
0.0004884004884004884,0.004884004884004884,0.02197802197802198,0.0,0.003418803418803419,325.75,-23.56,84.56,O2
0.001221001221001221,0.0019536019536019536,0.01855921855921856,0.003418803418803419,0.003663003663003663,325.5,-23.62,84.31,O2
0.0019536019536019536,0.0,0.016361416361416362,0.005372405372405372,0.003663003663003663,325.56,-23.62,84.06,O2
0.0019536019536019536,0.0,0.015873015873015872,0.005616605616605617,0.003907203907203907,325.44,-23.81,83.87,O2
0.0014652014652014652,0.0017094017094017094,0.017582417582417582,0.004151404151404151,0.003907203907203907,325.31,-24.19,83.69,O2
0.0002442002442002442,0.005860805860805861,0.023931623931623933,0.0002442002442002442,0.003907203907203907,326.25,-24.25,83.94,O2
0.00463980463980464,0.012454212454212455,0.03663003663003663,0.010500610500610501,0.003907203907203907,326.87,-24.12,84.31,O2
0.011233211233211233,0.023931623931623933,0.050061050061050064,0.02442002442002442,0.002686202686202686,327.0,-24.25,84.12,O2
0.019536019536019536,0.04004884004884005,0.05934065934065934,0.03956043956043956,0.0019536019536019536,327.19,-24.0,83.81,O2
0.026373626373626374,0.05128205128205128,0.06593406593406594,0.050061050061050064,0.001221001221001221,327.25,-23.69,83.62,O2
0.03125763125763126,0.05934065934065934,0.07008547008547009,0.057631257631257635,0.0007326007326007326,327.5,-23.5,83.37,O2
0.034432234432234435,0.06446886446886448,0.07179487179487179,0.06129426129426129,0.0004884004884004884,327.75,-23.31,83.06,O2
0.03638583638583639,0.06691086691086691,0.07228327228327229,0.06324786324786325,0.0002442002442002442,327.81,-23.12,82.87,O2
0.03711843711843712,0.06813186813186813,0.07179487179487179,0.06373626373626373,0.0002442002442002442,328.06,-23.12,82.87,O2
0.03785103785103785,0.06813186813186813,0.07106227106227106,0.06373626373626373,0.0,328.19,-23.19,82.62,O2
0.037606837606837605,0.06764346764346764,0.07008547008547009,0.06324786324786325,0.0,327.87,-23.75,81.56,O2
0.03638583638583639,0.06691086691086691,0.06837606837606838,0.06105006105006105,0.0,325.94,-24.5,82.37,O2
0.03247863247863248,0.060805860805860805,0.06666666666666667,0.050793650793650794,0.0,325.69,-24.5,83.12,O2
0.02612942612942613,0.047619047619047616,0.05934065934065934,0.03785103785103785,0.001221001221001221,325.56,-24.19,83.25,O2
0.018315018315018316,0.033455433455433455,0.04835164835164835,0.026862026862026864,0.002197802197802198,325.19,-24.12,83.5,O2
0.011965811965811967,0.022222222222222223,0.038583638583638585,0.014896214896214897,0.002686202686202686,325.5,-24.06,83.25,O2
0.007081807081807082,0.013675213675213675,0.030525030525030524,0.005860805860805861,0.0031746031746031746,325.12,-24.0,83.5,O2
0.003663003663003663,0.007814407814407814,0.02442002442002442,0.0004884004884004884,0.003418803418803419,325.19,-24.0,83.5,O2
0.001221001221001221,0.003663003663003663,0.019536019536019536,0.004884004884004884,0.003663003663003663,325.0,-24.0,83.56,O2
0.0004884004884004884,0.0007326007326007326,0.016361416361416362,0.00805860805860806,0.003663003663003663,324.94,-23.94,83.31,O2
0.0017094017094017094,0.0014652014652014652,0.014163614163614164,0.010012210012210013,0.003907203907203907,324.25,-24.0,83.5,O2
0.0014652014652014652,0.0007326007326007326,0.014163614163614164,0.00927960927960928,0.003907203907203907,324.25,-24.12,83.44,O2
0.0031746031746031746,0.004151404151404151,0.017826617826617826,0.005616605616605617,0.003907203907203907,324.75,-23.87,83.12,O2
0.010012210012210013,0.013431013431013432,0.029792429792429794,0.004884004884004884,0.002686202686202686,325.5,-23.62,82.19,O2
0.017094017094017096,0.02612942612942613,0.04371184371184371,0.018315018315018316,0.0019536019536019536,325.69,-23.12,83.25,O2
0.02271062271062271,0.04004884004884005,0.054212454212454214,0.03296703296703297,0.0014652014652014652,326.31,-22.94,83.25,O2
0.02783882783882784,0.05103785103785104,0.06153846153846154,0.043467643467643466,0.0009768009768009768,326.5,-22.75,83.0,O2
0.0315018315018315,0.05860805860805861,0.06666666666666667,0.05054945054945055,0.0007326007326007326,326.94,-22.62,82.69,O2
0.03394383394383394,0.06398046398046398,0.06862026862026863,0.0547008547008547,0.0004884004884004884,327.31,-22.56,82.56,O2
0.03418803418803419,0.06593406593406594,0.06886446886446887,0.05616605616605617,0.0004884004884004884,327.56,-22.5,82.44,O2
0.033455433455433455,0.06642246642246642,0.06837606837606838,0.05641025641025641,0.0002442002442002442,327.62,-22.44,82.31,O2
0.032722832722832725,0.06617826617826618,0.06764346764346764,0.05616605616605617,0.0002442002442002442,328.12,-22.5,82.06,O2
0.031746031746031744,0.06568986568986569,0.06666666666666667,0.05543345543345543,0.0002442002442002442,327.81,-23.5,81.37,O2
0.031013431013431014,0.06495726495726496,0.06544566544566545,0.0547008547008547,0.0002442002442002442,326.44,-24.19,82.31,O2
0.028327228327228327,0.06153846153846154,0.06446886446886448,0.04908424908424908,0.0014652014652014652,325.87,-23.75,83.0,O2
0.0231990231990232,0.050793650793650794,0.059096459096459095,0.0380952380952381,0.002197802197802198,326.25,-23.19,82.94,O2
0.01684981684981685,0.036874236874236875,0.04810744810744811,0.023931623931623933,0.003907203907203907,325.56,-23.0,83.25,O2
0.010744810744810745,0.024664224664224663,0.03785103785103785,0.01221001221001221,0.004884004884004884,325.75,-23.0,83.25,O2
0.005860805860805861,0.015384615384615385,0.029548229548229547,0.003663003663003663,0.005860805860805861,325.94,-23.06,83.12,O2
0.002197802197802198,0.009035409035409036,0.023443223443223443,0.002197802197802198,0.006349206349206349,326.0,-23.06,82.94,O2
0.0002442002442002442,0.00463980463980464,0.018803418803418803,0.006105006105006105,0.006837606837606838,326.06,-23.06,82.69,O2
0.0019536019536019536,0.0014652014652014652,0.015873015873015872,0.008791208791208791,0.007081807081807082,326.0,-23.12,82.56,O2
0.0029304029304029304,0.0004884004884004884,0.013675213675213675,0.010012210012210013,0.007326007326007326,326.06,-23.0,82.37,O2
0.003418803418803419,0.001221001221001221,0.012454212454212455,0.010744810744810745,0.007326007326007326,326.06,-23.0,81.87,O2
0.002197802197802198,0.0004884004884004884,0.012942612942612943,0.00927960927960928,0.00757020757020757,326.56,-23.0,81.56,O2
0.0002442002442002442,0.005372405372405372,0.020512820512820513,0.0029304029304029304,0.006349206349206349,327.69,-22.44,81.19,O2
0.006105006105006105,0.014652014652014652,0.036874236874236875,0.014407814407814409,0.004395604395604396,329.62,-21.44,81.69,O2
0.01611721611721612,0.03296703296703297,0.05299145299145299,0.03638583638583639,0.0019536019536019536,329.94,-21.19,82.06,O2
0.027106227106227107,0.04884004884004884,0.06446886446886448,0.051770451770451774,0.0,329.37,-21.25,82.31,O2
0.03492063492063492,0.060073260073260075,0.07228327228327229,0.06251526251526252,0.001221001221001221,329.44,-21.25,82.25,O2
0.040293040293040296,0.06764346764346764,0.07545787545787545,0.06788766788766788,0.0019536019536019536,329.56,-21.31,82.25,O2
0.042735042735042736,0.07106227106227106,0.0761904761904762,0.06984126984126984,0.002686202686202686,329.75,-21.37,82.19,O2
0.04395604395604396,0.07252747252747253,0.07594627594627594,0.07032967032967033,0.0029304029304029304,329.75,-21.44,82.19,O2
0.0442002442002442,0.07228327228327229,0.07496947496947497,0.07008547008547009,0.0031746031746031746,329.06,-22.31,81.31,O2
0.04297924297924298,0.0713064713064713,0.07277167277167278,0.06886446886446887,0.003418803418803419,327.44,-24.12,80.81,O2
0.038583638583638585,0.06617826617826618,0.07106227106227106,0.06227106227106227,0.002442002442002442,327.06,-23.81,81.75,O2
0.031013431013431014,0.05347985347985348,0.06544566544566545,0.05030525030525031,0.0017094017094017094,326.81,-23.44,82.25,O2
0.02271062271062271,0.03882783882783883,0.054212454212454214,0.03736263736263736,0.0009768009768009768,326.56,-23.25,82.31,O2
0.015873015873015872,0.026617826617826617,0.04297924297924298,0.0231990231990232,0.0007326007326007326,326.87,-23.19,82.0,O2
0.010744810744810745,0.017582417582417582,0.0336996336996337,0.012942612942612943,0.0007326007326007326,326.69,-23.19,82.06,O2
0.007326007326007326,0.011477411477411478,0.026862026862026864,0.005616605616605617,0.0014652014652014652,326.81,-23.25,81.87,O2
0.00463980463980464,0.007081807081807082,0.02197802197802198,0.0004884004884004884,0.002197802197802198,326.69,-23.37,81.81,O2
0.0029304029304029304,0.003907203907203907,0.018803418803418803,0.002686202686202686,0.002686202686202686,326.37,-23.56,81.69,O2
0.0019536019536019536,0.002197802197802198,0.016605616605616606,0.004151404151404151,0.0029304029304029304,326.0,-23.81,81.75,O2
0.0019536019536019536,0.0017094017094017094,0.01611721611721612,0.00463980463980464,0.0031746031746031746,325.62,-24.06,81.81,O2
0.002686202686202686,0.0019536019536019536,0.015873015873015872,0.004151404151404151,0.003418803418803419,325.37,-24.37,81.87,O2
0.005128205128205128,0.002686202686202686,0.018315018315018316,0.0019536019536019536,0.003418803418803419,325.31,-24.37,81.75,O2
0.009035409035409036,0.007326007326007326,0.029304029304029304,0.00805860805860806,0.003663003663003663,325.31,-24.81,81.37,O2
0.014652014652014652,0.015873015873015872,0.04322344322344322,0.02271062271062271,0.002442002442002442,325.81,-24.12,82.56,O2
0.022222222222222223,0.03028083028083028,0.05616605616605617,0.03833943833943834,0.0004884004884004884,325.87,-24.0,83.19,O2
0.031013431013431014,0.04566544566544566,0.06495726495726496,0.04932844932844933,0.0007326007326007326,325.5,-23.94,83.06,O2
0.03711843711843712,0.05641025641025641,0.0713064713064713,0.05714285714285714,0.0017094017094017094,325.25,-23.69,82.94,O2
0.04151404151404151,0.06373626373626373,0.07521367521367521,0.06105006105006105,0.002197802197802198,325.5,-23.62,82.81,O2
0.04297924297924298,0.0673992673992674,0.07594627594627594,0.06275946275946276,0.002686202686202686,325.44,-23.62,82.94,O2
0.043467643467643466,0.06862026862026863,0.07594627594627594,0.06324786324786325,0.0029304029304029304,325.94,-23.62,82.62,O2
0.04322344322344322,0.06886446886446887,0.07521367521367521,0.06349206349206349,0.0031746031746031746,326.81,-23.87,81.81,O2
0.04224664224664225,0.06837606837606838,0.073992673992674,0.06349206349206349,0.003418803418803419,327.12,-24.44,81.19,O2
0.040293040293040296,0.06666666666666667,0.07203907203907203,0.06324786324786325,0.003418803418803419,328.31,-24.87,80.31,O2
0.03785103785103785,0.06373626373626373,0.07008547008547009,0.06153846153846154,0.003663003663003663,330.0,-25.5,79.87,O2
0.03418803418803419,0.05811965811965812,0.06837606837606838,0.054945054945054944,0.002442002442002442,331.44,-25.62,80.37,O2
0.028083028083028084,0.046886446886446886,0.06324786324786325,0.043467643467643466,0.0017094017094017094,332.19,-25.12,80.69,O2
0.019536019536019536,0.03247863247863248,0.051770451770451774,0.031013431013431014,0.001221001221001221,332.94,-24.94,80.31,O2
0.013431013431013432,0.02148962148962149,0.04078144078144078,0.018315018315018316,0.0007326007326007326,334.19,-24.62,79.44,O2
0.009035409035409036,0.013675213675213675,0.03247863247863248,0.009035409035409036,0.0004884004884004884,335.81,-24.5,78.87,O2
0.006105006105006105,0.00805860805860806,0.026617826617826617,0.002442002442002442,0.0002442002442002442,335.81,-24.56,78.94,O2
0.003907203907203907,0.004395604395604396,0.02197802197802198,0.002197802197802198,0.0009768009768009768,336.12,-24.44,78.75,O2
0.002442002442002442,0.0017094017094017094,0.018803418803418803,0.005372405372405372,0.0017094017094017094,336.62,-24.56,78.5,O2
0.0014652014652014652,0.0,0.016605616605616606,0.007814407814407814,0.002442002442002442,336.56,-24.69,78.19,O2
0.0009768009768009768,0.0009768009768009768,0.01562881562881563,0.008791208791208791,0.002686202686202686,335.56,-24.81,78.56,O2
0.0009768009768009768,0.0002442002442002442,0.016605616605616606,0.008302808302808303,0.0019536019536019536,335.75,-24.5,78.94,O2
0.003663003663003663,0.003907203907203907,0.023931623931623933,0.002442002442002442,0.0014652014652014652,336.5,-23.69,79.31,O2
0.009035409035409036,0.013186813186813187,0.03833943833943834,0.011965811965811967,0.0009768009768009768,338.12,-22.56,79.19,O2
0.017826617826617826,0.028083028083028084,0.050793650793650794,0.02783882783882784,0.0007326007326007326,338.12,-22.19,79.44,O2
0.024664224664224663,0.041025641025641026,0.05958485958485959,0.039316239316239315,0.0007326007326007326,338.44,-22.0,79.19,O2
0.029304029304029304,0.050061050061050064,0.06568986568986569,0.04713064713064713,0.0017094017094017094,338.5,-21.94,78.94,O2
0.032722832722832725,0.05641025641025641,0.06837606837606838,0.05274725274725275,0.001221001221001221,338.75,-21.87,78.62,O2
0.03321123321123321,0.05982905982905983,0.06935286935286936,0.05445665445665446,0.0007326007326007326,339.0,-21.87,78.37,O2
0.03296703296703297,0.06129426129426129,0.06910866910866911,0.0547008547008547,0.0007326007326007326,339.31,-21.94,78.12,O2
0.03247863247863248,0.061782661782661785,0.06862026862026863,0.0547008547008547,0.0004884004884004884,339.5,-22.19,77.87,O2
0.0315018315018315,0.06153846153846154,0.06715506715506715,0.054212454212454214,0.0002442002442002442,339.5,-23.19,77.56,O2
0.029548229548229547,0.059096459096459095,0.06446886446886448,0.05201465201465202,0.0002442002442002442,337.75,-23.62,78.62,O2
0.025396825396825397,0.04908424908424908,0.061782661782661785,0.04322344322344322,0.0,338.56,-22.81,79.19,O2
0.019291819291819293,0.034432234432234435,0.05128205128205128,0.03076923076923077,0.0,336.94,-22.44,79.87,O2
0.012942612942612943,0.02197802197802198,0.03956043956043956,0.01684981684981685,0.0,333.44,-22.56,80.87,O2
0.007814407814407814,0.013186813186813187,0.030525030525030524,0.007081807081807082,0.0,332.5,-22.12,87.25,O2
0.004395604395604396,0.007081807081807082,0.024175824175824177,0.0002442002442002442,0.0,329.94,-19.25,95.69,O2
0.0017094017094017094,0.002686202686202686,0.019536019536019536,0.004151404151404151,0.001221001221001221,329.94,-18.81,97.25,O2
0.0002442002442002442,0.0002442002442002442,0.016361416361416362,0.007081807081807082,0.0019536019536019536,329.44,-18.62,98.62,O2
0.0007326007326007326,0.0019536019536019536,0.01391941391941392,0.00927960927960928,0.002442002442002442,329.19,-18.44,99.56,O2
0.0014652014652014652,0.003418803418803419,0.011965811965811967,0.010500610500610501,0.0029304029304029304,328.62,-18.37,100.31,O2
0.0019536019536019536,0.004151404151404151,0.010744810744810745,0.011477411477411478,0.0031746031746031746,328.56,-18.31,100.12,O2
0.0017094017094017094,0.00463980463980464,0.009768009768009768,0.011721611721611722,0.002197802197802198,328.06,-18.62,97.25,O2
0.0004884004884004884,0.002686202686202686,0.011721611721611722,0.009523809523809525,0.0017094017094017094,324.37,-21.44,96.31,O2
0.003907203907203907,0.007081807081807082,0.02905982905982906,0.00805860805860806,0.0,322.19,-24.25,94.75,O2
0.01562881562881563,0.028815628815628817,0.046153846153846156,0.028327228327228327,0.001221001221001221,320.62,-26.56,94.62,O2
0.023931623931623933,0.04395604395604396,0.05811965811965812,0.04224664224664225,0.0019536019536019536,320.75,-26.81,94.56,O2
0.029792429792429794,0.0547008547008547,0.06642246642246642,0.05225885225885226,0.002442002442002442,320.75,-26.56,94.62,O2
0.032722832722832725,0.06202686202686203,0.07008547008547009,0.0568986568986569,0.0029304029304029304,320.69,-26.44,94.69,O2
0.033455433455433455,0.06568986568986569,0.0713064713064713,0.059096459096459095,0.0019536019536019536,321.0,-25.87,94.87,O2
0.033455433455433455,0.06691086691086691,0.0713064713064713,0.060073260073260075,0.0014652014652014652,321.31,-25.31,94.06,O2
0.032722832722832725,0.06691086691086691,0.07032967032967033,0.05982905982905983,0.0009768009768009768,319.5,-24.37,94.06,O2
0.03125763125763126,0.06471306471306472,0.06862026862026863,0.05714285714285714,0.0007326007326007326,328.12,-16.31,98.94,O2
0.026862026862026864,0.0568986568986569,0.06666666666666667,0.04835164835164835,0.0004884004884004884,331.12,-14.13,101.31,O2
0.02026862026862027,0.042002442002442006,0.05543345543345543,0.032722832722832725,0.0002442002442002442,332.37,-13.44,101.31,O2
0.013431013431013432,0.02857142857142857,0.04297924297924298,0.017826617826617826,0.0002442002442002442,333.44,-13.19,100.37,O2
0.008302808302808303,0.01855921855921856,0.032722832722832725,0.007326007326007326,0.0009768009768009768,334.25,-13.13,100.31,O2
0.00463980463980464,0.011477411477411478,0.025396825396825397,0.0,0.0019536019536019536,334.5,-13.38,99.94,O2
0.002197802197802198,0.006593406593406593,0.020024420024420026,0.005128205128205128,0.001221001221001221,333.87,-13.38,99.19,O2
0.0004884004884004884,0.0031746031746031746,0.016361416361416362,0.008547008547008548,0.0019536019536019536,333.06,-13.56,97.19,O2
0.0,0.003663003663003663,0.01562881562881563,0.008791208791208791,0.002686202686202686,332.37,-13.69,96.75,O2
0.0017094017094017094,0.00757020757020757,0.01978021978021978,0.006349206349206349,0.0019536019536019536,331.5,-13.88,96.19,O2
0.004151404151404151,0.012942612942612943,0.027594627594627594,0.0,0.001221001221001221,329.81,-15.25,95.56,O2
0.007814407814407814,0.01978021978021978,0.037606837606837605,0.009768009768009768,0.0009768009768009768,327.56,-18.37,94.25,O2
0.012942612942612943,0.0315018315018315,0.04884004884004884,0.02197802197802198,0.0007326007326007326,325.5,-21.56,92.81,O2
0.01855921855921856,0.04395604395604396,0.056654456654456654,0.032722832722832725,0.0004884004884004884,324.44,-21.81,92.12,O2
0.02271062271062271,0.05274725274725275,0.06227106227106227,0.04053724053724054,0.0002442002442002442,323.87,-22.06,91.87,O2
0.025396825396825397,0.05885225885225885,0.06495726495726496,0.04566544566544566,0.0002442002442002442,323.62,-22.25,91.75,O2
0.026373626373626374,0.06202686202686203,0.06593406593406594,0.04835164835164835,0.0002442002442002442,323.56,-22.0,92.0,O2
0.026617826617826617,0.063003663003663,0.06568986568986569,0.04981684981684982,0.0002442002442002442,323.62,-21.75,92.0,O2
0.026373626373626374,0.06324786324786325,0.06495726495726496,0.050061050061050064,0.0,322.75,-21.69,92.19,O2
0.02564102564102564,0.063003663003663,0.06373626373626373,0.04932844932844933,0.0,322.69,-22.0,92.37,O2
0.02490842490842491,0.06227106227106227,0.06275946275946276,0.04835164835164835,0.0,322.19,-20.37,92.75,O2
0.023931623931623933,0.060805860805860805,0.06129426129426129,0.04713064713064713,0.0,332.37,-12.0,99.12,O2
0.02026862026862027,0.05347985347985348,0.060073260073260075,0.038583638583638585,0.0009768009768009768,334.37,-10.56,100.5,O2
0.012698412698412698,0.037606837606837605,0.04810744810744811,0.02271062271062271,0.0019536019536019536,334.56,-10.31,101.06,O2
0.007326007326007326,0.024175824175824177,0.03638583638583639,0.008791208791208791,0.002442002442002442,335.19,-10.19,100.81,O2
0.003418803418803419,0.014652014652014652,0.026862026862026864,0.0009768009768009768,0.0029304029304029304,335.62,-10.0,100.87,O2
0.0009768009768009768,0.007814407814407814,0.020024420024420026,0.007814407814407814,0.0031746031746031746,335.69,-9.81,100.75,O2
0.0009768009768009768,0.0031746031746031746,0.01514041514041514,0.012454212454212455,0.003418803418803419,335.56,-9.63,100.69,O2
0.002197802197802198,0.0002442002442002442,0.011477411477411478,0.01562881562881563,0.003418803418803419,335.31,-9.63,99.75,O2
0.0031746031746031746,0.002197802197802198,0.00927960927960928,0.01733821733821734,0.003663003663003663,334.5,-9.88,97.87,O2
0.0031746031746031746,0.0017094017094017094,0.010012210012210013,0.01684981684981685,0.003663003663003663,333.75,-10.63,95.25,O2
0.0009768009768009768,0.0029304029304029304,0.01733821733821734,0.012454212454212455,0.002686202686202686,330.19,-13.0,94.06,O2
0.003907203907203907,0.011477411477411478,0.03223443223443224,0.0002442002442002442,0.0019536019536019536,327.75,-16.44,93.12,O2
0.011477411477411478,0.026862026862026864,0.04737484737484737,0.01684981684981685,0.001221001221001221,325.56,-20.12,93.19,O2
0.020024420024420026,0.042735042735042736,0.05787545787545788,0.030036630036630037,0.0007326007326007326,325.19,-20.37,92.87,O2
0.02612942612942613,0.05372405372405373,0.06544566544566545,0.03907203907203907,0.0004884004884004884,324.5,-20.94,92.5,O2
0.03028083028083028,0.06153846153846154,0.06910866910866911,0.04566544566544566,0.0002442002442002442,323.75,-21.0,92.69,O2
0.03199023199023199,0.06544566544566545,0.07032967032967033,0.04835164835164835,0.0002442002442002442,323.44,-20.94,92.75,O2
0.032722832722832725,0.0673992673992674,0.07032967032967033,0.04957264957264957,0.0002442002442002442,323.5,-20.94,92.87,O2
0.032722832722832725,0.06813186813186813,0.06984126984126984,0.04981684981684982,0.0002442002442002442,323.44,-20.81,93.06,O2
0.03223443223443224,0.06788766788766788,0.06886446886446887,0.04957264957264957,0.0002442002442002442,323.62,-20.5,93.12,O2
0.0315018315018315,0.0673992673992674,0.06788766788766788,0.04884004884004884,0.0002442002442002442,321.81,-19.19,93.12,O2
0.03028083028083028,0.06593406593406594,0.06617826617826618,0.046886446886446886,0.0002442002442002442,328.37,-13.63,101.5,O2
0.027106227106227107,0.056654456654456654,0.06422466422466422,0.03565323565323565,0.001221001221001221,333.06,-10.44,104.75,O2
0.019536019536019536,0.040293040293040296,0.052503052503052504,0.019291819291819293,0.0019536019536019536,333.12,-10.44,105.81,O2
0.012454212454212455,0.026373626373626374,0.04004884004884005,0.005860805860805861,0.002442002442002442,333.37,-10.44,105.44,O2
0.007081807081807082,0.01611721611721612,0.03028083028083028,0.003663003663003663,0.0029304029304029304,333.37,-10.44,105.5,O2
0.0031746031746031746,0.009035409035409036,0.022954822954822957,0.010500610500610501,0.003418803418803419,333.12,-10.44,105.37,O2
0.0004884004884004884,0.003907203907203907,0.018070818070818073,0.014652014652014652,0.003418803418803419,332.75,-10.56,104.37,O2
0.0014652014652014652,0.0007326007326007326,0.014407814407814409,0.01684981684981685,0.003663003663003663,332.69,-10.88,102.94,O2
0.002197802197802198,0.0,0.013431013431013432,0.01733821733821734,0.003663003663003663,332.5,-10.81,102.0,O2
0.001221001221001221,0.0007326007326007326,0.013431013431013432,0.01733821733821734,0.003663003663003663,331.81,-11.0,99.44,O2
0.0002442002442002442,0.0004884004884004884,0.015873015873015872,0.01514041514041514,0.003663003663003663,329.06,-13.0,97.19,O2
0.002442002442002442,0.006105006105006105,0.02612942612942613,0.008302808302808303,0.002686202686202686,328.75,-14.13,97.06,O2
0.006105006105006105,0.017582417582417582,0.042002442002442006,0.007814407814407814,0.0019536019536019536,328.12,-15.63,96.56,O2
0.016361416361416362,0.037606837606837605,0.05714285714285714,0.028815628815628817,0.0002442002442002442,326.81,-17.44,95.62,O2
0.028083028083028084,0.052503052503052504,0.06788766788766788,0.043467643467643466,0.0009768009768009768,326.0,-18.5,94.69,O2
0.03638583638583639,0.063003663003663,0.07521367521367521,0.05372405372405373,0.0019536019536019536,324.56,-19.5,93.94,O2
0.04224664224664225,0.07032967032967033,0.07741147741147741,0.058363858363858365,0.001221001221001221,324.0,-19.94,93.62,O2
0.04468864468864469,0.07374847374847375,0.07765567765567766,0.05958485958485959,0.0009768009768009768,323.87,-20.06,93.62,O2
0.04542124542124542,0.07496947496947497,0.07716727716727717,0.05934065934065934,0.0007326007326007326,323.69,-19.81,93.94,O2
0.04542124542124542,0.07496947496947497,0.07594627594627594,0.05885225885225885,0.0004884004884004884,323.56,-18.19,94.62,O2
0.0442002442002442,0.073992673992674,0.0735042735042735,0.057631257631257635,0.0004884004884004884,323.75,-16.81,96.06,O2
0.04053724053724054,0.06837606837606838,0.0713064713064713,0.053235653235653234,0.0002442002442002442,328.37,-12.94,102.62,O2
0.033455433455433455,0.05616605616605617,0.06617826617826618,0.042002442002442006,0.0002442002442002442,331.75,-11.19,105.0,O2
0.02442002442002442,0.041025641025641026,0.054212454212454214,0.028815628815628817,0.0002442002442002442,332.44,-10.81,105.87,O2
0.017094017094017096,0.02783882783882784,0.04249084249084249,0.015873015873015872,0.0002442002442002442,332.62,-10.69,106.06,O2
0.011965811965811967,0.018803418803418803,0.03296703296703297,0.006349206349206349,0.0002442002442002442,332.56,-10.56,106.12,O2
0.008302808302808303,0.01221001221001221,0.02612942612942613,0.0,0.0,332.31,-10.44,105.31,O2
0.005616605616605617,0.007814407814407814,0.02148962148962149,0.00463980463980464,0.0,331.62,-10.44,103.87,O2
0.003907203907203907,0.004884004884004884,0.018070818070818073,0.007326007326007326,0.0,331.44,-11.06,100.87,O2
0.004151404151404151,0.005372405372405372,0.01855921855921856,0.007814407814407814,0.0,330.56,-11.25,97.87,O2
0.006593406593406593,0.006349206349206349,0.02148962148962149,0.006105006105006105,0.0,326.25,-15.06,96.44,O2
0.01098901098901099,0.01221001221001221,0.03321123321123321,0.002686202686202686,0.001221001221001221,324.69,-18.06,94.81,O2
0.01904761904761905,0.026617826617826617,0.04786324786324787,0.020024420024420026,0.0019536019536019536,321.19,-21.0,94.75,O2
0.028327228327228327,0.044444444444444446,0.05811965811965812,0.035897435897435895,0.002442002442002442,322.06,-20.0,94.75,O2
0.03467643467643468,0.0568986568986569,0.06544566544566545,0.046886446886446886,0.0029304029304029304,321.81,-19.75,94.5,O2
0.03907203907203907,0.06544566544566545,0.07057387057387057,0.0547008547008547,0.0031746031746031746,321.75,-19.69,94.56,O2
0.04126984126984127,0.0695970695970696,0.07228327228327229,0.05860805860805861,0.003418803418803419,321.81,-19.5,94.81,O2
0.042002442002442006,0.0713064713064713,0.07252747252747253,0.06031746031746032,0.003418803418803419,321.69,-19.19,95.19,O2
0.042002442002442006,0.07203907203907203,0.07203907203907203,0.06056166056166056,0.003663003663003663,321.06,-18.44,96.12,O2
0.041025641025641026,0.07155067155067155,0.07057387057387057,0.05958485958485959,0.002442002442002442,325.31,-14.0,101.5,O2
0.03736263736263736,0.06642246642246642,0.06886446886446887,0.05299145299145299,0.0017094017094017094,328.69,-11.25,105.19,O2
0.030036630036630037,0.05299145299145299,0.06056166056166056,0.03882783882783883,0.001221001221001221,331.0,-9.94,107.0,O2
0.02197802197802198,0.0380952380952381,0.04908424908424908,0.024664224664224663,0.0007326007326007326,331.31,-9.75,108.31,O2
0.01514041514041514,0.026373626373626374,0.03833943833943834,0.011721611721611722,0.0004884004884004884,332.0,-9.44,108.25,O2
0.010012210012210013,0.017582417582417582,0.030036630036630037,0.002686202686202686,0.0007326007326007326,332.62,-9.06,108.0,O2
0.006349206349206349,0.011233211233211233,0.023687423687423687,0.003663003663003663,0.0017094017094017094,332.81,-8.94,107.62,O2
0.003663003663003663,0.006837606837606838,0.01904761904761905,0.008302808302808303,0.002197802197802198,332.87,-8.81,107.37,O2
0.0019536019536019536,0.003907203907203907,0.01562881562881563,0.011233211233211233,0.002686202686202686,332.81,-8.75,106.75,O2
0.0007326007326007326,0.0017094017094017094,0.013431013431013432,0.013431013431013432,0.0031746031746031746,332.25,-8.69,105.5,O2
0.0002442002442002442,0.0004884004884004884,0.01221001221001221,0.014407814407814409,0.0031746031746031746,332.62,-8.44,101.69,O2
0.0014652014652014652,0.0007326007326007326,0.013186813186813187,0.013675213675213675,0.002442002442002442,325.44,-14.0,98.94,O2
0.007081807081807082,0.00805860805860806,0.027106227106227107,0.004395604395604396,0.0017094017094017094,324.06,-17.19,98.69,O2
0.017826617826617826,0.026373626373626374,0.044444444444444446,0.015873015873015872,0.0,322.94,-17.44,98.12,O2
0.026617826617826617,0.04151404151404151,0.05641025641025641,0.029792429792429794,0.001221001221001221,321.0,-18.06,97.81,O2
0.032722832722832725,0.05201465201465202,0.06471306471306472,0.0398046398046398,0.0019536019536019536,320.25,-18.12,97.81,O2
0.03711843711843712,0.05958485958485959,0.06886446886446887,0.045177045177045176,0.0014652014652014652,320.5,-18.0,97.81,O2
0.03907203907203907,0.06349206349206349,0.07032967032967033,0.04810744810744811,0.0009768009768009768,320.56,-17.94,97.69,O2
0.04004884004884005,0.06544566544566545,0.07106227106227106,0.04932844932844933,0.0007326007326007326,321.12,-17.56,97.87,O2
0.040293040293040296,0.06617826617826618,0.07081807081807082,0.04981684981684982,0.0004884004884004884,322.37,-13.94,101.5,O2
0.039316239316239315,0.06568986568986569,0.06886446886446887,0.04908424908424908,0.0002442002442002442,330.25,-8.44,105.75,O2
0.03394383394383394,0.057631257631257635,0.06715506715506715,0.04249084249084249,0.0002442002442002442,333.56,-6.56,108.31,O2
0.02612942612942613,0.04371184371184371,0.05714285714285714,0.030036630036630037,0.0,334.06,-6.44,109.19,O2
0.018315018315018316,0.030525030525030524,0.045177045177045176,0.016361416361416362,0.0,334.62,-6.25,109.44,O2
0.012454212454212455,0.02026862026862027,0.035164835164835165,0.005860805860805861,0.0,335.06,-6.06,109.06,O2
0.008302808302808303,0.013186813186813187,0.02735042735042735,0.0014652014652014652,0.001221001221001221,335.12,-6.0,108.81,O2
0.005372405372405372,0.00805860805860806,0.02197802197802198,0.006593406593406593,0.0019536019536019536,335.19,-5.87,108.44,O2
0.003418803418803419,0.004395604395604396,0.018070818070818073,0.010012210012210013,0.002442002442002442,335.37,-5.69,108.25,O2
0.0019536019536019536,0.0019536019536019536,0.01514041514041514,0.012454212454212455,0.0029304029304029304,335.5,-5.44,107.69,O2
0.001221001221001221,0.0002442002442002442,0.013186813186813187,0.014163614163614164,0.0031746031746031746,335.94,-5.31,104.87,O2
0.0004884004884004884,0.0009768009768009768,0.011721611721611722,0.014896214896214897,0.003418803418803419,334.87,-6.19,101.87,O2
0.004395604395604396,0.0004884004884004884,0.014896214896214897,0.012942612942612943,0.002442002442002442,331.31,-9.25,100.5,O2
0.012942612942612943,0.011477411477411478,0.031746031746031744,0.001221001221001221,0.0004884004884004884,327.81,-12.13,99.62,O2
0.0231990231990232,0.030036630036630037,0.04664224664224664,0.01904761904761905,0.0007326007326007326,325.87,-14.06,98.5,O2
0.030525030525030524,0.043467643467643466,0.057387057387057384,0.0315018315018315,0.0017094017094017094,325.25,-14.81,98.31,O2
0.03565323565323565,0.05299145299145299,0.06471306471306472,0.04004884004884005,0.001221001221001221,324.5,-15.19,98.31,O2
0.039316239316239315,0.05958485958485959,0.06764346764346764,0.04395604395604396,0.0007326007326007326,324.31,-15.13,98.56,O2
0.04053724053724054,0.06275946275946276,0.06862026862026863,0.04566544566544566,0.0004884004884004884,323.94,-15.19,98.94,O2
0.04053724053724054,0.06398046398046398,0.06862026862026863,0.046153846153846156,0.0002442002442002442,323.81,-15.19,98.94,O2
0.040293040293040296,0.06446886446886448,0.06837606837606838,0.046153846153846156,0.0002442002442002442,324.25,-14.63,99.19,O2
0.0398046398046398,0.06398046398046398,0.0673992673992674,0.04590964590964591,0.0,325.37,-12.0,100.31,O2
0.038583638583638585,0.06227106227106227,0.0652014652014652,0.04468864468864469,0.0,330.0,-8.0,108.25,O2
0.03565323565323565,0.05567765567765568,0.06373626373626373,0.0380952380952381,0.0,334.69,-5.06,110.87,O2
0.030525030525030524,0.042735042735042736,0.054945054945054944,0.02783882783882784,0.0,336.62,-4.0,111.5,O2
0.022954822954822957,0.028815628815628817,0.043467643467643466,0.01514041514041514,0.0,336.94,-3.87,111.12,O2
0.01611721611721612,0.01855921855921856,0.033455433455433455,0.005128205128205128,0.0,337.31,-3.69,110.75,O2
0.011233211233211233,0.011233211233211233,0.026373626373626374,0.0017094017094017094,0.0,337.37,-3.56,110.19,O2
0.00805860805860806,0.006349206349206349,0.021245421245421246,0.006349206349206349,0.0,337.44,-3.44,109.19,O2
0.005616605616605617,0.0029304029304029304,0.017582417582417582,0.009768009768009768,0.0,338.12,-3.06,108.06,O2
0.00463980463980464,0.0007326007326007326,0.01562881562881563,0.011477411477411478,0.0,339.31,-2.37,107.25,O2
0.004395604395604396,0.0,0.014896214896214897,0.011965811965811967,0.0,340.25,-1.87,105.94,O2
0.005372405372405372,0.0017094017094017094,0.01733821733821734,0.01098901098901099,0.0,338.25,-2.81,104.25,O2
0.008302808302808303,0.006837606837606838,0.026862026862026864,0.003663003663003663,0.0009768009768009768,332.25,-6.31,103.44,O2
0.014652014652014652,0.020024420024420026,0.042002442002442006,0.012698412698412698,0.0019536019536019536,329.12,-11.75,100.5,O2
0.0231990231990232,0.03663003663003663,0.05274725274725275,0.025152625152625153,0.002442002442002442,328.0,-11.88,100.87,O2
0.029304029304029304,0.04835164835164835,0.06056166056166056,0.03394383394383394,0.0017094017094017094,326.87,-12.13,100.94,O2
0.033455433455433455,0.056654456654456654,0.06593406593406594,0.040293040293040296,0.001221001221001221,326.31,-12.25,101.0,O2
0.035164835164835165,0.060805860805860805,0.06813186813186813,0.04322344322344322,0.0007326007326007326,326.25,-12.38,100.87,O2
0.035897435897435895,0.06251526251526252,0.06886446886446887,0.04493284493284493,0.0004884004884004884,326.12,-12.38,100.94,O2
0.036141636141636145,0.06324786324786325,0.06862026862026863,0.04566544566544566,0.0002442002442002442,326.0,-12.5,100.87,O2
0.035897435897435895,0.06324786324786325,0.06813186813186813,0.04566544566544566,0.0002442002442002442,326.5,-11.94,101.19,O2
0.03565323565323565,0.06251526251526252,0.06715506715506715,0.045177045177045176,0.0002442002442002442,327.75,-8.44,104.94,O2
0.03394383394383394,0.060073260073260075,0.06471306471306472,0.0442002442002442,0.0002442002442002442,333.62,-5.0,109.31,O2
0.029792429792429794,0.05103785103785104,0.06227106227106227,0.036874236874236875,0.0002442002442002442,336.94,-3.06,112.87,O2
0.022466422466422466,0.03663003663003663,0.05128205128205128,0.025885225885225887,0.0002442002442002442,338.37,-2.25,112.94,O2
0.014896214896214897,0.023443223443223443,0.03956043956043956,0.012942612942612943,0.0002442002442002442,338.5,-2.19,112.87,O2
0.009523809523809525,0.01391941391941392,0.03028083028083028,0.0031746031746031746,0.0002442002442002442,338.19,-2.37,113.0,O2
0.005860805860805861,0.007081807081807082,0.022954822954822957,0.003418803418803419,0.0002442002442002442,337.81,-2.75,113.37,O2
0.0031746031746031746,0.002197802197802198,0.017826617826617826,0.008302808302808303,0.0002442002442002442,337.56,-2.87,113.31,O2
0.001221001221001221,0.001221001221001221,0.014163614163614164,0.011233211233211233,0.0002442002442002442,337.12,-2.87,112.5,O2
0.0,0.003418803418803419,0.011721611721611722,0.013431013431013432,0.0002442002442002442,337.25,-2.56,109.87,O2
0.0002442002442002442,0.004151404151404151,0.010744810744810745,0.01391941391941392,0.0,335.69,-3.0,106.37,O2
0.0009768009768009768,0.0017094017094017094,0.013675213675213675,0.012942612942612943,0.0,329.19,-7.75,104.19,O2
0.004395604395604396,0.006105006105006105,0.026862026862026864,0.003663003663003663,0.0,327.12,-10.0,102.37,O2
0.011233211233211233,0.020757020757020756,0.042002442002442006,0.013186813186813187,0.001221001221001221,325.12,-11.31,102.31,O2
0.02271062271062271,0.04078144078144078,0.05616605616605617,0.028815628815628817,0.0019536019536019536,324.87,-11.25,102.12,O2
0.03076923076923077,0.0547008547008547,0.06617826617826618,0.0398046398046398,0.002442002442002442,323.25,-11.25,102.56,O2
0.03663003663003663,0.06446886446886448,0.07326007326007326,0.04737484737484737,0.0029304029304029304,322.25,-11.63,103.06,O2
0.040293040293040296,0.06984126984126984,0.0761904761904762,0.05103785103785104,0.0031746031746031746,321.5,-11.94,103.56,O2
0.042002442002442006,0.07228327228327229,0.07692307692307693,0.052503052503052504,0.002197802197802198,321.56,-11.94,103.87,O2
0.042735042735042736,0.0735042735042735,0.07692307692307693,0.053235653235653234,0.0017094017094017094,320.75,-12.25,104.12,O2
0.042735042735042736,0.0735042735042735,0.07643467643467644,0.053235653235653234,0.001221001221001221,321.06,-12.25,104.31,O2
0.04224664224664225,0.07301587301587302,0.07521367521367521,0.052503052503052504,0.0007326007326007326,320.56,-10.25,105.75,O2
0.0398046398046398,0.07008547008547009,0.07277167277167278,0.05054945054945055,0.0007326007326007326,326.81,-6.06,114.75,O2
0.035164835164835165,0.06275946275946276,0.07008547008547009,0.041025641025641026,0.0004884004884004884,334.0,-2.31,114.5,O2
0.026373626373626374,0.04810744810744811,0.05958485958485959,0.026617826617826617,0.0004884004884004884,335.12,-1.87,114.44,O2
0.018315018315018316,0.033455433455433455,0.04713064713064713,0.012698412698412698,0.0002442002442002442,335.81,-1.56,114.06,O2
0.012698412698412698,0.022466422466422466,0.03736263736263736,0.0029304029304029304,0.0002442002442002442,337.12,-0.94,113.44,O2
0.008547008547008548,0.014652014652014652,0.03028083028083028,0.003907203907203907,0.0,337.5,-0.62,113.0,O2
0.005616605616605617,0.00927960927960928,0.02490842490842491,0.008791208791208791,0.0,337.94,-0.19,112.87,O2
0.003418803418803419,0.005616605616605617,0.021245421245421246,0.01221001221001221,0.0,337.87,-0.19,112.56,O2
0.002197802197802198,0.0029304029304029304,0.018803418803418803,0.014407814407814409,0.0,337.12,0.0,111.37,O2
0.001221001221001221,0.0014652014652014652,0.017094017094017096,0.01562881562881563,0.0,336.37,0.56,107.19,O2
0.0014652014652014652,0.002197802197802198,0.019536019536019536,0.01391941391941392,0.0,334.69,-0.13,104.69,O2
0.004151404151404151,0.00805860805860806,0.031013431013431014,0.003907203907203907,0.0,332.37,-2.44,102.75,O2
0.011233211233211233,0.021245421245421246,0.04664224664224664,0.014896214896214897,0.0,329.5,-5.56,101.69,O2
0.02197802197802198,0.039316239316239315,0.05958485958485959,0.031013431013431014,0.001221001221001221,327.56,-6.5,101.19,O2
0.029548229548229547,0.051770451770451774,0.06862026862026863,0.04224664224664225,0.0019536019536019536,326.75,-7.12,100.81,O2
0.03492063492063492,0.06056166056166056,0.07521367521367521,0.05030525030525031,0.002442002442002442,326.12,-7.25,100.69,O2
0.038583638583638585,0.06593406593406594,0.07741147741147741,0.05396825396825397,0.0029304029304029304,325.5,-7.37,100.81,O2
0.040293040293040296,0.06837606837606838,0.0778998778998779,0.05543345543345543,0.0019536019536019536,325.19,-7.5,100.75,O2
0.04078144078144078,0.06935286935286936,0.07765567765567766,0.05616605616605617,0.0014652014652014652,325.06,-7.5,100.75,O2
0.040293040293040296,0.06935286935286936,0.07643467643467644,0.055921855921855924,0.0009768009768009768,325.37,-6.69,100.69,O2
0.03882783882783883,0.06813186813186813,0.07472527472527472,0.0547008547008547,0.0007326007326007326,326.69,-5.06,107.81,O2
0.035897435897435895,0.06495726495726496,0.07228327228327229,0.05030525030525031,0.0004884004884004884,337.31,0.62,112.31,O2
0.030036630036630037,0.054945054945054944,0.06813186813186813,0.038583638583638585,0.0002442002442002442,339.25,1.12,111.06,O2
0.020757020757020756,0.03907203907203907,0.05518925518925519,0.022954822954822957,0.0002442002442002442,340.0,1.5,110.81,O2
0.014163614163614164,0.02612942612942613,0.04395604395604396,0.010500610500610501,0.0,340.19,1.62,110.69,O2
0.00927960927960928,0.01684981684981685,0.03540903540903541,0.0017094017094017094,0.0,340.0,1.56,110.87,O2
0.005860805860805861,0.010256410256410256,0.02905982905982906,0.004395604395604396,0.0,340.0,1.62,110.94,O2
0.003418803418803419,0.005860805860805861,0.024664224664224663,0.008547008547008548,0.0,339.44,1.56,110.62,O2
0.0019536019536019536,0.002686202686202686,0.021733821733821733,0.011233211233211233,0.0,339.0,1.75,108.94,O2
0.001221001221001221,0.001221001221001221,0.020024420024420026,0.012698412698412698,0.0,336.69,0.94,102.44,O2
0.0014652014652014652,0.002197802197802198,0.021245421245421246,0.011721611721611722,0.0,331.06,-1.75,100.44,O2
0.00463980463980464,0.009523809523809525,0.03394383394383394,0.0007326007326007326,0.0,329.94,-3.12,99.87,O2
0.01098901098901099,0.023443223443223443,0.04908424908424908,0.01733821733821734,0.0,328.75,-4.44,99.37,O2
0.021733821733821733,0.042002442002442006,0.060073260073260075,0.03296703296703297,0.001221001221001221,327.19,-5.25,99.31,O2
0.02905982905982906,0.05518925518925519,0.06764346764346764,0.04371184371184371,0.0019536019536019536,325.87,-5.62,99.62,O2
0.03418803418803419,0.06422466422466422,0.07301587301587302,0.05128205128205128,0.002686202686202686,324.81,-6.06,99.56,O2
0.03540903540903541,0.06715506715506715,0.07423687423687424,0.05372405372405373,0.0019536019536019536,324.44,-6.0,99.5,O2
0.03492063492063492,0.0673992673992674,0.07374847374847375,0.054212454212454214,0.0014652014652014652,324.12,-6.19,99.5,O2
0.03418803418803419,0.06691086691086691,0.07301587301587302,0.05396825396825397,0.0009768009768009768,324.37,-6.06,99.5,O2
0.03321123321123321,0.06593406593406594,0.07179487179487179,0.05347985347985348,0.0007326007326007326,324.69,-5.56,99.5,O2
0.03199023199023199,0.0652014652014652,0.07081807081807082,0.052503052503052504,0.0004884004884004884,325.25,-5.0,100.31,O2
0.030525030525030524,0.06349206349206349,0.06910866910866911,0.051526251526251524,0.0004884004884004884,327.44,-2.81,107.37,O2
0.028815628815628817,0.05934065934065934,0.06764346764346764,0.04468864468864469,0.0002442002442002442,334.81,1.62,111.87,O2
0.02490842490842491,0.050061050061050064,0.05982905982905983,0.0336996336996337,0.0009768009768009768,339.25,3.69,113.44,O2
0.019536019536019536,0.03882783882783883,0.04932844932844933,0.020757020757020756,0.0017094017094017094,340.37,4.06,113.56,O2
0.013431013431013432,0.026862026862026864,0.0398046398046398,0.009035409035409036,0.002442002442002442,340.0,3.62,114.31,O2
0.008302808302808303,0.01733821733821734,0.03223443223443224,0.0007326007326007326,0.0029304029304029304,340.12,3.69,113.94,O2
0.004395604395604396,0.010500610500610501,0.02612942612942613,0.005128205128205128,0.0031746031746031746,339.94,3.62,113.44,O2
0.0017094017094017094,0.005616605616605617,0.02197802197802198,0.009035409035409036,0.003418803418803419,339.62,3.62,112.87,O2
0.0,0.002197802197802198,0.018803418803418803,0.011965811965811967,0.003663003663003663,338.75,3.44,110.12,O2
0.001221001221001221,0.0002442002442002442,0.01684981684981685,0.013186813186813187,0.003663003663003663,333.94,1.06,103.94,O2
0.0009768009768009768,0.0009768009768009768,0.01855921855921856,0.009768009768009768,0.002686202686202686,332.75,-0.19,103.62,O2
0.003418803418803419,0.009035409035409036,0.03394383394383394,0.00757020757020757,0.0017094017094017094,330.37,-2.69,101.56,O2
0.013675213675213675,0.027594627594627594,0.04713064713064713,0.026862026862026864,0.0,323.69,-6.25,101.75,O2
0.021245421245421246,0.04126984126984127,0.056654456654456654,0.04004884004884005,0.0009768009768009768,323.31,-7.06,101.25,O2
0.026862026862026864,0.050793650793650794,0.063003663003663,0.04957264957264957,0.0019536019536019536,323.06,-6.87,101.19,O2
0.030525030525030524,0.057387057387057384,0.06544566544566545,0.05372405372405373,0.002442002442002442,323.0,-6.87,101.19,O2
0.03199023199023199,0.06056166056166056,0.06617826617826618,0.05567765567765568,0.0017094017094017094,322.94,-6.87,101.19,O2
0.032722832722832725,0.06227106227106227,0.06617826617826618,0.056654456654456654,0.001221001221001221,323.19,-6.56,101.19,O2
0.03296703296703297,0.06275946275946276,0.06593406593406594,0.056654456654456654,0.0009768009768009768,324.25,-4.81,101.94,O2
0.03247863247863248,0.06275946275946276,0.06495726495726496,0.056654456654456654,0.0007326007326007326,326.0,-3.5,105.5,O2
0.030036630036630037,0.05958485958485959,0.06398046398046398,0.05225885225885226,0.0004884004884004884,330.75,-1.0,111.94,O2
0.025885225885225887,0.051526251526251524,0.060805860805860805,0.04151404151404151,0.0002442002442002442,336.75,1.87,112.56,O2
0.019536019536019536,0.03882783882783883,0.050793650793650794,0.027594627594627594,0.0002442002442002442,337.75,2.37,112.94,O2
0.012942612942612943,0.02612942612942613,0.03956043956043956,0.011477411477411478,0.0009768009768009768,337.81,2.25,112.87,O2
0.007326007326007326,0.01611721611721612,0.03028083028083028,0.0,0.0019536019536019536,338.19,2.44,112.75,O2
0.0031746031746031746,0.00927960927960928,0.022954822954822957,0.007814407814407814,0.002442002442002442,338.25,2.5,112.44,O2
0.0004884004884004884,0.00463980463980464,0.018070818070818073,0.013431013431013432,0.0029304029304029304,338.31,2.69,112.19,O2
0.0014652014652014652,0.001221001221001221,0.014407814407814409,0.017094017094017096,0.0031746031746031746,337.12,2.56,110.5,O2
0.002686202686202686,0.0009768009768009768,0.011965811965811967,0.018803418803418803,0.003418803418803419,336.19,2.06,106.5,O2
0.002197802197802198,0.0007326007326007326,0.011721611721611722,0.019291819291819293,0.003663003663003663,335.31,1.69,102.81,O2
0.0,0.0029304029304029304,0.017094017094017096,0.01562881562881563,0.003663003663003663,332.31,-0.25,101.44,O2
0.006349206349206349,0.009768009768009768,0.029792429792429794,0.0031746031746031746,0.002686202686202686,328.19,-3.31,100.25,O2
0.015384615384615385,0.025396825396825397,0.04493284493284493,0.017094017094017096,0.0017094017094017094,324.69,-6.19,100.69,O2
0.023443223443223443,0.03956043956043956,0.05543345543345543,0.0315018315018315,0.001221001221001221,323.0,-6.62,100.94,O2
0.02905982905982906,0.04932844932844933,0.06275946275946276,0.04151404151404151,0.0007326007326007326,322.12,-7.06,100.94,O2
0.03321123321123321,0.05616605616605617,0.06642246642246642,0.0485958485958486,0.0004884004884004884,321.69,-7.31,100.69,O2
0.035164835164835165,0.05958485958485959,0.06788766788766788,0.05225885225885226,0.0002442002442002442,321.56,-7.44,100.56,O2
0.03638583638583639,0.06105006105006105,0.06813186813186813,0.05396825396825397,0.0002442002442002442,321.5,-7.44,100.5,O2
0.03736263736263736,0.06129426129426129,0.06764346764346764,0.0547008547008547,0.0002442002442002442,321.37,-7.31,100.12,O2
0.037606837606837605,0.060805860805860805,0.06642246642246642,0.054945054945054944,0.0002442002442002442,325.06,-4.94,104.5,O2
0.035164835164835165,0.05787545787545788,0.06471306471306472,0.051770451770451774,0.0002442002442002442,332.0,-0.37,111.19,O2
0.030036630036630037,0.04737484737484737,0.059096459096459095,0.04078144078144078,0.0002442002442002442,337.5,2.0,112.06,O2
0.02271062271062271,0.033455433455433455,0.04786324786324787,0.026617826617826617,0.0,337.75,2.12,112.12,O2
0.014896214896214897,0.021001221001221003,0.035897435897435895,0.011965811965811967,0.0,338.25,2.25,111.81,O2
0.008791208791208791,0.011965811965811967,0.026617826617826617,0.0014652014652014652,0.0,338.31,2.31,111.37,O2
0.00463980463980464,0.005616605616605617,0.019536019536019536,0.005616605616605617,0.0,338.44,2.44,111.37,O2
0.0014652014652014652,0.0009768009768009768,0.014407814407814409,0.010744810744810745,0.0,338.12,2.44,111.37,O2
0.0004884004884004884,0.0019536019536019536,0.010744810744810745,0.01391941391941392,0.0,338.0,2.5,111.19,O2
0.0019536019536019536,0.004151404151404151,0.008302808302808303,0.01611721611721612,0.0,337.69,2.56,110.87,O2
0.002686202686202686,0.005128205128205128,0.006837606837606838,0.016605616605616606,0.0,336.94,2.5,108.19,O2
0.002686202686202686,0.004884004884004884,0.007081807081807082,0.015873015873015872,0.0,336.44,2.0,103.69,O2
0.0002442002442002442,0.0007326007326007326,0.014407814407814409,0.010012210012210013,0.0,332.37,-0.56,101.5,O2
0.006349206349206349,0.011233211233211233,0.031746031746031744,0.00805860805860806,0.0,329.06,-4.37,98.94,O2
0.01514041514041514,0.027106227106227107,0.0463980463980464,0.027106227106227107,0.001221001221001221,323.06,-6.25,100.81,O2
0.023687423687423687,0.041025641025641026,0.056654456654456654,0.040293040293040296,0.0019536019536019536,322.37,-6.5,100.87,O2
0.029792429792429794,0.05103785103785104,0.06398046398046398,0.04957264957264957,0.002442002442002442,321.87,-6.62,100.62,O2
0.03394383394383394,0.05787545787545788,0.0673992673992674,0.05616605616605617,0.0029304029304029304,321.94,-6.62,100.44,O2
0.036141636141636145,0.06129426129426129,0.06813186813186813,0.05934065934065934,0.0031746031746031746,321.62,-6.81,100.44,O2
0.03736263736263736,0.06251526251526252,0.06813186813186813,0.060805860805860805,0.003418803418803419,321.62,-6.81,100.5,O2
0.03785103785103785,0.06275946275946276,0.06764346764346764,0.06129426129426129,0.003418803418803419,322.06,-6.81,100.37,O2
0.03736263736263736,0.06251526251526252,0.06642246642246642,0.06129426129426129,0.003663003663003663,325.19,-5.0,103.19,O2
0.03540903540903541,0.05958485958485959,0.06446886446886448,0.05641025641025641,0.002442002442002442,335.19,1.87,110.19,O2
0.03028083028083028,0.05103785103785104,0.05982905982905983,0.04468864468864469,0.0017094017094017094,339.25,3.87,110.62,O2
0.022466422466422466,0.03711843711843712,0.0485958485958486,0.030036630036630037,0.001221001221001221,339.19,3.69,110.56,O2
0.014896214896214897,0.02442002442002442,0.037606837606837605,0.015384615384615385,0.0009768009768009768,339.25,3.62,110.56,O2
0.00927960927960928,0.01514041514041514,0.02905982905982906,0.005128205128205128,0.0004884004884004884,339.5,3.75,110.37,O2
0.005372405372405372,0.008547008547008548,0.02271062271062271,0.002442002442002442,0.0004884004884004884,339.5,3.81,110.31,O2
0.002442002442002442,0.003907203907203907,0.018070818070818073,0.00757020757020757,0.0002442002442002442,339.31,3.87,109.81,O2
0.0004884004884004884,0.0007326007326007326,0.014652014652014652,0.011233211233211233,0.0,339.0,3.94,109.0,O2
0.0007326007326007326,0.0014652014652014652,0.012454212454212455,0.013675213675213675,0.0,339.06,4.0,106.75,O2
0.001221001221001221,0.0017094017094017094,0.011233211233211233,0.01391941391941392,0.0,338.5,3.69,103.31,O2
0.0002442002442002442,0.0002442002442002442,0.013186813186813187,0.011965811965811967,0.0,335.81,2.19,97.5,O2
0.0017094017094017094,0.005128205128205128,0.02271062271062271,0.003907203907203907,0.001221001221001221,332.5,-1.69,93.0,O2
0.007081807081807082,0.02026862026862027,0.03882783882783883,0.014163614163614164,0.0019536019536019536,327.69,-4.69,95.56,O2
0.01684981684981685,0.03565323565323565,0.05030525030525031,0.030036630036630037,0.002442002442002442,327.06,-5.06,96.31,O2
0.023687423687423687,0.046153846153846156,0.05811965811965812,0.04126984126984127,0.0029304029304029304,326.94,-4.81,96.56,O2
0.02857142857142857,0.05372405372405373,0.061782661782661785,0.04908424908424908,0.0031746031746031746,326.94,-4.75,96.5,O2
0.03125763125763126,0.057631257631257635,0.06373626373626373,0.05299145299145299,0.002197802197802198,326.94,-4.75,96.37,O2
0.03247863247863248,0.05982905982905983,0.06398046398046398,0.054945054945054944,0.0017094017094017094,326.94,-4.69,96.25,O2
0.03321123321123321,0.060805860805860805,0.06398046398046398,0.05616605616605617,0.001221001221001221,326.56,-4.94,96.12,O2
0.0336996336996337,0.06105006105006105,0.06349206349206349,0.05641025641025641,0.0007326007326007326,327.12,-3.87,99.37,O2
0.03223443223443224,0.06031746031746032,0.06251526251526252,0.053235653235653234,0.0007326007326007326,331.69,0.13,107.69,O2
0.02735042735042735,0.05396825396825397,0.060805860805860805,0.04395604395604396,0.0004884004884004884,338.56,3.62,110.06,O2
0.02148962148962149,0.04249084249084249,0.05201465201465202,0.0315018315018315,0.0004884004884004884,340.25,4.62,110.06,O2
0.014407814407814409,0.028815628815628817,0.04004884004884005,0.01684981684981685,0.0009768009768009768,340.37,4.81,110.19,O2
0.008547008547008548,0.018070818070818073,0.030036630036630037,0.006593406593406593,0.0017094017094017094,340.37,5.0,109.81,O2
0.004395604395604396,0.010744810744810745,0.02271062271062271,0.0007326007326007326,0.002442002442002442,340.19,5.06,109.69,O2
0.0014652014652014652,0.005372405372405372,0.01733821733821734,0.005616605616605617,0.0029304029304029304,340.0,5.12,110.94,O2
0.0007326007326007326,0.0017094017094017094,0.013675213675213675,0.009035409035409036,0.0031746031746031746,339.69,5.19,112.12,O2
0.0019536019536019536,0.0007326007326007326,0.01098901098901099,0.010500610500610501,0.003418803418803419,338.81,5.37,112.87,O2
0.0029304029304029304,0.0019536019536019536,0.010012210012210013,0.010012210012210013,0.003418803418803419,337.69,6.12,110.87,O2
0.0029304029304029304,0.001221001221001221,0.014407814407814409,0.006593406593406593,0.002442002442002442,335.0,5.37,109.5,O2
0.0,0.005616605616605617,0.028327228327228327,0.007326007326007326,0.0017094017094017094,332.06,3.44,106.0,O2
0.009523809523809525,0.023443223443223443,0.0442002442002442,0.025152625152625153,0.001221001221001221,328.56,0.0,103.44,O2
0.01978021978021978,0.0398046398046398,0.05518925518925519,0.03882783882783883,0.0007326007326007326,326.62,-0.06,103.69,O2
0.027106227106227107,0.05103785103785104,0.063003663003663,0.04835164835164835,0.0007326007326007326,325.81,-0.25,103.81,O2
0.03199023199023199,0.059096459096459095,0.06788766788766788,0.05518925518925519,0.0017094017094017094,325.25,-0.37,103.81,O2
0.035164835164835165,0.06349206349206349,0.07008547008547009,0.059096459096459095,0.001221001221001221,325.19,-0.37,103.69,O2
0.03711843711843712,0.06568986568986569,0.07081807081807082,0.06129426129426129,0.0009768009768009768,325.19,-0.13,103.62,O2
0.03785103785103785,0.06666666666666667,0.07106227106227106,0.06202686202686203,0.0007326007326007326,324.37,-0.13,103.5,O2
0.03736263736263736,0.06642246642246642,0.07032967032967033,0.06202686202686203,0.0004884004884004884,325.62,1.06,104.31,O2
0.035164835164835165,0.06398046398046398,0.06837606837606838,0.059096459096459095,0.0002442002442002442,330.69,4.62,111.62,O2
0.03247863247863248,0.060073260073260075,0.06617826617826618,0.05201465201465202,0.0009768009768009768,337.62,7.87,114.5,O2
0.026373626373626374,0.04957264957264957,0.05982905982905983,0.039316239316239315,0.0017094017094017094,341.44,9.69,114.0,O2
0.018315018315018316,0.03467643467643468,0.047619047619047616,0.023931623931623933,0.002442002442002442,342.19,10.19,114.31,O2
0.011965811965811967,0.022466422466422466,0.03663003663003663,0.010744810744810745,0.0029304029304029304,342.69,10.44,114.31,O2
0.007081807081807082,0.01391941391941392,0.028327228327228327,0.001221001221001221,0.0031746031746031746,342.81,10.56,114.19,O2
0.003418803418803419,0.007814407814407814,0.022222222222222223,0.005372405372405372,0.003418803418803419,342.87,10.69,114.19,O2
0.0009768009768009768,0.003418803418803419,0.017826617826617826,0.010012210012210013,0.003418803418803419,342.87,10.69,114.19,O2
0.0007326007326007326,0.0004884004884004884,0.014652014652014652,0.013186813186813187,0.003663003663003663,342.69,10.75,113.94,O2
0.002197802197802198,0.0017094017094017094,0.012454212454212455,0.015384615384615385,0.003663003663003663,340.5,10.63,110.56,O2
0.0031746031746031746,0.002442002442002442,0.011721611721611722,0.015873015873015872,0.003663003663003663,334.87,7.5,104.31,O2
0.0014652014652014652,0.0017094017094017094,0.019291819291819293,0.011233211233211233,0.003663003663003663,332.94,6.44,101.5,O2
0.004884004884004884,0.01611721611721612,0.037606837606837605,0.008547008547008548,0.002686202686202686,327.62,2.25,101.62,O2
0.017826617826617826,0.036874236874236875,0.054212454212454214,0.030036630036630037,0.0007326007326007326,325.5,1.0,102.0,O2
0.028327228327228327,0.05347985347985348,0.06568986568986569,0.04493284493284493,0.0007326007326007326,325.44,0.88,102.0,O2
0.03565323565323565,0.0652014652014652,0.07374847374847375,0.05543345543345543,0.0017094017094017094,325.37,0.81,101.94,O2
0.04078144078144078,0.07326007326007326,0.07765567765567766,0.06227106227106227,0.002442002442002442,325.19,0.69,101.94,O2
0.043467643467643466,0.07741147741147741,0.07936507936507936,0.06593406593406594,0.0029304029304029304,325.25,0.75,102.06,O2
0.04493284493284493,0.0796092796092796,0.07985347985347985,0.06764346764346764,0.0031746031746031746,325.12,0.81,102.06,O2
0.04566544566544566,0.08034188034188035,0.0796092796092796,0.06837606837606838,0.003418803418803419,323.87,0.88,101.81,O2
0.04542124542124542,0.0800976800976801,0.07887667887667887,0.06813186813186813,0.003663003663003663,326.62,2.31,107.19,O2
0.042002442002442006,0.07545787545787545,0.0757020757020757,0.06275946275946276,0.002442002442002442,334.06,6.06,113.37,O2
0.03418803418803419,0.063003663003663,0.06984126984126984,0.04835164835164835,0.0004884004884004884,338.5,8.13,113.94,O2
0.025152625152625153,0.0463980463980464,0.057387057387057384,0.03321123321123321,0.0007326007326007326,339.5,8.38,114.31,O2
0.017094017094017096,0.03223443223443224,0.04590964590964591,0.018315018315018316,0.0017094017094017094,339.81,8.5,114.19,O2
0.011233211233211233,0.02148962148962149,0.036874236874236875,0.007326007326007326,0.002442002442002442,340.06,8.69,114.0,O2
0.007081807081807082,0.01391941391941392,0.030036630036630037,0.0004884004884004884,0.002686202686202686,340.37,8.88,114.0,O2
0.004151404151404151,0.008547008547008548,0.02490842490842491,0.005860805860805861,0.0031746031746031746,340.5,8.88,114.06,O2
0.002197802197802198,0.004884004884004884,0.021245421245421246,0.009523809523809525,0.003418803418803419,340.5,9.0,113.87,O2
0.0009768009768009768,0.002197802197802198,0.018803418803418803,0.01221001221001221,0.003418803418803419,339.69,9.13,113.0,O2
0.0002442002442002442,0.0007326007326007326,0.017094017094017096,0.01391941391941392,0.003663003663003663,336.81,8.75,107.87,O2
0.0002442002442002442,0.0019536019536019536,0.018070818070818073,0.012942612942612943,0.003663003663003663,334.75,7.44,104.0,O2
0.004395604395604396,0.010744810744810745,0.032722832722832725,0.0014652014652014652,0.002686202686202686,331.62,4.87,101.81,O2
0.014407814407814409,0.02857142857142857,0.04908424908424908,0.01904761904761905,0.0007326007326007326,328.0,2.06,101.31,O2
0.02490842490842491,0.0442002442002442,0.060805860805860805,0.03638583638583639,0.0007326007326007326,326.62,1.0,100.69,O2
0.032722832722832725,0.05518925518925519,0.06886446886446887,0.04835164835164835,0.0017094017094017094,326.12,0.62,100.12,O2
0.0380952380952381,0.063003663003663,0.0735042735042735,0.0568986568986569,0.002442002442002442,326.0,0.31,99.81,O2
0.041758241758241756,0.06666666666666667,0.07545787545787545,0.06153846153846154,0.0029304029304029304,325.87,0.25,99.56,O2
0.044444444444444446,0.06910866910866911,0.07594627594627594,0.06398046398046398,0.0031746031746031746,325.87,0.25,99.37,O2
0.046153846153846156,0.07008547008547009,0.07594627594627594,0.06544566544566545,0.003418803418803419,325.69,0.31,99.75,O2
0.04713064713064713,0.07032967032967033,0.07521367521367521,0.06617826617826618,0.003418803418803419,325.56,0.62,100.75,O2
0.045177045177045176,0.07032967032967033,0.07326007326007326,0.06544566544566545,0.003663003663003663,332.75,5.31,110.75,O2
0.03785103785103785,0.06275946275946276,0.07155067155067155,0.05567765567765568,0.002442002442002442,336.87,6.69,112.81,O2
0.028083028083028084,0.04713064713064713,0.06056166056166056,0.04053724053724054,0.0017094017094017094,338.94,7.56,113.12,O2
0.020024420024420026,0.03247863247863248,0.04835164835164835,0.02442002442002442,0.001221001221001221,339.44,7.69,112.94,O2
0.013675213675213675,0.021245421245421246,0.0380952380952381,0.011965811965811967,0.0009768009768009768,339.81,7.87,112.87,O2
0.00927960927960928,0.013431013431013432,0.03028083028083028,0.003418803418803419,0.0004884004884004884,340.31,8.31,112.44,O2
0.006105006105006105,0.007814407814407814,0.02490842490842491,0.002686202686202686,0.0004884004884004884,340.37,8.63,111.94,O2
0.003907203907203907,0.003907203907203907,0.021001221001221003,0.006593406593406593,0.0002442002442002442,338.44,8.44,109.19,O2
0.002442002442002442,0.002197802197802198,0.018803418803418803,0.00805860805860806,0.0,335.37,7.44,102.06,O2
0.003418803418803419,0.007326007326007326,0.027106227106227107,0.003418803418803419,0.0,330.87,4.37,98.5,O2
0.010256410256410256,0.02148962148962149,0.04468864468864469,0.016605616605616606,0.001221001221001221,327.94,1.25,96.44,O2
0.01978021978021978,0.04053724053724054,0.059096459096459095,0.03736263736263736,0.0019536019536019536,327.69,0.62,96.87,O2
0.029548229548229547,0.05372405372405373,0.06910866910866911,0.051770451770451774,0.002686202686202686,327.25,0.19,96.69,O2
0.036141636141636145,0.063003663003663,0.07594627594627594,0.061782661782661785,0.004151404151404151,327.0,-0.06,96.56,O2
0.04078144078144078,0.06935286935286936,0.07814407814407814,0.06568986568986569,0.005128205128205128,326.75,-0.31,96.37,O2
0.04371184371184371,0.07228327228327229,0.07863247863247863,0.0673992673992674,0.004884004884004884,326.62,-0.44,96.31,O2
0.04542124542124542,0.07374847374847375,0.07838827838827839,0.06813186813186813,0.00463980463980464,326.37,-0.62,96.44,O2
0.0463980463980464,0.07423687423687424,0.07765567765567766,0.06813186813186813,0.004395604395604396,326.31,-0.69,96.69,O2
0.046886446886446886,0.073992673992674,0.07667887667887668,0.06764346764346764,0.004151404151404151,326.12,-0.81,97.0,O2
0.0463980463980464,0.0735042735042735,0.07545787545787545,0.0673992673992674,0.004151404151404151,325.5,-1.12,97.19,O2
0.04468864468864469,0.07277167277167278,0.07374847374847375,0.06666666666666667,0.003907203907203907,327.94,0.37,102.25,O2
0.04053724053724054,0.06837606837606838,0.07179487179487179,0.06398046398046398,0.003907203907203907,340.0,8.0,110.37,O2
0.03247863247863248,0.0547008547008547,0.06544566544566545,0.05128205128205128,0.003907203907203907,340.81,8.44,112.06,O2
0.022954822954822957,0.037606837606837605,0.05274725274725275,0.03321123321123321,0.002686202686202686,340.5,8.06,112.0,O2
0.01611721611721612,0.02490842490842491,0.041758241758241756,0.019536019536019536,0.0019536019536019536,340.75,8.19,111.81,O2
0.011233211233211233,0.015873015873015872,0.0336996336996337,0.009768009768009768,0.001221001221001221,340.56,8.25,111.56,O2
0.007814407814407814,0.009523809523809525,0.027594627594627594,0.0029304029304029304,0.0009768009768009768,340.56,8.25,111.5,O2
0.005372405372405372,0.005128205128205128,0.0231990231990232,0.0019536019536019536,0.0004884004884004884,340.44,8.31,111.5,O2
0.003663003663003663,0.002197802197802198,0.02026862026862027,0.004884004884004884,0.0004884004884004884,339.87,8.19,111.31,O2
0.002686202686202686,0.0002442002442002442,0.018070818070818073,0.006837606837606838,0.0002442002442002442,338.5,8.0,109.69,O2
0.0019536019536019536,0.0004884004884004884,0.01733821733821734,0.007326007326007326,0.0002442002442002442,336.12,7.0,105.44,O2
0.0029304029304029304,0.0007326007326007326,0.018803418803418803,0.00463980463980464,0.0002442002442002442,333.25,5.37,100.37,O2
0.00757020757020757,0.00757020757020757,0.03296703296703297,0.008302808302808303,0.001221001221001221,326.81,0.31,98.5,O2
0.01562881562881563,0.023443223443223443,0.04810744810744811,0.025885225885225887,0.002197802197802198,322.56,-2.69,99.75,O2
0.022954822954822957,0.03638583638583639,0.05860805860805861,0.0380952380952381,0.002686202686202686,322.25,-3.0,99.44,O2
0.028083028083028084,0.04566544566544566,0.06617826617826618,0.04664224664224664,0.0031746031746031746,322.0,-3.0,99.12,O2
0.0315018315018315,0.05201465201465202,0.0695970695970696,0.051770451770451774,0.003418803418803419,322.12,-3.06,98.94,O2
0.033455433455433455,0.05543345543345543,0.07106227106227106,0.05396825396825397,0.003663003663003663,322.06,-3.06,98.94,O2
0.034432234432234435,0.05714285714285714,0.07155067155067155,0.05518925518925519,0.002442002442002442,322.06,-3.06,99.12,O2
0.03492063492063492,0.05787545787545788,0.0713064713064713,0.055921855921855924,0.0017094017094017094,322.0,-2.69,101.31,O2
0.03418803418803419,0.058363858363858365,0.06984126984126984,0.05567765567765568,0.001221001221001221,330.37,3.12,109.44,O2
0.029304029304029304,0.05128205128205128,0.06862026862026863,0.04713064713064713,0.0009768009768009768,336.12,5.75,111.75,O2
0.021733821733821733,0.037606837606837605,0.05714285714285714,0.0336996336996337,0.0004884004884004884,337.5,6.31,112.0,O2
0.014163614163614164,0.024664224664224663,0.044444444444444446,0.01904761904761905,0.0007326007326007326,337.75,6.5,111.94,O2
0.008302808302808303,0.01514041514041514,0.03418803418803419,0.007814407814407814,0.0017094017094017094,337.56,6.56,111.69,O2
0.004151404151404151,0.008547008547008548,0.02612942612942613,0.0002442002442002442,0.002197802197802198,337.44,6.56,111.31,O2
0.001221001221001221,0.003663003663003663,0.020757020757020756,0.005372405372405372,0.002686202686202686,337.25,6.62,110.62,O2
0.0007326007326007326,0.0004884004884004884,0.01684981684981685,0.008791208791208791,0.0029304029304029304,337.06,6.94,110.06,O2
0.0019536019536019536,0.0014652014652014652,0.014407814407814409,0.010256410256410256,0.0031746031746031746,335.56,6.44,104.87,O2
0.0019536019536019536,0.0004884004884004884,0.01514041514041514,0.009523809523809525,0.003418803418803419,331.12,3.69,99.87,O2
0.0019536019536019536,0.00757020757020757,0.029548229548229547,0.0019536019536019536,0.002442002442002442,322.44,-2.44,100.94,O2
0.008547008547008548,0.023443223443223443,0.043467643467643466,0.020512820512820513,0.0004884004884004884,320.37,-3.56,101.37,O2
0.01514041514041514,0.03467643467643468,0.053235653235653234,0.033455433455433455,0.0009768009768009768,320.19,-3.56,101.12,O2
0.01978021978021978,0.04249084249084249,0.06031746031746032,0.04249084249084249,0.0017094017094017094,319.87,-3.81,100.75,O2
0.022954822954822957,0.047619047619047616,0.06373626373626373,0.0485958485958486,0.001221001221001221,320.0,-3.75,100.56,O2
0.02490842490842491,0.05030525030525031,0.0652014652014652,0.051526251526251524,0.0009768009768009768,320.06,-3.81,100.31,O2
0.02612942612942613,0.051770451770451774,0.06568986568986569,0.053235653235653234,0.0004884004884004884,320.37,-3.87,100.19,O2
0.026862026862026864,0.052503052503052504,0.06544566544566545,0.05396825396825397,0.0004884004884004884,321.44,-2.75,103.06,O2
0.02612942612942613,0.05274725274725275,0.06446886446886448,0.05372405372405373,0.0002442002442002442,328.75,1.94,110.87,O2
0.022222222222222223,0.04737484737484737,0.06373626373626373,0.045177045177045176,0.0,334.12,4.56,112.25,O2
0.01562881562881563,0.03467643467643468,0.053235653235653234,0.03223443223443224,0.0,335.69,5.44,112.69,O2
0.009035409035409036,0.022466422466422466,0.04151404151404151,0.018315018315018316,0.001221001221001221,335.69,5.56,112.44,O2
0.004151404151404151,0.013186813186813187,0.03125763125763126,0.007326007326007326,0.0019536019536019536,335.56,5.56,112.12,O2
0.0004884004884004884,0.006593406593406593,0.023687423687423687,0.0007326007326007326,0.002442002442002442,335.37,5.5,111.5,O2
0.002197802197802198,0.0019536019536019536,0.018315018315018316,0.006105006105006105,0.0029304029304029304,334.44,5.31,109.44,O2
0.003907203907203907,0.0007326007326007326,0.014652014652014652,0.00927960927960928,0.0031746031746031746,333.56,5.12,106.75,O2
0.004395604395604396,0.0007326007326007326,0.015384615384615385,0.009768009768009768,0.003418803418803419,332.62,4.5,99.81,O2
0.0029304029304029304,0.002197802197802198,0.022466422466422466,0.005128205128205128,0.002442002442002442,328.94,2.19,99.0,O2
0.0019536019536019536,0.011233211233211233,0.0380952380952381,0.009035409035409036,0.0017094017094017094,323.62,-2.12,99.06,O2
0.009035409035409036,0.026617826617826617,0.050793650793650794,0.025152625152625153,0.001221001221001221,322.37,-2.44,100.37,O2
0.015873015873015872,0.037606837606837605,0.05958485958485959,0.03638583638583639,0.0009768009768009768,321.5,-3.06,100.37,O2
0.020757020757020756,0.045177045177045176,0.06568986568986569,0.044444444444444446,0.0007326007326007326,321.12,-3.19,100.12,O2
0.024175824175824177,0.050061050061050064,0.06813186813186813,0.04908424908424908,0.0004884004884004884,321.06,-3.31,100.06,O2
0.026373626373626374,0.05274725274725275,0.06886446886446887,0.05128205128205128,0.0004884004884004884,321.0,-3.37,99.87,O2
0.027594627594627594,0.05396825396825397,0.06886446886446887,0.05225885225885226,0.0002442002442002442,320.19,-3.87,99.81,O2
0.02783882783882784,0.054212454212454214,0.06813186813186813,0.052503052503052504,0.0002442002442002442,321.56,-2.12,102.62,O2
0.025885225885225887,0.05274725274725275,0.06642246642246642,0.04957264957264957,0.0002442002442002442,325.19,0.0,108.37,O2
0.022954822954822957,0.04786324786324787,0.06422466422466422,0.04053724053724054,0.001221001221001221,333.31,4.62,112.19,O2
0.018070818070818073,0.03663003663003663,0.05543345543345543,0.028327228327228327,0.0019536019536019536,336.0,5.69,112.81,O2
0.011721611721611722,0.023931623931623933,0.0442002442002442,0.014896214896214897,0.002686202686202686,336.75,6.0,112.12,O2
0.005616605616605617,0.013186813186813187,0.033455433455433455,0.002686202686202686,0.0029304029304029304,336.75,6.06,111.81,O2
0.0009768009768009768,0.005372405372405372,0.025152625152625153,0.005860805860805861,0.003418803418803419,336.56,6.06,111.37,O2
0.002197802197802198,0.0,0.019536019536019536,0.011721611721611722,0.003663003663003663,336.0,5.94,110.69,O2
0.004395604395604396,0.003663003663003663,0.015384615384615385,0.01562881562881563,0.003663003663003663,334.56,5.62,108.94,O2
0.005616605616605617,0.005860805860805861,0.013186813186813187,0.016605616605616606,0.003663003663003663,333.37,5.12,103.81,O2
0.004884004884004884,0.00463980463980464,0.015384615384615385,0.013431013431013432,0.003663003663003663,332.31,4.12,98.56,O2
0.0002442002442002442,0.0009768009768009768,0.022466422466422466,0.003907203907203907,0.002686202686202686,328.06,1.06,93.94,O2
0.008302808302808303,0.015384615384615385,0.03882783882783883,0.015384615384615385,0.0017094017094017094,324.94,-1.81,92.69,O2
0.018315018315018316,0.03418803418803419,0.05103785103785104,0.035897435897435895,0.0002442002442002442,324.44,-1.81,93.87,O2
0.027594627594627594,0.04713064713064713,0.05982905982905983,0.05030525030525031,0.001221001221001221,324.25,-1.81,94.37,O2
0.03394383394383394,0.05641025641025641,0.06568986568986569,0.06031746031746032,0.0019536019536019536,324.19,-1.87,94.5,O2
0.038583638583638585,0.06129426129426129,0.06837606837606838,0.06593406593406594,0.002686202686202686,324.25,-1.81,94.56,O2
0.041025641025641026,0.06373626373626373,0.0695970695970696,0.06886446886446887,0.0029304029304029304,324.0,-1.87,94.62,O2
0.04249084249084249,0.06471306471306472,0.0695970695970696,0.07008547008547009,0.0031746031746031746,322.87,-2.0,95.44,O2
0.04249084249084249,0.06446886446886448,0.06910866910866911,0.06984126984126984,0.003418803418803419,325.75,0.69,106.0,O2
0.03882783882783883,0.06227106227106227,0.06788766788766788,0.06398046398046398,0.003418803418803419,330.69,3.44,111.87,O2
0.03076923076923077,0.05054945054945055,0.061782661782661785,0.05030525030525031,0.002442002442002442,334.06,5.19,112.06,O2
0.02197802197802198,0.03565323565323565,0.050061050061050064,0.036141636141636145,0.0017094017094017094,334.81,5.56,112.06,O2
0.014652014652014652,0.0231990231990232,0.03907203907203907,0.020512820512820513,0.0,335.06,5.62,112.06,O2
0.009035409035409036,0.01391941391941392,0.030036630036630037,0.008547008547008548,0.0009768009768009768,335.0,5.69,111.81,O2
0.004884004884004884,0.00757020757020757,0.0231990231990232,0.0002442002442002442,0.0019536019536019536,335.06,5.69,111.75,O2
0.002197802197802198,0.0029304029304029304,0.01855921855921856,0.005616605616605617,0.002442002442002442,334.81,5.56,111.44,O2
0.0,0.0002442002442002442,0.01514041514041514,0.009523809523809525,0.0029304029304029304,333.62,5.37,108.37,O2
0.001221001221001221,0.0019536019536019536,0.013186813186813187,0.010500610500610501,0.0019536019536019536,332.75,4.69,104.25,O2
0.0002442002442002442,0.001221001221001221,0.017826617826617826,0.007081807081807082,0.0014652014652014652,331.62,3.94,99.5,O2
0.0031746031746031746,0.00757020757020757,0.026617826617826617,0.0,0.0009768009768009768,327.25,1.12,97.06,O2
0.010256410256410256,0.01904761904761905,0.04053724053724054,0.012942612942612943,0.0007326007326007326,321.81,-3.5,96.37,O2
0.018070818070818073,0.03394383394383394,0.05103785103785104,0.029792429792429794,0.0004884004884004884,321.5,-4.0,95.56,O2
0.02442002442002442,0.044444444444444446,0.058363858363858365,0.04151404151404151,0.0014652014652014652,321.31,-4.0,95.44,O2
0.028815628815628817,0.05201465201465202,0.06373626373626373,0.04957264957264957,0.002197802197802198,321.25,-4.12,95.37,O2
0.03199023199023199,0.05714285714285714,0.06593406593406594,0.05445665445665446,0.002686202686202686,321.25,-4.19,95.37,O2
0.03394383394383394,0.060073260073260075,0.06666666666666667,0.057387057387057384,0.0029304029304029304,321.25,-4.19,95.31,O2
0.03540903540903541,0.06153846153846154,0.06691086691086691,0.059096459096459095,0.0031746031746031746,321.0,-4.19,95.69,O2
0.036141636141636145,0.06227106227106227,0.06642246642246642,0.05982905982905983,0.002197802197802198,321.87,-3.06,100.5,O2
0.03418803418803419,0.060073260073260075,0.06471306471306472,0.05567765567765568,0.0017094017094017094,326.69,0.56,109.19,O2
0.028327228327228327,0.05128205128205128,0.06129426129426129,0.04590964590964591,0.001221001221001221,334.37,4.0,111.69,O2
0.020024420024420026,0.03711843711843712,0.05054945054945055,0.0315018315018315,0.0007326007326007326,335.19,4.12,112.5,O2
0.012454212454212455,0.023931623931623933,0.03833943833943834,0.01611721611721612,0.0007326007326007326,335.25,4.19,111.81,O2
0.007081807081807082,0.013675213675213675,0.028083028083028084,0.00463980463980464,0.0004884004884004884,335.37,4.31,111.56,O2
0.003418803418803419,0.006593406593406593,0.020512820512820513,0.003418803418803419,0.0002442002442002442,335.25,4.37,111.19,O2
0.0007326007326007326,0.0017094017094017094,0.01514041514041514,0.009035409035409036,0.0002442002442002442,334.56,4.37,109.44,O2
0.0009768009768009768,0.0014652014652014652,0.011233211233211233,0.012698412698412698,0.0,333.75,4.44,103.75,O2
0.0019536019536019536,0.002197802197802198,0.010012210012210013,0.013675213675213675,0.0,331.5,2.87,98.37,O2
0.0004884004884004884,0.0014652014652014652,0.01684981684981685,0.006837606837606838,0.0,328.81,1.0,95.44,O2
0.004395604395604396,0.00805860805860806,0.03125763125763126,0.00757020757020757,0.0,325.5,-1.62,93.5,O2
0.011721611721611722,0.01855921855921856,0.04542124542124542,0.02442002442002442,0.0,324.0,-1.94,95.5,O2
0.01904761904761905,0.03296703296703297,0.05543345543345543,0.03785103785103785,0.0,323.81,-1.81,97.0,O2
0.024175824175824177,0.04297924297924298,0.06227106227106227,0.04713064713064713,0.0,323.56,-1.75,97.12,O2
0.02783882783882784,0.050061050061050064,0.0652014652014652,0.05372405372405373,0.0,323.5,-1.81,97.12,O2
0.028815628815628817,0.05347985347985348,0.06617826617826618,0.056654456654456654,0.0,323.37,-1.94,97.12,O2
0.029304029304029304,0.05518925518925519,0.06593406593406594,0.05811965811965812,0.0,323.31,-2.12,96.62,O2
0.029304029304029304,0.05567765567765568,0.0652014652014652,0.05860805860805861,0.0,323.12,-1.81,98.25,O2
0.028083028083028084,0.05445665445665446,0.06373626373626373,0.055921855921855924,0.0,325.06,-0.25,105.69,O2
0.02442002442002442,0.04810744810744811,0.06129426129426129,0.04737484737484737,0.0,330.62,2.56,111.44,O2
0.018803418803418803,0.03736263736263736,0.05299145299145299,0.035164835164835165,0.0,335.69,5.06,112.5,O2
0.01221001221001221,0.023931623931623933,0.04151404151404151,0.0231990231990232,0.0,336.94,5.37,113.0,O2
0.005860805860805861,0.012942612942612943,0.03076923076923077,0.010012210012210013,0.0,336.94,5.19,112.56,O2
0.0017094017094017094,0.004884004884004884,0.02197802197802198,0.0002442002442002442,0.001221001221001221,336.62,5.06,112.12,O2
0.0014652014652014652,0.0009768009768009768,0.01562881562881563,0.006349206349206349,0.0019536019536019536,336.56,5.12,111.75,O2
0.003663003663003663,0.005128205128205128,0.011233211233211233,0.01098901098901099,0.002686202686202686,336.5,5.19,111.25,O2
0.005128205128205128,0.007814407814407814,0.00805860805860806,0.014407814407814409,0.0031746031746031746,335.44,5.12,110.12,O2
0.005860805860805861,0.00927960927960928,0.006105006105006105,0.015873015873015872,0.003418803418803419,332.37,4.25,104.5,O2
0.005372405372405372,0.00757020757020757,0.00927960927960928,0.013431013431013432,0.002442002442002442,330.19,3.06,97.94,O2
0.0002442002442002442,0.0019536019536019536,0.026373626373626374,0.004884004884004884,0.0017094017094017094,327.25,1.37,94.19,O2
0.008302808302808303,0.01904761904761905,0.04371184371184371,0.026862026862026864,0.0,323.37,-1.94,92.94,O2
0.018315018315018316,0.035164835164835165,0.05567765567765568,0.04297924297924298,0.001221001221001221,323.37,-1.87,92.44,O2
0.025152625152625153,0.0463980463980464,0.06422466422466422,0.054212454212454214,0.0019536019536019536,323.62,-1.56,92.19,O2
0.030036630036630037,0.05445665445665446,0.06764346764346764,0.06202686202686203,0.002442002442002442,323.31,-1.75,91.75,O2
0.03296703296703297,0.05811965811965812,0.06837606837606838,0.06593406593406594,0.0029304029304029304,323.37,-1.87,91.62,O2
0.034432234432234435,0.060073260073260075,0.06813186813186813,0.06788766788766788,0.0031746031746031746,323.62,-1.94,91.62,O2
0.03492063492063492,0.06056166056166056,0.0673992673992674,0.06837606837606838,0.003418803418803419,323.0,-2.19,91.69,O2
0.03467643467643468,0.06056166056166056,0.06666666666666667,0.06788766788766788,0.003418803418803419,327.25,0.69,101.31,O2
0.03199023199023199,0.05714285714285714,0.06544566544566545,0.06153846153846154,0.003663003663003663,333.06,4.56,107.94,O2
0.02490842490842491,0.04542124542124542,0.05714285714285714,0.04908424908424908,0.002442002442002442,336.69,6.31,109.75,O2
0.01684981684981685,0.03076923076923077,0.04468864468864469,0.0380952380952381,0.0017094017094017094,336.62,6.19,109.62,O2
0.010012210012210013,0.018315018315018316,0.03321123321123321,0.026617826617826617,0.001221001221001221,336.31,6.0,109.69,O2
0.004884004884004884,0.009523809523809525,0.024664224664224663,0.018070818070818073,0.0009768009768009768,335.87,5.81,110.12,O2
0.0014652014652014652,0.0031746031746031746,0.018315018315018316,0.01221001221001221,0.0007326007326007326,335.56,5.87,110.5,O2
0.001221001221001221,0.001221001221001221,0.013675213675213675,0.00805860805860806,0.0004884004884004884,335.56,6.25,110.62,O2
0.0029304029304029304,0.004151404151404151,0.010500610500610501,0.005128205128205128,0.0004884004884004884,335.31,6.56,110.81,O2
0.004151404151404151,0.005860805860805861,0.008302808302808303,0.0031746031746031746,0.0002442002442002442,335.0,7.37,108.94,O2
0.004884004884004884,0.007326007326007326,0.006837606837606838,0.0017094017094017094,0.0002442002442002442,332.75,7.0,103.56,O2
0.0031746031746031746,0.005372405372405372,0.009523809523809525,0.002442002442002442,0.0002442002442002442,329.31,5.56,98.44,O2
0.002686202686202686,0.005128205128205128,0.026862026862026864,0.014163614163614164,0.001221001221001221,321.87,1.06,97.81,O2
0.010012210012210013,0.020512820512820513,0.042735042735042736,0.029792429792429794,0.0019536019536019536,319.31,0.0,99.19,O2
0.016361416361416362,0.035164835164835165,0.05396825396825397,0.041758241758241756,0.002442002442002442,318.81,0.44,99.69,O2
0.022222222222222223,0.045177045177045176,0.061782661782661785,0.050061050061050064,0.0029304029304029304,317.62,0.31,99.37,O2
0.02612942612942613,0.052503052503052504,0.06593406593406594,0.055921855921855924,0.0031746031746031746,316.81,0.06,98.81,O2
0.02905982905982906,0.055921855921855924,0.06788766788766788,0.05787545787545788,0.003418803418803419,316.37,-0.06,98.5,O2
0.030525030525030524,0.0568986568986569,0.06837606837606838,0.05811965811965812,0.003418803418803419,316.06,-0.37,98.0,O2
0.03125763125763126,0.05714285714285714,0.06813186813186813,0.05811965811965812,0.002442002442002442,315.75,-0.81,97.5,O2
0.0315018315018315,0.05714285714285714,0.06715506715506715,0.05787545787545788,0.0017094017094017094,317.19,0.0,99.75,O2
0.029548229548229547,0.05616605616605617,0.06446886446886448,0.05641025641025641,0.001221001221001221,323.75,3.87,106.81,O2
0.024175824175824177,0.04884004884004884,0.06202686202686203,0.047619047619047616,0.0009768009768009768,325.06,4.25,106.0,O2
0.01684981684981685,0.03418803418803419,0.04981684981684982,0.03418803418803419,0.0007326007326007326,324.69,4.12,105.69,O2
0.010012210012210013,0.021001221001221003,0.03711843711843712,0.018803418803418803,0.0004884004884004884,325.5,4.56,105.44,O2
0.00463980463980464,0.011233211233211233,0.02735042735042735,0.00805860805860806,0.0004884004884004884,325.69,4.56,105.94,O2
0.0007326007326007326,0.004395604395604396,0.020024420024420026,0.0004884004884004884,0.0002442002442002442,325.19,4.12,106.0,O2
0.0017094017094017094,0.0002442002442002442,0.014896214896214897,0.00463980463980464,0.0002442002442002442,324.62,4.19,105.81,O2
0.003663003663003663,0.003663003663003663,0.011477411477411478,0.00805860805860806,0.0009768009768009768,325.5,6.25,104.94,O2
0.004151404151404151,0.005616605616605617,0.009035409035409036,0.009523809523809525,0.0017094017094017094,323.5,6.5,97.62,O2
0.0029304029304029304,0.003907203907203907,0.014163614163614164,0.007814407814407814,0.002442002442002442,320.56,3.81,92.37,O2
0.0014652014652014652,0.008547008547008548,0.0336996336996337,0.011233211233211233,0.0017094017094017094,316.69,0.37,92.87,O2
0.010256410256410256,0.02905982905982906,0.04786324786324787,0.03028083028083028,0.0,313.37,-2.0,94.37,O2
0.018803418803418803,0.04322344322344322,0.057631257631257635,0.043467643467643466,0.001221001221001221,312.44,-3.0,94.37,O2
0.02490842490842491,0.053235653235653234,0.06471306471306472,0.05274725274725275,0.0019536019536019536,311.69,-3.44,94.19,O2
0.02905982905982906,0.060073260073260075,0.06691086691086691,0.0568986568986569,0.002442002442002442,311.69,-3.62,93.75,O2
0.03125763125763126,0.06373626373626373,0.06788766788766788,0.059096459096459095,0.0029304029304029304,311.62,-4.06,93.75,O2
0.03247863247863248,0.0652014652014652,0.06788766788766788,0.060073260073260075,0.0031746031746031746,311.69,-4.12,94.0,O2
0.03296703296703297,0.06593406593406594,0.0673992673992674,0.06056166056166056,0.003418803418803419,312.31,-3.19,96.37,O2
0.03125763125763126,0.06471306471306472,0.06666666666666667,0.05934065934065934,0.002442002442002442,316.0,-0.19,101.69,O2
0.026617826617826617,0.058363858363858365,0.06593406593406594,0.05128205128205128,0.0017094017094017094,318.44,1.81,105.81,O2
0.020757020757020756,0.04664224664224664,0.057387057387057384,0.03907203907203907,0.001221001221001221,319.37,2.5,106.12,O2
0.014163614163614164,0.032722832722832725,0.04566544566544566,0.025885225885225887,0.0002442002442002442,319.69,2.75,106.5,O2
0.008547008547008548,0.021245421245421246,0.03540903540903541,0.013675213675213675,0.0014652014652014652,319.87,2.81,106.75,O2
0.003663003663003663,0.012454212454212455,0.02783882783882784,0.00463980463980464,0.002197802197802198,320.06,2.94,106.19,O2
0.0002442002442002442,0.006593406593406593,0.02197802197802198,0.0017094017094017094,0.002686202686202686,319.94,2.87,104.94,O2
0.002197802197802198,0.002442002442002442,0.017826617826617826,0.006349206349206349,0.0031746031746031746,320.19,3.19,104.31,O2
0.003663003663003663,0.0004884004884004884,0.01514041514041514,0.00927960927960928,0.0031746031746031746,319.87,3.12,102.5,O2
0.003663003663003663,0.0014652014652014652,0.013675213675213675,0.010256410256410256,0.003418803418803419,319.06,2.19,98.25,O2
0.002197802197802198,0.0002442002442002442,0.019536019536019536,0.004395604395604396,0.003418803418803419,319.69,2.31,93.06,O2
0.004151404151404151,0.010500610500610501,0.036874236874236875,0.01684981684981685,0.002442002442002442,317.87,0.19,87.5,O2
0.012698412698412698,0.027594627594627594,0.04908424908424908,0.035897435897435895,0.0004884004884004884,315.56,-1.25,89.19,O2
0.018803418803418803,0.03956043956043956,0.057631257631257635,0.04932844932844933,0.0007326007326007326,315.44,-1.37,89.81,O2
0.0231990231990232,0.04786324786324787,0.06227106227106227,0.05860805860805861,0.0017094017094017094,315.31,-1.44,89.81,O2
0.025152625152625153,0.052503052503052504,0.06373626373626373,0.06275946275946276,0.002442002442002442,315.06,-1.56,89.69,O2
0.025885225885225887,0.054945054945054944,0.06398046398046398,0.06422466422466422,0.0029304029304029304,315.06,-1.62,89.56,O2
0.026373626373626374,0.055921855921855924,0.06324786324786325,0.06446886446886448,0.0019536019536019536,314.75,-1.81,89.94,O2
0.02612942612942613,0.05616605616605617,0.06202686202686203,0.06471306471306472,0.0014652014652014652,315.62,-0.19,95.25,O2
0.024664224664224663,0.05396825396825397,0.06056166056166056,0.06153846153846154,0.0009768009768009768,317.0,1.31,102.19,O2
0.020512820512820513,0.04590964590964591,0.058363858363858365,0.05299145299145299,0.0007326007326007326,318.87,2.69,105.5,O2
0.01562881562881563,0.034432234432234435,0.04957264957264957,0.042002442002442006,0.0004884004884004884,320.5,3.44,105.44,O2
0.009035409035409036,0.021733821733821733,0.03833943833943834,0.031013431013431014,0.0002442002442002442,320.69,3.5,104.94,O2
0.003418803418803419,0.011721611721611722,0.028815628815628817,0.01978021978021978,0.0002442002442002442,320.56,3.56,104.81,O2
0.0004884004884004884,0.004884004884004884,0.021245421245421246,0.011477411477411478,0.0002442002442002442,320.56,3.56,104.62,O2
0.003418803418803419,0.0,0.015873015873015872,0.005616605616605617,0.0002442002442002442,320.5,3.62,104.12,O2
0.005372405372405372,0.003418803418803419,0.01221001221001221,0.0017094017094017094,0.0002442002442002442,320.62,3.81,103.81,O2
0.006837606837606838,0.005616605616605617,0.009523809523809525,0.0007326007326007326,0.0002442002442002442,320.75,4.06,100.5,O2
0.00757020757020757,0.006349206349206349,0.008547008547008548,0.0014652014652014652,0.0002442002442002442,320.94,4.12,97.81,O2
0.005128205128205128,0.002442002442002442,0.016605616605616606,0.002686202686202686,0.0002442002442002442,320.56,3.62,95.31,O2
0.0002442002442002442,0.005860805860805861,0.03223443223443224,0.017094017094017096,0.001221001221001221,317.31,0.5,92.75,O2
0.008547008547008548,0.021001221001221003,0.04542124542124542,0.03394383394383394,0.0019536019536019536,314.0,-1.94,93.25,O2
0.01733821733821734,0.03492063492063492,0.054945054945054944,0.04566544566544566,0.002442002442002442,313.69,-2.25,92.69,O2
0.02442002442002442,0.04493284493284493,0.06153846153846154,0.05396825396825397,0.0029304029304029304,313.5,-2.44,92.5,O2
0.029548229548229547,0.051770451770451774,0.06471306471306472,0.05787545787545788,0.0019536019536019536,313.37,-2.56,92.37,O2
0.03296703296703297,0.05616605616605617,0.06642246642246642,0.05982905982905983,0.0014652014652014652,313.37,-2.62,92.31,O2
0.035164835164835165,0.05885225885225885,0.06666666666666667,0.06105006105006105,0.0009768009768009768,313.31,-2.62,92.44,O2
0.03638583638583639,0.060073260073260075,0.06617826617826618,0.06129426129426129,0.0007326007326007326,313.25,-2.0,94.31,O2
0.03565323565323565,0.060073260073260075,0.06471306471306472,0.060805860805860805,0.0004884004884004884,314.75,-0.25,100.44,O2
0.03199023199023199,0.054945054945054944,0.063003663003663,0.05396825396825397,0.0004884004884004884,317.25,1.69,104.44,O2
0.02490842490842491,0.04395604395604396,0.054945054945054944,0.041758241758241756,0.0002442002442002442,318.44,2.56,105.31,O2
0.017826617826617826,0.03199023199023199,0.04395604395604396,0.028815628815628817,0.0002442002442002442,319.25,3.06,105.62,O2
0.011477411477411478,0.02026862026862027,0.033455433455433455,0.017094017094017096,0.0,319.44,3.12,105.81,O2
0.005860805860805861,0.01098901098901099,0.02490842490842491,0.00805860805860806,0.0,319.5,3.19,105.56,O2
0.0014652014652014652,0.004151404151404151,0.01855921855921856,0.0014652014652014652,0.0,319.75,3.25,105.37,O2
0.0017094017094017094,0.0004884004884004884,0.013675213675213675,0.0031746031746031746,0.0,319.69,3.19,105.06,O2
0.003907203907203907,0.003663003663003663,0.010012210012210013,0.006349206349206349,0.0,319.75,3.19,104.62,O2
0.005372405372405372,0.006105006105006105,0.00757020757020757,0.008791208791208791,0.0,319.44,3.06,103.62,O2
0.006349206349206349,0.00757020757020757,0.005860805860805861,0.010256410256410256,0.0,319.62,3.31,99.19,O2
0.006837606837606838,0.007814407814407814,0.005616605616605617,0.00927960927960928,0.0,319.75,3.12,93.31,O2
0.006837606837606838,0.0031746031746031746,0.01514041514041514,0.0002442002442002442,0.001221001221001221,317.75,0.94,88.5,O2
0.003907203907203907,0.006837606837606838,0.030525030525030524,0.015384615384615385,0.0019536019536019536,315.5,-1.44,86.75,O2
0.006105006105006105,0.024664224664224663,0.0442002442002442,0.03223443223443224,0.002442002442002442,314.5,-2.19,87.94,O2
0.01562881562881563,0.03833943833943834,0.05372405372405373,0.04395604395604396,0.0029304029304029304,314.12,-2.44,87.87,O2
0.022222222222222223,0.04810744810744811,0.06056166056166056,0.05225885225885226,0.0031746031746031746,313.94,-2.56,87.69,O2
0.026862026862026864,0.054945054945054944,0.06349206349206349,0.05641025641025641,0.003418803418803419,313.94,-2.62,87.69,O2
0.029304029304029304,0.05860805860805861,0.06446886446886448,0.05885225885225885,0.003418803418803419,313.94,-2.62,87.69,O2
0.03076923076923077,0.06031746031746032,0.06446886446886448,0.05982905982905983,0.002442002442002442,313.94,-2.56,88.62,O2
0.031013431013431014,0.06105006105006105,0.06373626373626373,0.05982905982905983,0.0017094017094017094,313.69,-2.5,89.31,O2
0.030036630036630037,0.06031746031746032,0.06153846153846154,0.056654456654456654,0.001221001221001221,313.87,-1.56,92.12,O2
0.02857142857142857,0.059096459096459095,0.059096459096459095,0.05128205128205128,0.0009768009768009768,317.0,1.25,99.31,O2
0.02564102564102564,0.054212454212454214,0.05641025641025641,0.04249084249084249,0.0007326007326007326,318.31,2.75,104.81,O2
0.01978021978021978,0.04395604395604396,0.04835164835164835,0.03199023199023199,0.0004884004884004884,320.62,3.87,104.19,O2
0.011721611721611722,0.029548229548229547,0.03736263736263736,0.02271062271062271,0.0002442002442002442,321.19,4.31,103.81,O2
0.005616605616605617,0.017094017094017096,0.027106227106227107,0.010256410256410256,0.0002442002442002442,321.31,4.44,103.75,O2
0.001221001221001221,0.008302808302808303,0.019291819291819293,0.0014652014652014652,0.0002442002442002442,321.44,4.62,103.19,O2
0.0017094017094017094,0.0019536019536019536,0.013431013431013432,0.004395604395604396,0.0002442002442002442,321.56,4.69,103.31,O2
0.003907203907203907,0.002442002442002442,0.009523809523809525,0.008302808302808303,0.0002442002442002442,321.5,4.62,103.19,O2
0.005372405372405372,0.005128205128205128,0.006593406593406593,0.01098901098901099,0.0009768009768009768,321.31,4.5,103.0,O2
0.006349206349206349,0.006837606837606838,0.00463980463980464,0.012454212454212455,0.0019536019536019536,320.87,4.37,102.87,O2
0.007081807081807082,0.00805860805860806,0.003418803418803419,0.013431013431013432,0.002442002442002442,321.31,4.5,98.94,O2
0.007081807081807082,0.00757020757020757,0.003907203907203907,0.011965811965811967,0.0029304029304029304,322.0,4.62,93.94,O2
0.003418803418803419,0.0009768009768009768,0.01514041514041514,0.0002442002442002442,0.0019536019536019536,319.44,2.19,89.62,O2
0.003907203907203907,0.01221001221001221,0.03199023199023199,0.018803418803418803,0.0002442002442002442,316.81,-0.31,87.5,O2
0.012942612942612943,0.028815628815628817,0.04468864468864469,0.034432234432234435,0.0009768009768009768,314.94,-1.69,88.19,O2
0.019536019536019536,0.04053724053724054,0.05372405372405373,0.045177045177045176,0.0017094017094017094,314.19,-2.25,88.25,O2
0.024175824175824177,0.0485958485958486,0.060073260073260075,0.05274725274725275,0.002442002442002442,313.81,-2.44,88.25,O2
0.02735042735042735,0.054212454212454214,0.06275946275946276,0.05616605616605617,0.0029304029304029304,313.69,-2.62,88.31,O2
0.029792429792429794,0.057387057387057384,0.06398046398046398,0.057631257631257635,0.0031746031746031746,313.62,-2.81,88.44,O2
0.03076923076923077,0.05860805860805861,0.06398046398046398,0.05811965811965812,0.003418803418803419,313.56,-2.87,88.81,O2
0.031013431013431014,0.059096459096459095,0.06324786324786325,0.058363858363858365,0.003418803418803419,313.56,-2.5,90.25,O2
0.030036630036630037,0.05860805860805861,0.061782661782661785,0.057387057387057384,0.002442002442002442,317.0,0.62,98.06,O2
0.026617826617826617,0.052503052503052504,0.06056166056166056,0.04981684981684982,0.0017094017094017094,320.56,3.75,103.31,O2
0.021245421245421246,0.038583638583638585,0.05054945054945055,0.03540903540903541,0.001221001221001221,321.87,4.56,103.62,O2
0.013675213675213675,0.02442002442002442,0.03907203907203907,0.019291819291819293,0.0004884004884004884,322.19,4.69,103.94,O2
0.006837606837606838,0.01391941391941392,0.029304029304029304,0.006349206349206349,0.0014652014652014652,322.25,4.75,104.56,O2
0.0019536019536019536,0.006593406593406593,0.021733821733821733,0.0029304029304029304,0.002197802197802198,322.25,4.75,104.69,O2
0.0017094017094017094,0.001221001221001221,0.016361416361416362,0.00927960927960928,0.002686202686202686,322.31,4.75,104.75,O2
0.004151404151404151,0.002442002442002442,0.012454212454212455,0.013431013431013432,0.0031746031746031746,322.25,4.75,104.94,O2
0.005860805860805861,0.004884004884004884,0.009768009768009768,0.01611721611721612,0.003418803418803419,322.94,5.5,103.62,O2
0.006837606837606838,0.006593406593406593,0.00805860805860806,0.017094017094017096,0.003663003663003663,322.44,5.06,99.31,O2
0.006105006105006105,0.005372405372405372,0.008547008547008548,0.01684981684981685,0.003663003663003663,321.25,4.31,93.94,O2
0.003663003663003663,0.002442002442002442,0.012454212454212455,0.013186813186813187,0.003663003663003663,320.19,3.44,92.0,O2
0.0009768009768009768,0.0002442002442002442,0.020024420024420026,0.006349206349206349,0.002686202686202686,318.75,2.06,89.62,O2
0.004884004884004884,0.00805860805860806,0.034432234432234435,0.008791208791208791,0.0017094017094017094,315.31,-1.19,88.19,O2
0.013675213675213675,0.025396825396825397,0.05054945054945055,0.03076923076923077,0.0002442002442002442,315.19,-1.19,88.94,O2
0.02612942612942613,0.041758241758241756,0.06202686202686203,0.046153846153846156,0.0009768009768009768,315.06,-1.19,89.06,O2
0.03467643467643468,0.05347985347985348,0.06984126984126984,0.0568986568986569,0.0019536019536019536,314.69,-1.37,89.12,O2
0.04078144078144078,0.06153846153846154,0.07545787545787545,0.06227106227106227,0.002442002442002442,314.75,-1.5,89.0,O2
0.04493284493284493,0.06593406593406594,0.07765567765567766,0.06446886446886448,0.0029304029304029304,314.75,-1.44,88.94,O2
0.04737484737484737,0.06788766788766788,0.07838827838827839,0.06593406593406594,0.003418803418803419,314.62,-1.5,89.19,O2
0.0485958485958486,0.06910866910866911,0.07838827838827839,0.06617826617826618,0.003418803418803419,313.94,-1.5,90.12,O2
0.0485958485958486,0.06910866910866911,0.07716727716727717,0.06593406593406594,0.002442002442002442,314.81,-0.44,97.56,O2
0.046153846153846156,0.06446886446886448,0.073992673992674,0.05934065934065934,0.0017094017094017094,314.81,0.19,103.62,O2
0.041758241758241756,0.05543345543345543,0.06788766788766788,0.04664224664224664,0.001221001221001221,316.69,1.5,105.5,O2
0.03394383394383394,0.04322344322344322,0.056654456654456654,0.03394383394383394,0.0002442002442002442,318.69,2.62,105.12,O2
0.02442002442002442,0.02905982905982906,0.04468864468864469,0.022466422466422466,0.001221001221001221,319.06,2.87,104.62,O2
0.016605616605616606,0.017826617826617826,0.03467643467643468,0.010744810744810745,0.0019536019536019536,319.0,2.81,104.06,O2
0.01098901098901099,0.009768009768009768,0.02735042735042735,0.002442002442002442,0.002686202686202686,319.19,3.0,103.25,O2
0.007081807081807082,0.004151404151404151,0.02197802197802198,0.003418803418803419,0.0029304029304029304,319.56,3.31,102.5,O2
0.00463980463980464,0.0004884004884004884,0.018315018315018316,0.006837606837606838,0.0031746031746031746,319.62,3.5,102.0,O2
0.0029304029304029304,0.0017094017094017094,0.015873015873015872,0.008791208791208791,0.003418803418803419,320.0,4.25,98.19,O2
0.003418803418803419,0.0007326007326007326,0.016361416361416362,0.007326007326007326,0.003663003663003663,319.94,3.75,94.69,O2
0.007814407814407814,0.005372405372405372,0.022954822954822957,0.0004884004884004884,0.003663003663003663,318.81,2.44,93.0,O2
0.013431013431013432,0.01514041514041514,0.03736263736263736,0.017582417582417582,0.001221001221001221,316.94,0.13,89.0,O2
0.021733821733821733,0.03223443223443224,0.05201465201465202,0.03638583638583639,0.0002442002442002442,316.31,-0.62,88.69,O2
0.030525030525030524,0.04664224664224664,0.06251526251526252,0.04957264957264957,0.002442002442002442,316.0,-0.81,88.56,O2
0.036874236874236875,0.0568986568986569,0.0695970695970696,0.05885225885225885,0.004151404151404151,315.87,-0.94,88.31,O2
0.041025641025641026,0.06398046398046398,0.07301587301587302,0.06422466422466422,0.005372405372405372,315.75,-1.06,88.25,O2
0.04371184371184371,0.06813186813186813,0.07423687423687424,0.0673992673992674,0.006105006105006105,315.75,-1.06,88.19,O2
0.04493284493284493,0.07008547008547009,0.07423687423687424,0.06886446886446887,0.005372405372405372,315.62,-1.12,88.31,O2
0.04566544566544566,0.0713064713064713,0.073992673992674,0.06935286935286936,0.004884004884004884,315.06,-0.88,89.81,O2
0.04590964590964591,0.07155067155067155,0.07301587301587302,0.06935286935286936,0.00463980463980464,315.37,0.0,98.5,O2
0.04297924297924298,0.06862026862026863,0.07032967032967033,0.06617826617826618,0.004395604395604396,316.12,1.0,104.56,O2
0.035897435897435895,0.057387057387057384,0.06642246642246642,0.0547008547008547,0.004395604395604396,317.19,1.62,105.81,O2
0.026373626373626374,0.04004884004884005,0.05445665445665446,0.04126984126984127,0.0029304029304029304,317.69,1.81,105.25,O2
0.018070818070818073,0.02612942612942613,0.04297924297924298,0.03028083028083028,0.002197802197802198,318.12,2.12,105.12,O2
0.011721611721611722,0.01562881562881563,0.0336996336996337,0.022222222222222223,0.0014652014652014652,318.25,2.19,104.75,O2
0.007326007326007326,0.008547008547008548,0.026617826617826617,0.014896214896214897,0.0009768009768009768,318.19,2.19,104.62,O2
0.004151404151404151,0.003418803418803419,0.021245421245421246,0.009523809523809525,0.0004884004884004884,318.12,2.19,104.31,O2
0.0019536019536019536,0.0002442002442002442,0.017582417582417582,0.005616605616605617,0.0014652014652014652,317.87,2.12,103.87,O2
0.0004884004884004884,0.002686202686202686,0.01514041514041514,0.0029304029304029304,0.002197802197802198,317.44,2.19,103.12,O2
0.0004884004884004884,0.003907203907203907,0.013675213675213675,0.0009768009768009768,0.0017094017094017094,317.69,2.06,98.81,O2
0.0007326007326007326,0.0014652014652014652,0.018070818070818073,0.002442002442002442,0.001221001221001221,318.81,3.0,97.75,O2
0.006105006105006105,0.008791208791208791,0.03296703296703297,0.013186813186813187,0.0007326007326007326,316.0,1.19,96.94,O2
0.013675213675213675,0.02564102564102564,0.04664224664224664,0.02905982905982906,0.0004884004884004884,312.12,-1.62,97.19,O2
0.020757020757020756,0.03785103785103785,0.05616605616605617,0.040293040293040296,0.0014652014652014652,311.62,-2.0,96.81,O2
0.02564102564102564,0.0463980463980464,0.063003663003663,0.04786324786324787,0.002197802197802198,311.31,-2.19,96.5,O2
0.029304029304029304,0.05225885225885226,0.06617826617826618,0.05201465201465202,0.002686202686202686,311.31,-2.31,96.5,O2
0.03125763125763126,0.05518925518925519,0.0673992673992674,0.05372405372405373,0.0019536019536019536,311.25,-2.37,96.37,O2
0.03247863247863248,0.056654456654456654,0.06764346764346764,0.05445665445665446,0.0014652014652014652,311.31,-2.44,96.44,O2
0.03321123321123321,0.057387057387057384,0.06715506715506715,0.05445665445665446,0.0009768009768009768,311.56,-2.19,97.19,O2
0.03296703296703297,0.057387057387057384,0.06593406593406594,0.05396825396825397,0.0007326007326007326,312.25,-1.62,98.69,O2
0.031013431013431014,0.05641025641025641,0.06324786324786325,0.05103785103785104,0.0004884004884004884,312.37,-1.81,102.75,O2
0.027106227106227107,0.050793650793650794,0.06129426129426129,0.04371184371184371,0.0002442002442002442,314.56,0.0,105.5,O2
0.021245421245421246,0.0398046398046398,0.053235653235653234,0.03199023199023199,0.0002442002442002442,316.44,1.56,108.19,O2
0.014896214896214897,0.026617826617826617,0.042002442002442006,0.021001221001221003,0.0009768009768009768,317.75,2.31,108.12,O2
0.009035409035409036,0.01514041514041514,0.03223443223443224,0.011721611721611722,0.0019536019536019536,318.44,2.69,107.81,O2
0.004395604395604396,0.006837606837606838,0.02442002442002442,0.002197802197802198,0.002442002442002442,318.69,2.81,107.37,O2
0.0007326007326007326,0.001221001221001221,0.018803418803418803,0.00463980463980464,0.0029304029304029304,318.56,2.75,106.87,O2
0.0014652014652014652,0.0029304029304029304,0.014652014652014652,0.00927960927960928,0.0031746031746031746,318.5,2.75,106.06,O2
0.0031746031746031746,0.005616605616605617,0.011721611721611722,0.012454212454212455,0.003418803418803419,319.56,3.94,104.0,O2
0.004151404151404151,0.006593406593406593,0.010012210012210013,0.013186813186813187,0.003418803418803419,320.56,5.0,100.81,O2
0.002442002442002442,0.003663003663003663,0.01391941391941392,0.009523809523809525,0.003663003663003663,320.31,4.5,96.12,O2
0.0031746031746031746,0.007081807081807082,0.03028083028083028,0.00757020757020757,0.002686202686202686,316.69,1.81,91.69,O2
0.012454212454212455,0.024664224664224663,0.04542124542124542,0.026862026862026864,0.0007326007326007326,313.69,-0.88,90.94,O2
0.02271062271062271,0.04126984126984127,0.055921855921855924,0.041758241758241756,0.0007326007326007326,313.19,-1.5,90.87,O2
0.030525030525030524,0.05299145299145299,0.06349206349206349,0.05225885225885226,0.0017094017094017094,313.0,-1.62,90.69,O2
0.035897435897435895,0.06105006105006105,0.06788766788766788,0.05958485958485959,0.002442002442002442,312.94,-1.75,90.69,O2
0.0398046398046398,0.06593406593406594,0.07008547008547009,0.06373626373626373,0.0029304029304029304,312.81,-1.87,90.69,O2
0.042002442002442006,0.06862026862026863,0.0713064713064713,0.06593406593406594,0.0031746031746031746,312.81,-1.87,90.94,O2
0.043467643467643466,0.07008547008547009,0.0713064713064713,0.06691086691086691,0.003418803418803419,312.44,-1.87,91.5,O2
0.04322344322344322,0.07008547008547009,0.06984126984126984,0.06691086691086691,0.003663003663003663,313.87,-0.62,99.75,O2
0.040293040293040296,0.06666666666666667,0.0673992673992674,0.06275946275946276,0.003663003663003663,315.31,0.81,104.75,O2
0.0336996336996337,0.054945054945054944,0.06227106227106227,0.050061050061050064,0.003663003663003663,318.12,2.44,105.25,O2
0.023443223443223443,0.0380952380952381,0.04981684981684982,0.03467643467643468,0.002686202686202686,318.81,2.81,104.81,O2
0.015384615384615385,0.02442002442002442,0.0380952380952381,0.018803418803418803,0.0017094017094017094,318.81,2.81,104.62,O2
0.009768009768009768,0.014407814407814409,0.028815628815628817,0.00757020757020757,0.001221001221001221,318.69,2.69,104.56,O2
0.005860805860805861,0.007326007326007326,0.022466422466422466,0.0002442002442002442,0.0007326007326007326,318.19,2.5,104.0,O2
0.0031746031746031746,0.002442002442002442,0.017826617826617826,0.005860805860805861,0.0004884004884004884,317.87,2.37,103.56,O2
0.0014652014652014652,0.0007326007326007326,0.014896214896214897,0.008547008547008548,0.0017094017094017094,317.87,2.62,103.31,O2
0.0007326007326007326,0.0017094017094017094,0.014163614163614164,0.009035409035409036,0.002442002442002442,317.0,2.31,102.19,O2
0.0002442002442002442,0.0017094017094017094,0.01562881562881563,0.00757020757020757,0.002686202686202686,317.25,1.62,96.69,O2
0.0014652014652014652,0.002197802197802198,0.023687423687423687,0.0017094017094017094,0.0019536019536019536,318.31,2.25,92.69,O2
0.007814407814407814,0.01514041514041514,0.042002442002442006,0.0231990231990232,0.0002442002442002442,314.69,-1.12,90.0,O2
0.01855921855921856,0.03418803418803419,0.05518925518925519,0.04078144078144078,0.001221001221001221,313.75,-1.56,91.19,O2
0.029304029304029304,0.04835164835164835,0.06446886446886448,0.05299145299145299,0.0019536019536019536,313.56,-1.62,91.25,O2
0.036874236874236875,0.05811965811965812,0.07106227106227106,0.06153846153846154,0.002686202686202686,313.37,-1.75,91.25,O2
0.04224664224664225,0.0652014652014652,0.07423687423687424,0.06568986568986569,0.0029304029304029304,313.37,-1.81,91.25,O2
0.04566544566544566,0.06886446886446887,0.07545787545787545,0.06764346764346764,0.003418803418803419,313.31,-1.87,91.69,O2
0.04737484737484737,0.07081807081807082,0.0757020757020757,0.06837606837606838,0.003418803418803419,313.06,-1.87,92.37,O2
0.04737484737484737,0.0713064713064713,0.07521367521367521,0.06837606837606838,0.003663003663003663,313.37,-1.87,97.62,O2
0.0442002442002442,0.06910866910866911,0.07326007326007326,0.06446886446886448,0.003663003663003663,314.31,-0.75,103.87,O2
0.036874236874236875,0.060073260073260075,0.07032967032967033,0.05274725274725275,0.003663003663003663,315.75,0.06,104.62,O2
0.027106227106227107,0.04468864468864469,0.05885225885225885,0.03907203907203907,0.002686202686202686,316.81,0.94,104.62,O2
0.018803418803418803,0.03028083028083028,0.04664224664224664,0.026373626373626374,0.0019536019536019536,317.31,1.25,104.44,O2
0.012942612942612943,0.019536019536019536,0.03711843711843712,0.015384615384615385,0.0014652014652014652,317.44,1.31,103.87,O2
0.008791208791208791,0.011965811965811967,0.029792429792429794,0.007814407814407814,0.0009768009768009768,317.37,1.31,103.19,O2
0.005860805860805861,0.006837606837606838,0.02490842490842491,0.002442002442002442,0.0007326007326007326,317.37,1.44,102.5,O2
0.003663003663003663,0.003418803418803419,0.02148962148962149,0.0007326007326007326,0.0004884004884004884,318.19,2.19,101.62,O2
0.002442002442002442,0.0014652014652014652,0.019536019536019536,0.0029304029304029304,0.0004884004884004884,317.31,1.62,97.94,O2
0.002197802197802198,0.0029304029304029304,0.021001221001221003,0.0019536019536019536,0.0002442002442002442,318.62,2.5,97.37,O2
0.004395604395604396,0.00805860805860806,0.03223443223443224,0.009035409035409036,0.0014652014652014652,317.12,1.62,97.69,O2
0.012698412698412698,0.02442002442002442,0.04737484737484737,0.02564102564102564,0.002197802197802198,312.81,-1.44,97.56,O2
0.022222222222222223,0.04371184371184371,0.05860805860805861,0.0398046398046398,0.002686202686202686,312.12,-2.06,97.06,O2
0.029792429792429794,0.057387057387057384,0.06642246642246642,0.04981684981684982,0.0031746031746031746,311.44,-2.37,97.0,O2
0.03540903540903541,0.06691086691086691,0.07179487179487179,0.056654456654456654,0.003418803418803419,311.06,-2.5,96.87,O2
0.03907203907203907,0.07179487179487179,0.073992673992674,0.060073260073260075,0.003663003663003663,310.94,-2.62,96.81,O2
0.04126984126984127,0.07448107448107448,0.07448107448107448,0.06153846153846154,0.003663003663003663,310.87,-2.69,96.81,O2
0.042735042735042736,0.07545787545787545,0.07423687423687424,0.06227106227106227,0.003663003663003663,310.87,-2.75,96.94,O2
0.04322344322344322,0.07545787545787545,0.0735042735042735,0.06251526251526252,0.003663003663003663,311.06,-2.87,96.0,O2
0.04126984126984127,0.07374847374847375,0.07155067155067155,0.060805860805860805,0.003663003663003663,311.87,-2.69,101.12,O2
0.03638583638583639,0.06691086691086691,0.0695970695970696,0.05201465201465202,0.003663003663003663,314.87,-0.13,104.81,O2
0.030036630036630037,0.054212454212454214,0.061782661782661785,0.03907203907203907,0.002686202686202686,316.69,0.75,105.62,O2
0.022466422466422466,0.03882783882783883,0.05054945054945055,0.024664224664224663,0.0019536019536019536,317.81,1.31,105.56,O2
0.01562881562881563,0.02564102564102564,0.040293040293040296,0.011477411477411478,0.001221001221001221,317.94,1.37,105.12,O2
0.009768009768009768,0.015873015873015872,0.03199023199023199,0.0019536019536019536,0.0009768009768009768,317.81,1.37,104.94,O2
0.005860805860805861,0.009035409035409036,0.025885225885225887,0.004884004884004884,0.0004884004884004884,317.62,1.31,104.69,O2
0.002686202686202686,0.004395604395604396,0.021245421245421246,0.009523809523809525,0.0014652014652014652,317.69,1.31,104.75,O2
0.0007326007326007326,0.001221001221001221,0.017826617826617826,0.012942612942612943,0.002197802197802198,317.69,1.37,104.62,O2
0.0007326007326007326,0.0009768009768009768,0.01562881562881563,0.01514041514041514,0.002686202686202686,317.44,1.31,104.31,O2
0.0017094017094017094,0.002442002442002442,0.01391941391941392,0.01684981684981685,0.0031746031746031746,316.31,1.12,102.25,O2
0.002197802197802198,0.0031746031746031746,0.012698412698412698,0.017582417582417582,0.002197802197802198,316.75,0.81,99.19,O2
0.0019536019536019536,0.0014652014652014652,0.015384615384615385,0.01514041514041514,0.0017094017094017094,316.69,1.12,97.62,O2
0.002442002442002442,0.007814407814407814,0.03223443223443224,0.0014652014652014652,0.001221001221001221,311.12,-3.5,96.75,O2
0.014163614163614164,0.028083028083028084,0.050061050061050064,0.02564102564102564,0.0002442002442002442,310.5,-4.06,96.56,O2
0.027106227106227107,0.04664224664224664,0.06251526251526252,0.04249084249084249,0.0014652014652014652,310.5,-4.0,96.25,O2
0.037606837606837605,0.05934065934065934,0.0713064713064713,0.05445665445665446,0.002197802197802198,310.37,-4.12,96.12,O2
0.04493284493284493,0.06837606837606838,0.07667887667887668,0.06153846153846154,0.002686202686202686,310.37,-4.19,96.06,O2
0.050061050061050064,0.0735042735042735,0.07936507936507936,0.06568986568986569,0.0031746031746031746,310.37,-4.19,95.81,O2
0.053235653235653234,0.07643467643467644,0.08034188034188035,0.06788766788766788,0.003418803418803419,310.37,-4.19,95.69,O2
0.054945054945054944,0.07765567765567766,0.08083028083028083,0.06862026862026863,0.003663003663003663,310.31,-4.19,95.94,O2
0.055921855921855924,0.07814407814407814,0.08034188034188035,0.06886446886446887,0.003663003663003663,310.0,-4.0,96.69,O2
0.05518925518925519,0.07741147741147741,0.07936507936507936,0.06813186813186813,0.003907203907203907,310.06,-4.0,97.31,O2
0.050793650793650794,0.07301587301587302,0.0761904761904762,0.06324786324786325,0.003907203907203907,308.0,-4.69,104.87,O2
0.0442002442002442,0.06471306471306472,0.07277167277167278,0.054212454212454214,0.003907203907203907,311.37,-2.31,107.81,O2
0.036141636141636145,0.05103785103785104,0.06373626373626373,0.04126984126984127,0.002686202686202686,314.44,-0.56,107.37,O2
0.026373626373626374,0.034432234432234435,0.050793650793650794,0.025885225885225887,0.0017094017094017094,314.81,-0.37,107.44,O2
0.018803418803418803,0.021733821733821733,0.0398046398046398,0.013186813186813187,0.0,314.94,-0.31,107.25,O2
0.013675213675213675,0.012698412698412698,0.0315018315018315,0.004395604395604396,0.001221001221001221,315.0,-0.25,107.06,O2
0.010012210012210013,0.006593406593406593,0.02564102564102564,0.0019536019536019536,0.0019536019536019536,315.25,-0.13,106.87,O2
0.00757020757020757,0.002197802197802198,0.021245421245421246,0.006105006105006105,0.002442002442002442,315.5,0.0,106.37,O2
0.005860805860805861,0.0007326007326007326,0.018315018315018316,0.008791208791208791,0.0029304029304029304,315.5,0.19,105.31,O2
0.00463980463980464,0.002442002442002442,0.01611721611721612,0.010500610500610501,0.0031746031746031746,315.31,0.31,103.25,O2
0.004395604395604396,0.0014652014652014652,0.017582417582417582,0.00927960927960928,0.003418803418803419,316.69,1.37,100.87,O2
0.00927960927960928,0.006837606837606838,0.03247863247863248,0.00757020757020757,0.002197802197802198,315.44,0.0,96.56,O2
0.017094017094017096,0.023931623931623933,0.04884004884004884,0.02857142857142857,0.0004884004884004884,312.25,-2.81,95.75,O2
0.026617826617826617,0.04151404151404151,0.06031746031746032,0.04322344322344322,0.0007326007326007326,312.06,-3.0,95.12,O2
0.03492063492063492,0.05372405372405373,0.06837606837606838,0.05347985347985348,0.0017094017094017094,311.81,-3.06,94.81,O2
0.04078144078144078,0.06227106227106227,0.07326007326007326,0.060805860805860805,0.002442002442002442,311.69,-3.19,94.62,O2
0.04493284493284493,0.06813186813186813,0.07545787545787545,0.06471306471306472,0.0029304029304029304,311.56,-3.25,94.81,O2
0.047619047619047616,0.07179487179487179,0.07643467643467644,0.06666666666666667,0.0031746031746031746,311.56,-2.94,96.62,O2
0.04810744810744811,0.07301587301587302,0.0757020757020757,0.0673992673992674,0.003418803418803419,311.75,-2.81,101.37,O2
0.04493284493284493,0.0695970695970696,0.07301587301587302,0.06349206349206349,0.002442002442002442,314.25,-1.0,106.56,O2
0.03833943833943834,0.05860805860805861,0.06862026862026863,0.05054945054945055,0.0017094017094017094,317.0,0.44,105.94,O2
0.028815628815628817,0.04151404151404151,0.05567765567765568,0.035897435897435895,0.001221001221001221,316.94,0.44,105.56,O2
0.02026862026862027,0.02735042735042735,0.04322344322344322,0.022222222222222223,0.0007326007326007326,316.94,0.37,105.56,O2
0.014163614163614164,0.017094017094017096,0.0336996336996337,0.012698412698412698,0.0004884004884004884,316.75,0.37,105.44,O2
0.009768009768009768,0.010012210012210013,0.027106227106227107,0.006105006105006105,0.0002442002442002442,316.69,0.37,105.44,O2
0.006837606837606838,0.004884004884004884,0.022222222222222223,0.001221001221001221,0.0002442002442002442,316.0,0.31,105.19,O2
0.004884004884004884,0.0019536019536019536,0.01904761904761905,0.0014652014652014652,0.0,315.0,0.19,102.5,O2
0.004151404151404151,0.0019536019536019536,0.019536019536019536,0.0017094017094017094,0.0,316.37,0.5,99.44,O2
0.005860805860805861,0.00757020757020757,0.029548229548229547,0.006105006105006105,0.0,316.31,0.94,98.12,O2
0.01098901098901099,0.01978021978021978,0.04468864468864469,0.021001221001221003,0.0,310.87,-3.19,97.94,O2
0.02026862026862027,0.03833943833943834,0.057387057387057384,0.03882783882783883,0.001221001221001221,311.19,-3.06,98.37,O2
0.029548229548229547,0.051770451770451774,0.06642246642246642,0.05128205128205128,0.0019536019536019536,311.19,-3.5,98.5,O2
0.036141636141636145,0.06129426129426129,0.07252747252747253,0.060073260073260075,0.002686202686202686,310.81,-3.75,98.81,O2
0.04078144078144078,0.06788766788766788,0.07472527472527472,0.06398046398046398,0.0031746031746031746,310.56,-4.06,98.87,O2
0.04322344322344322,0.07155067155067155,0.07521367521367521,0.06593406593406594,0.0031746031746031746,310.0,-4.56,99.06,O2
0.04468864468864469,0.07326007326007326,0.07496947496947497,0.06666666666666667,0.003418803418803419,309.75,-4.69,98.94,O2
0.04542124542124542,0.073992673992674,0.07423687423687424,0.06666666666666667,0.003418803418803419,310.25,-4.25,98.44,O2
0.04566544566544566,0.073992673992674,0.07326007326007326,0.06642246642246642,0.003663003663003663,310.37,-4.5,97.5,O2
0.04542124542124542,0.0735042735042735,0.07228327228327229,0.06593406593406594,0.003663003663003663,312.12,-3.87,104.44,O2
0.04249084249084249,0.07155067155067155,0.07081807081807082,0.06227106227106227,0.003663003663003663,322.94,3.12,110.19,O2
0.035164835164835165,0.05885225885225885,0.0652014652014652,0.04786324786324787,0.002442002442002442,326.0,4.5,110.87,O2
0.02490842490842491,0.041025641025641026,0.05201465201465202,0.03223443223443224,0.0017094017094017094,326.44,4.25,111.31,O2
0.017582417582417582,0.027594627594627594,0.041025641025641026,0.01904761904761905,0.001221001221001221,327.0,4.25,111.25,O2
0.012454212454212455,0.018070818070818073,0.033455433455433455,0.010012210012210013,0.0007326007326007326,327.25,4.25,110.87,O2
0.008791208791208791,0.011477411477411478,0.028083028083028084,0.003663003663003663,0.0004884004884004884,327.37,4.37,110.75,O2
0.006349206349206349,0.00757020757020757,0.024175824175824177,0.0004884004884004884,0.0002442002442002442,327.5,4.37,110.75,O2
0.004884004884004884,0.005128205128205128,0.021733821733821733,0.0031746031746031746,0.0002442002442002442,327.5,4.37,110.5,O2
0.004151404151404151,0.003418803418803419,0.01978021978021978,0.004884004884004884,0.0,327.62,4.5,110.19,O2
0.003418803418803419,0.002442002442002442,0.01855921855921856,0.006105006105006105,0.0,327.75,4.56,110.06,O2
0.0031746031746031746,0.0019536019536019536,0.017582417582417582,0.007081807081807082,0.0,327.87,4.62,109.94,O2
0.002686202686202686,0.0014652014652014652,0.016605616605616606,0.00757020757020757,0.0,327.94,4.69,109.94,O2
0.002442002442002442,0.0009768009768009768,0.015873015873015872,0.00805860805860806,0.001221001221001221,328.0,4.69,110.06,O2
0.002442002442002442,0.0007326007326007326,0.01514041514041514,0.008302808302808303,0.0019536019536019536,327.87,4.62,110.0,O2
0.002197802197802198,0.0004884004884004884,0.014652014652014652,0.008791208791208791,0.002442002442002442,327.81,4.62,109.87,O2
0.002197802197802198,0.0004884004884004884,0.014407814407814409,0.008791208791208791,0.0029304029304029304,327.69,4.56,109.75,O2
0.002442002442002442,0.0004884004884004884,0.014407814407814409,0.009035409035409036,0.0031746031746031746,327.75,4.69,109.37,O2
0.002686202686202686,0.0004884004884004884,0.014407814407814409,0.009035409035409036,0.003418803418803419,327.69,4.62,109.31,O2
0.0031746031746031746,0.0004884004884004884,0.014652014652014652,0.008791208791208791,0.003663003663003663,327.56,4.62,109.19,O2
0.003418803418803419,0.0004884004884004884,0.01514041514041514,0.008302808302808303,0.003663003663003663,327.62,4.75,108.94,O2
0.003663003663003663,0.0007326007326007326,0.01562881562881563,0.00805860805860806,0.003663003663003663,327.5,4.81,108.69,O2
0.003907203907203907,0.001221001221001221,0.015873015873015872,0.007814407814407814,0.003663003663003663,327.62,4.94,108.56,O2
0.004151404151404151,0.0014652014652014652,0.016361416361416362,0.007814407814407814,0.003663003663003663,327.62,5.0,108.44,O2
0.004151404151404151,0.0019536019536019536,0.016605616605616606,0.00757020757020757,0.003663003663003663,327.75,5.25,108.19,O2
0.004395604395604396,0.002197802197802198,0.016605616605616606,0.007326007326007326,0.003663003663003663,327.94,5.37,108.12,O2
0.004395604395604396,0.002442002442002442,0.016361416361416362,0.007326007326007326,0.003663003663003663,327.87,5.37,108.0,O2
0.00463980463980464,0.002442002442002442,0.01611721611721612,0.007326007326007326,0.003907203907203907,327.81,5.37,107.81,O2
0.00463980463980464,0.002686202686202686,0.01611721611721612,0.007326007326007326,0.003907203907203907,327.75,5.37,107.62,O2
0.00463980463980464,0.0029304029304029304,0.01611721611721612,0.007326007326007326,0.003907203907203907,327.75,5.37,107.75,O2
0.004884004884004884,0.0031746031746031746,0.01611721611721612,0.007326007326007326,0.003907203907203907,327.69,5.25,107.81,O2
0.004884004884004884,0.003418803418803419,0.01611721611721612,0.007326007326007326,0.003907203907203907,327.62,5.25,107.87,O2
0.005128205128205128,0.003418803418803419,0.01611721611721612,0.007326007326007326,0.003907203907203907,327.62,5.25,107.81,O2
0.004884004884004884,0.003663003663003663,0.015873015873015872,0.007326007326007326,0.003907203907203907,327.75,5.31,107.81,O2
0.004884004884004884,0.003663003663003663,0.015873015873015872,0.007326007326007326,0.003907203907203907,327.69,5.25,107.81,O2
0.00463980463980464,0.003663003663003663,0.01562881562881563,0.00757020757020757,0.003907203907203907,327.69,5.25,107.75,O2
0.00463980463980464,0.003663003663003663,0.01562881562881563,0.00757020757020757,0.003907203907203907,327.62,5.25,107.69,O2
0.004395604395604396,0.003663003663003663,0.015384615384615385,0.00757020757020757,0.003907203907203907,327.62,5.25,107.69,O2
0.004395604395604396,0.003663003663003663,0.015384615384615385,0.00757020757020757,0.003907203907203907,327.56,5.25,107.69,O2
0.004151404151404151,0.003663003663003663,0.01514041514041514,0.00757020757020757,0.003907203907203907,327.56,5.25,107.62,O2
0.004151404151404151,0.003663003663003663,0.01514041514041514,0.00757020757020757,0.003907203907203907,327.5,5.25,107.62,O2
0.004151404151404151,0.003663003663003663,0.01514041514041514,0.00757020757020757,0.003907203907203907,327.5,5.25,107.62,O2
0.003907203907203907,0.003663003663003663,0.014896214896214897,0.00757020757020757,0.003907203907203907,327.5,5.19,107.69,O2
0.003663003663003663,0.003418803418803419,0.014896214896214897,0.00757020757020757,0.003907203907203907,327.5,5.19,107.69,O2
0.003663003663003663,0.003418803418803419,0.014896214896214897,0.00757020757020757,0.003907203907203907,327.62,5.25,107.62,O2
0.003418803418803419,0.003418803418803419,0.014652014652014652,0.00757020757020757,0.003907203907203907,327.62,5.25,107.62,O2
0.003418803418803419,0.003418803418803419,0.014407814407814409,0.00757020757020757,0.003907203907203907,327.56,5.25,107.62,O2
0.0031746031746031746,0.003418803418803419,0.014407814407814409,0.00757020757020757,0.003907203907203907,327.56,5.25,107.5,O2
0.0031746031746031746,0.0031746031746031746,0.014163614163614164,0.007814407814407814,0.002686202686202686,327.56,5.31,107.44,O2
