flex1,flex2,flex3,flex4,flex5,imu_x,imu_y,imu_z,SIGN
0.00757020757020757,0.002686202686202686,0.001221001221001221,0.0007326007326007326,0.003663003663003663,342.87,-13.31,39.25,baonhieu2
0.007814407814407814,0.002442002442002442,0.001221001221001221,0.0004884004884004884,0.001221001221001221,342.25,-13.94,38.44,baonhieu2
0.007814407814407814,0.002442002442002442,0.0009768009768009768,0.0004884004884004884,0.0004884004884004884,341.62,-14.5,38.13,baonhieu2
0.007814407814407814,0.002442002442002442,0.0009768009768009768,0.0002442002442002442,0.0017094017094017094,340.94,-15.13,37.81,baonhieu2
0.007814407814407814,0.002442002442002442,0.0009768009768009768,0.0002442002442002442,0.002442002442002442,340.19,-15.75,37.63,baonhieu2
0.007814407814407814,0.002442002442002442,0.0009768009768009768,0.0002442002442002442,0.0031746031746031746,339.75,-16.25,37.31,baonhieu2
0.007814407814407814,0.002442002442002442,0.001221001221001221,0.0002442002442002442,0.002442002442002442,339.62,-16.62,36.75,baonhieu2
0.007814407814407814,0.002442002442002442,0.001221001221001221,0.0002442002442002442,0.0007326007326007326,339.12,-17.25,36.0,baonhieu2
0.007814407814407814,0.002442002442002442,0.0014652014652014652,0.0002442002442002442,0.0014652014652014652,338.5,-18.12,35.06,baonhieu2
0.007814407814407814,0.002442002442002442,0.0017094017094017094,0.0002442002442002442,0.0031746031746031746,338.0,-18.81,34.13,baonhieu2
0.007814407814407814,0.002442002442002442,0.0017094017094017094,0.0,0.004395604395604396,337.25,-19.37,33.38,baonhieu2
0.00757020757020757,0.002442002442002442,0.0019536019536019536,0.0,0.005128205128205128,336.75,-19.87,32.75,baonhieu2
0.00757020757020757,0.002442002442002442,0.0019536019536019536,0.0,0.005616605616605617,336.19,-20.44,32.38,baonhieu2
0.00757020757020757,0.002442002442002442,0.0019536019536019536,0.0002442002442002442,0.006105006105006105,335.62,-20.44,31.94,baonhieu2
0.007326007326007326,0.002442002442002442,0.0019536019536019536,0.0002442002442002442,0.005128205128205128,335.19,-20.12,31.75,baonhieu2
0.007326007326007326,0.002442002442002442,0.0019536019536019536,0.0002442002442002442,0.003418803418803419,334.75,-20.19,32.13,baonhieu2
0.007326007326007326,0.002442002442002442,0.002197802197802198,0.0002442002442002442,0.002197802197802198,334.31,-19.94,32.19,baonhieu2
0.007326007326007326,0.002442002442002442,0.002197802197802198,0.0002442002442002442,0.0014652014652014652,334.19,-19.56,32.0,baonhieu2
0.007326007326007326,0.002686202686202686,0.002197802197802198,0.0002442002442002442,0.0007326007326007326,334.19,-19.25,32.06,baonhieu2
0.007326007326007326,0.002686202686202686,0.002442002442002442,0.0002442002442002442,0.0002442002442002442,334.25,-19.31,32.25,baonhieu2
0.007326007326007326,0.002686202686202686,0.002442002442002442,0.0002442002442002442,0.0,334.37,-19.37,32.38,baonhieu2
0.007081807081807082,0.0029304029304029304,0.002686202686202686,0.0002442002442002442,0.0002442002442002442,334.5,-19.5,32.5,baonhieu2
0.006837606837606838,0.0029304029304029304,0.002686202686202686,0.0002442002442002442,0.0004884004884004884,334.75,-19.19,32.63,baonhieu2
0.006593406593406593,0.0031746031746031746,0.0029304029304029304,0.0002442002442002442,0.0017094017094017094,334.69,-18.94,33.94,baonhieu2
0.006593406593406593,0.0031746031746031746,0.0031746031746031746,0.0004884004884004884,0.002442002442002442,332.19,-18.81,39.63,baonhieu2
0.006593406593406593,0.003418803418803419,0.003663003663003663,0.0007326007326007326,0.0031746031746031746,330.12,-19.0,44.88,baonhieu2
0.006837606837606838,0.00757020757020757,0.005372405372405372,0.004151404151404151,0.003663003663003663,325.44,-19.25,54.44,baonhieu2
0.007081807081807082,0.018070818070818073,0.010012210012210013,0.010500610500610501,0.002686202686202686,317.44,-17.31,72.44,baonhieu2
0.007081807081807082,0.031013431013431014,0.016605616605616606,0.01611721611721612,0.0009768009768009768,310.44,-13.19,92.44,baonhieu2
0.006349206349206349,0.04053724053724054,0.02148962148962149,0.020024420024420026,0.0002442002442002442,305.81,-8.5,109.19,baonhieu2
0.0019536019536019536,0.04713064713064713,0.02490842490842491,0.02271062271062271,0.0009768009768009768,300.81,-7.44,117.69,baonhieu2
0.003418803418803419,0.051770451770451774,0.02735042735042735,0.023931623931623933,0.0004884004884004884,286.94,-11.25,123.31,baonhieu2
0.007326007326007326,0.05396825396825397,0.028815628815628817,0.02490842490842491,0.0002442002442002442,271.06,-17.25,120.12,baonhieu2
0.010500610500610501,0.054945054945054944,0.029792429792429794,0.02564102564102564,0.0,268.25,-19.19,98.31,baonhieu2
0.013186813186813187,0.05103785103785104,0.028083028083028084,0.023687423687423687,0.0002442002442002442,265.44,-21.12,85.37,baonhieu2
0.015384615384615385,0.04053724053724054,0.02148962148962149,0.017094017094017096,0.0002442002442002442,266.19,-22.56,78.69,baonhieu2
0.01684981684981685,0.03028083028083028,0.01514041514041514,0.01098901098901099,0.0004884004884004884,269.19,-23.31,76.56,baonhieu2
0.017826617826617826,0.022954822954822957,0.010500610500610501,0.006837606837606838,0.0004884004884004884,281.62,-22.19,78.87,baonhieu2
0.01855921855921856,0.017826617826617826,0.007326007326007326,0.003907203907203907,0.0017094017094017094,303.37,-17.69,78.81,baonhieu2
0.016361416361416362,0.018315018315018316,0.007814407814407814,0.003907203907203907,0.002686202686202686,316.94,-14.81,78.81,baonhieu2
0.010744810744810745,0.025885225885225887,0.013431013431013432,0.00805860805860806,0.0031746031746031746,321.87,-13.75,81.31,baonhieu2
0.006837606837606838,0.03638583638583639,0.023443223443223443,0.014896214896214897,0.003663003663003663,321.81,-11.88,90.12,baonhieu2
0.004151404151404151,0.046153846153846156,0.0315018315018315,0.019536019536019536,0.003907203907203907,315.31,-10.06,104.5,baonhieu2
0.002686202686202686,0.05299145299145299,0.03711843711843712,0.02271062271062271,0.004151404151404151,308.69,-6.75,119.12,baonhieu2
0.005616605616605617,0.05787545787545788,0.04126984126984127,0.023931623931623933,0.004151404151404151,298.31,-5.75,132.19,baonhieu2
0.007814407814407814,0.06031746031746032,0.04322344322344322,0.02442002442002442,0.0031746031746031746,126.12,-10.56,138.12,baonhieu2
0.009523809523809525,0.06105006105006105,0.04371184371184371,0.02442002442002442,0.002442002442002442,259.87,-17.75,119.25,baonhieu2
0.011477411477411478,0.05958485958485959,0.04371184371184371,0.024175824175824177,0.0007326007326007326,250.87,-23.87,99.62,baonhieu2
0.012942612942612943,0.05030525030525031,0.03663003663003663,0.018070818070818073,0.0002442002442002442,247.44,-27.75,88.37,baonhieu2
0.01611721611721612,0.038583638583638585,0.02735042735042735,0.010256410256410256,0.001221001221001221,250.5,-27.25,84.12,baonhieu2
0.018315018315018316,0.03028083028083028,0.020757020757020756,0.00463980463980464,0.0017094017094017094,261.31,-25.31,84.37,baonhieu2
0.020024420024420026,0.02442002442002442,0.01611721611721612,0.0007326007326007326,0.002197802197802198,292.12,-19.31,77.81,baonhieu2
0.019536019536019536,0.02197802197802198,0.014163614163614164,0.0007326007326007326,0.001221001221001221,317.5,-17.06,64.62,baonhieu2
0.014652014652014652,0.02735042735042735,0.018315018315018316,0.005372405372405372,0.0007326007326007326,327.0,-17.19,58.06,baonhieu2
0.010012210012210013,0.03492063492063492,0.026617826617826617,0.01391941391941392,0.0002442002442002442,333.69,-15.69,56.0,baonhieu2
0.006837606837606838,0.04468864468864469,0.036141636141636145,0.020024420024420026,0.0,333.37,-10.63,66.06,baonhieu2
0.00463980463980464,0.051526251526251524,0.04297924297924298,0.024175824175824177,0.0002442002442002442,329.75,-5.44,82.31,baonhieu2
0.006837606837606838,0.05616605616605617,0.047619047619047616,0.02612942612942613,0.0004884004884004884,323.5,-3.19,97.94,baonhieu2
0.011233211233211233,0.05860805860805861,0.05030525030525031,0.026862026862026864,0.0004884004884004884,313.0,-4.37,112.31,baonhieu2
0.014163614163614164,0.05934065934065934,0.05201465201465202,0.027106227106227107,0.0007326007326007326,298.12,-8.63,123.31,baonhieu2
0.016361416361416362,0.059096459096459095,0.05225885225885226,0.027106227106227107,0.0007326007326007326,274.62,-16.37,131.31,baonhieu2
0.017826617826617826,0.058363858363858365,0.05201465201465202,0.026862026862026864,0.0004884004884004884,258.37,-26.44,118.62,baonhieu2
0.018803418803418803,0.055921855921855924,0.051526251526251524,0.02612942612942613,0.001221001221001221,258.25,-28.44,93.75,baonhieu2
0.019536019536019536,0.04786324786324787,0.04395604395604396,0.021001221001221003,0.0029304029304029304,259.75,-27.81,83.62,baonhieu2
0.020757020757020756,0.03540903540903541,0.032722832722832725,0.012942612942612943,0.004151404151404151,264.87,-26.62,78.0,baonhieu2
0.02148962148962149,0.026617826617826617,0.02490842490842491,0.00757020757020757,0.004884004884004884,282.81,-22.25,72.25,baonhieu2
0.02197802197802198,0.020512820512820513,0.019536019536019536,0.003663003663003663,0.004395604395604396,307.69,-17.31,65.5,baonhieu2
0.02026862026862027,0.018803418803418803,0.01733821733821734,0.002442002442002442,0.004151404151404151,320.62,-14.75,59.19,baonhieu2
0.015384615384615385,0.023443223443223443,0.022954822954822957,0.006837606837606838,0.003663003663003663,329.25,-12.44,51.81,baonhieu2
0.009035409035409036,0.03321123321123321,0.0315018315018315,0.014896214896214897,0.003663003663003663,332.31,-10.56,50.0,baonhieu2
0.00463980463980464,0.043467643467643466,0.0398046398046398,0.02197802197802198,0.002197802197802198,334.06,-7.37,52.56,baonhieu2
0.0014652014652014652,0.05054945054945055,0.046153846153846156,0.026862026862026864,0.0014652014652014652,330.69,-3.37,65.62,baonhieu2
0.0017094017094017094,0.05567765567765568,0.05054945054945055,0.03028083028083028,0.0007326007326007326,321.25,-3.0,88.94,baonhieu2
0.004884004884004884,0.05885225885225885,0.05347985347985348,0.03223443223443224,0.0004884004884004884,310.75,-5.81,108.0,baonhieu2
0.008302808302808303,0.060805860805860805,0.05518925518925519,0.033455433455433455,0.0,292.0,-12.81,119.12,baonhieu2
0.010500610500610501,0.061782661782661785,0.05567765567765568,0.0336996336996337,0.0002442002442002442,273.44,-21.62,116.5,baonhieu2
0.01221001221001221,0.060805860805860805,0.055921855921855924,0.03321123321123321,0.0004884004884004884,267.37,-24.69,95.75,baonhieu2
0.01391941391941392,0.055921855921855924,0.052503052503052504,0.029792429792429794,0.0017094017094017094,267.12,-24.69,82.62,baonhieu2
0.014896214896214897,0.04542124542124542,0.04224664224664225,0.02271062271062271,0.002686202686202686,275.25,-21.19,70.81,baonhieu2
0.017582417582417582,0.03394383394383394,0.031746031746031744,0.01562881562881563,0.0031746031746031746,285.44,-17.75,64.5,baonhieu2
0.019291819291819293,0.025885225885225887,0.02442002442002442,0.010500610500610501,0.003663003663003663,302.37,-14.25,61.06,baonhieu2
0.020512820512820513,0.020024420024420026,0.019291819291819293,0.006837606837606838,0.003907203907203907,317.37,-11.75,59.38,baonhieu2
0.017582417582417582,0.021245421245421246,0.019291819291819293,0.005616605616605617,0.004151404151404151,324.44,-10.56,57.69,baonhieu2
0.011721611721611722,0.028815628815628817,0.025885225885225887,0.010012210012210013,0.0031746031746031746,326.94,-9.19,60.63,baonhieu2
0.00757020757020757,0.03956043956043956,0.03540903540903541,0.016605616605616606,0.001221001221001221,326.56,-7.19,72.37,baonhieu2
0.004884004884004884,0.04713064713064713,0.04395604395604396,0.021001221001221003,0.0,325.25,-4.56,85.81,baonhieu2
0.006349206349206349,0.05225885225885226,0.05030525030525031,0.02442002442002442,0.0009768009768009768,323.06,-2.56,97.62,baonhieu2
0.007326007326007326,0.05567765567765568,0.054945054945054944,0.026862026862026864,0.0017094017094017094,314.44,-3.5,110.5,baonhieu2
0.00805860805860806,0.057387057387057384,0.058363858363858365,0.02857142857142857,0.0019536019536019536,298.06,-8.69,120.75,baonhieu2
0.007326007326007326,0.05787545787545788,0.060805860805860805,0.03076923076923077,0.002442002442002442,269.75,-18.94,126.62,baonhieu2
0.006593406593406593,0.05787545787545788,0.06275946275946276,0.03247863247863248,0.002442002442002442,249.62,-30.31,119.19,baonhieu2
0.006105006105006105,0.057387057387057384,0.06398046398046398,0.033455433455433455,0.0014652014652014652,263.5,-29.31,88.5,baonhieu2
0.005860805860805861,0.05567765567765568,0.06324786324786325,0.0315018315018315,0.0007326007326007326,271.19,-26.19,73.12,baonhieu2
0.006837606837606838,0.04713064713064713,0.054945054945054944,0.02612942612942613,0.0002442002442002442,275.06,-25.12,70.5,baonhieu2
0.00805860805860806,0.03785103785103785,0.04590964590964591,0.01978021978021978,0.001221001221001221,281.19,-23.75,71.44,baonhieu2
0.009035409035409036,0.03076923076923077,0.038583638583638585,0.014896214896214897,0.002197802197802198,304.31,-17.81,63.69,baonhieu2
0.009523809523809525,0.025396825396825397,0.033455433455433455,0.01098901098901099,0.0029304029304029304,329.0,-13.13,51.38,baonhieu2
0.008791208791208791,0.021733821733821733,0.029304029304029304,0.00805860805860806,0.003418803418803419,338.31,-8.44,52.31,baonhieu2
0.006837606837606838,0.019291819291819293,0.026617826617826617,0.005860805860805861,0.003663003663003663,339.31,-2.62,65.94,baonhieu2
0.005616605616605617,0.017582417582417582,0.024664224664224663,0.004395604395604396,0.003907203907203907,331.62,1.19,85.12,baonhieu2
0.004884004884004884,0.01855921855921856,0.025885225885225887,0.004395604395604396,0.004151404151404151,317.69,-0.5,105.69,baonhieu2
0.004151404151404151,0.02905982905982906,0.03418803418803419,0.008791208791208791,0.004151404151404151,302.87,-4.69,115.62,baonhieu2
0.005128205128205128,0.038583638583638585,0.041758241758241756,0.014163614163614164,0.004395604395604396,284.12,-12.63,119.62,baonhieu2
0.010500610500610501,0.045177045177045176,0.04713064713064713,0.019291819291819293,0.004395604395604396,267.06,-20.69,118.37,baonhieu2
0.014896214896214897,0.050061050061050064,0.050793650793650794,0.022954822954822957,0.003418803418803419,252.56,-29.94,111.12,baonhieu2
0.017826617826617826,0.052503052503052504,0.05347985347985348,0.02564102564102564,0.002686202686202686,257.25,-32.88,93.87,baonhieu2
0.020024420024420026,0.05372405372405373,0.05518925518925519,0.02735042735042735,0.0019536019536019536,271.94,-25.19,73.12,baonhieu2
0.020512820512820513,0.050793650793650794,0.05372405372405373,0.025396825396825397,0.0004884004884004884,280.56,-21.81,68.0,baonhieu2
0.02026862026862027,0.04053724053724054,0.044444444444444446,0.01904761904761905,0.0007326007326007326,288.19,-19.25,67.62,baonhieu2
0.01978021978021978,0.03223443223443224,0.03638583638583639,0.013431013431013432,0.0014652014652014652,297.62,-16.69,67.25,baonhieu2
0.019536019536019536,0.026617826617826617,0.03076923076923077,0.009523809523809525,0.0019536019536019536,311.94,-14.06,65.25,baonhieu2
0.018070818070818073,0.022466422466422466,0.026862026862026864,0.006837606837606838,0.002442002442002442,323.5,-10.5,66.44,baonhieu2
0.014896214896214897,0.023443223443223443,0.026862026862026864,0.006349206349206349,0.002442002442002442,325.0,-6.37,79.56,baonhieu2
0.011233211233211233,0.026617826617826617,0.029792429792429794,0.007081807081807082,0.0017094017094017094,322.81,-3.69,94.5,baonhieu2
0.008791208791208791,0.030525030525030524,0.0336996336996337,0.009768009768009768,0.0009768009768009768,320.56,-1.56,107.0,baonhieu2
0.007081807081807082,0.0380952380952381,0.03956043956043956,0.013431013431013432,0.0004884004884004884,316.37,-0.88,115.81,baonhieu2
0.005616605616605617,0.0463980463980464,0.044444444444444446,0.016361416361416362,0.0002442002442002442,306.19,-3.5,121.62,baonhieu2
0.00805860805860806,0.05201465201465202,0.04810744810744811,0.01855921855921856,0.0,276.56,-14.44,128.0,baonhieu2
0.011233211233211233,0.05616605616605617,0.05054945054945055,0.02026862026862027,0.0002442002442002442,242.94,-30.37,124.56,baonhieu2
0.014407814407814409,0.057387057387057384,0.05201465201465202,0.02148962148962149,0.0004884004884004884,250.44,-30.94,97.94,baonhieu2
0.016605616605616606,0.05225885225885226,0.04786324786324787,0.017826617826617826,0.0017094017094017094,252.25,-30.37,91.12,baonhieu2
0.01978021978021978,0.0398046398046398,0.037606837606837605,0.011721611721611722,0.002442002442002442,253.5,-30.19,90.62,baonhieu2
0.02197802197802198,0.03076923076923077,0.030036630036630037,0.006837606837606838,0.0019536019536019536,260.25,-28.37,90.81,baonhieu2
0.023687423687423687,0.024664224664224663,0.02490842490842491,0.003418803418803419,0.0014652014652014652,294.0,-19.44,83.75,baonhieu2
0.023931623931623933,0.02026862026862027,0.021245421245421246,0.001221001221001221,0.0002442002442002442,320.12,-15.06,74.56,baonhieu2
0.01978021978021978,0.024664224664224663,0.023687423687423687,0.0029304029304029304,0.0009768009768009768,320.31,-14.44,83.69,baonhieu2
0.013431013431013432,0.03492063492063492,0.0336996336996337,0.010744810744810745,0.0017094017094017094,317.62,-11.0,98.5,baonhieu2
0.008791208791208791,0.0442002442002442,0.04151404151404151,0.016361416361416362,0.002197802197802198,315.81,-6.37,111.75,baonhieu2
0.005860805860805861,0.050793650793650794,0.04713064713064713,0.02026862026862027,0.002442002442002442,313.94,-3.25,122.87,baonhieu2
0.008302808302808303,0.05543345543345543,0.05103785103785104,0.02197802197802198,0.002686202686202686,135.06,-3.19,135.31,baonhieu2
0.011233211233211233,0.05641025641025641,0.052503052503052504,0.022954822954822957,0.002686202686202686,128.12,-9.94,145.44,baonhieu2
0.013186813186813187,0.05616605616605617,0.05299145299145299,0.022954822954822957,0.0017094017094017094,124.0,-20.37,145.44,baonhieu2
0.014896214896214897,0.0547008547008547,0.052503052503052504,0.022222222222222223,0.0009768009768009768,226.12,-31.81,128.81,baonhieu2
0.016605616605616606,0.04932844932844933,0.04810744810744811,0.017582417582417582,0.0007326007326007326,219.5,-38.56,118.12,baonhieu2
0.01978021978021978,0.036874236874236875,0.03711843711843712,0.010744810744810745,0.0017094017094017094,224.75,-37.69,112.19,baonhieu2
0.02197802197802198,0.027106227106227107,0.028083028083028084,0.005372405372405372,0.002686202686202686,238.5,-33.13,107.62,baonhieu2
0.023443223443223443,0.020024420024420026,0.021733821733821733,0.0017094017094017094,0.0031746031746031746,272.75,-22.31,100.94,baonhieu2
0.02442002442002442,0.015384615384615385,0.01733821733821734,0.0009768009768009768,0.003663003663003663,300.31,-13.56,100.69,baonhieu2
0.020512820512820513,0.018315018315018316,0.018803418803418803,0.0002442002442002442,0.003907203907203907,308.19,-10.38,106.44,baonhieu2
0.014163614163614164,0.028083028083028084,0.02783882783882784,0.006837606837606838,0.0029304029304029304,312.06,-7.19,116.0,baonhieu2
0.009768009768009768,0.04053724053724054,0.03785103785103785,0.012698412698412698,0.002442002442002442,314.12,-4.25,124.5,baonhieu2
0.006593406593406593,0.04908424908424908,0.04493284493284493,0.017094017094017096,0.0017094017094017094,313.37,-2.5,134.0,baonhieu2
0.00757020757020757,0.05518925518925519,0.04981684981684982,0.020024420024420026,0.0014652014652014652,136.37,-3.94,145.19,baonhieu2
0.010500610500610501,0.05714285714285714,0.053235653235653234,0.02148962148962149,0.001221001221001221,132.81,-10.63,158.56,baonhieu2
0.013186813186813187,0.056654456654456654,0.05445665445665446,0.02197802197802198,0.001221001221001221,129.56,-23.44,162.69,baonhieu2
0.01514041514041514,0.054945054945054944,0.05445665445665446,0.020512820512820513,0.0002442002442002442,206.06,-39.06,141.25,baonhieu2
0.017582417582417582,0.04810744810744811,0.04713064713064713,0.014652014652014652,0.0009768009768009768,209.31,-44.0,129.12,baonhieu2
0.021001221001221003,0.03492063492063492,0.03540903540903541,0.008302808302808303,0.0017094017094017094,217.69,-43.13,121.44,baonhieu2
0.023443223443223443,0.025885225885225887,0.026373626373626374,0.003418803418803419,0.0019536019536019536,233.25,-38.75,117.44,baonhieu2
0.025152625152625153,0.019536019536019536,0.020024420024420026,0.0002442002442002442,0.001221001221001221,271.31,-26.19,108.37,baonhieu2
0.025396825396825397,0.014896214896214897,0.01562881562881563,0.002197802197802198,0.0007326007326007326,305.62,-14.44,97.69,baonhieu2
0.023687423687423687,0.01562881562881563,0.015873015873015872,0.002197802197802198,0.0002442002442002442,325.0,-8.75,92.19,baonhieu2
0.01611721611721612,0.02490842490842491,0.021733821733821733,0.0019536019536019536,0.0002442002442002442,330.0,-6.94,92.69,baonhieu2
0.01098901098901099,0.03907203907203907,0.03296703296703297,0.00927960927960928,0.0002442002442002442,330.06,-3.81,100.75,baonhieu2
0.007326007326007326,0.04908424908424908,0.04078144078144078,0.014407814407814409,0.0004884004884004884,329.25,-0.19,111.94,baonhieu2
0.006105006105006105,0.05616605616605617,0.046153846153846156,0.017826617826617826,0.0004884004884004884,326.12,2.06,126.12,baonhieu2
0.009523809523809525,0.058363858363858365,0.04981684981684982,0.01978021978021978,0.0004884004884004884,134.31,-2.75,141.5,baonhieu2
0.011965811965811967,0.05860805860805861,0.05225885225885226,0.021001221001221003,0.001221001221001221,131.25,-14.5,152.56,baonhieu2
0.014407814407814409,0.05787545787545788,0.05347985347985348,0.021245421245421246,0.0019536019536019536,225.62,-29.44,140.25,baonhieu2
0.01684981684981685,0.05641025641025641,0.054212454212454214,0.02148962148962149,0.002442002442002442,229.37,-37.25,116.44,baonhieu2
0.01855921855921856,0.04908424908424908,0.0463980463980464,0.01562881562881563,0.002686202686202686,234.56,-37.5,107.75,baonhieu2
0.02026862026862027,0.03736263736263736,0.03565323565323565,0.009035409035409036,0.0029304029304029304,251.19,-32.5,101.87,baonhieu2
0.02148962148962149,0.029304029304029304,0.028083028083028084,0.004395604395604396,0.0029304029304029304,270.94,-26.25,98.37,baonhieu2
0.022466422466422466,0.023687423687423687,0.02271062271062271,0.001221001221001221,0.0031746031746031746,293.0,-17.94,94.5,baonhieu2
0.022222222222222223,0.020512820512820513,0.019291819291819293,0.001221001221001221,0.0031746031746031746,313.75,-9.69,93.31,baonhieu2
0.018803418803418803,0.023443223443223443,0.020512820512820513,0.0007326007326007326,0.0031746031746031746,321.19,-5.37,98.19,baonhieu2
0.012942612942612943,0.029792429792429794,0.02490842490842491,0.0019536019536019536,0.0031746031746031746,320.75,-3.75,112.0,baonhieu2
0.008791208791208791,0.03833943833943834,0.03223443223443224,0.006349206349206349,0.0019536019536019536,314.31,-3.94,128.0,baonhieu2
0.006105006105006105,0.0463980463980464,0.04004884004884005,0.010012210012210013,0.001221001221001221,139.69,-3.19,137.69,baonhieu2
0.008547008547008548,0.05201465201465202,0.0463980463980464,0.013186813186813187,0.0017094017094017094,135.19,-4.75,144.56,baonhieu2
0.01221001221001221,0.05616605616605617,0.05103785103785104,0.015384615384615385,0.002197802197802198,131.25,-9.44,152.25,baonhieu2
0.01514041514041514,0.05787545787545788,0.05396825396825397,0.01684981684981685,0.001221001221001221,130.19,-19.06,153.81,baonhieu2
0.01684981684981685,0.058363858363858365,0.05616605616605617,0.017826617826617826,0.0007326007326007326,237.44,-30.75,123.69,baonhieu2
0.01855921855921856,0.05641025641025641,0.055921855921855924,0.01684981684981685,0.0002442002442002442,238.56,-34.25,108.5,baonhieu2
0.01978021978021978,0.04566544566544566,0.04566544566544566,0.010744810744810745,0.0,240.25,-34.94,102.69,baonhieu2
0.02197802197802198,0.034432234432234435,0.03394383394383394,0.004884004884004884,0.0002442002442002442,240.5,-35.5,102.0,baonhieu2
0.023443223443223443,0.026617826617826617,0.025885225885225887,0.0007326007326007326,0.0004884004884004884,250.0,-32.63,106.56,baonhieu2
0.02442002442002442,0.021245421245421246,0.020024420024420026,0.002197802197802198,0.0007326007326007326,294.5,-17.06,101.94,baonhieu2
0.022466422466422466,0.02026862026862027,0.018070818070818073,0.003418803418803419,0.0014652014652014652,324.37,-7.19,95.06,baonhieu2
0.017094017094017096,0.025152625152625153,0.02197802197802198,0.0002442002442002442,0.0019536019536019536,330.94,-5.62,98.06,baonhieu2
0.013431013431013432,0.03418803418803419,0.031013431013431014,0.006105006105006105,0.002442002442002442,328.62,-4.44,107.06,baonhieu2
0.010744810744810745,0.041758241758241756,0.04053724053724054,0.010744810744810745,0.002686202686202686,323.81,-2.44,121.25,baonhieu2
0.010500610500610501,0.046886446886446886,0.046886446886446886,0.01391941391941392,0.0029304029304029304,141.06,-1.56,136.81,baonhieu2
0.01514041514041514,0.05054945054945055,0.051526251526251524,0.01611721611721612,0.0029304029304029304,134.87,-5.69,150.56,baonhieu2
0.018803418803418803,0.051770451770451774,0.05372405372405373,0.017582417582417582,0.0029304029304029304,131.56,-10.38,159.37,baonhieu2
0.02148962148962149,0.051526251526251524,0.0547008547008547,0.01855921855921856,0.0029304029304029304,128.44,-18.5,164.06,baonhieu2
0.023687423687423687,0.05030525030525031,0.05518925518925519,0.018803418803418803,0.0029304029304029304,218.44,-33.94,136.25,baonhieu2
0.025396825396825397,0.04664224664224664,0.05274725274725275,0.015384615384615385,0.0019536019536019536,221.25,-38.31,120.31,baonhieu2
0.027594627594627594,0.03492063492063492,0.040293040293040296,0.008547008547008548,0.0,226.19,-37.19,113.5,baonhieu2
0.02905982905982906,0.02564102564102564,0.030036630036630037,0.002686202686202686,0.0014652014652014652,235.75,-33.63,112.06,baonhieu2
0.03028083028083028,0.01904761904761905,0.02271062271062271,0.001221001221001221,0.001221001221001221,263.62,-23.75,111.69,baonhieu2
0.030525030525030524,0.014407814407814409,0.017582417582417582,0.004151404151404151,0.001221001221001221,308.94,-6.69,111.31,baonhieu2
0.02783882783882784,0.014896214896214897,0.017094017094017096,0.004395604395604396,0.0002442002442002442,334.62,2.75,112.12,baonhieu2
0.020512820512820513,0.022954822954822957,0.025396825396825397,0.0004884004884004884,0.0009768009768009768,346.81,8.69,123.44,baonhieu2
0.015384615384615385,0.03492063492063492,0.03565323565323565,0.00463980463980464,0.0017094017094017094,140.44,12.88,138.0,baonhieu2
0.011965811965811967,0.04322344322344322,0.042735042735042736,0.00805860805860806,0.0019536019536019536,134.5,12.88,149.87,baonhieu2
0.013431013431013432,0.04908424908424908,0.047619047619047616,0.010256410256410256,0.002442002442002442,129.62,9.19,157.69,baonhieu2
0.01611721611721612,0.05103785103785104,0.050793650793650794,0.011965811965811967,0.002442002442002442,125.19,2.44,163.06,baonhieu2
0.01855921855921856,0.051770451770451774,0.052503052503052504,0.012942612942612943,0.002686202686202686,123.25,-15.25,153.81,baonhieu2
0.02026862026862027,0.05201465201465202,0.05347985347985348,0.013675213675213675,0.0017094017094017094,217.25,-35.75,128.12,baonhieu2
0.02148962148962149,0.046153846153846156,0.046886446886446886,0.009035409035409036,0.0009768009768009768,220.81,-37.13,117.19,baonhieu2
0.02564102564102564,0.03418803418803419,0.03418803418803419,0.002197802197802198,0.0004884004884004884,222.81,-36.94,115.06,baonhieu2
0.02857142857142857,0.02564102564102564,0.02442002442002442,0.0031746031746031746,0.0002442002442002442,226.81,-35.69,114.87,baonhieu2
0.03076923076923077,0.019536019536019536,0.017582417582417582,0.006837606837606838,0.0,246.56,-28.0,115.56,baonhieu2
0.031746031746031744,0.015384615384615385,0.012698412698412698,0.00927960927960928,0.0002442002442002442,291.5,-10.81,111.19,baonhieu2
0.029548229548229547,0.014407814407814409,0.011965811965811967,0.009523809523809525,0.0002442002442002442,325.94,2.06,106.5,baonhieu2
0.018315018315018316,0.022954822954822957,0.01855921855921856,0.00463980463980464,0.0004884004884004884,331.94,3.69,114.81,baonhieu2
0.00927960927960928,0.03736263736263736,0.03028083028083028,0.002197802197802198,0.0004884004884004884,333.56,4.56,127.37,baonhieu2
0.0031746031746031746,0.047619047619047616,0.0398046398046398,0.006837606837606838,0.0004884004884004884,138.69,6.75,137.81,baonhieu2
0.001221001221001221,0.0547008547008547,0.046153846153846156,0.010256410256410256,0.0004884004884004884,134.44,9.06,148.44,baonhieu2
0.0002442002442002442,0.056654456654456654,0.050793650793650794,0.011965811965811967,0.0004884004884004884,129.75,6.81,157.62,baonhieu2
0.0031746031746031746,0.05641025641025641,0.05347985347985348,0.013186813186813187,0.0004884004884004884,126.12,-0.88,162.19,baonhieu2
0.005372405372405372,0.05543345543345543,0.05518925518925519,0.014163614163614164,0.0004884004884004884,121.81,-14.56,152.5,baonhieu2
0.007081807081807082,0.05445665445665446,0.055921855921855924,0.014407814407814409,0.0004884004884004884,226.56,-31.12,127.69,baonhieu2
0.008791208791208791,0.04884004884004884,0.04932844932844933,0.010256410256410256,0.0004884004884004884,222.12,-36.63,118.31,baonhieu2
0.012698412698412698,0.03663003663003663,0.03565323565323565,0.0031746031746031746,0.0004884004884004884,225.81,-35.94,113.69,baonhieu2
0.016605616605616606,0.02783882783882784,0.024664224664224663,0.0019536019536019536,0.0004884004884004884,230.06,-34.63,112.5,baonhieu2
0.019291819291819293,0.02148962148962149,0.01684981684981685,0.005616605616605617,0.0007326007326007326,241.31,-31.25,113.87,baonhieu2
0.021245421245421246,0.017094017094017096,0.011477411477411478,0.00805860805860806,0.0007326007326007326,269.0,-20.56,118.56,baonhieu2
0.019536019536019536,0.017826617826617826,0.011477411477411478,0.007814407814407814,0.0007326007326007326,308.5,-4.87,119.5,baonhieu2
0.012942612942612943,0.026373626373626374,0.018803418803418803,0.0019536019536019536,0.0019536019536019536,325.62,2.19,128.31,baonhieu2
0.005860805860805861,0.03956043956043956,0.03028083028083028,0.003907203907203907,0.002686202686202686,136.75,5.37,141.25,baonhieu2
0.0009768009768009768,0.0485958485958486,0.03833943833943834,0.008302808302808303,0.0031746031746031746,130.06,8.25,152.12,baonhieu2
0.002442002442002442,0.054945054945054944,0.04395604395604396,0.011233211233211233,0.002442002442002442,123.19,8.69,159.56,baonhieu2
0.0009768009768009768,0.05787545787545788,0.04810744810744811,0.012698412698412698,0.0019536019536019536,117.94,4.69,163.5,baonhieu2
0.0007326007326007326,0.05860805860805861,0.05030525030525031,0.013431013431013432,0.0017094017094017094,116.5,-8.94,160.25,baonhieu2
0.002686202686202686,0.058363858363858365,0.05201465201465202,0.01391941391941392,0.001221001221001221,223.12,-28.56,132.5,baonhieu2
0.004395604395604396,0.05714285714285714,0.05225885225885226,0.014163614163614164,0.0009768009768009768,217.94,-36.63,117.56,baonhieu2
0.009523809523809525,0.04566544566544566,0.04078144078144078,0.007326007326007326,0.0002442002442002442,223.12,-36.38,111.25,baonhieu2
0.014407814407814409,0.03540903540903541,0.029304029304029304,0.001221001221001221,0.0009768009768009768,231.75,-33.75,108.69,baonhieu2
0.017582417582417582,0.028083028083028084,0.021245421245421246,0.0029304029304029304,0.0017094017094017094,257.31,-24.0,105.19,baonhieu2
0.020024420024420026,0.022954822954822957,0.01562881562881563,0.005860805860805861,0.0019536019536019536,285.94,-12.88,105.37,baonhieu2
0.01904761904761905,0.021245421245421246,0.013186813186813187,0.007081807081807082,0.002442002442002442,301.37,-6.37,113.06,baonhieu2
0.014163614163614164,0.028083028083028084,0.018070818070818073,0.003907203907203907,0.0014652014652014652,309.0,-2.87,125.87,baonhieu2
0.010256410256410256,0.03907203907203907,0.028083028083028084,0.001221001221001221,0.0007326007326007326,134.81,-0.88,140.44,baonhieu2
0.007326007326007326,0.046886446886446886,0.03736263736263736,0.004884004884004884,0.0002442002442002442,132.5,2.56,151.06,baonhieu2
0.005372405372405372,0.05225885225885226,0.04371184371184371,0.007326007326007326,0.0,129.37,3.75,157.37,baonhieu2
0.008791208791208791,0.05567765567765568,0.04835164835164835,0.008302808302808303,0.0002442002442002442,125.94,1.19,161.87,baonhieu2
0.011233211233211233,0.056654456654456654,0.050793650793650794,0.008791208791208791,0.0004884004884004884,123.06,-6.5,160.44,baonhieu2
0.014163614163614164,0.0568986568986569,0.05225885225885226,0.009035409035409036,0.0004884004884004884,229.75,-27.81,129.81,baonhieu2
0.016361416361416362,0.05445665445665446,0.051526251526251524,0.00757020757020757,0.0007326007326007326,223.5,-34.5,118.69,baonhieu2
0.01978021978021978,0.04249084249084249,0.038583638583638585,0.001221001221001221,0.0007326007326007326,226.69,-34.81,112.81,baonhieu2
0.022466422466422466,0.03247863247863248,0.026862026862026864,0.004395604395604396,0.0004884004884004884,230.75,-33.81,111.37,baonhieu2
0.02442002442002442,0.025396825396825397,0.018803418803418803,0.008302808302808303,0.001221001221001221,239.19,-30.81,112.25,baonhieu2
0.02564102564102564,0.020512820512820513,0.013186813186813187,0.01098901098901099,0.0017094017094017094,259.31,-23.75,118.37,baonhieu2
0.023931623931623933,0.019536019536019536,0.01098901098901099,0.011477411477411478,0.0009768009768009768,290.81,-11.56,124.87,baonhieu2
0.016605616605616606,0.02735042735042735,0.019291819291819293,0.005128205128205128,0.0004884004884004884,310.37,-3.44,135.0,baonhieu2
0.011477411477411478,0.03907203907203907,0.031746031746031744,0.001221001221001221,0.0002442002442002442,138.5,3.19,144.75,baonhieu2
0.00805860805860806,0.04713064713064713,0.04053724053724054,0.005616605616605617,0.0,133.06,10.25,151.12,baonhieu2
0.006593406593406593,0.05274725274725275,0.046886446886446886,0.008547008547008548,0.0002442002442002442,127.44,12.69,154.37,baonhieu2
0.006593406593406593,0.05567765567765568,0.04981684981684982,0.010012210012210013,0.0002442002442002442,123.12,7.31,156.25,baonhieu2
0.006837606837606838,0.056654456654456654,0.051770451770451774,0.01098901098901099,0.0004884004884004884,120.31,-11.25,151.12,baonhieu2
0.006837606837606838,0.05714285714285714,0.05299145299145299,0.011477411477411478,0.0004884004884004884,228.06,-29.56,123.12,baonhieu2
0.007814407814407814,0.054945054945054944,0.05030525030525031,0.009035409035409036,0.0004884004884004884,226.87,-33.06,114.5,baonhieu2
0.01221001221001221,0.04322344322344322,0.03736263736263736,0.002442002442002442,0.0007326007326007326,230.75,-32.5,111.25,baonhieu2
0.01562881562881563,0.03467643467643468,0.026373626373626374,0.002686202686202686,0.0007326007326007326,236.37,-30.87,111.87,baonhieu2
0.018070818070818073,0.02857142857142857,0.01855921855921856,0.006105006105006105,0.0007326007326007326,257.19,-24.31,116.0,baonhieu2
0.01978021978021978,0.024175824175824177,0.013186813186813187,0.008302808302808303,0.0007326007326007326,285.06,-14.06,122.62,baonhieu2
0.01391941391941392,0.02735042735042735,0.01562881562881563,0.006349206349206349,0.0007326007326007326,311.5,-4.31,132.12,baonhieu2
0.005860805860805861,0.038583638583638585,0.02612942612942613,0.0009768009768009768,0.0007326007326007326,142.56,0.37,142.19,baonhieu2
0.0002442002442002442,0.04664224664224664,0.037606837606837605,0.006105006105006105,0.0007326007326007326,137.75,5.19,150.19,baonhieu2
0.003418803418803419,0.05225885225885226,0.04566544566544566,0.009523809523809525,0.0007326007326007326,132.0,10.38,154.0,baonhieu2
0.0002442002442002442,0.05567765567765568,0.05128205128205128,0.011965811965811967,0.0007326007326007326,127.19,9.44,157.87,baonhieu2
0.004151404151404151,0.05641025641025641,0.0547008547008547,0.013675213675213675,0.0007326007326007326,124.94,3.06,158.62,baonhieu2
0.007326007326007326,0.0568986568986569,0.0568986568986569,0.014896214896214897,0.0007326007326007326,122.37,-15.69,146.75,baonhieu2
0.009523809523809525,0.056654456654456654,0.05787545787545788,0.015384615384615385,0.0007326007326007326,234.5,-29.19,121.25,baonhieu2
0.011233211233211233,0.05054945054945055,0.052503052503052504,0.011233211233211233,0.0004884004884004884,227.5,-34.31,114.12,baonhieu2
0.014652014652014652,0.03956043956043956,0.03956043956043956,0.004395604395604396,0.001221001221001221,228.19,-34.56,110.87,baonhieu2
0.018070818070818073,0.03028083028083028,0.028327228327228327,0.0009768009768009768,0.0017094017094017094,231.12,-33.25,111.69,baonhieu2
0.02026862026862027,0.023687423687423687,0.020512820512820513,0.00463980463980464,0.002197802197802198,239.87,-30.12,114.87,baonhieu2
0.02197802197802198,0.01904761904761905,0.01514041514041514,0.007326007326007326,0.002442002442002442,265.44,-20.69,118.69,baonhieu2
0.01978021978021978,0.018315018315018316,0.012454212454212455,0.008791208791208791,0.002686202686202686,296.56,-9.88,127.06,baonhieu2
0.01221001221001221,0.02490842490842491,0.018070818070818073,0.005860805860805861,0.0017094017094017094,143.19,-2.0,137.44,baonhieu2
0.006837606837606838,0.037606837606837605,0.03028083028083028,0.0019536019536019536,0.0009768009768009768,138.87,3.94,144.37,baonhieu2
0.0029304029304029304,0.0463980463980464,0.03907203907203907,0.007326007326007326,0.0004884004884004884,131.25,9.19,148.69,baonhieu2
0.005128205128205128,0.052503052503052504,0.045177045177045176,0.011233211233211233,0.0002442002442002442,124.62,8.75,150.06,baonhieu2
0.00805860805860806,0.054945054945054944,0.04981684981684982,0.014163614163614164,0.0,122.19,0.69,148.62,baonhieu2
0.010012210012210013,0.05616605616605617,0.05274725274725275,0.015873015873015872,0.0002442002442002442,123.06,-17.19,142.62,baonhieu2
0.011477411477411478,0.056654456654456654,0.05445665445665446,0.01684981684981685,0.0002442002442002442,232.12,-31.44,115.56,baonhieu2
0.012698412698412698,0.05543345543345543,0.0547008547008547,0.01611721611721612,0.0004884004884004884,231.87,-33.25,108.62,baonhieu2
0.017094017094017096,0.043467643467643466,0.04297924297924298,0.008791208791208791,0.0007326007326007326,235.87,-32.06,107.69,baonhieu2
0.020024420024420026,0.035164835164835165,0.032722832722832725,0.0031746031746031746,0.0014652014652014652,245.44,-28.87,110.94,baonhieu2
0.02197802197802198,0.029548229548229547,0.025396825396825397,0.0007326007326007326,0.0019536019536019536,266.94,-19.81,116.44,baonhieu2
0.02197802197802198,0.025885225885225887,0.020512820512820513,0.003418803418803419,0.002197802197802198,300.5,-5.44,122.75,baonhieu2
0.018315018315018316,0.02735042735042735,0.020512820512820513,0.0029304029304029304,0.002442002442002442,325.44,4.5,133.06,baonhieu2
0.011477411477411478,0.03321123321123321,0.027594627594627594,0.001221001221001221,0.002686202686202686,130.06,8.06,142.56,baonhieu2
0.006593406593406593,0.04151404151404151,0.03540903540903541,0.0,0.0017094017094017094,124.25,7.69,147.0,baonhieu2
0.003418803418803419,0.04737484737484737,0.041025641025641026,0.001221001221001221,0.0009768009768009768,123.56,-3.81,147.0,baonhieu2
0.006349206349206349,0.05128205128205128,0.04566544566544566,0.002197802197802198,0.0004884004884004884,217.81,-33.5,138.87,baonhieu2
0.008791208791208791,0.05372405372405373,0.04884004884004884,0.002442002442002442,0.0002442002442002442,225.12,-35.88,112.87,baonhieu2
0.01098901098901099,0.05299145299145299,0.05030525030525031,0.0017094017094017094,0.0,227.81,-35.06,112.06,baonhieu2
0.01684981684981685,0.04078144078144078,0.0398046398046398,0.0009768009768009768,0.0002442002442002442,230.62,-33.94,112.81,baonhieu2
0.021001221001221003,0.03247863247863248,0.03028083028083028,0.003907203907203907,0.0004884004884004884,237.69,-30.94,112.69,baonhieu2
0.023931623931623933,0.026373626373626374,0.023687423687423687,0.005860805860805861,0.0004884004884004884,280.75,-16.06,108.56,baonhieu2
0.024664224664224663,0.02271062271062271,0.01904761904761905,0.007326007326007326,0.0007326007326007326,316.12,-4.31,108.37,baonhieu2
0.019291819291819293,0.02490842490842491,0.01855921855921856,0.007081807081807082,0.0007326007326007326,333.19,2.44,118.69,baonhieu2
0.01562881562881563,0.03223443223443224,0.025152625152625153,0.0014652014652014652,0.0007326007326007326,340.44,7.06,129.56,baonhieu2
0.013186813186813187,0.03956043956043956,0.03467643467643468,0.0031746031746031746,0.0007326007326007326,131.81,10.81,140.31,baonhieu2
0.012698412698412698,0.04468864468864469,0.041758241758241756,0.006837606837606838,0.0007326007326007326,126.06,6.31,145.0,baonhieu2
0.01391941391941392,0.04835164835164835,0.04664224664224664,0.00927960927960928,0.0007326007326007326,122.81,-8.81,145.31,baonhieu2
0.014896214896214897,0.05030525030525031,0.04981684981684982,0.01098901098901099,0.0007326007326007326,241.37,-25.56,122.37,baonhieu2
0.017582417582417582,0.05103785103785104,0.05128205128205128,0.01221001221001221,0.0007326007326007326,235.06,-30.87,107.5,baonhieu2
0.019291819291819293,0.04371184371184371,0.041758241758241756,0.006837606837606838,0.0007326007326007326,239.06,-29.87,104.25,baonhieu2
0.020512820512820513,0.0336996336996337,0.030036630036630037,0.0014652014652014652,0.0007326007326007326,251.06,-25.5,105.19,baonhieu2
0.02148962148962149,0.026862026862026864,0.02197802197802198,0.002197802197802198,0.0007326007326007326,284.69,-12.69,106.56,baonhieu2
0.022222222222222223,0.02197802197802198,0.016361416361416362,0.004884004884004884,0.0007326007326007326,317.25,-0.56,113.44,baonhieu2
0.018070818070818073,0.024175824175824177,0.016605616605616606,0.005128205128205128,0.0007326007326007326,331.37,5.31,121.37,baonhieu2
0.011477411477411478,0.031746031746031744,0.023931623931623933,0.001221001221001221,0.0007326007326007326,338.62,9.88,130.56,baonhieu2
0.007081807081807082,0.0398046398046398,0.03321123321123321,0.0029304029304029304,0.0004884004884004884,126.62,11.94,139.06,baonhieu2
0.003663003663003663,0.04542124542124542,0.0398046398046398,0.006593406593406593,0.001221001221001221,120.44,7.06,146.06,baonhieu2
0.007081807081807082,0.04957264957264957,0.044444444444444446,0.00927960927960928,0.0017094017094017094,118.56,-2.25,148.25,baonhieu2
0.009523809523809525,0.05054945054945055,0.04737484737484737,0.01098901098901099,0.0009768009768009768,119.37,-15.25,147.5,baonhieu2
0.014407814407814409,0.05054945054945055,0.04957264957264957,0.011721611721611722,0.0004884004884004884,233.62,-26.44,119.5,baonhieu2
0.017582417582417582,0.04810744810744811,0.04908424908424908,0.009523809523809525,0.0002442002442002442,230.44,-30.94,111.62,baonhieu2
0.020024420024420026,0.03565323565323565,0.03540903540903541,0.002686202686202686,0.0002442002442002442,228.5,-32.38,109.56,baonhieu2
0.021733821733821733,0.026862026862026864,0.025885225885225887,0.0019536019536019536,0.0004884004884004884,237.56,-28.37,110.87,baonhieu2
0.02271062271062271,0.020512820512820513,0.01904761904761905,0.005128205128205128,0.0004884004884004884,279.62,-12.06,115.44,baonhieu2
0.023443223443223443,0.018315018315018316,0.015873015873015872,0.007081807081807082,0.0007326007326007326,317.44,0.62,115.62,baonhieu2
0.018803418803418803,0.023443223443223443,0.01904761904761905,0.006105006105006105,0.0014652014652014652,326.81,2.81,123.5,baonhieu2
0.013186813186813187,0.03223443223443224,0.02783882783882784,0.001221001221001221,0.0019536019536019536,329.56,4.06,130.94,baonhieu2
0.00927960927960928,0.04004884004884005,0.036874236874236875,0.0029304029304029304,0.002442002442002442,133.19,6.94,136.69,baonhieu2
0.006593406593406593,0.04542124542124542,0.04395604395604396,0.006105006105006105,0.002686202686202686,126.5,7.44,143.62,baonhieu2
0.008791208791208791,0.04932844932844933,0.04884004884004884,0.009035409035409036,0.002686202686202686,120.94,-2.62,147.37,baonhieu2
0.011721611721611722,0.050793650793650794,0.05225885225885226,0.010744810744810745,0.0017094017094017094,245.62,-18.31,134.75,baonhieu2
0.01391941391941392,0.05128205128205128,0.054212454212454214,0.01221001221001221,0.0009768009768009768,222.5,-31.75,119.87,baonhieu2
0.016605616605616606,0.044444444444444446,0.0463980463980464,0.006837606837606838,0.0004884004884004884,221.69,-33.88,114.94,baonhieu2
0.02148962148962149,0.0336996336996337,0.0336996336996337,0.0007326007326007326,0.0,225.87,-33.0,112.69,baonhieu2
0.024664224664224663,0.02612942612942613,0.023931623931623933,0.003907203907203907,0.0002442002442002442,232.62,-30.25,112.31,baonhieu2
0.027106227106227107,0.020757020757020756,0.017094017094017096,0.007081807081807082,0.0002442002442002442,252.06,-23.12,117.75,baonhieu2
0.027106227106227107,0.01684981684981685,0.01221001221001221,0.00927960927960928,0.0004884004884004884,286.69,-10.75,122.25,baonhieu2
0.022954822954822957,0.019536019536019536,0.012698412698412698,0.010012210012210013,0.0004884004884004884,319.5,0.44,129.5,baonhieu2
0.020024420024420026,0.026617826617826617,0.02026862026862027,0.006349206349206349,0.0004884004884004884,139.06,5.31,138.94,baonhieu2
0.017826617826617826,0.03467643467643468,0.03223443223443224,0.0,0.0004884004884004884,133.87,10.0,144.62,baonhieu2
0.017826617826617826,0.04053724053724054,0.041025641025641026,0.005616605616605617,0.0007326007326007326,127.69,11.69,148.06,baonhieu2
0.020757020757020756,0.044444444444444446,0.046886446886446886,0.009523809523809525,0.0007326007326007326,120.31,5.87,150.37,baonhieu2
0.02271062271062271,0.04590964590964591,0.05128205128205128,0.01221001221001221,0.0007326007326007326,113.87,-12.69,138.87,baonhieu2
0.025396825396825397,0.046886446886446886,0.05347985347985348,0.013431013431013432,0.0007326007326007326,231.31,-27.31,116.25,baonhieu2
0.02735042735042735,0.04078144078144078,0.04590964590964591,0.007326007326007326,0.0007326007326007326,231.87,-30.25,109.5,baonhieu2
0.02905982905982906,0.030525030525030524,0.03296703296703297,0.0004884004884004884,0.0007326007326007326,233.87,-30.19,108.31,baonhieu2
0.030525030525030524,0.0231990231990232,0.022954822954822957,0.004151404151404151,0.0007326007326007326,237.44,-28.69,108.06,baonhieu2
0.03125763125763126,0.018070818070818073,0.015873015873015872,0.00757020757020757,0.0007326007326007326,255.69,-21.25,108.94,baonhieu2
0.031746031746031744,0.014652014652014652,0.010744810744810745,0.010012210012210013,0.0007326007326007326,298.31,-5.31,106.5,baonhieu2
0.028327228327228327,0.01611721611721612,0.010012210012210013,0.011233211233211233,0.0007326007326007326,321.75,1.5,110.12,baonhieu2
0.022954822954822957,0.023443223443223443,0.01733821733821734,0.006105006105006105,0.0007326007326007326,324.81,2.19,123.25,baonhieu2
0.01904761904761905,0.03540903540903541,0.030036630036630037,0.0029304029304029304,0.0007326007326007326,134.62,5.12,135.25,baonhieu2
0.016361416361416362,0.04395604395604396,0.03907203907203907,0.00927960927960928,0.0007326007326007326,128.94,7.37,142.37,baonhieu2
0.01904761904761905,0.04981684981684982,0.04542124542124542,0.013675213675213675,0.0007326007326007326,122.75,6.75,146.81,baonhieu2
0.02148962148962149,0.05201465201465202,0.04981684981684982,0.016605616605616606,0.0007326007326007326,119.56,1.31,149.19,baonhieu2
0.0231990231990232,0.05274725274725275,0.052503052503052504,0.018315018315018316,0.0007326007326007326,252.31,-15.31,133.69,baonhieu2
0.025152625152625153,0.053235653235653234,0.05396825396825397,0.018803418803418803,0.0007326007326007326,232.69,-27.87,115.19,baonhieu2
0.026617826617826617,0.04542124542124542,0.044444444444444446,0.011721611721611722,0.0007326007326007326,234.56,-29.0,107.5,baonhieu2
0.029792429792429794,0.03492063492063492,0.03247863247863248,0.00463980463980464,0.0004884004884004884,236.69,-28.69,106.0,baonhieu2
0.03199023199023199,0.02735042735042735,0.023687423687423687,0.0004884004884004884,0.001221001221001221,243.56,-26.62,107.44,baonhieu2
0.033455433455433455,0.022222222222222223,0.01733821733821734,0.004151404151404151,0.0017094017094017094,268.69,-19.69,111.87,baonhieu2
0.03223443223443224,0.01904761904761905,0.012942612942612943,0.006349206349206349,0.002197802197802198,297.81,-10.5,116.5,baonhieu2
0.02490842490842491,0.023931623931623933,0.019291819291819293,0.0019536019536019536,0.002442002442002442,315.5,-3.37,125.19,baonhieu2
0.019536019536019536,0.03492063492063492,0.031013431013431014,0.004151404151404151,0.002686202686202686,328.69,3.12,133.56,baonhieu2
0.015873015873015872,0.042735042735042736,0.039316239316239315,0.008547008547008548,0.002686202686202686,134.06,7.44,140.19,baonhieu2
0.016361416361416362,0.04810744810744811,0.045177045177045176,0.011721611721611722,0.0029304029304029304,130.0,7.25,143.44,baonhieu2
0.018070818070818073,0.04957264957264957,0.04786324786324787,0.01391941391941392,0.0029304029304029304,125.44,1.75,146.19,baonhieu2
0.019291819291819293,0.050061050061050064,0.04957264957264957,0.015384615384615385,0.0029304029304029304,118.12,-10.31,139.5,baonhieu2
0.021001221001221003,0.05030525030525031,0.050061050061050064,0.01611721611721612,0.0017094017094017094,236.87,-25.25,119.19,baonhieu2
0.02197802197802198,0.04713064713064713,0.04737484737484737,0.012942612942612943,0.0009768009768009768,229.87,-30.69,112.37,baonhieu2
0.024664224664224663,0.03663003663003663,0.035897435897435895,0.005860805860805861,0.0004884004884004884,229.87,-32.25,109.25,baonhieu2
0.027594627594627594,0.027594627594627594,0.025152625152625153,0.0,0.001221001221001221,231.5,-32.56,109.62,baonhieu2
0.029792429792429794,0.021245421245421246,0.017582417582417582,0.004151404151404151,0.0017094017094017094,242.31,-29.5,112.44,baonhieu2
0.03125763125763126,0.01684981684981685,0.012454212454212455,0.007081807081807082,0.002197802197802198,288.94,-14.75,110.87,baonhieu2
0.03028083028083028,0.01611721611721612,0.01098901098901099,0.00805860805860806,0.002442002442002442,314.44,-6.44,111.81,baonhieu2
0.022954822954822957,0.022222222222222223,0.01855921855921856,0.004151404151404151,0.002686202686202686,319.0,-3.0,120.12,baonhieu2
0.017582417582417582,0.033455433455433455,0.03223443223443224,0.0029304029304029304,0.0017094017094017094,322.62,1.44,130.5,baonhieu2
0.01391941391941392,0.04151404151404151,0.042002442002442006,0.00805860805860806,0.0009768009768009768,131.81,4.31,138.62,baonhieu2
0.01733821733821734,0.046886446886446886,0.0485958485958486,0.012454212454212455,0.0004884004884004884,126.37,4.0,143.37,baonhieu2
0.020024420024420026,0.04884004884004884,0.053235653235653234,0.015384615384615385,0.0,121.81,-2.5,148.19,baonhieu2
0.021733821733821733,0.04932844932844933,0.055921855921855924,0.017582417582417582,0.0002442002442002442,244.75,-18.25,136.25,baonhieu2
0.023931623931623933,0.04932844932844933,0.057387057387057384,0.018070818070818073,0.0002442002442002442,231.12,-28.81,118.5,baonhieu2
0.025396825396825397,0.04078144078144078,0.04835164835164835,0.011965811965811967,0.0004884004884004884,234.37,-29.37,111.62,baonhieu2
0.027594627594627594,0.031013431013431014,0.03638583638583639,0.005372405372405372,0.0004884004884004884,238.94,-29.19,109.75,baonhieu2
0.029304029304029304,0.024175824175824177,0.028327228327228327,0.0007326007326007326,0.0004884004884004884,247.94,-26.87,111.56,baonhieu2
0.03028083028083028,0.019291819291819293,0.022466422466422466,0.002686202686202686,0.0007326007326007326,277.81,-17.19,115.62,baonhieu2
0.028327228327228327,0.018803418803418803,0.019536019536019536,0.004395604395604396,0.0007326007326007326,308.87,-6.19,118.69,baonhieu2
0.018070818070818073,0.024175824175824177,0.025396825396825397,0.001221001221001221,0.0007326007326007326,317.37,-0.94,127.25,baonhieu2
0.010744810744810745,0.036141636141636145,0.03736263736263736,0.005372405372405372,0.0007326007326007326,134.69,2.62,136.19,baonhieu2
0.005860805860805861,0.044444444444444446,0.04566544566544566,0.010256410256410256,0.0007326007326007326,128.75,5.0,141.44,baonhieu2
0.006349206349206349,0.05030525030525031,0.051526251526251524,0.013675213675213675,0.0007326007326007326,124.62,3.75,145.0,baonhieu2
0.007326007326007326,0.051770451770451774,0.054212454212454214,0.01611721611721612,0.0007326007326007326,121.06,-3.5,146.69,baonhieu2
0.011477411477411478,0.05201465201465202,0.05567765567765568,0.017582417582417582,0.0007326007326007326,240.37,-21.12,128.0,baonhieu2
0.014407814407814409,0.05103785103785104,0.05641025641025641,0.015384615384615385,0.0007326007326007326,233.06,-27.19,114.75,baonhieu2
0.017094017094017096,0.04078144078144078,0.044444444444444446,0.008302808302808303,0.0007326007326007326,232.25,-28.62,111.5,baonhieu2
0.020024420024420026,0.031013431013431014,0.032722832722832725,0.002442002442002442,0.0007326007326007326,231.94,-29.06,112.12,baonhieu2
0.02197802197802198,0.024175824175824177,0.02442002442002442,0.0017094017094017094,0.0007326007326007326,244.0,-25.44,115.12,baonhieu2
0.0231990231990232,0.019291819291819293,0.01855921855921856,0.004395604395604396,0.0007326007326007326,276.44,-15.63,119.25,baonhieu2
0.022222222222222223,0.01855921855921856,0.018070818070818073,0.00463980463980464,0.0007326007326007326,296.56,-9.19,134.69,baonhieu2
0.019536019536019536,0.026862026862026864,0.02783882783882784,0.0017094017094017094,0.0007326007326007326,142.81,-1.0,141.31,baonhieu2
0.017582417582417582,0.035164835164835165,0.036874236874236875,0.006105006105006105,0.0007326007326007326,138.0,4.75,144.31,baonhieu2
0.016361416361416362,0.041025641025641026,0.04322344322344322,0.00927960927960928,0.0004884004884004884,131.69,9.0,145.5,baonhieu2
0.018070818070818073,0.045177045177045176,0.047619047619047616,0.011233211233211233,0.001221001221001221,123.69,7.44,147.31,baonhieu2
0.019291819291819293,0.046886446886446886,0.04981684981684982,0.012454212454212455,0.0017094017094017094,114.25,-5.94,143.62,baonhieu2
0.021001221001221003,0.047619047619047616,0.05128205128205128,0.012942612942612943,0.0009768009768009768,232.44,-23.06,122.44,baonhieu2
0.022466422466422466,0.04395604395604396,0.04664224664224664,0.008791208791208791,0.0004884004884004884,225.75,-28.31,117.19,baonhieu2
0.023443223443223443,0.0336996336996337,0.03467643467643468,0.002197802197802198,0.0,228.62,-27.94,114.62,baonhieu2
0.023931623931623933,0.02612942612942613,0.026373626373626374,0.002442002442002442,0.0002442002442002442,236.06,-26.06,113.69,baonhieu2
0.02442002442002442,0.021001221001221003,0.02026862026862027,0.005616605616605617,0.0007326007326007326,265.62,-16.31,111.5,baonhieu2
0.023931623931623933,0.01733821733821734,0.01611721611721612,0.007326007326007326,0.0014652014652014652,297.87,-5.12,114.44,baonhieu2
0.020757020757020756,0.021245421245421246,0.020512820512820513,0.00463980463980464,0.0019536019536019536,318.94,1.87,122.0,baonhieu2
0.01855921855921856,0.029548229548229547,0.030036630036630037,0.0004884004884004884,0.001221001221001221,327.19,5.56,131.0,baonhieu2
0.017094017094017096,0.035164835164835165,0.03663003663003663,0.002686202686202686,0.0004884004884004884,127.62,8.5,137.0,baonhieu2
0.01733821733821734,0.039316239316239315,0.04126984126984127,0.00463980463980464,0.0,122.69,8.44,142.0,baonhieu2
0.018315018315018316,0.04126984126984127,0.04297924297924298,0.005860805860805861,0.0,118.37,3.25,146.44,baonhieu2
0.01904761904761905,0.041758241758241756,0.04395604395604396,0.006105006105006105,0.0002442002442002442,113.0,-13.44,138.37,baonhieu2
0.021245421245421246,0.04224664224664225,0.04395604395604396,0.006349206349206349,0.0002442002442002442,228.87,-28.31,116.62,baonhieu2
0.022954822954822957,0.03711843711843712,0.0380952380952381,0.002686202686202686,0.0004884004884004884,232.87,-28.19,109.81,baonhieu2
0.025396825396825397,0.02735042735042735,0.026862026862026864,0.0029304029304029304,0.0004884004884004884,234.87,-27.75,109.56,baonhieu2
0.027106227106227107,0.020512820512820513,0.017826617826617826,0.006837606837606838,0.0004884004884004884,237.87,-26.5,111.37,baonhieu2
0.028327228327228327,0.01562881562881563,0.011721611721611722,0.009768009768009768,0.0007326007326007326,254.62,-21.37,116.62,baonhieu2
0.028815628815628817,0.012454212454212455,0.007326007326007326,0.011721611721611722,0.0007326007326007326,266.94,-19.56,126.94,baonhieu2
0.025152625152625153,0.01611721611721612,0.010500610500610501,0.009035409035409036,0.0007326007326007326,290.37,-11.94,135.94,baonhieu2
0.022466422466422466,0.025885225885225887,0.022954822954822957,0.0002442002442002442,0.0007326007326007326,144.5,-1.56,139.87,baonhieu2
0.020757020757020756,0.03296703296703297,0.0336996336996337,0.00757020757020757,0.0007326007326007326,138.75,6.25,143.06,baonhieu2
0.01978021978021978,0.037606837606837605,0.04126984126984127,0.012454212454212455,0.0007326007326007326,132.75,9.0,144.69,baonhieu2
0.020757020757020756,0.041025641025641026,0.04664224664224664,0.01611721611721612,0.0007326007326007326,126.12,5.19,146.69,baonhieu2
0.021733821733821733,0.04249084249084249,0.04981684981684982,0.017826617826617826,0.0007326007326007326,116.56,-11.38,141.37,baonhieu2
0.022954822954822957,0.04322344322344322,0.05201465201465202,0.01904761904761905,0.0007326007326007326,228.31,-26.5,124.0,baonhieu2
0.023931623931623933,0.03882783882783883,0.046886446886446886,0.014407814407814409,0.0007326007326007326,225.0,-30.25,118.75,baonhieu2
0.026862026862026864,0.028815628815628817,0.034432234432234435,0.006593406593406593,0.0007326007326007326,225.62,-31.19,116.56,baonhieu2
0.029304029304029304,0.02148962148962149,0.02442002442002442,0.001221001221001221,0.0007326007326007326,227.75,-30.69,117.31,baonhieu2
0.031013431013431014,0.016361416361416362,0.01733821733821734,0.002686202686202686,0.0007326007326007326,253.31,-21.75,124.37,baonhieu2
0.03199023199023199,0.012698412698412698,0.012454212454212455,0.005616605616605617,0.0007326007326007326,311.62,-5.87,121.94,baonhieu2
0.02857142857142857,0.01514041514041514,0.014896214896214897,0.005128205128205128,0.0007326007326007326,320.75,-2.25,132.5,baonhieu2
0.025885225885225887,0.025885225885225887,0.028327228327228327,0.0004884004884004884,0.0004884004884004884,142.5,3.69,138.06,baonhieu2
0.024175824175824177,0.033455433455433455,0.0380952380952381,0.00463980463980464,0.001221001221001221,135.5,9.0,143.37,baonhieu2
0.02442002442002442,0.038583638583638585,0.04493284493284493,0.007326007326007326,0.0017094017094017094,128.5,10.25,148.56,baonhieu2
0.02442002442002442,0.041025641025641026,0.04981684981684982,0.008791208791208791,0.0009768009768009768,119.69,3.12,150.19,baonhieu2
0.02490842490842491,0.041758241758241756,0.052503052503052504,0.009523809523809525,0.0004884004884004884,242.75,-16.81,135.62,baonhieu2
0.025885225885225887,0.04078144078144078,0.05201465201465202,0.007814407814407814,0.0002442002442002442,220.69,-28.31,124.94,baonhieu2
0.026617826617826617,0.03199023199023199,0.03956043956043956,0.0014652014652014652,0.0,218.87,-30.31,121.87,baonhieu2
0.028815628815628817,0.02271062271062271,0.026862026862026864,0.004395604395604396,0.0002442002442002442,220.0,-30.0,121.75,baonhieu2
0.030525030525030524,0.016361416361416362,0.018070818070818073,0.008302808302808303,0.0007326007326007326,226.25,-27.87,123.19,baonhieu2
0.0315018315018315,0.011721611721611722,0.011965811965811967,0.011233211233211233,0.0014652014652014652,254.87,-18.81,123.44,baonhieu2
0.031013431013431014,0.010256410256410256,0.008791208791208791,0.01221001221001221,0.0019536019536019536,295.31,-6.62,122.0,baonhieu2
0.026373626373626374,0.01514041514041514,0.014652014652014652,0.00757020757020757,0.002197802197802198,316.25,-0.81,126.0,baonhieu2
0.022954822954822957,0.026373626373626374,0.027106227106227107,0.0002442002442002442,0.002442002442002442,325.62,2.56,132.19,baonhieu2
0.020512820512820513,0.03418803418803419,0.03785103785103785,0.007326007326007326,0.0014652014652014652,135.12,4.94,139.25,baonhieu2
0.01904761904761905,0.0398046398046398,0.04542124542124542,0.012698412698412698,0.0007326007326007326,130.62,6.56,146.31,baonhieu2
0.022222222222222223,0.043467643467643466,0.050793650793650794,0.01684981684981685,0.0002442002442002442,125.75,3.56,151.62,baonhieu2
0.02442002442002442,0.04468864468864469,0.05372405372405373,0.019536019536019536,0.0,121.0,-10.44,152.75,baonhieu2
0.026373626373626374,0.045177045177045176,0.05567765567765568,0.02148962148962149,0.0002442002442002442,225.0,-28.94,126.81,baonhieu2
0.028327228327228327,0.043467643467643466,0.05567765567765568,0.01978021978021978,0.0002442002442002442,221.19,-33.31,116.62,baonhieu2
0.030525030525030524,0.03296703296703297,0.043467643467643466,0.012698412698412698,0.0004884004884004884,223.06,-33.94,113.31,baonhieu2
0.032722832722832725,0.023687423687423687,0.0315018315018315,0.006105006105006105,0.0004884004884004884,226.62,-33.25,113.87,baonhieu2
0.03418803418803419,0.01733821733821734,0.022954822954822957,0.0014652014652014652,0.0004884004884004884,238.31,-29.62,117.5,baonhieu2
0.035164835164835165,0.012698412698412698,0.017094017094017096,0.0017094017094017094,0.0004884004884004884,275.5,-15.31,124.81,baonhieu2
0.03223443223443224,0.012698412698412698,0.013675213675213675,0.003663003663003663,0.0004884004884004884,305.94,-4.44,129.62,baonhieu2
0.026862026862026864,0.019291819291819293,0.019536019536019536,0.001221001221001221,0.0004884004884004884,135.75,-0.31,137.69,baonhieu2
0.0231990231990232,0.028327228327228327,0.03321123321123321,0.005616605616605617,0.0007326007326007326,130.44,5.12,142.06,baonhieu2
0.020512820512820513,0.034432234432234435,0.043467643467643466,0.010744810744810745,0.0007326007326007326,123.87,7.44,145.69,baonhieu2
0.02148962148962149,0.03882783882783883,0.05054945054945055,0.014407814407814409,0.0007326007326007326,118.0,2.87,148.69,baonhieu2
0.022222222222222223,0.04053724053724054,0.05567765567765568,0.01684981684981685,0.0007326007326007326,114.12,-10.75,144.5,baonhieu2
0.023443223443223443,0.04151404151404151,0.05885225885225885,0.01855921855921856,0.0007326007326007326,222.75,-29.12,119.19,baonhieu2
0.02442002442002442,0.03882783882783883,0.05714285714285714,0.015384615384615385,0.0007326007326007326,220.75,-32.94,109.94,baonhieu2
0.02612942612942613,0.028327228327228327,0.042735042735042736,0.00757020757020757,0.0007326007326007326,223.25,-33.25,108.06,baonhieu2
0.02783882783882784,0.021001221001221003,0.03125763125763126,0.0017094017094017094,0.0007326007326007326,225.87,-32.88,110.06,baonhieu2
0.02905982905982906,0.015873015873015872,0.0231990231990232,0.002197802197802198,0.0007326007326007326,242.06,-27.25,118.62,baonhieu2
0.030036630036630037,0.012454212454212455,0.01733821733821734,0.005128205128205128,0.0007326007326007326,279.31,-14.06,125.69,baonhieu2
0.02735042735042735,0.015873015873015872,0.02026862026862027,0.0031746031746031746,0.0007326007326007326,306.69,-4.06,131.69,baonhieu2
0.02197802197802198,0.026862026862026864,0.03247863247863248,0.002442002442002442,0.0007326007326007326,134.81,0.19,139.37,baonhieu2
0.018315018315018316,0.035164835164835165,0.041025641025641026,0.006105006105006105,0.0007326007326007326,127.94,4.81,143.69,baonhieu2
0.01562881562881563,0.04078144078144078,0.04713064713064713,0.008791208791208791,0.0007326007326007326,121.06,7.12,146.44,baonhieu2
0.016361416361416362,0.04468864468864469,0.05128205128205128,0.009523809523809525,0.0007326007326007326,115.94,4.75,147.31,baonhieu2
0.018803418803418803,0.0463980463980464,0.05372405372405373,0.009523809523809525,0.0007326007326007326,108.56,-9.75,138.31,baonhieu2
0.020757020757020756,0.04737484737484737,0.05543345543345543,0.009523809523809525,0.0007326007326007326,228.62,-24.75,124.0,baonhieu2
0.022222222222222223,0.04078144078144078,0.04713064713064713,0.004395604395604396,0.0007326007326007326,224.69,-30.0,118.12,baonhieu2
0.026862026862026864,0.030036630036630037,0.03394383394383394,0.0017094017094017094,0.0004884004884004884,223.06,-32.75,115.5,baonhieu2
0.03028083028083028,0.022466422466422466,0.024175824175824177,0.005860805860805861,0.001221001221001221,225.56,-33.0,115.12,baonhieu2
0.03247863247863248,0.01733821733821734,0.01733821733821734,0.008791208791208791,0.0017094017094017094,244.69,-27.44,118.19,baonhieu2
0.032722832722832725,0.014407814407814409,0.012454212454212455,0.010744810744810745,0.002197802197802198,287.69,-13.94,116.37,baonhieu2
0.02783882783882784,0.01855921855921856,0.016605616605616606,0.008302808302808303,0.001221001221001221,314.87,-3.81,120.94,baonhieu2
0.024175824175824177,0.028083028083028084,0.028083028083028084,0.002686202686202686,0.0007326007326007326,326.5,3.62,130.87,baonhieu2
0.021733821733821733,0.03467643467643468,0.0398046398046398,0.003418803418803419,0.0002442002442002442,127.56,7.87,140.5,baonhieu2
0.022954822954822957,0.039316239316239315,0.04810744810744811,0.00757020757020757,0.0,118.94,7.56,147.69,baonhieu2
0.024175824175824177,0.04224664224664225,0.05396825396825397,0.010500610500610501,0.0002442002442002442,113.94,1.44,150.44,baonhieu2
0.02490842490842491,0.043467643467643466,0.05787545787545788,0.012454212454212455,0.0004884004884004884,109.37,-13.75,142.25,baonhieu2
0.02612942612942613,0.044444444444444446,0.06031746031746032,0.013675213675213675,0.0004884004884004884,215.81,-31.19,121.19,baonhieu2
0.026862026862026864,0.04004884004884005,0.05567765567765568,0.009523809523809525,0.0004884004884004884,217.37,-33.0,114.25,baonhieu2
0.028815628815628817,0.029304029304029304,0.04151404151404151,0.002442002442002442,0.0007326007326007326,220.81,-32.5,113.0,baonhieu2
0.03028083028083028,0.02197802197802198,0.031746031746031744,0.002442002442002442,0.0007326007326007326,230.25,-29.69,116.56,baonhieu2
0.03125763125763126,0.01684981684981685,0.02490842490842491,0.005860805860805861,0.0007326007326007326,264.19,-19.0,119.37,baonhieu2
0.029792429792429794,0.015873015873015872,0.021245421245421246,0.007326007326007326,0.0007326007326007326,296.69,-8.19,124.5,baonhieu2
0.02442002442002442,0.02197802197802198,0.027106227106227107,0.003663003663003663,0.0007326007326007326,312.56,-2.19,131.56,baonhieu2
0.020757020757020756,0.03028083028083028,0.0380952380952381,0.002686202686202686,0.0019536019536019536,136.37,4.25,135.31,baonhieu2
0.018070818070818073,0.036141636141636145,0.04664224664224664,0.00805860805860806,0.002686202686202686,128.5,9.75,141.31,baonhieu2
0.01978021978021978,0.04004884004884005,0.05274725274725275,0.011965811965811967,0.0031746031746031746,120.0,8.38,148.19,baonhieu2
0.02148962148962149,0.04151404151404151,0.0568986568986569,0.014652014652014652,0.003663003663003663,112.56,-2.56,147.25,baonhieu2
0.022954822954822957,0.04151404151404151,0.05934065934065934,0.01611721611721612,0.003907203907203907,229.25,-21.25,133.62,baonhieu2
0.024175824175824177,0.039316239316239315,0.05567765567765568,0.013431013431013432,0.0029304029304029304,220.37,-28.75,125.87,baonhieu2
0.027594627594627594,0.029304029304029304,0.042002442002442006,0.005616605616605617,0.002442002442002442,220.5,-30.25,123.19,baonhieu2
0.029792429792429794,0.02197802197802198,0.03076923076923077,0.0,0.0017094017094017094,227.06,-28.62,122.69,baonhieu2
0.03125763125763126,0.01684981684981685,0.02271062271062271,0.003907203907203907,0.0014652014652014652,260.69,-19.37,114.37,baonhieu2
0.031746031746031744,0.013186813186813187,0.017094017094017096,0.006593406593406593,0.001221001221001221,286.56,-12.69,105.87,baonhieu2
0.02783882783882784,0.014407814407814409,0.016361416361416362,0.007081807081807082,0.0009768009768009768,299.94,-9.44,111.37,baonhieu2
0.022466422466422466,0.020512820512820513,0.023687423687423687,0.0004884004884004884,0.0009768009768009768,308.12,-5.31,123.12,baonhieu2
0.018803418803418803,0.02783882783882784,0.03492063492063492,0.004884004884004884,0.0009768009768009768,315.75,0.13,134.75,baonhieu2
0.016361416361416362,0.03296703296703297,0.04297924297924298,0.008791208791208791,0.0019536019536019536,128.12,4.87,143.44,baonhieu2
0.01562881562881563,0.03638583638583639,0.04835164835164835,0.011477411477411478,0.002686202686202686,119.62,7.69,147.69,baonhieu2
0.017826617826617826,0.03785103785103785,0.05128205128205128,0.012942612942612943,0.003418803418803419,112.37,4.75,150.5,baonhieu2
0.019291819291819293,0.038583638583638585,0.053235653235653234,0.01391941391941392,0.003663003663003663,107.31,-11.94,144.94,baonhieu2
0.020757020757020756,0.03907203907203907,0.05396825396825397,0.014652014652014652,0.003907203907203907,221.94,-26.75,124.12,baonhieu2
0.02271062271062271,0.03394383394383394,0.04884004884004884,0.010012210012210013,0.0029304029304029304,223.31,-30.06,116.0,baonhieu2
0.025885225885225887,0.025152625152625153,0.036874236874236875,0.003663003663003663,0.002197802197802198,227.5,-29.87,113.75,baonhieu2
0.028327228327228327,0.019291819291819293,0.027594627594627594,0.0007326007326007326,0.0017094017094017094,235.12,-27.62,114.19,baonhieu2
0.030036630036630037,0.01514041514041514,0.021245421245421246,0.003907203907203907,0.0014652014652014652,258.94,-20.75,117.75,baonhieu2
0.029792429792429794,0.012454212454212455,0.016605616605616606,0.005860805860805861,0.001221001221001221,283.5,-14.06,125.62,baonhieu2
0.026373626373626374,0.014652014652014652,0.015873015873015872,0.006349206349206349,0.0009768009768009768,144.69,-4.31,136.0,baonhieu2
0.023931623931623933,0.018315018315018316,0.020757020757020756,0.003907203907203907,0.0009768009768009768,140.37,2.69,142.69,baonhieu2
0.022222222222222223,0.02490842490842491,0.03296703296703297,0.0017094017094017094,0.0004884004884004884,127.0,8.25,144.44,baonhieu2
0.02271062271062271,0.029792429792429794,0.04371184371184371,0.005616605616605617,0.001221001221001221,114.62,8.94,145.31,baonhieu2
0.022954822954822957,0.03296703296703297,0.05128205128205128,0.008302808302808303,0.0019536019536019536,110.62,-4.0,144.37,baonhieu2
0.023687423687423687,0.03492063492063492,0.056654456654456654,0.010012210012210013,0.002197802197802198,229.69,-23.0,127.31,baonhieu2
0.02442002442002442,0.03492063492063492,0.05787545787545788,0.008547008547008548,0.0014652014652014652,228.5,-26.81,119.44,baonhieu2
0.027594627594627594,0.02564102564102564,0.04542124542124542,0.002197802197802198,0.0007326007326007326,228.81,-27.12,119.25,baonhieu2
0.030036630036630037,0.01904761904761905,0.03565323565323565,0.002442002442002442,0.0002442002442002442,235.69,-25.37,119.37,baonhieu2
0.0315018315018315,0.014163614163614164,0.028815628815628817,0.005616605616605617,0.0,253.5,-21.62,118.75,baonhieu2
0.03125763125763126,0.01098901098901099,0.024175824175824177,0.007814407814407814,0.0002442002442002442,266.56,-18.62,125.5,baonhieu2
0.026862026862026864,0.014652014652014652,0.026862026862026864,0.004151404151404151,0.0004884004884004884,294.12,-10.06,133.87,baonhieu2
0.0231990231990232,0.02271062271062271,0.034432234432234435,0.002197802197802198,0.0004884004884004884,143.31,-0.25,137.81,baonhieu2
0.020512820512820513,0.03199023199023199,0.04322344322344322,0.008547008547008548,0.0019536019536019536,135.25,7.37,140.62,baonhieu2
0.018803418803418803,0.038583638583638585,0.04957264957264957,0.012942612942612943,0.0014652014652014652,123.25,13.0,144.31,baonhieu2
0.020512820512820513,0.04297924297924298,0.05372405372405373,0.01611721611721612,0.001221001221001221,114.75,3.62,150.12,baonhieu2
0.022222222222222223,0.04468864468864469,0.05567765567765568,0.017582417582417582,0.001221001221001221,247.94,-13.63,136.25,baonhieu2
0.023931623931623933,0.04493284493284493,0.05641025641025641,0.016361416361416362,0.0009768009768009768,223.87,-26.87,124.75,baonhieu2
0.026862026862026864,0.03638583638583639,0.044444444444444446,0.008791208791208791,0.0009768009768009768,224.19,-28.94,119.06,baonhieu2
0.030036630036630037,0.026617826617826617,0.03199023199023199,0.0019536019536019536,0.0009768009768009768,226.12,-28.75,116.94,baonhieu2
0.03247863247863248,0.01978021978021978,0.022954822954822957,0.0029304029304029304,0.0009768009768009768,230.44,-26.87,116.62,baonhieu2
0.03418803418803419,0.014896214896214897,0.016605616605616606,0.006349206349206349,0.0007326007326007326,257.81,-16.62,116.19,baonhieu2
0.03321123321123321,0.011965811965811967,0.01221001221001221,0.008302808302808303,0.0007326007326007326,297.69,-5.62,112.06,baonhieu2
0.028327228327228327,0.016361416361416362,0.016361416361416362,0.006105006105006105,0.0007326007326007326,309.25,-5.19,122.31,baonhieu2
0.02490842490842491,0.026373626373626374,0.028327228327228327,0.0009768009768009768,0.0007326007326007326,321.87,0.25,132.19,baonhieu2
0.022466422466422466,0.03321123321123321,0.03907203907203907,0.007326007326007326,0.0007326007326007326,134.56,7.06,138.75,baonhieu2
0.023687423687423687,0.03785103785103785,0.0463980463980464,0.011721611721611722,0.0007326007326007326,125.12,9.0,144.87,baonhieu2
0.024664224664224663,0.040293040293040296,0.051770451770451774,0.014896214896214897,0.0007326007326007326,116.75,-0.06,146.44,baonhieu2
0.025885225885225887,0.04126984126984127,0.05518925518925519,0.016605616605616606,0.0007326007326007326,244.19,-16.44,132.62,baonhieu2
0.02735042735042735,0.04053724053724054,0.05396825396825397,0.013675213675213675,0.0007326007326007326,230.12,-25.56,123.25,baonhieu2
0.029304029304029304,0.030036630036630037,0.040293040293040296,0.005616605616605617,0.0004884004884004884,231.31,-26.81,119.44,baonhieu2
0.03076923076923077,0.02197802197802198,0.028815628815628817,0.0004884004884004884,0.0014652014652014652,238.75,-24.62,118.37,baonhieu2
0.031746031746031744,0.016361416361416362,0.020757020757020756,0.00463980463980464,0.0019536019536019536,268.69,-14.31,117.31,baonhieu2
0.031013431013431014,0.012454212454212455,0.01514041514041514,0.00757020757020757,0.002197802197802198,309.5,-3.31,111.94,baonhieu2
0.02612942612942613,0.015873015873015872,0.016605616605616606,0.007814407814407814,0.0014652014652014652,319.94,-2.19,125.44,baonhieu2
0.022466422466422466,0.023687423687423687,0.027106227106227107,0.0,0.0007326007326007326,142.37,2.37,135.5,baonhieu2
0.020024420024420026,0.0315018315018315,0.04004884004884005,0.008791208791208791,0.0004884004884004884,133.81,6.75,141.62,baonhieu2
0.020024420024420026,0.03663003663003663,0.04884004884004884,0.014896214896214897,0.0,125.06,8.81,144.56,baonhieu2
0.020757020757020756,0.04053724053724054,0.05518925518925519,0.019291819291819293,0.0002442002442002442,119.37,4.5,146.94,baonhieu2
0.02148962148962149,0.042735042735042736,0.05934065934065934,0.021733821733821733,0.0002442002442002442,110.5,-16.37,138.62,baonhieu2
0.0231990231990232,0.04371184371184371,0.06202686202686203,0.022954822954822957,0.0004884004884004884,219.81,-29.44,123.81,baonhieu2
0.02442002442002442,0.03736263736263736,0.05225885225885226,0.01562881562881563,0.0004884004884004884,222.44,-31.56,116.69,baonhieu2
0.02612942612942613,0.028083028083028084,0.03907203907203907,0.00805860805860806,0.0004884004884004884,226.56,-31.0,117.37,baonhieu2
0.02735042735042735,0.021733821733821733,0.029548229548229547,0.0029304029304029304,0.0004884004884004884,250.12,-23.56,117.37,baonhieu2
0.028083028083028084,0.017094017094017096,0.0231990231990232,0.0007326007326007326,0.0004884004884004884,277.37,-16.06,116.62,baonhieu2
0.02564102564102564,0.018070818070818073,0.02197802197802198,0.0014652014652014652,0.0004884004884004884,296.19,-10.94,123.37,baonhieu2
0.020757020757020756,0.023687423687423687,0.026617826617826617,0.0017094017094017094,0.0004884004884004884,317.69,-2.69,133.81,baonhieu2
0.017582417582417582,0.028815628815628817,0.03394383394383394,0.004395604395604396,0.0014652014652014652,140.06,6.75,142.5,baonhieu2
0.01514041514041514,0.03296703296703297,0.039316239316239315,0.006105006105006105,0.0007326007326007326,128.69,11.94,146.06,baonhieu2
0.01514041514041514,0.035897435897435895,0.046153846153846156,0.00757020757020757,0.0002442002442002442,118.5,10.25,148.44,baonhieu2
0.017582417582417582,0.03785103785103785,0.050793650793650794,0.008302808302808303,0.0,117.5,-9.06,149.0,baonhieu2
0.01978021978021978,0.03907203907203907,0.05396825396825397,0.009035409035409036,0.0002442002442002442,224.56,-28.31,125.69,baonhieu2
0.02197802197802198,0.03882783882783883,0.05543345543345543,0.008791208791208791,0.0004884004884004884,225.75,-31.0,116.81,baonhieu2
0.025396825396825397,0.029304029304029304,0.04395604395604396,0.002686202686202686,0.0004884004884004884,231.56,-29.37,115.56,baonhieu2
0.027594627594627594,0.022466422466422466,0.03394383394383394,0.0014652014652014652,0.0007326007326007326,247.56,-25.5,116.37,baonhieu2
0.029304029304029304,0.017826617826617826,0.027106227106227107,0.004395604395604396,0.0007326007326007326,271.69,-19.0,115.87,baonhieu2
0.028327228327228327,0.01514041514041514,0.022222222222222223,0.006349206349206349,0.0019536019536019536,287.06,-14.5,116.75,baonhieu2
0.025885225885225887,0.01514041514041514,0.019536019536019536,0.00757020757020757,0.002686202686202686,304.0,-7.69,118.37,baonhieu2
0.022954822954822957,0.01514041514041514,0.017826617826617826,0.008302808302808303,0.0031746031746031746,328.31,3.5,123.5,baonhieu2
0.02026862026862027,0.01514041514041514,0.016605616605616606,0.008547008547008548,0.003663003663003663,342.75,10.63,134.62,baonhieu2
0.01855921855921856,0.01562881562881563,0.018803418803418803,0.008547008547008548,0.002686202686202686,125.25,9.75,142.31,baonhieu2
0.01733821733821734,0.020757020757020756,0.030036630036630037,0.0017094017094017094,0.002197802197802198,118.06,0.0,145.0,baonhieu2
0.01978021978021978,0.024664224664224663,0.03956043956043956,0.0031746031746031746,0.0029304029304029304,115.0,-13.88,141.87,baonhieu2
0.02271062271062271,0.02857142857142857,0.047619047619047616,0.00757020757020757,0.003418803418803419,224.5,-24.69,139.0,baonhieu2
0.024664224664224663,0.0315018315018315,0.053235653235653234,0.010744810744810745,0.003907203907203907,214.87,-32.13,127.31,baonhieu2
0.026617826617826617,0.033455433455433455,0.057387057387057384,0.012942612942612943,0.004151404151404151,217.44,-32.19,119.5,baonhieu2
0.02783882783882784,0.028327228327228327,0.05128205128205128,0.00927960927960928,0.0031746031746031746,228.69,-27.44,118.19,baonhieu2
0.028327228327228327,0.022222222222222223,0.04151404151404151,0.003663003663003663,0.002442002442002442,262.62,-14.88,117.25,baonhieu2
0.027594627594627594,0.018070818070818073,0.03394383394383394,0.0004884004884004884,0.0019536019536019536,307.0,-0.06,105.69,baonhieu2
0.025396825396825397,0.01514041514041514,0.028815628815628817,0.0031746031746031746,0.0014652014652014652,323.25,1.19,113.31,baonhieu2
0.022222222222222223,0.01391941391941392,0.025152625152625153,0.005372405372405372,0.001221001221001221,333.19,4.12,124.37,baonhieu2
0.02026862026862027,0.016361416361416362,0.02735042735042735,0.005128205128205128,0.0009768009768009768,133.87,7.31,136.12,baonhieu2
0.018803418803418803,0.025885225885225887,0.03785103785103785,0.0004884004884004884,0.0009768009768009768,121.81,4.56,143.81,baonhieu2
0.020512820512820513,0.032722832722832725,0.045177045177045176,0.0029304029304029304,0.0007326007326007326,112.06,-8.19,141.62,baonhieu2
0.021733821733821733,0.03736263736263736,0.05030525030525031,0.005128205128205128,0.0007326007326007326,229.0,-23.12,125.5,baonhieu2
0.022954822954822957,0.03418803418803419,0.04884004884004884,0.002686202686202686,0.0007326007326007326,218.5,-30.94,116.25,baonhieu2
0.025152625152625153,0.026617826617826617,0.03833943833943834,0.002686202686202686,0.0007326007326007326,223.19,-30.56,113.0,baonhieu2
0.02612942612942613,0.020512820512820513,0.02905982905982906,0.006349206349206349,0.0007326007326007326,239.94,-25.25,111.94,baonhieu2
0.026862026862026864,0.016361416361416362,0.022466422466422466,0.009035409035409036,0.0007326007326007326,286.44,-11.25,104.31,baonhieu2
0.02735042735042735,0.013186813186813187,0.018070818070818073,0.010744810744810745,0.0007326007326007326,313.81,-4.0,100.25,baonhieu2
0.022466422466422466,0.01855921855921856,0.022222222222222223,0.006837606837606838,0.0007326007326007326,323.44,-0.19,114.0,baonhieu2
0.01904761904761905,0.028083028083028084,0.03076923076923077,0.0004884004884004884,0.0007326007326007326,331.81,4.5,125.75,baonhieu2
0.016605616605616606,0.03467643467643468,0.04053724053724054,0.004884004884004884,0.0007326007326007326,338.25,9.31,135.62,baonhieu2
0.015873015873015872,0.039316239316239315,0.04713064713064713,0.008547008547008548,0.0007326007326007326,122.06,4.44,144.81,baonhieu2
0.016605616605616606,0.04151404151404151,0.05201465201465202,0.011233211233211233,0.0007326007326007326,110.25,-5.94,139.87,baonhieu2
0.018070818070818073,0.04249084249084249,0.05543345543345543,0.011965811965811967,0.0007326007326007326,238.75,-18.69,127.37,baonhieu2
0.01978021978021978,0.0380952380952381,0.0485958485958486,0.00757020757020757,0.0007326007326007326,215.94,-32.06,119.81,baonhieu2
0.021001221001221003,0.02857142857142857,0.036141636141636145,0.0009768009768009768,0.0007326007326007326,215.62,-34.0,115.81,baonhieu2
0.02442002442002442,0.01978021978021978,0.02490842490842491,0.004884004884004884,0.0007326007326007326,221.25,-31.94,115.06,baonhieu2
0.026617826617826617,0.013431013431013432,0.01684981684981685,0.009035409035409036,0.0007326007326007326,243.19,-25.94,113.56,baonhieu2
0.028327228327228327,0.00927960927960928,0.011233211233211233,0.011965811965811967,0.0007326007326007326,262.56,-23.5,115.69,baonhieu2
0.02564102564102564,0.012454212454212455,0.014407814407814409,0.009523809523809525,0.0007326007326007326,281.25,-18.06,123.87,baonhieu2
0.021001221001221003,0.022466422466422466,0.026862026862026864,0.0009768009768009768,0.0007326007326007326,303.44,-8.25,129.44,baonhieu2
0.017826617826617826,0.03028083028083028,0.036141636141636145,0.005128205128205128,0.0007326007326007326,328.62,3.81,133.75,baonhieu2
0.01562881562881563,0.03565323565323565,0.042735042735042736,0.00927960927960928,0.0019536019536019536,126.81,11.19,140.31,baonhieu2
0.017094017094017096,0.039316239316239315,0.04713064713064713,0.011233211233211233,0.0017094017094017094,116.06,0.81,146.81,baonhieu2
0.019291819291819293,0.04053724053724054,0.0485958485958486,0.011721611721611722,0.001221001221001221,233.69,-20.37,131.37,baonhieu2
0.02148962148962149,0.039316239316239315,0.04493284493284493,0.008791208791208791,0.0,222.06,-29.94,119.75,baonhieu2
0.023931623931623933,0.03028083028083028,0.03321123321123321,0.0019536019536019536,0.0009768009768009768,219.94,-32.94,113.94,baonhieu2
0.025885225885225887,0.02271062271062271,0.02271062271062271,0.003418803418803419,0.0014652014652014652,226.37,-30.87,111.87,baonhieu2
0.027106227106227107,0.01733821733821734,0.01562881562881563,0.007081807081807082,0.0009768009768009768,260.62,-19.69,109.75,baonhieu2
0.02783882783882784,0.013431013431013432,0.010500610500610501,0.009768009768009768,0.0004884004884004884,305.19,-8.5,102.75,baonhieu2
0.02442002442002442,0.018315018315018316,0.01562881562881563,0.007814407814407814,0.0002442002442002442,317.87,-6.12,111.44,baonhieu2
0.02197802197802198,0.028327228327228327,0.026617826617826617,0.002197802197802198,0.0,326.5,-1.06,120.94,baonhieu2
0.02026862026862027,0.035164835164835165,0.03711843711843712,0.002686202686202686,0.0007326007326007326,333.37,5.37,127.5,baonhieu2
0.019536019536019536,0.040293040293040296,0.044444444444444446,0.006105006105006105,0.0014652014652014652,126.12,9.31,138.81,baonhieu2
0.020024420024420026,0.041758241758241756,0.04957264957264957,0.008302808302808303,0.0019536019536019536,114.31,-1.44,139.25,baonhieu2
0.020757020757020756,0.041758241758241756,0.05225885225885226,0.008547008547008548,0.001221001221001221,254.31,-14.25,123.75,baonhieu2
0.022222222222222223,0.036141636141636145,0.043467643467643466,0.0029304029304029304,0.0004884004884004884,237.31,-23.81,116.69,baonhieu2
0.02442002442002442,0.026862026862026864,0.0315018315018315,0.0031746031746031746,0.0,234.5,-26.62,111.69,baonhieu2
0.027106227106227107,0.019291819291819293,0.022222222222222223,0.007326007326007326,0.0002442002442002442,234.19,-27.06,110.62,baonhieu2
0.02905982905982906,0.014163614163614164,0.01562881562881563,0.010256410256410256,0.0004884004884004884,255.19,-21.94,107.94,baonhieu2
0.03028083028083028,0.010500610500610501,0.01098901098901099,0.011965811965811967,0.0004884004884004884,290.37,-11.81,105.56,baonhieu2
0.027594627594627594,0.013431013431013432,0.012454212454212455,0.011233211233211233,0.0007326007326007326,322.12,-1.5,115.37,baonhieu2
0.023931623931623933,0.021245421245421246,0.021733821733821733,0.005128205128205128,0.0007326007326007326,341.5,7.5,127.0,baonhieu2
0.021245421245421246,0.028327228327228327,0.033455433455433455,0.0014652014652014652,0.0007326007326007326,345.31,12.5,132.81,baonhieu2
0.01904761904761905,0.03321123321123321,0.042002442002442006,0.006105006105006105,0.0007326007326007326,122.12,9.0,139.75,baonhieu2
0.017826617826617826,0.036874236874236875,0.04786324786324787,0.009523809523809525,0.0007326007326007326,111.0,-3.12,137.37,baonhieu2
0.01855921855921856,0.039316239316239315,0.05201465201465202,0.011477411477411478,0.0007326007326007326,241.25,-18.75,122.12,baonhieu2
0.019536019536019536,0.03492063492063492,0.04542124542124542,0.006837606837606838,0.0007326007326007326,224.06,-28.81,117.06,baonhieu2
0.022954822954822957,0.025885225885225887,0.03296703296703297,0.0007326007326007326,0.0007326007326007326,231.25,-26.94,112.31,baonhieu2
0.025396825396825397,0.019536019536019536,0.024175824175824177,0.003663003663003663,0.0007326007326007326,252.62,-19.69,111.0,baonhieu2
0.027106227106227107,0.01514041514041514,0.018070818070818073,0.006837606837606838,0.0007326007326007326,277.75,-15.19,110.56,baonhieu2
0.026862026862026864,0.013431013431013432,0.014163614163614164,0.009035409035409036,0.0007326007326007326,299.5,-11.69,114.62,baonhieu2
0.02197802197802198,0.019291819291819293,0.021001221001221003,0.004395604395604396,0.0007326007326007326,317.81,-5.75,122.87,baonhieu2
0.018803418803418803,0.02857142857142857,0.03199023199023199,0.0,0.0007326007326007326,332.87,3.12,130.12,baonhieu2
0.016361416361416362,0.035164835164835165,0.04053724053724054,0.003418803418803419,0.0007326007326007326,337.81,9.0,135.06,baonhieu2
0.018070818070818073,0.0398046398046398,0.04737484737484737,0.005616605616605617,0.0007326007326007326,122.94,6.62,141.31,baonhieu2
0.02026862026862027,0.041758241758241756,0.05201465201465202,0.007081807081807082,0.0007326007326007326,112.37,-11.63,139.94,baonhieu2
0.022222222222222223,0.04297924297924298,0.05543345543345543,0.008302808302808303,0.0007326007326007326,228.44,-25.37,124.25,baonhieu2
0.023443223443223443,0.036874236874236875,0.047619047619047616,0.00463980463980464,0.0007326007326007326,224.25,-30.56,117.06,baonhieu2
0.027106227106227107,0.026862026862026864,0.03418803418803419,0.0017094017094017094,0.0007326007326007326,227.0,-30.81,113.69,baonhieu2
0.029548229548229547,0.019536019536019536,0.023687423687423687,0.006105006105006105,0.0007326007326007326,230.0,-29.25,114.5,baonhieu2
0.03125763125763126,0.014652014652014652,0.016361416361416362,0.00927960927960928,0.0007326007326007326,257.19,-20.19,110.81,baonhieu2
0.03223443223443224,0.011233211233211233,0.011233211233211233,0.011477411477411478,0.0007326007326007326,294.31,-11.06,102.75,baonhieu2
0.029304029304029304,0.014163614163614164,0.011965811965811967,0.011233211233211233,0.0007326007326007326,316.87,-4.19,107.69,baonhieu2
0.026862026862026864,0.02271062271062271,0.022466422466422466,0.005860805860805861,0.0007326007326007326,339.25,8.06,122.75,baonhieu2
0.025396825396825397,0.029548229548229547,0.035164835164835165,0.0002442002442002442,0.0007326007326007326,352.69,16.12,135.56,baonhieu2
0.024175824175824177,0.03418803418803419,0.04395604395604396,0.004395604395604396,0.0007326007326007326,116.25,10.75,146.12,baonhieu2
0.023687423687423687,0.03736263736263736,0.050061050061050064,0.007326007326007326,0.0007326007326007326,107.75,-3.62,143.69,baonhieu2
0.023443223443223443,0.03882783882783883,0.05396825396825397,0.008302808302808303,0.0007326007326007326,227.56,-21.44,128.37,baonhieu2
0.02442002442002442,0.034432234432234435,0.04737484737484737,0.003663003663003663,0.0007326007326007326,220.75,-27.87,120.12,baonhieu2
0.026862026862026864,0.025152625152625153,0.034432234432234435,0.002197802197802198,0.0007326007326007326,225.12,-27.37,117.12,baonhieu2
0.02857142857142857,0.01855921855921856,0.025396825396825397,0.006105006105006105,0.0007326007326007326,246.87,-20.56,115.19,baonhieu2
0.030036630036630037,0.01391941391941392,0.01904761904761905,0.009035409035409036,0.0007326007326007326,295.62,-6.12,103.0,baonhieu2
0.02857142857142857,0.012698412698412698,0.01562881562881563,0.010012210012210013,0.0007326007326007326,319.44,-4.44,100.62,baonhieu2
0.023687423687423687,0.018803418803418803,0.021001221001221003,0.006593406593406593,0.0007326007326007326,325.0,-2.25,111.25,baonhieu2
0.02026862026862027,0.02612942612942613,0.03247863247863248,0.0007326007326007326,0.0004884004884004884,339.69,7.75,118.69,baonhieu2
0.017826617826617826,0.03125763125763126,0.041025641025641026,0.006105006105006105,0.0002442002442002442,347.06,14.63,130.94,baonhieu2
0.018070818070818073,0.03492063492063492,0.04713064713064713,0.009768009768009768,0.0002442002442002442,113.44,5.56,141.87,baonhieu2
0.019536019536019536,0.035897435897435895,0.051526251526251524,0.01098901098901099,0.0002442002442002442,251.69,-11.25,133.12,baonhieu2
0.021245421245421246,0.03321123321123321,0.04737484737484737,0.00757020757020757,0.0004884004884004884,235.69,-20.5,123.75,baonhieu2
0.022222222222222223,0.02442002442002442,0.03540903540903541,0.0009768009768009768,0.0007326007326007326,233.5,-23.31,116.75,baonhieu2
0.02442002442002442,0.016605616605616606,0.02442002442002442,0.004395604395604396,0.0007326007326007326,236.5,-23.69,112.5,baonhieu2
0.025885225885225887,0.011233211233211233,0.01684981684981685,0.00805860805860806,0.0007326007326007326,259.81,-16.87,107.69,baonhieu2
0.026862026862026864,0.007326007326007326,0.011477411477411478,0.010744810744810745,0.0007326007326007326,308.87,-2.62,88.75,baonhieu2
0.025396825396825397,0.009035409035409036,0.013675213675213675,0.00927960927960928,0.0007326007326007326,327.5,-0.19,92.06,baonhieu2
0.02271062271062271,0.015873015873015872,0.022222222222222223,0.002442002442002442,0.0007326007326007326,336.0,4.31,108.19,baonhieu2
0.021001221001221003,0.025396825396825397,0.03296703296703297,0.002442002442002442,0.0002442002442002442,346.56,12.31,117.87,baonhieu2
0.01978021978021978,0.03199023199023199,0.04224664224664225,0.005860805860805861,0.001221001221001221,353.62,17.81,131.37,baonhieu2
0.02026862026862027,0.03663003663003663,0.04884004884004884,0.00805860805860806,0.0017094017094017094,118.06,10.81,144.56,baonhieu2
0.022222222222222223,0.0380952380952381,0.053235653235653234,0.009035409035409036,0.0009768009768009768,107.12,-9.88,138.25,baonhieu2
0.02442002442002442,0.037606837606837605,0.05396825396825397,0.007081807081807082,0.0004884004884004884,222.0,-25.06,129.06,baonhieu2
0.026617826617826617,0.029304029304029304,0.04249084249084249,0.0007326007326007326,0.0002442002442002442,220.62,-27.75,122.56,baonhieu2
0.02857142857142857,0.02197802197802198,0.03076923076923077,0.00463980463980464,0.0,233.94,-24.75,116.75,baonhieu2
0.030036630036630037,0.016605616605616606,0.022466422466422466,0.008302808302808303,0.0002442002442002442,283.44,-8.88,105.62,baonhieu2
0.031013431013431014,0.012942612942612943,0.01684981684981685,0.01098901098901099,0.0002442002442002442,323.37,3.56,96.37,baonhieu2
0.027106227106227107,0.017094017094017096,0.020024420024420026,0.009523809523809525,0.0004884004884004884,337.94,7.25,105.06,baonhieu2
0.024664224664224663,0.02564102564102564,0.028815628815628817,0.00463980463980464,0.0004884004884004884,349.62,13.13,113.62,baonhieu2
0.02271062271062271,0.031746031746031744,0.0398046398046398,0.0002442002442002442,0.0004884004884004884,355.37,17.5,127.25,baonhieu2
0.022954822954822957,0.035897435897435895,0.04786324786324787,0.002686202686202686,0.0007326007326007326,125.12,15.56,139.75,baonhieu2
0.023443223443223443,0.038583638583638585,0.05347985347985348,0.004884004884004884,0.0007326007326007326,117.44,3.62,143.75,baonhieu2
0.02490842490842491,0.0398046398046398,0.057387057387057384,0.006105006105006105,0.0007326007326007326,253.69,-14.19,130.81,baonhieu2
0.02612942612942613,0.03736263736263736,0.05347985347985348,0.004884004884004884,0.0007326007326007326,227.75,-25.87,123.62,baonhieu2
0.028083028083028084,0.028083028083028084,0.041025641025641026,0.001221001221001221,0.0019536019536019536,228.69,-26.75,116.37,baonhieu2
0.029548229548229547,0.021733821733821733,0.0315018315018315,0.005372405372405372,0.002686202686202686,257.81,-17.0,109.06,baonhieu2
0.030525030525030524,0.01733821733821734,0.02490842490842491,0.008302808302808303,0.003418803418803419,300.94,-5.06,98.87,baonhieu2
0.029792429792429794,0.01562881562881563,0.020512820512820513,0.010500610500610501,0.002686202686202686,322.19,-1.37,96.25,baonhieu2
0.02735042735042735,0.022954822954822957,0.02857142857142857,0.007326007326007326,0.002197802197802198,335.25,3.37,103.0,baonhieu2
0.025396825396825397,0.031013431013431014,0.03882783882783883,0.002442002442002442,0.0017094017094017094,345.37,11.75,113.75,baonhieu2
0.024175824175824177,0.036874236874236875,0.047619047619047616,0.001221001221001221,0.0014652014652014652,351.25,15.81,128.62,baonhieu2
0.02490842490842491,0.041025641025641026,0.05396825396825397,0.003663003663003663,0.001221001221001221,122.5,12.69,142.69,baonhieu2
0.025152625152625153,0.042735042735042736,0.05811965811965812,0.005372405372405372,0.001221001221001221,112.75,5.12,140.62,baonhieu2
0.025396825396825397,0.04371184371184371,0.06031746031746032,0.005860805860805861,0.0009768009768009768,275.37,-4.12,129.94,baonhieu2
0.02564102564102564,0.03882783882783883,0.05372405372405373,0.002686202686202686,0.0009768009768009768,253.94,-12.88,122.69,baonhieu2
0.02564102564102564,0.03028083028083028,0.04078144078144078,0.0031746031746031746,0.0009768009768009768,245.19,-17.5,117.19,baonhieu2
0.027594627594627594,0.020757020757020756,0.02783882783882784,0.009035409035409036,0.0007326007326007326,244.81,-18.62,113.56,baonhieu2
0.02905982905982906,0.01391941391941392,0.01855921855921856,0.012942612942612943,0.0007326007326007326,265.25,-13.19,110.31,baonhieu2
0.030036630036630037,0.00927960927960928,0.01221001221001221,0.01562881562881563,0.0007326007326007326,305.25,-2.06,102.62,baonhieu2
0.02783882783882784,0.010500610500610501,0.011721611721611722,0.01562881562881563,0.0007326007326007326,320.62,0.94,108.44,baonhieu2
0.017094017094017096,0.021245421245421246,0.022954822954822957,0.007081807081807082,0.0007326007326007326,328.75,4.0,119.19,baonhieu2
0.009523809523809525,0.0315018315018315,0.035897435897435895,0.0004884004884004884,0.0007326007326007326,341.75,10.88,127.87,baonhieu2
0.004395604395604396,0.038583638583638585,0.04493284493284493,0.005860805860805861,0.0007326007326007326,125.44,16.25,137.87,baonhieu2
0.006837606837606838,0.04371184371184371,0.05128205128205128,0.009768009768009768,0.0007326007326007326,116.69,15.0,149.0,baonhieu2
0.00927960927960928,0.045177045177045176,0.05445665445665446,0.011477411477411478,0.0007326007326007326,110.75,0.25,147.75,baonhieu2
0.011233211233211233,0.04590964590964591,0.05641025641025641,0.011721611721611722,0.0007326007326007326,236.69,-18.44,136.25,baonhieu2
0.012942612942612943,0.04151404151404151,0.04932844932844933,0.006349206349206349,0.0007326007326007326,228.69,-25.12,125.69,baonhieu2
0.018070818070818073,0.03223443223443224,0.036874236874236875,0.0,0.0004884004884004884,232.87,-25.19,119.5,baonhieu2
0.021733821733821733,0.02490842490842491,0.026373626373626374,0.004884004884004884,0.001221001221001221,249.06,-20.56,115.87,baonhieu2
0.024175824175824177,0.01978021978021978,0.01904761904761905,0.008302808302808303,0.0017094017094017094,289.94,-8.06,106.25,baonhieu2
0.02442002442002442,0.01611721611721612,0.01391941391941392,0.010744810744810745,0.002197802197802198,318.62,-0.69,103.25,baonhieu2
0.020512820512820513,0.018315018315018316,0.013675213675213675,0.01098901098901099,0.001221001221001221,331.5,3.56,112.87,baonhieu2
0.017094017094017096,0.023687423687423687,0.021001221001221003,0.008302808302808303,0.0007326007326007326,343.5,9.56,122.87,baonhieu2
0.014896214896214897,0.032722832722832725,0.03321123321123321,0.001221001221001221,0.0002442002442002442,352.25,15.88,130.62,baonhieu2
0.013186813186813187,0.03907203907203907,0.04395604395604396,0.004395604395604396,0.0,119.87,16.62,142.62,baonhieu2
0.015384615384615385,0.043467643467643466,0.051770451770451774,0.008302808302808303,0.0002442002442002442,112.94,7.06,148.37,baonhieu2
0.017582417582417582,0.045177045177045176,0.0568986568986569,0.01098901098901099,0.0004884004884004884,105.94,-8.0,136.69,baonhieu2
0.019536019536019536,0.04371184371184371,0.05616605616605617,0.009035409035409036,0.0004884004884004884,242.75,-18.31,122.94,baonhieu2
0.021245421245421246,0.035164835164835165,0.044444444444444446,0.0031746031746031746,0.0007326007326007326,238.94,-21.12,118.87,baonhieu2
0.024175824175824177,0.02564102564102564,0.03125763125763126,0.002686202686202686,0.0007326007326007326,239.06,-21.25,119.5,baonhieu2
0.026373626373626374,0.018803418803418803,0.022222222222222223,0.006593406593406593,0.0007326007326007326,242.75,-20.37,119.69,baonhieu2
0.02783882783882784,0.01391941391941392,0.015873015873015872,0.009523809523809525,0.0004884004884004884,277.44,-11.06,115.0,baonhieu2
0.028327228327228327,0.011721611721611722,0.012698412698412698,0.01098901098901099,0.001221001221001221,311.06,-3.37,107.69,baonhieu2
0.024664224664224663,0.017582417582417582,0.020024420024420026,0.00757020757020757,0.0017094017094017094,325.37,0.5,115.44,baonhieu2
0.02197802197802198,0.027106227106227107,0.03247863247863248,0.002442002442002442,0.0009768009768009768,340.94,9.06,121.94,baonhieu2
0.02026862026862027,0.033455433455433455,0.042735042735042736,0.001221001221001221,0.0004884004884004884,351.19,17.0,129.06,baonhieu2
0.02148962148962149,0.0380952380952381,0.04981684981684982,0.003663003663003663,0.0,118.31,15.75,139.0,baonhieu2
0.022466422466422466,0.0398046398046398,0.054945054945054944,0.005372405372405372,0.0002442002442002442,112.94,1.44,141.12,baonhieu2
0.023687423687423687,0.04053724053724054,0.05787545787545788,0.006349206349206349,0.0004884004884004884,250.56,-14.56,127.62,baonhieu2
0.024664224664224663,0.03833943833943834,0.05396825396825397,0.0031746031746031746,0.0004884004884004884,238.25,-21.75,120.12,baonhieu2
0.026373626373626374,0.029304029304029304,0.04151404151404151,0.0029304029304029304,0.0007326007326007326,244.19,-20.81,115.06,baonhieu2
0.027594627594627594,0.0231990231990232,0.03247863247863248,0.007081807081807082,0.0007326007326007326,278.44,-10.94,107.06,baonhieu2
0.02857142857142857,0.018803418803418803,0.026373626373626374,0.010256410256410256,0.0007326007326007326,310.31,-3.44,100.56,baonhieu2
0.02564102564102564,0.019291819291819293,0.0231990231990232,0.010744810744810745,0.0007326007326007326,322.19,-1.19,111.0,baonhieu2
0.021733821733821733,0.02564102564102564,0.030036630036630037,0.006349206349206349,0.0007326007326007326,330.06,2.5,119.19,baonhieu2
0.01904761904761905,0.03199023199023199,0.03956043956043956,0.0009768009768009768,0.0007326007326007326,337.62,7.94,125.69,baonhieu2
0.017094017094017096,0.036141636141636145,0.047619047619047616,0.003663003663003663,0.0007326007326007326,343.87,12.38,133.75,baonhieu2
0.01684981684981685,0.039316239316239315,0.05347985347985348,0.006837606837606838,0.0007326007326007326,118.31,12.94,141.44,baonhieu2
0.01733821733821734,0.040293040293040296,0.057387057387057384,0.009035409035409036,0.0007326007326007326,103.69,-0.37,138.37,baonhieu2
0.018315018315018316,0.04004884004884005,0.057387057387057384,0.006837606837606838,0.0007326007326007326,247.56,-13.75,127.87,baonhieu2
0.02026862026862027,0.03125763125763126,0.04542124542124542,0.0004884004884004884,0.0004884004884004884,230.62,-23.12,123.12,baonhieu2
0.023443223443223443,0.021733821733821733,0.03247863247863248,0.005128205128205128,0.001221001221001221,232.0,-24.37,116.94,baonhieu2
0.025396825396825397,0.01514041514041514,0.0231990231990232,0.009035409035409036,0.0019536019536019536,252.5,-18.31,109.62,baonhieu2
0.026862026862026864,0.010500610500610501,0.01684981684981685,0.011721611721611722,0.002197802197802198,284.62,-9.44,99.44,baonhieu2
0.027106227106227107,0.009523809523809525,0.014407814407814409,0.011965811965811967,0.002442002442002442,292.69,-9.38,106.37,baonhieu2
0.023687423687423687,0.015384615384615385,0.020024420024420026,0.007814407814407814,0.002686202686202686,309.87,-3.69,116.44,baonhieu2
0.02148962148962149,0.023931623931623933,0.031746031746031744,0.0014652014652014652,0.0017094017094017094,329.5,5.06,125.75,baonhieu2
0.01978021978021978,0.029792429792429794,0.041025641025641026,0.0029304029304029304,0.002197802197802198,127.56,12.0,140.0,baonhieu2
0.020757020757020756,0.03394383394383394,0.047619047619047616,0.006105006105006105,0.002442002442002442,116.44,10.69,148.75,baonhieu2
0.021733821733821733,0.036141636141636145,0.05225885225885226,0.00805860805860806,0.0014652014652014652,102.25,1.37,139.44,baonhieu2
0.023687423687423687,0.03711843711843712,0.05347985347985348,0.006837606837606838,0.0009768009768009768,258.44,-8.25,131.25,baonhieu2
0.026373626373626374,0.029792429792429794,0.041758241758241756,0.0004884004884004884,0.0004884004884004884,240.0,-17.5,126.06,baonhieu2
0.02857142857142857,0.02148962148962149,0.029304029304029304,0.005616605616605617,0.0,235.5,-20.87,121.56,baonhieu2
0.03125763125763126,0.014896214896214897,0.019291819291819293,0.010744810744810745,0.0,237.56,-21.31,117.69,baonhieu2
0.03296703296703297,0.010500610500610501,0.01221001221001221,0.014407814407814409,0.0002442002442002442,260.81,-14.75,115.25,baonhieu2
0.03418803418803419,0.007081807081807082,0.007326007326007326,0.01684981684981685,0.0002442002442002442,304.06,-1.75,108.75,baonhieu2
0.03125763125763126,0.010744810744810745,0.01098901098901099,0.01514041514041514,0.0004884004884004884,318.06,1.06,114.69,baonhieu2
0.029304029304029304,0.020024420024420026,0.02442002442002442,0.008302808302808303,0.0004884004884004884,331.37,5.81,123.69,baonhieu2
0.02783882783882784,0.028815628815628817,0.03711843711843712,0.002442002442002442,0.0017094017094017094,343.06,11.19,135.87,baonhieu2
0.027106227106227107,0.03492063492063492,0.04590964590964591,0.0014652014652014652,0.002686202686202686,124.87,16.75,142.31,baonhieu2
0.026862026862026864,0.03907203907203907,0.05225885225885226,0.004395604395604396,0.0031746031746031746,116.5,21.06,143.31,baonhieu2
0.026617826617826617,0.04078144078144078,0.05543345543345543,0.005616605616605617,0.003663003663003663,319.31,12.44,135.81,baonhieu2
0.02735042735042735,0.04151404151404151,0.05616605616605617,0.004884004884004884,0.003907203907203907,248.75,-12.63,130.06,baonhieu2
0.02783882783882784,0.03565323565323565,0.04566544566544566,0.0007326007326007326,0.0029304029304029304,228.31,-23.62,124.44,baonhieu2
0.030036630036630037,0.02564102564102564,0.03223443223443224,0.006837606837606838,0.002442002442002442,229.75,-24.19,120.31,baonhieu2
0.0315018315018315,0.01855921855921856,0.022466422466422466,0.01098901098901099,0.0019536019536019536,239.0,-21.19,117.5,baonhieu2
0.032722832722832725,0.013675213675213675,0.01562881562881563,0.01391941391941392,0.0014652014652014652,279.19,-7.81,111.75,baonhieu2
0.03321123321123321,0.01098901098901099,0.010744810744810745,0.015873015873015872,0.001221001221001221,310.87,0.0,109.75,baonhieu2
0.02857142857142857,0.015384615384615385,0.014163614163614164,0.014407814407814409,0.001221001221001221,326.5,3.19,109.25,baonhieu2
0.025152625152625153,0.022222222222222223,0.024664224664224663,0.010256410256410256,0.0009768009768009768,340.12,7.75,107.06,baonhieu2
0.022954822954822957,0.02857142857142857,0.036874236874236875,0.005616605616605617,0.0009768009768009768,347.31,14.94,112.0,baonhieu2
0.022466422466422466,0.03296703296703297,0.04566544566544566,0.002197802197802198,0.0009768009768009768,346.69,17.31,128.19,baonhieu2
0.022466422466422466,0.036141636141636145,0.05201465201465202,0.0,0.0009768009768009768,114.0,6.5,138.31,baonhieu2
0.023443223443223443,0.03736263736263736,0.05641025641025641,0.001221001221001221,0.0009768009768009768,263.06,-8.63,130.19,baonhieu2
0.02490842490842491,0.03492063492063492,0.05372405372405373,0.0019536019536019536,0.0009768009768009768,231.94,-22.37,125.69,baonhieu2
0.027594627594627594,0.026373626373626374,0.04126984126984127,0.007814407814407814,0.0009768009768009768,231.12,-24.56,119.06,baonhieu2
0.031013431013431014,0.017582417582417582,0.028815628815628817,0.012698412698412698,0.0007326007326007326,232.62,-24.87,115.56,baonhieu2
0.033455433455433455,0.011233211233211233,0.02026862026862027,0.01611721611721612,0.0007326007326007326,241.37,-21.87,115.56,baonhieu2
0.035164835164835165,0.007081807081807082,0.014163614163614164,0.01855921855921856,0.0007326007326007326,286.25,-7.62,112.12,baonhieu2
0.033455433455433455,0.005860805860805861,0.011233211233211233,0.01904761904761905,0.0007326007326007326,324.56,0.81,105.62,baonhieu2
0.026862026862026864,0.012454212454212455,0.01904761904761905,0.01611721611721612,0.0007326007326007326,334.94,3.94,113.0,baonhieu2
0.022466422466422466,0.022466422466422466,0.032722832722832725,0.007814407814407814,0.0007326007326007326,344.12,9.88,118.5,baonhieu2
0.019291819291819293,0.029548229548229547,0.04468864468864469,0.0017094017094017094,0.0007326007326007326,352.44,15.69,127.06,baonhieu2
0.020024420024420026,0.034432234432234435,0.053235653235653234,0.002686202686202686,0.0007326007326007326,124.87,14.38,137.12,baonhieu2
0.020757020757020756,0.03638583638583639,0.059096459096459095,0.005616605616605617,0.0007326007326007326,112.94,6.0,139.25,baonhieu2
0.021733821733821733,0.03736263736263736,0.06275946275946276,0.007326007326007326,0.0007326007326007326,259.12,-9.0,129.37,baonhieu2
0.022954822954822957,0.03492063492063492,0.05811965811965812,0.00463980463980464,0.0007326007326007326,232.81,-21.5,123.56,baonhieu2
0.025885225885225887,0.02564102564102564,0.043467643467643466,0.002442002442002442,0.0007326007326007326,230.87,-24.0,117.94,baonhieu2
0.02905982905982906,0.017826617826617826,0.031013431013431014,0.007814407814407814,0.0004884004884004884,234.87,-23.37,116.0,baonhieu2
0.0315018315018315,0.012454212454212455,0.022222222222222223,0.011721611721611722,0.001221001221001221,257.75,-16.12,116.19,baonhieu2
0.03296703296703297,0.008547008547008548,0.016361416361416362,0.014407814407814409,0.0017094017094017094,305.94,0.0,108.19,baonhieu2
0.03125763125763126,0.009035409035409036,0.01514041514041514,0.01514041514041514,0.0009768009768009768,337.06,10.19,102.12,baonhieu2
0.024175824175824177,0.012454212454212455,0.022222222222222223,0.012942612942612943,0.0004884004884004884,345.56,14.5,108.69,baonhieu2
0.01904761904761905,0.020512820512820513,0.032722832722832725,0.007814407814407814,0.0002442002442002442,351.5,19.56,114.94,baonhieu2
0.01562881562881563,0.02857142857142857,0.043467643467643466,0.001221001221001221,0.0,356.69,24.31,127.31,baonhieu2
0.014896214896214897,0.03418803418803419,0.05103785103785104,0.0031746031746031746,0.0014652014652014652,107.75,18.69,139.81,baonhieu2
0.014896214896214897,0.03833943833943834,0.05616605616605617,0.006349206349206349,0.002442002442002442,103.56,2.06,137.94,baonhieu2
0.01562881562881563,0.040293040293040296,0.05860805860805861,0.007081807081807082,0.0031746031746031746,236.75,-19.56,123.94,baonhieu2
0.018070818070818073,0.036141636141636145,0.05299145299145299,0.003663003663003663,0.003663003663003663,229.0,-26.06,119.44,baonhieu2
0.023443223443223443,0.027594627594627594,0.040293040293040296,0.002197802197802198,0.003907203907203907,232.31,-25.87,117.44,baonhieu2
0.027106227106227107,0.020512820512820513,0.02905982905982906,0.007326007326007326,0.004151404151404151,238.81,-24.25,116.81,baonhieu2
0.029792429792429794,0.01562881562881563,0.021245421245421246,0.01098901098901099,0.004151404151404151,276.5,-13.19,110.94,baonhieu2
0.031013431013431014,0.01221001221001221,0.01562881562881563,0.013431013431013432,0.004395604395604396,303.0,-7.62,105.25,baonhieu2
0.02442002442002442,0.01562881562881563,0.018803418803418803,0.00927960927960928,0.004395604395604396,321.87,-3.81,107.75,baonhieu2
0.01514041514041514,0.025885225885225887,0.031013431013431014,0.0004884004884004884,0.004395604395604396,337.37,3.37,117.19,baonhieu2
0.008791208791208791,0.03321123321123321,0.03956043956043956,0.005860805860805861,0.004395604395604396,354.19,14.75,125.31,baonhieu2
0.004151404151404151,0.03833943833943834,0.04566544566544566,0.010256410256410256,0.004395604395604396,354.56,18.75,135.75,baonhieu2
0.003418803418803419,0.041758241758241756,0.04932844932844933,0.012942612942612943,0.004395604395604396,111.19,4.62,144.69,baonhieu2
0.003418803418803419,0.04395604395604396,0.05128205128205128,0.014652014652014652,0.004395604395604396,230.94,-19.44,135.5,baonhieu2
0.003663003663003663,0.04395604395604396,0.05201465201465202,0.014407814407814409,0.004395604395604396,214.5,-31.44,123.94,baonhieu2
0.008791208791208791,0.03638583638583639,0.04322344322344322,0.007814407814407814,0.003418803418803419,218.87,-31.37,120.19,baonhieu2
0.01562881562881563,0.026373626373626374,0.03076923076923077,0.0007326007326007326,0.002442002442002442,224.81,-29.75,119.25,baonhieu2
0.02026862026862027,0.019291819291819293,0.02197802197802198,0.004151404151404151,0.0019536019536019536,251.69,-21.56,115.81,baonhieu2
0.023687423687423687,0.014407814407814409,0.015873015873015872,0.00757020757020757,0.0014652014652014652,300.44,-8.38,104.12,baonhieu2
0.024175824175824177,0.011477411477411478,0.011477411477411478,0.010012210012210013,0.001221001221001221,333.0,-1.12,99.0,baonhieu2
0.018803418803418803,0.014407814407814409,0.014407814407814409,0.008547008547008548,0.0009768009768009768,342.25,3.44,104.0,baonhieu2
0.011233211233211233,0.023931623931623933,0.02490842490842491,0.003418803418803419,0.0009768009768009768,349.62,12.06,112.69,baonhieu2
0.005616605616605617,0.03711843711843712,0.03833943833943834,0.002442002442002442,0.0009768009768009768,353.25,18.37,125.75,baonhieu2
0.0004884004884004884,0.0463980463980464,0.04786324786324787,0.006593406593406593,0.0007326007326007326,350.56,18.75,138.25,baonhieu2
0.003663003663003663,0.05299145299145299,0.05445665445665446,0.009523809523809525,0.0007326007326007326,110.75,6.81,147.0,baonhieu2
0.006593406593406593,0.057387057387057384,0.05860805860805861,0.011233211233211233,0.0007326007326007326,105.44,-13.06,138.75,baonhieu2
0.008547008547008548,0.06031746031746032,0.060805860805860805,0.011477411477411478,0.0007326007326007326,226.37,-24.56,121.37,baonhieu2
0.004151404151404151,0.05274725274725275,0.05225885225885226,0.006105006105006105,0.0007326007326007326,232.44,-24.19,113.94,baonhieu2
0.003418803418803419,0.04078144078144078,0.03833943833943834,0.0007326007326007326,0.0007326007326007326,254.62,-17.94,108.19,baonhieu2
0.008791208791208791,0.03247863247863248,0.02857142857142857,0.005372405372405372,0.0007326007326007326,295.31,-6.19,102.62,baonhieu2
0.012698412698412698,0.026617826617826617,0.02197802197802198,0.008791208791208791,0.0007326007326007326,322.0,0.62,114.81,baonhieu2
0.011965811965811967,0.027106227106227107,0.01978021978021978,0.010012210012210013,0.0007326007326007326,344.19,8.38,133.69,baonhieu2
0.011721611721611722,0.03394383394383394,0.02905982905982906,0.006105006105006105,0.0007326007326007326,130.87,16.25,148.06,baonhieu2
0.011477411477411478,0.039316239316239315,0.04151404151404151,0.002442002442002442,0.0007326007326007326,120.5,16.75,156.06,baonhieu2
0.009768009768009768,0.04322344322344322,0.050061050061050064,0.0,0.0007326007326007326,113.31,12.06,160.69,baonhieu2
0.008547008547008548,0.04664224664224664,0.05616605616605617,0.0019536019536019536,0.0007326007326007326,111.75,1.69,161.12,baonhieu2
0.009523809523809525,0.0485958485958486,0.060073260073260075,0.0031746031746031746,0.0007326007326007326,109.69,-17.0,141.25,baonhieu2
0.010256410256410256,0.04932844932844933,0.06202686202686203,0.003907203907203907,0.0007326007326007326,229.87,-25.19,125.25,baonhieu2
0.012942612942612943,0.040293040293040296,0.05054945054945055,0.0004884004884004884,0.0007326007326007326,235.5,-24.87,118.44,baonhieu2
0.017582417582417582,0.03076923076923077,0.036874236874236875,0.005616605616605617,0.0007326007326007326,247.44,-21.94,116.31,baonhieu2
0.020757020757020756,0.023931623931623933,0.02735042735042735,0.00927960927960928,0.0007326007326007326,276.19,-12.38,117.5,baonhieu2
0.022954822954822957,0.019291819291819293,0.020512820512820513,0.011721611721611722,0.0004884004884004884,318.31,2.0,118.44,baonhieu2
0.01978021978021978,0.02026862026862027,0.020024420024420026,0.011477411477411478,0.001221001221001221,339.56,10.38,122.5,baonhieu2
0.014896214896214897,0.02905982905982906,0.02905982905982906,0.009035409035409036,0.0017094017094017094,352.56,16.5,128.31,baonhieu2
0.011233211233211233,0.036141636141636145,0.03833943833943834,0.006349206349206349,0.002197802197802198,359.44,20.62,132.37,baonhieu2
0.008791208791208791,0.04078144078144078,0.046153846153846156,0.003907203907203907,0.002442002442002442,118.81,21.06,139.75,baonhieu2
0.010012210012210013,0.0442002442002442,0.051770451770451774,0.002197802197802198,0.002686202686202686,114.31,15.25,148.19,baonhieu2
0.011965811965811967,0.04590964590964591,0.05543345543345543,0.0009768009768009768,0.0017094017094017094,106.69,2.12,140.56,baonhieu2
0.013675213675213675,0.04664224664224664,0.057387057387057384,0.0009768009768009768,0.0009768009768009768,265.37,-7.06,130.12,baonhieu2
0.016605616605616606,0.04004884004884005,0.04810744810744811,0.004884004884004884,0.0004884004884004884,247.37,-16.19,121.81,baonhieu2
0.020757020757020756,0.030525030525030524,0.036141636141636145,0.010012210012210013,0.0002442002442002442,243.19,-19.94,115.56,baonhieu2
0.02490842490842491,0.02148962148962149,0.02442002442002442,0.014652014652014652,0.0,249.12,-18.31,111.44,baonhieu2
0.027594627594627594,0.01514041514041514,0.01611721611721612,0.017826617826617826,0.0002442002442002442,271.25,-10.25,108.62,baonhieu2
0.029548229548229547,0.010744810744810745,0.010256410256410256,0.020024420024420026,0.0002442002442002442,304.37,0.5,109.75,baonhieu2
0.028083028083028084,0.010744810744810745,0.008791208791208791,0.020757020757020756,0.0004884004884004884,333.06,10.44,111.69,baonhieu2
0.021245421245421246,0.01733821733821734,0.01855921855921856,0.01855921855921856,0.0007326007326007326,350.81,17.06,118.62,baonhieu2
0.016605616605616606,0.02783882783882784,0.03076923076923077,0.014652014652014652,0.0014652014652014652,359.37,22.75,125.12,baonhieu2
0.013186813186813187,0.03540903540903541,0.04126984126984127,0.011477411477411478,0.0019536019536019536,359.25,23.31,134.37,baonhieu2
0.012698412698412698,0.04053724053724054,0.04884004884004884,0.00927960927960928,0.002197802197802198,111.5,17.44,143.75,baonhieu2
0.014163614163614164,0.04322344322344322,0.05396825396825397,0.00757020757020757,0.002442002442002442,104.75,4.75,140.06,baonhieu2
0.015384615384615385,0.044444444444444446,0.05641025641025641,0.006837606837606838,0.0014652014652014652,261.94,-8.38,127.37,baonhieu2
0.016361416361416362,0.03956043956043956,0.0485958485958486,0.010256410256410256,0.0007326007326007326,241.5,-19.87,118.75,baonhieu2
0.020024420024420026,0.030036630036630037,0.03540903540903541,0.014896214896214897,0.0002442002442002442,243.25,-20.75,112.19,baonhieu2
0.022466422466422466,0.0231990231990232,0.025885225885225887,0.018315018315018316,0.0,254.75,-17.25,109.75,baonhieu2
0.024175824175824177,0.01855921855921856,0.019291819291819293,0.020512820512820513,0.0002442002442002442,295.0,-3.19,105.25,baonhieu2
0.025152625152625153,0.016361416361416362,0.014652014652014652,0.021245421245421246,0.0004884004884004884,322.69,5.5,104.37,baonhieu2
0.020512820512820513,0.022222222222222223,0.02197802197802198,0.017094017094017096,0.0004884004884004884,335.37,11.06,113.75,baonhieu2
0.01733821733821734,0.030525030525030524,0.035164835164835165,0.00805860805860806,0.0007326007326007326,346.44,18.25,122.44,baonhieu2
0.01514041514041514,0.03638583638583639,0.0442002442002442,0.0014652014652014652,0.0007326007326007326,348.69,20.44,135.37,baonhieu2
0.014407814407814409,0.040293040293040296,0.05054945054945055,0.0029304029304029304,0.0007326007326007326,106.37,11.19,142.69,baonhieu2
0.01514041514041514,0.042002442002442006,0.054945054945054944,0.005616605616605617,0.0007326007326007326,254.0,-8.88,134.5,baonhieu2
0.01562881562881563,0.04224664224664225,0.0547008547008547,0.004395604395604396,0.0007326007326007326,232.62,-21.19,123.12,baonhieu2
0.018070818070818073,0.034432234432234435,0.04322344322344322,0.002197802197802198,0.0007326007326007326,236.31,-22.06,116.94,baonhieu2
0.022954822954822957,0.025396825396825397,0.030036630036630037,0.007814407814407814,0.0007326007326007326,241.87,-21.0,114.0,baonhieu2
0.026373626373626374,0.01904761904761905,0.020757020757020756,0.011721611721611722,0.0007326007326007326,271.62,-11.44,109.62,baonhieu2
0.028815628815628817,0.014407814407814409,0.014163614163614164,0.014407814407814409,0.0007326007326007326,310.25,2.19,101.19,baonhieu2
0.026617826617826617,0.01733821733821734,0.014163614163614164,0.014652014652014652,0.0007326007326007326,329.81,7.94,108.56,baonhieu2
0.020757020757020756,0.024175824175824177,0.022222222222222223,0.009035409035409036,0.0007326007326007326,338.5,12.81,120.94,baonhieu2
0.016605616605616606,0.03125763125763126,0.035164835164835165,0.0009768009768009768,0.0007326007326007326,351.12,20.06,129.94,baonhieu2
0.013675213675213675,0.036141636141636145,0.04395604395604396,0.00463980463980464,0.0007326007326007326,357.0,23.12,137.62,baonhieu2
0.013431013431013432,0.03956043956043956,0.05030525030525031,0.008791208791208791,0.0007326007326007326,108.12,18.37,143.0,baonhieu2
0.013431013431013432,0.04078144078144078,0.05445665445665446,0.011477411477411478,0.0007326007326007326,101.69,3.81,137.31,baonhieu2
0.013675213675213675,0.04151404151404151,0.057387057387057384,0.013186813186813187,0.0007326007326007326,249.0,-12.31,123.81,baonhieu2
0.01684981684981685,0.0380952380952381,0.050061050061050064,0.00805860805860806,0.0007326007326007326,241.37,-17.62,118.06,baonhieu2
0.022222222222222223,0.028083028083028084,0.03565323565323565,0.0004884004884004884,0.0007326007326007326,240.25,-20.0,115.0,baonhieu2
0.02612942612942613,0.021001221001221003,0.025396825396825397,0.004884004884004884,0.0007326007326007326,253.75,-18.0,115.37,baonhieu2
0.02905982905982906,0.01611721611721612,0.018315018315018316,0.008547008547008548,0.0007326007326007326,292.19,-6.06,112.06,baonhieu2
0.02612942612942613,0.01733821733821734,0.017582417582417582,0.00927960927960928,0.0007326007326007326,321.12,2.56,110.25,baonhieu2
0.020024420024420026,0.023931623931623933,0.02564102564102564,0.00463980463980464,0.0007326007326007326,336.06,8.38,117.87,baonhieu2
0.01562881562881563,0.03223443223443224,0.03711843711843712,0.0019536019536019536,0.0007326007326007326,348.19,15.63,124.5,baonhieu2
0.012454212454212455,0.0380952380952381,0.0463980463980464,0.008302808302808303,0.0007326007326007326,355.69,21.62,132.37,baonhieu2
0.011965811965811967,0.04224664224664225,0.05299145299145299,0.012454212454212455,0.0007326007326007326,107.5,18.69,140.44,baonhieu2
0.012454212454212455,0.043467643467643466,0.057387057387057384,0.01562881562881563,0.0007326007326007326,282.75,1.62,134.06,baonhieu2
0.012454212454212455,0.04371184371184371,0.05787545787545788,0.013431013431013432,0.0007326007326007326,242.19,-14.63,127.31,baonhieu2
0.01855921855921856,0.03663003663003663,0.04664224664224664,0.006105006105006105,0.0019536019536019536,228.44,-23.62,122.37,baonhieu2
0.024664224664224663,0.027106227106227107,0.032722832722832725,0.0009768009768009768,0.002686202686202686,230.81,-24.0,118.75,baonhieu2
0.02905982905982906,0.020512820512820513,0.022954822954822957,0.005860805860805861,0.0031746031746031746,247.31,-19.12,115.37,baonhieu2
0.03199023199023199,0.015873015873015872,0.01611721611721612,0.00927960927960928,0.002442002442002442,290.87,-4.06,107.75,baonhieu2
0.03125763125763126,0.014407814407814409,0.012698412698412698,0.010500610500610501,0.0019536019536019536,319.5,5.69,103.5,baonhieu2
0.024175824175824177,0.020512820512820513,0.01978021978021978,0.004884004884004884,0.0017094017094017094,335.0,11.88,111.44,baonhieu2
0.018070818070818073,0.02905982905982906,0.030525030525030524,0.005128205128205128,0.002442002442002442,348.12,20.5,116.62,baonhieu2
0.013675213675213675,0.035164835164835165,0.04004884004884005,0.012454212454212455,0.0031746031746031746,354.87,26.25,125.0,baonhieu2
0.010744810744810745,0.039316239316239315,0.04713064713064713,0.017826617826617826,0.003418803418803419,347.62,22.12,137.44,baonhieu2
0.009523809523809525,0.04224664224664225,0.051770451770451774,0.02148962148962149,0.002686202686202686,100.37,9.19,140.12,baonhieu2
0.009035409035409036,0.04371184371184371,0.054945054945054944,0.023443223443223443,0.002197802197802198,258.0,-6.75,132.19,baonhieu2
0.009523809523809525,0.041025641025641026,0.05347985347985348,0.02026862026862027,0.0017094017094017094,243.44,-15.81,119.75,baonhieu2
0.015384615384615385,0.032722832722832725,0.04053724053724054,0.011477411477411478,0.0014652014652014652,243.87,-18.12,114.56,baonhieu2
0.021245421245421246,0.023443223443223443,0.02783882783882784,0.003907203907203907,0.001221001221001221,246.44,-18.56,111.0,baonhieu2
0.025152625152625153,0.017094017094017096,0.018803418803418803,0.0014652014652014652,0.0009768009768009768,255.25,-16.12,110.94,baonhieu2
0.028083028083028084,0.012698412698412698,0.012698412698412698,0.005128205128205128,0.0009768009768009768,292.62,-3.12,113.31,baonhieu2
0.028815628815628817,0.009768009768009768,0.008547008547008548,0.007326007326007326,0.0007326007326007326,331.44,11.19,115.69,baonhieu2
0.023687423687423687,0.013675213675213675,0.014896214896214897,0.005128205128205128,0.0007326007326007326,343.44,17.87,118.81,baonhieu2
0.020024420024420026,0.02490842490842491,0.028815628815628817,0.0009768009768009768,0.0007326007326007326,349.81,24.44,120.62,baonhieu2
0.017582417582417582,0.032722832722832725,0.040293040293040296,0.005372405372405372,0.0007326007326007326,350.75,27.81,122.37,baonhieu2
0.017582417582417582,0.03833943833943834,0.04810744810744811,0.008547008547008548,0.0007326007326007326,340.44,22.87,128.94,baonhieu2
0.017826617826617826,0.04126984126984127,0.05372405372405373,0.010744810744810745,0.0007326007326007326,302.5,7.44,134.87,baonhieu2
0.018315018315018316,0.04297924297924298,0.057387057387057384,0.011721611721611722,0.0007326007326007326,250.5,-10.81,126.87,baonhieu2
0.018803418803418803,0.042735042735042736,0.057387057387057384,0.010256410256410256,0.0007326007326007326,227.81,-23.31,117.44,baonhieu2
0.019536019536019536,0.03565323565323565,0.04542124542124542,0.0029304029304029304,0.0007326007326007326,231.62,-23.69,113.0,baonhieu2
0.022222222222222223,0.02735042735042735,0.03223443223443224,0.002686202686202686,0.0007326007326007326,241.12,-21.56,112.12,baonhieu2
0.024175824175824177,0.02148962148962149,0.0231990231990232,0.006837606837606838,0.0007326007326007326,276.06,-10.75,111.31,baonhieu2
0.025396825396825397,0.01733821733821734,0.01684981684981685,0.009523809523809525,0.0007326007326007326,311.62,0.5,108.69,baonhieu2
0.02271062271062271,0.021001221001221003,0.020024420024420026,0.00805860805860806,0.0007326007326007326,330.81,8.81,111.37,baonhieu2
0.01514041514041514,0.029548229548229547,0.031746031746031744,0.003418803418803419,0.0007326007326007326,342.44,17.12,116.0,baonhieu2
0.009768009768009768,0.037606837606837605,0.041758241758241756,0.0014652014652014652,0.0007326007326007326,349.56,24.12,122.81,baonhieu2
0.006105006105006105,0.043467643467643466,0.0485958485958486,0.004884004884004884,0.0007326007326007326,335.56,18.81,136.37,baonhieu2
0.004395604395604396,0.04737484737484737,0.05372405372405373,0.007326007326007326,0.0007326007326007326,96.12,3.25,136.12,baonhieu2
0.004884004884004884,0.04981684981684982,0.056654456654456654,0.00805860805860806,0.0007326007326007326,244.44,-12.19,125.06,baonhieu2
0.007326007326007326,0.04664224664224664,0.05225885225885226,0.005128205128205128,0.0007326007326007326,226.75,-23.12,119.25,baonhieu2
0.014407814407814409,0.03711843711843712,0.0398046398046398,0.0009768009768009768,0.0007326007326007326,229.87,-23.25,115.25,baonhieu2
0.019291819291819293,0.028327228327228327,0.027594627594627594,0.006349206349206349,0.0007326007326007326,238.94,-20.37,113.94,baonhieu2
0.02271062271062271,0.022222222222222223,0.01904761904761905,0.010012210012210013,0.0007326007326007326,269.25,-11.38,112.37,baonhieu2
0.02490842490842491,0.017826617826617826,0.013186813186813187,0.012698412698412698,0.0004884004884004884,301.12,-1.81,110.37,baonhieu2
0.0231990231990232,0.01978021978021978,0.01391941391941392,0.01221001221001221,0.0002442002442002442,326.06,6.81,113.25,baonhieu2
0.019291819291819293,0.025885225885225887,0.023931623931623933,0.007326007326007326,0.0,335.5,13.69,119.37,baonhieu2
0.016605616605616606,0.03418803418803419,0.03540903540903541,0.0004884004884004884,0.0002442002442002442,339.31,19.75,124.69,baonhieu2
0.014652014652014652,0.04004884004884005,0.043467643467643466,0.004395604395604396,0.0002442002442002442,338.94,20.87,128.87,baonhieu2
0.013186813186813187,0.0442002442002442,0.04932844932844933,0.00757020757020757,0.0004884004884004884,324.62,13.88,135.62,baonhieu2
0.01391941391941392,0.04590964590964591,0.05274725274725275,0.009768009768009768,0.0004884004884004884,280.94,-0.37,133.25,baonhieu2
0.014896214896214897,0.04737484737484737,0.05518925518925519,0.010256410256410256,0.0004884004884004884,233.5,-18.44,125.31,baonhieu2
0.016605616605616606,0.041758241758241756,0.04713064713064713,0.00463980463980464,0.0007326007326007326,222.69,-24.81,120.81,baonhieu2
0.019536019536019536,0.032722832722832725,0.033455433455433455,0.0019536019536019536,0.0007326007326007326,233.12,-22.44,116.94,baonhieu2
0.02148962148962149,0.026617826617826617,0.023687423687423687,0.006593406593406593,0.0007326007326007326,275.44,-9.06,110.25,baonhieu2
0.02271062271062271,0.022222222222222223,0.01684981684981685,0.009768009768009768,0.0007326007326007326,310.94,0.75,104.31,baonhieu2
0.020024420024420026,0.02612942612942613,0.021245421245421246,0.007814407814407814,0.0007326007326007326,327.94,5.56,110.44,baonhieu2
0.018070818070818073,0.0336996336996337,0.03223443223443224,0.0031746031746031746,0.0007326007326007326,338.87,10.81,113.37,baonhieu2
0.016605616605616606,0.03907203907203907,0.04249084249084249,0.0014652014652014652,0.0007326007326007326,349.06,18.25,118.62,baonhieu2
0.020024420024420026,0.042735042735042736,0.04957264957264957,0.00463980463980464,0.0007326007326007326,353.87,22.31,128.69,baonhieu2
0.022466422466422466,0.045177045177045176,0.0547008547008547,0.006837606837606838,0.0007326007326007326,343.06,18.25,137.75,baonhieu2
0.024175824175824177,0.04664224664224664,0.057387057387057384,0.00805860805860806,0.0007326007326007326,294.62,3.5,134.75,baonhieu2
0.026862026862026864,0.046886446886446886,0.059096459096459095,0.008791208791208791,0.0007326007326007326,246.44,-13.63,127.56,baonhieu2
0.028815628815628817,0.04126984126984127,0.051770451770451774,0.0031746031746031746,0.0007326007326007326,237.44,-19.69,120.19,baonhieu2
0.03125763125763126,0.031013431013431014,0.03711843711843712,0.003907203907203907,0.0007326007326007326,238.19,-20.87,116.31,baonhieu2
0.03321123321123321,0.023687423687423687,0.026862026862026864,0.009035409035409036,0.0007326007326007326,254.12,-16.62,114.19,baonhieu2
0.034432234432234435,0.01855921855921856,0.01978021978021978,0.012454212454212455,0.0007326007326007326,292.31,-4.62,110.81,baonhieu2
0.032722832722832725,0.016605616605616606,0.014896214896214897,0.014407814407814409,0.0007326007326007326,318.37,3.06,114.5,baonhieu2
0.026373626373626374,0.01904761904761905,0.020512820512820513,0.013431013431013432,0.0002442002442002442,333.31,9.88,116.94,baonhieu2
0.020024420024420026,0.026373626373626374,0.03125763125763126,0.010256410256410256,0.001221001221001221,343.12,17.31,115.94,baonhieu2
0.01514041514041514,0.03199023199023199,0.04322344322344322,0.006105006105006105,0.0017094017094017094,352.62,25.87,115.87,baonhieu2
0.011721611721611722,0.036141636141636145,0.051526251526251524,0.0029304029304029304,0.0009768009768009768,355.5,30.12,121.75,baonhieu2
0.00927960927960928,0.03882783882783883,0.057387057387057384,0.0004884004884004884,0.0004884004884004884,338.75,22.5,132.37,baonhieu2
0.00805860805860806,0.040293040293040296,0.06105006105006105,0.0014652014652014652,0.0,97.87,3.5,135.69,baonhieu2
0.007326007326007326,0.041025641025641026,0.063003663003663,0.002686202686202686,0.0002442002442002442,233.5,-19.12,121.12,baonhieu2
0.010256410256410256,0.03833943833943834,0.05982905982905983,0.0017094017094017094,0.0004884004884004884,232.87,-23.62,113.87,baonhieu2
0.01855921855921856,0.02857142857142857,0.04590964590964591,0.004151404151404151,0.0004884004884004884,236.75,-24.0,110.56,baonhieu2
0.024664224664224663,0.020024420024420026,0.03296703296703297,0.008791208791208791,0.0004884004884004884,239.94,-24.56,110.25,baonhieu2
0.028815628815628817,0.014163614163614164,0.023931623931623933,0.01221001221001221,0.0004884004884004884,244.06,-24.81,113.62,baonhieu2
0.031746031746031744,0.010012210012210013,0.017826617826617826,0.014652014652014652,0.0004884004884004884,245.37,-25.44,119.06,baonhieu2
0.03199023199023199,0.008791208791208791,0.01514041514041514,0.014163614163614164,0.0004884004884004884,251.12,-23.31,124.81,baonhieu2
0.027106227106227107,0.013675213675213675,0.02197802197802198,0.0031746031746031746,0.0004884004884004884,257.69,-20.06,130.69,baonhieu2
0.018315018315018316,0.023687423687423687,0.03247863247863248,0.006349206349206349,0.0004884004884004884,133.44,-8.63,137.75,baonhieu2
0.010500610500610501,0.0315018315018315,0.040293040293040296,0.012942612942612943,0.0004884004884004884,335.5,8.81,131.87,baonhieu2
0.004395604395604396,0.0380952380952381,0.04664224664224664,0.017826617826617826,0.0004884004884004884,349.94,18.62,131.37,baonhieu2
0.0,0.04322344322344322,0.05128205128205128,0.019536019536019536,0.0004884004884004884,351.06,22.75,134.62,baonhieu2
0.0029304029304029304,0.04737484737484737,0.05445665445665446,0.020024420024420026,0.0007326007326007326,102.69,10.31,139.94,baonhieu2
0.004884004884004884,0.04957264957264957,0.05616605616605617,0.02026862026862027,0.0007326007326007326,250.37,-9.31,129.87,baonhieu2
0.004151404151404151,0.05103785103785104,0.05641025641025641,0.019536019536019536,0.0007326007326007326,239.81,-16.31,118.87,baonhieu2
0.004884004884004884,0.042735042735042736,0.04542124542124542,0.01221001221001221,0.0007326007326007326,240.19,-18.56,113.62,baonhieu2
0.012454212454212455,0.032722832722832725,0.03296703296703297,0.005128205128205128,0.0007326007326007326,246.81,-18.37,110.44,baonhieu2
0.017582417582417582,0.02564102564102564,0.024175824175824177,0.0,0.0007326007326007326,264.5,-14.25,110.81,baonhieu2
0.021245421245421246,0.020757020757020756,0.017826617826617826,0.003663003663003663,0.0007326007326007326,301.87,-3.0,109.0,baonhieu2
0.02026862026862027,0.019536019536019536,0.01562881562881563,0.005372405372405372,0.0007326007326007326,318.62,2.5,115.37,baonhieu2
0.014407814407814409,0.025885225885225887,0.02490842490842491,0.001221001221001221,0.0007326007326007326,328.06,8.13,126.56,baonhieu2
0.009035409035409036,0.03785103785103785,0.03785103785103785,0.006837606837606838,0.0007326007326007326,119.81,13.81,138.06,baonhieu2
0.004151404151404151,0.046153846153846156,0.047619047619047616,0.013186813186813187,0.0007326007326007326,111.87,15.13,146.94,baonhieu2
0.0002442002442002442,0.051770451770451774,0.054212454212454214,0.01733821733821734,0.0007326007326007326,105.75,12.56,150.62,baonhieu2
0.002686202686202686,0.0547008547008547,0.059096459096459095,0.020512820512820513,0.0004884004884004884,103.94,6.94,153.5,baonhieu2
0.004884004884004884,0.055921855921855924,0.06227106227106227,0.022222222222222223,0.0002442002442002442,102.37,-6.37,147.69,baonhieu2
0.006349206349206349,0.056654456654456654,0.06422466422466422,0.021733821733821733,0.0,237.75,-16.75,132.56,baonhieu2
0.0014652014652014652,0.04957264957264957,0.056654456654456654,0.014652014652014652,0.0002442002442002442,238.19,-19.81,122.81,baonhieu2
0.00757020757020757,0.0380952380952381,0.04249084249084249,0.006349206349206349,0.0004884004884004884,246.06,-19.56,115.62,baonhieu2
0.013675213675213675,0.029792429792429794,0.032722832722832725,0.0004884004884004884,0.0004884004884004884,266.62,-15.13,111.31,baonhieu2
0.018070818070818073,0.024175824175824177,0.025885225885225887,0.003418803418803419,0.0007326007326007326,295.19,-6.31,110.69,baonhieu2
0.018070818070818073,0.0231990231990232,0.0231990231990232,0.00463980463980464,0.0007326007326007326,316.62,1.12,117.06,baonhieu2
0.014163614163614164,0.026862026862026864,0.026617826617826617,0.003907203907203907,0.0007326007326007326,332.37,8.44,123.12,baonhieu2
0.011477411477411478,0.0336996336996337,0.03492063492063492,0.0002442002442002442,0.0007326007326007326,346.87,16.37,130.31,baonhieu2
0.009523809523809525,0.04053724053724054,0.04468864468864469,0.004151404151404151,0.0007326007326007326,349.87,19.75,137.0,baonhieu2
0.011477411477411478,0.04542124542124542,0.051526251526251524,0.006837606837606838,0.0007326007326007326,105.75,19.0,143.0,baonhieu2
0.013675213675213675,0.04908424908424908,0.05641025641025641,0.008791208791208791,0.0007326007326007326,98.5,13.69,146.81,baonhieu2
0.015384615384615385,0.05054945054945055,0.05934065934065934,0.009768009768009768,0.0007326007326007326,97.69,-2.12,143.44,baonhieu2
0.016361416361416362,0.051526251526251524,0.06129426129426129,0.010500610500610501,0.0007326007326007326,238.0,-15.81,122.75,baonhieu2
0.01733821733821734,0.04981684981684982,0.05811965811965812,0.00805860805860806,0.0007326007326007326,240.06,-17.75,114.37,baonhieu2
0.02197802197802198,0.03833943833943834,0.04322344322344322,0.001221001221001221,0.0007326007326007326,247.5,-16.81,110.0,baonhieu2
0.025396825396825397,0.03028083028083028,0.03296703296703297,0.003663003663003663,0.0007326007326007326,260.94,-14.06,109.5,baonhieu2
0.027594627594627594,0.024664224664224663,0.02564102564102564,0.007081807081807082,0.0007326007326007326,285.5,-7.06,107.69,baonhieu2
0.025885225885225887,0.0231990231990232,0.020512820512820513,0.009523809523809525,0.0007326007326007326,306.37,-0.5,110.44,baonhieu2
0.02148962148962149,0.028327228327228327,0.02564102564102564,0.007326007326007326,0.0007326007326007326,326.31,6.31,117.12,baonhieu2
0.018315018315018316,0.0380952380952381,0.037606837606837605,0.0004884004884004884,0.0004884004884004884,342.69,14.88,124.87,baonhieu2
0.01611721611721612,0.04493284493284493,0.0463980463980464,0.007326007326007326,0.001221001221001221,353.69,21.69,132.81,baonhieu2
0.015384615384615385,0.04981684981684982,0.05274725274725275,0.011965811965811967,0.0017094017094017094,108.31,19.31,139.94,baonhieu2
0.01514041514041514,0.051770451770451774,0.05714285714285714,0.01514041514041514,0.002197802197802198,99.94,5.56,139.81,baonhieu2
0.015384615384615385,0.05299145299145299,0.060073260073260075,0.017094017094017096,0.002442002442002442,259.31,-5.87,128.44,baonhieu2
0.016605616605616606,0.04957264957264957,0.054212454212454214,0.011477411477411478,0.002686202686202686,246.44,-12.13,122.19,baonhieu2
0.020512820512820513,0.04004884004884005,0.04224664224664225,0.004151404151404151,0.002686202686202686,242.56,-15.94,116.87,baonhieu2
0.0231990231990232,0.03125763125763126,0.03028083028083028,0.0014652014652014652,0.0029304029304029304,247.81,-15.94,112.44,baonhieu2
0.025152625152625153,0.025152625152625153,0.02197802197802198,0.005372405372405372,0.0029304029304029304,265.94,-12.13,112.94,baonhieu2
0.026373626373626374,0.020757020757020756,0.01611721611721612,0.00805860805860806,0.0029304029304029304,299.12,-2.81,111.5,baonhieu2
0.024175824175824177,0.024175824175824177,0.020512820512820513,0.005860805860805861,0.0019536019536019536,324.81,5.62,114.06,baonhieu2
0.022466422466422466,0.03247863247863248,0.03296703296703297,0.0014652014652014652,0.001221001221001221,337.94,12.88,118.5,baonhieu2
0.021245421245421246,0.038583638583638585,0.042002442002442006,0.006593406593406593,0.0007326007326007326,350.62,20.62,123.44,baonhieu2
0.020512820512820513,0.042735042735042736,0.04835164835164835,0.010256410256410256,0.0002442002442002442,353.87,22.62,131.19,baonhieu2
0.020757020757020756,0.04371184371184371,0.05274725274725275,0.012454212454212455,0.0,324.5,13.88,133.81,baonhieu2
0.021001221001221003,0.04371184371184371,0.05518925518925519,0.013675213675213675,0.0002442002442002442,279.81,-0.19,127.06,baonhieu2
0.02148962148962149,0.04004884004884005,0.04884004884004884,0.009035409035409036,0.0004884004884004884,253.12,-11.75,122.25,baonhieu2
0.024664224664224663,0.030525030525030524,0.035897435897435895,0.0014652014652014652,0.0004884004884004884,241.87,-18.37,117.12,baonhieu2
0.02857142857142857,0.022222222222222223,0.024175824175824177,0.004395604395604396,0.0007326007326007326,243.19,-19.62,113.19,baonhieu2
0.03125763125763126,0.016361416361416362,0.01611721611721612,0.008547008547008548,0.0007326007326007326,254.06,-17.56,113.75,baonhieu2
0.03321123321123321,0.01221001221001221,0.010500610500610501,0.011477411477411478,0.0007326007326007326,286.5,-8.06,111.75,baonhieu2
0.03125763125763126,0.01391941391941392,0.012942612942612943,0.010256410256410256,0.0007326007326007326,310.81,0.13,109.62,baonhieu2
0.02564102564102564,0.023443223443223443,0.026373626373626374,0.0031746031746031746,0.0007326007326007326,325.12,7.25,112.31,baonhieu2
0.021733821733821733,0.034432234432234435,0.0398046398046398,0.005372405372405372,0.0007326007326007326,338.0,15.25,115.0,baonhieu2
0.01904761904761905,0.041758241758241756,0.04908424908424908,0.011233211233211233,0.0007326007326007326,344.56,20.69,121.31,baonhieu2
0.019536019536019536,0.04713064713064713,0.05543345543345543,0.01562881562881563,0.0007326007326007326,328.12,16.06,128.5,baonhieu2
0.020024420024420026,0.04981684981684982,0.059096459096459095,0.01733821733821734,0.0007326007326007326,280.19,-0.25,126.44,baonhieu2
0.020512820512820513,0.047619047619047616,0.05396825396825397,0.012942612942612943,0.0007326007326007326,259.37,-9.5,121.56,baonhieu2
0.02442002442002442,0.03711843711843712,0.0398046398046398,0.004884004884004884,0.0007326007326007326,243.62,-17.69,119.37,baonhieu2
0.02857142857142857,0.028327228327228327,0.028083028083028084,0.0009768009768009768,0.0007326007326007326,239.0,-22.12,113.94,baonhieu2
0.0315018315018315,0.02197802197802198,0.020024420024420026,0.005128205128205128,0.0007326007326007326,247.06,-20.69,109.81,baonhieu2
0.0336996336996337,0.017826617826617826,0.014163614163614164,0.00805860805860806,0.0007326007326007326,277.44,-10.75,107.06,baonhieu2
0.033455433455433455,0.01684981684981685,0.011477411477411478,0.00927960927960928,0.0007326007326007326,307.94,0.5,103.56,baonhieu2
0.02735042735042735,0.02197802197802198,0.01904761904761905,0.004884004884004884,0.0007326007326007326,322.5,8.81,108.56,baonhieu2
0.0231990231990232,0.03296703296703297,0.03247863247863248,0.002686202686202686,0.0007326007326007326,334.81,17.81,111.19,baonhieu2
0.02026862026862027,0.04053724053724054,0.04371184371184371,0.00805860805860806,0.0007326007326007326,339.31,22.44,117.62,baonhieu2
0.019536019536019536,0.04590964590964591,0.05128205128205128,0.011721611721611722,0.0007326007326007326,323.0,14.25,130.37,baonhieu2
0.020512820512820513,0.04957264957264957,0.0568986568986569,0.014407814407814409,0.0007326007326007326,270.12,-4.81,131.31,baonhieu2
0.021733821733821733,0.051770451770451774,0.060073260073260075,0.014407814407814409,0.0007326007326007326,245.06,-16.5,118.81,baonhieu2
0.02564102564102564,0.04322344322344322,0.050061050061050064,0.007326007326007326,0.0002442002442002442,243.44,-18.69,112.25,baonhieu2
0.030036630036630037,0.03296703296703297,0.036874236874236875,0.0007326007326007326,0.001221001221001221,247.0,-19.19,108.19,baonhieu2
0.03321123321123321,0.02564102564102564,0.027594627594627594,0.003907203907203907,0.0019536019536019536,260.75,-16.19,106.87,baonhieu2
0.03540903540903541,0.020512820512820513,0.021001221001221003,0.007326007326007326,0.002197802197802198,287.5,-7.94,107.37,baonhieu2
0.033455433455433455,0.019291819291819293,0.017826617826617826,0.008302808302808303,0.002442002442002442,318.56,3.0,108.5,baonhieu2
0.025885225885225887,0.02564102564102564,0.026862026862026864,0.0019536019536019536,0.002686202686202686,332.25,11.31,114.19,baonhieu2
0.020512820512820513,0.035164835164835165,0.039316239316239315,0.006593406593406593,0.0017094017094017094,341.19,18.31,117.25,baonhieu2
0.016605616605616606,0.041758241758241756,0.04810744810744811,0.012454212454212455,0.0009768009768009768,338.87,19.44,125.5,baonhieu2
0.016605616605616606,0.046153846153846156,0.05445665445665446,0.01684981684981685,0.0004884004884004884,312.81,13.0,128.87,baonhieu2
0.017094017094017096,0.04786324786324787,0.05811965811965812,0.017582417582417582,0.0,258.75,-6.06,122.37,baonhieu2
0.019291819291819293,0.04126984126984127,0.0485958485958486,0.01098901098901099,0.0002442002442002442,237.31,-18.62,117.94,baonhieu2
0.02442002442002442,0.03028083028083028,0.034432234432234435,0.0031746031746031746,0.0014652014652014652,237.31,-20.31,113.31,baonhieu2
0.028327228327228327,0.02271062271062271,0.024175824175824177,0.002197802197802198,0.002442002442002442,241.75,-19.25,111.31,baonhieu2
0.03076923076923077,0.01733821733821734,0.017094017094017096,0.005860805860805861,0.0019536019536019536,264.5,-11.81,108.44,baonhieu2
0.032722832722832725,0.01391941391941392,0.011965811965811967,0.008547008547008548,0.0004884004884004884,304.69,3.31,99.5,baonhieu2
0.029548229548229547,0.01611721611721612,0.012454212454212455,0.008302808302808303,0.0004884004884004884,330.31,11.75,101.25,baonhieu2
0.02197802197802198,0.025152625152625153,0.02197802197802198,0.0031746031746031746,0.001221001221001221,341.12,16.56,110.25,baonhieu2
0.016361416361416362,0.03492063492063492,0.03467643467643468,0.006593406593406593,0.0019536019536019536,347.56,22.12,118.5,baonhieu2
0.012698412698412698,0.041758241758241756,0.04493284493284493,0.013675213675213675,0.001221001221001221,339.44,19.5,128.94,baonhieu2
0.011965811965811967,0.04664224664224664,0.05201465201465202,0.018315018315018316,0.0004884004884004884,300.94,8.88,127.81,baonhieu2
0.011721611721611722,0.04884004884004884,0.05714285714285714,0.01978021978021978,0.0002442002442002442,267.81,-3.37,119.37,baonhieu2
0.01514041514041514,0.04322344322344322,0.04884004884004884,0.013186813186813187,0.0,252.06,-11.38,115.5,baonhieu2
0.020024420024420026,0.0336996336996337,0.035897435897435895,0.005616605616605617,0.0002442002442002442,256.0,-11.38,108.5,baonhieu2
0.023443223443223443,0.026862026862026864,0.027106227106227107,0.0002442002442002442,0.0002442002442002442,281.19,-3.44,97.06,baonhieu2
0.025885225885225887,0.022222222222222223,0.020757020757020756,0.003418803418803419,0.0004884004884004884,304.31,2.94,95.37,baonhieu2
0.02612942612942613,0.019291819291819293,0.016361416361416362,0.006105006105006105,0.0004884004884004884,318.62,6.56,103.0,baonhieu2
0.02197802197802198,0.02490842490842491,0.022222222222222223,0.004151404151404151,0.0004884004884004884,330.25,11.19,113.94,baonhieu2
0.01904761904761905,0.03125763125763126,0.032722832722832725,0.002442002442002442,0.0004884004884004884,337.56,15.63,123.06,baonhieu2
0.01684981684981685,0.03638583638583639,0.04297924297924298,0.00805860805860806,0.0004884004884004884,341.12,18.12,131.56,baonhieu2
0.018803418803418803,0.04004884004884005,0.05030525030525031,0.011965811965811967,0.0004884004884004884,107.81,15.5,139.69,baonhieu2
0.020024420024420026,0.042735042735042736,0.05543345543345543,0.014896214896214897,0.0004884004884004884,105.94,7.06,143.56,baonhieu2
0.02148962148962149,0.04371184371184371,0.05885225885225885,0.016361416361416362,0.0004884004884004884,278.12,-2.19,133.31,baonhieu2
0.023443223443223443,0.04395604395604396,0.060073260073260075,0.01562881562881563,0.0007326007326007326,255.06,-12.31,120.5,baonhieu2
0.024664224664224663,0.03907203907203907,0.05372405372405373,0.010012210012210013,0.0007326007326007326,251.19,-15.5,113.81,baonhieu2
0.02857142857142857,0.029304029304029304,0.04004884004884005,0.002442002442002442,0.0007326007326007326,253.0,-16.87,109.37,baonhieu2
0.031013431013431014,0.021245421245421246,0.02783882783882784,0.003418803418803419,0.0007326007326007326,264.25,-13.31,106.5,baonhieu2
0.03296703296703297,0.01562881562881563,0.019291819291819293,0.007326007326007326,0.0004884004884004884,288.5,-5.06,105.0,baonhieu2
0.03394383394383394,0.011477411477411478,0.013186813186813187,0.010256410256410256,0.001221001221001221,316.0,3.75,108.81,baonhieu2
0.03028083028083028,0.013186813186813187,0.011965811965811967,0.011233211233211233,0.0017094017094017094,332.87,9.63,113.94,baonhieu2
0.025152625152625153,0.022222222222222223,0.024175824175824177,0.005860805860805861,0.002197802197802198,343.75,17.25,119.87,baonhieu2
0.021733821733821733,0.029792429792429794,0.03785103785103785,0.0002442002442002442,0.002442002442002442,347.12,21.62,126.69,baonhieu2
0.01904761904761905,0.03492063492063492,0.04713064713064713,0.00463980463980464,0.002686202686202686,340.75,19.69,133.06,baonhieu2
0.01733821733821734,0.038583638583638585,0.05372405372405373,0.00757020757020757,0.002686202686202686,105.69,6.87,139.06,baonhieu2
0.016605616605616606,0.04053724053724054,0.05811965811965812,0.009523809523809525,0.0029304029304029304,257.0,-9.75,133.25,baonhieu2
0.016361416361416362,0.042002442002442006,0.060805860805860805,0.009768009768009768,0.0017094017094017094,238.12,-20.19,117.87,baonhieu2
0.018070818070818073,0.03785103785103785,0.05567765567765568,0.006349206349206349,0.0009768009768009768,241.12,-22.25,109.25,baonhieu2
0.023443223443223443,0.028815628815628817,0.042735042735042736,0.0002442002442002442,0.0004884004884004884,255.69,-17.94,105.25,baonhieu2
0.02735042735042735,0.022466422466422466,0.03199023199023199,0.004884004884004884,0.0009768009768009768,287.12,-4.87,101.31,baonhieu2
0.029792429792429794,0.018070818070818073,0.02442002442002442,0.008302808302808303,0.0009768009768009768,322.81,11.88,98.19,baonhieu2
0.028815628815628817,0.015384615384615385,0.01904761904761905,0.010744810744810745,0.0019536019536019536,339.62,21.12,104.37,baonhieu2
0.022954822954822957,0.020512820512820513,0.023443223443223443,0.010500610500610501,0.002686202686202686,342.56,23.75,116.31,baonhieu2
0.018803418803418803,0.028815628815628817,0.03418803418803419,0.004884004884004884,0.003418803418803419,327.87,17.69,128.81,baonhieu2
0.01611721611721612,0.03492063492063492,0.04468864468864469,0.0004884004884004884,0.003663003663003663,291.87,3.94,134.31,baonhieu2
0.018315018315018316,0.03907203907203907,0.05201465201465202,0.004395604395604396,0.003907203907203907,240.62,-15.63,129.94,baonhieu2
0.02148962148962149,0.04078144078144078,0.05714285714285714,0.007081807081807082,0.004151404151404151,228.44,-23.56,111.94,baonhieu2
0.024664224664224663,0.0380952380952381,0.052503052503052504,0.003907203907203907,0.0031746031746031746,234.5,-22.44,106.75,baonhieu2
0.02905982905982906,0.028815628815628817,0.0398046398046398,0.0019536019536019536,0.002442002442002442,242.19,-20.37,104.94,baonhieu2
0.03199023199023199,0.022222222222222223,0.031013431013431014,0.006349206349206349,0.0019536019536019536,264.06,-13.75,104.12,baonhieu2
0.03418803418803419,0.017826617826617826,0.024664224664224663,0.00927960927960928,0.0014652014652014652,299.81,-1.81,100.56,baonhieu2
0.03199023199023199,0.017582417582417582,0.021245421245421246,0.010500610500610501,0.001221001221001221,324.25,7.69,101.06,baonhieu2
0.02490842490842491,0.022954822954822957,0.02857142857142857,0.007326007326007326,0.0009768009768009768,337.37,15.69,108.75,baonhieu2
0.020024420024420026,0.03199023199023199,0.0398046398046398,0.002686202686202686,0.0009768009768009768,346.69,23.19,114.56,baonhieu2
0.016605616605616606,0.0380952380952381,0.047619047619047616,0.0004884004884004884,0.0002442002442002442,338.75,20.56,127.69,baonhieu2
0.016605616605616606,0.04249084249084249,0.05299145299145299,0.0029304029304029304,0.001221001221001221,286.44,4.56,126.06,baonhieu2
0.01684981684981685,0.04542124542124542,0.055921855921855924,0.0031746031746031746,0.0017094017094017094,245.75,-12.81,118.19,baonhieu2
0.020024420024420026,0.03833943833943834,0.04542124542124542,0.0017094017094017094,0.0009768009768009768,232.06,-20.69,113.44,baonhieu2
0.02442002442002442,0.029304029304029304,0.032722832722832725,0.006837606837606838,0.0007326007326007326,235.94,-19.94,109.44,baonhieu2
0.027594627594627594,0.022954822954822957,0.023931623931623933,0.010256410256410256,0.0019536019536019536,258.94,-12.25,105.87,baonhieu2
0.029792429792429794,0.018315018315018316,0.017826617826617826,0.012698412698412698,0.002686202686202686,292.44,-0.88,97.87,baonhieu2
0.028327228327228327,0.01855921855921856,0.01611721611721612,0.012942612942612943,0.002197802197802198,312.31,3.56,101.19,baonhieu2
0.022954822954822957,0.025152625152625153,0.024664224664224663,0.00463980463980464,0.0017094017094017094,325.19,7.56,110.44,baonhieu2
0.019291819291819293,0.032722832722832725,0.03492063492063492,0.0019536019536019536,0.0014652014652014652,337.87,13.88,118.62,baonhieu2
0.016605616605616606,0.0380952380952381,0.04224664224664225,0.006593406593406593,0.0,347.37,20.5,124.06,baonhieu2
0.016605616605616606,0.041758241758241756,0.04737484737484737,0.009768009768009768,0.0002442002442002442,338.56,19.5,130.5,baonhieu2
0.01733821733821734,0.042002442002442006,0.050793650793650794,0.01098901098901099,0.0002442002442002442,294.62,7.56,125.87,baonhieu2
0.018803418803418803,0.042002442002442006,0.053235653235653234,0.011721611721611722,0.0004884004884004884,255.62,-7.87,119.31,baonhieu2
0.02148962148962149,0.035897435897435895,0.043467643467643466,0.005860805860805861,0.0004884004884004884,242.94,-15.5,114.31,baonhieu2
0.026373626373626374,0.026373626373626374,0.03028083028083028,0.0009768009768009768,0.0017094017094017094,247.56,-14.38,109.87,baonhieu2
0.030036630036630037,0.019536019536019536,0.021001221001221003,0.005860805860805861,0.002686202686202686,260.19,-11.56,109.25,baonhieu2
0.03247863247863248,0.014896214896214897,0.014652014652014652,0.009035409035409036,0.0031746031746031746,292.69,-3.56,105.87,baonhieu2
0.03076923076923077,0.012942612942612943,0.010744810744810745,0.01098901098901099,0.003663003663003663,320.06,1.06,106.5,baonhieu2
0.023687423687423687,0.018315018315018316,0.01978021978021978,0.005128205128205128,0.002686202686202686,331.81,5.81,111.56,baonhieu2
0.01904761904761905,0.02735042735042735,0.03247863247863248,0.0009768009768009768,0.002197802197802198,343.75,15.19,117.06,baonhieu2
0.01562881562881563,0.0336996336996337,0.04126984126984127,0.005128205128205128,0.0029304029304029304,341.62,18.75,130.06,baonhieu2
0.014652014652014652,0.03833943833943834,0.047619047619047616,0.00805860805860806,0.002442002442002442,291.19,4.19,131.75,baonhieu2
0.014407814407814409,0.04053724053724054,0.051526251526251524,0.009768009768009768,0.0019536019536019536,238.44,-13.56,120.94,baonhieu2
0.017094017094017096,0.03785103785103785,0.04810744810744811,0.007081807081807082,0.0014652014652014652,239.69,-14.06,112.31,baonhieu2
0.02271062271062271,0.02783882783882784,0.034432234432234435,0.0004884004884004884,0.0002442002442002442,248.12,-11.44,108.75,baonhieu2
0.026373626373626374,0.020757020757020756,0.02490842490842491,0.005860805860805861,0.0007326007326007326,278.5,-2.5,101.5,baonhieu2
0.029304029304029304,0.015873015873015872,0.018315018315018316,0.009768009768009768,0.0014652014652014652,305.44,1.94,94.31,baonhieu2
0.026617826617826617,0.018315018315018316,0.02026862026862027,0.009035409035409036,0.0009768009768009768,318.25,2.62,98.75,baonhieu2
0.02442002442002442,0.026617826617826617,0.030036630036630037,0.003418803418803419,0.0002442002442002442,328.69,7.31,104.37,baonhieu2
0.022954822954822957,0.0336996336996337,0.039316239316239315,0.003418803418803419,0.0,341.69,15.88,113.44,baonhieu2
0.02197802197802198,0.03882783882783883,0.04590964590964591,0.00805860805860806,0.0002442002442002442,337.5,16.69,125.44,baonhieu2
0.02148962148962149,0.04224664224664225,0.05054945054945055,0.011477411477411478,0.0004884004884004884,301.44,7.37,124.56,baonhieu2
0.02271062271062271,0.04371184371184371,0.05372405372405373,0.011721611721611722,0.0004884004884004884,267.37,-4.37,117.75,baonhieu2
0.024664224664224663,0.0380952380952381,0.045177045177045176,0.006105006105006105,0.0007326007326007326,256.94,-10.13,112.25,baonhieu2
0.029304029304029304,0.028327228327228327,0.03199023199023199,0.0007326007326007326,0.0007326007326007326,256.19,-12.69,106.87,baonhieu2
0.032722832722832725,0.02148962148962149,0.02271062271062271,0.005372405372405372,0.0007326007326007326,266.56,-12.38,103.81,baonhieu2
0.035164835164835165,0.01684981684981685,0.01611721611721612,0.008791208791208791,0.0007326007326007326,296.19,-5.19,103.94,baonhieu2
0.03492063492063492,0.014407814407814409,0.012454212454212455,0.010256410256410256,0.0007326007326007326,323.19,3.62,109.87,baonhieu2
0.028327228327228327,0.021001221001221003,0.0231990231990232,0.003418803418803419,0.0007326007326007326,337.19,12.13,114.62,baonhieu2
0.023443223443223443,0.029792429792429794,0.03638583638583639,0.003663003663003663,0.0007326007326007326,348.31,21.25,118.5,baonhieu2
0.020024420024420026,0.036141636141636145,0.04542124542124542,0.008791208791208791,0.0007326007326007326,350.0,25.19,124.25,baonhieu2
0.020512820512820513,0.04053724053724054,0.051770451770451774,0.01221001221001221,0.0007326007326007326,315.19,13.5,128.87,baonhieu2
0.021245421245421246,0.04249084249084249,0.05567765567765568,0.014163614163614164,0.0007326007326007326,257.06,-6.44,118.31,baonhieu2
0.02271062271062271,0.03956043956043956,0.05201465201465202,0.009768009768009768,0.0007326007326007326,242.44,-15.56,111.69,baonhieu2
0.02735042735042735,0.029548229548229547,0.0380952380952381,0.0019536019536019536,0.0007326007326007326,246.44,-16.56,106.37,baonhieu2
0.03076923076923077,0.022466422466422466,0.02857142857142857,0.003663003663003663,0.0004884004884004884,261.06,-13.63,105.62,baonhieu2
0.03296703296703297,0.017582417582417582,0.021733821733821733,0.007326007326007326,0.001221001221001221,296.0,-0.81,104.31,baonhieu2
0.03199023199023199,0.016361416361416362,0.017582417582417582,0.00927960927960928,0.0017094017094017094,329.62,12.94,102.69,baonhieu2
0.02564102564102564,0.021733821733821733,0.023443223443223443,0.006593406593406593,0.0009768009768009768,347.56,23.37,101.12,baonhieu2
0.021001221001221003,0.030525030525030524,0.03296703296703297,0.002686202686202686,0.0004884004884004884,349.31,27.44,108.75,baonhieu2
0.017826617826617826,0.0380952380952381,0.042735042735042736,0.0019536019536019536,0.0002442002442002442,325.87,17.37,125.0,baonhieu2
0.018070818070818073,0.04322344322344322,0.04957264957264957,0.005372405372405372,0.0,268.62,-1.5,123.44,baonhieu2
0.019291819291819293,0.046886446886446886,0.05445665445665446,0.007814407814407814,0.0002442002442002442,241.37,-13.0,114.0,baonhieu2
0.023931623931623933,0.03907203907203907,0.043467643467643466,0.0017094017094017094,0.0004884004884004884,245.12,-12.88,107.75,baonhieu2
0.02735042735042735,0.03125763125763126,0.0315018315018315,0.003663003663003663,0.0004884004884004884,269.37,-6.19,101.12,baonhieu2
0.029548229548229547,0.02564102564102564,0.022954822954822957,0.00757020757020757,0.0007326007326007326,307.37,3.31,87.62,baonhieu2
0.030036630036630037,0.021733821733821733,0.017094017094017096,0.010012210012210013,0.0007326007326007326,324.5,4.12,90.19,baonhieu2
0.024175824175824177,0.025152625152625153,0.02148962148962149,0.008302808302808303,0.0007326007326007326,328.81,5.75,104.19,baonhieu2
0.020024420024420026,0.0315018315018315,0.034432234432234435,0.0004884004884004884,0.0004884004884004884,336.75,12.38,115.81,baonhieu2
0.017094017094017096,0.035897435897435895,0.043467643467643466,0.005128205128205128,0.0014652014652014652,337.94,14.81,127.25,baonhieu2
0.01562881562881563,0.03907203907203907,0.04981684981684982,0.009035409035409036,0.0019536019536019536,327.12,12.0,135.69,baonhieu2
0.015384615384615385,0.0398046398046398,0.054212454212454214,0.011233211233211233,0.002197802197802198,279.44,0.31,125.44,baonhieu2
0.01562881562881563,0.040293040293040296,0.05641025641025641,0.010744810744810745,0.0014652014652014652,256.87,-8.38,118.87,baonhieu2
0.020757020757020756,0.031746031746031744,0.043467643467643466,0.0031746031746031746,0.0007326007326007326,250.5,-11.88,112.81,baonhieu2
0.025396825396825397,0.0231990231990232,0.030525030525030524,0.0029304029304029304,0.0004884004884004884,254.62,-11.94,108.0,baonhieu2
0.02857142857142857,0.01733821733821734,0.02148962148962149,0.007326007326007326,0.0,274.25,-7.94,105.87,baonhieu2
0.03076923076923077,0.013186813186813187,0.014896214896214897,0.010256410256410256,0.0002442002442002442,300.06,-2.37,101.44,baonhieu2
0.026617826617826617,0.01684981684981685,0.018315018315018316,0.009035409035409036,0.0002442002442002442,312.69,1.19,103.81,baonhieu2
0.023443223443223443,0.026617826617826617,0.0315018315018315,0.001221001221001221,0.0004884004884004884,324.69,7.75,106.56,baonhieu2
0.02148962148962149,0.03467643467643468,0.043467643467643466,0.005372405372405372,0.0004884004884004884,335.87,15.13,112.31,baonhieu2
0.021001221001221003,0.040293040293040296,0.05201465201465202,0.010012210012210013,0.0004884004884004884,342.87,20.0,118.31,baonhieu2
0.022466422466422466,0.0442002442002442,0.05787545787545788,0.013431013431013432,0.0004884004884004884,327.87,16.37,123.06,baonhieu2
0.0231990231990232,0.046153846153846156,0.06105006105006105,0.014896214896214897,0.0004884004884004884,295.25,7.75,117.25,baonhieu2
0.023931623931623933,0.044444444444444446,0.057631257631257635,0.011721611721611722,0.0007326007326007326,266.37,-4.44,112.81,baonhieu2
0.02735042735042735,0.035164835164835165,0.04566544566544566,0.005372405372405372,0.0007326007326007326,255.19,-10.63,108.19,baonhieu2
0.031013431013431014,0.026373626373626374,0.033455433455433455,0.0009768009768009768,0.0007326007326007326,263.0,-8.38,100.69,baonhieu2
0.033455433455433455,0.02026862026862027,0.025152625152625153,0.005372405372405372,0.0007326007326007326,275.81,-5.19,99.69,baonhieu2
0.03540903540903541,0.01611721611721612,0.019291819291819293,0.008302808302808303,0.0007326007326007326,299.94,0.5,103.81,baonhieu2
0.03247863247863248,0.015873015873015872,0.01684981684981685,0.009768009768009768,0.0007326007326007326,320.75,6.62,107.94,baonhieu2
0.02783882783882784,0.024175824175824177,0.028083028083028084,0.00463980463980464,0.0007326007326007326,336.19,13.25,109.37,baonhieu2
0.02442002442002442,0.032722832722832725,0.040293040293040296,0.0002442002442002442,0.0007326007326007326,346.19,20.12,107.19,baonhieu2
0.022222222222222223,0.038583638583638585,0.04908424908424908,0.003907203907203907,0.0007326007326007326,352.0,25.62,107.37,baonhieu2
0.02271062271062271,0.04249084249084249,0.05518925518925519,0.006105006105006105,0.0007326007326007326,347.12,25.19,119.0,baonhieu2
0.0231990231990232,0.0442002442002442,0.05885225885225885,0.007814407814407814,0.0007326007326007326,320.81,12.56,134.0,baonhieu2
0.023687423687423687,0.04493284493284493,0.060805860805860805,0.008791208791208791,0.0007326007326007326,246.37,-13.13,134.0,baonhieu2
0.023931623931623933,0.045177045177045176,0.06227106227106227,0.00927960927960928,0.0007326007326007326,226.62,-22.56,117.37,baonhieu2
0.02612942612942613,0.04493284493284493,0.05982905982905983,0.008302808302808303,0.0007326007326007326,231.5,-21.62,110.56,baonhieu2
0.030525030525030524,0.034432234432234435,0.04713064713064713,0.002442002442002442,0.0007326007326007326,237.5,-20.5,107.87,baonhieu2
0.033455433455433455,0.027106227106227107,0.03638583638583639,0.002442002442002442,0.0007326007326007326,252.37,-16.75,107.25,baonhieu2
0.03565323565323565,0.02197802197802198,0.02905982905982906,0.005860805860805861,0.0007326007326007326,288.31,-5.37,102.44,baonhieu2
0.03492063492063492,0.01904761904761905,0.023687423687423687,0.008302808302808303,0.0007326007326007326,326.44,8.25,99.0,baonhieu2
0.029304029304029304,0.02026862026862027,0.022954822954822957,0.008791208791208791,0.0007326007326007326,342.0,15.5,103.56,baonhieu2
0.021001221001221003,0.026617826617826617,0.030525030525030524,0.005128205128205128,0.0007326007326007326,348.81,22.25,114.5,baonhieu2
0.01514041514041514,0.0336996336996337,0.04249084249084249,0.0019536019536019536,0.0007326007326007326,349.25,25.12,126.19,baonhieu2
0.01098901098901099,0.03882783882783883,0.050793650793650794,0.006837606837606838,0.0007326007326007326,339.87,22.87,135.0,baonhieu2
0.00805860805860806,0.04224664224664225,0.05641025641025641,0.010256410256410256,0.0007326007326007326,92.31,14.25,137.75,baonhieu2
0.00805860805860806,0.04371184371184371,0.05958485958485959,0.012454212454212455,0.0007326007326007326,255.37,-4.81,131.69,baonhieu2
0.009523809523809525,0.04468864468864469,0.061782661782661785,0.013675213675213675,0.0007326007326007326,230.0,-16.44,116.44,baonhieu2
0.01221001221001221,0.04151404151404151,0.0568986568986569,0.010012210012210013,0.0007326007326007326,232.25,-16.87,109.75,baonhieu2
0.018803418803418803,0.03199023199023199,0.04395604395604396,0.003418803418803419,0.0007326007326007326,240.37,-14.5,105.62,baonhieu2
0.023443223443223443,0.025396825396825397,0.032722832722832725,0.002442002442002442,0.0007326007326007326,264.06,-8.13,101.06,baonhieu2
0.026862026862026864,0.020757020757020756,0.02490842490842491,0.006593406593406593,0.0007326007326007326,298.31,1.5,90.62,baonhieu2
0.027106227106227107,0.01855921855921856,0.019536019536019536,0.009523809523809525,0.0007326007326007326,321.81,7.12,82.62,baonhieu2
0.023443223443223443,0.020512820512820513,0.02148962148962149,0.009523809523809525,0.0007326007326007326,332.25,10.38,88.75,baonhieu2
0.018803418803418803,0.026617826617826617,0.031013431013431014,0.00463980463980464,0.0007326007326007326,339.62,16.37,97.81,baonhieu2
0.01562881562881563,0.03467643467643468,0.041025641025641026,0.0009768009768009768,0.0007326007326007326,342.25,21.81,111.81,baonhieu2
0.013431013431013432,0.040293040293040296,0.04786324786324787,0.005372405372405372,0.0007326007326007326,338.56,21.5,124.81,baonhieu2
0.014896214896214897,0.044444444444444446,0.05299145299145299,0.008302808302808303,0.0007326007326007326,324.44,14.94,134.06,baonhieu2
0.016361416361416362,0.04590964590964591,0.05641025641025641,0.010500610500610501,0.0007326007326007326,290.12,4.5,133.12,baonhieu2
0.018070818070818073,0.04664224664224664,0.05811965811965812,0.011233211233211233,0.0007326007326007326,252.5,-9.0,122.06,baonhieu2
0.020757020757020756,0.042002442002442006,0.051770451770451774,0.006349206349206349,0.0007326007326007326,240.19,-15.06,114.06,baonhieu2
0.02612942612942613,0.03125763125763126,0.03907203907203907,0.0004884004884004884,0.0007326007326007326,239.37,-15.75,108.06,baonhieu2
0.03028083028083028,0.0231990231990232,0.02735042735042735,0.006105006105006105,0.0007326007326007326,242.44,-15.0,105.37,baonhieu2
0.03321123321123321,0.01733821733821734,0.01904761904761905,0.009768009768009768,0.0007326007326007326,259.81,-10.06,104.44,baonhieu2
0.03540903540903541,0.013186813186813187,0.013186813186813187,0.012698412698412698,0.0007326007326007326,293.94,1.62,101.37,baonhieu2
0.03199023199023199,0.01514041514041514,0.013431013431013432,0.012454212454212455,0.0007326007326007326,322.94,13.31,96.19,baonhieu2
0.025152625152625153,0.021733821733821733,0.021733821733821733,0.006349206349206349,0.0007326007326007326,337.0,19.56,102.12,baonhieu2
0.020512820512820513,0.030036630036630037,0.03223443223443224,0.0009768009768009768,0.0004884004884004884,345.94,25.31,110.25,baonhieu2
0.017094017094017096,0.035897435897435895,0.04151404151404151,0.00805860805860806,0.001221001221001221,352.06,30.12,119.0,baonhieu2
0.017094017094017096,0.04004884004884005,0.04810744810744811,0.013431013431013432,0.0007326007326007326,352.56,31.75,123.37,baonhieu2
0.017094017094017096,0.040293040293040296,0.052503052503052504,0.019291819291819293,0.0002442002442002442,347.25,29.87,127.81,baonhieu2
0.01733821733821734,0.0398046398046398,0.05567765567765568,0.023443223443223443,0.001221001221001221,327.56,21.62,130.37,baonhieu2
0.018070818070818073,0.039316239316239315,0.05787545787545788,0.02612942612942613,0.0004884004884004884,280.19,5.31,125.12,baonhieu2
0.018803418803418803,0.038583638583638585,0.05934065934065934,0.027106227106227107,0.0002442002442002442,254.12,-5.62,116.19,baonhieu2
0.021001221001221003,0.0336996336996337,0.05225885225885226,0.02148962148962149,0.0,246.81,-11.69,110.87,baonhieu2
0.025396825396825397,0.024664224664224663,0.03907203907203907,0.012698412698412698,0.0002442002442002442,252.0,-12.19,105.44,baonhieu2
0.02857142857142857,0.017826617826617826,0.02735042735042735,0.005616605616605617,0.0004884004884004884,261.25,-10.63,103.81,baonhieu2
0.03076923076923077,0.012942612942612943,0.01904761904761905,0.0004884004884004884,0.0004884004884004884,284.5,-3.62,105.69,baonhieu2
0.0315018315018315,0.009523809523809525,0.013186813186813187,0.0031746031746031746,0.0004884004884004884,313.62,6.81,105.44,baonhieu2
0.02783882783882784,0.013186813186813187,0.01684981684981685,0.002686202686202686,0.0004884004884004884,330.94,16.87,106.94,baonhieu2
0.02490842490842491,0.02564102564102564,0.030036630036630037,0.005372405372405372,0.0019536019536019536,340.56,24.25,113.81,baonhieu2
0.02271062271062271,0.034432234432234435,0.04224664224664225,0.013675213675213675,0.002686202686202686,340.0,26.06,123.06,baonhieu2
0.019291819291819293,0.04053724053724054,0.05103785103785104,0.019536019536019536,0.003418803418803419,329.5,23.5,128.31,baonhieu2
0.017094017094017096,0.04395604395604396,0.05714285714285714,0.023687423687423687,0.003663003663003663,308.25,17.12,126.62,baonhieu2
0.016605616605616606,0.046153846153846156,0.06129426129426129,0.026617826617826617,0.003907203907203907,272.81,2.56,123.75,baonhieu2
0.016361416361416362,0.047619047619047616,0.06422466422466422,0.028327228327228327,0.004151404151404151,247.69,-7.06,113.75,baonhieu2
0.01611721611721612,0.04835164835164835,0.06422466422466422,0.02612942612942613,0.004151404151404151,250.25,-8.06,103.94,baonhieu2
0.021733821733821733,0.03956043956043956,0.05274725274725275,0.017826617826617826,0.004395604395604396,261.69,-5.0,98.94,baonhieu2
0.025885225885225887,0.031013431013431014,0.04004884004884005,0.010012210012210013,0.004395604395604396,283.06,1.94,94.12,baonhieu2
0.028815628815628817,0.025152625152625153,0.03125763125763126,0.00463980463980464,0.00463980463980464,298.37,4.06,96.56,baonhieu2
0.03076923076923077,0.021001221001221003,0.025152625152625153,0.0007326007326007326,0.00463980463980464,313.37,8.13,100.75,baonhieu2
0.029792429792429794,0.020512820512820513,0.02197802197802198,0.0019536019536019536,0.00463980463980464,331.19,15.5,102.37,baonhieu2
0.026617826617826617,0.022954822954822957,0.02442002442002442,0.002197802197802198,0.00463980463980464,341.87,21.0,102.44,baonhieu2
0.02271062271062271,0.03076923076923077,0.0336996336996337,0.002686202686202686,0.003418803418803419,341.0,23.12,97.25,baonhieu2
0.01978021978021978,0.035897435897435895,0.04004884004884005,0.006349206349206349,0.002686202686202686,335.12,21.56,88.69,baonhieu2
0.01733821733821734,0.0398046398046398,0.04468864468864469,0.008791208791208791,0.002197802197802198,331.5,19.87,77.56,baonhieu2
0.01514041514041514,0.04224664224664225,0.04786324786324787,0.009768009768009768,0.0029304029304029304,328.37,17.87,68.56,baonhieu2
0.012942612942612943,0.04297924297924298,0.04957264957264957,0.009768009768009768,0.003418803418803419,326.06,16.12,61.69,baonhieu2
0.011477411477411478,0.04297924297924298,0.05054945054945055,0.009768009768009768,0.003663003663003663,326.06,16.75,58.5,baonhieu2
0.010500610500610501,0.04224664224664225,0.050793650793650794,0.009768009768009768,0.0029304029304029304,325.0,15.75,55.44,baonhieu2
0.009523809523809525,0.041025641025641026,0.050793650793650794,0.009523809523809525,0.002197802197802198,323.56,14.19,53.5,baonhieu2
0.008791208791208791,0.0398046398046398,0.05054945054945055,0.009035409035409036,0.0019536019536019536,322.5,11.88,52.25,baonhieu2
0.008302808302808303,0.03907203907203907,0.04981684981684982,0.008547008547008548,0.0014652014652014652,322.31,11.06,51.25,baonhieu2
0.007814407814407814,0.03833943833943834,0.04908424908424908,0.008302808302808303,0.001221001221001221,321.5,10.56,51.06,baonhieu2
0.00757020757020757,0.03736263736263736,0.04884004884004884,0.00805860805860806,0.001221001221001221,321.19,10.38,51.5,baonhieu2
0.007326007326007326,0.03663003663003663,0.04835164835164835,0.007814407814407814,0.0009768009768009768,320.94,9.88,51.06,baonhieu2
0.007326007326007326,0.036141636141636145,0.04786324786324787,0.00757020757020757,0.0009768009768009768,319.06,7.31,50.94,baonhieu2
0.007081807081807082,0.03565323565323565,0.04664224664224664,0.007326007326007326,0.0007326007326007326,318.25,7.94,57.19,baonhieu2
0.007081807081807082,0.03540903540903541,0.04590964590964591,0.007081807081807082,0.0007326007326007326,317.25,6.94,62.0,baonhieu2
0.007081807081807082,0.035164835164835165,0.045177045177045176,0.007081807081807082,0.0007326007326007326,315.19,6.12,64.44,baonhieu2
0.006837606837606838,0.03492063492063492,0.04493284493284493,0.006837606837606838,0.0007326007326007326,316.12,7.0,60.13,baonhieu2
0.006837606837606838,0.03467643467643468,0.044444444444444446,0.006593406593406593,0.0007326007326007326,316.94,7.06,57.38,baonhieu2
0.006593406593406593,0.03467643467643468,0.0442002442002442,0.006593406593406593,0.0007326007326007326,314.12,6.5,63.19,baonhieu2
0.006593406593406593,0.034432234432234435,0.04371184371184371,0.006349206349206349,0.0007326007326007326,312.81,6.19,60.75,baonhieu2
0.006593406593406593,0.034432234432234435,0.043467643467643466,0.006349206349206349,0.0007326007326007326,311.87,6.25,63.06,baonhieu2
0.006837606837606838,0.034432234432234435,0.04322344322344322,0.006349206349206349,0.0007326007326007326,310.62,6.87,63.69,baonhieu2
0.007081807081807082,0.034432234432234435,0.04297924297924298,0.006105006105006105,0.0007326007326007326,311.06,7.56,62.25,baonhieu2
0.007081807081807082,0.034432234432234435,0.042735042735042736,0.005860805860805861,0.0007326007326007326,311.12,6.56,60.0,baonhieu2
0.00757020757020757,0.03418803418803419,0.04249084249084249,0.005616605616605617,0.0007326007326007326,309.81,4.31,63.63,baonhieu2
0.008547008547008548,0.032722832722832725,0.040293040293040296,0.004151404151404151,0.0007326007326007326,309.81,1.56,77.12,baonhieu2
0.00927960927960928,0.028815628815628817,0.03467643467643468,0.0009768009768009768,0.0004884004884004884,310.81,2.75,94.25,baonhieu2
0.010012210012210013,0.023931623931623933,0.028327228327228327,0.0029304029304029304,0.0014652014652014652,312.56,6.19,112.87,baonhieu2
0.011477411477411478,0.020757020757020756,0.023687423687423687,0.005372405372405372,0.0019536019536019536,329.19,13.19,128.19,baonhieu2
0.012698412698412698,0.018315018315018316,0.020512820512820513,0.007326007326007326,0.002197802197802198,112.81,14.44,141.12,baonhieu2
0.014163614163614164,0.024664224664224663,0.028815628815628817,0.0007326007326007326,0.002442002442002442,102.12,7.37,144.75,baonhieu2
0.016361416361416362,0.03076923076923077,0.038583638583638585,0.004151404151404151,0.002686202686202686,97.37,-10.0,143.87,baonhieu2
0.020757020757020756,0.035164835164835165,0.045177045177045176,0.007326007326007326,0.0017094017094017094,218.62,-21.87,123.81,baonhieu2
0.024175824175824177,0.03833943833943834,0.050061050061050064,0.008547008547008548,0.0009768009768009768,224.06,-21.12,114.62,baonhieu2
0.029304029304029304,0.02905982905982906,0.039316239316239315,0.002442002442002442,0.0004884004884004884,231.19,-19.19,112.06,baonhieu2
0.03296703296703297,0.022466422466422466,0.03199023199023199,0.0017094017094017094,0.0002442002442002442,256.94,-11.13,109.12,baonhieu2
0.03540903540903541,0.017826617826617826,0.026617826617826617,0.00463980463980464,0.001221001221001221,299.5,3.5,97.62,baonhieu2
0.032722832722832725,0.017582417582417582,0.02442002442002442,0.005372405372405372,0.002197802197802198,322.62,8.19,90.44,baonhieu2
0.02564102564102564,0.0231990231990232,0.029548229548229547,0.002197802197802198,0.0029304029304029304,327.5,8.38,97.87,baonhieu2
0.020757020757020756,0.03247863247863248,0.04004884004884005,0.006349206349206349,0.003418803418803419,330.0,11.81,103.31,baonhieu2
0.01733821733821734,0.03882783882783883,0.05030525030525031,0.014163614163614164,0.003663003663003663,331.19,16.12,113.25,baonhieu2
0.018315018315018316,0.043467643467643466,0.057387057387057384,0.019536019536019536,0.003907203907203907,327.62,19.62,112.0,baonhieu2
0.01904761904761905,0.04542124542124542,0.06251526251526252,0.0231990231990232,0.004151404151404151,307.12,12.44,119.44,baonhieu2
0.01978021978021978,0.04664224664224664,0.06568986568986569,0.025396825396825397,0.0031746031746031746,261.5,-2.25,119.37,baonhieu2
0.020512820512820513,0.046886446886446886,0.06593406593406594,0.023687423687423687,0.002442002442002442,232.25,-12.56,110.56,baonhieu2
0.02442002442002442,0.039316239316239315,0.054212454212454214,0.015384615384615385,0.0019536019536019536,233.81,-12.13,104.44,baonhieu2
0.027106227106227107,0.030036630036630037,0.040293040293040296,0.007326007326007326,0.0017094017094017094,241.19,-9.94,105.06,baonhieu2
0.02905982905982906,0.023687423687423687,0.030525030525030524,0.0017094017094017094,0.0014652014652014652,268.31,-4.5,105.0,baonhieu2
0.03028083028083028,0.01904761904761905,0.023687423687423687,0.002197802197802198,0.001221001221001221,296.31,1.31,98.94,baonhieu2
0.026617826617826617,0.02271062271062271,0.02735042735042735,0.0004884004884004884,0.001221001221001221,317.31,6.5,91.75,baonhieu2
0.023931623931623933,0.0315018315018315,0.03882783882783883,0.006837606837606838,0.0009768009768009768,325.5,10.0,90.0,baonhieu2
0.02197802197802198,0.037606837606837605,0.04932844932844933,0.011965811965811967,0.0002442002442002442,331.44,15.88,91.94,baonhieu2
0.02197802197802198,0.041758241758241756,0.056654456654456654,0.015873015873015872,0.0009768009768009768,334.5,21.06,97.31,baonhieu2
0.021733821733821733,0.04493284493284493,0.061782661782661785,0.018315018315018316,0.0017094017094017094,324.69,20.37,107.87,baonhieu2
0.022222222222222223,0.0463980463980464,0.06495726495726496,0.01978021978021978,0.002197802197802198,288.44,7.5,118.94,baonhieu2
0.022954822954822957,0.04713064713064713,0.06568986568986569,0.018803418803418803,0.001221001221001221,251.19,-5.25,114.12,baonhieu2
0.025396825396825397,0.04126984126984127,0.055921855921855924,0.012942612942612943,0.0004884004884004884,242.75,-9.25,107.75,baonhieu2
0.029792429792429794,0.03076923076923077,0.04126984126984127,0.005372405372405372,0.0017094017094017094,246.12,-8.69,103.62,baonhieu2
0.03321123321123321,0.0231990231990232,0.03125763125763126,0.0002442002442002442,0.002442002442002442,264.94,-4.81,102.19,baonhieu2
0.03540903540903541,0.018070818070818073,0.023931623931623933,0.003418803418803419,0.0019536019536019536,293.0,0.69,95.12,baonhieu2
0.03199023199023199,0.019291819291819293,0.022954822954822957,0.0031746031746031746,0.0017094017094017094,314.56,6.81,88.81,baonhieu2
0.029304029304029304,0.02735042735042735,0.033455433455433455,0.004151404151404151,0.0014652014652014652,322.0,11.13,92.12,baonhieu2
0.027594627594627594,0.035164835164835165,0.04493284493284493,0.012454212454212455,0.001221001221001221,325.87,16.31,102.31,baonhieu2
0.026373626373626374,0.04078144078144078,0.05299145299145299,0.018070818070818073,0.002197802197802198,326.5,19.87,110.94,baonhieu2
0.025396825396825397,0.04468864468864469,0.05860805860805861,0.022222222222222223,0.0029304029304029304,306.19,12.19,117.81,baonhieu2
0.02612942612942613,0.04664224664224664,0.061782661782661785,0.02442002442002442,0.003418803418803419,248.12,-10.31,123.56,baonhieu2
0.026862026862026864,0.047619047619047616,0.06398046398046398,0.02442002442002442,0.003663003663003663,220.56,-23.69,116.5,baonhieu2
0.029792429792429794,0.04053724053724054,0.054945054945054944,0.01733821733821734,0.003907203907203907,221.56,-24.87,112.06,baonhieu2
0.03467643467643468,0.03076923076923077,0.04297924297924298,0.009768009768009768,0.0029304029304029304,223.0,-25.87,109.56,baonhieu2
0.0380952380952381,0.023931623931623933,0.03418803418803419,0.00463980463980464,0.002197802197802198,224.37,-27.75,108.19,baonhieu2
0.04053724053724054,0.019291819291819293,0.028083028083028084,0.0009768009768009768,0.0017094017094017094,227.44,-28.44,105.25,baonhieu2
0.04151404151404151,0.01611721611721612,0.023931623931623933,0.0014652014652014652,0.0014652014652014652,231.31,-28.62,102.0,baonhieu2
0.04224664224664225,0.014407814407814409,0.020757020757020756,0.0031746031746031746,0.001221001221001221,233.0,-29.0,100.62,baonhieu2
0.04249084249084249,0.013186813186813187,0.018803418803418803,0.004151404151404151,0.001221001221001221,235.06,-29.31,99.81,baonhieu2
0.042735042735042736,0.01221001221001221,0.01733821733821734,0.00463980463980464,0.0009768009768009768,237.12,-29.5,100.0,baonhieu2
0.042735042735042736,0.011721611721611722,0.01611721611721612,0.005128205128205128,0.0009768009768009768,234.56,-30.75,100.87,baonhieu2
0.04224664224664225,0.011477411477411478,0.015384615384615385,0.005372405372405372,0.0007326007326007326,232.37,-30.94,99.87,baonhieu2
0.04224664224664225,0.011477411477411478,0.01562881562881563,0.005372405372405372,0.0007326007326007326,230.37,-31.31,98.0,baonhieu2
0.042002442002442006,0.01221001221001221,0.016605616605616606,0.005128205128205128,0.0007326007326007326,228.31,-32.06,96.0,baonhieu2
0.042002442002442006,0.012698412698412698,0.017582417582417582,0.00463980463980464,0.0004884004884004884,227.69,-31.81,95.69,baonhieu2
0.042002442002442006,0.013431013431013432,0.01855921855921856,0.004151404151404151,0.001221001221001221,220.62,-31.5,102.19,baonhieu2
0.042002442002442006,0.013675213675213675,0.019291819291819293,0.003907203907203907,0.0017094017094017094,227.5,-31.06,96.44,baonhieu2
0.041758241758241756,0.01391941391941392,0.01978021978021978,0.003663003663003663,0.002197802197802198,217.37,-32.31,102.62,baonhieu2
0.041758241758241756,0.01391941391941392,0.02026862026862027,0.003418803418803419,0.001221001221001221,200.62,-37.56,101.31,baonhieu2
0.04151404151404151,0.014163614163614164,0.02026862026862027,0.003418803418803419,0.0007326007326007326,191.12,-38.06,98.37,baonhieu2
0.04151404151404151,0.014163614163614164,0.020024420024420026,0.0031746031746031746,0.0002442002442002442,191.12,-36.69,100.12,baonhieu2
0.04126984126984127,0.014163614163614164,0.019291819291819293,0.0031746031746031746,0.0,192.87,-34.31,99.81,baonhieu2
0.04126984126984127,0.014163614163614164,0.01855921855921856,0.0031746031746031746,0.0002442002442002442,199.19,-33.75,100.06,baonhieu2
0.041025641025641026,0.014163614163614164,0.018070818070818073,0.003907203907203907,0.0002442002442002442,201.87,-34.25,100.5,baonhieu2
0.041025641025641026,0.014163614163614164,0.017582417582417582,0.004395604395604396,0.0004884004884004884,202.5,-34.38,99.87,baonhieu2
0.041025641025641026,0.014163614163614164,0.01733821733821734,0.004884004884004884,0.0004884004884004884,201.19,-34.5,99.06,baonhieu2
0.041025641025641026,0.014163614163614164,0.017094017094017096,0.005372405372405372,0.0004884004884004884,197.75,-34.31,97.69,baonhieu2
0.041025641025641026,0.014163614163614164,0.01684981684981685,0.005860805860805861,0.0004884004884004884,194.0,-34.0,98.94,baonhieu2
0.04126984126984127,0.014163614163614164,0.01684981684981685,0.004884004884004884,0.0007326007326007326,194.0,-33.25,99.44,baonhieu2
0.04126984126984127,0.014163614163614164,0.016605616605616606,0.004151404151404151,0.0007326007326007326,193.81,-33.0,100.31,baonhieu2
0.04126984126984127,0.014163614163614164,0.01684981684981685,0.003663003663003663,0.0007326007326007326,200.31,-34.19,99.19,baonhieu2
0.04126984126984127,0.014163614163614164,0.017094017094017096,0.003418803418803419,0.0007326007326007326,202.62,-35.88,100.19,baonhieu2
0.04126984126984127,0.014407814407814409,0.017582417582417582,0.003663003663003663,0.0007326007326007326,201.81,-36.0,101.37,baonhieu2
0.04126984126984127,0.014652014652014652,0.018070818070818073,0.004151404151404151,0.0007326007326007326,202.31,-35.75,101.31,baonhieu2
0.04126984126984127,0.014896214896214897,0.018315018315018316,0.004395604395604396,0.0007326007326007326,199.94,-35.81,102.06,baonhieu2
0.041025641025641026,0.014652014652014652,0.01855921855921856,0.004395604395604396,0.0007326007326007326,199.06,-35.5,103.44,baonhieu2
0.041025641025641026,0.014652014652014652,0.018803418803418803,0.004395604395604396,0.0007326007326007326,203.06,-35.81,102.31,baonhieu2
0.04078144078144078,0.014652014652014652,0.01904761904761905,0.004395604395604396,0.0007326007326007326,203.19,-36.75,103.37,baonhieu2
0.04053724053724054,0.014652014652014652,0.01978021978021978,0.004151404151404151,0.0007326007326007326,202.94,-37.06,103.19,baonhieu2
0.040293040293040296,0.014652014652014652,0.021001221001221003,0.004151404151404151,0.0007326007326007326,204.31,-36.69,103.06,baonhieu2
0.0398046398046398,0.014652014652014652,0.022954822954822957,0.003907203907203907,0.0007326007326007326,204.5,-36.69,103.94,baonhieu2
0.03956043956043956,0.014896214896214897,0.025396825396825397,0.003418803418803419,0.0007326007326007326,204.19,-37.06,104.06,baonhieu2
0.039316239316239315,0.01514041514041514,0.027106227106227107,0.003418803418803419,0.0007326007326007326,202.44,-37.19,102.75,baonhieu2
0.039316239316239315,0.01514041514041514,0.028327228327228327,0.0031746031746031746,0.0007326007326007326,199.5,-36.56,101.5,baonhieu2
0.03956043956043956,0.014652014652014652,0.026617826617826617,0.003418803418803419,0.0007326007326007326,197.25,-36.81,100.94,baonhieu2
0.03956043956043956,0.013675213675213675,0.024664224664224663,0.004395604395604396,0.0007326007326007326,196.75,-36.13,100.0,baonhieu2
0.03956043956043956,0.012942612942612943,0.02271062271062271,0.005616605616605617,0.0007326007326007326,200.56,-34.69,100.12,baonhieu2
0.03956043956043956,0.012454212454212455,0.021245421245421246,0.006837606837606838,0.0007326007326007326,209.94,-34.38,101.25,baonhieu2
0.03956043956043956,0.01221001221001221,0.01978021978021978,0.007814407814407814,0.0007326007326007326,211.25,-33.69,101.0,baonhieu2
0.039316239316239315,0.011965811965811967,0.01904761904761905,0.008302808302808303,0.0007326007326007326,211.31,-33.81,101.12,baonhieu2
0.03907203907203907,0.011965811965811967,0.018070818070818073,0.008791208791208791,0.0007326007326007326,211.87,-33.75,100.75,baonhieu2
0.03882783882783883,0.011721611721611722,0.017582417582417582,0.009035409035409036,0.0007326007326007326,213.12,-33.31,100.87,baonhieu2
0.03833943833943834,0.011721611721611722,0.017094017094017096,0.009035409035409036,0.0007326007326007326,213.37,-33.38,100.81,baonhieu2
0.03785103785103785,0.011721611721611722,0.01684981684981685,0.009035409035409036,0.0007326007326007326,211.75,-34.75,100.31,baonhieu2
0.03736263736263736,0.011965811965811967,0.016605616605616606,0.009035409035409036,0.0007326007326007326,208.81,-35.19,100.44,baonhieu2
0.036874236874236875,0.011965811965811967,0.016605616605616606,0.005860805860805861,0.0007326007326007326,202.62,-36.13,100.62,baonhieu2
0.03663003663003663,0.01221001221001221,0.01733821733821734,0.0029304029304029304,0.0007326007326007326,202.0,-36.06,100.81,baonhieu2
0.03638583638583639,0.01221001221001221,0.017582417582417582,0.0009768009768009768,0.0007326007326007326,211.19,-33.75,100.5,baonhieu2
0.03638583638583639,0.01221001221001221,0.018070818070818073,0.0004884004884004884,0.0007326007326007326,217.31,-32.56,101.87,baonhieu2
0.036141636141636145,0.011477411477411478,0.015873015873015872,0.0009768009768009768,0.0007326007326007326,238.44,-27.12,102.06,baonhieu2
0.035897435897435895,0.010744810744810745,0.014407814407814409,0.002686202686202686,0.0007326007326007326,268.94,-18.0,103.75,baonhieu2
0.03492063492063492,0.010256410256410256,0.013186813186813187,0.004151404151404151,0.0007326007326007326,295.19,-4.25,110.25,baonhieu2
0.02857142857142857,0.010500610500610501,0.012942612942612943,0.005128205128205128,0.0004884004884004884,302.06,4.25,128.44,baonhieu2
0.023931623931623933,0.020512820512820513,0.024664224664224663,0.0,0.001221001221001221,92.37,4.25,146.75,baonhieu2
0.020757020757020756,0.029304029304029304,0.03492063492063492,0.003418803418803419,0.0017094017094017094,79.75,-10.13,145.87,baonhieu2
0.020757020757020756,0.03540903540903541,0.042002442002442006,0.005616605616605617,0.0009768009768009768,204.25,-21.44,120.25,baonhieu2
0.021245421245421246,0.0398046398046398,0.04713064713064713,0.006349206349206349,0.0004884004884004884,213.31,-20.31,105.12,baonhieu2
0.025885225885225887,0.03296703296703297,0.03833943833943834,0.0007326007326007326,0.0002442002442002442,222.25,-18.69,102.44,baonhieu2
0.028815628815628817,0.02612942612942613,0.028815628815628817,0.003418803418803419,0.0,236.37,-15.88,104.56,baonhieu2
0.031013431013431014,0.021245421245421246,0.02197802197802198,0.006349206349206349,0.0002442002442002442,268.37,-6.25,106.62,baonhieu2
0.03076923076923077,0.017826617826617826,0.01733821733821734,0.008547008547008548,0.0002442002442002442,297.94,1.81,107.56,baonhieu2
0.025152625152625153,0.021001221001221003,0.02148962148962149,0.006837606837606838,0.0004884004884004884,300.37,2.19,117.0,baonhieu2
0.021245421245421246,0.02905982905982906,0.03247863247863248,0.0004884004884004884,0.0004884004884004884,290.81,-0.06,130.69,baonhieu2
0.01855921855921856,0.03492063492063492,0.042002442002442006,0.005372405372405372,0.0007326007326007326,102.37,-0.94,142.44,baonhieu2
0.021001221001221003,0.03882783882783883,0.04884004884004884,0.00927960927960928,0.0007326007326007326,95.31,-5.37,148.87,baonhieu2
0.0231990231990232,0.04126984126984127,0.05347985347985348,0.01221001221001221,0.0007326007326007326,90.25,-14.56,140.44,baonhieu2
0.025152625152625153,0.04224664224664225,0.05641025641025641,0.012942612942612943,0.0007326007326007326,215.31,-22.87,117.5,baonhieu2
0.026862026862026864,0.038583638583638585,0.04981684981684982,0.00757020757020757,0.0007326007326007326,219.75,-22.06,107.37,baonhieu2
0.030036630036630037,0.028327228327228327,0.035897435897435895,0.0009768009768009768,0.0007326007326007326,228.25,-19.94,104.44,baonhieu2
0.03247863247863248,0.021245421245421246,0.025885225885225887,0.003663003663003663,0.0007326007326007326,257.37,-10.94,103.25,baonhieu2
0.03418803418803419,0.01611721611721612,0.01904761904761905,0.007081807081807082,0.0007326007326007326,287.69,-1.44,102.12,baonhieu2
0.028815628815628817,0.017826617826617826,0.019536019536019536,0.007081807081807082,0.0007326007326007326,298.12,1.31,108.44,baonhieu2
0.024175824175824177,0.02564102564102564,0.030036630036630037,0.0002442002442002442,0.0007326007326007326,298.5,2.62,117.06,baonhieu2
0.021001221001221003,0.03492063492063492,0.04249084249084249,0.008791208791208791,0.0007326007326007326,298.12,4.69,126.94,baonhieu2
0.01855921855921856,0.04151404151404151,0.051526251526251524,0.014652014652014652,0.0004884004884004884,100.75,0.62,139.25,baonhieu2
0.018803418803418803,0.046153846153846156,0.057631257631257635,0.018803418803418803,0.0014652014652014652,98.87,-11.63,147.5,baonhieu2
0.01904761904761905,0.04835164835164835,0.060805860805860805,0.021245421245421246,0.0007326007326007326,214.69,-23.56,130.31,baonhieu2
0.019536019536019536,0.04810744810744811,0.05885225885225885,0.017582417582417582,0.0002442002442002442,216.62,-26.06,116.25,baonhieu2
0.025152625152625153,0.037606837606837605,0.04542124542124542,0.009768009768009768,0.0,220.0,-25.81,107.75,baonhieu2
0.029304029304029304,0.029792429792429794,0.03418803418803419,0.003907203907203907,0.0002442002442002442,230.37,-23.31,105.75,baonhieu2
0.03199023199023199,0.024175824175824177,0.026373626373626374,0.0,0.0002442002442002442,255.94,-15.25,108.56,baonhieu2
0.03199023199023199,0.020512820512820513,0.020757020757020756,0.0029304029304029304,0.0004884004884004884,286.75,-3.37,112.5,baonhieu2
0.02490842490842491,0.024664224664224663,0.026617826617826617,0.0007326007326007326,0.0004884004884004884,307.69,6.44,115.94,baonhieu2
0.020024420024420026,0.03492063492063492,0.03785103785103785,0.00805860805860806,0.0004884004884004884,314.31,11.75,122.06,baonhieu2
0.016605616605616606,0.04224664224664225,0.04664224664224664,0.01391941391941392,0.0007326007326007326,307.37,10.75,132.81,baonhieu2
0.017094017094017096,0.04713064713064713,0.05299145299145299,0.018070818070818073,0.0007326007326007326,92.5,1.12,142.87,baonhieu2
0.019536019536019536,0.050061050061050064,0.057631257631257635,0.021001221001221003,0.0007326007326007326,90.44,-14.19,140.81,baonhieu2
0.021733821733821733,0.05128205128205128,0.06056166056166056,0.022222222222222223,0.0007326007326007326,210.87,-25.0,121.81,baonhieu2
0.023931623931623933,0.04835164835164835,0.05616605616605617,0.01611721611721612,0.0007326007326007326,213.75,-25.19,112.69,baonhieu2
0.029548229548229547,0.03638583638583639,0.041758241758241756,0.007814407814407814,0.0007326007326007326,218.56,-23.87,108.44,baonhieu2
0.033455433455433455,0.028083028083028084,0.0315018315018315,0.0019536019536019536,0.0007326007326007326,237.19,-18.25,108.44,baonhieu2
0.036141636141636145,0.022222222222222223,0.024175824175824177,0.0019536019536019536,0.0007326007326007326,269.31,-8.19,109.62,baonhieu2
0.03394383394383394,0.020024420024420026,0.01904761904761905,0.004395604395604396,0.0007326007326007326,295.81,1.25,107.94,baonhieu2
0.026373626373626374,0.023687423687423687,0.0231990231990232,0.002686202686202686,0.0007326007326007326,307.31,6.31,115.56,baonhieu2
0.021245421245421246,0.03321123321123321,0.03540903540903541,0.005860805860805861,0.0007326007326007326,309.44,9.31,127.44,baonhieu2
0.017582417582417582,0.04004884004884005,0.046153846153846156,0.012942612942612943,0.0004884004884004884,97.87,9.44,138.69,baonhieu2
0.018803418803418803,0.04468864468864469,0.05396825396825397,0.017582417582417582,0.0014652014652014652,90.94,1.44,144.44,baonhieu2
0.020512820512820513,0.047619047619047616,0.059096459096459095,0.021001221001221003,0.0019536019536019536,88.25,-11.81,138.0,baonhieu2
0.022222222222222223,0.04908424908424908,0.063003663003663,0.022222222222222223,0.001221001221001221,218.37,-21.75,116.87,baonhieu2
0.023443223443223443,0.0463980463980464,0.05885225885225885,0.01733821733821734,0.0004884004884004884,220.75,-22.69,107.87,baonhieu2
0.02735042735042735,0.035897435897435895,0.04542124542124542,0.009523809523809525,0.0009768009768009768,226.69,-21.94,106.62,baonhieu2
0.030036630036630037,0.02857142857142857,0.035897435897435895,0.003907203907203907,0.0019536019536019536,242.87,-17.37,109.06,baonhieu2
0.03199023199023199,0.023443223443223443,0.029304029304029304,0.0,0.002686202686202686,278.12,-5.5,113.19,baonhieu2
0.029304029304029304,0.021001221001221003,0.025152625152625153,0.002442002442002442,0.003418803418803419,310.25,6.31,116.0,baonhieu2
0.024175824175824177,0.025152625152625153,0.03076923076923077,0.0002442002442002442,0.002686202686202686,322.0,12.19,123.44,baonhieu2
0.020757020757020756,0.03394383394383394,0.04078144078144078,0.005616605616605617,0.0019536019536019536,321.62,14.19,132.5,baonhieu2
0.018070818070818073,0.04004884004884005,0.050061050061050064,0.010500610500610501,0.0017094017094017094,94.69,6.31,139.25,baonhieu2
0.020024420024420026,0.044444444444444446,0.056654456654456654,0.01391941391941392,0.0014652014652014652,91.0,-11.25,137.5,baonhieu2
0.02148962148962149,0.04713064713064713,0.06105006105006105,0.016361416361416362,0.001221001221001221,217.12,-21.56,121.25,baonhieu2
0.022466422466422466,0.04371184371184371,0.05641025641025641,0.011477411477411478,0.0009768009768009768,223.81,-20.87,113.94,baonhieu2
0.025885225885225887,0.033455433455433455,0.043467643467643466,0.004151404151404151,0.0009768009768009768,238.56,-16.94,110.75,baonhieu2
0.028327228327228327,0.026373626373626374,0.0336996336996337,0.0009768009768009768,0.0007326007326007326,264.25,-9.5,108.56,baonhieu2
0.030036630036630037,0.02148962148962149,0.026617826617826617,0.00463980463980464,0.0007326007326007326,291.81,-0.69,107.81,baonhieu2
0.030036630036630037,0.01855921855921856,0.021733821733821733,0.007081807081807082,0.0007326007326007326,314.37,9.13,111.62,baonhieu2
0.029792429792429794,0.01684981684981685,0.018315018315018316,0.008791208791208791,0.0007326007326007326,339.06,23.0,116.0,baonhieu2
0.026862026862026864,0.016361416361416362,0.016361416361416362,0.009768009768009768,0.0004884004884004884,336.44,21.25,131.69,baonhieu2
0.024175824175824177,0.019291819291819293,0.02026862026862027,0.00757020757020757,0.001221001221001221,93.25,6.81,140.31,baonhieu2
0.022466422466422466,0.029304029304029304,0.03321123321123321,0.0014652014652014652,0.0017094017094017094,86.69,-3.56,138.06,baonhieu2
0.021001221001221003,0.03638583638583639,0.04224664224664225,0.00757020757020757,0.002197802197802198,228.31,-14.63,134.06,baonhieu2
0.022954822954822957,0.04126984126984127,0.0485958485958486,0.011965811965811967,0.002442002442002442,229.56,-17.87,113.31,baonhieu2
0.025152625152625153,0.043467643467643466,0.053235653235653234,0.012454212454212455,0.002686202686202686,236.75,-17.5,106.06,baonhieu2
0.02905982905982906,0.03467643467643468,0.04322344322344322,0.006105006105006105,0.0017094017094017094,249.25,-14.38,104.69,baonhieu2
0.031746031746031744,0.02857142857142857,0.03492063492063492,0.0014652014652014652,0.0009768009768009768,274.5,-5.69,108.5,baonhieu2
0.0336996336996337,0.02442002442002442,0.029304029304029304,0.0017094017094017094,0.0004884004884004884,304.25,6.56,114.94,baonhieu2
0.03076923076923077,0.02197802197802198,0.025396825396825397,0.003907203907203907,0.0,318.81,13.94,120.62,baonhieu2
0.026862026862026864,0.02857142857142857,0.033455433455433455,0.0007326007326007326,0.0,318.81,15.38,129.69,baonhieu2
0.02442002442002442,0.03663003663003663,0.044444444444444446,0.009523809523809525,0.0002442002442002442,91.37,14.81,137.12,baonhieu2
0.022466422466422466,0.04224664224664225,0.05201465201465202,0.01562881562881563,0.0004884004884004884,88.37,2.19,141.37,baonhieu2
0.0231990231990232,0.046153846153846156,0.057387057387057384,0.020024420024420026,0.0004884004884004884,238.12,-10.81,124.69,baonhieu2
0.023931623931623933,0.04908424908424908,0.060073260073260075,0.020024420024420026,0.0007326007326007326,237.19,-13.88,113.44,baonhieu2
0.02905982905982906,0.04053724053724054,0.04884004884004884,0.012698412698412698,0.0007326007326007326,240.62,-14.13,107.94,baonhieu2
0.03247863247863248,0.03199023199023199,0.03638583638583639,0.005860805860805861,0.0007326007326007326,244.37,-15.38,107.37,baonhieu2
0.035164835164835165,0.025885225885225887,0.02783882783882784,0.001221001221001221,0.0007326007326007326,263.75,-9.5,112.25,baonhieu2
0.035164835164835165,0.02148962148962149,0.021733821733821733,0.002197802197802198,0.0007326007326007326,303.25,4.0,111.62,baonhieu2
0.029304029304029304,0.023931623931623933,0.023687423687423687,0.0014652014652014652,0.0007326007326007326,320.56,11.56,114.31,baonhieu2
0.02197802197802198,0.03199023199023199,0.03467643467643468,0.005128205128205128,0.0007326007326007326,322.69,15.44,121.62,baonhieu2
0.01684981684981685,0.0380952380952381,0.04468864468864469,0.009768009768009768,0.0007326007326007326,319.5,16.87,131.87,baonhieu2
0.013186813186813187,0.04224664224664225,0.051770451770451774,0.013186813186813187,0.0007326007326007326,87.06,6.94,141.69,baonhieu2
0.01221001221001221,0.045177045177045176,0.056654456654456654,0.015384615384615385,0.0007326007326007326,227.62,-11.88,128.37,baonhieu2
0.011965811965811967,0.04664224664224664,0.05811965811965812,0.014652014652014652,0.0007326007326007326,218.12,-17.87,116.19,baonhieu2
0.020024420024420026,0.03785103785103785,0.045177045177045176,0.006105006105006105,0.0007326007326007326,224.12,-17.44,111.94,baonhieu2
0.025885225885225887,0.0315018315018315,0.03540903540903541,0.0002442002442002442,0.0007326007326007326,250.31,-10.06,109.31,baonhieu2
0.029792429792429794,0.02735042735042735,0.02857142857142857,0.003907203907203907,0.0007326007326007326,290.19,2.31,104.12,baonhieu2
0.02783882783882784,0.02442002442002442,0.023931623931623933,0.005860805860805861,0.0007326007326007326,306.25,5.69,110.5,baonhieu2
0.023687423687423687,0.028083028083028084,0.031013431013431014,0.0029304029304029304,0.0007326007326007326,308.56,6.37,118.0,baonhieu2
0.020757020757020756,0.03467643467643468,0.04371184371184371,0.005616605616605617,0.0007326007326007326,317.69,11.88,125.75,baonhieu2
0.018803418803418803,0.039316239316239315,0.052503052503052504,0.011477411477411478,0.0007326007326007326,324.31,16.12,134.87,baonhieu2
0.019291819291819293,0.04249084249084249,0.05860805860805861,0.01562881562881563,0.0007326007326007326,91.62,10.13,138.94,baonhieu2
0.020024420024420026,0.043467643467643466,0.06202686202686203,0.017582417582417582,0.0007326007326007326,252.12,-4.19,128.44,baonhieu2
0.022466422466422466,0.042002442002442006,0.05934065934065934,0.01611721611721612,0.0007326007326007326,230.81,-14.94,119.0,baonhieu2
0.028083028083028084,0.033455433455433455,0.0463980463980464,0.008302808302808303,0.0007326007326007326,228.75,-17.87,112.19,baonhieu2
0.03199023199023199,0.02490842490842491,0.03296703296703297,0.001221001221001221,0.0007326007326007326,238.31,-16.25,110.19,baonhieu2
0.03467643467643468,0.01904761904761905,0.023687423687423687,0.003663003663003663,0.0007326007326007326,266.44,-8.25,110.69,baonhieu2
0.03540903540903541,0.014896214896214897,0.017094017094017096,0.007081807081807082,0.0007326007326007326,305.19,2.56,113.06,baonhieu2
0.02905982905982906,0.017582417582417582,0.020512820512820513,0.005616605616605617,0.0007326007326007326,317.75,7.87,120.87,baonhieu2
0.024175824175824177,0.028327228327228327,0.03418803418803419,0.0029304029304029304,0.0007326007326007326,327.19,15.19,126.75,baonhieu2
0.020757020757020756,0.036141636141636145,0.04493284493284493,0.009035409035409036,0.0007326007326007326,327.62,18.69,135.37,baonhieu2
0.018070818070818073,0.04126984126984127,0.052503052503052504,0.013186813186813187,0.0007326007326007326,91.12,13.88,139.25,baonhieu2
0.016605616605616606,0.0442002442002442,0.057631257631257635,0.01611721611721612,0.0007326007326007326,90.75,-0.5,140.31,baonhieu2
0.015384615384615385,0.04566544566544566,0.06129426129426129,0.017826617826617826,0.0007326007326007326,222.87,-18.19,121.25,baonhieu2
0.014896214896214897,0.0463980463980464,0.06349206349206349,0.018315018315018316,0.0007326007326007326,225.75,-19.87,107.94,baonhieu2
0.02271062271062271,0.036874236874236875,0.050793650793650794,0.010012210012210013,0.0007326007326007326,231.81,-19.69,103.44,baonhieu2
0.028083028083028084,0.028815628815628817,0.0380952380952381,0.0031746031746031746,0.0007326007326007326,246.5,-16.0,103.0,baonhieu2
0.031746031746031744,0.0231990231990232,0.029304029304029304,0.0017094017094017094,0.0007326007326007326,280.87,-3.87,104.81,baonhieu2
0.03247863247863248,0.01904761904761905,0.022954822954822957,0.005128205128205128,0.0007326007326007326,315.87,11.0,108.94,baonhieu2
0.02612942612942613,0.020757020757020756,0.022954822954822957,0.006105006105006105,0.0007326007326007326,328.69,17.5,119.25,baonhieu2
0.021733821733821733,0.02783882783882784,0.0315018315018315,0.0029304029304029304,0.0007326007326007326,328.81,19.25,130.31,baonhieu2
0.01855921855921856,0.03418803418803419,0.04371184371184371,0.003907203907203907,0.0007326007326007326,314.44,15.06,136.87,baonhieu2
0.01733821733821734,0.038583638583638585,0.052503052503052504,0.008791208791208791,0.0007326007326007326,84.31,-0.25,135.19,baonhieu2
0.017582417582417582,0.041758241758241756,0.05860805860805861,0.01221001221001221,0.0007326007326007326,230.56,-11.81,119.75,baonhieu2
0.018803418803418803,0.04053724053724054,0.05445665445665446,0.00757020757020757,0.0007326007326007326,230.94,-14.63,111.19,baonhieu2
0.02148962148962149,0.031013431013431014,0.04078144078144078,0.0,0.0007326007326007326,237.25,-14.38,107.19,baonhieu2
0.023443223443223443,0.02442002442002442,0.03125763125763126,0.005372405372405372,0.0007326007326007326,247.69,-12.56,105.37,baonhieu2
0.02490842490842491,0.01978021978021978,0.02442002442002442,0.009035409035409036,0.0007326007326007326,272.12,-5.12,104.44,baonhieu2
0.025885225885225887,0.017094017094017096,0.01978021978021978,0.010744810744810745,0.0007326007326007326,294.31,3.31,107.19,baonhieu2
0.023443223443223443,0.01904761904761905,0.021245421245421246,0.00927960927960928,0.0007326007326007326,318.19,14.94,114.37,baonhieu2
0.019536019536019536,0.02197802197802198,0.02564102564102564,0.00805860805860806,0.0007326007326007326,334.31,22.25,121.81,baonhieu2
0.01684981684981685,0.02442002442002442,0.03076923076923077,0.004884004884004884,0.0007326007326007326,331.31,20.81,132.94,baonhieu2
0.01514041514041514,0.03321123321123321,0.04053724053724054,0.00463980463980464,0.0019536019536019536,87.62,14.19,139.19,baonhieu2
0.014407814407814409,0.039316239316239315,0.04810744810744811,0.011233211233211233,0.0014652014652014652,83.0,4.69,139.25,baonhieu2
0.01733821733821734,0.04371184371184371,0.053235653235653234,0.015873015873015872,0.001221001221001221,233.0,-11.31,136.12,baonhieu2
0.020024420024420026,0.04542124542124542,0.0568986568986569,0.018315018315018316,0.001221001221001221,227.06,-18.06,117.87,baonhieu2
0.02271062271062271,0.0442002442002442,0.05543345543345543,0.01514041514041514,0.0009768009768009768,234.06,-17.37,108.0,baonhieu2
0.026373626373626374,0.034432234432234435,0.042735042735042736,0.00757020757020757,0.0009768009768009768,239.94,-16.75,105.5,baonhieu2
0.028815628815628817,0.027594627594627594,0.033455433455433455,0.0019536019536019536,0.0009768009768009768,262.44,-9.81,108.56,baonhieu2
0.030525030525030524,0.02271062271062271,0.026862026862026864,0.0017094017094017094,0.0009768009768009768,298.62,3.06,115.12,baonhieu2
0.029304029304029304,0.021245421245421246,0.022222222222222223,0.004395604395604396,0.0009768009768009768,323.37,12.19,121.31,baonhieu2
0.025885225885225887,0.026373626373626374,0.031013431013431014,0.0,0.0007326007326007326,327.12,15.75,124.87,baonhieu2
0.023443223443223443,0.035164835164835165,0.04322344322344322,0.00757020757020757,0.0007326007326007326,324.06,17.44,127.5,baonhieu2
0.021733821733821733,0.04126984126984127,0.05201465201465202,0.012942612942612943,0.0004884004884004884,302.0,11.25,134.81,baonhieu2
0.022222222222222223,0.04542124542124542,0.05811965811965812,0.01684981684981685,0.001221001221001221,252.31,-2.75,128.19,baonhieu2
0.022466422466422466,0.047619047619047616,0.06031746031746032,0.016605616605616606,0.0019536019536019536,234.94,-10.63,119.06,baonhieu2
0.023931623931623933,0.041758241758241756,0.050061050061050064,0.009035409035409036,0.0009768009768009768,233.87,-13.94,116.06,baonhieu2
0.02783882783882784,0.032722832722832725,0.03736263736263736,0.0017094017094017094,0.0004884004884004884,235.56,-15.31,114.37,baonhieu2
0.030525030525030524,0.024664224664224663,0.026862026862026864,0.003907203907203907,0.0017094017094017094,245.44,-12.31,112.44,baonhieu2
0.03223443223443224,0.019291819291819293,0.019291819291819293,0.007814407814407814,0.002686202686202686,283.37,1.94,101.56,baonhieu2
0.032722832722832725,0.015384615384615385,0.014163614163614164,0.010744810744810745,0.0031746031746031746,314.06,12.69,88.87,baonhieu2
0.02783882783882784,0.017094017094017096,0.014652014652014652,0.01098901098901099,0.002442002442002442,318.44,13.63,97.19,baonhieu2
0.024175824175824177,0.02490842490842491,0.027106227106227107,0.003907203907203907,0.0019536019536019536,313.06,12.88,115.81,baonhieu2
0.02148962148962149,0.032722832722832725,0.040293040293040296,0.004395604395604396,0.0014652014652014652,305.37,11.0,131.12,baonhieu2
0.019536019536019536,0.03833943833943834,0.04932844932844933,0.010256410256410256,0.001221001221001221,92.06,7.44,140.19,baonhieu2
0.021245421245421246,0.04224664224664225,0.05567765567765568,0.014407814407814409,0.0009768009768009768,91.56,-2.56,140.06,baonhieu2
0.022466422466422466,0.04371184371184371,0.05934065934065934,0.01611721611721612,0.0009768009768009768,225.81,-18.0,125.31,baonhieu2
0.023443223443223443,0.041758241758241756,0.05616605616605617,0.011233211233211233,0.0002442002442002442,223.19,-21.94,113.56,baonhieu2
0.02735042735042735,0.03199023199023199,0.042735042735042736,0.003418803418803419,0.0009768009768009768,226.31,-21.5,105.5,baonhieu2
0.030525030525030524,0.024175824175824177,0.030525030525030524,0.002197802197802198,0.0017094017094017094,234.81,-19.06,102.56,baonhieu2
0.032722832722832725,0.018803418803418803,0.02197802197802198,0.006105006105006105,0.002197802197802198,242.44,-18.12,105.25,baonhieu2
0.03418803418803419,0.014896214896214897,0.015873015873015872,0.008791208791208791,0.001221001221001221,259.75,-12.81,108.25,baonhieu2
0.03418803418803419,0.013186813186813187,0.01221001221001221,0.010500610500610501,0.0007326007326007326,285.31,-4.0,110.06,baonhieu2
0.02905982905982906,0.014896214896214897,0.013431013431013432,0.010500610500610501,0.0002442002442002442,310.37,6.5,105.31,baonhieu2
0.0231990231990232,0.01978021978021978,0.022466422466422466,0.006593406593406593,0.0,311.94,12.94,110.81,baonhieu2
0.01904761904761905,0.030525030525030524,0.03907203907203907,0.0029304029304029304,0.0002442002442002442,309.75,16.44,122.44,baonhieu2
0.01611721611721612,0.0380952380952381,0.05054945054945055,0.009523809523809525,0.0004884004884004884,302.31,15.38,132.31,baonhieu2
0.01611721611721612,0.04322344322344322,0.05860805860805861,0.014163614163614164,0.0004884004884004884,275.81,6.19,134.25,baonhieu2
0.016361416361416362,0.0463980463980464,0.06373626373626373,0.01684981684981685,0.0004884004884004884,234.56,-9.5,119.06,baonhieu2
0.01684981684981685,0.04786324786324787,0.06715506715506715,0.017094017094017096,0.0004884004884004884,221.44,-18.25,105.94,baonhieu2
0.021001221001221003,0.041025641025641026,0.05811965811965812,0.01098901098901099,0.0004884004884004884,229.12,-16.69,100.37,baonhieu2
0.025152625152625153,0.03199023199023199,0.04542124542124542,0.004395604395604396,0.0004884004884004884,245.5,-12.56,100.5,baonhieu2
0.028083028083028084,0.025885225885225887,0.03663003663003663,0.0002442002442002442,0.0004884004884004884,278.06,-1.5,99.75,baonhieu2
0.03028083028083028,0.02148962148962149,0.03028083028083028,0.003663003663003663,0.001221001221001221,312.06,12.19,97.37,baonhieu2
0.02612942612942613,0.02148962148962149,0.027594627594627594,0.00463980463980464,0.0017094017094017094,335.87,24.0,98.69,baonhieu2
0.019536019536019536,0.025885225885225887,0.03199023199023199,0.003663003663003663,0.0009768009768009768,336.25,25.81,120.0,baonhieu2
0.01514041514041514,0.0336996336996337,0.04126984126984127,0.005372405372405372,0.0004884004884004884,314.56,17.0,136.5,baonhieu2
0.011965811965811967,0.042735042735042736,0.05054945054945055,0.013186813186813187,0.0002442002442002442,80.69,11.19,139.56,baonhieu2
0.012454212454212455,0.04908424908424908,0.0568986568986569,0.01855921855921856,0.0,81.25,1.37,136.06,baonhieu2
0.015384615384615385,0.05347985347985348,0.06153846153846154,0.022222222222222223,0.0002442002442002442,243.19,-8.25,118.31,baonhieu2
0.01733821733821734,0.055921855921855924,0.06422466422466422,0.022954822954822957,0.0004884004884004884,240.19,-11.81,103.44,baonhieu2
0.020757020757020756,0.04884004884004884,0.0547008547008547,0.015384615384615385,0.0017094017094017094,245.69,-11.56,98.06,baonhieu2
0.025152625152625153,0.03956043956043956,0.04249084249084249,0.00757020757020757,0.0014652014652014652,257.81,-8.81,100.56,baonhieu2
0.028083028083028084,0.03296703296703297,0.0336996336996337,0.002197802197802198,0.001221001221001221,275.56,-2.31,108.31,baonhieu2
0.030036630036630037,0.028327228327228327,0.027594627594627594,0.0014652014652014652,0.001221001221001221,309.31,13.38,115.75,baonhieu2
0.028815628815628817,0.027106227106227107,0.02442002442002442,0.0031746031746031746,0.0009768009768009768,330.56,24.31,121.19,baonhieu2
0.022222222222222223,0.03199023199023199,0.03076923076923077,0.0017094017094017094,0.0009768009768009768,325.31,20.87,132.62,baonhieu2
0.017582417582417582,0.040293040293040296,0.04078144078144078,0.002686202686202686,0.0004884004884004884,87.25,13.75,138.75,baonhieu2
0.014163614163614164,0.04590964590964591,0.04981684981684982,0.007081807081807082,0.001221001221001221,85.81,5.56,140.44,baonhieu2
0.016361416361416362,0.04981684981684982,0.05641025641025641,0.010012210012210013,0.0019536019536019536,89.56,-8.69,140.5,baonhieu2
0.018070818070818073,0.05128205128205128,0.060805860805860805,0.01221001221001221,0.002197802197802198,230.25,-17.37,118.37,baonhieu2
0.02026862026862027,0.051770451770451774,0.06349206349206349,0.01221001221001221,0.002686202686202686,232.62,-18.56,105.69,baonhieu2
0.02442002442002442,0.042002442002442006,0.05225885225885226,0.005372405372405372,0.0017094017094017094,238.25,-16.94,101.69,baonhieu2
0.02735042735042735,0.03418803418803419,0.04004884004884005,0.0002442002442002442,0.0009768009768009768,254.75,-11.0,103.56,baonhieu2
0.029304029304029304,0.028815628815628817,0.03125763125763126,0.004395604395604396,0.0017094017094017094,285.31,0.81,108.37,baonhieu2
0.029304029304029304,0.02490842490842491,0.025152625152625153,0.007081807081807082,0.0019536019536019536,308.62,11.06,112.25,baonhieu2
0.023931623931623933,0.030036630036630037,0.03199023199023199,0.001221001221001221,0.001221001221001221,319.81,17.69,117.56,baonhieu2
0.02026862026862027,0.040293040293040296,0.04395604395604396,0.006105006105006105,0.0007326007326007326,324.19,20.56,122.75,baonhieu2
0.017582417582417582,0.04713064713064713,0.052503052503052504,0.01098901098901099,0.0002442002442002442,323.5,20.87,129.06,baonhieu2
0.016605616605616606,0.05201465201465202,0.058363858363858365,0.014652014652014652,0.0,313.12,16.25,136.62,baonhieu2
0.017582417582417582,0.05347985347985348,0.06227106227106227,0.016361416361416362,0.0002442002442002442,85.94,2.5,139.0,baonhieu2
0.019536019536019536,0.054212454212454214,0.06495726495726496,0.017582417582417582,0.0004884004884004884,237.37,-11.75,121.31,baonhieu2
0.021245421245421246,0.05396825396825397,0.06593406593406594,0.017582417582417582,0.0004884004884004884,234.75,-15.81,109.19,baonhieu2
0.022954822954822957,0.04468864468864469,0.05372405372405373,0.010744810744810745,0.0007326007326007326,240.5,-14.75,104.75,baonhieu2
0.02490842490842491,0.03565323565323565,0.04053724053724054,0.003907203907203907,0.0007326007326007326,250.75,-12.75,106.69,baonhieu2
0.026373626373626374,0.029548229548229547,0.0315018315018315,0.0007326007326007326,0.0007326007326007326,275.06,-4.25,110.56,baonhieu2
0.027106227106227107,0.025152625152625153,0.025152625152625153,0.004151404151404151,0.0007326007326007326,303.56,7.87,113.19,baonhieu2
0.023443223443223443,0.027594627594627594,0.027594627594627594,0.003418803418803419,0.0007326007326007326,322.87,17.44,115.0,baonhieu2
0.018803418803418803,0.03492063492063492,0.03785103785103785,0.0019536019536019536,0.0007326007326007326,329.87,21.44,122.81,baonhieu2
0.01562881562881563,0.04322344322344322,0.047619047619047616,0.007814407814407814,0.0007326007326007326,334.06,24.37,130.37,baonhieu2
0.013431013431013432,0.04884004884004884,0.0547008547008547,0.011721611721611722,0.0007326007326007326,88.69,12.19,140.12,baonhieu2
0.01391941391941392,0.05274725274725275,0.05958485958485959,0.014652014652014652,0.0007326007326007326,87.06,-9.25,138.37,baonhieu2
0.014407814407814409,0.054945054945054944,0.063003663003663,0.016361416361416362,0.0007326007326007326,225.19,-16.44,124.44,baonhieu2
0.014896214896214897,0.05103785103785104,0.05714285714285714,0.010744810744810745,0.0004884004884004884,231.31,-16.12,115.5,baonhieu2
0.02026862026862027,0.040293040293040296,0.043467643467643466,0.003663003663003663,0.001221001221001221,239.12,-14.5,110.37,baonhieu2
0.024175824175824177,0.032722832722832725,0.03321123321123321,0.0014652014652014652,0.0017094017094017094,259.81,-7.56,104.94,baonhieu2
0.026862026862026864,0.02735042735042735,0.025885225885225887,0.004884004884004884,0.002197802197802198,291.87,4.62,101.62,baonhieu2
0.02783882783882784,0.023687423687423687,0.021001221001221003,0.007081807081807082,0.001221001221001221,311.56,10.88,111.37,baonhieu2
0.022954822954822957,0.028327228327228327,0.027106227106227107,0.00463980463980464,0.0007326007326007326,319.19,13.88,126.75,baonhieu2
0.019536019536019536,0.035164835164835165,0.03785103785103785,0.0009768009768009768,0.0002442002442002442,95.75,15.31,140.31,baonhieu2
0.017094017094017096,0.041758241758241756,0.04908424908424908,0.006105006105006105,0.0,85.44,12.94,146.94,baonhieu2
0.01562881562881563,0.0463980463980464,0.057387057387057384,0.009523809523809525,0.0002442002442002442,79.75,4.62,146.94,baonhieu2
0.01611721611721612,0.04981684981684982,0.063003663003663,0.011965811965811967,0.0002442002442002442,79.31,-7.31,142.31,baonhieu2
0.01733821733821734,0.051526251526251524,0.06691086691086691,0.013675213675213675,0.0004884004884004884,218.25,-17.75,121.5,baonhieu2
0.018315018315018316,0.052503052503052504,0.06910866910866911,0.013431013431013432,0.0004884004884004884,223.94,-18.19,111.0,baonhieu2
0.02442002442002442,0.042735042735042736,0.056654456654456654,0.006837606837606838,0.0004884004884004884,232.0,-16.75,107.44,baonhieu2
0.02857142857142857,0.03540903540903541,0.045177045177045176,0.0009768009768009768,0.0004884004884004884,254.31,-9.88,107.87,baonhieu2
0.0315018315018315,0.030525030525030524,0.03736263736263736,0.0031746031746031746,0.0007326007326007326,297.69,5.62,109.06,baonhieu2
0.030036630036630037,0.026862026862026864,0.031746031746031744,0.005860805860805861,0.0007326007326007326,322.94,14.5,118.06,baonhieu2
0.02442002442002442,0.031746031746031744,0.03736263736263736,0.004884004884004884,0.0007326007326007326,333.62,20.5,123.5,baonhieu2
0.02026862026862027,0.038583638583638585,0.04835164835164835,0.0004884004884004884,0.0007326007326007326,337.75,24.31,130.25,baonhieu2
0.017582417582417582,0.043467643467643466,0.05641025641025641,0.004395604395604396,0.0007326007326007326,335.06,23.5,137.87,baonhieu2
0.018070818070818073,0.046886446886446886,0.06227106227106227,0.007326007326007326,0.0007326007326007326,83.81,16.5,142.44,baonhieu2
0.019291819291819293,0.0485958485958486,0.06617826617826618,0.009035409035409036,0.0007326007326007326,259.81,0.56,133.44,baonhieu2
0.020512820512820513,0.04957264957264957,0.06813186813186813,0.00927960927960928,0.0007326007326007326,228.44,-13.06,117.94,baonhieu2
0.022954822954822957,0.0442002442002442,0.059096459096459095,0.003663003663003663,0.0007326007326007326,232.5,-13.06,111.94,baonhieu2
0.027594627594627594,0.03467643467643468,0.04542124542124542,0.002686202686202686,0.0007326007326007326,245.62,-8.81,109.56,baonhieu2
0.03076923076923077,0.028083028083028084,0.03565323565323565,0.007081807081807082,0.0007326007326007326,281.44,3.94,106.12,baonhieu2
0.03296703296703297,0.023443223443223443,0.028815628815628817,0.010256410256410256,0.0007326007326007326,305.31,12.19,106.87,baonhieu2
0.02857142857142857,0.025396825396825397,0.03125763125763126,0.00805860805860806,0.0007326007326007326,315.19,14.69,114.37,baonhieu2
0.025396825396825397,0.03321123321123321,0.041025641025641026,0.0,0.0007326007326007326,319.94,16.31,121.25,baonhieu2
0.0231990231990232,0.03882783882783883,0.050061050061050064,0.005616605616605617,0.0007326007326007326,332.19,22.19,128.31,baonhieu2
0.021733821733821733,0.042735042735042736,0.05616605616605617,0.009523809523809525,0.0004884004884004884,336.19,22.81,137.37,baonhieu2
0.020512820512820513,0.04395604395604396,0.06056166056166056,0.011477411477411478,0.001221001221001221,90.37,13.0,142.81,baonhieu2
0.022222222222222223,0.044444444444444446,0.06275946275946276,0.012698412698412698,0.0007326007326007326,260.37,-0.44,129.81,baonhieu2
0.023443223443223443,0.04395604395604396,0.06373626373626373,0.011477411477411478,0.0002442002442002442,245.31,-7.0,117.12,baonhieu2
0.026862026862026864,0.03565323565323565,0.05103785103785104,0.004395604395604396,0.0,243.62,-8.5,111.94,baonhieu2
0.029304029304029304,0.028083028083028084,0.039316239316239315,0.0009768009768009768,0.0002442002442002442,251.31,-6.87,109.75,baonhieu2
0.031013431013431014,0.02271062271062271,0.03125763125763126,0.00463980463980464,0.0004884004884004884,279.56,1.56,108.37,baonhieu2
0.0315018315018315,0.01904761904761905,0.02564102564102564,0.007326007326007326,0.0004884004884004884,299.62,5.06,111.19,baonhieu2
0.02735042735042735,0.02442002442002442,0.032722832722832725,0.0029304029304029304,0.0007326007326007326,308.31,7.12,117.75,baonhieu2
0.02442002442002442,0.03223443223443224,0.046153846153846156,0.005860805860805861,0.0007326007326007326,323.5,13.44,124.37,baonhieu2
0.022466422466422466,0.037606837606837605,0.05543345543345543,0.011721611721611722,0.0007326007326007326,338.19,19.87,131.87,baonhieu2
0.023443223443223443,0.04151404151404151,0.06202686202686203,0.015873015873015872,0.0007326007326007326,99.62,20.06,139.44,baonhieu2
0.024175824175824177,0.04224664224664225,0.06568986568986569,0.018070818070818073,0.0007326007326007326,95.31,13.13,144.0,baonhieu2
0.02490842490842491,0.04297924297924298,0.06788766788766788,0.019536019536019536,0.0007326007326007326,88.94,-1.12,139.94,baonhieu2
0.02564102564102564,0.04297924297924298,0.06935286935286936,0.019291819291819293,0.0007326007326007326,233.37,-12.44,122.19,baonhieu2
0.028083028083028084,0.03833943833943834,0.060805860805860805,0.013431013431013432,0.0007326007326007326,231.44,-15.06,111.62,baonhieu2
0.03223443223443224,0.02857142857142857,0.04566544566544566,0.005616605616605617,0.0019536019536019536,238.94,-14.13,106.81,baonhieu2
0.03540903540903541,0.021733821733821733,0.035164835164835165,0.0,0.0029304029304029304,264.06,-7.25,108.62,baonhieu2
0.03736263736263736,0.01684981684981685,0.02783882783882784,0.003907203907203907,0.003418803418803419,304.12,6.06,111.19,baonhieu2
0.03321123321123321,0.018803418803418803,0.02857142857142857,0.003663003663003663,0.002686202686202686,335.44,20.56,113.37,baonhieu2
0.027106227106227107,0.02857142857142857,0.042002442002442006,0.0017094017094017094,0.0019536019536019536,351.0,31.62,117.56,baonhieu2
0.022954822954822957,0.03540903540903541,0.051526251526251524,0.005860805860805861,0.0017094017094017094,353.56,35.06,131.75,baonhieu2
0.020024420024420026,0.04004884004884005,0.05811965811965812,0.009035409035409036,0.0014652014652014652,79.19,24.69,146.19,baonhieu2
0.018803418803418803,0.04224664224664225,0.063003663003663,0.01098901098901099,0.001221001221001221,80.94,5.06,149.75,baonhieu2
0.01855921855921856,0.043467643467643466,0.06617826617826618,0.012454212454212455,0.0009768009768009768,83.75,-16.06,137.81,baonhieu2
0.01904761904761905,0.04395604395604396,0.06862026862026863,0.011965811965811967,0.0009768009768009768,213.0,-22.87,122.87,baonhieu2
0.023443223443223443,0.03785103785103785,0.058363858363858365,0.005860805860805861,0.0007326007326007326,222.31,-20.94,116.5,baonhieu2
0.026373626373626374,0.029304029304029304,0.044444444444444446,0.0007326007326007326,0.0002442002442002442,266.25,-4.25,108.94,baonhieu2
0.02857142857142857,0.023443223443223443,0.03467643467643468,0.005372405372405372,0.001221001221001221,314.94,14.69,97.87,baonhieu2
0.02905982905982906,0.01904761904761905,0.02783882783882784,0.008547008547008548,0.0017094017094017094,333.12,20.25,102.12,baonhieu2
0.0231990231990232,0.02148962148962149,0.02857142857142857,0.010256410256410256,0.002197802197802198,337.94,22.62,114.31,baonhieu2
0.018803418803418803,0.028815628815628817,0.037606837606837605,0.007326007326007326,0.001221001221001221,339.87,23.44,129.75,baonhieu2
0.015873015873015872,0.03394383394383394,0.04957264957264957,0.002442002442002442,0.0007326007326007326,94.69,22.75,140.25,baonhieu2
0.01684981684981685,0.03736263736263736,0.05787545787545788,0.0014652014652014652,0.0002442002442002442,88.69,18.75,148.87,baonhieu2
0.01904761904761905,0.04004884004884005,0.06373626373626373,0.004395604395604396,0.0,84.62,7.87,153.25,baonhieu2
0.021001221001221003,0.04126984126984127,0.06764346764346764,0.006349206349206349,0.0002442002442002442,79.12,-7.5,139.25,baonhieu2
0.022466422466422466,0.042002442002442006,0.07008547008547009,0.006837606837606838,0.0002442002442002442,212.0,-19.44,125.12,baonhieu2
0.026373626373626374,0.036141636141636145,0.06056166056166056,0.0014652014652014652,0.0004884004884004884,212.06,-20.69,118.44,baonhieu2
0.031013431013431014,0.026862026862026864,0.046153846153846156,0.00463980463980464,0.0004884004884004884,219.0,-17.87,116.94,baonhieu2
0.03418803418803419,0.02026862026862027,0.036141636141636145,0.008791208791208791,0.0004884004884004884,251.62,-5.62,119.31,baonhieu2
0.03663003663003663,0.01562881562881563,0.02905982905982906,0.011721611721611722,0.0004884004884004884,285.06,2.0,127.31,baonhieu2
0.032722832722832725,0.018070818070818073,0.028815628815628817,0.011233211233211233,0.0004884004884004884,315.87,11.31,129.0,baonhieu2
0.02612942612942613,0.02783882783882784,0.04078144078144078,0.00463980463980464,0.0004884004884004884,337.06,21.44,125.19,baonhieu2
0.02148962148962149,0.03492063492063492,0.05103785103785104,0.0,0.0007326007326007326,348.69,28.0,127.56,baonhieu2
0.018070818070818073,0.0398046398046398,0.058363858363858365,0.0031746031746031746,0.0007326007326007326,351.5,28.44,137.69,baonhieu2
0.018070818070818073,0.041758241758241756,0.06324786324786325,0.004884004884004884,0.0007326007326007326,86.19,19.75,146.25,baonhieu2
0.018315018315018316,0.04322344322344322,0.06642246642246642,0.005860805860805861,0.0007326007326007326,77.94,6.06,138.62,baonhieu2
0.01904761904761905,0.043467643467643466,0.06788766788766788,0.005616605616605617,0.0007326007326007326,233.06,-8.81,124.56,baonhieu2
0.022954822954822957,0.03882783882783883,0.05885225885225885,0.0002442002442002442,0.0004884004884004884,223.06,-15.25,119.12,baonhieu2
0.028327228327228327,0.028815628815628817,0.04395604395604396,0.005616605616605617,0.001221001221001221,223.37,-15.81,114.94,baonhieu2
0.03223443223443224,0.021733821733821733,0.033455433455433455,0.009768009768009768,0.0017094017094017094,228.56,-14.06,112.87,baonhieu2
0.03467643467643468,0.01684981684981685,0.025885225885225887,0.012698412698412698,0.0009768009768009768,257.06,-4.31,115.0,baonhieu2
0.035164835164835165,0.013675213675213675,0.020757020757020756,0.01391941391941392,0.0004884004884004884,301.56,10.13,115.5,baonhieu2
0.030525030525030524,0.017582417582417582,0.025396825396825397,0.008547008547008548,0.0,326.19,17.75,119.75,baonhieu2
0.02735042735042735,0.026617826617826617,0.037606837606837605,0.0004884004884004884,0.0002442002442002442,334.25,20.44,129.56,baonhieu2
0.025152625152625153,0.03296703296703297,0.0485958485958486,0.005372405372405372,0.0002442002442002442,345.62,24.69,138.0,baonhieu2
0.023931623931623933,0.037606837606837605,0.05641025641025641,0.009523809523809525,0.0004884004884004884,87.06,19.12,147.19,baonhieu2
0.023931623931623933,0.04004884004884005,0.061782661782661785,0.012454212454212455,0.0004884004884004884,75.44,4.69,138.81,baonhieu2
0.024664224664224663,0.041758241758241756,0.06568986568986569,0.013431013431013432,0.0004884004884004884,239.19,-5.69,125.69,baonhieu2
0.02735042735042735,0.036874236874236875,0.05641025641025641,0.007081807081807082,0.0017094017094017094,232.37,-10.38,119.0,baonhieu2
0.03076923076923077,0.02857142857142857,0.04322344322344322,0.0002442002442002442,0.002686202686202686,239.06,-8.25,114.44,baonhieu2
0.03321123321123321,0.02271062271062271,0.03394383394383394,0.005372405372405372,0.0031746031746031746,255.44,-3.44,114.25,baonhieu2
0.03492063492063492,0.01855921855921856,0.02735042735042735,0.009035409035409036,0.003663003663003663,292.87,8.19,112.5,baonhieu2
0.033455433455433455,0.016605616605616606,0.0231990231990232,0.010500610500610501,0.002686202686202686,322.19,16.87,115.56,baonhieu2
0.027106227106227107,0.022222222222222223,0.031746031746031744,0.004151404151404151,0.002197802197802198,332.37,18.62,125.81,baonhieu2
0.022466422466422466,0.03125763125763126,0.042002442002442006,0.0004884004884004884,0.0017094017094017094,347.25,25.44,132.87,baonhieu2
0.019291819291819293,0.03785103785103785,0.05128205128205128,0.005372405372405372,0.0014652014652014652,0.94,29.81,143.12,baonhieu2
0.020512820512820513,0.04224664224664225,0.05787545787545788,0.008791208791208791,0.001221001221001221,87.75,23.62,149.25,baonhieu2
0.021245421245421246,0.044444444444444446,0.06275946275946276,0.011233211233211233,0.0009768009768009768,84.25,10.25,144.56,baonhieu2
0.0231990231990232,0.04542124542124542,0.06568986568986569,0.012698412698412698,0.0009768009768009768,256.25,-1.56,129.25,baonhieu2
0.025152625152625153,0.046153846153846156,0.06544566544566545,0.01098901098901099,0.0009768009768009768,245.56,-6.94,118.69,baonhieu2
0.02735042735042735,0.036874236874236875,0.05201465201465202,0.003418803418803419,0.0009768009768009768,249.31,-6.5,113.31,baonhieu2
0.02905982905982906,0.030525030525030524,0.04249084249084249,0.002197802197802198,0.0009768009768009768,264.19,-2.06,114.31,baonhieu2
0.03028083028083028,0.02612942612942613,0.035897435897435895,0.005860805860805861,0.0009768009768009768,290.12,6.62,117.31,baonhieu2
0.028327228327228327,0.02564102564102564,0.03223443223443224,0.006837606837606838,0.0009768009768009768,322.19,18.81,117.5,baonhieu2
0.02490842490842491,0.03125763125763126,0.04078144078144078,0.0009768009768009768,0.0007326007326007326,339.06,25.75,124.56,baonhieu2
0.022466422466422466,0.038583638583638585,0.05128205128205128,0.007326007326007326,0.0007326007326007326,353.56,30.69,134.31,baonhieu2
0.020757020757020756,0.04371184371184371,0.05885225885225885,0.013186813186813187,0.0007326007326007326,2.62,32.06,143.81,baonhieu2
0.021245421245421246,0.04713064713064713,0.06398046398046398,0.017094017094017096,0.0007326007326007326,85.19,26.12,148.56,baonhieu2
0.02148962148962149,0.04981684981684982,0.06642246642246642,0.019291819291819293,0.0007326007326007326,81.31,18.19,145.12,baonhieu2
0.022466422466422466,0.050061050061050064,0.06788766788766788,0.019536019536019536,0.0007326007326007326,271.06,5.0,132.87,baonhieu2
0.023443223443223443,0.05030525030525031,0.06764346764346764,0.01684981684981685,0.0007326007326007326,243.12,-7.37,118.37,baonhieu2
0.02490842490842491,0.043467643467643466,0.05714285714285714,0.009768009768009768,0.0007326007326007326,244.69,-7.75,113.44,baonhieu2
0.02783882783882784,0.03394383394383394,0.04249084249084249,0.0019536019536019536,0.0007326007326007326,256.25,-4.0,111.62,baonhieu2
0.030036630036630037,0.027106227106227107,0.03247863247863248,0.003663003663003663,0.0007326007326007326,287.12,6.25,111.69,baonhieu2
0.0315018315018315,0.022222222222222223,0.025396825396825397,0.00757020757020757,0.0007326007326007326,317.19,17.25,111.25,baonhieu2
0.027594627594627594,0.025152625152625153,0.028815628815628817,0.005616605616605617,0.0007326007326007326,327.75,20.37,121.12,baonhieu2
0.024664224664224663,0.036141636141636145,0.041025641025641026,0.0009768009768009768,0.0007326007326007326,338.0,24.44,130.12,baonhieu2
0.022466422466422466,0.04395604395604396,0.05128205128205128,0.005860805860805861,0.0007326007326007326,345.5,27.12,137.69,baonhieu2
0.021001221001221003,0.04932844932844933,0.058363858363858365,0.00927960927960928,0.0007326007326007326,85.19,24.19,145.37,baonhieu2
0.021001221001221003,0.052503052503052504,0.06349206349206349,0.011721611721611722,0.0007326007326007326,77.94,11.81,144.44,baonhieu2
0.021001221001221003,0.054212454212454214,0.06691086691086691,0.012942612942612943,0.0007326007326007326,249.19,-1.56,133.31,baonhieu2
0.023931623931623933,0.04981684981684982,0.06105006105006105,0.007081807081807082,0.0002442002442002442,231.25,-10.56,124.06,baonhieu2
0.029548229548229547,0.03956043956043956,0.04737484737484737,0.0,0.001221001221001221,230.87,-12.75,119.12,baonhieu2
0.03321123321123321,0.03076923076923077,0.035164835164835165,0.005372405372405372,0.0017094017094017094,239.87,-10.13,117.0,baonhieu2
0.035897435897435895,0.024664224664224663,0.026373626373626374,0.009035409035409036,0.0009768009768009768,278.31,4.75,112.19,baonhieu2
0.03736263736263736,0.02026862026862027,0.02026862026862027,0.011477411477411478,0.0004884004884004884,318.37,22.12,106.37,baonhieu2
0.032722832722832725,0.023931623931623933,0.025396825396825397,0.00805860805860806,0.0,339.44,28.19,115.19,baonhieu2
0.029548229548229547,0.03296703296703297,0.03711843711843712,0.0007326007326007326,0.0002442002442002442,350.44,30.44,127.62,baonhieu2
0.027106227106227107,0.03907203907203907,0.0463980463980464,0.007081807081807082,0.0002442002442002442,357.94,32.44,137.37,baonhieu2
0.025396825396825397,0.043467643467643466,0.05274725274725275,0.011477411477411478,0.0004884004884004884,354.56,29.75,144.37,baonhieu2
0.026617826617826617,0.046153846153846156,0.05787545787545788,0.014407814407814409,0.0017094017094017094,81.25,19.06,148.06,baonhieu2
0.02783882783882784,0.04737484737484737,0.060805860805860805,0.01611721611721612,0.002442002442002442,77.94,2.44,143.19,baonhieu2
0.028815628815628817,0.04810744810744811,0.06251526251526252,0.017094017094017096,0.0031746031746031746,233.37,-10.13,125.94,baonhieu2
0.029792429792429794,0.04542124542124542,0.06056166056166056,0.014407814407814409,0.003418803418803419,236.44,-11.75,117.69,baonhieu2
0.032722832722832725,0.03663003663003663,0.04932844932844933,0.00757020757020757,0.002686202686202686,246.19,-9.38,114.5,baonhieu2
0.03467643467643468,0.02783882783882784,0.037606837606837605,0.0014652014652014652,0.002197802197802198,261.19,-4.19,114.12,baonhieu2
0.036141636141636145,0.021733821733821733,0.029548229548229547,0.0029304029304029304,0.0017094017094017094,283.19,3.19,115.62,baonhieu2
0.03638583638583639,0.017582417582417582,0.023687423687423687,0.005860805860805861,0.001221001221001221,312.0,13.25,120.12,baonhieu2
0.03321123321123321,0.016361416361416362,0.02197802197802198,0.006105006105006105,0.001221001221001221,328.31,18.81,125.44,baonhieu2
0.026862026862026864,0.022954822954822957,0.032722832722832725,0.0017094017094017094,0.0009768009768009768,339.37,21.62,133.0,baonhieu2
0.022466422466422466,0.031746031746031744,0.045177045177045176,0.011477411477411478,0.0009768009768009768,349.19,25.25,139.0,baonhieu2
0.019536019536019536,0.03785103785103785,0.05396825396825397,0.018315018315018316,0.0009768009768009768,88.0,24.0,145.12,baonhieu2
0.019291819291819293,0.04224664224664225,0.060073260073260075,0.0231990231990232,0.0002442002442002442,80.0,8.38,144.87,baonhieu2
0.019536019536019536,0.045177045177045176,0.06422466422466422,0.026373626373626374,0.0009768009768009768,225.5,-11.38,130.0,baonhieu2
0.020024420024420026,0.046886446886446886,0.06617826617826618,0.02612942612942613,0.0017094017094017094,224.12,-15.44,122.62,baonhieu2
0.024175824175824177,0.038583638583638585,0.05445665445665446,0.017582417582417582,0.0009768009768009768,234.69,-13.0,119.44,baonhieu2
0.02857142857142857,0.029792429792429794,0.041758241758241756,0.010012210012210013,0.0004884004884004884,249.37,-8.94,116.56,baonhieu2
0.031746031746031744,0.023931623931623933,0.03296703296703297,0.00463980463980464,0.0,287.75,5.25,110.87,baonhieu2
0.03394383394383394,0.019536019536019536,0.026862026862026864,0.0009768009768009768,0.0002442002442002442,324.5,18.06,108.19,baonhieu2
0.03076923076923077,0.019536019536019536,0.02442002442002442,0.0009768009768009768,0.0004884004884004884,330.37,17.5,119.44,baonhieu2
0.026862026862026864,0.023931623931623933,0.03296703296703297,0.0029304029304029304,0.0004884004884004884,330.62,15.13,134.5,baonhieu2
0.024175824175824177,0.0336996336996337,0.04542124542124542,0.009035409035409036,0.0017094017094017094,103.69,14.44,146.44,baonhieu2
0.022222222222222223,0.04053724053724054,0.054212454212454214,0.013186813186813187,0.0014652014652014652,94.06,12.0,154.25,baonhieu2
0.02271062271062271,0.045177045177045176,0.060073260073260075,0.016361416361416362,0.001221001221001221,85.81,6.06,155.0,baonhieu2
0.022954822954822957,0.047619047619047616,0.06373626373626373,0.017582417582417582,0.001221001221001221,85.75,-4.0,151.06,baonhieu2
0.0231990231990232,0.04908424908424908,0.06617826617826618,0.018070818070818073,0.0009768009768009768,231.62,-13.88,134.06,baonhieu2
0.023443223443223443,0.04981684981684982,0.06788766788766788,0.017826617826617826,0.0009768009768009768,240.87,-13.25,117.87,baonhieu2
0.026862026862026864,0.04322344322344322,0.059096459096459095,0.012454212454212455,0.0007326007326007326,254.44,-8.5,111.25,baonhieu2
0.029792429792429794,0.032722832722832725,0.045177045177045176,0.005128205128205128,0.0007326007326007326,276.69,0.13,107.0,baonhieu2
0.031746031746031744,0.025152625152625153,0.03565323565323565,0.0,0.0007326007326007326,309.25,13.44,106.81,baonhieu2
0.03321123321123321,0.020024420024420026,0.028815628815628817,0.003663003663003663,0.0007326007326007326,330.19,20.87,114.56,baonhieu2
0.029548229548229547,0.01978021978021978,0.025885225885225887,0.006105006105006105,0.0007326007326007326,340.0,23.69,126.06,baonhieu2
0.027106227106227107,0.02197802197802198,0.029792429792429794,0.006105006105006105,0.0007326007326007326,346.56,25.56,135.19,baonhieu2
0.025396825396825397,0.03028083028083028,0.04078144078144078,0.002442002442002442,0.0007326007326007326,91.81,22.87,144.19,baonhieu2
0.024664224664224663,0.036141636141636145,0.05054945054945055,0.0007326007326007326,0.0007326007326007326,88.25,11.25,148.31,baonhieu2
0.026617826617826617,0.040293040293040296,0.057631257631257635,0.0029304029304029304,0.0007326007326007326,85.69,-3.75,143.5,baonhieu2
0.028083028083028084,0.04249084249084249,0.06251526251526252,0.00463980463980464,0.0007326007326007326,238.31,-9.81,125.56,baonhieu2
0.029548229548229547,0.039316239316239315,0.05958485958485959,0.0017094017094017094,0.0007326007326007326,243.87,-9.5,118.69,baonhieu2
0.03394383394383394,0.02905982905982906,0.046153846153846156,0.004151404151404151,0.0007326007326007326,251.81,-7.75,115.44,baonhieu2
0.036874236874236875,0.021733821733821733,0.035897435897435895,0.00805860805860806,0.0007326007326007326,262.94,-5.25,115.25,baonhieu2
0.03907203907203907,0.016605616605616606,0.028815628815628817,0.01098901098901099,0.0007326007326007326,287.56,2.5,116.5,baonhieu2
0.03833943833943834,0.014163614163614164,0.023687423687423687,0.012698412698412698,0.0007326007326007326,320.69,12.81,120.87,baonhieu2
0.03247863247863248,0.017094017094017096,0.02735042735042735,0.010500610500610501,0.0007326007326007326,342.44,20.62,127.37,baonhieu2
0.02564102564102564,0.028083028083028084,0.040293040293040296,0.0029304029304029304,0.0007326007326007326,354.25,27.0,134.62,baonhieu2
0.021001221001221003,0.03711843711843712,0.051770451770451774,0.002686202686202686,0.0007326007326007326,354.44,27.87,142.44,baonhieu2
0.017826617826617826,0.04322344322344322,0.05982905982905983,0.006837606837606838,0.0007326007326007326,82.81,17.56,144.62,baonhieu2
0.017094017094017096,0.047619047619047616,0.06544566544566545,0.009523809523809525,0.0007326007326007326,258.06,2.06,131.44,baonhieu2
0.01733821733821734,0.04884004884004884,0.06495726495726496,0.007326007326007326,0.0007326007326007326,246.69,-3.56,123.56,baonhieu2
0.02197802197802198,0.03882783882783883,0.05128205128205128,0.0,0.0007326007326007326,245.69,-5.87,118.62,baonhieu2
0.027594627594627594,0.030525030525030524,0.03785103785103785,0.005616605616605617,0.0007326007326007326,248.56,-6.69,115.75,baonhieu2
0.03125763125763126,0.02442002442002442,0.028327228327228327,0.009523809523809525,0.0007326007326007326,254.75,-7.19,117.62,baonhieu2
0.03418803418803419,0.02026862026862027,0.021733821733821733,0.01221001221001221,0.0007326007326007326,268.56,-4.31,123.0,baonhieu2
0.03247863247863248,0.02197802197802198,0.022466422466422466,0.010256410256410256,0.0007326007326007326,283.19,-0.44,132.25,baonhieu2
0.02783882783882784,0.030525030525030524,0.034432234432234435,0.0007326007326007326,0.0007326007326007326,103.5,4.69,138.94,baonhieu2
0.02442002442002442,0.04004884004884005,0.04957264957264957,0.008302808302808303,0.0007326007326007326,98.5,10.0,144.87,baonhieu2
0.022222222222222223,0.046886446886446886,0.060073260073260075,0.013675213675213675,0.0007326007326007326,92.56,12.94,150.37,baonhieu2
0.020512820512820513,0.051770451770451774,0.06764346764346764,0.01733821733821734,0.0007326007326007326,88.5,7.62,152.19,baonhieu2
0.020512820512820513,0.05347985347985348,0.07179487179487179,0.018803418803418803,0.0007326007326007326,82.06,0.06,141.12,baonhieu2
0.020512820512820513,0.05225885225885226,0.07106227106227106,0.01514041514041514,0.0007326007326007326,237.5,-8.5,128.25,baonhieu2
0.023931623931623933,0.043467643467643466,0.05885225885225885,0.00757020757020757,0.0007326007326007326,238.87,-9.56,120.87,baonhieu2
0.02905982905982906,0.03321123321123321,0.04371184371184371,0.0002442002442002442,0.0007326007326007326,244.12,-9.38,116.75,baonhieu2
0.032722832722832725,0.025885225885225887,0.03296703296703297,0.004884004884004884,0.0007326007326007326,251.87,-8.63,116.56,baonhieu2
0.035164835164835165,0.021001221001221003,0.02564102564102564,0.008547008547008548,0.0007326007326007326,270.87,-3.81,119.37,baonhieu2
0.032722832722832725,0.021733821733821733,0.0231990231990232,0.009035409035409036,0.0007326007326007326,299.56,5.44,121.0,baonhieu2
0.028327228327228327,0.027594627594627594,0.03321123321123321,0.0031746031746031746,0.0007326007326007326,329.31,18.75,121.31,baonhieu2
0.023931623931623933,0.03663003663003663,0.04737484737484737,0.004151404151404151,0.0007326007326007326,346.75,27.5,127.75,baonhieu2
0.020757020757020756,0.04297924297924298,0.058363858363858365,0.00927960927960928,0.0007326007326007326,347.0,25.94,138.44,baonhieu2
0.01855921855921856,0.04737484737484737,0.06593406593406594,0.012698412698412698,0.0007326007326007326,91.62,11.94,144.81,baonhieu2
0.018070818070818073,0.04932844932844933,0.0713064713064713,0.015384615384615385,0.0007326007326007326,262.62,-1.56,134.87,baonhieu2
0.018070818070818073,0.050061050061050064,0.07496947496947497,0.01611721611721612,0.0007326007326007326,235.69,-12.13,122.69,baonhieu2
0.02197802197802198,0.04468864468864469,0.06642246642246642,0.010744810744810745,0.0007326007326007326,233.87,-14.13,116.81,baonhieu2
0.028083028083028084,0.03467643467643468,0.052503052503052504,0.003663003663003663,0.0007326007326007326,237.87,-14.25,112.5,baonhieu2
0.03223443223443224,0.027594627594627594,0.042735042735042736,0.0014652014652014652,0.0007326007326007326,248.75,-12.5,112.75,baonhieu2
0.035164835164835165,0.02271062271062271,0.035897435897435895,0.004884004884004884,0.0007326007326007326,282.19,-1.0,116.37,baonhieu2
0.03467643467643468,0.021001221001221003,0.03125763125763126,0.006593406593406593,0.0007326007326007326,317.44,11.69,121.44,baonhieu2
0.02905982905982906,0.026862026862026864,0.0398046398046398,0.0017094017094017094,0.0007326007326007326,336.25,21.44,126.62,baonhieu2
0.025152625152625153,0.036141636141636145,0.051526251526251524,0.0029304029304029304,0.0007326007326007326,347.0,27.19,133.12,baonhieu2
0.022222222222222223,0.04249084249084249,0.05958485958485959,0.006349206349206349,0.0007326007326007326,333.62,22.37,138.31,baonhieu2
0.021245421245421246,0.046886446886446886,0.06544566544566545,0.008547008547008548,0.0007326007326007326,84.94,5.94,135.5,baonhieu2
0.020512820512820513,0.04981684981684982,0.06886446886446887,0.00927960927960928,0.0007326007326007326,241.19,-9.44,120.0,baonhieu2
0.02197802197802198,0.04713064713064713,0.06446886446886448,0.005860805860805861,0.0007326007326007326,229.44,-17.06,113.81,baonhieu2
0.026617826617826617,0.0380952380952381,0.051770451770451774,0.0,0.0007326007326007326,234.25,-16.31,109.94,baonhieu2
0.030525030525030524,0.030036630036630037,0.0398046398046398,0.005128205128205128,0.0004884004884004884,242.25,-13.56,109.69,baonhieu2
0.03321123321123321,0.02442002442002442,0.03125763125763126,0.008791208791208791,0.0002442002442002442,266.62,-4.06,111.0,baonhieu2
0.03492063492063492,0.020512820512820513,0.025152625152625153,0.011233211233211233,0.0,299.81,8.88,114.75,baonhieu2
0.0315018315018315,0.023687423687423687,0.029792429792429794,0.009768009768009768,0.0002442002442002442,327.5,20.31,118.31,baonhieu2
0.02857142857142857,0.03076923076923077,0.04151404151404151,0.005860805860805861,0.0004884004884004884,340.62,26.75,124.44,baonhieu2
0.026617826617826617,0.036141636141636145,0.04981684981684982,0.0019536019536019536,0.0004884004884004884,341.87,26.69,131.56,baonhieu2
0.025396825396825397,0.0398046398046398,0.05641025641025641,0.0009768009768009768,0.0007326007326007326,317.31,16.0,136.12,baonhieu2
0.025152625152625153,0.04249084249084249,0.06105006105006105,0.0029304029304029304,0.0007326007326007326,275.31,1.94,131.19,baonhieu2
0.025396825396825397,0.04395604395604396,0.06324786324786325,0.004395604395604396,0.0007326007326007326,248.37,-8.25,116.12,baonhieu2
0.026373626373626374,0.04126984126984127,0.05860805860805861,0.0002442002442002442,0.0007326007326007326,245.37,-11.31,110.87,baonhieu2
0.0315018315018315,0.031013431013431014,0.045177045177045176,0.006105006105006105,0.0007326007326007326,245.87,-12.5,108.37,baonhieu2
0.035164835164835165,0.023687423687423687,0.03565323565323565,0.010744810744810745,0.0007326007326007326,253.12,-11.5,110.69,baonhieu2
0.03785103785103785,0.01855921855921856,0.02905982905982906,0.013675213675213675,0.0007326007326007326,275.12,-5.31,118.25,baonhieu2
0.03663003663003663,0.017582417582417582,0.02612942612942613,0.014163614163614164,0.0007326007326007326,311.75,7.69,121.94,baonhieu2
0.03028083028083028,0.024175824175824177,0.035164835164835165,0.010012210012210013,0.0007326007326007326,330.62,16.69,125.62,baonhieu2
0.02564102564102564,0.0336996336996337,0.04713064713064713,0.0017094017094017094,0.0007326007326007326,340.44,23.31,129.06,baonhieu2
0.022466422466422466,0.04053724053724054,0.056654456654456654,0.004151404151404151,0.0007326007326007326,330.69,21.5,133.37,baonhieu2
0.02148962148962149,0.045177045177045176,0.06349206349206349,0.00805860805860806,0.0007326007326007326,290.25,8.94,132.12,baonhieu2
0.020757020757020756,0.04810744810744811,0.06813186813186813,0.010012210012210013,0.0007326007326007326,256.69,-2.81,120.12,baonhieu2
0.022222222222222223,0.045177045177045176,0.06324786324786325,0.006105006105006105,0.0007326007326007326,242.62,-11.19,113.56,baonhieu2
0.026373626373626374,0.03540903540903541,0.04932844932844933,0.0002442002442002442,0.0007326007326007326,240.62,-13.63,110.69,baonhieu2
0.031013431013431014,0.027106227106227107,0.03711843711843712,0.005128205128205128,0.0007326007326007326,245.12,-13.13,110.37,baonhieu2
0.034432234432234435,0.02148962148962149,0.028815628815628817,0.008791208791208791,0.0007326007326007326,263.0,-7.69,114.87,baonhieu2
0.03663003663003663,0.01733821733821734,0.02271062271062271,0.011233211233211233,0.0007326007326007326,296.94,3.44,118.62,baonhieu2
0.032722832722832725,0.021245421245421246,0.027594627594627594,0.008302808302808303,0.0007326007326007326,324.25,13.69,121.94,baonhieu2
0.02735042735042735,0.03247863247863248,0.04078144078144078,0.0002442002442002442,0.0007326007326007326,332.75,19.12,126.0,baonhieu2
0.023443223443223443,0.04004884004884005,0.051770451770451774,0.007814407814407814,0.0007326007326007326,333.5,21.5,130.06,baonhieu2
0.021001221001221003,0.04566544566544566,0.05982905982905983,0.013186813186813187,0.0007326007326007326,322.75,17.5,135.62,baonhieu2
0.020024420024420026,0.04908424908424908,0.06568986568986569,0.017094017094017096,0.0007326007326007326,94.94,2.06,139.37,baonhieu2
0.019291819291819293,0.05103785103785104,0.06935286935286936,0.019536019536019536,0.0007326007326007326,243.5,-12.13,125.75,baonhieu2
0.01904761904761905,0.051770451770451774,0.07179487179487179,0.02026862026862027,0.0007326007326007326,237.56,-16.19,115.81,baonhieu2
0.024664224664224663,0.045177045177045176,0.06129426129426129,0.013186813186813187,0.0007326007326007326,241.69,-16.0,110.31,baonhieu2
0.030036630036630037,0.03492063492063492,0.04835164835164835,0.005616605616605617,0.0007326007326007326,247.25,-16.0,108.25,baonhieu2
0.0336996336996337,0.02783882783882784,0.03833943833943834,0.0002442002442002442,0.0007326007326007326,263.5,-11.0,110.81,baonhieu2
0.03638583638583639,0.022954822954822957,0.03125763125763126,0.003663003663003663,0.0007326007326007326,299.5,3.37,114.19,baonhieu2
0.03467643467643468,0.020024420024420026,0.026373626373626374,0.006349206349206349,0.0007326007326007326,326.56,15.38,117.75,baonhieu2
0.028815628815628817,0.027106227106227107,0.03321123321123321,0.00463980463980464,0.0007326007326007326,335.0,22.0,120.44,baonhieu2
0.024664224664224663,0.033455433455433455,0.04664224664224664,0.0014652014652014652,0.0007326007326007326,340.62,27.75,124.81,baonhieu2
0.021733821733821733,0.038583638583638585,0.05616605616605617,0.005616605616605617,0.0007326007326007326,312.19,18.31,132.19,baonhieu2
0.02148962148962149,0.04224664224664225,0.06275946275946276,0.008547008547008548,0.0007326007326007326,258.81,0.19,124.0,baonhieu2
0.021245421245421246,0.04395604395604396,0.06617826617826618,0.008791208791208791,0.0007326007326007326,243.69,-7.25,115.5,baonhieu2
0.023687423687423687,0.0380952380952381,0.05616605616605617,0.002686202686202686,0.0007326007326007326,244.25,-8.44,111.0,baonhieu2
0.02905982905982906,0.02905982905982906,0.04322344322344322,0.003663003663003663,0.0007326007326007326,246.87,-8.06,108.31,baonhieu2
0.03296703296703297,0.02271062271062271,0.03394383394383394,0.00805860805860806,0.0019536019536019536,256.25,-5.87,107.75,baonhieu2
0.035897435897435895,0.018315018315018316,0.027594627594627594,0.011233211233211233,0.002686202686202686,272.06,-2.56,110.69,baonhieu2
0.035164835164835165,0.01684981684981685,0.023443223443223443,0.012942612942612943,0.003418803418803419,284.06,-0.31,118.0,baonhieu2
0.029792429792429794,0.02148962148962149,0.029792429792429794,0.008547008547008548,0.003663003663003663,295.44,2.56,125.31,baonhieu2
0.02612942612942613,0.0315018315018315,0.04322344322344322,0.0009768009768009768,0.0029304029304029304,315.37,9.88,131.37,baonhieu2
0.023687423687423687,0.0398046398046398,0.05372405372405373,0.004395604395604396,0.002197802197802198,329.12,16.31,134.87,baonhieu2
0.023687423687423687,0.04566544566544566,0.06105006105006105,0.008302808302808303,0.0019536019536019536,324.56,16.75,136.5,baonhieu2
0.024664224664224663,0.04981684981684982,0.06617826617826618,0.010256410256410256,0.0014652014652014652,293.25,9.06,130.25,baonhieu2
0.02612942612942613,0.05201465201465202,0.06984126984126984,0.010744810744810745,0.001221001221001221,266.81,0.88,116.62,baonhieu2
0.028083028083028084,0.050061050061050064,0.06544566544566545,0.006837606837606838,0.0,258.75,-4.75,109.81,baonhieu2
0.031746031746031744,0.04126984126984127,0.05274725274725275,0.0002442002442002442,0.0009768009768009768,257.37,-7.75,105.69,baonhieu2
0.03492063492063492,0.03125763125763126,0.04004884004884005,0.005372405372405372,0.0014652014652014652,260.81,-8.06,103.31,baonhieu2
0.03711843711843712,0.02442002442002442,0.031013431013431014,0.009523809523809525,0.0019536019536019536,269.12,-6.81,108.31,baonhieu2
0.038583638583638585,0.019536019536019536,0.02490842490842491,0.01221001221001221,0.002197802197802198,282.37,-3.69,117.19,baonhieu2
0.03638583638583639,0.018803418803418803,0.025396825396825397,0.010500610500610501,0.0014652014652014652,301.69,3.19,124.19,baonhieu2
0.032722832722832725,0.027594627594627594,0.039316239316239315,0.0007326007326007326,0.0007326007326007326,316.0,11.94,127.69,baonhieu2
0.03028083028083028,0.03736263736263736,0.05054945054945055,0.006105006105006105,0.0004884004884004884,322.87,17.62,130.62,baonhieu2
0.02857142857142857,0.044444444444444446,0.058363858363858365,0.01098901098901099,0.0,317.0,17.94,132.87,baonhieu2
0.028083028083028084,0.04908424908424908,0.06398046398046398,0.013675213675213675,0.0,292.5,11.69,128.19,baonhieu2
0.02783882783882784,0.051770451770451774,0.0673992673992674,0.01514041514041514,0.0002442002442002442,261.69,1.81,116.31,baonhieu2
0.028815628815628817,0.05274725274725275,0.0673992673992674,0.014163614163614164,0.0004884004884004884,243.31,-8.13,111.0,baonhieu2
0.03199023199023199,0.04493284493284493,0.05641025641025641,0.007081807081807082,0.0017094017094017094,241.62,-12.63,108.5,baonhieu2
0.035897435897435895,0.035897435897435895,0.04371184371184371,0.0002442002442002442,0.002442002442002442,248.19,-12.88,108.94,baonhieu2
0.03882783882783883,0.029304029304029304,0.03467643467643468,0.004395604395604396,0.0031746031746031746,264.19,-8.25,116.31,baonhieu2
0.04078144078144078,0.02490842490842491,0.028327228327228327,0.007814407814407814,0.003663003663003663,297.81,4.75,120.94,baonhieu2
0.03736263736263736,0.025152625152625153,0.02783882783882784,0.007814407814407814,0.002686202686202686,314.56,12.88,122.56,baonhieu2
0.031746031746031744,0.03321123321123321,0.03833943833943834,0.002197802197802198,0.002197802197802198,322.69,18.75,124.75,baonhieu2
0.02783882783882784,0.03956043956043956,0.050793650793650794,0.0017094017094017094,0.0017094017094017094,325.5,21.69,128.31,baonhieu2
0.02490842490842491,0.04395604395604396,0.05958485958485959,0.004395604395604396,0.0014652014652014652,313.69,17.5,130.94,baonhieu2
0.02442002442002442,0.04713064713064713,0.06568986568986569,0.005616605616605617,0.001221001221001221,283.87,8.5,123.94,baonhieu2
0.02442002442002442,0.04884004884004884,0.06935286935286936,0.005860805860805861,0.0009768009768009768,247.25,-6.44,112.69,baonhieu2
0.026617826617826617,0.04493284493284493,0.06251526251526252,0.0019536019536019536,0.0009768009768009768,236.69,-14.25,109.75,baonhieu2
0.03125763125763126,0.03492063492063492,0.04786324786324787,0.00463980463980464,0.0009768009768009768,238.62,-15.88,109.37,baonhieu2
0.034432234432234435,0.02783882783882784,0.036141636141636145,0.009523809523809525,0.0009768009768009768,245.75,-13.94,112.12,baonhieu2
0.036874236874236875,0.022954822954822957,0.02783882783882784,0.012942612942612943,0.0009768009768009768,269.87,-5.06,117.62,baonhieu2
0.03736263736263736,0.019536019536019536,0.02197802197802198,0.015384615384615385,0.0009768009768009768,304.19,7.94,118.37,baonhieu2
0.03296703296703297,0.022222222222222223,0.024664224664224663,0.014163614163614164,0.0007326007326007326,323.81,16.94,119.56,baonhieu2
0.02735042735042735,0.027594627594627594,0.03492063492063492,0.010500610500610501,0.0007326007326007326,329.69,21.0,123.69,baonhieu2
0.023443223443223443,0.035164835164835165,0.04713064713064713,0.005860805860805861,0.0007326007326007326,325.81,19.81,133.69,baonhieu2
0.020512820512820513,0.04078144078144078,0.057631257631257635,0.002442002442002442,0.0007326007326007326,87.94,9.38,142.94,baonhieu2
0.02197802197802198,0.044444444444444446,0.0652014652014652,0.0,0.0007326007326007326,82.62,-3.37,140.19,baonhieu2
0.023931623931623933,0.046153846153846156,0.07032967032967033,0.0014652014652014652,0.0007326007326007326,215.5,-19.06,125.44,baonhieu2
0.025396825396825397,0.04493284493284493,0.06788766788766788,0.0009768009768009768,0.0007326007326007326,220.37,-20.62,111.31,baonhieu2
0.029548229548229547,0.03540903540903541,0.05445665445665446,0.006837606837606838,0.0007326007326007326,226.87,-19.31,107.44,baonhieu2
0.03247863247863248,0.02857142857142857,0.042735042735042736,0.01098901098901099,0.0007326007326007326,241.31,-14.69,108.12,baonhieu2
0.034432234432234435,0.023687423687423687,0.034432234432234435,0.01391941391941392,0.0007326007326007326,279.19,0.06,107.0,baonhieu2
0.03467643467643468,0.020024420024420026,0.028815628815628817,0.015873015873015872,0.0004884004884004884,315.37,15.56,106.31,baonhieu2
0.029548229548229547,0.02442002442002442,0.0315018315018315,0.01514041514041514,0.0002442002442002442,326.87,20.81,114.06,baonhieu2
0.02612942612942613,0.03394383394383394,0.04151404151404151,0.009523809523809525,0.0,328.12,21.37,125.19,baonhieu2
0.023443223443223443,0.04078144078144078,0.05225885225885226,0.001221001221001221,0.0002442002442002442,320.31,16.81,137.12,baonhieu2
0.023443223443223443,0.04542124542124542,0.05982905982905983,0.00463980463980464,0.0002442002442002442,90.06,8.56,144.31,baonhieu2
0.02442002442002442,0.0485958485958486,0.06544566544566545,0.008547008547008548,0.0004884004884004884,89.81,-5.37,145.87,baonhieu2
0.02564102564102564,0.050061050061050064,0.06886446886446887,0.011233211233211233,0.0004884004884004884,219.25,-16.37,131.81,baonhieu2
0.026862026862026864,0.04737484737484737,0.06544566544566545,0.007326007326007326,0.0004884004884004884,222.69,-17.12,120.56,baonhieu2
0.03076923076923077,0.03736263736263736,0.05128205128205128,0.0004884004884004884,0.0004884004884004884,225.44,-17.75,113.81,baonhieu2
0.03418803418803419,0.02857142857142857,0.038583638583638585,0.005860805860805861,0.0007326007326007326,231.19,-16.69,111.75,baonhieu2
0.03638583638583639,0.022466422466422466,0.029792429792429794,0.009768009768009768,0.0007326007326007326,246.12,-12.94,113.56,baonhieu2
0.0380952380952381,0.018315018315018316,0.023687423687423687,0.012454212454212455,0.0007326007326007326,275.37,-3.19,120.0,baonhieu2
0.03565323565323565,0.018315018315018316,0.022466422466422466,0.012942612942612943,0.0007326007326007326,310.87,8.88,128.06,baonhieu2
0.026373626373626374,0.023931623931623933,0.03125763125763126,0.007814407814407814,0.0007326007326007326,322.62,13.69,134.44,baonhieu2
0.01978021978021978,0.03199023199023199,0.04542124542124542,0.0004884004884004884,0.0019536019536019536,97.94,15.06,141.94,baonhieu2
0.01514041514041514,0.037606837606837605,0.05567765567765568,0.00463980463980464,0.002686202686202686,92.56,12.81,146.37,baonhieu2
0.013431013431013432,0.042002442002442006,0.063003663003663,0.00805860805860806,0.0031746031746031746,90.75,5.12,145.62,baonhieu2
0.014896214896214897,0.044444444444444446,0.06788766788766788,0.010256410256410256,0.003663003663003663,249.0,-5.5,132.31,baonhieu2
0.015873015873015872,0.04566544566544566,0.06984126984126984,0.008791208791208791,0.003907203907203907,238.25,-11.0,118.94,baonhieu2
0.017582417582417582,0.03833943833943834,0.05811965811965812,0.0017094017094017094,0.0029304029304029304,234.06,-14.94,113.94,baonhieu2
0.021245421245421246,0.029792429792429794,0.04468864468864469,0.004395604395604396,0.002442002442002442,232.69,-17.25,110.69,baonhieu2
0.023931623931623933,0.023931623931623933,0.03540903540903541,0.008791208791208791,0.0019536019536019536,236.12,-17.75,110.12,baonhieu2
0.02564102564102564,0.019536019536019536,0.028815628815628817,0.011721611721611722,0.0014652014652014652,253.5,-12.88,111.94,baonhieu2
0.026373626373626374,0.017582417582417582,0.02490842490842491,0.01221001221001221,0.001221001221001221,290.19,1.5,109.87,baonhieu2
0.024175824175824177,0.022222222222222223,0.03199023199023199,0.004884004884004884,0.001221001221001221,312.94,11.25,119.56,baonhieu2
0.02271062271062271,0.031013431013431014,0.04395604395604396,0.0029304029304029304,0.0009768009768009768,315.0,13.06,130.44,baonhieu2
0.02148962148962149,0.03736263736263736,0.05274725274725275,0.008547008547008548,0.0009768009768009768,96.0,13.5,139.37,baonhieu2
0.023443223443223443,0.041758241758241756,0.05885225885225885,0.01221001221001221,0.0009768009768009768,91.5,12.69,143.19,baonhieu2
0.024664224664224663,0.04297924297924298,0.063003663003663,0.01514041514041514,0.0009768009768009768,89.44,3.94,140.75,baonhieu2
0.02735042735042735,0.042735042735042736,0.06593406593406594,0.016605616605616606,0.0009768009768009768,246.69,-7.75,125.94,baonhieu2
0.029792429792429794,0.042735042735042736,0.06764346764346764,0.01611721611721612,0.0009768009768009768,235.37,-14.94,113.69,baonhieu2
0.0315018315018315,0.036141636141636145,0.056654456654456654,0.00927960927960928,0.0009768009768009768,238.25,-17.44,107.87,baonhieu2
0.0336996336996337,0.02783882783882784,0.04395604395604396,0.002197802197802198,0.0007326007326007326,243.75,-17.19,108.06,baonhieu2
0.03540903540903541,0.02197802197802198,0.035164835164835165,0.002686202686202686,0.0007326007326007326,258.19,-12.44,114.81,baonhieu2
0.03663003663003663,0.017826617826617826,0.028815628815628817,0.006105006105006105,0.0004884004884004884,280.19,-4.25,121.75,baonhieu2
0.03418803418803419,0.017826617826617826,0.027594627594627594,0.006593406593406593,0.001221001221001221,300.06,4.81,129.06,baonhieu2
0.03247863247863248,0.02735042735042735,0.0380952380952381,0.0004884004884004884,0.0017094017094017094,315.69,12.5,134.87,baonhieu2
0.03125763125763126,0.03394383394383394,0.04908424908424908,0.004884004884004884,0.0009768009768009768,93.44,15.69,140.12,baonhieu2
0.0315018315018315,0.038583638583638585,0.05714285714285714,0.008547008547008548,0.0004884004884004884,89.0,11.44,142.44,baonhieu2
0.031746031746031744,0.04053724053724054,0.063003663003663,0.01098901098901099,0.0,247.69,-7.5,135.0,baonhieu2
0.03247863247863248,0.041758241758241756,0.06666666666666667,0.01221001221001221,0.0002442002442002442,228.25,-17.69,120.19,baonhieu2
0.03321123321123321,0.037606837606837605,0.05958485958485959,0.00757020757020757,0.0004884004884004884,231.0,-18.75,113.25,baonhieu2
0.03540903540903541,0.02735042735042735,0.04542124542124542,0.0004884004884004884,0.0004884004884004884,235.12,-18.12,109.75,baonhieu2
0.03663003663003663,0.02026862026862027,0.03492063492063492,0.004884004884004884,0.0007326007326007326,245.5,-15.0,109.5,baonhieu2
0.037606837606837605,0.01514041514041514,0.02783882783882784,0.008547008547008548,0.0007326007326007326,265.44,-8.63,112.0,baonhieu2
0.03736263736263736,0.013675213675213675,0.02271062271062271,0.01098901098901099,0.0007326007326007326,287.12,-1.31,116.19,baonhieu2
0.03223443223443224,0.01855921855921856,0.029304029304029304,0.00805860805860806,0.0007326007326007326,302.69,5.31,120.69,baonhieu2
0.027106227106227107,0.03125763125763126,0.04249084249084249,0.0007326007326007326,0.0007326007326007326,312.25,11.0,127.69,baonhieu2
0.023443223443223443,0.04004884004884005,0.052503052503052504,0.004395604395604396,0.0007326007326007326,314.94,13.81,133.31,baonhieu2
0.021001221001221003,0.046153846153846156,0.05934065934065934,0.00805860805860806,0.0007326007326007326,94.12,8.06,139.06,baonhieu2
0.019291819291819293,0.0485958485958486,0.06446886446886448,0.010500610500610501,0.0007326007326007326,92.87,-1.44,140.06,baonhieu2
0.019291819291819293,0.05054945054945055,0.0673992673992674,0.01221001221001221,0.0007326007326007326,232.87,-15.81,122.87,baonhieu2
0.019536019536019536,0.050793650793650794,0.06715506715506715,0.010256410256410256,0.0007326007326007326,221.94,-22.69,110.69,baonhieu2
0.024664224664224663,0.04224664224664225,0.054945054945054944,0.004151404151404151,0.0007326007326007326,225.94,-22.0,105.0,baonhieu2
0.029304029304029304,0.03199023199023199,0.04126984126984127,0.002442002442002442,0.0007326007326007326,232.25,-20.5,103.62,baonhieu2
0.032722832722832725,0.024664224664224663,0.0315018315018315,0.006837606837606838,0.0007326007326007326,251.94,-13.75,108.06,baonhieu2
0.035164835164835165,0.019536019536019536,0.024664224664224663,0.010012210012210013,0.0007326007326007326,279.12,-4.12,113.75,baonhieu2
0.032722832722832725,0.019536019536019536,0.022222222222222223,0.011477411477411478,0.0007326007326007326,303.31,4.12,122.0,baonhieu2
0.02783882783882784,0.02490842490842491,0.029304029304029304,0.009768009768009768,0.0007326007326007326,311.37,7.81,131.56,baonhieu2
0.024175824175824177,0.03247863247863248,0.04224664224664225,0.002442002442002442,0.0007326007326007326,103.37,11.5,137.37,baonhieu2
0.021733821733821733,0.03785103785103785,0.053235653235653234,0.002686202686202686,0.0004884004884004884,96.12,10.63,140.56,baonhieu2
0.021001221001221003,0.04151404151404151,0.06129426129426129,0.006105006105006105,0.001221001221001221,90.25,2.94,140.81,baonhieu2
0.020757020757020756,0.043467643467643466,0.06666666666666667,0.008547008547008548,0.0019536019536019536,242.19,-8.63,127.25,baonhieu2
0.020757020757020756,0.044444444444444446,0.07032967032967033,0.009768009768009768,0.001221001221001221,218.5,-19.94,112.81,baonhieu2
0.025152625152625153,0.039316239316239315,0.06153846153846154,0.004151404151404151,0.0004884004884004884,217.31,-22.37,107.94,baonhieu2
0.030036630036630037,0.029792429792429794,0.04786324786324787,0.002686202686202686,0.0002442002442002442,222.69,-21.5,106.37,baonhieu2
0.0336996336996337,0.0231990231990232,0.03833943833943834,0.00757020757020757,0.0002442002442002442,243.25,-14.69,110.69,baonhieu2
0.036141636141636145,0.01855921855921856,0.031746031746031744,0.010744810744810745,0.0002442002442002442,279.75,-2.62,121.69,baonhieu2
0.03296703296703297,0.020024420024420026,0.030036630036630037,0.01098901098901099,0.0004884004884004884,311.56,7.37,132.0,baonhieu2
0.029304029304029304,0.028327228327228327,0.040293040293040296,0.005616605616605617,0.0007326007326007326,327.81,14.94,134.69,baonhieu2
0.026862026862026864,0.03418803418803419,0.05054945054945055,0.0007326007326007326,0.0014652014652014652,334.44,19.06,137.12,baonhieu2
0.024664224664224663,0.0380952380952381,0.05787545787545788,0.002686202686202686,0.0019536019536019536,92.75,12.38,139.25,baonhieu2
0.023443223443223443,0.040293040293040296,0.06324786324786325,0.005128205128205128,0.002197802197802198,87.19,-2.19,135.5,baonhieu2
0.02271062271062271,0.04151404151404151,0.06666666666666667,0.006105006105006105,0.002442002442002442,219.81,-18.87,122.12,baonhieu2
0.024175824175824177,0.038583638583638585,0.06153846153846154,0.0014652014652014652,0.0014652014652014652,217.75,-23.06,113.75,baonhieu2
0.029792429792429794,0.02905982905982906,0.04810744810744811,0.005128205128205128,0.0007326007326007326,223.81,-21.56,109.81,baonhieu2
0.03394383394383394,0.022466422466422466,0.038583638583638585,0.010012210012210013,0.0002442002442002442,247.56,-12.38,108.87,baonhieu2
0.03663003663003663,0.018070818070818073,0.031746031746031744,0.013431013431013432,0.0,269.37,-6.69,120.19,baonhieu2
0.034432234432234435,0.017582417582417582,0.027106227106227107,0.014407814407814409,0.0002442002442002442,291.87,0.56,131.75,baonhieu2
0.029304029304029304,0.025152625152625153,0.036874236874236875,0.006349206349206349,0.0004884004884004884,105.87,9.94,136.06,baonhieu2
0.025885225885225887,0.03321123321123321,0.04810744810744811,0.0019536019536019536,0.0004884004884004884,99.56,13.81,140.62,baonhieu2
0.023443223443223443,0.03907203907203907,0.055921855921855924,0.00757020757020757,0.0007326007326007326,94.12,15.06,143.5,baonhieu2
0.022954822954822957,0.04297924297924298,0.06153846153846154,0.011477411477411478,0.0007326007326007326,90.06,14.56,144.87,baonhieu2
0.022466422466422466,0.045177045177045176,0.06471306471306472,0.014163614163614164,0.0007326007326007326,87.75,2.25,139.12,baonhieu2
0.022954822954822957,0.046153846153846156,0.06666666666666667,0.01562881562881563,0.0007326007326007326,214.31,-21.31,122.44,baonhieu2
0.0231990231990232,0.04664224664224664,0.0673992673992674,0.01514041514041514,0.0007326007326007326,212.87,-26.19,112.81,baonhieu2
0.029792429792429794,0.036874236874236875,0.0547008547008547,0.00757020757020757,0.0007326007326007326,218.87,-25.12,108.12,baonhieu2
0.034432234432234435,0.028815628815628817,0.04151404151404151,0.0007326007326007326,0.0007326007326007326,224.62,-23.12,107.94,baonhieu2
0.037606837606837605,0.022954822954822957,0.03223443223443224,0.003907203907203907,0.0019536019536019536,241.69,-17.56,114.19,baonhieu2
0.03785103785103785,0.01904761904761905,0.02564102564102564,0.007081807081807082,0.002686202686202686,278.37,-3.37,122.75,baonhieu2
0.03296703296703297,0.02148962148962149,0.02612942612942613,0.00757020757020757,0.0031746031746031746,308.81,7.69,132.06,baonhieu2
0.028815628815628817,0.031013431013431014,0.03785103785103785,0.002197802197802198,0.003663003663003663,323.69,14.69,136.62,baonhieu2
0.02564102564102564,0.037606837606837605,0.0485958485958486,0.003907203907203907,0.002686202686202686,95.69,17.56,139.12,baonhieu2
0.023687423687423687,0.04224664224664225,0.05616605616605617,0.008302808302808303,0.002197802197802198,91.06,15.81,141.25,baonhieu2
0.02271062271062271,0.0442002442002442,0.06129426129426129,0.011233211233211233,0.0017094017094017094,88.31,6.06,141.12,baonhieu2
0.02271062271062271,0.045177045177045176,0.06495726495726496,0.012454212454212455,0.0014652014652014652,253.56,-3.44,125.87,baonhieu2
0.02271062271062271,0.044444444444444446,0.06495726495726496,0.009523809523809525,0.001221001221001221,229.31,-15.25,116.25,baonhieu2
0.02735042735042735,0.03467643467643468,0.051526251526251524,0.002197802197802198,0.001221001221001221,227.06,-18.19,111.25,baonhieu2
0.03199023199023199,0.02564102564102564,0.03785103785103785,0.004395604395604396,0.0009768009768009768,230.5,-17.31,109.62,baonhieu2
0.03540903540903541,0.019536019536019536,0.028083028083028084,0.009035409035409036,0.0009768009768009768,240.62,-13.63,112.62,baonhieu2
0.037606837606837605,0.01514041514041514,0.02148962148962149,0.012454212454212455,0.0009768009768009768,260.69,-7.0,118.94,baonhieu2
0.03321123321123321,0.01733821733821734,0.021245421245421246,0.01221001221001221,0.0009768009768009768,290.44,3.19,125.31,baonhieu2
0.02612942612942613,0.026373626373626374,0.03321123321123321,0.005128205128205128,0.0009768009768009768,315.75,13.06,129.94,baonhieu2
0.021001221001221003,0.03418803418803419,0.046886446886446886,0.0017094017094017094,0.0009768009768009768,324.0,17.19,134.25,baonhieu2
0.017582417582417582,0.03956043956043956,0.05641025641025641,0.006349206349206349,0.0009768009768009768,93.0,15.19,138.87,baonhieu2
0.01733821733821734,0.043467643467643466,0.06324786324786325,0.009768009768009768,0.0009768009768009768,87.12,4.75,139.81,baonhieu2
0.017582417582417582,0.045177045177045176,0.06788766788766788,0.011721611721611722,0.0009768009768009768,246.62,-5.69,132.06,baonhieu2
0.018070818070818073,0.04395604395604396,0.06568986568986569,0.008302808302808303,0.0019536019536019536,234.37,-11.94,118.69,baonhieu2
0.021001221001221003,0.035897435897435895,0.05299145299145299,0.001221001221001221,0.002686202686202686,229.31,-16.19,111.75,baonhieu2
0.02612942612942613,0.026617826617826617,0.038583638583638585,0.004884004884004884,0.0031746031746031746,232.87,-15.75,108.37,baonhieu2
0.029792429792429794,0.020024420024420026,0.02857142857142857,0.00927960927960928,0.003663003663003663,242.62,-12.38,109.62,baonhieu2
0.03223443223443224,0.015384615384615385,0.02148962148962149,0.01221001221001221,0.003907203907203907,267.31,-3.31,116.31,baonhieu2
0.03247863247863248,0.014896214896214897,0.01904761904761905,0.013186813186813187,0.0029304029304029304,305.44,9.75,123.25,baonhieu2
0.028083028083028084,0.020512820512820513,0.025396825396825397,0.010500610500610501,0.002442002442002442,321.62,14.75,129.87,baonhieu2
0.024664224664224663,0.0315018315018315,0.03907203907203907,0.002197802197802198,0.0019536019536019536,328.12,17.44,135.19,baonhieu2
0.022222222222222223,0.03907203907203907,0.05054945054945055,0.003418803418803419,0.0014652014652014652,95.44,17.62,139.31,baonhieu2
0.020512820512820513,0.044444444444444446,0.05885225885225885,0.00757020757020757,0.001221001221001221,92.75,13.75,142.0,baonhieu2
0.021001221001221003,0.046153846153846156,0.06446886446886448,0.010012210012210013,0.0009768009768009768,273.69,3.0,131.19,baonhieu2
0.021245421245421246,0.04713064713064713,0.06764346764346764,0.010744810744810745,0.0009768009768009768,230.25,-14.94,121.25,baonhieu2
0.02442002442002442,0.04053724053724054,0.055921855921855924,0.004151404151404151,0.0019536019536019536,223.06,-20.25,115.31,baonhieu2
0.03028083028083028,0.030036630036630037,0.041025641025641026,0.0029304029304029304,0.002686202686202686,227.37,-19.81,111.19,baonhieu2
0.034432234432234435,0.02271062271062271,0.03076923076923077,0.00805860805860806,0.0031746031746031746,241.44,-14.81,111.37,baonhieu2
0.03736263736263736,0.017582417582417582,0.023443223443223443,0.011477411477411478,0.003663003663003663,280.0,-1.0,112.5,baonhieu2
0.03540903540903541,0.01684981684981685,0.020512820512820513,0.01221001221001221,0.003907203907203907,308.06,7.69,118.62,baonhieu2
0.02857142857142857,0.0231990231990232,0.030525030525030524,0.00757020757020757,0.0029304029304029304,313.44,8.81,127.44,baonhieu2
0.023931623931623933,0.032722832722832725,0.04542124542124542,0.0002442002442002442,0.002442002442002442,107.25,9.75,135.87,baonhieu2
0.020757020757020756,0.039316239316239315,0.055921855921855924,0.00463980463980464,0.0019536019536019536,102.31,9.56,141.81,baonhieu2
0.021733821733821733,0.04395604395604396,0.06324786324786325,0.008302808302808303,0.0017094017094017094,95.94,3.37,145.87,baonhieu2
0.022222222222222223,0.046153846153846156,0.06837606837606838,0.010500610500610501,0.0014652014652014652,91.19,-5.0,144.81,baonhieu2
0.023443223443223443,0.047619047619047616,0.07155067155067155,0.01098901098901099,0.001221001221001221,227.31,-15.06,131.56,baonhieu2
0.024664224664224663,0.04566544566544566,0.07057387057387057,0.009523809523809525,0.0009768009768009768,214.81,-24.69,115.12,baonhieu2
0.02783882783882784,0.039316239316239315,0.060073260073260075,0.003907203907203907,0.0009768009768009768,218.19,-24.5,109.0,baonhieu2
0.03296703296703297,0.028815628815628817,0.045177045177045176,0.002686202686202686,0.0007326007326007326,223.37,-23.12,107.37,baonhieu2
0.03663003663003663,0.021733821733821733,0.034432234432234435,0.00757020757020757,0.0007326007326007326,240.44,-17.12,111.94,baonhieu2
0.03907203907203907,0.016605616605616606,0.027106227106227107,0.01098901098901099,0.0007326007326007326,273.87,-4.75,119.81,baonhieu2
0.03565323565323565,0.018803418803418803,0.02857142857142857,0.010256410256410256,0.0007326007326007326,305.94,7.0,124.69,baonhieu2
0.029304029304029304,0.027594627594627594,0.040293040293040296,0.00463980463980464,0.0007326007326007326,318.94,13.19,131.44,baonhieu2
0.024664224664224663,0.03492063492063492,0.05054945054945055,0.0,0.0007326007326007326,99.31,14.94,139.75,baonhieu2
0.02148962148962149,0.04004884004884005,0.058363858363858365,0.003418803418803419,0.0007326007326007326,94.06,8.81,143.75,baonhieu2
0.019291819291819293,0.043467643467643466,0.06373626373626373,0.005860805860805861,0.0004884004884004884,255.25,-4.75,132.5,baonhieu2
0.019536019536019536,0.04590964590964591,0.06691086691086691,0.007326007326007326,0.001221001221001221,230.94,-16.06,118.44,baonhieu2
0.020757020757020756,0.04224664224664225,0.05982905982905983,0.0029304029304029304,0.0019536019536019536,226.25,-19.75,111.87,baonhieu2
0.02783882783882784,0.03321123321123321,0.04664224664224664,0.0031746031746031746,0.002197802197802198,227.0,-20.69,107.75,baonhieu2
0.032722832722832725,0.025396825396825397,0.03467643467643468,0.008302808302808303,0.002686202686202686,228.94,-20.62,107.25,baonhieu2
0.036141636141636145,0.020024420024420026,0.026373626373626374,0.011965811965811967,0.002686202686202686,238.75,-17.25,113.0,baonhieu2
0.03833943833943834,0.01611721611721612,0.020512820512820513,0.014407814407814409,0.0017094017094017094,266.44,-6.62,123.31,baonhieu2
0.0336996336996337,0.01978021978021978,0.023687423687423687,0.011721611721611722,0.0009768009768009768,301.31,5.69,130.69,baonhieu2
0.028815628815628817,0.030525030525030524,0.03663003663003663,0.0019536019536019536,0.0004884004884004884,322.44,15.0,135.56,baonhieu2
0.02564102564102564,0.0380952380952381,0.04884004884004884,0.004884004884004884,0.0,94.37,19.25,140.37,baonhieu2
0.0231990231990232,0.043467643467643466,0.05714285714285714,0.009768009768009768,0.0002442002442002442,89.06,18.06,142.25,baonhieu2
0.022222222222222223,0.04542124542124542,0.06324786324786325,0.012942612942612943,0.0002442002442002442,83.75,4.75,138.62,baonhieu2
0.021733821733821733,0.046153846153846156,0.0673992673992674,0.014652014652014652,0.0004884004884004884,238.12,-9.25,122.75,baonhieu2
0.02197802197802198,0.044444444444444446,0.06349206349206349,0.010256410256410256,0.0004884004884004884,229.56,-15.06,118.0,baonhieu2
0.025152625152625153,0.035897435897435895,0.05103785103785104,0.002197802197802198,0.0007326007326007326,233.87,-16.62,115.5,baonhieu2
0.02783882783882784,0.02735042735042735,0.038583638583638585,0.00463980463980464,0.0017094017094017094,241.94,-15.38,114.31,baonhieu2
0.029548229548229547,0.021245421245421246,0.029792429792429794,0.009523809523809525,0.0014652014652014652,255.0,-12.88,117.75,baonhieu2
0.031013431013431014,0.017094017094017096,0.023443223443223443,0.012698412698412698,0.001221001221001221,276.56,-5.75,127.56,baonhieu2
0.02905982905982906,0.01855921855921856,0.022466422466422466,0.012942612942612943,0.001221001221001221,114.0,1.69,136.25,baonhieu2
0.023443223443223443,0.027594627594627594,0.03296703296703297,0.00757020757020757,0.0009768009768009768,105.75,8.06,140.87,baonhieu2
0.019291819291819293,0.035897435897435895,0.0463980463980464,0.0009768009768009768,0.0009768009768009768,96.06,11.56,143.56,baonhieu2
0.016605616605616606,0.041758241758241756,0.05641025641025641,0.003663003663003663,0.0007326007326007326,90.19,8.81,143.94,baonhieu2
0.016361416361416362,0.04590964590964591,0.06324786324786325,0.006837606837606838,0.0007326007326007326,86.56,-6.81,136.44,baonhieu2
0.01611721611721612,0.04810744810744811,0.06764346764346764,0.009035409035409036,0.0007326007326007326,210.75,-23.81,116.25,baonhieu2
0.01904761904761905,0.046886446886446886,0.06324786324786325,0.004151404151404151,0.0007326007326007326,217.25,-23.5,107.87,baonhieu2
0.025885225885225887,0.03736263736263736,0.04884004884004884,0.002442002442002442,0.0007326007326007326,224.31,-22.62,106.56,baonhieu2
0.030525030525030524,0.03076923076923077,0.038583638583638585,0.006837606837606838,0.0007326007326007326,232.25,-21.94,110.62,baonhieu2
0.03394383394383394,0.02612942612942613,0.0315018315018315,0.010012210012210013,0.0007326007326007326,247.25,-17.37,120.75,baonhieu2
0.034432234432234435,0.024175824175824177,0.027594627594627594,0.011477411477411478,0.0007326007326007326,279.31,-5.37,133.0,baonhieu2
0.029792429792429794,0.02857142857142857,0.03492063492063492,0.006105006105006105,0.0007326007326007326,111.5,6.06,139.87,baonhieu2
0.024175824175824177,0.03785103785103785,0.046886446886446886,0.0004884004884004884,0.0007326007326007326,103.12,10.13,141.31,baonhieu2
0.02026862026862027,0.0442002442002442,0.05616605616605617,0.0031746031746031746,0.0007326007326007326,95.25,10.19,142.06,baonhieu2
0.017582417582417582,0.04884004884004884,0.06275946275946276,0.005860805860805861,0.0007326007326007326,90.87,-1.69,138.56,baonhieu2
0.016361416361416362,0.051770451770451774,0.0673992673992674,0.00757020757020757,0.0007326007326007326,228.81,-15.38,117.69,baonhieu2
0.016361416361416362,0.05347985347985348,0.06984126984126984,0.008791208791208791,0.0007326007326007326,229.37,-17.56,108.87,baonhieu2
0.023931623931623933,0.043467643467643466,0.05714285714285714,0.002442002442002442,0.0007326007326007326,233.31,-17.37,106.25,baonhieu2
0.029304029304029304,0.034432234432234435,0.0442002442002442,0.003418803418803419,0.0007326007326007326,237.0,-17.37,106.0,baonhieu2
0.03296703296703297,0.028083028083028084,0.03540903540903541,0.007326007326007326,0.0004884004884004884,247.75,-15.38,109.56,baonhieu2
0.035164835164835165,0.023687423687423687,0.02905982905982906,0.010256410256410256,0.001221001221001221,275.75,-5.87,116.37,baonhieu2
0.032722832722832725,0.023687423687423687,0.02612942612942613,0.011721611721611722,0.0017094017094017094,308.62,5.94,125.06,baonhieu2
0.02612942612942613,0.028083028083028084,0.029792429792429794,0.009768009768009768,0.0009768009768009768,324.94,11.5,133.31,baonhieu2
0.018803418803418803,0.03711843711843712,0.041758241758241756,0.0004884004884004884,0.0017094017094017094,105.12,12.25,138.5,baonhieu2
0.013675213675213675,0.04371184371184371,0.051770451770451774,0.006349206349206349,0.002197802197802198,97.5,8.0,141.94,baonhieu2
0.010012210012210013,0.04810744810744811,0.059096459096459095,0.01098901098901099,0.001221001221001221,88.56,-2.0,135.81,baonhieu2
0.00805860805860806,0.04981684981684982,0.06398046398046398,0.014163614163614164,0.0007326007326007326,231.12,-12.31,118.12,baonhieu2
0.00927960927960928,0.0485958485958486,0.06446886446886448,0.011477411477411478,0.0002442002442002442,223.69,-18.44,108.56,baonhieu2
0.016605616605616606,0.03833943833943834,0.051526251526251524,0.003907203907203907,0.0,223.75,-20.31,104.06,baonhieu2
0.02271062271062271,0.029792429792429794,0.03907203907203907,0.0019536019536019536,0.0002442002442002442,228.06,-20.5,102.44,baonhieu2
0.027106227106227107,0.023687423687423687,0.030525030525030524,0.006105006105006105,0.0004884004884004884,245.69,-16.31,110.94,baonhieu2
0.030036630036630037,0.019291819291819293,0.02442002442002442,0.008791208791208791,0.0004884004884004884,273.37,-7.06,118.5,baonhieu2
0.027106227106227107,0.022954822954822957,0.028815628815628817,0.006105006105006105,0.0007326007326007326,294.25,0.94,123.19,baonhieu2
0.02490842490842491,0.03394383394383394,0.042002442002442006,0.0,0.0007326007326007326,307.44,7.62,128.19,baonhieu2
0.023443223443223443,0.041758241758241756,0.05225885225885226,0.004151404151404151,0.0007326007326007326,317.62,12.5,134.56,baonhieu2
0.02271062271062271,0.04713064713064713,0.05934065934065934,0.007081807081807082,0.0007326007326007326,98.69,13.56,138.56,baonhieu2
0.022954822954822957,0.04932844932844933,0.06422466422466422,0.008791208791208791,0.0007326007326007326,93.44,3.5,138.87,baonhieu2
0.0231990231990232,0.05054945054945055,0.06764346764346764,0.010012210012210013,0.0007326007326007326,234.75,-13.19,120.37,baonhieu2
0.023687423687423687,0.04810744810744811,0.06495726495726496,0.008547008547008548,0.0007326007326007326,226.56,-19.06,110.87,baonhieu2
0.02905982905982906,0.03638583638583639,0.05030525030525031,0.0009768009768009768,0.0007326007326007326,225.94,-20.81,105.81,baonhieu2
0.03296703296703297,0.028083028083028084,0.0380952380952381,0.004395604395604396,0.0007326007326007326,228.94,-20.87,103.44,baonhieu2
0.03565323565323565,0.022466422466422466,0.029548229548229547,0.008302808302808303,0.0007326007326007326,239.19,-19.94,108.56,baonhieu2
0.03711843711843712,0.01855921855921856,0.023443223443223443,0.01098901098901099,0.0007326007326007326,255.56,-16.06,118.44,baonhieu2
0.032722832722832725,0.0231990231990232,0.03076923076923077,0.005616605616605617,0.0007326007326007326,276.62,-7.31,127.31,baonhieu2
0.025885225885225887,0.03394383394383394,0.04493284493284493,0.003663003663003663,0.0007326007326007326,295.25,1.87,130.0,baonhieu2
0.021001221001221003,0.04249084249084249,0.054945054945054944,0.010012210012210013,0.0007326007326007326,305.44,8.5,133.12,baonhieu2
0.017826617826617826,0.04835164835164835,0.06202686202686203,0.014407814407814409,0.0007326007326007326,95.25,7.56,135.56,baonhieu2
0.017094017094017096,0.052503052503052504,0.06642246642246642,0.01684981684981685,0.0007326007326007326,257.87,-4.12,134.94,baonhieu2
0.017094017094017096,0.05445665445665446,0.0695970695970696,0.01855921855921856,0.0007326007326007326,235.12,-12.0,119.06,baonhieu2
0.017094017094017096,0.05543345543345543,0.06984126984126984,0.01562881562881563,0.0007326007326007326,222.12,-18.44,107.25,baonhieu2
0.020757020757020756,0.04566544566544566,0.05787545787545788,0.008547008547008548,0.0007326007326007326,223.62,-19.62,101.62,baonhieu2
0.026373626373626374,0.03467643467643468,0.043467643467643466,0.0017094017094017094,0.0004884004884004884,228.56,-19.06,99.75,baonhieu2
0.030525030525030524,0.026862026862026864,0.033455433455433455,0.0031746031746031746,0.001221001221001221,240.31,-16.75,107.44,baonhieu2
0.03321123321123321,0.02148962148962149,0.026373626373626374,0.006593406593406593,0.0017094017094017094,268.37,-8.0,117.69,baonhieu2
0.031013431013431014,0.023687423687423687,0.026373626373626374,0.006349206349206349,0.002197802197802198,297.0,2.25,125.0,baonhieu2
0.025885225885225887,0.03394383394383394,0.03882783882783883,0.0,0.002442002442002442,312.37,9.44,129.44,baonhieu2
0.022222222222222223,0.04126984126984127,0.05030525030525031,0.00463980463980464,0.002686202686202686,321.19,15.56,131.69,baonhieu2
0.01978021978021978,0.0463980463980464,0.058363858363858365,0.00805860805860806,0.002686202686202686,90.31,11.5,137.87,baonhieu2
0.020512820512820513,0.050061050061050064,0.06422466422466422,0.011233211233211233,0.0029304029304029304,85.31,-0.94,138.0,baonhieu2
0.021001221001221003,0.052503052503052504,0.06813186813186813,0.012698412698412698,0.0029304029304029304,215.87,-18.0,132.31,baonhieu2
0.021733821733821733,0.05396825396825397,0.07057387057387057,0.013675213675213675,0.0017094017094017094,208.19,-26.94,110.44,baonhieu2
0.022466422466422466,0.0547008547008547,0.07203907203907203,0.012698412698412698,0.0,215.25,-26.19,101.69,baonhieu2
0.028815628815628817,0.04322344322344322,0.05811965811965812,0.005616605616605617,0.0014652014652014652,219.62,-26.75,100.5,baonhieu2
0.03321123321123321,0.035164835164835165,0.04542124542124542,0.0,0.002442002442002442,234.0,-24.12,107.56,baonhieu2
0.03638583638583639,0.029304029304029304,0.03663003663003663,0.003907203907203907,0.0007326007326007326,269.06,-11.06,119.31,baonhieu2
0.03492063492063492,0.025885225885225887,0.030525030525030524,0.006593406593406593,0.0004884004884004884,303.44,2.69,127.19,baonhieu2
0.026617826617826617,0.0315018315018315,0.033455433455433455,0.006837606837606838,0.001221001221001221,108.56,8.31,136.62,baonhieu2
0.018803418803418803,0.042002442002442006,0.043467643467643466,0.0017094017094017094,0.0007326007326007326,98.06,9.94,143.06,baonhieu2
0.011477411477411478,0.04932844932844933,0.054212454212454214,0.00463980463980464,0.0002442002442002442,85.81,7.81,147.69,baonhieu2
0.00463980463980464,0.0547008547008547,0.06153846153846154,0.009035409035409036,0.0,78.44,-2.94,145.87,baonhieu2
0.0002442002442002442,0.058363858363858365,0.06691086691086691,0.01221001221001221,0.0002442002442002442,210.94,-17.44,125.81,baonhieu2
0.003663003663003663,0.060073260073260075,0.06984126984126984,0.011965811965811967,0.0004884004884004884,207.37,-23.06,114.06,baonhieu2
0.006349206349206349,0.050061050061050064,0.059096459096459095,0.005372405372405372,0.0017094017094017094,213.5,-23.31,107.5,baonhieu2
0.014407814407814409,0.039316239316239315,0.046153846153846156,0.0007326007326007326,0.002442002442002442,220.0,-23.12,107.19,baonhieu2
0.020024420024420026,0.031746031746031744,0.036874236874236875,0.005128205128205128,0.0031746031746031746,234.87,-19.81,118.75,baonhieu2
0.023931623931623933,0.026617826617826617,0.030525030525030524,0.008302808302808303,0.003418803418803419,263.12,-10.56,131.81,baonhieu2
0.019291819291819293,0.028815628815628817,0.03199023199023199,0.00805860805860806,0.002686202686202686,114.94,-0.62,137.19,baonhieu2
0.013675213675213675,0.037606837606837605,0.0442002442002442,0.002686202686202686,0.002197802197802198,107.37,9.5,137.5,baonhieu2
0.009768009768009768,0.04371184371184371,0.054945054945054944,0.0009768009768009768,0.0017094017094017094,96.5,15.81,140.75,baonhieu2
0.007081807081807082,0.04786324786324787,0.06251526251526252,0.003663003663003663,0.0014652014652014652,88.37,12.5,144.19,baonhieu2
0.005372405372405372,0.04957264957264957,0.06764346764346764,0.005372405372405372,0.001221001221001221,82.19,1.69,141.81,baonhieu2
0.005128205128205128,0.05030525030525031,0.0713064713064713,0.006593406593406593,0.001221001221001221,224.19,-13.81,125.06,baonhieu2
0.006593406593406593,0.05030525030525031,0.07057387057387057,0.005616605616605617,0.0009768009768009768,217.19,-19.81,115.81,baonhieu2
0.014163614163614164,0.039316239316239315,0.056654456654456654,0.001221001221001221,0.0009768009768009768,217.81,-21.44,110.5,baonhieu2
0.020024420024420026,0.029548229548229547,0.04297924297924298,0.007081807081807082,0.0009768009768009768,220.37,-22.31,107.87,baonhieu2
0.024175824175824177,0.02271062271062271,0.033455433455433455,0.01098901098901099,0.0009768009768009768,226.75,-21.25,110.19,baonhieu2
0.026862026862026864,0.017826617826617826,0.026862026862026864,0.01391941391941392,0.0009768009768009768,247.94,-13.88,117.44,baonhieu2
0.024175824175824177,0.01684981684981685,0.022466422466422466,0.01562881562881563,0.0009768009768009768,284.25,0.25,121.31,baonhieu2
0.018803418803418803,0.022954822954822957,0.03028083028083028,0.011477411477411478,0.0009768009768009768,302.06,7.94,123.81,baonhieu2
0.01514041514041514,0.0336996336996337,0.04371184371184371,0.004395604395604396,0.0007326007326007326,309.31,13.13,128.31,baonhieu2
0.012454212454212455,0.04126984126984127,0.05445665445665446,0.0004884004884004884,0.0007326007326007326,315.0,16.75,134.06,baonhieu2
0.012454212454212455,0.04664224664224664,0.06202686202686203,0.003907203907203907,0.0007326007326007326,85.75,7.62,138.44,baonhieu2
0.013675213675213675,0.0485958485958486,0.06715506715506715,0.005616605616605617,0.0007326007326007326,254.69,-3.0,127.56,baonhieu2
0.014652014652014652,0.04981684981684982,0.06984126984126984,0.005128205128205128,0.0007326007326007326,240.62,-10.19,116.56,baonhieu2
0.020024420024420026,0.042002442002442006,0.05934065934065934,0.001221001221001221,0.0007326007326007326,232.25,-16.44,110.5,baonhieu2
0.02612942612942613,0.030525030525030524,0.04468864468864469,0.007814407814407814,0.0007326007326007326,229.19,-19.44,106.56,baonhieu2
0.03028083028083028,0.02271062271062271,0.03296703296703297,0.012454212454212455,0.0007326007326007326,230.81,-19.81,103.94,baonhieu2
0.03321123321123321,0.017094017094017096,0.02490842490842491,0.015873015873015872,0.0007326007326007326,249.25,-12.69,104.94,baonhieu2
0.03492063492063492,0.013675213675213675,0.01904761904761905,0.018070818070818073,0.0007326007326007326,283.25,0.56,111.12,baonhieu2
0.0315018315018315,0.014163614163614164,0.01978021978021978,0.01733821733821734,0.0007326007326007326,304.0,8.38,121.31,baonhieu2
0.025885225885225887,0.024664224664224663,0.03125763125763126,0.011965811965811967,0.0007326007326007326,310.56,10.69,129.94,baonhieu2
0.02197802197802198,0.03418803418803419,0.045177045177045176,0.003907203907203907,0.0004884004884004884,315.06,13.13,134.37,baonhieu2
0.019291819291819293,0.04078144078144078,0.0547008547008547,0.0014652014652014652,0.001221001221001221,94.25,14.44,137.44,baonhieu2
0.020512820512820513,0.04542124542124542,0.06153846153846154,0.005372405372405372,0.0017094017094017094,91.37,6.87,137.56,baonhieu2
0.02148962148962149,0.04737484737484737,0.06593406593406594,0.00757020757020757,0.002197802197802198,244.56,-8.44,124.94,baonhieu2
0.022222222222222223,0.04835164835164835,0.06593406593406594,0.005128205128205128,0.001221001221001221,224.94,-19.25,116.0,baonhieu2
0.027106227106227107,0.03882783882783883,0.05299145299145299,0.0019536019536019536,0.0007326007326007326,223.75,-21.44,110.31,baonhieu2
0.031746031746031744,0.028815628815628817,0.03907203907203907,0.00805860805860806,0.0002442002442002442,226.87,-21.19,107.37,baonhieu2
0.03492063492063492,0.021733821733821733,0.029304029304029304,0.012454212454212455,0.0,242.81,-16.5,108.56,baonhieu2
0.03736263736263736,0.01684981684981685,0.022466422466422466,0.01562881562881563,0.0002442002442002442,289.25,-2.12,109.87,baonhieu2
0.0336996336996337,0.01855921855921856,0.02271062271062271,0.014896214896214897,0.0002442002442002442,304.5,2.56,122.75,baonhieu2
0.025885225885225887,0.02735042735042735,0.03467643467643468,0.010012210012210013,0.0007326007326007326,307.25,5.25,131.81,baonhieu2
0.020512820512820513,0.03467643467643468,0.0485958485958486,0.0029304029304029304,0.0014652014652014652,105.5,8.38,137.31,baonhieu2
0.016605616605616606,0.0398046398046398,0.05811965811965812,0.0019536019536019536,0.0019536019536019536,97.19,9.5,141.19,baonhieu2
0.014896214896214897,0.043467643467643466,0.06495726495726496,0.005372405372405372,0.002197802197802198,94.5,6.62,140.06,baonhieu2
0.015384615384615385,0.04542124542124542,0.0695970695970696,0.007326007326007326,0.002442002442002442,267.0,-1.5,132.44,baonhieu2
0.01611721611721612,0.0463980463980464,0.07252747252747253,0.008302808302808303,0.0014652014652014652,238.5,-12.44,119.06,baonhieu2
0.01733821733821734,0.04224664224664225,0.06568986568986569,0.003663003663003663,0.0007326007326007326,220.12,-22.5,113.19,baonhieu2
0.022954822954822957,0.03199023199023199,0.050793650793650794,0.0031746031746031746,0.0002442002442002442,217.5,-25.19,109.19,baonhieu2
0.027106227106227107,0.023931623931623933,0.03785103785103785,0.008547008547008548,0.0,221.06,-24.44,107.37,baonhieu2
0.029792429792429794,0.018315018315018316,0.02905982905982906,0.01221001221001221,0.0002442002442002442,235.0,-18.94,113.37,baonhieu2
0.031746031746031744,0.014163614163614164,0.02271062271062271,0.014896214896214897,0.0002442002442002442,267.94,-6.37,119.12,baonhieu2
0.027594627594627594,0.01904761904761905,0.026617826617826617,0.011477411477411478,0.0004884004884004884,297.37,5.0,122.12,baonhieu2
0.02271062271062271,0.03199023199023199,0.04078144078144078,0.0031746031746031746,0.0004884004884004884,310.12,11.25,124.81,baonhieu2
0.01904761904761905,0.041025641025641026,0.05372405372405373,0.003418803418803419,0.0004884004884004884,319.0,15.75,127.69,baonhieu2
0.016605616605616606,0.04737484737484737,0.06275946275946276,0.009035409035409036,0.0004884004884004884,319.25,16.87,130.87,baonhieu2
0.017826617826617826,0.051770451770451774,0.06886446886446887,0.012942612942612943,0.0004884004884004884,285.56,6.37,134.62,baonhieu2
0.01904761904761905,0.05372405372405373,0.07301587301587302,0.01562881562881563,0.0004884004884004884,239.87,-8.94,121.81,baonhieu2
0.020024420024420026,0.05445665445665446,0.0735042735042735,0.01391941391941392,0.0004884004884004884,220.56,-18.94,113.31,baonhieu2
0.023687423687423687,0.04468864468864469,0.060805860805860805,0.006105006105006105,0.0017094017094017094,224.06,-19.37,108.31,baonhieu2
0.028083028083028084,0.03492063492063492,0.046886446886446886,0.001221001221001221,0.002686202686202686,229.75,-17.87,107.12,baonhieu2
0.031013431013431014,0.028083028083028084,0.03711843711843712,0.006349206349206349,0.0031746031746031746,248.56,-12.0,110.06,baonhieu2
0.03321123321123321,0.0231990231990232,0.030036630036630037,0.010012210012210013,0.003663003663003663,272.87,-4.5,118.5,baonhieu2
0.029792429792429794,0.02564102564102564,0.031746031746031744,0.008547008547008548,0.003907203907203907,292.69,1.75,124.37,baonhieu2
0.02564102564102564,0.03492063492063492,0.04151404151404151,0.003418803418803419,0.004151404151404151,309.56,8.5,123.69,baonhieu2
0.02271062271062271,0.04151404151404151,0.05274725274725275,0.0019536019536019536,0.004151404151404151,317.44,13.63,127.06,baonhieu2
0.020757020757020756,0.04590964590964591,0.06031746031746032,0.006593406593406593,0.004395604395604396,317.94,15.88,130.69,baonhieu2
0.019291819291819293,0.04932844932844933,0.06593406593406594,0.009768009768009768,0.004395604395604396,293.75,8.75,134.37,baonhieu2
0.020512820512820513,0.05103785103785104,0.06910866910866911,0.011965811965811967,0.004395604395604396,237.19,-10.69,126.94,baonhieu2
0.021245421245421246,0.05225885225885226,0.07106227106227106,0.01221001221001221,0.004395604395604396,211.0,-26.0,115.06,baonhieu2
0.024664224664224663,0.04590964590964591,0.06324786324786325,0.006593406593406593,0.003418803418803419,213.12,-27.06,109.12,baonhieu2
0.03028083028083028,0.035164835164835165,0.04981684981684982,0.0007326007326007326,0.002686202686202686,220.94,-24.37,106.69,baonhieu2
0.03418803418803419,0.02783882783882784,0.03907203907203907,0.005860805860805861,0.002197802197802198,234.44,-19.44,109.0,baonhieu2
0.036874236874236875,0.022466422466422466,0.03125763125763126,0.009768009768009768,0.0017094017094017094,255.69,-12.5,115.06,baonhieu2
0.035164835164835165,0.019536019536019536,0.02612942612942613,0.01221001221001221,0.002442002442002442,286.06,-2.12,120.12,baonhieu2
0.02783882783882784,0.024175824175824177,0.031013431013431014,0.010256410256410256,0.0031746031746031746,303.19,4.25,123.69,baonhieu2
0.022222222222222223,0.03394383394383394,0.04249084249084249,0.003418803418803419,0.003663003663003663,310.19,8.81,128.87,baonhieu2
0.018315018315018316,0.041025641025641026,0.05445665445665446,0.0031746031746031746,0.003907203907203907,315.06,12.13,134.62,baonhieu2
0.015384615384615385,0.04566544566544566,0.06251526251526252,0.007814407814407814,0.004151404151404151,93.94,10.13,138.44,baonhieu2
0.014896214896214897,0.04786324786324787,0.06837606837606838,0.011233211233211233,0.004151404151404151,259.62,-2.81,134.12,baonhieu2
0.014652014652014652,0.04908424908424908,0.07203907203907203,0.012942612942612943,0.004395604395604396,220.5,-19.44,118.25,baonhieu2
0.01684981684981685,0.04542124542124542,0.06446886446886448,0.007814407814407814,0.004395604395604396,209.87,-26.56,111.69,baonhieu2
0.0231990231990232,0.03492063492063492,0.04981684981684982,0.0002442002442002442,0.004395604395604396,212.06,-26.44,106.62,baonhieu2
0.027594627594627594,0.026617826617826617,0.03785103785103785,0.005372405372405372,0.004395604395604396,216.94,-24.87,106.12,baonhieu2
0.03076923076923077,0.021001221001221003,0.029304029304029304,0.009523809523809525,0.004395604395604396,235.75,-18.19,112.31,baonhieu2
0.032722832722832725,0.017094017094017096,0.023443223443223443,0.01221001221001221,0.00463980463980464,279.19,-2.25,117.25,baonhieu2
0.029548229548229547,0.020757020757020756,0.026373626373626374,0.010500610500610501,0.00463980463980464,313.69,9.94,124.25,baonhieu2
0.023443223443223443,0.028815628815628817,0.03638583638583639,0.005616605616605617,0.00463980463980464,318.81,13.0,128.5,baonhieu2
0.01904761904761905,0.036874236874236875,0.05054945054945055,0.0017094017094017094,0.003418803418803419,321.69,15.63,133.94,baonhieu2
0.01611721611721612,0.04249084249084249,0.06031746031746032,0.006837606837606838,0.002686202686202686,90.37,8.38,141.62,baonhieu2
0.01562881562881563,0.046153846153846156,0.06715506715506715,0.010500610500610501,0.0019536019536019536,85.44,-6.0,141.0,baonhieu2
0.015384615384615385,0.04835164835164835,0.07155067155067155,0.011477411477411478,0.0017094017094017094,215.06,-20.0,123.19,baonhieu2
0.01611721611721612,0.04542124542124542,0.06666666666666667,0.007326007326007326,0.0014652014652014652,212.62,-23.94,113.25,baonhieu2
0.02271062271062271,0.03492063492063492,0.05225885225885226,0.0,0.001221001221001221,212.19,-25.37,110.12,baonhieu2
0.02735042735042735,0.026617826617826617,0.03956043956043956,0.006105006105006105,0.001221001221001221,217.56,-23.87,108.81,baonhieu2
0.03076923076923077,0.021001221001221003,0.03076923076923077,0.010256410256410256,0.0009768009768009768,242.12,-14.81,114.19,baonhieu2
0.03296703296703297,0.01684981684981685,0.02442002442002442,0.013186813186813187,0.0009768009768009768,279.5,-1.0,120.56,baonhieu2
0.029792429792429794,0.01855921855921856,0.02564102564102564,0.013186813186813187,0.0009768009768009768,307.69,8.13,129.87,baonhieu2
0.023687423687423687,0.022466422466422466,0.03540903540903541,0.011965811965811967,0.0009768009768009768,104.25,11.63,137.5,baonhieu2
0.019536019536019536,0.029304029304029304,0.04664224664224664,0.006837606837606838,0.0009768009768009768,95.81,12.81,144.75,baonhieu2
0.016361416361416362,0.037606837606837605,0.055921855921855924,0.0019536019536019536,0.0009768009768009768,86.19,7.56,146.75,baonhieu2
0.01514041514041514,0.043467643467643466,0.06251526251526252,0.0019536019536019536,0.0009768009768009768,79.31,-3.12,141.62,baonhieu2
0.014652014652014652,0.04737484737484737,0.06715506715506715,0.00463980463980464,0.0009768009768009768,215.44,-17.56,120.87,baonhieu2
0.014652014652014652,0.04957264957264957,0.07032967032967033,0.006349206349206349,0.0009768009768009768,209.87,-23.0,107.94,baonhieu2
0.021001221001221003,0.04151404151404151,0.05958485958485959,0.0017094017094017094,0.0007326007326007326,214.75,-22.81,102.5,baonhieu2
0.026373626373626374,0.03125763125763126,0.0463980463980464,0.004151404151404151,0.0007326007326007326,220.94,-22.06,102.81,baonhieu2
0.03028083028083028,0.024175824175824177,0.03663003663003663,0.00805860805860806,0.0007326007326007326,237.19,-17.44,112.25,baonhieu2
0.03296703296703297,0.01904761904761905,0.029792429792429794,0.01098901098901099,0.0007326007326007326,280.94,-1.0,124.87,baonhieu2
0.031013431013431014,0.017826617826617826,0.025152625152625153,0.012698412698412698,0.0007326007326007326,323.75,13.5,133.69,baonhieu2
0.024175824175824177,0.021733821733821733,0.026617826617826617,0.012454212454212455,0.0007326007326007326,100.06,13.13,140.37,baonhieu2
0.019291819291819293,0.029792429792429794,0.036141636141636145,0.009035409035409036,0.0007326007326007326,88.25,15.88,142.12,baonhieu2
0.01611721611721612,0.036141636141636145,0.04737484737484737,0.0029304029304029304,0.0007326007326007326,80.37,10.69,143.0,baonhieu2
0.014163614163614164,0.04078144078144078,0.05567765567765568,0.0014652014652014652,0.0007326007326007326,76.75,-3.0,138.25,baonhieu2
0.013186813186813187,0.04395604395604396,0.06153846153846154,0.00463980463980464,0.0007326007326007326,203.06,-24.0,125.19,baonhieu2
0.013186813186813187,0.04590964590964591,0.0652014652014652,0.006837606837606838,0.0007326007326007326,202.5,-29.56,106.25,baonhieu2
0.01611721611721612,0.04249084249084249,0.06153846153846154,0.004151404151404151,0.0019536019536019536,211.94,-28.19,102.94,baonhieu2
0.022222222222222223,0.03223443223443224,0.04981684981684982,0.002442002442002442,0.002686202686202686,219.87,-27.37,107.0,baonhieu2
0.026617826617826617,0.02490842490842491,0.03907203907203907,0.00757020757020757,0.003418803418803419,230.0,-23.94,114.62,baonhieu2
0.029548229548229547,0.01978021978021978,0.0315018315018315,0.011233211233211233,0.003907203907203907,254.0,-13.13,122.75,baonhieu2
0.029304029304029304,0.01611721611721612,0.026373626373626374,0.013675213675213675,0.0029304029304029304,297.81,5.5,130.25,baonhieu2
0.026617826617826617,0.015873015873015872,0.023687423687423687,0.01514041514041514,0.002197802197802198,100.31,13.75,136.94,baonhieu2
0.023931623931623933,0.02197802197802198,0.030036630036630037,0.013186813186813187,0.0017094017094017094,94.87,14.19,139.37,baonhieu2
0.022222222222222223,0.03125763125763126,0.04371184371184371,0.005616605616605617,0.0014652014652014652,89.25,13.69,139.25,baonhieu2
0.020757020757020756,0.03785103785103785,0.053235653235653234,0.0004884004884004884,0.001221001221001221,86.25,6.25,138.37,baonhieu2
0.020757020757020756,0.04249084249084249,0.05982905982905983,0.0031746031746031746,0.0009768009768009768,240.69,-8.44,124.75,baonhieu2
0.02148962148962149,0.045177045177045176,0.06275946275946276,0.003663003663003663,0.0009768009768009768,211.19,-24.37,111.06,baonhieu2
0.024664224664224663,0.03833943833943834,0.05299145299145299,0.002442002442002442,0.0007326007326007326,211.31,-26.19,105.87,baonhieu2
0.029548229548229547,0.02783882783882784,0.03956043956043956,0.008791208791208791,0.0007326007326007326,216.44,-24.69,105.0,baonhieu2
0.032722832722832725,0.020512820512820513,0.030036630036630037,0.013431013431013432,0.0019536019536019536,229.94,-20.25,109.94,baonhieu2
0.035164835164835165,0.015384615384615385,0.023443223443223443,0.016361416361416362,0.002686202686202686,263.31,-8.56,116.62,baonhieu2
0.03247863247863248,0.014652014652014652,0.02026862026862027,0.01733821733821734,0.0031746031746031746,299.37,4.12,125.19,baonhieu2
0.02564102564102564,0.01733821733821734,0.02490842490842491,0.015384615384615385,0.002442002442002442,313.56,9.13,131.69,baonhieu2
0.020757020757020756,0.027594627594627594,0.037606837606837605,0.005860805860805861,0.0019536019536019536,320.31,13.44,134.0,baonhieu2
0.017582417582417582,0.03467643467643468,0.04835164835164835,0.002442002442002442,0.0014652014652014652,95.25,9.94,139.31,baonhieu2
0.015873015873015872,0.03956043956043956,0.055921855921855924,0.008302808302808303,0.001221001221001221,273.0,2.81,132.31,baonhieu2
0.01514041514041514,0.04249084249084249,0.06105006105006105,0.012454212454212455,0.0009768009768009768,232.75,-11.13,116.56,baonhieu2
0.014652014652014652,0.04004884004884005,0.060073260073260075,0.010500610500610501,0.0009768009768009768,211.44,-22.87,110.81,baonhieu2
0.019291819291819293,0.029792429792429794,0.04713064713064713,0.0029304029304029304,0.0007326007326007326,214.06,-23.19,105.37,baonhieu2
0.024664224664224663,0.020757020757020756,0.034432234432234435,0.003907203907203907,0.0007326007326007326,220.5,-21.56,103.62,baonhieu2
0.028327228327228327,0.014163614163614164,0.025396825396825397,0.008547008547008548,0.0007326007326007326,234.19,-18.19,108.75,baonhieu2
0.031013431013431014,0.009768009768009768,0.019291819291819293,0.011721611721611722,0.0007326007326007326,251.62,-13.0,117.5,baonhieu2
0.028815628815628817,0.010256410256410256,0.017094017094017096,0.012698412698412698,0.0007326007326007326,284.31,-1.5,128.69,baonhieu2
0.02490842490842491,0.01611721611721612,0.02612942612942613,0.00757020757020757,0.0007326007326007326,308.75,8.38,133.19,baonhieu2
0.022222222222222223,0.028327228327228327,0.04078144078144078,0.0029304029304029304,0.0007326007326007326,97.94,13.63,138.56,baonhieu2
0.02026862026862027,0.036874236874236875,0.05103785103785104,0.010256410256410256,0.0007326007326007326,88.31,10.5,141.87,baonhieu2
0.01978021978021978,0.04297924297924298,0.058363858363858365,0.015384615384615385,0.0007326007326007326,259.44,0.94,130.62,baonhieu2
0.01978021978021978,0.04713064713064713,0.06349206349206349,0.018070818070818073,0.0007326007326007326,224.44,-12.06,115.69,baonhieu2
0.020757020757020756,0.0442002442002442,0.060805860805860805,0.014163614163614164,0.0007326007326007326,208.81,-22.69,106.56,baonhieu2
0.02271062271062271,0.03418803418803419,0.04737484737484737,0.005128205128205128,0.0007326007326007326,213.19,-22.12,102.69,baonhieu2
0.02564102564102564,0.02612942612942613,0.03492063492063492,0.0014652014652014652,0.0007326007326007326,219.06,-20.75,101.81,baonhieu2
0.027594627594627594,0.02026862026862027,0.026373626373626374,0.006105006105006105,0.0007326007326007326,235.62,-15.88,105.37,baonhieu2
0.02905982905982906,0.01611721611721612,0.02026862026862027,0.00927960927960928,0.0007326007326007326,266.12,-6.0,111.56,baonhieu2
0.026862026862026864,0.01855921855921856,0.02197802197802198,0.00757020757020757,0.0007326007326007326,295.56,3.0,119.56,baonhieu2
0.02148962148962149,0.02783882783882784,0.033455433455433455,0.0,0.0007326007326007326,309.87,8.94,124.37,baonhieu2
0.017826617826617826,0.035164835164835165,0.045177045177045176,0.00805860805860806,0.0007326007326007326,316.62,13.56,128.37,baonhieu2
0.01514041514041514,0.040293040293040296,0.05347985347985348,0.013675213675213675,0.0007326007326007326,306.31,11.75,133.12,baonhieu2
0.013186813186813187,0.04395604395604396,0.059096459096459095,0.017582417582417582,0.0007326007326007326,263.69,-0.5,130.81,baonhieu2
0.012698412698412698,0.046153846153846156,0.06324786324786325,0.019536019536019536,0.0007326007326007326,224.69,-13.81,115.56,baonhieu2
0.013431013431013432,0.04224664224664225,0.05934065934065934,0.014163614163614164,0.0019536019536019536,213.31,-21.62,108.56,baonhieu2
0.019291819291819293,0.031746031746031744,0.04590964590964591,0.004395604395604396,0.002686202686202686,215.5,-22.06,106.06,baonhieu2
0.02442002442002442,0.022954822954822957,0.033455433455433455,0.002442002442002442,0.0031746031746031746,224.06,-19.44,105.0,baonhieu2
0.028083028083028084,0.016605616605616606,0.02490842490842491,0.007081807081807082,0.003663003663003663,262.62,-5.37,104.12,baonhieu2
0.030525030525030524,0.012454212454212455,0.018803418803418803,0.010500610500610501,0.002686202686202686,297.62,7.12,109.0,baonhieu2
0.026373626373626374,0.016361416361416362,0.022222222222222223,0.010012210012210013,0.002197802197802198,312.25,10.81,121.19,baonhieu2
0.022222222222222223,0.027594627594627594,0.0336996336996337,0.004395604395604396,0.0017094017094017094,316.06,13.44,129.75,baonhieu2
0.019291819291819293,0.035897435897435895,0.04566544566544566,0.002442002442002442,0.001221001221001221,312.31,13.63,134.69,baonhieu2
0.01733821733821734,0.04151404151404151,0.05445665445665446,0.007081807081807082,0.001221001221001221,88.0,10.63,138.62,baonhieu2
0.017826617826617826,0.04566544566544566,0.06031746031746032,0.010256410256410256,0.0009768009768009768,82.94,-2.81,137.75,baonhieu2
0.01855921855921856,0.04786324786324787,0.06446886446886448,0.012454212454212455,0.0009768009768009768,215.56,-18.19,119.31,baonhieu2
0.01904761904761905,0.04810744810744811,0.06398046398046398,0.010256410256410256,0.0007326007326007326,210.0,-22.75,109.06,baonhieu2
0.024175824175824177,0.03736263736263736,0.05054945054945055,0.0019536019536019536,0.0007326007326007326,214.19,-22.25,104.12,baonhieu2
0.028327228327228327,0.028083028083028084,0.037606837606837605,0.004884004884004884,0.0007326007326007326,224.56,-18.94,102.75,baonhieu2
0.03125763125763126,0.021733821733821733,0.028815628815628817,0.010012210012210013,0.0019536019536019536,257.06,-8.44,104.44,baonhieu2
0.03321123321123321,0.01733821733821734,0.022466422466422466,0.013431013431013432,0.002686202686202686,292.25,3.06,112.44,baonhieu2
0.02857142857142857,0.021245421245421246,0.02564102564102564,0.013186813186813187,0.0031746031746031746,311.12,9.0,122.69,baonhieu2
0.025152625152625153,0.029792429792429794,0.03565323565323565,0.009035409035409036,0.002442002442002442,316.56,11.75,131.62,baonhieu2
0.02271062271062271,0.03663003663003663,0.04713064713064713,0.00463980463980464,0.0019536019536019536,319.81,14.69,136.87,baonhieu2
0.020757020757020756,0.04151404151404151,0.05543345543345543,0.0017094017094017094,0.0017094017094017094,89.19,8.31,139.25,baonhieu2
0.01978021978021978,0.04493284493284493,0.06105006105006105,0.0004884004884004884,0.0014652014652014652,244.0,-6.37,130.31,baonhieu2
0.020024420024420026,0.04713064713064713,0.06471306471306472,0.0019536019536019536,0.001221001221001221,211.25,-22.37,112.75,baonhieu2
0.023443223443223443,0.041025641025641026,0.0568986568986569,0.0031746031746031746,0.001221001221001221,215.5,-22.06,106.25,baonhieu2
0.029304029304029304,0.029792429792429794,0.04249084249084249,0.00927960927960928,0.0009768009768009768,221.25,-20.5,103.56,baonhieu2
0.0336996336996337,0.02197802197802198,0.03223443223443224,0.013675213675213675,0.0009768009768009768,236.62,-15.44,103.87,baonhieu2
0.03663003663003663,0.016361416361416362,0.025152625152625153,0.01684981684981685,0.0009768009768009768,269.19,-5.25,108.81,baonhieu2
0.03492063492063492,0.015384615384615385,0.020512820512820513,0.01855921855921856,0.0007326007326007326,295.69,1.87,117.31,baonhieu2
0.028083028083028084,0.02148962148962149,0.026373626373626374,0.014896214896214897,0.0007326007326007326,306.75,5.06,125.12,baonhieu2
0.022954822954822957,0.03418803418803419,0.0398046398046398,0.006593406593406593,0.0004884004884004884,314.5,8.25,132.44,baonhieu2
0.019536019536019536,0.04322344322344322,0.04981684981684982,0.0004884004884004884,0.001221001221001221,104.56,11.63,137.56,baonhieu2
0.01733821733821734,0.04957264957264957,0.0568986568986569,0.005616605616605617,0.0017094017094017094,98.19,11.31,138.94,baonhieu2
0.016605616605616606,0.05201465201465202,0.061782661782661785,0.009035409035409036,0.002197802197802198,92.94,-0.5,136.0,baonhieu2
0.016361416361416362,0.05274725274725275,0.06495726495726496,0.011477411477411478,0.002442002442002442,223.75,-17.56,119.69,baonhieu2
0.016361416361416362,0.051770451770451774,0.06324786324786325,0.008547008547008548,0.0014652014652014652,210.62,-25.12,111.94,baonhieu2
0.023931623931623933,0.039316239316239315,0.0485958485958486,0.0,0.0007326007326007326,212.5,-26.19,108.06,baonhieu2
0.029304029304029304,0.030036630036630037,0.035897435897435895,0.006105006105006105,0.0004884004884004884,218.06,-25.56,108.06,baonhieu2
0.03296703296703297,0.023443223443223443,0.027106227106227107,0.010256410256410256,0.0,237.69,-20.0,112.62,baonhieu2
0.03418803418803419,0.018803418803418803,0.020757020757020756,0.013431013431013432,0.0002442002442002442,275.37,-6.56,116.62,baonhieu2
0.029792429792429794,0.02026862026862027,0.02026862026862027,0.01391941391941392,0.0002442002442002442,306.44,5.19,123.81,baonhieu2
0.02442002442002442,0.027106227106227107,0.029548229548229547,0.010744810744810745,0.0004884004884004884,324.0,13.25,129.06,baonhieu2
0.020757020757020756,0.03663003663003663,0.042002442002442006,0.00463980463980464,0.0004884004884004884,335.19,20.44,133.19,baonhieu2
0.018070818070818073,0.043467643467643466,0.05225885225885226,0.0004884004884004884,0.0004884004884004884,90.31,14.69,139.25,baonhieu2
0.01904761904761905,0.04810744810744811,0.05934065934065934,0.004151404151404151,0.0007326007326007326,80.06,-4.12,137.19,baonhieu2
0.01978021978021978,0.05128205128205128,0.06422466422466422,0.006593406593406593,0.0007326007326007326,206.81,-20.69,118.56,baonhieu2
0.021001221001221003,0.05225885225885226,0.06568986568986569,0.007081807081807082,0.0007326007326007326,207.5,-22.87,110.25,baonhieu2
0.028327228327228327,0.041758241758241756,0.05274725274725275,0.0007326007326007326,0.0007326007326007326,213.62,-21.56,107.25,baonhieu2
0.0336996336996337,0.03199023199023199,0.04004884004884005,0.007081807081807082,0.0007326007326007326,222.06,-19.56,107.19,baonhieu2
0.03736263736263736,0.025152625152625153,0.031013431013431014,0.011477411477411478,0.0007326007326007326,246.5,-11.19,109.94,baonhieu2
0.037606837606837605,0.02026862026862027,0.024664224664224663,0.014652014652014652,0.0004884004884004884,281.0,-0.37,116.0,baonhieu2
0.03125763125763126,0.023687423687423687,0.02490842490842491,0.014163614163614164,0.001221001221001221,307.37,7.75,124.31,baonhieu2
0.02148962148962149,0.031013431013431014,0.0336996336996337,0.009035409035409036,0.0007326007326007326,319.5,12.56,129.37,baonhieu2
0.014652014652014652,0.04004884004884005,0.046153846153846156,0.0019536019536019536,0.0002442002442002442,324.44,15.94,135.19,baonhieu2
0.009768009768009768,0.046153846153846156,0.05543345543345543,0.0029304029304029304,0.0,92.75,10.81,142.31,baonhieu2
0.010256410256410256,0.05054945054945055,0.061782661782661785,0.006349206349206349,0.0002442002442002442,87.5,-0.13,142.75,baonhieu2
0.01098901098901099,0.053235653235653234,0.06617826617826618,0.008547008547008548,0.0002442002442002442,231.87,-11.69,126.06,baonhieu2
0.012942612942612943,0.05445665445665446,0.06837606837606838,0.008302808302808303,0.0004884004884004884,225.56,-16.31,112.0,baonhieu2
0.021001221001221003,0.04371184371184371,0.054945054945054944,0.0007326007326007326,0.0004884004884004884,226.44,-17.19,106.37,baonhieu2
0.026862026862026864,0.033455433455433455,0.04078144078144078,0.005860805860805861,0.0007326007326007326,231.19,-17.0,104.19,baonhieu2
0.03076923076923077,0.02612942612942613,0.03076923076923077,0.010500610500610501,0.0007326007326007326,245.94,-13.69,109.12,baonhieu2
0.033455433455433455,0.021245421245421246,0.023931623931623933,0.013675213675213675,0.0019536019536019536,268.5,-6.44,117.0,baonhieu2
0.02905982905982906,0.024175824175824177,0.02612942612942613,0.01221001221001221,0.002686202686202686,297.12,2.94,124.5,baonhieu2
0.023931623931623933,0.03394383394383394,0.037606837606837605,0.005616605616605617,0.0031746031746031746,311.19,8.81,129.75,baonhieu2
0.02026862026862027,0.04151404151404151,0.04957264957264957,0.0009768009768009768,0.002442002442002442,323.5,14.63,136.12,baonhieu2
0.01684981684981685,0.046886446886446886,0.057631257631257635,0.005616605616605617,0.0019536019536019536,95.56,15.63,141.75,baonhieu2
0.014896214896214897,0.05054945054945055,0.06349206349206349,0.009035409035409036,0.0014652014652014652,88.94,4.56,140.37,baonhieu2
0.01391941391941392,0.052503052503052504,0.06691086691086691,0.010012210012210013,0.001221001221001221,235.94,-11.69,123.44,baonhieu2
0.014652014652014652,0.050793650793650794,0.0652014652014652,0.007326007326007326,0.0009768009768009768,224.37,-18.19,114.94,baonhieu2
0.020512820512820513,0.040293040293040296,0.05103785103785104,0.0002442002442002442,0.0009768009768009768,226.44,-18.56,109.5,baonhieu2
0.026373626373626374,0.029792429792429794,0.03736263736263736,0.006837606837606838,0.0007326007326007326,231.94,-17.5,107.31,baonhieu2
0.030525030525030524,0.022466422466422466,0.02783882783882784,0.011477411477411478,0.0007326007326007326,253.81,-11.56,109.94,baonhieu2
0.033455433455433455,0.01733821733821734,0.021245421245421246,0.014652014652014652,0.0007326007326007326,284.69,-1.94,115.56,baonhieu2
0.03125763125763126,0.017094017094017096,0.020512820512820513,0.014407814407814409,0.0007326007326007326,311.19,6.75,123.25,baonhieu2
0.02148962148962149,0.022954822954822957,0.030036630036630037,0.01098901098901099,0.0007326007326007326,321.06,11.88,128.19,baonhieu2
0.014896214896214897,0.03467643467643468,0.043467643467643466,0.003663003663003663,0.0007326007326007326,326.12,16.31,133.06,baonhieu2
0.010256410256410256,0.04297924297924298,0.05299145299145299,0.0014652014652014652,0.0007326007326007326,320.37,17.12,137.19,baonhieu2
0.00757020757020757,0.04884004884004884,0.05958485958485959,0.005128205128205128,0.0007326007326007326,280.81,7.31,133.25,baonhieu2
0.006349206349206349,0.05201465201465202,0.06422466422466422,0.006837606837606838,0.0007326007326007326,237.87,-7.25,116.12,baonhieu2
0.007326007326007326,0.05103785103785104,0.06153846153846154,0.0031746031746031746,0.0007326007326007326,222.12,-15.94,110.37,baonhieu2
0.01391941391941392,0.04078144078144078,0.04835164835164835,0.004395604395604396,0.0007326007326007326,225.62,-15.81,107.31,baonhieu2
0.01904761904761905,0.0315018315018315,0.036141636141636145,0.009523809523809525,0.0007326007326007326,235.87,-13.44,107.75,baonhieu2
0.022954822954822957,0.02490842490842491,0.027594627594627594,0.013186813186813187,0.0007326007326007326,265.75,-4.19,111.56,baonhieu2
0.02564102564102564,0.020512820512820513,0.02148962148962149,0.01562881562881563,0.0007326007326007326,300.69,6.31,119.37,baonhieu2
0.021733821733821733,0.0231990231990232,0.025396825396825397,0.012454212454212455,0.0007326007326007326,325.75,13.81,124.94,baonhieu2
0.017826617826617826,0.03125763125763126,0.03540903540903541,0.00463980463980464,0.0007326007326007326,336.87,18.87,125.94,baonhieu2
0.014896214896214897,0.03785103785103785,0.04810744810744811,0.007814407814407814,0.0004884004884004884,341.12,24.31,128.44,baonhieu2
0.011965811965811967,0.04249084249084249,0.05714285714285714,0.016361416361416362,0.001221001221001221,333.19,25.19,133.44,baonhieu2
0.01098901098901099,0.04566544566544566,0.06349206349206349,0.022466422466422466,0.0019536019536019536,279.0,8.25,127.87,baonhieu2
0.010744810744810745,0.04786324786324787,0.06691086691086691,0.026862026862026864,0.002197802197802198,226.37,-13.81,116.31,baonhieu2
0.014163614163614164,0.04395604395604396,0.059096459096459095,0.02148962148962149,0.001221001221001221,227.62,-14.13,109.75,baonhieu2
0.022466422466422466,0.0315018315018315,0.043467643467643466,0.011233211233211233,0.0007326007326007326,232.0,-12.75,107.06,baonhieu2
0.028327228327228327,0.022954822954822957,0.032722832722832725,0.003907203907203907,0.0002442002442002442,248.06,-8.31,107.31,baonhieu2
0.03247863247863248,0.01684981684981685,0.02490842490842491,0.001221001221001221,0.0,272.81,-1.62,112.69,baonhieu2
0.029548229548229547,0.016361416361416362,0.02197802197802198,0.003418803418803419,0.0002442002442002442,300.37,6.31,119.44,baonhieu2
0.02148962148962149,0.023443223443223443,0.028083028083028084,0.0004884004884004884,0.0004884004884004884,320.44,12.94,121.75,baonhieu2
0.015873015873015872,0.03418803418803419,0.04151404151404151,0.007326007326007326,0.0004884004884004884,330.56,19.5,122.56,baonhieu2
0.011965811965811967,0.04151404151404151,0.051526251526251524,0.012942612942612943,0.0004884004884004884,334.56,24.12,125.5,baonhieu2
0.009768009768009768,0.046886446886446886,0.05860805860805861,0.01684981684981685,0.0004884004884004884,326.12,23.37,130.44,baonhieu2
0.008547008547008548,0.04932844932844933,0.06373626373626373,0.01904761904761905,0.0004884004884004884,287.75,10.19,130.25,baonhieu2
0.00805860805860806,0.05103785103785104,0.06715506715506715,0.02026862026862027,0.0004884004884004884,234.81,-9.13,115.62,baonhieu2
0.00927960927960928,0.04835164835164835,0.06446886446886448,0.01684981684981685,0.0004884004884004884,216.94,-19.62,111.06,baonhieu2
0.016605616605616606,0.03638583638583639,0.04932844932844933,0.006105006105006105,0.0007326007326007326,218.31,-20.37,107.25,baonhieu2
0.02442002442002442,0.025885225885225887,0.035164835164835165,0.002442002442002442,0.0007326007326007326,222.62,-19.56,104.87,baonhieu2
0.029792429792429794,0.01855921855921856,0.025152625152625153,0.008302808302808303,0.0007326007326007326,241.12,-13.19,105.87,baonhieu2
0.033455433455433455,0.013186813186813187,0.018315018315018316,0.012454212454212455,0.0007326007326007326,279.44,0.5,107.75,baonhieu2
0.029792429792429794,0.014896214896214897,0.01733821733821734,0.01221001221001221,0.0007326007326007326,312.81,12.94,108.44,baonhieu2
0.02148962148962149,0.022466422466422466,0.02564102564102564,0.007081807081807082,0.0007326007326007326,324.69,17.69,111.69,baonhieu2
0.01221001221001221,0.03296703296703297,0.038583638583638585,0.001221001221001221,0.0007326007326007326,332.31,21.69,117.75,baonhieu2
0.005128205128205128,0.044444444444444446,0.05128205128205128,0.006837606837606838,0.0007326007326007326,323.75,18.62,129.44,baonhieu2
0.0029304029304029304,0.05225885225885226,0.06105006105006105,0.011477411477411478,0.0007326007326007326,89.12,6.12,138.81,baonhieu2
0.008791208791208791,0.05787545787545788,0.06788766788766788,0.014652014652014652,0.0007326007326007326,85.19,-7.0,139.56,baonhieu2
0.012698412698412698,0.06031746031746032,0.07252747252747253,0.016361416361416362,0.0007326007326007326,222.0,-14.81,125.0,baonhieu2
0.011721611721611722,0.05885225885225885,0.07203907203907203,0.013186813186813187,0.0007326007326007326,217.94,-18.06,116.94,baonhieu2
0.0007326007326007326,0.046153846153846156,0.058363858363858365,0.005372405372405372,0.0007326007326007326,217.25,-19.87,111.94,baonhieu2
0.009035409035409036,0.03418803418803419,0.043467643467643466,0.002197802197802198,0.0007326007326007326,221.62,-19.81,108.69,baonhieu2
0.015873015873015872,0.025885225885225887,0.032722832722832725,0.00757020757020757,0.0007326007326007326,241.56,-15.0,113.44,baonhieu2
0.020757020757020756,0.020024420024420026,0.025396825396825397,0.011233211233211233,0.0007326007326007326,273.19,-5.12,126.06,baonhieu2
0.012698412698412698,0.02197802197802198,0.023931623931623933,0.010500610500610501,0.0007326007326007326,109.94,2.5,137.62,baonhieu2
0.010256410256410256,0.03638583638583639,0.036141636141636145,0.002197802197802198,0.0007326007326007326,103.37,6.75,144.81,baonhieu2
0.026862026862026864,0.05274725274725275,0.05225885225885226,0.014163614163614164,0.0007326007326007326,92.87,5.0,150.19,baonhieu2
0.03882783882783883,0.06422466422466422,0.06373626373626373,0.022466422466422466,0.0007326007326007326,82.25,-1.19,150.25,baonhieu2
0.046886446886446886,0.07228327228327229,0.07179487179487179,0.028327228327228327,0.0007326007326007326,76.0,-10.88,140.0,baonhieu2
0.05201465201465202,0.07692307692307693,0.07692307692307693,0.0315018315018315,0.0004884004884004884,208.87,-18.94,122.25,baonhieu2
0.04468864468864469,0.07008547008547009,0.07203907203907203,0.02612942612942613,0.0014652014652014652,207.75,-22.12,114.56,baonhieu2
0.029548229548229547,0.05518925518925519,0.057631257631257635,0.016605616605616606,0.0019536019536019536,212.81,-22.75,110.5,baonhieu2
0.01904761904761905,0.04468864468864469,0.04542124542124542,0.010012210012210013,0.002197802197802198,217.56,-24.56,114.25,baonhieu2
0.011721611721611722,0.03736263736263736,0.03711843711843712,0.005372405372405372,0.002442002442002442,229.25,-21.87,123.12,baonhieu2
0.008791208791208791,0.03296703296703297,0.03125763125763126,0.002442002442002442,0.002686202686202686,254.81,-12.31,129.81,baonhieu2
0.012454212454212455,0.03785103785103785,0.03467643467643468,0.00463980463980464,0.0017094017094017094,105.56,-1.19,136.62,baonhieu2
0.022954822954822957,0.052503052503052504,0.04981684981684982,0.01514041514041514,0.0009768009768009768,96.81,6.31,141.75,baonhieu2
0.037606837606837605,0.06544566544566545,0.06153846153846154,0.022954822954822957,0.0004884004884004884,87.31,6.69,144.87,baonhieu2
0.05103785103785104,0.07472527472527472,0.06984126984126984,0.02857142857142857,0.0,80.5,5.0,145.37,baonhieu2
0.06056166056166056,0.08107448107448108,0.0757020757020757,0.03247863247863248,0.0002442002442002442,77.56,-2.37,144.19,baonhieu2
0.06715506715506715,0.0844932844932845,0.0796092796092796,0.034432234432234435,0.0002442002442002442,230.69,-9.25,126.44,baonhieu2
0.06495726495726496,0.08473748473748474,0.07985347985347985,0.03199023199023199,0.0004884004884004884,220.12,-16.25,116.94,baonhieu2
0.04957264957264957,0.07106227106227106,0.06764346764346764,0.02271062271062271,0.0004884004884004884,217.0,-20.37,112.87,baonhieu2
0.034432234432234435,0.056654456654456654,0.05274725274725275,0.013186813186813187,0.0004884004884004884,220.69,-21.81,111.56,baonhieu2
0.023687423687423687,0.0463980463980464,0.04053724053724054,0.006349206349206349,0.0004884004884004884,227.56,-22.44,114.44,baonhieu2
0.016361416361416362,0.039316239316239315,0.03199023199023199,0.0017094017094017094,0.0004884004884004884,239.75,-19.81,124.44,baonhieu2
0.01098901098901099,0.03418803418803419,0.02612942612942613,0.0014652014652014652,0.0004884004884004884,247.56,-15.69,136.19,baonhieu2
0.01562881562881563,0.03663003663003663,0.028327228327228327,0.001221001221001221,0.0004884004884004884,107.62,-6.87,142.12,baonhieu2
0.031746031746031744,0.0547008547008547,0.04493284493284493,0.010500610500610501,0.0004884004884004884,95.62,3.37,143.56,baonhieu2
0.04371184371184371,0.06715506715506715,0.057387057387057384,0.01684981684981685,0.0004884004884004884,84.5,10.19,143.69,baonhieu2
0.053235653235653234,0.07594627594627594,0.06617826617826618,0.02197802197802198,0.0007326007326007326,78.19,7.62,141.69,baonhieu2
0.06056166056166056,0.08034188034188035,0.07252747252747253,0.02564102564102564,0.0007326007326007326,237.81,-5.75,135.19,baonhieu2
0.06568986568986569,0.08302808302808302,0.07667887667887668,0.02735042735042735,0.0007326007326007326,199.81,-23.12,128.31,baonhieu2
0.06935286935286936,0.08473748473748474,0.0796092796092796,0.02857142857142857,0.0007326007326007326,204.25,-28.25,111.94,baonhieu2
0.06495726495726496,0.08473748473748474,0.07936507936507936,0.026862026862026864,0.0019536019536019536,215.19,-27.44,107.75,baonhieu2
0.04981684981684982,0.0713064713064713,0.06764346764346764,0.018803418803418803,0.002686202686202686,230.62,-24.44,109.62,baonhieu2
0.03907203907203907,0.05811965811965812,0.054212454212454214,0.011233211233211233,0.003418803418803419,248.06,-19.19,115.69,baonhieu2
0.031746031746031744,0.04908424908424908,0.04468864468864469,0.005372405372405372,0.003663003663003663,272.25,-8.38,125.62,baonhieu2
0.026373626373626374,0.042735042735042736,0.0380952380952381,0.001221001221001221,0.004151404151404151,315.31,10.94,131.0,baonhieu2
0.023931623931623933,0.04004884004884005,0.03321123321123321,0.0017094017094017094,0.004151404151404151,332.12,20.31,136.56,baonhieu2
0.02564102564102564,0.046886446886446886,0.03882783882783883,0.0004884004884004884,0.004395604395604396,86.44,17.0,142.37,baonhieu2
0.0336996336996337,0.05982905982905983,0.050061050061050064,0.007326007326007326,0.004395604395604396,77.81,7.81,141.0,baonhieu2
0.04395604395604396,0.06886446886446887,0.060073260073260075,0.01611721611721612,0.004395604395604396,226.12,-10.44,135.81,baonhieu2
0.05103785103785104,0.07545787545787545,0.06691086691086691,0.022222222222222223,0.004395604395604396,197.31,-25.69,130.0,baonhieu2
0.05616605616605617,0.07985347985347985,0.07203907203907203,0.026373626373626374,0.003418803418803419,207.0,-27.75,119.87,baonhieu2
0.05372405372405373,0.07838827838827839,0.07301587301587302,0.02490842490842491,0.002686202686202686,225.56,-24.06,114.75,baonhieu2
0.042735042735042736,0.06764346764346764,0.06373626373626373,0.01855921855921856,0.002197802197802198,248.94,-16.19,114.81,baonhieu2
0.0315018315018315,0.05445665445665446,0.05054945054945055,0.010256410256410256,0.0017094017094017094,266.94,-8.69,116.81,baonhieu2
0.023931623931623933,0.045177045177045176,0.040293040293040296,0.004151404151404151,0.001221001221001221,271.06,-5.81,128.31,baonhieu2
0.018315018315018316,0.038583638583638585,0.03296703296703297,0.0,0.001221001221001221,103.62,3.31,139.37,baonhieu2
0.01562881562881563,0.034432234432234435,0.028083028083028084,0.0031746031746031746,0.0009768009768009768,95.19,9.5,142.75,baonhieu2
0.021733821733821733,0.04566544566544566,0.037606837606837605,0.003418803418803419,0.0009768009768009768,83.44,11.88,141.69,baonhieu2
0.025885225885225887,0.0547008547008547,0.050061050061050064,0.009035409035409036,0.0007326007326007326,76.19,0.0,135.94,baonhieu2
0.028815628815628817,0.06105006105006105,0.05958485958485959,0.013431013431013432,0.0007326007326007326,196.81,-24.62,128.0,baonhieu2
0.029548229548229547,0.06544566544566545,0.06691086691086691,0.017582417582417582,0.0007326007326007326,186.12,-33.5,119.94,baonhieu2
0.028327228327228327,0.06837606837606838,0.07326007326007326,0.019536019536019536,0.0007326007326007326,183.31,-37.88,115.12,baonhieu2
0.026862026862026864,0.07008547008547009,0.07765567765567766,0.021001221001221003,0.0007326007326007326,190.06,-37.94,108.75,baonhieu2
0.025152625152625153,0.07057387057387057,0.08058608058608059,0.02148962148962149,0.0007326007326007326,198.12,-36.13,102.19,baonhieu2
0.01733821733821734,0.06373626373626373,0.073992673992674,0.016605616605616606,0.0007326007326007326,200.06,-35.63,102.12,baonhieu2
0.00927960927960928,0.053235653235653234,0.063003663003663,0.010744810744810745,0.0007326007326007326,198.87,-36.0,101.94,baonhieu2
0.003663003663003663,0.0442002442002442,0.053235653235653234,0.005860805860805861,0.0019536019536019536,197.87,-36.19,100.69,baonhieu2
0.0007326007326007326,0.03785103785103785,0.04590964590964591,0.002442002442002442,0.002686202686202686,196.75,-35.94,98.44,baonhieu2
0.004151404151404151,0.033455433455433455,0.041025641025641026,0.0,0.0031746031746031746,199.06,-34.44,96.5,baonhieu2
0.006349206349206349,0.03028083028083028,0.03736263736263736,0.0014652014652014652,0.003663003663003663,204.12,-31.69,94.12,baonhieu2
0.007814407814407814,0.02857142857142857,0.03540903540903541,0.002442002442002442,0.003907203907203907,221.19,-24.06,91.69,baonhieu2
0.008791208791208791,0.028327228327228327,0.034432234432234435,0.002686202686202686,0.004151404151404151,253.25,-12.56,93.12,baonhieu2
0.008547008547008548,0.03028083028083028,0.03492063492063492,0.0029304029304029304,0.004151404151404151,286.75,-0.31,95.5,baonhieu2
0.004395604395604396,0.035897435897435895,0.036874236874236875,0.002197802197802198,0.0031746031746031746,304.44,6.12,108.62,baonhieu2
0.005128205128205128,0.04566544566544566,0.04468864468864469,0.0029304029304029304,0.002442002442002442,321.37,16.25,119.37,baonhieu2
0.011721611721611722,0.052503052503052504,0.051526251526251524,0.006349206349206349,0.0019536019536019536,330.19,20.5,133.94,baonhieu2
0.016361416361416362,0.057387057387057384,0.0568986568986569,0.008791208791208791,0.0017094017094017094,87.62,14.44,145.19,baonhieu2
0.01733821733821734,0.058363858363858365,0.06056166056166056,0.010256410256410256,0.0014652014652014652,83.69,-0.31,144.44,baonhieu2
0.01684981684981685,0.05860805860805861,0.06251526251526252,0.01098901098901099,0.0,225.37,-13.5,126.81,baonhieu2
0.014163614163614164,0.05616605616605617,0.05811965811965812,0.00757020757020757,0.0009768009768009768,219.81,-17.37,115.87,baonhieu2
0.007326007326007326,0.04493284493284493,0.04566544566544566,0.0004884004884004884,0.0014652014652014652,223.81,-16.25,110.0,baonhieu2
0.002686202686202686,0.036874236874236875,0.036874236874236875,0.004395604395604396,0.0019536019536019536,229.25,-15.69,109.31,baonhieu2
0.0007326007326007326,0.03125763125763126,0.030525030525030524,0.00805860805860806,0.002197802197802198,241.0,-14.19,113.5,baonhieu2
0.0004884004884004884,0.029792429792429794,0.02612942612942613,0.00927960927960928,0.002442002442002442,257.44,-10.0,119.37,baonhieu2
0.00757020757020757,0.03663003663003663,0.03321123321123321,0.0031746031746031746,0.0017094017094017094,283.56,-0.5,122.94,baonhieu2
0.013675213675213675,0.047619047619047616,0.0463980463980464,0.0031746031746031746,0.0009768009768009768,303.44,9.44,125.81,baonhieu2
0.017826617826617826,0.05518925518925519,0.05567765567765568,0.007814407814407814,0.0004884004884004884,311.81,14.38,130.56,baonhieu2
0.020757020757020756,0.06056166056166056,0.06227106227106227,0.01098901098901099,0.0002442002442002442,314.19,16.62,136.0,baonhieu2
0.020512820512820513,0.06251526251526252,0.06617826617826618,0.012454212454212455,0.0,82.25,11.94,139.31,baonhieu2
0.020024420024420026,0.06275946275946276,0.06886446886446887,0.013186813186813187,0.0002442002442002442,257.44,-0.62,134.44,baonhieu2
0.019291819291819293,0.063003663003663,0.07032967032967033,0.012942612942612943,0.0002442002442002442,223.81,-13.81,116.12,baonhieu2
0.016605616605616606,0.05885225885225885,0.06495726495726496,0.007814407814407814,0.0004884004884004884,218.06,-18.31,108.19,baonhieu2
0.00757020757020757,0.04713064713064713,0.05128205128205128,0.0,0.0004884004884004884,220.5,-18.94,103.25,baonhieu2
0.0014652014652014652,0.03882783882783883,0.0398046398046398,0.005372405372405372,0.0004884004884004884,229.69,-17.37,104.06,baonhieu2
0.0029304029304029304,0.03321123321123321,0.031746031746031744,0.00927960927960928,0.0004884004884004884,244.25,-13.88,112.62,baonhieu2
0.003907203907203907,0.030036630036630037,0.02612942612942613,0.011477411477411478,0.0004884004884004884,265.31,-7.5,125.25,baonhieu2
0.005616605616605617,0.03540903540903541,0.028815628815628817,0.008791208791208791,0.0004884004884004884,284.62,-1.19,130.56,baonhieu2
0.01221001221001221,0.04713064713064713,0.04078144078144078,0.0004884004884004884,0.0004884004884004884,302.44,5.75,131.62,baonhieu2
0.017094017094017096,0.05543345543345543,0.05201465201465202,0.00805860805860806,0.0004884004884004884,319.75,14.94,132.69,baonhieu2
0.018315018315018316,0.06129426129426129,0.060805860805860805,0.013431013431013432,0.0004884004884004884,325.25,19.69,135.81,baonhieu2
0.017094017094017096,0.06275946275946276,0.06715506715506715,0.01733821733821734,0.0004884004884004884,84.25,13.63,139.06,baonhieu2
0.016361416361416362,0.06275946275946276,0.07155067155067155,0.019291819291819293,0.0004884004884004884,252.75,-2.19,131.56,baonhieu2
0.01562881562881563,0.06251526251526252,0.07448107448107448,0.02026862026862027,0.0004884004884004884,216.0,-18.69,114.37,baonhieu2
0.012942612942612943,0.05885225885225885,0.06984126984126984,0.01562881562881563,0.0004884004884004884,211.94,-22.19,106.81,baonhieu2
0.003907203907203907,0.04566544566544566,0.0547008547008547,0.006593406593406593,0.0004884004884004884,212.94,-22.56,104.56,baonhieu2
0.002442002442002442,0.03638583638583639,0.042735042735042736,0.0,0.0004884004884004884,217.87,-20.87,108.12,baonhieu2
0.006837606837606838,0.029792429792429794,0.034432234432234435,0.004395604395604396,0.0004884004884004884,234.0,-16.25,115.56,baonhieu2
0.00757020757020757,0.026617826617826617,0.028815628815628817,0.00757020757020757,0.0004884004884004884,262.12,-8.13,119.75,baonhieu2
0.002442002442002442,0.03028083028083028,0.03125763125763126,0.005616605616605617,0.0004884004884004884,282.0,-2.87,124.0,baonhieu2
0.003663003663003663,0.0398046398046398,0.04053724053724054,0.0002442002442002442,0.0004884004884004884,295.25,1.19,129.69,baonhieu2
0.00805860805860806,0.04664224664224664,0.051770451770451774,0.005860805860805861,0.0004884004884004884,310.12,10.38,132.75,baonhieu2
0.01098901098901099,0.05128205128205128,0.060073260073260075,0.010012210012210013,0.0004884004884004884,311.81,14.69,136.5,baonhieu2
0.009768009768009768,0.0547008547008547,0.06593406593406594,0.013186813186813187,0.0004884004884004884,82.87,7.37,137.81,baonhieu2
0.008791208791208791,0.056654456654456654,0.07057387057387057,0.01514041514041514,0.0007326007326007326,235.81,-9.69,132.81,baonhieu2
0.007326007326007326,0.057387057387057384,0.07326007326007326,0.016361416361416362,0.0007326007326007326,211.87,-24.44,115.94,baonhieu2
0.005372405372405372,0.05787545787545788,0.07496947496947497,0.017094017094017096,0.0007326007326007326,220.69,-23.5,102.12,baonhieu2
0.0,0.051770451770451774,0.06446886446886448,0.009523809523809525,0.0007326007326007326,230.37,-20.75,98.69,baonhieu2
0.003907203907203907,0.040293040293040296,0.050793650793650794,0.0019536019536019536,0.0007326007326007326,240.5,-17.37,100.75,baonhieu2
0.006837606837606838,0.03223443223443224,0.03956043956043956,0.003907203907203907,0.0007326007326007326,260.31,-8.81,106.12,baonhieu2
0.008791208791208791,0.026617826617826617,0.031746031746031744,0.00805860805860806,0.0007326007326007326,298.31,7.69,114.87,baonhieu2
0.007814407814407814,0.023443223443223443,0.02612942612942613,0.01098901098901099,0.0007326007326007326,324.69,19.87,124.56,baonhieu2
0.002197802197802198,0.026862026862026864,0.025885225885225887,0.011477411477411478,0.0007326007326007326,315.56,16.81,135.44,baonhieu2
0.006593406593406593,0.038583638583638585,0.03907203907203907,0.0017094017094017094,0.0007326007326007326,77.69,16.81,140.44,baonhieu2
0.012698412698412698,0.04664224664224664,0.05372405372405373,0.005616605616605617,0.0007326007326007326,71.5,10.31,140.19,baonhieu2
0.019536019536019536,0.052503052503052504,0.06495726495726496,0.01098901098901099,0.0007326007326007326,70.31,-3.31,135.5,baonhieu2
0.02442002442002442,0.055921855921855924,0.07277167277167278,0.014652014652014652,0.0007326007326007326,215.87,-15.38,117.69,baonhieu2
0.02783882783882784,0.058363858363858365,0.07814407814407814,0.016605616605616606,0.0007326007326007326,210.81,-20.25,105.62,baonhieu2
0.01904761904761905,0.05030525030525031,0.06886446886446887,0.010256410256410256,0.0007326007326007326,215.37,-22.5,103.37,baonhieu2
0.010012210012210013,0.0398046398046398,0.05616605616605617,0.002686202686202686,0.0007326007326007326,224.69,-23.87,108.44,baonhieu2
0.003418803418803419,0.0315018315018315,0.04566544566544566,0.002686202686202686,0.0007326007326007326,236.69,-20.56,122.5,baonhieu2
0.0009768009768009768,0.025885225885225887,0.03833943833943834,0.006593406593406593,0.0007326007326007326,264.0,-9.75,135.44,baonhieu2
0.002442002442002442,0.021733821733821733,0.03296703296703297,0.009035409035409036,0.0007326007326007326,106.25,-0.06,140.19,baonhieu2
0.0029304029304029304,0.030525030525030524,0.04249084249084249,0.0031746031746031746,0.0007326007326007326,98.87,4.87,142.12,baonhieu2
0.017094017094017096,0.04908424908424908,0.05641025641025641,0.00927960927960928,0.0007326007326007326,88.81,8.56,142.12,baonhieu2
0.03736263736263736,0.06202686202686203,0.06617826617826618,0.017826617826617826,0.0007326007326007326,79.0,8.5,140.44,baonhieu2
0.05128205128205128,0.07106227106227106,0.07277167277167278,0.023931623931623933,0.0007326007326007326,250.94,-0.19,131.37,baonhieu2
0.06129426129426129,0.07692307692307693,0.07765567765567766,0.026373626373626374,0.0007326007326007326,231.62,-6.62,110.44,baonhieu2
0.05934065934065934,0.07741147741147741,0.07643467643467644,0.023443223443223443,0.0007326007326007326,223.87,-12.56,103.5,baonhieu2
0.04566544566544566,0.06568986568986569,0.06398046398046398,0.014407814407814409,0.0007326007326007326,223.56,-16.06,102.81,baonhieu2
0.03199023199023199,0.053235653235653234,0.050061050061050064,0.006105006105006105,0.0007326007326007326,227.69,-18.31,107.37,baonhieu2
0.022466422466422466,0.044444444444444446,0.040293040293040296,0.0004884004884004884,0.0004884004884004884,241.0,-15.5,119.12,baonhieu2
0.01562881562881563,0.0380952380952381,0.033455433455433455,0.003663003663003663,0.0,262.25,-6.5,130.44,baonhieu2
0.018803418803418803,0.0398046398046398,0.03418803418803419,0.002442002442002442,0.0009768009768009768,98.62,1.87,139.81,baonhieu2
0.029304029304029304,0.051526251526251524,0.046153846153846156,0.008547008547008548,0.0017094017094017094,93.75,6.31,144.12,baonhieu2
0.04395604395604396,0.06666666666666667,0.060073260073260075,0.018803418803418803,0.0009768009768009768,84.12,6.37,143.25,baonhieu2
0.054212454212454214,0.07741147741147741,0.0695970695970696,0.025885225885225887,0.0004884004884004884,73.56,4.06,138.12,baonhieu2
0.06129426129426129,0.08473748473748474,0.07643467643467644,0.03076923076923077,0.0002442002442002442,229.37,-7.87,128.94,baonhieu2
0.06446886446886448,0.08791208791208792,0.08034188034188035,0.03247863247863248,0.0002442002442002442,208.44,-19.5,106.37,baonhieu2
0.06153846153846154,0.08742368742368742,0.0796092796092796,0.030036630036630037,0.0014652014652014652,211.87,-21.19,100.25,baonhieu2
0.046153846153846156,0.07228327228327229,0.06593406593406594,0.01978021978021978,0.002442002442002442,219.62,-20.75,100.12,baonhieu2
0.03565323565323565,0.06129426129426129,0.05299145299145299,0.011965811965811967,0.0029304029304029304,234.12,-19.25,106.56,baonhieu2
0.028083028083028084,0.05347985347985348,0.04395604395604396,0.006593406593406593,0.003418803418803419,252.37,-13.44,121.75,baonhieu2
0.023687423687423687,0.04810744810744811,0.037606837606837605,0.0029304029304029304,0.002686202686202686,277.25,-3.94,133.25,baonhieu2
0.028083028083028084,0.051526251526251524,0.04053724053724054,0.004395604395604396,0.0019536019536019536,105.56,3.62,138.69,baonhieu2
0.03638583638583639,0.06202686202686203,0.05201465201465202,0.012698412698412698,0.0017094017094017094,95.31,11.56,141.62,baonhieu2
0.042735042735042736,0.06910866910866911,0.06324786324786325,0.018315018315018316,0.001221001221001221,85.62,12.88,141.94,baonhieu2
0.04737484737484737,0.07423687423687424,0.07106227106227106,0.022466422466422466,0.001221001221001221,81.69,8.25,140.37,baonhieu2
0.05054945054945055,0.07741147741147741,0.07643467643467644,0.025152625152625153,0.0009768009768009768,262.0,3.31,123.62,baonhieu2
0.05274725274725275,0.07912087912087912,0.07863247863247863,0.02442002442002442,0.0009768009768009768,247.12,-2.31,115.81,baonhieu2
0.043467643467643466,0.06862026862026863,0.06593406593406594,0.014896214896214897,0.0009768009768009768,240.37,-6.94,111.94,baonhieu2
0.030036630036630037,0.05518925518925519,0.05103785103785104,0.006349206349206349,0.0009768009768009768,240.69,-10.06,108.12,baonhieu2
0.020757020757020756,0.04566544566544566,0.04053724053724054,0.0002442002442002442,0.0007326007326007326,246.56,-11.0,107.31,baonhieu2
0.014163614163614164,0.03907203907203907,0.03321123321123321,0.003907203907203907,0.0007326007326007326,257.5,-8.63,111.62,baonhieu2
0.017094017094017096,0.040293040293040296,0.032722832722832725,0.0019536019536019536,0.0007326007326007326,263.12,-8.06,120.94,baonhieu2
0.025396825396825397,0.04981684981684982,0.04297924297924298,0.01098901098901099,0.0007326007326007326,277.12,-2.5,127.69,baonhieu2
0.03296703296703297,0.06202686202686203,0.058363858363858365,0.026862026862026864,0.0007326007326007326,296.12,5.69,132.25,baonhieu2
0.0380952380952381,0.07081807081807082,0.06935286935286936,0.03785103785103785,0.0019536019536019536,307.62,11.5,135.25,baonhieu2
0.041758241758241756,0.07692307692307693,0.07692307692307693,0.04566544566544566,0.002686202686202686,90.31,13.56,139.62,baonhieu2
0.04371184371184371,0.07838827838827839,0.08131868131868132,0.05030525030525031,0.0031746031746031746,85.19,6.37,139.75,baonhieu2
0.04371184371184371,0.07887667887667887,0.08302808302808302,0.04957264957264957,0.003663003663003663,244.44,-6.75,125.69,baonhieu2
0.037606837606837605,0.07545787545787545,0.0796092796092796,0.04297924297924298,0.002686202686202686,214.69,-21.5,117.62,baonhieu2
0.026373626373626374,0.06398046398046398,0.06617826617826618,0.0315018315018315,0.002197802197802198,209.19,-27.25,112.75,baonhieu2
0.015384615384615385,0.05225885225885226,0.05201465201465202,0.022466422466422466,0.0017094017094017094,206.56,-31.31,113.0,baonhieu2
0.007081807081807082,0.0442002442002442,0.04224664224664225,0.01611721611721612,0.0002442002442002442,201.19,-35.81,117.25,baonhieu2
0.0009768009768009768,0.03833943833943834,0.03540903540903541,0.011721611721611722,0.0007326007326007326,202.0,-36.38,119.37,baonhieu2
0.0031746031746031746,0.03492063492063492,0.031013431013431014,0.010500610500610501,0.0014652014652014652,203.31,-36.25,123.56,baonhieu2
0.005616605616605617,0.034432234432234435,0.0315018315018315,0.013186813186813187,0.0019536019536019536,209.12,-32.75,131.69,baonhieu2
0.0004884004884004884,0.04126984126984127,0.04078144078144078,0.02197802197802198,0.001221001221001221,220.75,-24.94,141.19,baonhieu2
0.00805860805860806,0.051770451770451774,0.054212454212454214,0.029304029304029304,0.0007326007326007326,112.75,-10.06,143.19,baonhieu2
0.01391941391941392,0.059096459096459095,0.06373626373626373,0.03418803418803419,0.0002442002442002442,104.19,4.31,145.75,baonhieu2
0.018070818070818073,0.06422466422466422,0.07032967032967033,0.03785103785103785,0.0,94.06,10.25,148.31,baonhieu2
0.01904761904761905,0.06544566544566545,0.07423687423687424,0.03833943833943834,0.0002442002442002442,89.69,6.37,146.56,baonhieu2
0.01855921855921856,0.06544566544566545,0.07594627594627594,0.03711843711843712,0.0002442002442002442,258.25,-1.81,130.75,baonhieu2
0.017094017094017096,0.06324786324786325,0.07374847374847375,0.03199023199023199,0.0004884004884004884,227.31,-16.25,124.06,baonhieu2
0.009768009768009768,0.05274725274725275,0.060073260073260075,0.02148962148962149,0.0004884004884004884,227.75,-19.06,116.62,baonhieu2
0.002197802197802198,0.04224664224664225,0.04590964590964591,0.012454212454212455,0.0004884004884004884,232.12,-19.25,113.56,baonhieu2
0.0031746031746031746,0.03467643467643468,0.035897435897435895,0.006105006105006105,0.001221001221001221,243.19,-16.94,115.0,baonhieu2
0.007081807081807082,0.029548229548229547,0.02905982905982906,0.0014652014652014652,0.0019536019536019536,257.25,-13.25,119.62,baonhieu2
0.0017094017094017094,0.03321123321123321,0.029792429792429794,0.0031746031746031746,0.001221001221001221,273.94,-7.37,125.62,baonhieu2
0.02026862026862027,0.04835164835164835,0.04297924297924298,0.017094017094017096,0.0004884004884004884,294.44,0.94,130.0,baonhieu2
0.03296703296703297,0.05934065934065934,0.05787545787545788,0.029548229548229547,0.0002442002442002442,312.31,10.56,134.0,baonhieu2
0.042002442002442006,0.06715506715506715,0.06837606837606838,0.03833943833943834,0.0,95.75,11.0,139.94,baonhieu2
0.04835164835164835,0.07252747252747253,0.0757020757020757,0.04468864468864469,0.0002442002442002442,85.25,2.81,137.06,baonhieu2
0.04884004884004884,0.073992673992674,0.08034188034188035,0.046886446886446886,0.0002442002442002442,241.81,-5.94,120.12,baonhieu2
0.0398046398046398,0.06837606837606838,0.07423687423687424,0.03833943833943834,0.0004884004884004884,232.75,-11.06,110.5,baonhieu2
0.02612942612942613,0.05567765567765568,0.05811965811965812,0.025885225885225887,0.0004884004884004884,235.69,-11.06,104.37,baonhieu2
0.016605616605616606,0.04664224664224664,0.046886446886446886,0.01733821733821734,0.0017094017094017094,242.81,-11.88,104.81,baonhieu2
0.010012210012210013,0.040293040293040296,0.03907203907203907,0.011233211233211233,0.002686202686202686,255.31,-10.19,110.25,baonhieu2
0.007326007326007326,0.03882783882783883,0.03492063492063492,0.009523809523809525,0.0031746031746031746,268.69,-7.06,118.87,baonhieu2
0.011477411477411478,0.04835164835164835,0.04542124542124542,0.017826617826617826,0.003663003663003663,279.75,-2.62,127.0,baonhieu2
0.014163614163614164,0.05518925518925519,0.05885225885225885,0.023443223443223443,0.002686202686202686,295.12,4.69,132.5,baonhieu2
0.01611721611721612,0.05982905982905983,0.06813186813186813,0.027594627594627594,0.002197802197802198,97.37,9.5,138.5,baonhieu2
0.015384615384615385,0.061782661782661785,0.07448107448107448,0.03028083028083028,0.0017094017094017094,91.5,6.5,141.56,baonhieu2
0.014407814407814409,0.06202686202686203,0.0778998778998779,0.031013431013431014,0.0014652014652014652,253.62,-3.19,126.44,baonhieu2
0.013431013431013432,0.06056166056166056,0.0778998778998779,0.02783882783882784,0.001221001221001221,229.87,-12.38,111.5,baonhieu2
0.008302808302808303,0.051526251526251524,0.06446886446886448,0.018803418803418803,0.0009768009768009768,228.44,-14.75,104.94,baonhieu2
0.0014652014652014652,0.04126984126984127,0.04932844932844933,0.011233211233211233,0.0009768009768009768,230.56,-16.62,101.69,baonhieu2
0.003418803418803419,0.03394383394383394,0.038583638583638585,0.005860805860805861,0.0007326007326007326,237.56,-17.75,107.25,baonhieu2
0.006837606837606838,0.028815628815628817,0.03125763125763126,0.002197802197802198,0.0007326007326007326,246.19,-16.62,114.75,baonhieu2
0.0017094017094017094,0.03492063492063492,0.03540903540903541,0.006837606837606838,0.0007326007326007326,253.5,-14.69,124.81,baonhieu2
0.01611721611721612,0.04884004884004884,0.04957264957264957,0.019536019536019536,0.0007326007326007326,270.62,-6.37,129.87,baonhieu2
0.027594627594627594,0.05860805860805861,0.06422466422466422,0.03418803418803419,0.0007326007326007326,102.12,3.0,136.0,baonhieu2
0.03711843711843712,0.06544566544566545,0.07448107448107448,0.044444444444444446,0.0007326007326007326,95.87,9.56,141.25,baonhieu2
0.04371184371184371,0.06788766788766788,0.08156288156288156,0.051526251526251524,0.0007326007326007326,90.19,7.5,145.25,baonhieu2
0.04835164835164835,0.06886446886446887,0.08571428571428572,0.05543345543345543,0.0007326007326007326,258.0,-1.19,131.56,baonhieu2
0.04786324786324787,0.06910866910866911,0.08669108669108669,0.05396825396825397,0.0007326007326007326,224.44,-14.88,120.44,baonhieu2
0.03785103785103785,0.05982905982905983,0.07423687423687424,0.04224664224664225,0.0007326007326007326,219.44,-19.06,112.87,baonhieu2
0.025396825396825397,0.047619047619047616,0.05787545787545788,0.03028083028083028,0.0002442002442002442,221.5,-20.25,107.94,baonhieu2
0.016605616605616606,0.03907203907203907,0.046153846153846156,0.02197802197802198,0.001221001221001221,227.87,-20.62,111.69,baonhieu2
0.010744810744810745,0.03296703296703297,0.0380952380952381,0.01611721611721612,0.0017094017094017094,240.31,-18.0,121.81,baonhieu2
0.00927960927960928,0.0336996336996337,0.03638583638583639,0.015384615384615385,0.002197802197802198,262.5,-9.81,131.19,baonhieu2
0.013675213675213675,0.045177045177045176,0.04981684981684982,0.022222222222222223,0.001221001221001221,106.12,-0.44,139.19,baonhieu2
0.016605616605616606,0.053235653235653234,0.060805860805860805,0.027106227106227107,0.0007326007326007326,100.5,5.81,145.62,baonhieu2
0.018803418803418803,0.05885225885225885,0.06862026862026863,0.03028083028083028,0.0002442002442002442,95.56,6.56,149.5,baonhieu2
0.019291819291819293,0.060805860805860805,0.073992673992674,0.031746031746031744,0.0,90.31,1.25,150.37,baonhieu2
0.019291819291819293,0.06129426129426129,0.07716727716727717,0.03247863247863248,0.0002442002442002442,234.25,-10.44,135.06,baonhieu2
0.019291819291819293,0.06129426129426129,0.07912087912087912,0.0315018315018315,0.0004884004884004884,209.37,-23.19,116.87,baonhieu2
0.012698412698412698,0.05445665445665446,0.06788766788766788,0.023931623931623933,0.0004884004884004884,211.62,-23.62,108.37,baonhieu2
0.005372405372405372,0.044444444444444446,0.051526251526251524,0.015384615384615385,0.0007326007326007326,219.12,-22.25,105.5,baonhieu2
0.0,0.037606837606837605,0.040293040293040296,0.00927960927960928,0.0007326007326007326,232.81,-19.37,110.37,baonhieu2
0.003663003663003663,0.03247863247863248,0.03223443223443224,0.005128205128205128,0.0007326007326007326,254.87,-13.25,118.56,baonhieu2
0.0017094017094017094,0.035164835164835165,0.03492063492063492,0.007814407814407814,0.0007326007326007326,280.37,-3.94,124.44,baonhieu2
0.006349206349206349,0.04664224664224664,0.05030525030525031,0.01611721611721612,0.0007326007326007326,295.94,4.0,128.12,baonhieu2
0.01221001221001221,0.0547008547008547,0.06105006105006105,0.02197802197802198,0.0007326007326007326,306.87,9.94,132.44,baonhieu2
0.01611721611721612,0.06031746031746032,0.06862026862026863,0.02612942612942613,0.0007326007326007326,97.25,9.69,138.06,baonhieu2
0.01611721611721612,0.06202686202686203,0.07301587301587302,0.02735042735042735,0.0007326007326007326,94.06,3.5,141.37,baonhieu2
0.01391941391941392,0.06202686202686203,0.0757020757020757,0.02735042735042735,0.0007326007326007326,244.37,-7.75,129.31,baonhieu2
0.01221001221001221,0.06129426129426129,0.07472527472527472,0.023687423687423687,0.0007326007326007326,230.37,-15.13,113.19,baonhieu2
0.006349206349206349,0.05103785103785104,0.06153846153846154,0.014407814407814409,0.0007326007326007326,225.62,-18.37,105.44,baonhieu2
0.0007326007326007326,0.04004884004884005,0.04664224664224664,0.00757020757020757,0.0007326007326007326,227.62,-18.81,102.25,baonhieu2
0.005860805860805861,0.03223443223443224,0.036141636141636145,0.0029304029304029304,0.0007326007326007326,234.69,-17.75,106.75,baonhieu2
0.009523809523809525,0.026862026862026864,0.028815628815628817,0.0004884004884004884,0.0007326007326007326,249.62,-13.88,116.19,baonhieu2
0.006837606837606838,0.029548229548229547,0.02857142857142857,0.0009768009768009768,0.0007326007326007326,269.19,-7.62,124.62,baonhieu2
0.0007326007326007326,0.04053724053724054,0.04151404151404151,0.010012210012210013,0.0004884004884004884,286.31,-0.19,130.81,baonhieu2
0.006105006105006105,0.04835164835164835,0.05445665445665446,0.016361416361416362,0.001221001221001221,102.37,5.25,135.37,baonhieu2
0.009768009768009768,0.05372405372405373,0.06349206349206349,0.021001221001221003,0.0017094017094017094,98.19,6.94,137.87,baonhieu2
0.010744810744810745,0.0568986568986569,0.06984126984126984,0.024175824175824177,0.0009768009768009768,93.25,2.81,139.25,baonhieu2
0.011233211233211233,0.058363858363858365,0.0735042735042735,0.02490842490842491,0.0004884004884004884,254.06,-4.31,121.75,baonhieu2
0.01098901098901099,0.0568986568986569,0.07326007326007326,0.022222222222222223,0.0002442002442002442,229.31,-15.44,113.06,baonhieu2
0.005372405372405372,0.04737484737484737,0.05982905982905983,0.013675213675213675,0.0,227.25,-17.37,106.5,baonhieu2
0.002442002442002442,0.037606837606837605,0.04468864468864469,0.006593406593406593,0.0002442002442002442,230.5,-17.62,102.56,baonhieu2
0.007814407814407814,0.03076923076923077,0.03418803418803419,0.0017094017094017094,0.0002442002442002442,236.37,-17.5,104.87,baonhieu2
0.011721611721611722,0.025885225885225887,0.026617826617826617,0.0017094017094017094,0.0004884004884004884,246.19,-15.31,111.87,baonhieu2
0.009523809523809525,0.02783882783882784,0.025885225885225887,0.0009768009768009768,0.0004884004884004884,259.94,-10.31,121.87,baonhieu2
0.002442002442002442,0.035897435897435895,0.03638583638583639,0.005860805860805861,0.0004884004884004884,277.0,-3.31,130.81,baonhieu2
0.007326007326007326,0.047619047619047616,0.051526251526251524,0.015384615384615385,0.0007326007326007326,101.56,4.0,137.06,baonhieu2
0.014652014652014652,0.055921855921855924,0.06202686202686203,0.02197802197802198,0.0007326007326007326,96.06,8.69,140.75,baonhieu2
0.019536019536019536,0.061782661782661785,0.0695970695970696,0.026617826617826617,0.0007326007326007326,92.06,6.81,142.81,baonhieu2
0.0231990231990232,0.06398046398046398,0.073992673992674,0.028815628815628817,0.0007326007326007326,263.0,0.62,125.31,baonhieu2
0.025152625152625153,0.06544566544566545,0.07716727716727717,0.02905982905982906,0.0007326007326007326,242.94,-6.69,112.12,baonhieu2
0.019536019536019536,0.05885225885225885,0.06593406593406594,0.021733821733821733,0.0007326007326007326,238.19,-10.5,104.37,baonhieu2
0.011233211233211233,0.04884004884004884,0.051526251526251524,0.013675213675213675,0.0007326007326007326,242.5,-12.25,100.62,baonhieu2
0.005616605616605617,0.041758241758241756,0.04151404151404151,0.008302808302808303,0.0007326007326007326,250.81,-12.44,106.06,baonhieu2
0.0017094017094017094,0.036874236874236875,0.034432234432234435,0.004395604395604396,0.0007326007326007326,270.25,-8.63,119.31,baonhieu2
0.005128205128205128,0.04249084249084249,0.041025641025641026,0.008547008547008548,0.0007326007326007326,297.19,0.75,126.0,baonhieu2
0.010744810744810745,0.050061050061050064,0.052503052503052504,0.013675213675213675,0.0007326007326007326,313.0,8.69,130.5,baonhieu2
0.014652014652014652,0.05567765567765568,0.06056166056166056,0.017094017094017096,0.0007326007326007326,317.19,13.25,133.62,baonhieu2
0.01733821733821734,0.05934065934065934,0.06617826617826618,0.019291819291819293,0.0007326007326007326,94.25,8.88,136.44,baonhieu2
0.019291819291819293,0.06056166056166056,0.06935286935286936,0.020024420024420026,0.0007326007326007326,265.56,0.69,123.0,baonhieu2
0.01978021978021978,0.06153846153846154,0.07155067155067155,0.019536019536019536,0.0007326007326007326,244.44,-7.0,112.81,baonhieu2
0.012454212454212455,0.0547008547008547,0.06031746031746032,0.01221001221001221,0.0007326007326007326,237.12,-11.94,106.69,baonhieu2
0.003418803418803419,0.04371184371184371,0.04590964590964591,0.005128205128205128,0.0007326007326007326,238.81,-14.25,102.25,baonhieu2
0.0029304029304029304,0.036141636141636145,0.036141636141636145,0.0,0.0007326007326007326,242.69,-16.12,103.69,baonhieu2
0.007326007326007326,0.03076923076923077,0.02905982905982906,0.003418803418803419,0.0007326007326007326,257.06,-13.69,112.06,baonhieu2
0.00805860805860806,0.029548229548229547,0.026617826617826617,0.003663003663003663,0.0007326007326007326,285.69,-4.56,120.87,baonhieu2
0.0017094017094017094,0.03492063492063492,0.03565323565323565,0.0019536019536019536,0.0007326007326007326,311.12,6.25,125.5,baonhieu2
0.002686202686202686,0.043467643467643466,0.04884004884004884,0.008547008547008548,0.0007326007326007326,321.75,13.81,128.5,baonhieu2
0.005860805860805861,0.04932844932844933,0.05811965811965812,0.013431013431013432,0.0007326007326007326,314.56,14.56,133.0,baonhieu2
0.006349206349206349,0.053235653235653234,0.06446886446886448,0.016605616605616606,0.0007326007326007326,285.0,8.75,124.31,baonhieu2
0.006593406593406593,0.054945054945054944,0.06764346764346764,0.018070818070818073,0.0007326007326007326,247.0,-3.44,112.81,baonhieu2
0.002686202686202686,0.04908424908424908,0.05982905982905983,0.011721611721611722,0.0007326007326007326,234.06,-9.94,105.19,baonhieu2
0.003418803418803419,0.0380952380952381,0.04590964590964591,0.0031746031746031746,0.0007326007326007326,233.94,-11.56,101.44,baonhieu2
0.007814407814407814,0.03028083028083028,0.036141636141636145,0.0029304029304029304,0.0007326007326007326,240.25,-12.25,101.5,baonhieu2
0.010744810744810745,0.024664224664224663,0.029304029304029304,0.007081807081807082,0.0007326007326007326,251.87,-12.13,106.19,baonhieu2
0.011721611721611722,0.023443223443223443,0.025396825396825397,0.006837606837606838,0.0007326007326007326,258.25,-12.31,115.5,baonhieu2
0.002197802197802198,0.03125763125763126,0.033455433455433455,0.0009768009768009768,0.0007326007326007326,280.56,-4.37,126.56,baonhieu2
0.005128205128205128,0.042735042735042736,0.04737484737484737,0.007814407814407814,0.0007326007326007326,308.0,6.94,131.19,baonhieu2
0.010256410256410256,0.05128205128205128,0.058363858363858365,0.012454212454212455,0.0007326007326007326,316.0,12.38,134.06,baonhieu2
0.01391941391941392,0.05714285714285714,0.06617826617826618,0.01562881562881563,0.0007326007326007326,297.94,9.25,134.12,baonhieu2
0.013431013431013432,0.06105006105006105,0.07155067155067155,0.01733821733821734,0.0007326007326007326,266.75,2.25,125.56,baonhieu2
0.009035409035409036,0.06324786324786325,0.07521367521367521,0.017094017094017096,0.0007326007326007326,245.44,-4.87,113.56,baonhieu2
0.0029304029304029304,0.057387057387057384,0.0673992673992674,0.011721611721611722,0.0007326007326007326,238.56,-9.19,105.31,baonhieu2
0.0031746031746031746,0.04664224664224664,0.053235653235653234,0.003418803418803419,0.0017094017094017094,238.5,-11.38,100.62,baonhieu2
0.00757020757020757,0.03907203907203907,0.04249084249084249,0.002197802197802198,0.002686202686202686,244.0,-13.5,102.19,baonhieu2
0.010500610500610501,0.0336996336996337,0.035164835164835165,0.006105006105006105,0.0031746031746031746,263.94,-9.75,110.31,baonhieu2
0.00927960927960928,0.031013431013431014,0.030036630036630037,0.007081807081807082,0.003663003663003663,283.56,-4.81,121.25,baonhieu2
0.002686202686202686,0.03956043956043956,0.03956043956043956,0.0017094017094017094,0.002686202686202686,295.56,1.25,128.31,baonhieu2
0.0019536019536019536,0.04542124542124542,0.051526251526251524,0.007814407814407814,0.002197802197802198,309.5,9.56,132.5,baonhieu2
0.005128205128205128,0.04957264957264957,0.05982905982905983,0.011965811965811967,0.0017094017094017094,310.87,12.88,136.06,baonhieu2
0.004151404151404151,0.05201465201465202,0.06568986568986569,0.014407814407814409,0.0014652014652014652,289.12,8.5,133.94,baonhieu2
0.0031746031746031746,0.05274725274725275,0.06910866910866911,0.01562881562881563,0.001221001221001221,250.25,-1.62,120.56,baonhieu2
0.0019536019536019536,0.05274725274725275,0.07081807081807082,0.014407814407814409,0.0009768009768009768,229.81,-11.63,108.75,baonhieu2
0.003418803418803419,0.04395604395604396,0.05860805860805861,0.007081807081807082,0.0009768009768009768,227.37,-14.81,102.5,baonhieu2
0.00927960927960928,0.0336996336996337,0.04322344322344322,0.0009768009768009768,0.0019536019536019536,229.31,-15.63,100.44,baonhieu2
0.013675213675213675,0.026617826617826617,0.032722832722832725,0.006593406593406593,0.002686202686202686,239.19,-14.56,103.62,baonhieu2
0.016605616605616606,0.02148962148962149,0.025152625152625153,0.010744810744810745,0.003418803418803419,258.19,-10.31,112.44,baonhieu2
0.013431013431013432,0.0231990231990232,0.0231990231990232,0.010256410256410256,0.002686202686202686,289.06,-2.37,123.62,baonhieu2
0.004884004884004884,0.033455433455433455,0.032722832722832725,0.0007326007326007326,0.0019536019536019536,304.75,3.69,130.25,baonhieu2
0.0009768009768009768,0.042735042735042736,0.04835164835164835,0.011233211233211233,0.0014652014652014652,312.69,11.06,131.25,baonhieu2
0.005372405372405372,0.04932844932844933,0.05934065934065934,0.019536019536019536,0.001221001221001221,315.06,15.94,133.5,baonhieu2
0.005616605616605617,0.05396825396825397,0.06691086691086691,0.025396825396825397,0.0009768009768009768,298.44,14.88,134.37,baonhieu2
0.005372405372405372,0.05616605616605617,0.07179487179487179,0.02783882783882784,0.0009768009768009768,254.81,1.87,124.81,baonhieu2
0.004395604395604396,0.05445665445665446,0.06642246642246642,0.021245421245421246,0.0009768009768009768,224.69,-12.31,111.25,baonhieu2
0.001221001221001221,0.0463980463980464,0.0547008547008547,0.012698412698412698,0.0007326007326007326,220.44,-16.69,105.5,baonhieu2
0.005616605616605617,0.036141636141636145,0.040293040293040296,0.004151404151404151,0.0007326007326007326,224.56,-16.56,102.25,baonhieu2
0.010256410256410256,0.02905982905982906,0.03028083028083028,0.0017094017094017094,0.0004884004884004884,234.12,-16.0,104.44,baonhieu2
0.013675213675213675,0.023931623931623933,0.0231990231990232,0.005616605616605617,0.001221001221001221,264.25,-7.44,110.62,baonhieu2
0.014407814407814409,0.023931623931623933,0.02197802197802198,0.004884004884004884,0.0017094017094017094,301.69,6.0,117.62,baonhieu2
0.007814407814407814,0.032722832722832725,0.032722832722832725,0.003663003663003663,0.002197802197802198,318.62,14.88,121.62,baonhieu2
0.0029304029304029304,0.042002442002442006,0.04786324786324787,0.012698412698412698,0.001221001221001221,326.06,21.06,128.44,baonhieu2
0.0004884004884004884,0.04835164835164835,0.05885225885225885,0.019291819291819293,0.0007326007326007326,321.31,21.19,135.12,baonhieu2
0.003418803418803419,0.053235653235653234,0.06642246642246642,0.023687423687423687,0.0002442002442002442,300.06,13.81,136.5,baonhieu2
0.004151404151404151,0.05616605616605617,0.07179487179487179,0.026862026862026864,0.0,259.0,3.12,122.31,baonhieu2
0.00463980463980464,0.057387057387057384,0.07448107448107448,0.025396825396825397,0.0002442002442002442,233.75,-8.19,112.75,baonhieu2
0.0004884004884004884,0.04884004884004884,0.06275946275946276,0.01562881562881563,0.0004884004884004884,228.81,-12.19,106.12,baonhieu2
0.007326007326007326,0.03833943833943834,0.04884004884004884,0.006837606837606838,0.0004884004884004884,234.56,-12.5,103.0,baonhieu2
0.01221001221001221,0.031013431013431014,0.03882783882783883,0.0009768009768009768,0.0017094017094017094,253.31,-10.88,107.37,baonhieu2
0.015384615384615385,0.025885225885225887,0.03199023199023199,0.0031746031746031746,0.002686202686202686,279.12,-5.19,112.12,baonhieu2
0.01098901098901099,0.030525030525030524,0.03833943833943834,0.0007326007326007326,0.0019536019536019536,298.56,1.06,114.06,baonhieu2
0.006105006105006105,0.04151404151404151,0.05054945054945055,0.006105006105006105,0.0017094017094017094,312.94,8.81,116.12,baonhieu2
0.002686202686202686,0.04932844932844933,0.059096459096459095,0.010012210012210013,0.0014652014652014652,325.5,18.69,117.19,baonhieu2
0.0002442002442002442,0.0547008547008547,0.0652014652014652,0.012454212454212455,0.001221001221001221,330.56,24.94,122.19,baonhieu2
0.0,0.05641025641025641,0.0695970695970696,0.013675213675213675,0.001221001221001221,304.0,15.06,129.62,baonhieu2
0.0,0.0568986568986569,0.07179487179487179,0.01391941391941392,0.0009768009768009768,253.12,-2.0,118.81,baonhieu2
0.0002442002442002442,0.0568986568986569,0.07326007326007326,0.012942612942612943,0.0009768009768009768,225.37,-14.56,107.75,baonhieu2
0.004395604395604396,0.04908424908424908,0.06202686202686203,0.005128205128205128,0.0009768009768009768,225.44,-16.69,102.69,baonhieu2
0.010500610500610501,0.038583638583638585,0.04713064713064713,0.0014652014652014652,0.0009768009768009768,231.56,-16.69,102.44,baonhieu2
0.014896214896214897,0.0315018315018315,0.03663003663003663,0.005860805860805861,0.0009768009768009768,242.69,-15.38,107.75,baonhieu2
0.017826617826617826,0.026373626373626374,0.029304029304029304,0.009035409035409036,0.0009768009768009768,262.5,-10.44,117.31,baonhieu2
0.014652014652014652,0.029304029304029304,0.030525030525030524,0.00757020757020757,0.0009768009768009768,296.87,2.19,120.06,baonhieu2
0.006349206349206349,0.038583638583638585,0.04249084249084249,0.0007326007326007326,0.0007326007326007326,315.06,11.88,120.69,baonhieu2
0.0004884004884004884,0.04566544566544566,0.05274725274725275,0.00463980463980464,0.0007326007326007326,321.81,19.25,122.81,baonhieu2
0.003418803418803419,0.05054945054945055,0.05982905982905983,0.008547008547008548,0.0007326007326007326,311.56,19.0,126.31,baonhieu2
0.005372405372405372,0.05396825396825397,0.0652014652014652,0.011477411477411478,0.0007326007326007326,293.94,13.5,127.81,baonhieu2
0.003907203907203907,0.05543345543345543,0.06862026862026863,0.013431013431013432,0.0007326007326007326,263.31,2.56,125.0,baonhieu2
0.0017094017094017094,0.05641025641025641,0.07106227106227106,0.014407814407814409,0.0007326007326007326,235.0,-7.75,108.62,baonhieu2
0.0007326007326007326,0.056654456654456654,0.07106227106227106,0.013675213675213675,0.0007326007326007326,234.12,-10.88,100.75,baonhieu2
0.00805860805860806,0.04542124542124542,0.056654456654456654,0.005372405372405372,0.0007326007326007326,234.5,-14.19,98.44,baonhieu2
0.013431013431013432,0.03663003663003663,0.044444444444444446,0.0004884004884004884,0.0007326007326007326,238.5,-16.25,101.12,baonhieu2
0.017094017094017096,0.030525030525030524,0.035897435897435895,0.00463980463980464,0.0007326007326007326,256.06,-11.56,108.0,baonhieu2
0.018070818070818073,0.02612942612942613,0.030036630036630037,0.007326007326007326,0.0007326007326007326,294.19,3.44,114.12,baonhieu2
0.01391941391941392,0.02564102564102564,0.02783882783882784,0.008547008547008548,0.0007326007326007326,316.62,17.0,113.5,baonhieu2
0.005372405372405372,0.03321123321123321,0.03882783882783883,0.003418803418803419,0.0007326007326007326,316.12,18.94,119.87,baonhieu2
0.0009768009768009768,0.045177045177045176,0.051770451770451774,0.003907203907203907,0.0007326007326007326,313.0,20.12,124.62,baonhieu2
0.005372405372405372,0.05347985347985348,0.06202686202686203,0.009768009768009768,0.0007326007326007326,303.5,17.81,128.44,baonhieu2
0.008547008547008548,0.05934065934065934,0.06910866910866911,0.01391941391941392,0.0007326007326007326,276.75,7.87,128.0,baonhieu2
0.00927960927960928,0.06227106227106227,0.07423687423687424,0.01684981684981685,0.0007326007326007326,252.69,0.13,121.19,baonhieu2
0.007814407814407814,0.06202686202686203,0.07496947496947497,0.01562881562881563,0.0007326007326007326,231.37,-9.44,107.75,baonhieu2
0.003663003663003663,0.05445665445665446,0.06568986568986569,0.008791208791208791,0.0019536019536019536,230.62,-11.94,103.19,baonhieu2
0.003907203907203907,0.04224664224664225,0.04981684981684982,0.0002442002442002442,0.002686202686202686,237.19,-11.63,102.87,baonhieu2
0.009035409035409036,0.0336996336996337,0.038583638583638585,0.006349206349206349,0.0031746031746031746,249.44,-10.38,107.56,baonhieu2
0.012698412698412698,0.027594627594627594,0.03076923076923077,0.010744810744810745,0.002442002442002442,269.37,-5.37,113.06,baonhieu2
0.011721611721611722,0.02783882783882784,0.02905982905982906,0.010012210012210013,0.0019536019536019536,289.62,2.69,117.0,baonhieu2
0.004151404151404151,0.037606837606837605,0.04151404151404151,0.002442002442002442,0.0017094017094017094,301.44,10.88,121.94,baonhieu2
0.0009768009768009768,0.04590964590964591,0.0547008547008547,0.011965811965811967,0.0014652014652014652,306.06,16.69,125.5,baonhieu2
0.00463980463980464,0.05201465201465202,0.06422466422466422,0.01855921855921856,0.001221001221001221,298.94,16.19,129.62,baonhieu2
0.004395604395604396,0.05616605616605617,0.07081807081807082,0.022954822954822957,0.0009768009768009768,278.19,7.75,133.25,baonhieu2
0.0031746031746031746,0.0568986568986569,0.07472527472527472,0.025152625152625153,0.0009768009768009768,249.44,-2.19,123.44,baonhieu2
0.0009768009768009768,0.0568986568986569,0.07643467643467644,0.022954822954822957,0.0009768009768009768,230.75,-12.88,111.87,baonhieu2
0.002442002442002442,0.04981684981684982,0.06837606837606838,0.016605616605616606,0.0007326007326007326,229.81,-16.69,107.0,baonhieu2
0.007326007326007326,0.041025641025641026,0.05567765567765568,0.008791208791208791,0.0007326007326007326,234.19,-18.37,105.31,baonhieu2
0.010744810744810745,0.03467643467643468,0.046153846153846156,0.0031746031746031746,0.0007326007326007326,246.75,-16.37,111.31,baonhieu2
0.013186813186813187,0.03028083028083028,0.03956043956043956,0.0007326007326007326,0.0007326007326007326,280.37,-4.87,121.12,baonhieu2
0.011965811965811967,0.028327228327228327,0.03492063492063492,0.0019536019536019536,0.0007326007326007326,307.69,5.5,127.94,baonhieu2
0.0019536019536019536,0.0380952380952381,0.045177045177045176,0.005860805860805861,0.0007326007326007326,311.75,9.19,133.56,baonhieu2
0.008302808302808303,0.0485958485958486,0.057631257631257635,0.013675213675213675,0.0007326007326007326,98.37,8.19,138.31,baonhieu2
0.016605616605616606,0.055921855921855924,0.06617826617826618,0.019291819291819293,0.0004884004884004884,90.94,10.38,140.75,baonhieu2
0.022222222222222223,0.06105006105006105,0.07228327228327229,0.0231990231990232,0.001221001221001221,85.19,10.25,141.0,baonhieu2
0.026373626373626374,0.06373626373626373,0.07594627594627594,0.024664224664224663,0.0007326007326007326,261.12,2.25,127.56,baonhieu2
0.026862026862026864,0.06446886446886448,0.07545787545787545,0.022222222222222223,0.0002442002442002442,221.94,-14.0,110.56,baonhieu2
0.01904761904761905,0.05543345543345543,0.06324786324786325,0.012698412698412698,0.0,221.94,-16.62,101.75,baonhieu2
0.010012210012210013,0.04249084249084249,0.04835164835164835,0.003663003663003663,0.0002442002442002442,230.75,-15.0,97.69,baonhieu2
0.003418803418803419,0.033455433455433455,0.03785103785103785,0.0029304029304029304,0.0004884004884004884,247.44,-11.56,102.12,baonhieu2
0.0009768009768009768,0.027106227106227107,0.030525030525030524,0.007326007326007326,0.0004884004884004884,270.69,-4.75,107.62,baonhieu2
0.0007326007326007326,0.02905982905982906,0.03125763125763126,0.00463980463980464,0.0004884004884004884,288.56,2.25,116.12,baonhieu2
0.013186813186813187,0.04664224664224664,0.04395604395604396,0.010744810744810745,0.0014652014652014652,302.31,8.75,123.5,baonhieu2
0.022954822954822957,0.05885225885225885,0.05518925518925519,0.02148962148962149,0.0019536019536019536,320.0,17.87,129.87,baonhieu2
0.029792429792429794,0.0673992673992674,0.063003663003663,0.02905982905982906,0.002442002442002442,320.75,20.5,133.87,baonhieu2
0.03321123321123321,0.07179487179487179,0.06862026862026863,0.03076923076923077,0.002442002442002442,285.44,9.5,133.06,baonhieu2
0.031013431013431014,0.07203907203907203,0.0713064713064713,0.029304029304029304,0.002686202686202686,239.87,-5.69,113.62,baonhieu2
0.02735042735042735,0.07008547008547009,0.0713064713064713,0.02612942612942613,0.0017094017094017094,232.94,-10.88,104.81,baonhieu2
0.016605616605616606,0.05641025641025641,0.056654456654456654,0.01562881562881563,0.0009768009768009768,235.12,-12.25,99.5,baonhieu2
0.00927960927960928,0.04713064713064713,0.045177045177045176,0.00805860805860806,0.0004884004884004884,241.69,-12.69,97.75,baonhieu2
0.003907203907203907,0.04053724053724054,0.03711843711843712,0.0029304029304029304,0.0002442002442002442,262.19,-8.75,104.81,baonhieu2
0.0004884004884004884,0.035897435897435895,0.0315018315018315,0.0002442002442002442,0.0,285.31,-1.62,111.75,baonhieu2
0.008547008547008548,0.04810744810744811,0.039316239316239315,0.006837606837606838,0.0002442002442002442,291.12,0.62,119.87,baonhieu2
0.020024420024420026,0.05934065934065934,0.05299145299145299,0.015384615384615385,0.0002442002442002442,304.12,9.25,122.06,baonhieu2
0.028083028083028084,0.06715506715506715,0.06251526251526252,0.021245421245421246,0.0004884004884004884,305.31,12.19,126.19,baonhieu2
0.03394383394383394,0.07252747252747253,0.06910866910866911,0.02564102564102564,0.0004884004884004884,304.37,13.94,128.75,baonhieu2
0.03467643467643468,0.07423687423687424,0.07326007326007326,0.026862026862026864,0.0004884004884004884,297.19,12.44,130.5,baonhieu2
0.03321123321123321,0.07448107448107448,0.07496947496947497,0.02735042735042735,0.0004884004884004884,272.31,5.37,125.25,baonhieu2
0.03223443223443224,0.07423687423687424,0.07594627594627594,0.027106227106227107,0.0004884004884004884,230.87,-10.69,109.56,baonhieu2
0.027594627594627594,0.06886446886446887,0.0713064713064713,0.02197802197802198,0.0004884004884004884,226.44,-15.44,102.94,baonhieu2
0.018803418803418803,0.05543345543345543,0.05543345543345543,0.012454212454212455,0.0014652014652014652,230.19,-16.69,102.0,baonhieu2
0.012698412698412698,0.046153846153846156,0.044444444444444446,0.005616605616605617,0.0019536019536019536,240.37,-15.94,106.37,baonhieu2
0.008302808302808303,0.03956043956043956,0.03663003663003663,0.0009768009768009768,0.002197802197802198,258.19,-12.56,112.56,baonhieu2
0.006837606837606838,0.04004884004884005,0.03467643467643468,0.0009768009768009768,0.0014652014652014652,279.62,-4.12,116.12,baonhieu2
0.008302808302808303,0.0485958485958486,0.04493284493284493,0.00757020757020757,0.0007326007326007326,296.44,5.75,118.56,baonhieu2
0.009768009768009768,0.05616605616605617,0.057631257631257635,0.013431013431013432,0.0002442002442002442,308.94,14.63,122.5,baonhieu2
0.01098901098901099,0.06153846153846154,0.06666666666666667,0.017826617826617826,0.0,308.0,16.12,128.31,baonhieu2
0.011721611721611722,0.06544566544566545,0.07301587301587302,0.020757020757020756,0.0002442002442002442,293.75,11.88,133.5,baonhieu2
0.01221001221001221,0.06715506715506715,0.07692307692307693,0.022466422466422466,0.0004884004884004884,257.44,-0.13,134.12,baonhieu2
0.01221001221001221,0.06788766788766788,0.0796092796092796,0.023687423687423687,0.0004884004884004884,218.06,-16.31,121.19,baonhieu2
0.008791208791208791,0.0652014652014652,0.07643467643467644,0.019536019536019536,0.0007326007326007326,216.87,-20.62,110.0,baonhieu2
0.0017094017094017094,0.05299145299145299,0.06031746031746032,0.009768009768009768,0.0007326007326007326,220.69,-21.81,104.25,baonhieu2
0.003418803418803419,0.04371184371184371,0.047619047619047616,0.0029304029304029304,0.0007326007326007326,227.75,-21.44,104.5,baonhieu2
0.006837606837606838,0.03711843711843712,0.038583638583638585,0.0019536019536019536,0.0007326007326007326,248.44,-15.31,109.62,baonhieu2
0.007814407814407814,0.03247863247863248,0.03223443223443224,0.00463980463980464,0.0007326007326007326,288.44,-0.5,113.0,baonhieu2
0.002197802197802198,0.03711843711843712,0.03638583638583639,0.0002442002442002442,0.0007326007326007326,301.19,7.44,118.37,baonhieu2
0.0017094017094017094,0.04713064713064713,0.051526251526251524,0.008547008547008548,0.0007326007326007326,305.37,12.69,124.0,baonhieu2
0.004395604395604396,0.05396825396825397,0.06251526251526252,0.014652014652014652,0.0007326007326007326,306.44,14.81,130.06,baonhieu2
0.005860805860805861,0.059096459096459095,0.07032967032967033,0.01904761904761905,0.0007326007326007326,300.25,13.5,136.62,baonhieu2
0.005860805860805861,0.06129426129426129,0.0757020757020757,0.02148962148962149,0.0007326007326007326,75.19,6.69,138.06,baonhieu2
0.005860805860805861,0.06251526251526252,0.07912087912087912,0.02197802197802198,0.0007326007326007326,234.56,-5.87,128.5,baonhieu2
0.00463980463980464,0.06056166056166056,0.07765567765567766,0.017582417582417582,0.0007326007326007326,212.69,-18.06,110.62,baonhieu2
0.0002442002442002442,0.05372405372405373,0.06813186813186813,0.011233211233211233,0.0007326007326007326,218.56,-18.44,101.69,baonhieu2
0.005860805860805861,0.042002442002442006,0.05225885225885226,0.0029304029304029304,0.0007326007326007326,226.56,-16.75,99.37,baonhieu2
0.010256410256410256,0.033455433455433455,0.04126984126984127,0.0029304029304029304,0.0007326007326007326,245.44,-11.88,100.75,baonhieu2
0.013186813186813187,0.027594627594627594,0.033455433455433455,0.007081807081807082,0.0019536019536019536,277.0,-2.0,103.19,baonhieu2
0.011233211233211233,0.026862026862026864,0.02857142857142857,0.008302808302808303,0.002686202686202686,302.75,7.19,104.75,baonhieu2
0.004395604395604396,0.03418803418803419,0.036874236874236875,0.0004884004884004884,0.0031746031746031746,308.25,11.13,112.5,baonhieu2
0.0002442002442002442,0.0442002442002442,0.050061050061050064,0.007814407814407814,0.0014652014652014652,313.37,15.88,120.56,baonhieu2
0.003663003663003663,0.051526251526251524,0.05958485958485959,0.013675213675213675,0.0,310.94,16.44,129.19,baonhieu2
0.0014652014652014652,0.05641025641025641,0.06666666666666667,0.017826617826617826,0.0009768009768009768,297.06,11.88,135.37,baonhieu2
0.0014652014652014652,0.058363858363858365,0.07155067155067155,0.020512820512820513,0.0014652014652014652,266.0,3.56,130.56,baonhieu2
0.003663003663003663,0.05934065934065934,0.07448107448107448,0.02197802197802198,0.0009768009768009768,229.87,-9.88,115.44,baonhieu2
0.006593406593406593,0.055921855921855924,0.06715506715506715,0.01611721611721612,0.0007326007326007326,218.06,-16.62,106.25,baonhieu2
0.010500610500610501,0.045177045177045176,0.052503052503052504,0.006837606837606838,0.0019536019536019536,221.94,-15.63,100.31,baonhieu2
0.013431013431013432,0.03663003663003663,0.040293040293040296,0.0004884004884004884,0.002686202686202686,229.94,-14.75,98.87,baonhieu2
0.015384615384615385,0.03076923076923077,0.0315018315018315,0.004151404151404151,0.003418803418803419,255.06,-9.0,102.62,baonhieu2
0.016605616605616606,0.026617826617826617,0.025396825396825397,0.007081807081807082,0.003663003663003663,283.75,0.25,106.62,baonhieu2
0.011233211233211233,0.0315018315018315,0.031746031746031744,0.0019536019536019536,0.003907203907203907,297.44,6.94,107.5,baonhieu2
0.00757020757020757,0.04322344322344322,0.04835164835164835,0.008302808302808303,0.004151404151404151,303.69,11.63,112.75,baonhieu2
0.004884004884004884,0.05128205128205128,0.060073260073260075,0.015384615384615385,0.004151404151404151,310.31,15.5,119.62,baonhieu2
0.005860805860805861,0.0568986568986569,0.06837606837606838,0.020512820512820513,0.004395604395604396,313.56,16.37,125.81,baonhieu2
0.006837606837606838,0.05958485958485959,0.07252747252747253,0.023443223443223443,0.004395604395604396,295.69,9.94,129.56,baonhieu2
0.00757020757020757,0.06056166056166056,0.07423687423687424,0.023443223443223443,0.004395604395604396,262.5,0.81,123.0,baonhieu2
0.008302808302808303,0.05811965811965812,0.07179487179487179,0.01978021978021978,0.00463980463980464,233.06,-10.56,115.12,baonhieu2
0.01221001221001221,0.047619047619047616,0.057387057387057384,0.010500610500610501,0.00463980463980464,225.56,-14.75,108.56,baonhieu2
0.016361416361416362,0.03638583638583639,0.04224664224664225,0.0019536019536019536,0.005860805860805861,227.94,-14.56,102.81,baonhieu2
0.019536019536019536,0.028327228327228327,0.031746031746031744,0.004151404151404151,0.006593406593406593,236.31,-13.38,102.06,baonhieu2
0.02148962148962149,0.022954822954822957,0.02442002442002442,0.008302808302808303,0.007081807081807082,256.44,-8.69,104.0,baonhieu2
0.01733821733821734,0.024664224664224663,0.025885225885225887,0.005128205128205128,0.006349206349206349,274.12,-2.62,106.25,baonhieu2
0.01391941391941392,0.035897435897435895,0.041025641025641026,0.006593406593406593,0.00463980463980464,281.75,0.88,108.94,baonhieu2
0.011477411477411478,0.047619047619047616,0.05641025641025641,0.015873015873015872,0.003663003663003663,292.62,6.5,113.69,baonhieu2
0.009768009768009768,0.055921855921855924,0.06691086691086691,0.022466422466422466,0.002686202686202686,300.12,11.06,119.81,baonhieu2
0.008791208791208791,0.06153846153846154,0.07448107448107448,0.026862026862026864,0.002197802197802198,301.87,13.38,125.0,baonhieu2
0.009035409035409036,0.06373626373626373,0.07863247863247863,0.029792429792429794,0.0017094017094017094,288.0,11.06,124.81,baonhieu2
0.010256410256410256,0.06373626373626373,0.08156288156288156,0.03076923076923077,0.0014652014652014652,250.12,-0.62,112.31,baonhieu2
0.01098901098901099,0.060805860805860805,0.07814407814407814,0.026373626373626374,0.001221001221001221,226.12,-11.75,105.0,baonhieu2
0.011477411477411478,0.050061050061050064,0.06398046398046398,0.016361416361416362,0.0009768009768009768,227.25,-13.69,98.56,baonhieu2
0.014652014652014652,0.03907203907203907,0.04932844932844933,0.007814407814407814,0.0002442002442002442,234.0,-12.44,94.37,baonhieu2
0.01684981684981685,0.0315018315018315,0.03907203907203907,0.0019536019536019536,0.0009768009768009768,245.06,-9.94,92.25,baonhieu2
0.018315018315018316,0.02612942612942613,0.031746031746031744,0.002442002442002442,0.0017094017094017094,261.44,-6.06,96.62,baonhieu2
0.01733821733821734,0.025152625152625153,0.02735042735042735,0.004395604395604396,0.0019536019536019536,271.37,-3.5,104.19,baonhieu2
0.014163614163614164,0.030525030525030524,0.032722832722832725,0.0007326007326007326,0.001221001221001221,273.56,-2.19,112.69,baonhieu2
0.011965811965811967,0.041025641025641026,0.0463980463980464,0.006593406593406593,0.0004884004884004884,280.25,2.25,121.06,baonhieu2
0.010256410256410256,0.0485958485958486,0.05714285714285714,0.010744810744810745,0.0002442002442002442,289.31,7.87,128.06,baonhieu2
0.011477411477411478,0.05372405372405373,0.06495726495726496,0.013675213675213675,0.0002442002442002442,291.0,10.81,131.31,baonhieu2
0.013186813186813187,0.057387057387057384,0.07008547008547009,0.014652014652014652,0.0002442002442002442,281.0,8.75,132.44,baonhieu2
0.014407814407814409,0.05860805860805861,0.07301587301587302,0.015384615384615385,0.0004884004884004884,251.06,-1.87,128.75,baonhieu2
0.015873015873015872,0.059096459096459095,0.07521367521367521,0.015384615384615385,0.0004884004884004884,223.94,-13.88,115.12,baonhieu2
0.017094017094017096,0.05934065934065934,0.0761904761904762,0.01514041514041514,0.0004884004884004884,225.25,-15.69,101.94,baonhieu2
0.01904761904761905,0.04932844932844933,0.06373626373626373,0.00757020757020757,0.0004884004884004884,232.31,-15.63,98.31,baonhieu2
0.02026862026862027,0.04078144078144078,0.05054945054945055,0.001221001221001221,0.0007326007326007326,240.56,-14.88,100.44,baonhieu2
0.021001221001221003,0.03492063492063492,0.04126984126984127,0.0029304029304029304,0.0019536019536019536,260.69,-7.87,104.69,baonhieu2
0.02148962148962149,0.03076923076923077,0.03467643467643468,0.006105006105006105,0.0014652014652014652,284.44,1.75,110.5,baonhieu2
0.018070818070818073,0.0336996336996337,0.03711843711843712,0.00463980463980464,0.001221001221001221,294.5,8.75,118.94,baonhieu2
0.01562881562881563,0.04395604395604396,0.04981684981684982,0.003418803418803419,0.0009768009768009768,298.19,13.94,126.25,baonhieu2
0.01391941391941392,0.05103785103785104,0.060805860805860805,0.00927960927960928,0.0009768009768009768,292.56,14.44,131.06,baonhieu2
0.012942612942612943,0.055921855921855924,0.06862026862026863,0.013186813186813187,0.0007326007326007326,278.19,10.13,132.31,baonhieu2
0.013186813186813187,0.05811965811965812,0.073992673992674,0.015384615384615385,0.0007326007326007326,248.44,-0.19,123.0,baonhieu2
0.013431013431013432,0.05934065934065934,0.07741147741147741,0.016361416361416362,0.0007326007326007326,228.25,-10.38,109.62,baonhieu2
0.014652014652014652,0.05616605616605617,0.07326007326007326,0.013675213675213675,0.0007326007326007326,227.69,-13.38,101.56,baonhieu2
0.019536019536019536,0.0463980463980464,0.06105006105006105,0.006593406593406593,0.0007326007326007326,236.81,-11.75,98.12,baonhieu2
0.022954822954822957,0.036141636141636145,0.04713064713064713,0.0007326007326007326,0.0007326007326007326,252.19,-8.0,99.06,baonhieu2
0.025396825396825397,0.029304029304029304,0.03711843711843712,0.005616605616605617,0.0007326007326007326,271.31,-2.31,105.12,baonhieu2
0.02564102564102564,0.02442002442002442,0.03028083028083028,0.00927960927960928,0.0007326007326007326,296.56,6.87,114.81,baonhieu2
0.024175824175824177,0.02442002442002442,0.02905982905982906,0.009768009768009768,0.0007326007326007326,302.87,10.94,120.31,baonhieu2
0.020512820512820513,0.03540903540903541,0.041025641025641026,0.002197802197802198,0.0007326007326007326,301.81,13.56,123.81,baonhieu2
0.018070818070818073,0.04493284493284493,0.05445665445665446,0.004395604395604396,0.0007326007326007326,297.37,15.06,126.75,baonhieu2
0.01611721611721612,0.051770451770451774,0.06398046398046398,0.009035409035409036,0.0007326007326007326,290.25,14.13,128.25,baonhieu2
0.01514041514041514,0.05641025641025641,0.07081807081807082,0.01221001221001221,0.0007326007326007326,269.62,6.5,128.5,baonhieu2
0.01562881562881563,0.059096459096459095,0.07521367521367521,0.014163614163614164,0.0007326007326007326,238.19,-6.62,122.5,baonhieu2
0.015873015873015872,0.06056166056166056,0.07814407814407814,0.014896214896214897,0.0007326007326007326,225.5,-13.38,106.44,baonhieu2
0.018315018315018316,0.05616605616605617,0.07252747252747253,0.009035409035409036,0.0007326007326007326,227.62,-14.63,99.0,baonhieu2
0.022466422466422466,0.043467643467643466,0.057631257631257635,0.0002442002442002442,0.0019536019536019536,233.81,-14.63,96.44,baonhieu2
0.025396825396825397,0.03467643467643468,0.046886446886446886,0.006105006105006105,0.002686202686202686,244.62,-12.75,99.19,baonhieu2
0.027594627594627594,0.028327228327228327,0.03956043956043956,0.010500610500610501,0.0031746031746031746,269.44,-5.06,104.37,baonhieu2
0.025152625152625153,0.028083028083028084,0.03565323565323565,0.010744810744810745,0.002442002442002442,292.44,5.94,103.19,baonhieu2
0.019291819291819293,0.03638583638583639,0.045177045177045176,0.003418803418803419,0.0019536019536019536,300.94,12.13,111.12,baonhieu2
0.015384615384615385,0.047619047619047616,0.056654456654456654,0.003663003663003663,0.0017094017094017094,307.06,17.31,118.19,baonhieu2
0.012454212454212455,0.05543345543345543,0.06471306471306472,0.008302808302808303,0.0014652014652014652,300.69,16.12,124.94,baonhieu2
0.011965811965811967,0.060805860805860805,0.07032967032967033,0.011721611721611722,0.001221001221001221,279.25,8.19,127.62,baonhieu2
0.011721611721611722,0.06324786324786325,0.07374847374847375,0.01391941391941392,0.001221001221001221,247.69,-1.81,118.62,baonhieu2
0.011721611721611722,0.06349206349206349,0.07423687423687424,0.012942612942612943,0.0009768009768009768,226.5,-10.94,103.25,baonhieu2
0.013431013431013432,0.05616605616605617,0.06593406593406594,0.008302808302808303,0.0009768009768009768,220.12,-16.31,96.06,baonhieu2
0.017582417582417582,0.04395604395604396,0.05103785103785104,0.0,0.002197802197802198,227.25,-15.25,93.31,baonhieu2
0.020512820512820513,0.035164835164835165,0.03882783882783883,0.005616605616605617,0.0029304029304029304,238.25,-13.44,94.12,baonhieu2
0.022466422466422466,0.02905982905982906,0.030525030525030524,0.009523809523809525,0.003418803418803419,253.12,-10.69,103.12,baonhieu2
0.02271062271062271,0.024664224664224663,0.02442002442002442,0.01221001221001221,0.003907203907203907,268.56,-5.81,116.5,baonhieu2
0.017826617826617826,0.029548229548229547,0.02905982905982906,0.007326007326007326,0.004151404151404151,289.56,3.12,120.69,baonhieu2
0.01391941391941392,0.043467643467643466,0.04249084249084249,0.0031746031746031746,0.004151404151404151,302.31,11.38,120.0,baonhieu2
0.01098901098901099,0.05299145299145299,0.05518925518925519,0.011477411477411478,0.004395604395604396,307.94,17.19,121.69,baonhieu2
0.009035409035409036,0.05982905982905983,0.06422466422466422,0.019291819291819293,0.0031746031746031746,310.31,20.0,125.19,baonhieu2
0.009523809523809525,0.063003663003663,0.07057387057387057,0.024664224664224663,0.002442002442002442,298.19,16.19,129.37,baonhieu2
0.009768009768009768,0.06398046398046398,0.07423687423687424,0.028327228327228327,0.0019536019536019536,256.56,2.31,127.0,baonhieu2
0.010744810744810745,0.06446886446886448,0.07667887667887668,0.03076923076923077,0.0017094017094017094,210.06,-16.94,110.12,baonhieu2
0.011965811965811967,0.06251526251526252,0.07545787545787545,0.02905982905982906,0.0014652014652014652,214.81,-17.44,100.44,baonhieu2
0.016605616605616606,0.04884004884004884,0.05982905982905983,0.018070818070818073,0.001221001221001221,221.25,-16.19,97.81,baonhieu2
0.01978021978021978,0.03907203907203907,0.04713064713064713,0.010012210012210013,0.0009768009768009768,234.12,-14.69,100.5,baonhieu2
0.02197802197802198,0.03247863247863248,0.03833943833943834,0.00463980463980464,0.0009768009768009768,250.0,-11.38,104.31,baonhieu2
0.021001221001221003,0.029304029304029304,0.03223443223443224,0.0007326007326007326,0.0007326007326007326,262.44,-8.25,109.62,baonhieu2
0.01684981684981685,0.03223443223443224,0.03321123321123321,0.0009768009768009768,0.0007326007326007326,280.31,-2.31,117.87,baonhieu2
0.012454212454212455,0.04004884004884005,0.042735042735042736,0.008791208791208791,0.0007326007326007326,304.81,10.13,121.0,baonhieu2
0.00927960927960928,0.04786324786324787,0.05641025641025641,0.01562881562881563,0.0007326007326007326,313.87,18.0,123.94,baonhieu2
0.007081807081807082,0.053235653235653234,0.06568986568986569,0.02026862026862027,0.0007326007326007326,313.06,20.5,127.37,baonhieu2
0.007326007326007326,0.0568986568986569,0.07228327228327229,0.023687423687423687,0.0007326007326007326,293.19,13.63,130.06,baonhieu2
0.007326007326007326,0.05860805860805861,0.0761904761904762,0.025396825396825397,0.0007326007326007326,247.37,-0.75,116.75,baonhieu2
0.009035409035409036,0.05958485958485959,0.07765567765567766,0.0231990231990232,0.0007326007326007326,226.69,-10.06,107.56,baonhieu2
0.012454212454212455,0.04884004884004884,0.06398046398046398,0.012942612942612943,0.0007326007326007326,227.25,-11.44,102.31,baonhieu2
0.015873015873015872,0.03736263736263736,0.04908424908424908,0.004151404151404151,0.0007326007326007326,232.87,-11.81,99.87,baonhieu2
0.018315018315018316,0.029548229548229547,0.038583638583638585,0.0017094017094017094,0.0007326007326007326,244.25,-10.69,102.87,baonhieu2
0.020024420024420026,0.023931623931623933,0.03125763125763126,0.005860805860805861,0.0007326007326007326,262.06,-6.94,108.06,baonhieu2
0.018803418803418803,0.025885225885225887,0.029792429792429794,0.005372405372405372,0.0007326007326007326,283.37,-0.75,112.94,baonhieu2
0.017582417582417582,0.03956043956043956,0.042735042735042736,0.002197802197802198,0.0007326007326007326,298.31,5.87,118.75,baonhieu2
0.016605616605616606,0.04932844932844933,0.0547008547008547,0.008547008547008548,0.0007326007326007326,305.69,11.25,126.12,baonhieu2
0.015873015873015872,0.055921855921855924,0.063003663003663,0.013186813186813187,0.0007326007326007326,302.37,11.81,131.81,baonhieu2
0.015384615384615385,0.05885225885225885,0.06910866910866911,0.016361416361416362,0.0007326007326007326,279.56,5.5,132.87,baonhieu2
0.01611721611721612,0.06056166056166056,0.07301587301587302,0.018070818070818073,0.0007326007326007326,253.81,-1.06,116.5,baonhieu2
0.017582417582417582,0.06129426129426129,0.07521367521367521,0.017582417582417582,0.0007326007326007326,230.25,-11.13,107.25,baonhieu2
0.01855921855921856,0.05372405372405373,0.06471306471306472,0.010012210012210013,0.0007326007326007326,229.37,-13.81,101.06,baonhieu2
0.02197802197802198,0.04078144078144078,0.04957264957264957,0.0017094017094017094,0.0007326007326007326,239.44,-12.75,98.37,baonhieu2
0.024175824175824177,0.03199023199023199,0.03882783882783883,0.003907203907203907,0.0007326007326007326,259.0,-9.06,102.25,baonhieu2
0.02564102564102564,0.02564102564102564,0.03125763125763126,0.00805860805860806,0.0007326007326007326,287.87,-1.31,106.94,baonhieu2
0.02026862026862027,0.028083028083028084,0.03223443223443224,0.007081807081807082,0.0007326007326007326,296.06,0.94,110.69,baonhieu2
0.016605616605616606,0.03882783882783883,0.045177045177045176,0.0002442002442002442,0.0007326007326007326,300.06,5.31,115.94,baonhieu2
0.01391941391941392,0.04664224664224664,0.05641025641025641,0.005372405372405372,0.0007326007326007326,301.62,9.0,123.06,baonhieu2
0.012698412698412698,0.05225885225885226,0.06446886446886448,0.009035409035409036,0.0007326007326007326,293.31,8.5,129.19,baonhieu2
0.012942612942612943,0.05616605616605617,0.07008547008547009,0.011721611721611722,0.0007326007326007326,267.0,0.88,131.69,baonhieu2
0.013431013431013432,0.05811965811965812,0.073992673992674,0.013431013431013432,0.0007326007326007326,234.69,-9.63,114.37,baonhieu2
0.01391941391941392,0.05958485958485959,0.07643467643467644,0.013675213675213675,0.0007326007326007326,223.12,-14.25,103.37,baonhieu2
0.01684981684981685,0.050061050061050064,0.06422466422466422,0.006593406593406593,0.0007326007326007326,226.56,-14.06,97.69,baonhieu2
0.020512820512820513,0.039316239316239315,0.04957264957264957,0.0004884004884004884,0.0007326007326007326,232.0,-14.38,95.75,baonhieu2
0.022954822954822957,0.031746031746031744,0.03907203907203907,0.005616605616605617,0.0007326007326007326,245.62,-12.94,102.69,baonhieu2
0.024664224664224663,0.026373626373626374,0.03199023199023199,0.00927960927960928,0.0007326007326007326,265.81,-8.44,112.81,baonhieu2
0.021733821733821733,0.029548229548229547,0.033455433455433455,0.007081807081807082,0.0007326007326007326,286.37,-2.0,120.56,baonhieu2
0.013186813186813187,0.04224664224664225,0.047619047619047616,0.0017094017094017094,0.0007326007326007326,301.12,6.56,126.62,baonhieu2
0.007081807081807082,0.05128205128205128,0.05934065934065934,0.007814407814407814,0.0007326007326007326,302.81,10.56,130.81,baonhieu2
0.0029304029304029304,0.057387057387057384,0.0673992673992674,0.01221001221001221,0.0007326007326007326,287.69,7.69,131.56,baonhieu2
0.0004884004884004884,0.06153846153846154,0.07301587301587302,0.014652014652014652,0.0007326007326007326,254.19,-0.19,117.25,baonhieu2
0.0009768009768009768,0.06422466422466422,0.0761904761904762,0.015873015873015872,0.0007326007326007326,236.06,-7.0,107.19,baonhieu2
0.002686202686202686,0.05396825396825397,0.06398046398046398,0.00757020757020757,0.0007326007326007326,237.62,-8.56,100.75,baonhieu2
0.008547008547008548,0.04249084249084249,0.04932844932844933,0.0002442002442002442,0.0007326007326007326,242.94,-9.38,97.12,baonhieu2
0.012454212454212455,0.034432234432234435,0.03907203907203907,0.005616605616605617,0.0007326007326007326,251.06,-10.25,99.12,baonhieu2
0.015384615384615385,0.028815628815628817,0.03199023199023199,0.00927960927960928,0.0007326007326007326,269.37,-8.44,106.81,baonhieu2
0.014896214896214897,0.03076923076923077,0.031746031746031744,0.009035409035409036,0.0007326007326007326,287.06,-4.06,115.94,baonhieu2
0.011233211233211233,0.041025641025641026,0.045177045177045176,0.0007326007326007326,0.0002442002442002442,297.31,2.44,119.75,baonhieu2
0.008547008547008548,0.04835164835164835,0.05616605616605617,0.00927960927960928,0.001221001221001221,298.5,8.31,125.25,baonhieu2
0.006837606837606838,0.05347985347985348,0.06349206349206349,0.01514041514041514,0.0017094017094017094,295.0,11.31,127.69,baonhieu2
0.005616605616605617,0.05616605616605617,0.06886446886446887,0.01904761904761905,0.0009768009768009768,282.75,8.38,127.19,baonhieu2
0.005860805860805861,0.057631257631257635,0.07179487179487179,0.021245421245421246,0.0004884004884004884,250.5,-1.62,118.0,baonhieu2
0.006593406593406593,0.057631257631257635,0.07374847374847375,0.020512820512820513,0.0,231.44,-10.44,106.94,baonhieu2
0.00805860805860806,0.045177045177045176,0.06056166056166056,0.010500610500610501,0.0002442002442002442,232.75,-11.44,100.19,baonhieu2
0.01221001221001221,0.03663003663003663,0.04737484737484737,0.0029304029304029304,0.0002442002442002442,240.12,-11.44,98.37,baonhieu2
0.01514041514041514,0.030525030525030524,0.0380952380952381,0.002197802197802198,0.0004884004884004884,257.75,-9.38,102.94,baonhieu2
0.017094017094017096,0.026862026862026864,0.0315018315018315,0.005860805860805861,0.0004884004884004884,281.12,-3.94,108.06,baonhieu2
0.014163614163614164,0.03223443223443224,0.03785103785103785,0.0019536019536019536,0.0004884004884004884,300.56,3.06,112.19,baonhieu2
0.010256410256410256,0.042002442002442006,0.05054945054945055,0.00463980463980464,0.0004884004884004884,312.56,10.06,116.62,baonhieu2
0.00757020757020757,0.050061050061050064,0.06056166056166056,0.00927960927960928,0.0004884004884004884,323.94,17.37,122.69,baonhieu2
0.005616605616605617,0.05543345543345543,0.0673992673992674,0.012454212454212455,0.0004884004884004884,315.37,15.13,131.25,baonhieu2
0.006349206349206349,0.05934065934065934,0.07228327228327229,0.014652014652014652,0.0004884004884004884,257.56,-2.94,131.69,baonhieu2
0.007326007326007326,0.06153846153846154,0.07545787545787545,0.01562881562881563,0.0007326007326007326,221.94,-15.38,117.06,baonhieu2
0.008547008547008548,0.05860805860805861,0.07252747252747253,0.010744810744810745,0.0017094017094017094,215.12,-20.0,107.25,baonhieu2
0.014652014652014652,0.04664224664224664,0.05860805860805861,0.002686202686202686,0.002686202686202686,221.44,-18.5,100.69,baonhieu2
0.019291819291819293,0.035897435897435895,0.04468864468864469,0.0029304029304029304,0.0031746031746031746,232.87,-15.88,98.62,baonhieu2
0.022466422466422466,0.028327228327228327,0.03467643467643468,0.007081807081807082,0.003663003663003663,262.44,-6.31,97.37,baonhieu2
0.02490842490842491,0.022954822954822957,0.02783882783882784,0.010012210012210013,0.002686202686202686,293.19,3.94,93.81,baonhieu2
0.020757020757020756,0.026617826617826617,0.029548229548229547,0.009035409035409036,0.0019536019536019536,310.31,8.13,99.56,baonhieu2
0.017826617826617826,0.03638583638583639,0.041025641025641026,0.0009768009768009768,0.0017094017094017094,307.37,7.87,119.0,baonhieu2
0.01562881562881563,0.04395604395604396,0.05274725274725275,0.006593406593406593,0.001221001221001221,303.44,9.19,131.12,baonhieu2
0.014652014652014652,0.04908424908424908,0.060805860805860805,0.011965811965811967,0.001221001221001221,89.31,7.81,136.37,baonhieu2
0.01562881562881563,0.05274725274725275,0.06642246642246642,0.01562881562881563,0.0009768009768009768,83.31,1.62,135.56,baonhieu2
0.016605616605616606,0.0547008547008547,0.07032967032967033,0.018070818070818073,0.0009768009768009768,247.0,-3.75,118.0,baonhieu2
0.017826617826617826,0.05567765567765568,0.07277167277167278,0.017826617826617826,0.0007326007326007326,234.31,-8.5,106.5,baonhieu2
0.019536019536019536,0.04590964590964591,0.06129426129426129,0.010012210012210013,0.0007326007326007326,234.06,-9.63,101.37,baonhieu2
0.022466422466422466,0.034432234432234435,0.04664224664224664,0.0014652014652014652,0.0007326007326007326,240.25,-8.94,99.25,baonhieu2
0.024664224664224663,0.026373626373626374,0.036141636141636145,0.004395604395604396,0.0007326007326007326,255.87,-6.75,103.25,baonhieu2
0.02612942612942613,0.020757020757020756,0.02905982905982906,0.008547008547008548,0.0007326007326007326,274.87,-3.87,110.31,baonhieu2
0.022466422466422466,0.024175824175824177,0.03076923076923077,0.00757020757020757,0.0007326007326007326,286.44,-1.0,117.25,baonhieu2
0.020024420024420026,0.035897435897435895,0.04493284493284493,0.002197802197802198,0.0007326007326007326,300.44,5.94,121.12,baonhieu2
0.018070818070818073,0.0442002442002442,0.05518925518925519,0.0014652014652014652,0.0007326007326007326,314.0,13.56,126.75,baonhieu2
0.017826617826617826,0.04981684981684982,0.06251526251526252,0.004151404151404151,0.0007326007326007326,312.69,15.31,132.25,baonhieu2
0.017826617826617826,0.05299145299145299,0.06764346764346764,0.004884004884004884,0.0007326007326007326,289.37,9.94,128.69,baonhieu2
0.017826617826617826,0.05518925518925519,0.07081807081807082,0.005372405372405372,0.0007326007326007326,255.25,0.06,115.25,baonhieu2
0.01855921855921856,0.05543345543345543,0.06935286935286936,0.004151404151404151,0.0007326007326007326,237.81,-7.69,108.12,baonhieu2
0.020757020757020756,0.04493284493284493,0.05567765567765568,0.003418803418803419,0.0007326007326007326,238.56,-9.06,102.12,baonhieu2
0.022954822954822957,0.036141636141636145,0.04224664224664225,0.008791208791208791,0.0007326007326007326,245.25,-9.19,98.62,baonhieu2
0.02442002442002442,0.029792429792429794,0.03296703296703297,0.012698412698412698,0.0007326007326007326,257.25,-9.56,104.5,baonhieu2
0.025396825396825397,0.025396825396825397,0.026373626373626374,0.014652014652014652,0.0007326007326007326,274.87,-7.25,112.87,baonhieu2
0.022222222222222223,0.029792429792429794,0.03296703296703297,0.007326007326007326,0.0007326007326007326,289.31,-1.94,119.94,baonhieu2
0.01978021978021978,0.039316239316239315,0.04786324786324787,0.0031746031746031746,0.0007326007326007326,301.62,5.25,123.75,baonhieu2
0.018315018315018316,0.04590964590964591,0.058363858363858365,0.010744810744810745,0.0007326007326007326,312.12,12.0,127.25,baonhieu2
0.01855921855921856,0.05054945054945055,0.06568986568986569,0.015873015873015872,0.0007326007326007326,312.06,13.69,130.75,baonhieu2
0.018803418803418803,0.05274725274725275,0.07008547008547009,0.01904761904761905,0.0007326007326007326,292.06,7.5,132.5,baonhieu2
0.019291819291819293,0.05372405372405373,0.07277167277167278,0.020757020757020756,0.0007326007326007326,253.25,-3.37,117.75,baonhieu2
0.019536019536019536,0.054212454212454214,0.07448107448107448,0.021245421245421246,0.0007326007326007326,231.62,-12.31,106.69,baonhieu2
0.021733821733821733,0.04664224664224664,0.06275946275946276,0.013431013431013432,0.0007326007326007326,234.69,-12.75,100.19,baonhieu2
0.02490842490842491,0.035897435897435895,0.04835164835164835,0.004884004884004884,0.0019536019536019536,238.69,-13.94,96.75,baonhieu2
0.02735042735042735,0.028327228327228327,0.0380952380952381,0.0009768009768009768,0.002686202686202686,248.62,-13.19,98.87,baonhieu2
0.028815628815628817,0.0231990231990232,0.031013431013431014,0.005128205128205128,0.003418803418803419,265.75,-9.69,106.94,baonhieu2
0.027106227106227107,0.02148962148962149,0.02612942612942613,0.007081807081807082,0.003907203907203907,291.19,0.0,113.94,baonhieu2
0.021001221001221003,0.027594627594627594,0.032722832722832725,0.002197802197802198,0.0029304029304029304,303.87,6.62,119.25,baonhieu2
0.016605616605616606,0.039316239316239315,0.04664224664224664,0.007326007326007326,0.001221001221001221,312.31,13.25,123.0,baonhieu2
0.013675213675213675,0.047619047619047616,0.059096459096459095,0.014652014652014652,0.0002442002442002442,312.81,15.75,128.44,baonhieu2
0.013431013431013432,0.05347985347985348,0.06764346764346764,0.019536019536019536,0.0009768009768009768,287.69,7.56,131.25,baonhieu2
0.013675213675213675,0.05616605616605617,0.07374847374847375,0.022954822954822957,0.0017094017094017094,258.19,-0.37,117.5,baonhieu2
0.014407814407814409,0.05787545787545788,0.07643467643467644,0.02271062271062271,0.0019536019536019536,238.31,-8.75,107.0,baonhieu2
0.016605616605616606,0.051526251526251524,0.06691086691086691,0.01514041514041514,0.002442002442002442,233.69,-12.31,101.75,baonhieu2
0.02148962148962149,0.0398046398046398,0.05054945054945055,0.005860805860805861,0.002442002442002442,237.44,-12.75,98.75,baonhieu2
0.024664224664224663,0.03125763125763126,0.03907203907203907,0.0007326007326007326,0.002686202686202686,248.5,-12.69,101.5,baonhieu2
0.027106227106227107,0.025396825396825397,0.031013431013431014,0.005372405372405372,0.0017094017094017094,267.94,-8.38,105.5,baonhieu2
0.025396825396825397,0.024175824175824177,0.027106227106227107,0.007326007326007326,0.0009768009768009768,289.56,-2.25,111.69,baonhieu2
0.021001221001221003,0.02783882783882784,0.030036630036630037,0.005372405372405372,0.0004884004884004884,299.69,2.75,115.81,baonhieu2
0.017826617826617826,0.03296703296703297,0.04053724053724054,0.001221001221001221,0.0,303.31,7.06,121.19,baonhieu2
0.01562881562881563,0.0398046398046398,0.05347985347985348,0.005616605616605617,0.0,303.62,11.5,126.56,baonhieu2
0.01611721611721612,0.04468864468864469,0.06251526251526252,0.010256410256410256,0.0007326007326007326,294.5,11.75,127.87,baonhieu2
0.01733821733821734,0.04786324786324787,0.06910866910866911,0.013675213675213675,0.0014652014652014652,272.56,5.12,126.94,baonhieu2
0.018315018315018316,0.050061050061050064,0.073992673992674,0.015384615384615385,0.0019536019536019536,243.5,-6.44,119.44,baonhieu2
0.01904761904761905,0.050793650793650794,0.07692307692307693,0.016361416361416362,0.002197802197802198,238.62,-9.69,101.37,baonhieu2
0.02148962148962149,0.04786324786324787,0.07155067155067155,0.010256410256410256,0.0014652014652014652,243.69,-8.81,97.75,baonhieu2
0.025396825396825397,0.03540903540903541,0.05567765567765568,0.0019536019536019536,0.0007326007326007326,253.06,-7.37,96.87,baonhieu2
0.028083028083028084,0.026862026862026864,0.044444444444444446,0.003907203907203907,0.0002442002442002442,267.56,-5.81,101.5,baonhieu2
0.030036630036630037,0.020757020757020756,0.03663003663003663,0.00805860805860806,0.0,291.12,0.62,109.44,baonhieu2
0.027594627594627594,0.019291819291819293,0.0315018315018315,0.010012210012210013,0.0002442002442002442,309.44,9.0,114.81,baonhieu2
0.019291819291819293,0.028327228327228327,0.04004884004884005,0.005128205128205128,0.0004884004884004884,313.06,15.63,118.19,baonhieu2
0.013431013431013432,0.04004884004884005,0.054945054945054944,0.0017094017094017094,0.0004884004884004884,309.12,18.25,118.94,baonhieu2
0.00927960927960928,0.04810744810744811,0.0652014652014652,0.006349206349206349,0.0007326007326007326,291.62,13.56,119.94,baonhieu2
0.008547008547008548,0.05372405372405373,0.07228327228327229,0.009768009768009768,0.0007326007326007326,258.62,1.19,114.12,baonhieu2
0.009035409035409036,0.057387057387057384,0.07741147741147741,0.011477411477411478,0.0007326007326007326,250.25,-2.56,102.25,baonhieu2
0.011477411477411478,0.05201465201465202,0.06935286935286936,0.005372405372405372,0.0007326007326007326,251.44,-5.0,100.62,baonhieu2
0.01562881562881563,0.04249084249084249,0.05616605616605617,0.0007326007326007326,0.0007326007326007326,257.37,-4.31,98.75,baonhieu2
0.018315018315018316,0.03565323565323565,0.04664224664224664,0.005128205128205128,0.0007326007326007326,262.06,-2.62,97.44,baonhieu2
0.020512820512820513,0.031013431013431014,0.04004884004884005,0.00805860805860806,0.0007326007326007326,263.87,-2.12,97.0,baonhieu2
0.020757020757020756,0.029304029304029304,0.03540903540903541,0.009768009768009768,0.0007326007326007326,263.25,-3.5,96.75,baonhieu2
0.02026862026862027,0.028083028083028084,0.03223443223443224,0.01098901098901099,0.0019536019536019536,261.31,-5.06,98.25,baonhieu2
0.019536019536019536,0.027594627594627594,0.030036630036630037,0.011721611721611722,0.002686202686202686,257.06,-8.69,98.81,baonhieu2
0.01904761904761905,0.02735042735042735,0.02857142857142857,0.011965811965811967,0.0031746031746031746,257.62,-9.19,98.75,baonhieu2
0.018070818070818073,0.027106227106227107,0.02735042735042735,0.011965811965811967,0.003663003663003663,257.69,-10.25,99.0,baonhieu2
0.017094017094017096,0.02735042735042735,0.02735042735042735,0.011721611721611722,0.002686202686202686,254.94,-13.31,100.0,baonhieu2
0.01514041514041514,0.027594627594627594,0.02735042735042735,0.011233211233211233,0.002197802197802198,250.69,-15.63,102.19,baonhieu2
0.013186813186813187,0.028083028083028084,0.02735042735042735,0.01098901098901099,0.0017094017094017094,249.0,-16.12,104.0,baonhieu2
0.011721611721611722,0.028327228327228327,0.02783882783882784,0.010500610500610501,0.0014652014652014652,251.75,-16.0,108.06,baonhieu2
0.010744810744810745,0.028815628815628817,0.028083028083028084,0.010012210012210013,0.001221001221001221,258.06,-14.94,116.12,baonhieu2
0.010012210012210013,0.030525030525030524,0.03125763125763126,0.00927960927960928,0.001221001221001221,259.87,-12.88,130.37,baonhieu2
0.009768009768009768,0.0380952380952381,0.04224664224664225,0.0029304029304029304,0.0009768009768009768,103.31,-0.5,136.87,baonhieu2
0.010256410256410256,0.04322344322344322,0.050793650793650794,0.0014652014652014652,0.0009768009768009768,91.75,-7.69,140.5,baonhieu2
0.013431013431013432,0.046886446886446886,0.056654456654456654,0.00463980463980464,0.0009768009768009768,215.37,-20.37,122.06,baonhieu2
0.01611721611721612,0.04932844932844933,0.060073260073260075,0.006837606837606838,0.0019536019536019536,215.25,-22.0,100.75,baonhieu2
0.02026862026862027,0.04249084249084249,0.051770451770451774,0.0004884004884004884,0.002686202686202686,213.94,-23.94,98.56,baonhieu2
0.023931623931623933,0.0336996336996337,0.0398046398046398,0.006349206349206349,0.003418803418803419,220.44,-22.62,99.19,baonhieu2
0.026373626373626374,0.02735042735042735,0.03125763125763126,0.010500610500610501,0.003663003663003663,227.75,-21.87,101.06,baonhieu2
0.028083028083028084,0.022954822954822957,0.025396825396825397,0.013431013431013432,0.003907203907203907,234.56,-20.69,103.75,baonhieu2
0.027594627594627594,0.021733821733821733,0.022222222222222223,0.014896214896214897,0.0029304029304029304,237.5,-20.62,105.12,baonhieu2
0.02564102564102564,0.022222222222222223,0.021001221001221003,0.01514041514041514,0.002197802197802198,237.5,-21.12,106.0,baonhieu2
0.022954822954822957,0.023687423687423687,0.021001221001221003,0.01514041514041514,0.0017094017094017094,237.31,-21.69,106.25,baonhieu2
0.020512820512820513,0.02490842490842491,0.021245421245421246,0.01514041514041514,0.0014652014652014652,237.0,-22.37,106.75,baonhieu2
0.018803418803418803,0.02564102564102564,0.02148962148962149,0.014896214896214897,0.001221001221001221,237.56,-22.31,107.44,baonhieu2
0.01733821733821734,0.025885225885225887,0.02148962148962149,0.014652014652014652,0.001221001221001221,238.19,-22.19,108.37,baonhieu2
0.015873015873015872,0.026373626373626374,0.021733821733821733,0.014407814407814409,0.002197802197802198,238.75,-22.12,108.81,baonhieu2
0.01391941391941392,0.026373626373626374,0.02197802197802198,0.014163614163614164,0.0029304029304029304,239.0,-22.25,109.19,baonhieu2
0.012454212454212455,0.026617826617826617,0.022466422466422466,0.01391941391941392,0.003418803418803419,239.56,-22.12,109.81,baonhieu2
0.01098901098901099,0.026862026862026864,0.022954822954822957,0.013431013431013432,0.003663003663003663,240.31,-21.94,110.56,baonhieu2
0.009768009768009768,0.026862026862026864,0.023687423687423687,0.012698412698412698,0.003907203907203907,240.62,-22.0,111.12,baonhieu2
0.008302808302808303,0.02735042735042735,0.02442002442002442,0.01221001221001221,0.004151404151404151,240.75,-21.94,111.5,baonhieu2
0.006837606837606838,0.028083028083028084,0.025152625152625153,0.011477411477411478,0.004151404151404151,240.87,-21.87,112.06,baonhieu2
0.005616605616605617,0.028815628815628817,0.02612942612942613,0.010256410256410256,0.004395604395604396,240.94,-21.94,112.37,baonhieu2
0.00463980463980464,0.029548229548229547,0.027106227106227107,0.009523809523809525,0.004395604395604396,241.19,-21.87,112.75,baonhieu2
0.003663003663003663,0.03028083028083028,0.028327228327228327,0.008302808302808303,0.004395604395604396,241.25,-21.81,113.19,baonhieu2
0.0029304029304029304,0.03125763125763126,0.029548229548229547,0.007326007326007326,0.004395604395604396,241.56,-21.75,113.75,baonhieu2
0.002197802197802198,0.03199023199023199,0.03076923076923077,0.006349206349206349,0.004395604395604396,242.0,-21.62,113.94,baonhieu2
0.0017094017094017094,0.03223443223443224,0.0315018315018315,0.005860805860805861,0.004395604395604396,241.94,-21.69,113.87,baonhieu2
