flex1,flex2,flex3,flex4,flex5,imu_x,imu_y,imu_z,SIGN
0.05030525030525031,0.04322344322344322,0.04981684981684982,0.04932844932844933,0.0004884004884004884,126.75,-22.19,22.25,C6
0.04957264957264957,0.027594627594627594,0.042735042735042736,0.04542124542124542,0.0004884004884004884,136.25,-25.81,28.19,C6
0.04981684981684982,0.016605616605616606,0.03785103785103785,0.04249084249084249,0.0004884004884004884,145.25,-28.62,35.94,C6
0.05054945054945055,0.011233211233211233,0.034432234432234435,0.04053724053724054,0.0017094017094017094,144.31,-28.87,34.56,C6
0.05103785103785104,0.00757020757020757,0.03199023199023199,0.03956043956043956,0.002442002442002442,141.12,-27.12,31.12,C6
0.051526251526251524,0.004884004884004884,0.03028083028083028,0.03882783882783883,0.0029304029304029304,134.94,-22.75,28.81,C6
0.05128205128205128,0.002442002442002442,0.028327228327228327,0.038583638583638585,0.003418803418803419,119.44,-17.5,26.19,C6
0.050061050061050064,0.0009768009768009768,0.027106227106227107,0.03833943833943834,0.003663003663003663,104.81,-17.5,26.12,C6
0.04932844932844933,0.0002442002442002442,0.02612942612942613,0.0380952380952381,0.002686202686202686,93.12,-22.56,25.06,C6
0.0485958485958486,0.0002442002442002442,0.02564102564102564,0.0380952380952381,0.0031746031746031746,84.75,-30.44,25.62,C6
0.04835164835164835,0.0014652014652014652,0.025152625152625153,0.0380952380952381,0.003418803418803419,79.75,-39.56,28.19,C6
0.04908424908424908,0.0029304029304029304,0.024664224664224663,0.0380952380952381,0.003663003663003663,77.62,-44.94,33.94,C6
0.05030525030525031,0.00463980463980464,0.024664224664224663,0.03833943833943834,0.003907203907203907,80.5,-48.75,34.13,C6
0.05128205128205128,0.007814407814407814,0.02612942612942613,0.03907203907203907,0.003907203907203907,86.94,-52.88,34.19,C6
0.05225885225885226,0.011965811965811967,0.029304029304029304,0.04004884004884005,0.004151404151404151,95.56,-54.88,34.81,C6
0.05299145299145299,0.016361416361416362,0.03223443223443224,0.041025641025641026,0.004151404151404151,101.44,-56.25,37.0,C6
0.053235653235653234,0.02026862026862027,0.03565323565323565,0.041758241758241756,0.004151404151404151,103.94,-56.44,32.75,C6
0.05372405372405373,0.02490842490842491,0.0398046398046398,0.04224664224664225,0.004151404151404151,104.0,-56.25,33.63,C6
0.05372405372405373,0.02905982905982906,0.04297924297924298,0.04322344322344322,0.004151404151404151,105.37,-55.5,32.63,C6
0.05396825396825397,0.03223443223443224,0.04566544566544566,0.04395604395604396,0.004151404151404151,107.12,-54.13,35.19,C6
0.05445665445665446,0.03467643467643468,0.047619047619047616,0.04468864468864469,0.004151404151404151,108.94,-52.56,37.5,C6
0.05518925518925519,0.03663003663003663,0.04884004884004884,0.04542124542124542,0.004151404151404151,110.25,-51.69,38.31,C6
0.057387057387057384,0.03833943833943834,0.050061050061050064,0.04590964590964591,0.004395604395604396,110.44,-52.0,33.5,C6
0.05934065934065934,0.039316239316239315,0.05128205128205128,0.0463980463980464,0.004395604395604396,106.87,-52.75,27.12,C6
0.060805860805860805,0.04371184371184371,0.05372405372405373,0.04786324786324787,0.004395604395604396,105.12,-51.81,21.69,C6
0.061782661782661785,0.051526251526251524,0.058363858363858365,0.05030525030525031,0.004395604395604396,104.06,-50.75,17.5,C6
0.061782661782661785,0.06056166056166056,0.06446886446886448,0.05396825396825397,0.004395604395604396,103.75,-50.0,15.06,C6
0.06153846153846154,0.06666666666666667,0.06886446886446887,0.05641025641025641,0.004395604395604396,103.19,-52.88,14.31,C6
0.06031746031746032,0.07106227106227106,0.07179487179487179,0.05811965811965812,0.004395604395604396,102.56,-57.5,16.75,C6
0.05225885225885226,0.07203907203907203,0.07203907203907203,0.05641025641025641,0.004395604395604396,102.37,-63.56,23.06,C6
0.03736263736263736,0.05372405372405373,0.05982905982905983,0.04224664224664225,0.004395604395604396,101.62,-64.94,25.25,C6
0.02026862026862027,0.02490842490842491,0.04053724053724054,0.024664224664224663,0.004395604395604396,101.19,-63.88,24.62,C6
0.005860805860805861,0.003663003663003663,0.023931623931623933,0.011965811965811967,0.004395604395604396,100.94,-62.56,23.62,C6
0.004395604395604396,0.011233211233211233,0.012454212454212455,0.0031746031746031746,0.004395604395604396,100.69,-61.13,20.94,C6
0.011477411477411478,0.02148962148962149,0.004151404151404151,0.0031746031746031746,0.004395604395604396,100.75,-53.56,13.69,C6
0.012454212454212455,0.024664224664224663,0.0017094017094017094,0.003907203907203907,0.004395604395604396,101.56,-48.38,11.69,C6
0.00463980463980464,0.014163614163614164,0.006349206349206349,0.0019536019536019536,0.004395604395604396,102.37,-47.25,10.63,C6
0.006593406593406593,0.004884004884004884,0.01684981684981685,0.011965811965811967,0.004395604395604396,101.87,-47.56,10.38,C6
0.014896214896214897,0.021001221001221003,0.02783882783882784,0.021733821733821733,0.004395604395604396,101.87,-48.31,10.25,C6
0.020757020757020756,0.03247863247863248,0.03565323565323565,0.028327228327228327,0.004395604395604396,101.37,-52.38,11.63,C6
0.02490842490842491,0.04053724053724054,0.04126984126984127,0.03296703296703297,0.004395604395604396,101.31,-58.25,16.81,C6
0.02197802197802198,0.03638583638583639,0.03785103785103785,0.029548229548229547,0.004395604395604396,101.69,-62.69,23.0,C6
0.010256410256410256,0.012942612942612943,0.025396825396825397,0.014163614163614164,0.004395604395604396,101.37,-62.06,24.44,C6
0.004395604395604396,0.008302808302808303,0.010500610500610501,0.0004884004884004884,0.004395604395604396,101.5,-61.06,23.81,C6
0.014652014652014652,0.023443223443223443,0.0,0.008791208791208791,0.004395604395604396,101.31,-61.13,23.87,C6
0.021733821733821733,0.0336996336996337,0.007326007326007326,0.015384615384615385,0.004395604395604396,100.44,-57.81,18.19,C6
0.02612942612942613,0.03956043956043956,0.011721611721611722,0.018070818070818073,0.004395604395604396,101.5,-50.06,13.25,C6
0.022222222222222223,0.036141636141636145,0.009035409035409036,0.014896214896214897,0.004395604395604396,102.06,-49.0,12.56,C6
0.010256410256410256,0.017094017094017096,0.0014652014652014652,0.00463980463980464,0.004395604395604396,101.87,-48.81,12.0,C6
0.0007326007326007326,0.0029304029304029304,0.013675213675213675,0.007081807081807082,0.0031746031746031746,101.94,-48.81,11.75,C6
0.008302808302808303,0.018315018315018316,0.024664224664224663,0.017094017094017096,0.002442002442002442,101.56,-49.63,11.69,C6
0.013675213675213675,0.02905982905982906,0.03223443223443224,0.023931623931623933,0.0019536019536019536,101.19,-52.31,12.44,C6
0.01733821733821734,0.03663003663003663,0.037606837606837605,0.028815628815628817,0.002686202686202686,101.44,-57.19,16.56,C6
0.013431013431013432,0.03296703296703297,0.0336996336996337,0.025152625152625153,0.0031746031746031746,101.0,-61.0,20.75,C6
0.0019536019536019536,0.009768009768009768,0.020512820512820513,0.010744810744810745,0.003663003663003663,100.69,-61.25,21.87,C6
0.010256410256410256,0.011233211233211233,0.005372405372405372,0.0019536019536019536,0.003907203907203907,100.62,-61.19,22.37,C6
0.01904761904761905,0.025885225885225887,0.005372405372405372,0.01098901098901099,0.003907203907203907,100.62,-61.0,22.31,C6
0.02490842490842491,0.036141636141636145,0.012942612942612943,0.01733821733821734,0.004151404151404151,99.94,-57.19,17.0,C6
0.028327228327228327,0.04151404151404151,0.017582417582417582,0.01978021978021978,0.004151404151404151,101.0,-49.19,12.81,C6
0.02271062271062271,0.03638583638583639,0.01391941391941392,0.015873015873015872,0.004395604395604396,101.56,-47.25,12.38,C6
0.00927960927960928,0.014652014652014652,0.001221001221001221,0.004395604395604396,0.004395604395604396,101.12,-47.44,12.0,C6
0.0014652014652014652,0.005128205128205128,0.011721611721611722,0.007814407814407814,0.004395604395604396,100.75,-48.06,11.75,C6
0.00927960927960928,0.01904761904761905,0.020757020757020756,0.016361416361416362,0.004395604395604396,100.56,-50.94,12.69,C6
0.014407814407814409,0.028815628815628817,0.027106227106227107,0.022222222222222223,0.0031746031746031746,101.0,-57.44,17.5,C6
0.011233211233211233,0.028327228327228327,0.025885225885225887,0.021245421245421246,0.002442002442002442,101.12,-61.69,22.37,C6
0.0004884004884004884,0.005616605616605617,0.013675213675213675,0.008302808302808303,0.0029304029304029304,101.06,-61.88,23.87,C6
0.012698412698412698,0.014652014652014652,0.0004884004884004884,0.004395604395604396,0.003418803418803419,101.06,-61.38,24.12,C6
0.02148962148962149,0.02905982905982906,0.010744810744810745,0.013431013431013432,0.003663003663003663,101.12,-61.06,23.81,C6
0.02735042735042735,0.03882783882783883,0.017826617826617826,0.019536019536019536,0.003907203907203907,100.62,-57.31,18.87,C6
0.030525030525030524,0.0442002442002442,0.022954822954822957,0.022222222222222223,0.004151404151404151,100.87,-49.0,13.25,C6
0.028083028083028084,0.04224664224664225,0.020757020757020756,0.019291819291819293,0.004151404151404151,101.06,-46.88,12.5,C6
0.015384615384615385,0.023931623931623933,0.010256410256410256,0.00927960927960928,0.004151404151404151,100.87,-46.56,12.06,C6
0.0029304029304029304,0.002686202686202686,0.003418803418803419,0.0031746031746031746,0.004151404151404151,100.69,-46.69,11.94,C6
0.006105006105006105,0.012942612942612943,0.014652014652014652,0.013186813186813187,0.0031746031746031746,100.5,-47.31,11.94,C6
0.012454212454212455,0.023931623931623933,0.023443223443223443,0.020757020757020756,0.002197802197802198,100.5,-48.56,12.25,C6
0.01684981684981685,0.0315018315018315,0.029548229548229547,0.02612942612942613,0.0029304029304029304,100.56,-52.44,13.81,C6
0.018803418803418803,0.03638583638583639,0.0336996336996337,0.029792429792429794,0.0031746031746031746,101.81,-57.88,18.62,C6
0.013186813186813187,0.026862026862026864,0.025396825396825397,0.020024420024420026,0.003663003663003663,102.31,-60.94,22.69,C6
0.001221001221001221,0.0,0.009523809523809525,0.003907203907203907,0.003907203907203907,102.37,-61.0,23.5,C6
0.013186813186813187,0.02197802197802198,0.006593406593406593,0.009523809523809525,0.004151404151404151,102.25,-60.88,23.56,C6
0.021733821733821733,0.03736263736263736,0.017826617826617826,0.018803418803418803,0.004151404151404151,101.87,-60.06,22.19,C6
0.027594627594627594,0.04810744810744811,0.02564102564102564,0.025396825396825397,0.004151404151404151,101.0,-53.25,15.0,C6
0.028815628815628817,0.051526251526251524,0.028083028083028084,0.026617826617826617,0.004151404151404151,101.62,-48.44,13.31,C6
0.02026862026862027,0.04249084249084249,0.02271062271062271,0.021001221001221003,0.004151404151404151,101.56,-47.75,12.81,C6
0.007326007326007326,0.01904761904761905,0.007814407814407814,0.008302808302808303,0.0031746031746031746,101.25,-47.56,12.5,C6
0.002442002442002442,0.0009768009768009768,0.005860805860805861,0.003907203907203907,0.002197802197802198,100.94,-48.13,12.31,C6
0.009523809523809525,0.014896214896214897,0.015384615384615385,0.012454212454212455,0.0017094017094017094,100.56,-51.19,13.44,C6
0.014163614163614164,0.02442002442002442,0.02197802197802198,0.018315018315018316,0.001221001221001221,101.0,-54.94,16.37,C6
0.011233211233211233,0.022466422466422466,0.021001221001221003,0.017826617826617826,0.0009768009768009768,101.44,-58.44,20.0,C6
0.0002442002442002442,0.0009768009768009768,0.00927960927960928,0.003418803418803419,0.0007326007326007326,101.56,-58.75,21.25,C6
0.013431013431013432,0.023687423687423687,0.006349206349206349,0.011721611721611722,0.0019536019536019536,101.5,-58.81,21.69,C6
0.02271062271062271,0.03956043956043956,0.01733821733821734,0.022466422466422466,0.002686202686202686,101.44,-58.63,21.37,C6
0.029304029304029304,0.05054945054945055,0.02490842490842491,0.030036630036630037,0.0031746031746031746,100.5,-55.63,17.5,C6
0.03247863247863248,0.05616605616605617,0.030036630036630037,0.03223443223443224,0.003418803418803419,100.31,-48.56,13.13,C6
0.02905982905982906,0.051770451770451774,0.02735042735042735,0.02905982905982906,0.003663003663003663,100.19,-46.63,12.63,C6
0.01514041514041514,0.02783882783882784,0.013675213675213675,0.01684981684981685,0.002686202686202686,99.87,-46.5,12.25,C6
0.0029304029304029304,0.005860805860805861,0.0007326007326007326,0.0031746031746031746,0.002197802197802198,99.81,-46.75,12.06,C6
0.005372405372405372,0.009523809523809525,0.01098901098901099,0.006593406593406593,0.0017094017094017094,99.69,-47.94,12.06,C6
0.011233211233211233,0.02026862026862027,0.018070818070818073,0.013186813186813187,0.001221001221001221,100.44,-52.06,13.44,C6
0.012698412698412698,0.023687423687423687,0.02271062271062271,0.016361416361416362,0.0009768009768009768,101.44,-57.13,16.44,C6
0.002686202686202686,0.0014652014652014652,0.012942612942612943,0.005372405372405372,0.0009768009768009768,102.0,-58.69,18.25,C6
0.009523809523809525,0.020757020757020756,0.0019536019536019536,0.009035409035409036,0.0019536019536019536,102.31,-58.88,19.0,C6
0.018803418803418803,0.03638583638583639,0.01611721611721612,0.019291819291819293,0.002686202686202686,102.19,-58.75,18.69,C6
0.025396825396825397,0.04737484737484737,0.025885225885225887,0.026373626373626374,0.0031746031746031746,102.0,-58.5,18.37,C6
0.029792429792429794,0.05445665445665446,0.03296703296703297,0.03076923076923077,0.003418803418803419,100.87,-54.63,13.88,C6
0.0315018315018315,0.05787545787545788,0.03663003663003663,0.03199023199023199,0.003663003663003663,101.06,-48.13,11.44,C6
0.026373626373626374,0.052503052503052504,0.03296703296703297,0.028083028083028084,0.003907203907203907,101.19,-46.19,11.13,C6
0.013431013431013432,0.03028083028083028,0.018803418803418803,0.01611721611721612,0.003907203907203907,100.81,-46.19,10.81,C6
0.0009768009768009768,0.007814407814407814,0.0029304029304029304,0.002686202686202686,0.0029304029304029304,100.75,-46.19,10.69,C6
0.00757020757020757,0.00805860805860806,0.008547008547008548,0.006837606837606838,0.003418803418803419,100.69,-47.19,10.44,C6
0.013431013431013432,0.019291819291819293,0.016605616605616606,0.013431013431013432,0.002442002442002442,100.44,-50.88,11.19,C6
0.015873015873015872,0.02612942612942613,0.022466422466422466,0.017826617826617826,0.0017094017094017094,101.25,-55.38,14.44,C6
0.009035409035409036,0.012454212454212455,0.014163614163614164,0.008791208791208791,0.0014652014652014652,101.87,-58.75,18.31,C6
0.005616605616605617,0.01221001221001221,0.0019536019536019536,0.006593406593406593,0.001221001221001221,101.94,-58.63,19.19,C6
0.017582417582417582,0.03076923076923077,0.01855921855921856,0.018315018315018316,0.0009768009768009768,101.87,-58.44,19.31,C6
0.025885225885225887,0.04371184371184371,0.03028083028083028,0.026862026862026864,0.0009768009768009768,101.62,-58.19,18.94,C6
0.031746031746031744,0.05274725274725275,0.03833943833943834,0.032722832722832725,0.0019536019536019536,100.44,-54.44,14.69,C6
0.03394383394383394,0.05641025641025641,0.041758241758241756,0.0336996336996337,0.002686202686202686,100.69,-47.38,12.06,C6
0.029548229548229547,0.05128205128205128,0.03736263736263736,0.029792429792429794,0.0031746031746031746,100.81,-45.88,11.63,C6
0.01611721611721612,0.02857142857142857,0.02197802197802198,0.018070818070818073,0.003418803418803419,100.62,-45.94,11.38,C6
0.003907203907203907,0.006105006105006105,0.005372405372405372,0.00463980463980464,0.003663003663003663,100.44,-46.38,11.19,C6
0.00463980463980464,0.00927960927960928,0.006349206349206349,0.00463980463980464,0.002686202686202686,100.37,-49.0,11.06,C6
0.010744810744810745,0.02026862026862027,0.014407814407814409,0.01098901098901099,0.002197802197802198,100.31,-53.0,13.56,C6
0.00805860805860806,0.02026862026862027,0.013431013431013432,0.010256410256410256,0.0017094017094017094,100.94,-57.25,17.19,C6
0.002442002442002442,0.0,0.0019536019536019536,0.0004884004884004884,0.0014652014652014652,101.12,-58.13,18.94,C6
0.01514041514041514,0.02026862026862027,0.011965811965811967,0.012942612942612943,0.001221001221001221,101.19,-57.88,19.62,C6
0.023931623931623933,0.034432234432234435,0.022466422466422466,0.021733821733821733,0.0019536019536019536,101.25,-58.13,19.87,C6
0.03028083028083028,0.044444444444444446,0.029792429792429794,0.02783882783882784,0.002686202686202686,100.87,-55.69,16.62,C6
0.0336996336996337,0.050061050061050064,0.03492063492063492,0.030525030525030524,0.0031746031746031746,102.12,-46.75,12.44,C6
0.030525030525030524,0.04786324786324787,0.03223443223443224,0.027594627594627594,0.003663003663003663,103.25,-43.56,11.63,C6
0.018070818070818073,0.024664224664224663,0.018315018315018316,0.015873015873015872,0.003907203907203907,102.94,-44.38,11.0,C6
0.005128205128205128,0.002686202686202686,0.002197802197802198,0.0029304029304029304,0.003907203907203907,102.56,-45.25,10.75,C6
0.003663003663003663,0.012454212454212455,0.009035409035409036,0.005860805860805861,0.004151404151404151,102.75,-45.19,10.31,C6
0.010012210012210013,0.0231990231990232,0.017094017094017096,0.01221001221001221,0.0029304029304029304,104.12,-49.31,12.25,C6
0.006349206349206349,0.028083028083028084,0.021733821733821733,0.015384615384615385,0.002197802197802198,104.44,-55.13,16.25,C6
0.004395604395604396,0.006105006105006105,0.010012210012210013,0.006105006105006105,0.0017094017094017094,104.56,-55.94,17.81,C6
0.015384615384615385,0.017582417582417582,0.006105006105006105,0.00757020757020757,0.002442002442002442,105.12,-55.5,17.94,C6
0.022954822954822957,0.03418803418803419,0.02026862026862027,0.017826617826617826,0.0031746031746031746,105.56,-56.13,18.5,C6
0.028327228327228327,0.04566544566544566,0.030036630036630037,0.02490842490842491,0.003418803418803419,105.56,-55.69,17.75,C6
0.0315018315018315,0.05299145299145299,0.03711843711843712,0.030036630036630037,0.003663003663003663,104.75,-48.38,13.44,C6
0.03125763125763126,0.0547008547008547,0.03882783882783883,0.029792429792429794,0.003907203907203907,105.06,-40.13,11.81,C6
0.024175824175824177,0.04590964590964591,0.03199023199023199,0.023687423687423687,0.003907203907203907,104.94,-41.0,11.31,C6
0.010744810744810745,0.020024420024420026,0.014163614163614164,0.010012210012210013,0.0029304029304029304,104.75,-42.13,10.88,C6
0.0009768009768009768,0.0004884004884004884,0.0007326007326007326,0.002197802197802198,0.002197802197802198,104.56,-43.0,10.69,C6
0.006105006105006105,0.013186813186813187,0.011233211233211233,0.010500610500610501,0.0017094017094017094,104.37,-45.5,10.44,C6
0.01098901098901099,0.02271062271062271,0.01855921855921856,0.016361416361416362,0.0014652014652014652,105.5,-52.0,13.13,C6
0.011721611721611722,0.026373626373626374,0.022222222222222223,0.018315018315018316,0.001221001221001221,106.25,-56.25,16.94,C6
0.006837606837606838,0.00927960927960928,0.012942612942612943,0.00927960927960928,0.0009768009768009768,106.0,-60.06,21.06,C6
0.004151404151404151,0.013675213675213675,0.0007326007326007326,0.005128205128205128,0.0007326007326007326,105.56,-59.56,21.44,C6
0.013675213675213675,0.029548229548229547,0.01391941391941392,0.015384615384615385,0.0007326007326007326,105.5,-59.38,21.5,C6
0.02026862026862027,0.04078144078144078,0.022954822954822957,0.02271062271062271,0.0007326007326007326,105.31,-58.75,19.87,C6
0.02490842490842491,0.0485958485958486,0.029304029304029304,0.027594627594627594,0.0007326007326007326,105.06,-51.75,14.0,C6
0.024175824175824177,0.04932844932844933,0.02905982905982906,0.026862026862026864,0.0007326007326007326,105.31,-48.0,12.63,C6
0.018315018315018316,0.040293040293040296,0.020512820512820513,0.01978021978021978,0.0007326007326007326,105.25,-48.19,12.38,C6
0.006105006105006105,0.018070818070818073,0.004395604395604396,0.007081807081807082,0.0007326007326007326,105.12,-47.06,11.75,C6
0.0029304029304029304,0.0014652014652014652,0.009523809523809525,0.004884004884004884,0.0007326007326007326,104.69,-47.38,11.5,C6
0.009523809523809525,0.015384615384615385,0.019291819291819293,0.013431013431013432,0.0007326007326007326,104.87,-51.88,12.63,C6
0.01391941391941392,0.02490842490842491,0.026373626373626374,0.019291819291819293,0.0007326007326007326,105.87,-57.75,18.37,C6
0.009523809523809525,0.017094017094017096,0.018070818070818073,0.011965811965811967,0.0007326007326007326,105.87,-60.0,21.62,C6
0.002686202686202686,0.007814407814407814,0.0009768009768009768,0.002442002442002442,0.0007326007326007326,105.81,-59.75,22.37,C6
0.013675213675213675,0.02612942612942613,0.01514041514041514,0.01391941391941392,0.0017094017094017094,105.81,-59.44,22.56,C6
0.021245421245421246,0.03882783882783883,0.026373626373626374,0.02197802197802198,0.001221001221001221,105.12,-57.63,20.19,C6
0.026617826617826617,0.047619047619047616,0.034432234432234435,0.027594627594627594,0.002197802197802198,104.31,-52.44,15.31,C6
0.025885225885225887,0.04810744810744811,0.035164835164835165,0.027106227106227107,0.0029304029304029304,104.75,-48.44,14.0,C6
0.017582417582417582,0.04004884004884005,0.028327228327228327,0.021245421245421246,0.002197802197802198,104.56,-48.81,13.69,C6
0.004884004884004884,0.018070818070818073,0.01391941391941392,0.010012210012210013,0.0017094017094017094,104.62,-49.0,13.56,C6
0.003907203907203907,0.0009768009768009768,0.0004884004884004884,0.0009768009768009768,0.0014652014652014652,104.69,-49.81,13.69,C6
0.010012210012210013,0.014163614163614164,0.010500610500610501,0.008791208791208791,0.001221001221001221,104.94,-53.13,15.0,C6
0.01221001221001221,0.023443223443223443,0.017582417582417582,0.014163614163614164,0.0009768009768009768,105.12,-58.63,21.87,C6
0.007081807081807082,0.01562881562881563,0.010500610500610501,0.006593406593406593,0.0019536019536019536,105.75,-61.13,26.19,C6
0.006105006105006105,0.00757020757020757,0.003663003663003663,0.006593406593406593,0.002686202686202686,105.69,-61.38,27.06,C6
0.016605616605616606,0.025885225885225887,0.017582417582417582,0.01562881562881563,0.003418803418803419,105.81,-60.94,26.94,C6
0.023931623931623933,0.038583638583638585,0.027106227106227107,0.022222222222222223,0.003663003663003663,104.75,-59.13,23.06,C6
0.02905982905982906,0.047619047619047616,0.03394383394383394,0.026617826617826617,0.003907203907203907,104.62,-54.88,18.12,C6
0.026862026862026864,0.046886446886446886,0.032722832722832725,0.025396825396825397,0.003907203907203907,105.31,-51.38,15.69,C6
0.017826617826617826,0.03467643467643468,0.024664224664224663,0.01855921855921856,0.004151404151404151,105.62,-49.81,14.75,C6
0.006349206349206349,0.013431013431013432,0.010256410256410256,0.007326007326007326,0.0029304029304029304,105.44,-49.38,14.38,C6
0.0017094017094017094,0.002442002442002442,0.002197802197802198,0.0019536019536019536,0.002197802197802198,105.62,-50.63,14.75,C6
0.00757020757020757,0.013431013431013432,0.010744810744810745,0.008547008547008548,0.0029304029304029304,106.62,-54.06,17.06,C6
0.009768009768009768,0.021245421245421246,0.01684981684981685,0.013186813186813187,0.003418803418803419,107.25,-58.13,21.5,C6
0.0031746031746031746,0.006349206349206349,0.008547008547008548,0.005128205128205128,0.003663003663003663,107.06,-60.63,25.06,C6
0.008791208791208791,0.01391941391941392,0.004151404151404151,0.006837606837606838,0.003907203907203907,107.19,-60.5,25.69,C6
0.018315018315018316,0.028815628815628817,0.01684981684981685,0.015873015873015872,0.003907203907203907,106.94,-60.06,25.5,C6
0.025152625152625153,0.039316239316239315,0.02564102564102564,0.022222222222222223,0.004151404151404151,106.44,-57.06,21.06,C6
0.029792429792429794,0.04664224664224664,0.03199023199023199,0.026617826617826617,0.004151404151404151,105.5,-51.81,16.25,C6
0.029548229548229547,0.046886446886446886,0.03125763125763126,0.025396825396825397,0.004151404151404151,105.37,-47.0,14.5,C6
0.01904761904761905,0.035164835164835165,0.022222222222222223,0.018070818070818073,0.004151404151404151,105.37,-46.75,13.81,C6
0.006349206349206349,0.012698412698412698,0.006593406593406593,0.005616605616605617,0.0031746031746031746,105.06,-47.56,13.88,C6
0.002686202686202686,0.003907203907203907,0.005860805860805861,0.004151404151404151,0.003418803418803419,104.87,-49.0,14.0,C6
0.008791208791208791,0.01562881562881563,0.014407814407814409,0.01098901098901099,0.003663003663003663,105.31,-53.13,15.56,C6
0.011965811965811967,0.023931623931623933,0.020512820512820513,0.015873015873015872,0.002686202686202686,106.31,-56.81,19.56,C6
0.006105006105006105,0.01221001221001221,0.011721611721611722,0.007081807081807082,0.0031746031746031746,106.62,-58.63,22.06,C6
0.006349206349206349,0.009035409035409036,0.0009768009768009768,0.006105006105006105,0.003663003663003663,106.81,-58.81,22.69,C6
0.01514041514041514,0.023931623931623933,0.01221001221001221,0.01562881562881563,0.003663003663003663,106.56,-58.56,22.37,C6
0.02148962148962149,0.03418803418803419,0.020024420024420026,0.02197802197802198,0.003907203907203907,105.56,-54.75,17.75,C6
0.02564102564102564,0.04078144078144078,0.025396825396825397,0.02442002442002442,0.003907203907203907,105.37,-50.69,15.75,C6
0.02148962148962149,0.03736263736263736,0.022466422466422466,0.021245421245421246,0.004151404151404151,105.56,-48.5,14.56,C6
0.010500610500610501,0.020512820512820513,0.010500610500610501,0.011233211233211233,0.004151404151404151,105.69,-48.06,14.31,C6
0.0007326007326007326,0.0014652014652014652,0.003907203907203907,0.0004884004884004884,0.004151404151404151,105.56,-48.88,13.94,C6
0.006105006105006105,0.011721611721611722,0.014163614163614164,0.008547008547008548,0.004151404151404151,105.69,-51.81,14.38,C6
0.01098901098901099,0.020757020757020756,0.021245421245421246,0.014163614163614164,0.004151404151404151,105.5,-55.44,15.88,C6
0.011233211233211233,0.024175824175824177,0.02026862026862027,0.012942612942612943,0.004151404151404151,105.94,-59.56,20.37,C6
0.005372405372405372,0.00805860805860806,0.009768009768009768,0.002442002442002442,0.004151404151404151,106.25,-61.13,23.25,C6
0.005616605616605617,0.012698412698412698,0.004884004884004884,0.009523809523809525,0.004151404151404151,106.5,-61.06,24.06,C6
0.013186813186813187,0.02735042735042735,0.01514041514041514,0.017826617826617826,0.004151404151404151,105.62,-59.5,21.37,C6
0.01855921855921856,0.03736263736263736,0.022222222222222223,0.023687423687423687,0.004151404151404151,104.87,-54.69,16.62,C6
0.019291819291819293,0.0398046398046398,0.025152625152625153,0.022954822954822957,0.004151404151404151,104.69,-50.69,15.19,C6
0.011233211233211233,0.03125763125763126,0.01855921855921856,0.016361416361416362,0.0031746031746031746,104.75,-50.25,14.44,C6
0.0002442002442002442,0.01098901098901099,0.00463980463980464,0.00463980463980464,0.002442002442002442,104.62,-50.38,14.0,C6
0.007326007326007326,0.004884004884004884,0.006837606837606838,0.003907203907203907,0.0017094017094017094,105.12,-51.81,14.25,C6
0.012698412698412698,0.01611721611721612,0.01514041514041514,0.010012210012210013,0.001221001221001221,105.12,-55.25,15.19,C6
0.014163614163614164,0.023931623931623933,0.020757020757020756,0.014163614163614164,0.0009768009768009768,105.12,-59.38,19.62,C6
0.007081807081807082,0.011477411477411478,0.011721611721611722,0.005616605616605617,0.0007326007326007326,105.25,-61.06,22.44,C6
0.004395604395604396,0.008791208791208791,0.002442002442002442,0.00805860805860806,0.0007326007326007326,105.62,-61.56,23.81,C6
0.014652014652014652,0.02490842490842491,0.015384615384615385,0.01733821733821734,0.0007326007326007326,105.56,-61.56,24.0,C6
0.02197802197802198,0.035897435897435895,0.02442002442002442,0.023931623931623933,0.0007326007326007326,104.56,-59.06,20.37,C6
0.027106227106227107,0.04371184371184371,0.03076923076923077,0.028083028083028084,0.0007326007326007326,104.62,-52.5,15.25,C6
0.025396825396825397,0.042735042735042736,0.02905982905982906,0.02612942612942613,0.0017094017094017094,105.19,-50.13,13.81,C6
0.01562881562881563,0.027594627594627594,0.01904761904761905,0.017582417582417582,0.0014652014652014652,105.0,-49.75,13.31,C6
0.003418803418803419,0.006593406593406593,0.00463980463980464,0.006349206349206349,0.001221001221001221,104.81,-50.38,12.94,C6
0.004884004884004884,0.008302808302808303,0.005616605616605617,0.0017094017094017094,0.002197802197802198,104.87,-53.69,14.06,C6
0.01098901098901099,0.01855921855921856,0.012698412698412698,0.007326007326007326,0.0017094017094017094,106.06,-57.88,18.25,C6
0.00757020757020757,0.016361416361416362,0.010744810744810745,0.005616605616605617,0.001221001221001221,106.62,-60.81,22.25,C6
0.003418803418803419,0.004395604395604396,0.0004884004884004884,0.006837606837606838,0.001221001221001221,106.81,-61.81,24.25,C6
0.014652014652014652,0.022466422466422466,0.01391941391941392,0.015384615384615385,0.0009768009768009768,106.62,-61.19,23.87,C6
0.022466422466422466,0.03540903540903541,0.023443223443223443,0.02148962148962149,0.0009768009768009768,105.12,-56.75,18.19,C6
0.02783882783882784,0.0442002442002442,0.030036630036630037,0.025885225885225887,0.0007326007326007326,104.56,-53.19,15.19,C6
0.02612942612942613,0.04297924297924298,0.02783882783882784,0.023931623931623933,0.0007326007326007326,104.5,-51.31,14.06,C6
0.01514041514041514,0.02857142857142857,0.017826617826617826,0.01562881562881563,0.0007326007326007326,104.31,-50.63,13.5,C6
0.0029304029304029304,0.007081807081807082,0.0029304029304029304,0.003418803418803419,0.0007326007326007326,104.19,-51.0,13.38,C6
0.005860805860805861,0.010744810744810745,0.010500610500610501,0.00757020757020757,0.0007326007326007326,104.12,-51.5,13.25,C6
0.011965811965811967,0.0231990231990232,0.020512820512820513,0.015873015873015872,0.0007326007326007326,104.19,-51.69,13.19,C6
0.016361416361416362,0.03199023199023199,0.02783882783882784,0.021733821733821733,0.0007326007326007326,104.06,-51.56,13.13,C6
0.018070818070818073,0.037606837606837605,0.032722832722832725,0.025885225885225887,0.0007326007326007326,104.25,-53.63,13.44,C6
0.015384615384615385,0.04078144078144078,0.035897435897435895,0.028815628815628817,0.0007326007326007326,104.62,-57.0,16.25,C6
0.010744810744810745,0.03028083028083028,0.027106227106227107,0.020512820512820513,0.0007326007326007326,105.0,-59.94,19.25,C6
0.0004884004884004884,0.003663003663003663,0.011721611721611722,0.003663003663003663,0.0007326007326007326,105.44,-60.44,20.75,C6
0.012698412698412698,0.02026862026862027,0.003663003663003663,0.009768009768009768,0.0017094017094017094,105.37,-60.5,21.06,C6
0.021245421245421246,0.03711843711843712,0.014652014652014652,0.01904761904761905,0.002442002442002442,104.62,-59.38,19.37,C6
0.027106227106227107,0.04884004884004884,0.022222222222222223,0.025396825396825397,0.0029304029304029304,103.31,-56.0,15.31,C6
0.027594627594627594,0.05201465201465202,0.025152625152625153,0.025885225885225887,0.003418803418803419,102.75,-51.88,13.44,C6
0.019536019536019536,0.04590964590964591,0.020757020757020756,0.021245421245421246,0.003663003663003663,102.62,-50.13,13.0,C6
0.006837606837606838,0.02490842490842491,0.007326007326007326,0.010012210012210013,0.002686202686202686,102.44,-50.56,12.56,C6
0.003418803418803419,0.003663003663003663,0.00757020757020757,0.002442002442002442,0.002197802197802198,102.31,-51.06,12.38,C6
0.010500610500610501,0.011233211233211233,0.017826617826617826,0.01098901098901099,0.0017094017094017094,102.37,-53.19,12.56,C6
0.015384615384615385,0.02148962148962149,0.02490842490842491,0.017094017094017096,0.001221001221001221,102.12,-56.88,14.88,C6
0.014896214896214897,0.025152625152625153,0.024664224664224663,0.016605616605616606,0.001221001221001221,102.87,-60.06,18.81,C6
0.007326007326007326,0.00463980463980464,0.011965811965811967,0.00463980463980464,0.0009768009768009768,103.56,-61.56,21.37,C6
0.00463980463980464,0.01684981684981685,0.003418803418803419,0.00927960927960928,0.0019536019536019536,103.87,-61.75,22.25,C6
0.013186813186813187,0.031746031746031744,0.014163614163614164,0.01904761904761905,0.002686202686202686,103.25,-60.44,20.19,C6
0.01904761904761905,0.04224664224664225,0.021733821733821733,0.025885225885225887,0.0031746031746031746,103.06,-56.44,16.69,C6
0.021733821733821733,0.04664224664224664,0.026373626373626374,0.026373626373626374,0.003418803418803419,102.56,-54.88,14.38,C6
0.01855921855921856,0.04224664224664225,0.023443223443223443,0.021733821733821733,0.003663003663003663,102.62,-52.19,13.19,C6
0.01098901098901099,0.03247863247863248,0.01514041514041514,0.01391941391941392,0.003907203907203907,102.5,-50.94,12.44,C6
0.0009768009768009768,0.014407814407814409,0.002686202686202686,0.0031746031746031746,0.003907203907203907,102.31,-51.13,12.19,C6
0.006105006105006105,0.0031746031746031746,0.010256410256410256,0.007326007326007326,0.004151404151404151,102.19,-51.5,12.06,C6
0.01098901098901099,0.01562881562881563,0.019536019536019536,0.014896214896214897,0.004151404151404151,102.5,-54.44,13.13,C6
0.01391941391941392,0.024175824175824177,0.025885225885225887,0.020024420024420026,0.004151404151404151,103.12,-57.88,16.19,C6
0.009523809523809525,0.013675213675213675,0.01684981684981685,0.012454212454212455,0.004151404151404151,103.37,-60.5,19.31,C6
0.0002442002442002442,0.007326007326007326,0.002442002442002442,0.0007326007326007326,0.004151404151404151,103.94,-61.38,21.06,C6
0.007326007326007326,0.02197802197802198,0.00927960927960928,0.009768009768009768,0.004151404151404151,103.31,-60.13,19.31,C6
0.012698412698412698,0.03223443223443224,0.01733821733821734,0.01611721611721612,0.0031746031746031746,102.25,-56.44,14.88,C6
0.016605616605616606,0.03833943833943834,0.0231990231990232,0.018803418803418803,0.002197802197802198,102.12,-52.56,13.06,C6
0.011477411477411478,0.03418803418803419,0.020024420024420026,0.015384615384615385,0.0017094017094017094,101.81,-49.0,12.31,C6
0.002686202686202686,0.021733821733821733,0.010256410256410256,0.007081807081807082,0.001221001221001221,101.25,-48.94,11.94,C6
0.007081807081807082,0.0009768009768009768,0.004395604395604396,0.004151404151404151,0.0009768009768009768,100.81,-51.06,11.38,C6
0.01391941391941392,0.013675213675213675,0.014896214896214897,0.011721611721611722,0.0009768009768009768,101.44,-53.75,11.5,C6
0.018803418803418803,0.023931623931623933,0.02197802197802198,0.01733821733821734,0.0007326007326007326,101.5,-57.63,12.38,C6
0.017826617826617826,0.028815628815628817,0.02612942612942613,0.019291819291819293,0.0007326007326007326,101.19,-62.0,15.25,C6
0.011477411477411478,0.008547008547008548,0.013431013431013432,0.00757020757020757,0.0007326007326007326,101.69,-64.31,17.94,C6
0.0002442002442002442,0.014407814407814409,0.002686202686202686,0.005616605616605617,0.0007326007326007326,101.87,-63.69,18.19,C6
0.007326007326007326,0.030525030525030524,0.01391941391941392,0.014652014652014652,0.0007326007326007326,101.31,-62.56,16.75,C6
0.012942612942612943,0.041758241758241756,0.021733821733821733,0.021245421245421246,0.0007326007326007326,100.75,-59.25,14.13,C6
0.014163614163614164,0.04468864468864469,0.025152625152625153,0.022222222222222223,0.0007326007326007326,100.62,-55.25,12.88,C6
0.009035409035409036,0.040293040293040296,0.022222222222222223,0.018803418803418803,0.0007326007326007326,101.12,-52.44,12.63,C6
0.0009768009768009768,0.025396825396825397,0.011965811965811967,0.009523809523809525,0.0007326007326007326,100.75,-52.75,12.13,C6
0.010256410256410256,0.006593406593406593,0.0009768009768009768,0.0007326007326007326,0.0007326007326007326,100.81,-52.81,11.88,C6
0.016605616605616606,0.006593406593406593,0.010012210012210013,0.008302808302808303,0.0007326007326007326,100.75,-54.13,11.63,C6
0.021001221001221003,0.015873015873015872,0.01611721611721612,0.013431013431013432,0.0007326007326007326,100.94,-57.31,12.38,C6
0.022222222222222223,0.021733821733821733,0.020024420024420026,0.017094017094017096,0.0007326007326007326,101.62,-60.63,16.31,C6
0.015384615384615385,0.0031746031746031746,0.009768009768009768,0.008547008547008548,0.0017094017094017094,102.25,-62.88,19.37,C6
0.0029304029304029304,0.018803418803418803,0.005372405372405372,0.00463980463980464,0.002442002442002442,102.69,-62.75,20.19,C6
0.005860805860805861,0.03418803418803419,0.015873015873015872,0.01391941391941392,0.0029304029304029304,101.62,-60.5,17.56,C6
0.01221001221001221,0.045177045177045176,0.023443223443223443,0.020512820512820513,0.003418803418803419,100.81,-53.88,12.69,C6
0.014407814407814409,0.04737484737484737,0.027106227106227107,0.021001221001221003,0.003663003663003663,101.25,-51.44,12.0,C6
0.007326007326007326,0.03540903540903541,0.021001221001221003,0.014652014652014652,0.002686202686202686,101.37,-50.81,11.75,C6
0.002197802197802198,0.01562881562881563,0.008547008547008548,0.00463980463980464,0.002197802197802198,101.5,-50.75,11.5,C6
0.008791208791208791,0.0031746031746031746,0.004395604395604396,0.005860805860805861,0.0017094017094017094,101.19,-52.31,11.13,C6
0.013675213675213675,0.01611721611721612,0.013431013431013432,0.013186813186813187,0.001221001221001221,101.19,-55.38,11.38,C6
0.016605616605616606,0.025396825396825397,0.01978021978021978,0.018315018315018316,0.001221001221001221,102.0,-58.75,14.56,C6
0.013431013431013432,0.019536019536019536,0.014163614163614164,0.014407814407814409,0.0019536019536019536,102.5,-61.69,17.81,C6
0.003663003663003663,0.004151404151404151,0.0019536019536019536,0.0019536019536019536,0.002686202686202686,104.37,-63.25,15.69,C6
0.008302808302808303,0.023931623931623933,0.01221001221001221,0.010012210012210013,0.0031746031746031746,104.81,-63.19,15.56,C6
0.016605616605616606,0.037606837606837605,0.022222222222222223,0.01855921855921856,0.002442002442002442,104.25,-62.13,14.81,C6
0.022466422466422466,0.04713064713064713,0.02905982905982906,0.02442002442002442,0.0017094017094017094,102.81,-56.69,10.69,C6
0.023687423687423687,0.04957264957264957,0.032722832722832725,0.02490842490842491,0.0014652014652014652,103.12,-52.5,9.56,C6
0.016605616605616606,0.042735042735042736,0.02857142857142857,0.020512820512820513,0.0009768009768009768,103.25,-51.44,8.75,C6
0.004884004884004884,0.022222222222222223,0.016605616605616606,0.010256410256410256,0.0009768009768009768,103.25,-52.25,8.06,C6
0.0031746031746031746,0.0029304029304029304,0.0029304029304029304,0.0007326007326007326,0.0007326007326007326,103.19,-53.63,7.56,C6
0.009035409035409036,0.010256410256410256,0.006593406593406593,0.008547008547008548,0.0017094017094017094,103.5,-56.5,8.06,C6
0.011477411477411478,0.01978021978021978,0.013186813186813187,0.01391941391941392,0.002442002442002442,104.5,-60.5,11.0,C6
0.007326007326007326,0.010744810744810745,0.005860805860805861,0.008302808302808303,0.0031746031746031746,105.37,-63.38,13.94,C6
0.002686202686202686,0.00927960927960928,0.006593406593406593,0.0029304029304029304,0.003418803418803419,106.19,-64.12,15.31,C6
0.012698412698412698,0.025885225885225887,0.019536019536019536,0.012698412698412698,0.003663003663003663,106.5,-64.19,15.31,C6
0.01978021978021978,0.03736263736263736,0.02857142857142857,0.01978021978021978,0.002686202686202686,105.5,-62.5,14.38,C6
0.024664224664224663,0.04542124542124542,0.03492063492063492,0.024664224664224663,0.0031746031746031746,104.37,-57.69,11.38,C6
0.024175824175824177,0.046153846153846156,0.036874236874236875,0.023931623931623933,0.003418803418803419,104.12,-53.88,9.63,C6
0.018315018315018316,0.04004884004884005,0.03247863247863248,0.02026862026862027,0.003663003663003663,104.44,-51.69,8.75,C6
0.007326007326007326,0.02148962148962149,0.021001221001221003,0.010500610500610501,0.003907203907203907,104.75,-51.44,8.13,C6
0.003418803418803419,0.0019536019536019536,0.007081807081807082,0.0009768009768009768,0.003907203907203907,104.0,-51.81,7.0,C6
0.010744810744810745,0.011721611721611722,0.002686202686202686,0.008791208791208791,0.004151404151404151,104.06,-54.75,6.69,C6
0.015873015873015872,0.02148962148962149,0.009523809523809525,0.014407814407814409,0.0029304029304029304,104.56,-59.38,7.62,C6
0.015873015873015872,0.02442002442002442,0.012942612942612943,0.01562881562881563,0.002197802197802198,105.75,-63.56,11.75,C6
0.008791208791208791,0.005128205128205128,0.0029304029304029304,0.005616605616605617,0.0017094017094017094,106.37,-65.0,14.06,C6
0.0009768009768009768,0.01514041514041514,0.010256410256410256,0.005616605616605617,0.002442002442002442,107.19,-65.81,15.69,C6
0.008791208791208791,0.029548229548229547,0.022222222222222223,0.013675213675213675,0.0031746031746031746,107.0,-65.06,15.5,C6
0.014407814407814409,0.039316239316239315,0.030525030525030524,0.01904761904761905,0.003418803418803419,105.5,-60.31,11.94,C6
0.018315018315018316,0.046153846153846156,0.03638583638583639,0.02148962148962149,0.003663003663003663,105.0,-55.69,9.69,C6
0.014652014652014652,0.04371184371184371,0.03467643467643468,0.019291819291819293,0.002686202686202686,105.75,-51.75,8.56,C6
0.005372405372405372,0.03394383394383394,0.026862026862026864,0.01391941391941392,0.002197802197802198,106.19,-48.69,8.06,C6
0.005372405372405372,0.015873015873015872,0.014407814407814409,0.004395604395604396,0.0017094017094017094,106.56,-48.19,7.69,C6
0.013431013431013432,0.0031746031746031746,0.0004884004884004884,0.007081807081807082,0.001221001221001221,106.44,-49.56,6.94,C6
0.01904761904761905,0.016605616605616606,0.01098901098901099,0.014896214896214897,0.0009768009768009768,105.94,-52.63,5.5,C6
0.02271062271062271,0.02612942612942613,0.018315018315018316,0.020512820512820513,0.0007326007326007326,106.25,-57.0,6.37,C6
0.02197802197802198,0.030525030525030524,0.021245421245421246,0.022222222222222223,0.0007326007326007326,107.5,-59.81,10.19,C6
0.015873015873015872,0.017826617826617826,0.011721611721611722,0.013675213675213675,0.0007326007326007326,108.44,-62.44,13.19,C6
0.005128205128205128,0.003907203907203907,0.0014652014652014652,0.0009768009768009768,0.0007326007326007326,109.0,-62.75,14.69,C6
0.002442002442002442,0.01904761904761905,0.010744810744810745,0.00805860805860806,0.0007326007326007326,106.94,-59.63,12.13,C6
0.00757020757020757,0.029792429792429794,0.01733821733821734,0.014407814407814409,0.0007326007326007326,105.81,-55.31,8.94,C6
0.009523809523809525,0.03394383394383394,0.021001221001221003,0.01514041514041514,0.0007326007326007326,106.06,-52.25,8.06,C6
0.002197802197802198,0.027106227106227107,0.01611721611721612,0.010256410256410256,0.0004884004884004884,105.94,-50.88,7.87,C6
0.006593406593406593,0.011721611721611722,0.005860805860805861,0.001221001221001221,0.0004884004884004884,105.94,-50.44,7.37,C6
0.012698412698412698,0.002442002442002442,0.004151404151404151,0.00757020757020757,0.0004884004884004884,106.12,-50.81,7.12,C6
0.01684981684981685,0.012454212454212455,0.011233211233211233,0.013675213675213675,0.0004884004884004884,106.06,-53.38,6.12,C6
0.019536019536019536,0.019291819291819293,0.01611721611721612,0.018070818070818073,0.0004884004884004884,106.69,-57.69,8.25,C6
0.01514041514041514,0.01514041514041514,0.014407814407814409,0.01684981684981685,0.0004884004884004884,108.19,-62.5,13.13,C6
0.005616605616605617,0.002686202686202686,0.0031746031746031746,0.005616605616605617,0.0004884004884004884,109.0,-63.5,15.19,C6
0.006593406593406593,0.021245421245421246,0.011233211233211233,0.005860805860805861,0.0004884004884004884,108.94,-62.63,14.31,C6
0.014896214896214897,0.034432234432234435,0.02148962148962149,0.013675213675213675,0.0004884004884004884,106.69,-58.0,10.63,C6
0.021001221001221003,0.043467643467643466,0.02857142857142857,0.019291819291819293,0.0004884004884004884,106.19,-54.13,8.5,C6
0.018803418803418803,0.04151404151404151,0.02783882783882784,0.018070818070818073,0.0004884004884004884,106.31,-51.94,7.37,C6
0.01098901098901099,0.030036630036630037,0.020512820512820513,0.011721611721611722,0.0004884004884004884,106.25,-50.81,6.56,C6
0.0009768009768009768,0.011477411477411478,0.00805860805860806,0.002197802197802198,0.0004884004884004884,106.06,-51.13,6.12,C6
0.006105006105006105,0.002686202686202686,0.003418803418803419,0.006837606837606838,0.0017094017094017094,105.94,-52.69,5.37,C6
0.01098901098901099,0.012698412698412698,0.011233211233211233,0.013186813186813187,0.002442002442002442,106.44,-55.31,5.56,C6
0.012698412698412698,0.01978021978021978,0.01684981684981685,0.017582417582417582,0.0019536019536019536,106.87,-57.56,7.62,C6
0.010012210012210013,0.010256410256410256,0.009523809523809525,0.011477411477411478,0.0014652014652014652,107.5,-60.0,9.56,C6
0.0031746031746031746,0.007081807081807082,0.0004884004884004884,0.0017094017094017094,0.001221001221001221,108.37,-61.44,11.88,C6
0.005860805860805861,0.022222222222222223,0.011477411477411478,0.00805860805860806,0.0009768009768009768,108.56,-61.69,12.31,C6
0.011965811965811967,0.032722832722832725,0.019291819291819293,0.014896214896214897,0.0007326007326007326,107.31,-58.94,10.25,C6
0.016361416361416362,0.040293040293040296,0.024664224664224663,0.01978021978021978,0.0007326007326007326,106.56,-53.94,7.19,C6
0.015384615384615385,0.0398046398046398,0.024664224664224663,0.01855921855921856,0.0017094017094017094,107.0,-49.56,6.37,C6
0.006593406593406593,0.02905982905982906,0.017582417582417582,0.011477411477411478,0.002442002442002442,107.06,-49.81,5.62,C6
0.0031746031746031746,0.008547008547008548,0.004151404151404151,0.0,0.0031746031746031746,106.94,-51.06,5.06,C6
0.009768009768009768,0.005616605616605617,0.005372405372405372,0.00805860805860806,0.003663003663003663,107.31,-54.0,4.62,C6
0.014652014652014652,0.015873015873015872,0.011965811965811967,0.013675213675213675,0.003663003663003663,108.56,-57.13,7.69,C6
0.011233211233211233,0.013431013431013432,0.00757020757020757,0.009035409035409036,0.003907203907203907,109.31,-59.19,10.06,C6
0.0019536019536019536,0.005372405372405372,0.003418803418803419,0.0014652014652014652,0.003907203907203907,110.0,-59.88,11.44,C6
0.008302808302808303,0.021733821733821733,0.01514041514041514,0.011721611721611722,0.004151404151404151,110.19,-59.56,11.69,C6
0.01562881562881563,0.03321123321123321,0.0231990231990232,0.018803418803418803,0.004151404151404151,109.56,-58.31,10.88,C6
0.020757020757020756,0.04126984126984127,0.02905982905982906,0.023931623931623933,0.004151404151404151,107.94,-53.5,7.12,C6
0.02148962148962149,0.043467643467643466,0.030036630036630037,0.0231990231990232,0.004151404151404151,107.81,-49.81,6.12,C6
0.014407814407814409,0.035897435897435895,0.023687423687423687,0.017582417582417582,0.004151404151404151,108.06,-48.69,5.56,C6
0.0031746031746031746,0.017582417582417582,0.010500610500610501,0.006837606837606838,0.004151404151404151,107.81,-49.06,5.19,C6
0.00463980463980464,0.0002442002442002442,0.003418803418803419,0.004395604395604396,0.004151404151404151,107.87,-50.5,4.44,C6
0.010012210012210013,0.012698412698412698,0.013186813186813187,0.011965811965811967,0.004151404151404151,107.94,-53.81,4.19,C6
0.012454212454212455,0.021245421245421246,0.020024420024420026,0.017582417582417582,0.0031746031746031746,109.06,-59.31,7.94,C6
0.008302808302808303,0.015384615384615385,0.012454212454212455,0.011721611721611722,0.002442002442002442,110.37,-61.81,10.5,C6
0.002686202686202686,0.005128205128205128,0.0014652014652014652,0.0014652014652014652,0.0029304029304029304,110.81,-62.81,11.5,C6
0.011721611721611722,0.020024420024420026,0.013675213675213675,0.010744810744810745,0.003418803418803419,110.56,-62.44,12.0,C6
0.018315018315018316,0.030525030525030524,0.022222222222222223,0.017094017094017096,0.003663003663003663,108.5,-58.25,8.94,C6
0.02271062271062271,0.03785103785103785,0.028327228327228327,0.020512820512820513,0.003907203907203907,108.06,-52.44,7.31,C6
0.01978021978021978,0.03492063492063492,0.025396825396825397,0.018070818070818073,0.0029304029304029304,108.06,-51.19,6.44,C6
0.007326007326007326,0.018070818070818073,0.01391941391941392,0.008791208791208791,0.002197802197802198,108.0,-51.56,6.0,C6
0.0019536019536019536,0.0007326007326007326,0.0007326007326007326,0.0029304029304029304,0.0017094017094017094,107.62,-52.25,5.25,C6
0.008547008547008548,0.01391941391941392,0.011233211233211233,0.01098901098901099,0.0014652014652014652,107.5,-54.94,4.31,C6
0.013186813186813187,0.0231990231990232,0.018315018315018316,0.01684981684981685,0.001221001221001221,107.56,-58.0,5.19,C6
0.01098901098901099,0.02490842490842491,0.01733821733821734,0.01562881562881563,0.0009768009768009768,107.81,-60.63,8.0,C6
0.007326007326007326,0.012454212454212455,0.006837606837606838,0.003418803418803419,0.0009768009768009768,108.69,-61.88,10.0,C6
0.0,0.006105006105006105,0.006593406593406593,0.009523809523809525,0.0007326007326007326,109.06,-61.44,10.31,C6
0.005128205128205128,0.01904761904761905,0.01684981684981685,0.01855921855921856,0.0007326007326007326,108.44,-60.13,9.56,C6
0.008791208791208791,0.028083028083028084,0.023931623931623933,0.024664224664224663,0.0017094017094017094,107.06,-56.31,6.44,C6
0.011233211233211233,0.03199023199023199,0.028815628815628817,0.02612942612942613,0.0014652014652014652,106.75,-52.19,5.81,C6
0.004884004884004884,0.026373626373626374,0.025152625152625153,0.021733821733821733,0.001221001221001221,106.62,-51.19,4.69,C6
0.004884004884004884,0.00927960927960928,0.012698412698412698,0.010744810744810745,0.0009768009768009768,106.5,-51.13,3.81,C6
0.011965811965811967,0.008547008547008548,0.001221001221001221,0.0009768009768009768,0.0009768009768009768,106.37,-52.06,3.19,C6
0.01684981684981685,0.021001221001221003,0.010744810744810745,0.00927960927960928,0.0007326007326007326,106.56,-54.69,2.62,C6
0.020512820512820513,0.029792429792429794,0.017582417582417582,0.01514041514041514,0.0007326007326007326,107.06,-57.25,3.94,C6
0.01855921855921856,0.03247863247863248,0.018315018315018316,0.01514041514041514,0.0007326007326007326,107.75,-61.0,7.62,C6
0.01098901098901099,0.01684981684981685,0.007814407814407814,0.005128205128205128,0.0007326007326007326,108.81,-62.69,9.56,C6
0.0002442002442002442,0.004395604395604396,0.006593406593406593,0.007814407814407814,0.0017094017094017094,109.0,-61.94,9.75,C6
0.009768009768009768,0.019291819291819293,0.019536019536019536,0.016605616605616606,0.002442002442002442,108.94,-61.69,9.88,C6
0.016361416361416362,0.029792429792429794,0.028327228327228327,0.022954822954822957,0.0029304029304029304,108.0,-60.38,8.75,C6
0.021001221001221003,0.03711843711843712,0.03467643467643468,0.026617826617826617,0.002197802197802198,107.25,-55.06,6.19,C6
0.02026862026862027,0.03785103785103785,0.03467643467643468,0.025152625152625153,0.0017094017094017094,107.37,-52.31,5.19,C6
0.011965811965811967,0.028815628815628817,0.026617826617826617,0.018315018315018316,0.0014652014652014652,107.19,-51.63,3.75,C6
0.0002442002442002442,0.010256410256410256,0.012698412698412698,0.006837606837606838,0.0009768009768009768,107.06,-51.63,2.81,C6
0.008791208791208791,0.007081807081807082,0.0017094017094017094,0.004395604395604396,0.0009768009768009768,106.69,-52.63,2.12,C6
0.01514041514041514,0.01904761904761905,0.011721611721611722,0.012454212454212455,0.0007326007326007326,106.44,-55.81,1.44,C6
0.01978021978021978,0.02735042735042735,0.018803418803418803,0.017826617826617826,0.0004884004884004884,106.19,-60.94,2.5,C6
0.018315018315018316,0.030036630036630037,0.01904761904761905,0.017582417582417582,0.0004884004884004884,106.81,-65.12,5.37,C6
0.011965811965811967,0.01684981684981685,0.007814407814407814,0.00927960927960928,0.0017094017094017094,107.94,-67.5,7.94,C6
0.0019536019536019536,0.002197802197802198,0.005372405372405372,0.0017094017094017094,0.002442002442002442,108.62,-67.12,8.44,C6
0.006105006105006105,0.015384615384615385,0.014896214896214897,0.009523809523809525,0.0029304029304029304,108.37,-65.75,7.94,C6
0.011965811965811967,0.024664224664224663,0.02148962148962149,0.014896214896214897,0.003418803418803419,106.94,-59.31,4.44,C6
0.015873015873015872,0.030036630036630037,0.025152625152625153,0.015873015873015872,0.002442002442002442,107.25,-54.0,3.25,C6
0.010500610500610501,0.024664224664224663,0.020757020757020756,0.011965811965811967,0.0019536019536019536,107.12,-52.0,2.44,C6
0.0004884004884004884,0.00757020757020757,0.00805860805860806,0.0014652014652014652,0.0014652014652014652,107.0,-52.44,1.56,C6
0.008791208791208791,0.010500610500610501,0.006105006105006105,0.010256410256410256,0.001221001221001221,106.81,-53.69,0.88,C6
0.014407814407814409,0.0231990231990232,0.01611721611721612,0.018315018315018316,0.0009768009768009768,106.81,-57.44,0.0,C6
0.01855921855921856,0.03223443223443224,0.0231990231990232,0.024175824175824177,0.0009768009768009768,107.25,-59.44,2.62,C6
0.015384615384615385,0.027106227106227107,0.017582417582417582,0.019291819291819293,0.0007326007326007326,107.81,-61.69,5.87,C6
0.006105006105006105,0.007081807081807082,0.004884004884004884,0.00757020757020757,0.0007326007326007326,108.5,-63.56,7.5,C6
0.005860805860805861,0.012454212454212455,0.010500610500610501,0.005372405372405372,0.0007326007326007326,108.94,-63.94,8.0,C6
0.014163614163614164,0.02612942612942613,0.021245421245421246,0.014407814407814409,0.0007326007326007326,108.06,-62.19,7.19,C6
0.020024420024420026,0.03565323565323565,0.028815628815628817,0.020757020757020756,0.0004884004884004884,107.12,-59.19,5.5,C6
0.022222222222222223,0.0398046398046398,0.03296703296703297,0.02197802197802198,0.0004884004884004884,106.37,-55.88,3.75,C6
0.01978021978021978,0.0380952380952381,0.03125763125763126,0.01978021978021978,0.0004884004884004884,106.75,-52.81,3.19,C6
0.011721611721611722,0.028327228327228327,0.0231990231990232,0.012698412698412698,0.0004884004884004884,106.25,-52.0,2.81,C6
0.0009768009768009768,0.010500610500610501,0.009768009768009768,0.0014652014652014652,0.0004884004884004884,106.0,-52.44,2.25,C6
0.006593406593406593,0.003418803418803419,0.0002442002442002442,0.006349206349206349,0.0004884004884004884,106.0,-53.5,1.25,C6
0.011721611721611722,0.012942612942612943,0.006593406593406593,0.011965811965811967,0.0004884004884004884,106.12,-56.63,1.81,C6
0.011965811965811967,0.01978021978021978,0.010744810744810745,0.014896214896214897,0.0004884004884004884,106.62,-59.81,4.87,C6
0.006837606837606838,0.007081807081807082,0.0029304029304029304,0.007326007326007326,0.0004884004884004884,107.44,-61.94,6.62,C6
0.002442002442002442,0.010500610500610501,0.008547008547008548,0.003907203907203907,0.0004884004884004884,107.69,-62.0,7.44,C6
0.011233211233211233,0.023687423687423687,0.019536019536019536,0.011477411477411478,0.0004884004884004884,107.75,-61.69,7.44,C6
0.017582417582417582,0.03296703296703297,0.027106227106227107,0.017094017094017096,0.0004884004884004884,106.87,-59.88,6.19,C6
0.021733821733821733,0.039316239316239315,0.03247863247863248,0.020512820512820513,0.0007326007326007326,106.19,-57.25,3.87,C6
0.02026862026862027,0.03833943833943834,0.0315018315018315,0.01904761904761905,0.0004884004884004884,106.5,-53.75,3.37,C6
0.012698412698412698,0.030036630036630037,0.02490842490842491,0.012942612942612943,0.001221001221001221,106.69,-52.69,1.94,C6
0.0007326007326007326,0.013431013431013432,0.01221001221001221,0.002197802197802198,0.0019536019536019536,106.75,-52.56,0.81,C6
0.009035409035409036,0.005128205128205128,0.002442002442002442,0.00927960927960928,0.002442002442002442,106.56,-53.06,0.5,C6
0.015873015873015872,0.018315018315018316,0.012698412698412698,0.01733821733821734,0.002686202686202686,106.69,-56.13,-0.19,C6
0.020757020757020756,0.02735042735042735,0.01978021978021978,0.022954822954822957,0.0029304029304029304,107.75,-59.31,1.5,C6
0.01978021978021978,0.026862026862026864,0.01684981684981685,0.01978021978021978,0.0031746031746031746,108.81,-62.56,4.75,C6
0.011477411477411478,0.009523809523809525,0.006105006105006105,0.008547008547008548,0.0031746031746031746,109.12,-63.0,6.37,C6
0.0007326007326007326,0.008302808302808303,0.005616605616605617,0.003418803418803419,0.002197802197802198,109.25,-62.81,6.81,C6
0.006837606837606838,0.020757020757020756,0.013675213675213675,0.011721611721611722,0.001221001221001221,109.19,-62.06,6.69,C6
0.011965811965811967,0.029304029304029304,0.019291819291819293,0.017582417582417582,0.0007326007326007326,108.31,-58.38,4.56,C6
0.015384615384615385,0.033455433455433455,0.022222222222222223,0.018070818070818073,0.0004884004884004884,107.81,-54.19,2.81,C6
0.011233211233211233,0.028327228327228327,0.017094017094017096,0.012454212454212455,0.0002442002442002442,108.06,-52.69,1.37,C6
0.0002442002442002442,0.01098901098901099,0.003907203907203907,0.001221001221001221,0.0,107.81,-52.75,0.88,C6
0.007326007326007326,0.006593406593406593,0.010012210012210013,0.009768009768009768,0.0,107.12,-54.81,-0.13,C6
0.012698412698412698,0.01904761904761905,0.019536019536019536,0.017582417582417582,0.0002442002442002442,107.0,-58.69,0.19,C6
0.01514041514041514,0.027594627594627594,0.02612942612942613,0.022954822954822957,0.0002442002442002442,108.0,-62.0,4.62,C6
0.010500610500610501,0.014896214896214897,0.015873015873015872,0.013186813186813187,0.0002442002442002442,109.19,-64.75,7.56,C6
0.0,0.005860805860805861,0.0,0.0007326007326007326,0.0004884004884004884,109.56,-64.62,8.13,C6
0.010256410256410256,0.02197802197802198,0.01514041514041514,0.010744810744810745,0.0004884004884004884,109.69,-64.25,8.38,C6
0.017582417582417582,0.03321123321123321,0.025885225885225887,0.017826617826617826,0.0004884004884004884,108.56,-62.25,6.5,C6
0.02271062271062271,0.041025641025641026,0.033455433455433455,0.02271062271062271,0.0004884004884004884,107.69,-55.06,3.37,C6
0.022222222222222223,0.04224664224664225,0.034432234432234435,0.022466422466422466,0.0004884004884004884,108.31,-51.19,1.81,C6
0.012698412698412698,0.030525030525030524,0.02564102564102564,0.01514041514041514,0.0004884004884004884,108.06,-50.88,0.88,C6
0.0004884004884004884,0.008302808302808303,0.009768009768009768,0.0017094017094017094,0.0004884004884004884,107.87,-51.19,0.31,C6
0.00805860805860806,0.007326007326007326,0.001221001221001221,0.00757020757020757,0.0004884004884004884,107.25,-53.94,-0.5,C6
0.01391941391941392,0.018070818070818073,0.009035409035409036,0.014163614163614164,0.0004884004884004884,107.37,-56.94,0.81,C6
0.013186813186813187,0.020512820512820513,0.012454212454212455,0.016605616605616606,0.0004884004884004884,108.37,-59.5,4.75,C6
0.004395604395604396,0.0017094017094017094,0.0019536019536019536,0.006349206349206349,0.0004884004884004884,108.94,-59.81,6.25,C6
0.007326007326007326,0.017826617826617826,0.010744810744810745,0.006837606837606838,0.0004884004884004884,109.31,-59.88,6.94,C6
0.01562881562881563,0.03125763125763126,0.01978021978021978,0.01611721611721612,0.0004884004884004884,109.31,-58.81,7.0,C6
0.02148962148962149,0.04078144078144078,0.02612942612942613,0.02271062271062271,0.0004884004884004884,108.12,-53.25,4.44,C6
0.02442002442002442,0.043467643467643466,0.028815628815628817,0.023443223443223443,0.0004884004884004884,108.44,-49.06,4.62,C6
0.018315018315018316,0.03492063492063492,0.022466422466422466,0.017582417582417582,0.0004884004884004884,108.37,-48.69,4.31,C6
0.006105006105006105,0.013431013431013432,0.007814407814407814,0.004884004884004884,0.0004884004884004884,108.0,-48.75,3.81,C6
0.0031746031746031746,0.004884004884004884,0.006105006105006105,0.007081807081807082,0.0004884004884004884,107.75,-50.06,3.19,C6
0.009523809523809525,0.017582417582417582,0.015873015873015872,0.01562881562881563,0.0014652014652014652,107.62,-54.13,1.44,C6
0.01391941391941392,0.026373626373626374,0.02271062271062271,0.02148962148962149,0.0019536019536019536,108.19,-60.69,4.19,C6
0.011721611721611722,0.02026862026862027,0.01514041514041514,0.014896214896214897,0.001221001221001221,108.87,-64.19,7.56,C6
0.0004884004884004884,0.0017094017094017094,0.0007326007326007326,0.0004884004884004884,0.0007326007326007326,109.69,-64.37,8.69,C6
0.009523809523809525,0.019536019536019536,0.013675213675213675,0.011721611721611722,0.0004884004884004884,109.69,-64.37,8.88,C6
0.016605616605616606,0.031746031746031744,0.023931623931623933,0.019536019536019536,0.0002442002442002442,108.87,-60.81,7.25,C6
0.02148962148962149,0.04053724053724054,0.031013431013431014,0.025152625152625153,0.0,107.75,-57.88,4.12,C6
0.021245421245421246,0.04078144078144078,0.030036630036630037,0.023687423687423687,0.0,108.06,-54.06,3.56,C6
0.01562881562881563,0.03296703296703297,0.0231990231990232,0.016361416361416362,0.0002442002442002442,108.25,-51.81,2.87,C6
0.005860805860805861,0.017582417582417582,0.009768009768009768,0.005372405372405372,0.0002442002442002442,108.06,-50.81,2.75,C6
0.0031746031746031746,0.0009768009768009768,0.00463980463980464,0.006593406593406593,0.0002442002442002442,107.75,-51.38,2.31,C6
0.009523809523809525,0.013675213675213675,0.014896214896214897,0.01514041514041514,0.0002442002442002442,107.69,-54.5,0.69,C6
0.01391941391941392,0.02271062271062271,0.02197802197802198,0.021001221001221003,0.0002442002442002442,108.06,-58.38,1.37,C6
0.014163614163614164,0.02442002442002442,0.021733821733821733,0.021245421245421246,0.0004884004884004884,109.12,-63.25,4.94,C6
0.007814407814407814,0.005128205128205128,0.010256410256410256,0.010256410256410256,0.0004884004884004884,109.94,-64.31,7.12,C6
0.003418803418803419,0.014896214896214897,0.004395604395604396,0.0031746031746031746,0.0004884004884004884,110.0,-64.06,7.56,C6
0.01098901098901099,0.028815628815628817,0.014652014652014652,0.012698412698412698,0.0004884004884004884,109.56,-63.19,7.0,C6
0.016605616605616606,0.038583638583638585,0.02197802197802198,0.019291819291819293,0.0004884004884004884,108.75,-59.94,4.37,C6
0.018070818070818073,0.04126984126984127,0.024664224664224663,0.020757020757020756,0.0004884004884004884,108.31,-55.06,2.44,C6
0.014407814407814409,0.038583638583638585,0.021733821733821733,0.018070818070818073,0.0004884004884004884,107.31,-55.63,-1.31,C6
0.004151404151404151,0.022954822954822957,0.010744810744810745,0.00927960927960928,0.0004884004884004884,106.75,-55.81,-2.56,C6
0.00463980463980464,0.002197802197802198,0.003907203907203907,0.0029304029304029304,0.0004884004884004884,106.5,-56.19,-2.62,C6
0.010744810744810745,0.012454212454212455,0.014163614163614164,0.011477411477411478,0.0004884004884004884,106.69,-59.44,-2.25,C6
0.01514041514041514,0.02271062271062271,0.02148962148962149,0.01733821733821734,0.0004884004884004884,107.12,-62.13,1.5,C6
0.011477411477411478,0.01733821733821734,0.01684981684981685,0.014163614163614164,0.0004884004884004884,107.94,-64.87,4.62,C6
0.002442002442002442,0.002686202686202686,0.004395604395604396,0.0017094017094017094,0.0004884004884004884,108.69,-65.62,5.94,C6
0.00757020757020757,0.020024420024420026,0.010012210012210013,0.009523809523809525,0.0004884004884004884,108.94,-65.19,6.25,C6
0.014407814407814409,0.03223443223443224,0.02026862026862027,0.017094017094017096,0.0004884004884004884,108.19,-62.94,5.31,C6
0.019536019536019536,0.04078144078144078,0.02735042735042735,0.02271062271062271,0.0004884004884004884,107.06,-56.56,2.06,C6
0.02026862026862027,0.04249084249084249,0.02905982905982906,0.022222222222222223,0.0004884004884004884,107.56,-53.19,1.0,C6
0.011721611721611722,0.03223443223443224,0.021001221001221003,0.015384615384615385,0.0004884004884004884,107.44,-52.63,-0.06,C6
0.0002442002442002442,0.010744810744810745,0.006349206349206349,0.0029304029304029304,0.0004884004884004884,107.12,-52.5,-0.44,C6
0.00757020757020757,0.006349206349206349,0.007326007326007326,0.008791208791208791,0.0004884004884004884,106.75,-53.94,-1.06,C6
0.013186813186813187,0.018070818070818073,0.017094017094017096,0.017094017094017096,0.0007326007326007326,106.69,-57.06,-1.56,C6
0.016361416361416362,0.026373626373626374,0.023931623931623933,0.022954822954822957,0.0017094017094017094,107.75,-60.56,0.56,C6
0.012454212454212455,0.018803418803418803,0.01684981684981685,0.01611721611721612,0.0009768009768009768,109.06,-64.94,4.56,C6
0.0029304029304029304,0.0014652014652014652,0.004151404151404151,0.0031746031746031746,0.0004884004884004884,109.94,-66.19,6.19,C6
0.00757020757020757,0.018070818070818073,0.010012210012210013,0.007326007326007326,0.0002442002442002442,109.81,-65.81,6.25,C6
0.014896214896214897,0.029792429792429794,0.01978021978021978,0.014652014652014652,0.0,108.25,-59.25,2.37,C6
0.020024420024420026,0.0380952380952381,0.026617826617826617,0.01978021978021978,0.0,107.56,-52.81,0.75,C6
0.018070818070818073,0.03638583638583639,0.025396825396825397,0.01855921855921856,0.0002442002442002442,107.25,-52.81,-1.06,C6
0.006593406593406593,0.019291819291819293,0.013431013431013432,0.009035409035409036,0.0002442002442002442,107.0,-52.75,-1.75,C6
0.003907203907203907,0.0002442002442002442,0.001221001221001221,0.003418803418803419,0.0002442002442002442,106.81,-52.5,-1.62,C6
0.011233211233211233,0.013675213675213675,0.011477411477411478,0.011965811965811967,0.0002442002442002442,106.69,-54.63,-1.75,C6
0.016361416361416362,0.0231990231990232,0.01855921855921856,0.017826617826617826,0.0002442002442002442,107.19,-59.44,0.06,C6
0.014896214896214897,0.0231990231990232,0.019291819291819293,0.01733821733821734,0.0004884004884004884,107.94,-62.75,1.87,C6
0.006593406593406593,0.0031746031746031746,0.00805860805860806,0.005128205128205128,0.0004884004884004884,108.75,-65.06,4.44,C6
0.004395604395604396,0.016361416361416362,0.004884004884004884,0.007326007326007326,0.0004884004884004884,109.06,-65.31,5.69,C6
0.012454212454212455,0.030036630036630037,0.016361416361416362,0.01611721611721612,0.0004884004884004884,109.06,-65.06,5.81,C6
0.018070818070818073,0.0398046398046398,0.024175824175824177,0.022222222222222223,0.0004884004884004884,107.37,-58.31,1.25,C6
0.02197802197802198,0.04566544566544566,0.029792429792429794,0.024175824175824177,0.0004884004884004884,107.12,-53.31,0.13,C6
0.01684981684981685,0.04004884004884005,0.025396825396825397,0.02026862026862027,0.0004884004884004884,107.19,-52.0,-0.94,C6
0.005372405372405372,0.02026862026862027,0.011721611721611722,0.008791208791208791,0.0004884004884004884,107.19,-51.81,-1.44,C6
0.002686202686202686,0.0014652014652014652,0.0029304029304029304,0.004151404151404151,0.0004884004884004884,106.75,-54.0,-2.75,C6
0.008302808302808303,0.011721611721611722,0.013186813186813187,0.013431013431013432,0.0004884004884004884,107.19,-58.0,-2.31,C6
0.010744810744810745,0.020757020757020756,0.02026862026862027,0.01978021978021978,0.0004884004884004884,107.94,-62.56,0.75,C6
0.006593406593406593,0.008547008547008548,0.011965811965811967,0.011965811965811967,0.0004884004884004884,108.87,-65.81,3.62,C6
0.003907203907203907,0.011721611721611722,0.0019536019536019536,0.0019536019536019536,0.0004884004884004884,109.56,-66.19,4.5,C6
0.013431013431013432,0.028083028083028084,0.015873015873015872,0.013675213675213675,0.0004884004884004884,109.75,-66.12,5.06,C6
0.02026862026862027,0.039316239316239315,0.026862026862026864,0.02197802197802198,0.0004884004884004884,109.75,-65.87,5.5,C6
0.02490842490842491,0.04737484737484737,0.034432234432234435,0.027594627594627594,0.0004884004884004884,108.75,-62.13,3.62,C6
0.027106227106227107,0.05128205128205128,0.0398046398046398,0.03028083028083028,0.0004884004884004884,107.62,-54.94,0.25,C6
0.02442002442002442,0.04835164835164835,0.037606837606837605,0.027594627594627594,0.0004884004884004884,107.25,-53.13,-0.81,C6
0.013675213675213675,0.031746031746031744,0.025152625152625153,0.018070818070818073,0.0004884004884004884,107.0,-53.0,-1.87,C6
0.0014652014652014652,0.009035409035409036,0.00805860805860806,0.004395604395604396,0.0004884004884004884,106.56,-53.44,-2.25,C6
0.007326007326007326,0.006837606837606838,0.003907203907203907,0.005128205128205128,0.0004884004884004884,106.5,-57.13,-3.62,C6
0.013186813186813187,0.018070818070818073,0.012454212454212455,0.011721611721611722,0.0004884004884004884,107.19,-61.94,-0.94,C6
0.011233211233211233,0.01562881562881563,0.010500610500610501,0.010744810744810745,0.0004884004884004884,108.56,-65.94,2.94,C6
0.0029304029304029304,0.0031746031746031746,0.0002442002442002442,0.0,0.0004884004884004884,109.56,-66.56,4.75,C6
0.00805860805860806,0.020757020757020756,0.013431013431013432,0.011721611721611722,0.0004884004884004884,109.94,-66.25,5.31,C6
0.016361416361416362,0.03296703296703297,0.024664224664224663,0.020024420024420026,0.0004884004884004884,109.87,-66.0,5.5,C6
0.02197802197802198,0.04151404151404151,0.03247863247863248,0.02564102564102564,0.0004884004884004884,108.0,-62.0,2.87,C6
0.025885225885225887,0.047619047619047616,0.03785103785103785,0.029304029304029304,0.0004884004884004884,107.19,-54.94,-0.75,C6
0.0231990231990232,0.046153846153846156,0.03663003663003663,0.026862026862026864,0.0004884004884004884,107.06,-52.56,-2.25,C6
0.011477411477411478,0.029548229548229547,0.024664224664224663,0.017582417582417582,0.0004884004884004884,106.87,-52.81,-2.87,C6
0.0004884004884004884,0.006593406593406593,0.007326007326007326,0.0031746031746031746,0.0007326007326007326,106.5,-53.19,-2.81,C6
0.008791208791208791,0.009523809523809525,0.00463980463980464,0.006837606837606838,0.0014652014652014652,106.31,-55.63,-3.19,C6
0.014652014652014652,0.020757020757020756,0.013186813186813187,0.01391941391941392,0.0019536019536019536,106.62,-59.56,-2.06,C6
0.014163614163614164,0.022222222222222223,0.015384615384615385,0.01562881562881563,0.001221001221001221,107.56,-64.5,2.31,C6
0.007326007326007326,0.00463980463980464,0.004884004884004884,0.006105006105006105,0.0007326007326007326,108.37,-66.37,3.94,C6
0.0029304029304029304,0.014163614163614164,0.008791208791208791,0.006105006105006105,0.0004884004884004884,108.75,-66.19,4.25,C6
0.010500610500610501,0.02735042735042735,0.018315018315018316,0.014652014652014652,0.0002442002442002442,108.69,-65.87,4.5,C6
0.015873015873015872,0.03638583638583639,0.025152625152625153,0.020512820512820513,0.0,107.06,-59.63,0.44,C6
0.019536019536019536,0.04078144078144078,0.029304029304029304,0.02197802197802198,0.0002442002442002442,106.37,-54.5,-2.0,C6
0.014652014652014652,0.0336996336996337,0.02271062271062271,0.01733821733821734,0.0002442002442002442,106.12,-54.31,-3.31,C6
0.0031746031746031746,0.01221001221001221,0.00757020757020757,0.005860805860805861,0.0004884004884004884,105.94,-53.81,-3.44,C6
0.006593406593406593,0.007326007326007326,0.007326007326007326,0.006105006105006105,0.0004884004884004884,105.44,-53.94,-3.75,C6
0.013431013431013432,0.020757020757020756,0.017826617826617826,0.014652014652014652,0.0004884004884004884,105.56,-56.56,-4.5,C6
0.018070818070818073,0.03028083028083028,0.025152625152625153,0.020757020757020756,0.0004884004884004884,105.06,-61.06,-3.0,C6
0.015384615384615385,0.026862026862026864,0.022954822954822957,0.019536019536019536,0.0004884004884004884,105.81,-67.44,0.06,C6
0.006837606837606838,0.005128205128205128,0.009768009768009768,0.008302808302808303,0.0004884004884004884,107.0,-69.62,1.69,C6
0.005372405372405372,0.01611721611721612,0.007081807081807082,0.006105006105006105,0.0004884004884004884,107.31,-68.81,1.69,C6
0.014896214896214897,0.031013431013431014,0.020512820512820513,0.01611721611721612,0.0004884004884004884,107.25,-68.44,1.94,C6
0.02148962148962149,0.04151404151404151,0.030036630036630037,0.0231990231990232,0.0004884004884004884,106.19,-65.25,0.13,C6
0.02612942612942613,0.047619047619047616,0.03663003663003663,0.026862026862026864,0.0004884004884004884,105.75,-56.63,-3.5,C6
0.02490842490842491,0.04737484737484737,0.036874236874236875,0.02564102564102564,0.0004884004884004884,106.0,-52.88,-3.75,C6
0.014163614163614164,0.03321123321123321,0.02612942612942613,0.017582417582417582,0.0004884004884004884,105.75,-52.25,-4.81,C6
0.0017094017094017094,0.009523809523809525,0.00805860805860806,0.004151404151404151,0.0004884004884004884,105.44,-52.31,-5.06,C6
0.007081807081807082,0.007081807081807082,0.004395604395604396,0.005372405372405372,0.0004884004884004884,105.25,-54.06,-5.81,C6
0.013186813186813187,0.01855921855921856,0.013186813186813187,0.01221001221001221,0.0004884004884004884,105.37,-59.5,-6.56,C6
0.014407814407814409,0.026373626373626374,0.01904761904761905,0.016605616605616606,0.0004884004884004884,106.19,-65.81,-2.62,C6
0.00805860805860806,0.012454212454212455,0.00927960927960928,0.00805860805860806,0.0004884004884004884,107.12,-68.94,-0.69,C6
0.003418803418803419,0.008791208791208791,0.004884004884004884,0.005128205128205128,0.0004884004884004884,107.5,-69.25,-0.25,C6
0.013431013431013432,0.024664224664224663,0.01904761904761905,0.01514041514041514,0.0004884004884004884,107.56,-69.06,0.0,C6
0.02026862026862027,0.035897435897435895,0.028815628815628817,0.02197802197802198,0.0004884004884004884,107.5,-68.5,0.19,C6
0.025152625152625153,0.04371184371184371,0.03565323565323565,0.026862026862026864,0.0004884004884004884,105.81,-64.06,-1.37,C6
0.02735042735042735,0.04737484737484737,0.03956043956043956,0.028327228327228327,0.0004884004884004884,105.37,-56.0,-3.44,C6
0.023931623931623933,0.044444444444444446,0.036141636141636145,0.025152625152625153,0.0004884004884004884,105.62,-52.5,-3.37,C6
0.013186813186813187,0.027594627594627594,0.0231990231990232,0.015384615384615385,0.0004884004884004884,105.31,-52.63,-4.37,C6
0.0,0.003418803418803419,0.00463980463980464,0.0007326007326007326,0.0004884004884004884,104.87,-52.56,-4.69,C6
0.00927960927960928,0.014407814407814409,0.009768009768009768,0.011233211233211233,0.0004884004884004884,104.75,-52.81,-4.75,C6
0.01562881562881563,0.026862026862026864,0.020512820512820513,0.020024420024420026,0.0004884004884004884,104.75,-53.0,-4.75,C6
0.02026862026862027,0.03565323565323565,0.028083028083028084,0.026373626373626374,0.0007326007326007326,104.37,-54.25,-5.5,C6
0.02271062271062271,0.041758241758241756,0.03321123321123321,0.03076923076923077,0.0014652014652014652,103.81,-58.13,-6.75,C6
0.022222222222222223,0.04395604395604396,0.03565323565323565,0.0315018315018315,0.002197802197802198,104.44,-63.19,-4.69,C6
0.01514041514041514,0.029548229548229547,0.025396825396825397,0.02197802197802198,0.0014652014652014652,105.69,-66.69,-2.0,C6
0.0031746031746031746,0.00463980463980464,0.010012210012210013,0.006593406593406593,0.0007326007326007326,106.56,-67.56,-1.06,C6
0.009035409035409036,0.017094017094017096,0.006593406593406593,0.007814407814407814,0.0004884004884004884,106.81,-67.5,-0.62,C6
0.017826617826617826,0.03247863247863248,0.019291819291819293,0.017826617826617826,0.0,106.87,-67.31,-0.37,C6
0.023931623931623933,0.04297924297924298,0.028327228327228327,0.024664224664224663,0.0002442002442002442,105.81,-64.69,-1.56,C6
0.027594627594627594,0.0485958485958486,0.034432234432234435,0.027594627594627594,0.0002442002442002442,105.56,-58.06,-1.19,C6
0.026617826617826617,0.04835164835164835,0.03418803418803419,0.025885225885225887,0.0002442002442002442,105.0,-53.25,-2.87,C6
0.021733821733821733,0.039316239316239315,0.025152625152625153,0.018315018315018316,0.0002442002442002442,104.94,-52.38,-3.87,C6
0.010500610500610501,0.01684981684981685,0.008302808302808303,0.004884004884004884,0.0002442002442002442,104.69,-52.75,-4.44,C6
0.0014652014652014652,0.004395604395604396,0.007814407814407814,0.008302808302808303,0.0002442002442002442,104.44,-53.06,-4.56,C6
0.010012210012210013,0.01978021978021978,0.019536019536019536,0.018315018315018316,0.0002442002442002442,104.44,-53.19,-4.56,C6
0.01611721611721612,0.030525030525030524,0.028327228327228327,0.02564102564102564,0.0007326007326007326,104.31,-53.19,-4.69,C6
0.02026862026862027,0.0380952380952381,0.03467643467643468,0.031013431013431014,0.0014652014652014652,104.31,-53.31,-4.75,C6
0.022954822954822957,0.04322344322344322,0.039316239316239315,0.03492063492063492,0.0009768009768009768,104.25,-53.44,-4.87,C6
0.02490842490842491,0.046886446886446886,0.042735042735042736,0.03785103785103785,0.0004884004884004884,104.25,-53.5,-4.87,C6
0.02612942612942613,0.04957264957264957,0.04542124542124542,0.04004884004884005,0.0002442002442002442,104.25,-53.63,-4.87,C6
0.026862026862026864,0.05128205128205128,0.047619047619047616,0.04151404151404151,0.0,104.25,-53.69,-4.94,C6
0.027594627594627594,0.052503052503052504,0.04908424908424908,0.042735042735042736,0.0,104.19,-53.75,-4.87,C6
0.028083028083028084,0.05347985347985348,0.050061050061050064,0.043467643467643466,0.0002442002442002442,104.25,-53.81,-4.94,C6
0.028327228327228327,0.05396825396825397,0.050793650793650794,0.0442002442002442,0.0009768009768009768,104.25,-53.88,-4.94,C6
0.02857142857142857,0.054212454212454214,0.051526251526251524,0.04468864468864469,0.0004884004884004884,104.06,-53.88,-4.94,C6
0.028815628815628817,0.05445665445665446,0.051770451770451774,0.04493284493284493,0.0002442002442002442,103.87,-55.75,-6.5,C6
0.02857142857142857,0.05445665445665446,0.05225885225885226,0.045177045177045176,0.0,104.31,-60.5,-4.62,C6
0.023931623931623933,0.046153846153846156,0.04468864468864469,0.0380952380952381,0.0,105.19,-64.62,-2.37,C6
0.011721611721611722,0.01733821733821734,0.028083028083028084,0.022222222222222223,0.0002442002442002442,106.0,-66.69,-0.94,C6
0.0014652014652014652,0.008547008547008548,0.009768009768009768,0.00463980463980464,0.0002442002442002442,106.44,-66.87,-0.5,C6
0.010744810744810745,0.026862026862026864,0.003907203907203907,0.00757020757020757,0.0002442002442002442,105.5,-64.31,-0.94,C6
0.01733821733821734,0.03956043956043956,0.013675213675213675,0.01611721611721612,0.0004884004884004884,104.19,-57.63,-3.62,C6
0.019536019536019536,0.04542124542124542,0.020512820512820513,0.019536019536019536,0.0004884004884004884,104.0,-54.0,-3.56,C6
0.012454212454212455,0.03663003663003663,0.01514041514041514,0.01391941391941392,0.0004884004884004884,104.0,-53.13,-3.75,C6
0.0014652014652014652,0.015384615384615385,0.0017094017094017094,0.0019536019536019536,0.0004884004884004884,104.06,-52.94,-3.75,C6
0.00757020757020757,0.004395604395604396,0.011233211233211233,0.010256410256410256,0.0004884004884004884,103.94,-52.94,-3.81,C6
0.01391941391941392,0.018070818070818073,0.020757020757020756,0.01855921855921856,0.0004884004884004884,103.62,-53.94,-4.37,C6
0.018315018315018316,0.027594627594627594,0.027106227106227107,0.024664224664224663,0.0004884004884004884,103.37,-57.5,-5.5,C6
0.020024420024420026,0.03321123321123321,0.031746031746031744,0.028327228327228327,0.0004884004884004884,104.19,-61.06,-4.81,C6
0.017582417582417582,0.025885225885225887,0.02490842490842491,0.02271062271062271,0.0004884004884004884,105.81,-65.19,-0.94,C6
0.008547008547008548,0.002686202686202686,0.010256410256410256,0.007326007326007326,0.0004884004884004884,106.69,-67.0,0.81,C6
0.00463980463980464,0.020024420024420026,0.007081807081807082,0.006593406593406593,0.0004884004884004884,106.81,-67.06,1.12,C6
0.01391941391941392,0.036141636141636145,0.01904761904761905,0.016361416361416362,0.0004884004884004884,104.69,-61.81,-1.06,C6
0.02026862026862027,0.04737484737484737,0.027594627594627594,0.0231990231990232,0.0004884004884004884,103.56,-56.81,-3.81,C6
0.01978021978021978,0.04786324786324787,0.02857142857142857,0.02271062271062271,0.0004884004884004884,103.31,-54.63,-3.94,C6
0.011965811965811967,0.03418803418803419,0.019536019536019536,0.014652014652014652,0.0004884004884004884,103.31,-53.94,-4.0,C6
0.002686202686202686,0.014407814407814409,0.006349206349206349,0.0031746031746031746,0.0004884004884004884,103.31,-53.88,-4.19,C6
0.004395604395604396,0.002686202686202686,0.006837606837606838,0.007814407814407814,0.0004884004884004884,103.31,-54.0,-4.06,C6
0.009523809523809525,0.014896214896214897,0.01611721611721612,0.01562881562881563,0.0004884004884004884,103.44,-55.56,-3.87,C6
0.012942612942612943,0.023443223443223443,0.022466422466422466,0.021001221001221003,0.0004884004884004884,104.44,-59.5,-2.75,C6
0.010744810744810745,0.01684981684981685,0.01733821733821734,0.016605616605616606,0.0004884004884004884,106.06,-63.44,-0.06,C6
0.001221001221001221,0.005860805860805861,0.0031746031746031746,0.0017094017094017094,0.0004884004884004884,107.0,-64.81,1.69,C6
0.010256410256410256,0.027106227106227107,0.013431013431013432,0.012698412698412698,0.0004884004884004884,107.31,-65.0,2.37,C6
0.018315018315018316,0.042002442002442006,0.02490842490842491,0.02271062271062271,0.0004884004884004884,106.94,-64.44,2.12,C6
0.024175824175824177,0.05225885225885226,0.03296703296703297,0.029792429792429794,0.0004884004884004884,105.37,-58.81,-0.62,C6
0.02612942612942613,0.05543345543345543,0.036874236874236875,0.030525030525030524,0.0004884004884004884,104.69,-53.56,-1.75,C6
0.021245421245421246,0.0485958485958486,0.0315018315018315,0.025396825396825397,0.0004884004884004884,105.0,-51.0,-1.37,C6
0.009523809523809525,0.025885225885225887,0.017094017094017096,0.012698412698412698,0.0004884004884004884,104.94,-51.0,-1.37,C6
0.0,0.005128205128205128,0.0014652014652014652,0.0007326007326007326,0.0004884004884004884,104.81,-51.75,-1.62,C6
0.006837606837606838,0.00927960927960928,0.009523809523809525,0.010256410256410256,0.0004884004884004884,104.37,-55.44,-3.25,C6
0.011477411477411478,0.019291819291819293,0.017094017094017096,0.01684981684981685,0.0004884004884004884,105.06,-60.88,-2.19,C6
0.009035409035409036,0.013186813186813187,0.011965811965811967,0.012454212454212455,0.0004884004884004884,105.69,-65.62,0.0,C6
0.0,0.006593406593406593,0.0007326007326007326,0.0009768009768009768,0.0004884004884004884,106.19,-67.5,0.19,C6
0.010500610500610501,0.02490842490842491,0.014896214896214897,0.011477411477411478,0.0004884004884004884,106.25,-67.25,0.0,C6
0.017826617826617826,0.03785103785103785,0.02490842490842491,0.02026862026862027,0.0004884004884004884,105.37,-66.0,-0.44,C6
0.022954822954822957,0.046886446886446886,0.031746031746031744,0.026617826617826617,0.0004884004884004884,103.75,-58.19,-3.81,C6
0.024664224664224663,0.050061050061050064,0.03492063492063492,0.027106227106227107,0.0004884004884004884,103.87,-53.44,-4.12,C6
0.017582417582417582,0.04078144078144078,0.028083028083028084,0.021001221001221003,0.0004884004884004884,104.44,-52.88,-4.75,C6
0.005616605616605617,0.018315018315018316,0.012698412698412698,0.008547008547008548,0.0004884004884004884,104.87,-53.19,-5.31,C6
0.0029304029304029304,0.0009768009768009768,0.0019536019536019536,0.004151404151404151,0.0017094017094017094,104.62,-54.13,-5.81,C6
0.008791208791208791,0.014407814407814409,0.012454212454212455,0.012942612942612943,0.002442002442002442,103.94,-56.19,-7.0,C6
0.012942612942612943,0.023931623931623933,0.019536019536019536,0.01904761904761905,0.0029304029304029304,104.0,-59.19,-6.81,C6
0.012454212454212455,0.022954822954822957,0.017826617826617826,0.01733821733821734,0.003418803418803419,104.12,-64.5,-4.06,C6
0.0031746031746031746,0.0004884004884004884,0.005128205128205128,0.003418803418803419,0.003907203907203907,104.44,-66.31,-2.06,C6
0.009768009768009768,0.021733821733821733,0.010744810744810745,0.01098901098901099,0.005128205128205128,104.31,-66.69,-0.5,C6
0.01904761904761905,0.03736263736263736,0.02442002442002442,0.021001221001221003,0.006105006105006105,103.94,-66.12,0.06,C6
0.025396825396825397,0.04835164835164835,0.03394383394383394,0.028327228327228327,0.006593406593406593,103.06,-60.19,-2.37,C6
0.02905982905982906,0.05445665445665446,0.04078144078144078,0.03125763125763126,0.006105006105006105,102.31,-56.25,-4.5,C6
0.02490842490842491,0.05030525030525031,0.036874236874236875,0.028083028083028084,0.005616605616605617,102.56,-54.31,-4.06,C6
0.014163614163614164,0.0315018315018315,0.023687423687423687,0.017826617826617826,0.005372405372405372,102.62,-53.81,-3.87,C6
0.0031746031746031746,0.009768009768009768,0.007814407814407814,0.00463980463980464,0.004884004884004884,102.75,-53.75,-3.69,C6
0.004395604395604396,0.005372405372405372,0.003418803418803419,0.004395604395604396,0.00463980463980464,102.87,-55.69,-4.62,C6
0.009768009768009768,0.01611721611721612,0.011233211233211233,0.010744810744810745,0.00463980463980464,103.81,-58.5,-3.62,C6
0.009523809523809525,0.019291819291819293,0.01391941391941392,0.012454212454212455,0.005616605616605617,104.69,-63.06,-2.0,C6
0.0019536019536019536,0.0002442002442002442,0.003663003663003663,0.002197802197802198,0.006593406593406593,105.62,-64.69,-0.19,C6
0.00927960927960928,0.020512820512820513,0.009768009768009768,0.010256410256410256,0.007081807081807082,105.87,-64.94,0.88,C6
0.01733821733821734,0.03492063492063492,0.021733821733821733,0.01904761904761905,0.00757020757020757,105.44,-64.19,1.06,C6
0.02271062271062271,0.045177045177045176,0.030036630036630037,0.025152625152625153,0.007814407814407814,104.06,-60.13,-1.56,C6
0.025396825396825397,0.050061050061050064,0.03565323565323565,0.02735042735042735,0.007814407814407814,103.69,-54.38,-2.37,C6
0.020024420024420026,0.04493284493284493,0.031746031746031744,0.023443223443223443,0.00805860805860806,104.19,-52.0,-2.0,C6
0.009035409035409036,0.02564102564102564,0.018315018315018316,0.012454212454212455,0.00805860805860806,103.87,-52.25,-2.31,C6
0.0014652014652014652,0.004151404151404151,0.0029304029304029304,0.0004884004884004884,0.007081807081807082,103.94,-52.81,-3.0,C6
0.008547008547008548,0.010744810744810745,0.007814407814407814,0.009768009768009768,0.006349206349206349,103.62,-54.88,-4.06,C6
0.013675213675213675,0.021245421245421246,0.015384615384615385,0.01611721611721612,0.005616605616605617,104.06,-57.75,-4.19,C6
0.013431013431013432,0.026373626373626374,0.01855921855921856,0.016605616605616606,0.005372405372405372,105.0,-61.69,-2.06,C6
0.006105006105006105,0.00805860805860806,0.00757020757020757,0.007081807081807082,0.005128205128205128,105.94,-63.56,0.13,C6
0.005128205128205128,0.013186813186813187,0.006837606837606838,0.005860805860805861,0.004884004884004884,106.37,-63.88,0.56,C6
0.013675213675213675,0.02905982905982906,0.020512820512820513,0.014896214896214897,0.004884004884004884,106.31,-63.63,1.31,C6
0.01978021978021978,0.04004884004884005,0.03028083028083028,0.021245421245421246,0.00463980463980464,104.87,-59.81,-1.0,C6
0.024175824175824177,0.047619047619047616,0.036874236874236875,0.025885225885225887,0.00463980463980464,104.31,-54.56,-2.87,C6
0.022222222222222223,0.04664224664224664,0.03540903540903541,0.02442002442002442,0.00463980463980464,103.69,-54.19,-5.0,C6
0.011233211233211233,0.02857142857142857,0.023443223443223443,0.01562881562881563,0.00463980463980464,103.69,-54.31,-6.25,C6
0.0004884004884004884,0.005616605616605617,0.006593406593406593,0.002686202686202686,0.00463980463980464,103.69,-54.25,-5.87,C6
0.007326007326007326,0.011233211233211233,0.007326007326007326,0.00927960927960928,0.00463980463980464,103.19,-54.44,-6.12,C6
0.012942612942612943,0.022954822954822957,0.017094017094017096,0.017582417582417582,0.00463980463980464,102.87,-57.63,-7.19,C6
0.01684981684981685,0.03125763125763126,0.023931623931623933,0.023443223443223443,0.00463980463980464,103.69,-62.88,-5.87,C6
0.014407814407814409,0.02783882783882784,0.019536019536019536,0.019536019536019536,0.00463980463980464,105.25,-65.0,-2.44,C6
0.004884004884004884,0.004151404151404151,0.005128205128205128,0.005372405372405372,0.00463980463980464,105.81,-65.56,-0.94,C6
0.008302808302808303,0.018315018315018316,0.011233211233211233,0.009768009768009768,0.00463980463980464,106.0,-65.31,0.06,C6
0.017582417582417582,0.03394383394383394,0.02271062271062271,0.02026862026862027,0.00463980463980464,105.25,-63.94,-0.13,C6
0.023931623931623933,0.04493284493284493,0.03076923076923077,0.027594627594627594,0.00463980463980464,103.94,-57.69,-2.94,C6
0.025396825396825397,0.0485958485958486,0.03467643467643468,0.02783882783882784,0.00463980463980464,104.25,-52.75,-2.69,C6
0.017826617826617826,0.037606837606837605,0.026373626373626374,0.01978021978021978,0.00463980463980464,103.87,-52.38,-2.94,C6
0.006349206349206349,0.014652014652014652,0.010744810744810745,0.005860805860805861,0.00463980463980464,103.69,-52.13,-3.25,C6
0.0029304029304029304,0.003663003663003663,0.0031746031746031746,0.007326007326007326,0.00463980463980464,103.37,-52.94,-4.31,C6
0.009523809523809525,0.01684981684981685,0.013186813186813187,0.016361416361416362,0.00463980463980464,103.56,-56.19,-5.62,C6
0.014163614163614164,0.025885225885225887,0.020024420024420026,0.02271062271062271,0.00463980463980464,104.37,-61.63,-5.12,C6
0.013431013431013432,0.022466422466422466,0.015873015873015872,0.019291819291819293,0.00463980463980464,106.94,-67.5,-2.69,C6
0.005372405372405372,0.0014652014652014652,0.0029304029304029304,0.005860805860805861,0.00463980463980464,107.81,-69.12,-1.37,C6
0.007081807081807082,0.01904761904761905,0.012454212454212455,0.009035409035409036,0.00463980463980464,107.81,-69.31,-1.56,C6
0.015873015873015872,0.03321123321123321,0.0231990231990232,0.019536019536019536,0.00463980463980464,107.56,-68.5,-0.88,C6
0.02197802197802198,0.04322344322344322,0.03076923076923077,0.026862026862026864,0.00463980463980464,105.06,-59.5,-3.37,C6
0.02442002442002442,0.04786324786324787,0.035164835164835165,0.028815628815628817,0.004395604395604396,104.69,-52.56,-3.37,C6
0.017826617826617826,0.040293040293040296,0.029792429792429794,0.023443223443223443,0.004395604395604396,104.69,-52.19,-4.62,C6
0.005128205128205128,0.016361416361416362,0.013431013431013432,0.009768009768009768,0.004395604395604396,104.25,-52.25,-5.12,C6
0.003907203907203907,0.003418803418803419,0.0019536019536019536,0.003907203907203907,0.004395604395604396,103.75,-54.19,-6.0,C6
0.010256410256410256,0.01733821733821734,0.012454212454212455,0.013431013431013432,0.004395604395604396,103.44,-58.13,-7.5,C6
0.014896214896214897,0.026862026862026864,0.01978021978021978,0.020024420024420026,0.004395604395604396,103.94,-61.94,-6.94,C6
0.01221001221001221,0.01978021978021978,0.014407814407814409,0.015873015873015872,0.004395604395604396,105.12,-65.0,-3.37,C6
0.003663003663003663,0.0017094017094017094,0.002442002442002442,0.00463980463980464,0.004395604395604396,106.37,-67.25,-1.62,C6
0.008547008547008548,0.022466422466422466,0.011477411477411478,0.008547008547008548,0.004395604395604396,106.69,-67.75,-1.12,C6
0.01904761904761905,0.03711843711843712,0.024175824175824177,0.019291819291819293,0.004395604395604396,106.87,-67.69,-0.5,C6
0.02612942612942613,0.047619047619047616,0.03321123321123321,0.027106227106227107,0.004395604395604396,105.94,-65.62,-0.81,C6
0.03125763125763126,0.054945054945054944,0.03956043956043956,0.03223443223443224,0.004395604395604396,104.44,-58.44,-4.06,C6
0.030525030525030524,0.05543345543345543,0.040293040293040296,0.0315018315018315,0.004395604395604396,104.44,-53.06,-4.06,C6
0.022222222222222223,0.044444444444444446,0.03199023199023199,0.023931623931623933,0.004395604395604396,104.25,-53.31,-4.62,C6
0.00927960927960928,0.02026862026862027,0.015384615384615385,0.010500610500610501,0.004395604395604396,103.87,-53.56,-5.12,C6
0.0014652014652014652,0.0007326007326007326,0.0002442002442002442,0.0031746031746031746,0.004395604395604396,103.62,-53.81,-5.5,C6
0.009035409035409036,0.01562881562881563,0.011233211233211233,0.012698412698412698,0.004395604395604396,103.37,-56.63,-6.75,C6
0.014163614163614164,0.025885225885225887,0.01904761904761905,0.019291819291819293,0.004395604395604396,103.62,-61.94,-6.5,C6
0.01221001221001221,0.026862026862026864,0.02026862026862027,0.020024420024420026,0.004395604395604396,104.94,-67.44,-2.25,C6
0.004151404151404151,0.006593406593406593,0.008302808302808303,0.009035409035409036,0.004395604395604396,105.94,-69.31,0.0,C6
0.008791208791208791,0.016361416361416362,0.007814407814407814,0.005616605616605617,0.005616605616605617,106.19,-69.44,0.31,C6
0.017582417582417582,0.03223443223443224,0.02026862026862027,0.015873015873015872,0.006349206349206349,105.37,-68.5,0.5,C6
0.023931623931623933,0.043467643467643466,0.02905982905982906,0.0231990231990232,0.005860805860805861,103.62,-59.0,-2.31,C6
0.02735042735042735,0.05030525030525031,0.035164835164835165,0.025885225885225887,0.005372405372405372,103.44,-53.81,-2.87,C6
0.022222222222222223,0.04395604395604396,0.030036630036630037,0.021001221001221003,0.005128205128205128,103.5,-52.75,-2.69,C6
0.01098901098901099,0.02271062271062271,0.01611721611721612,0.009035409035409036,0.003663003663003663,103.37,-52.94,-3.44,C6
0.0031746031746031746,0.005128205128205128,0.002197802197802198,0.0014652014652014652,0.002686202686202686,103.25,-54.44,-4.37,C6
0.002197802197802198,0.007326007326007326,0.007326007326007326,0.009035409035409036,0.002197802197802198,103.44,-57.88,-5.06,C6
0.006105006105006105,0.015873015873015872,0.014163614163614164,0.014163614163614164,0.002686202686202686,105.31,-61.69,-2.44,C6
0.002197802197802198,0.0019536019536019536,0.005860805860805861,0.005860805860805861,0.0031746031746031746,106.69,-64.31,-0.06,C6
0.009035409035409036,0.018070818070818073,0.007081807081807082,0.006837606837606838,0.003418803418803419,107.44,-65.69,1.25,C6
0.018803418803418803,0.03467643467643468,0.01978021978021978,0.015873015873015872,0.003663003663003663,107.62,-65.81,2.06,C6
0.02564102564102564,0.046153846153846156,0.028815628815628817,0.02197802197802198,0.003907203907203907,105.5,-61.88,0.0,C6
0.030525030525030524,0.054212454212454214,0.035164835164835165,0.02612942612942613,0.004151404151404151,105.0,-54.88,-3.12,C6
0.02783882783882784,0.05201465201465202,0.03223443223443224,0.023443223443223443,0.004151404151404151,105.19,-52.75,-3.94,C6
0.016361416361416362,0.03028083028083028,0.018070818070818073,0.012942612942612943,0.004395604395604396,104.87,-52.56,-4.75,C6
0.00463980463980464,0.006593406593406593,0.001221001221001221,0.0002442002442002442,0.0031746031746031746,104.56,-53.13,-4.87,C6
0.003418803418803419,0.010012210012210013,0.011233211233211233,0.010256410256410256,0.002442002442002442,104.06,-54.25,-5.44,C6
0.00927960927960928,0.021733821733821733,0.01978021978021978,0.017582417582417582,0.0019536019536019536,103.94,-57.81,-5.94,C6
0.011233211233211233,0.02905982905982906,0.025885225885225887,0.02271062271062271,0.002686202686202686,104.5,-64.31,-3.81,C6
0.007081807081807082,0.024664224664224663,0.020757020757020756,0.017826617826617826,0.0031746031746031746,106.12,-69.19,-0.56,C6
0.0017094017094017094,0.0019536019536019536,0.006837606837606838,0.00463980463980464,0.003663003663003663,106.56,-68.94,1.31,C6
0.012942612942612943,0.02026862026862027,0.011477411477411478,0.009768009768009768,0.003907203907203907,106.44,-67.75,1.5,C6
0.021001221001221003,0.03565323565323565,0.024175824175824177,0.01978021978021978,0.004151404151404151,105.62,-65.0,0.81,C6
0.026373626373626374,0.04664224664224664,0.03321123321123321,0.026862026862026864,0.004151404151404151,104.25,-56.56,-1.87,C6
0.027106227106227107,0.04981684981684982,0.03638583638583639,0.027106227106227107,0.004395604395604396,104.25,-52.69,-3.62,C6
0.02026862026862027,0.0380952380952381,0.02783882783882784,0.019536019536019536,0.004395604395604396,104.25,-53.31,-4.37,C6
0.008547008547008548,0.014407814407814409,0.011721611721611722,0.005860805860805861,0.0031746031746031746,104.37,-52.94,-4.56,C6
0.0002442002442002442,0.005372405372405372,0.0029304029304029304,0.006593406593406593,0.002442002442002442,104.12,-53.31,-4.5,C6
0.006593406593406593,0.01904761904761905,0.013431013431013432,0.01562881562881563,0.0019536019536019536,103.62,-56.56,-5.5,C6
0.01098901098901099,0.02857142857142857,0.020512820512820513,0.021733821733821733,0.0014652014652014652,104.12,-61.44,-4.56,C6
0.009768009768009768,0.030036630036630037,0.020512820512820513,0.021245421245421246,0.002442002442002442,105.12,-64.87,-1.81,C6
0.001221001221001221,0.00805860805860806,0.006837606837606838,0.006593406593406593,0.0029304029304029304,105.5,-65.75,-0.75,C6
0.01098901098901099,0.01562881562881563,0.009768009768009768,0.009035409035409036,0.003418803418803419,106.0,-65.81,0.13,C6
0.01978021978021978,0.03247863247863248,0.021245421245421246,0.01978021978021978,0.003663003663003663,105.44,-63.75,0.31,C6
0.02564102564102564,0.04395604395604396,0.029304029304029304,0.02735042735042735,0.003907203907203907,104.12,-56.81,-3.19,C6
0.02735042735042735,0.04835164835164835,0.032722832722832725,0.027594627594627594,0.004151404151404151,104.44,-53.5,-3.25,C6
0.01978021978021978,0.03467643467643468,0.023931623931623933,0.019291819291819293,0.004151404151404151,104.12,-53.69,-3.75,C6
0.00927960927960928,0.012454212454212455,0.009035409035409036,0.006105006105006105,0.004395604395604396,103.87,-53.25,-3.94,C6
0.0017094017094017094,0.004395604395604396,0.002442002442002442,0.0031746031746031746,0.004395604395604396,103.12,-54.75,-4.87,C6
0.003418803418803419,0.016361416361416362,0.010500610500610501,0.009523809523809525,0.004395604395604396,103.56,-57.13,-5.25,C6
0.005616605616605617,0.024664224664224663,0.015873015873015872,0.013431013431013432,0.004395604395604396,104.81,-60.38,-2.06,C6
0.0004884004884004884,0.013675213675213675,0.007326007326007326,0.003907203907203907,0.004395604395604396,105.62,-63.56,0.06,C6
0.01098901098901099,0.010744810744810745,0.006837606837606838,0.01098901098901099,0.004395604395604396,106.25,-63.94,0.88,C6
0.01904761904761905,0.02783882783882784,0.01978021978021978,0.02148962148962149,0.004395604395604396,106.06,-63.0,1.5,C6
0.02490842490842491,0.0398046398046398,0.02905982905982906,0.02857142857142857,0.004395604395604396,104.75,-60.13,-0.06,C6
0.027106227106227107,0.04810744810744811,0.03540903540903541,0.031013431013431014,0.004395604395604396,103.56,-54.63,-2.5,C6
0.02442002442002442,0.04835164835164835,0.034432234432234435,0.028327228327228327,0.0031746031746031746,103.81,-50.38,-2.0,C6
0.014163614163614164,0.03418803418803419,0.022954822954822957,0.018315018315018316,0.002197802197802198,103.75,-49.31,-2.19,C6
0.002442002442002442,0.011233211233211233,0.006349206349206349,0.004151404151404151,0.0017094017094017094,103.37,-49.69,-2.25,C6
0.005616605616605617,0.004884004884004884,0.005128205128205128,0.005860805860805861,0.001221001221001221,103.25,-52.06,-3.75,C6
0.011477411477411478,0.015873015873015872,0.013186813186813187,0.012698412698412698,0.0009768009768009768,103.5,-56.88,-5.44,C6
0.014407814407814409,0.022466422466422466,0.01855921855921856,0.017582417582417582,0.0007326007326007326,104.31,-60.63,-3.56,C6
0.01098901098901099,0.009523809523809525,0.010500610500610501,0.009768009768009768,0.0007326007326007326,105.5,-63.0,-0.56,C6
0.0014652014652014652,0.013186813186813187,0.0031746031746031746,0.003663003663003663,0.0004884004884004884,106.12,-63.63,1.06,C6
0.010012210012210013,0.03296703296703297,0.018070818070818073,0.01562881562881563,0.0004884004884004884,106.25,-63.56,1.31,C6
0.018070818070818073,0.046886446886446886,0.028327228327228327,0.023931623931623933,0.0004884004884004884,105.87,-62.81,1.69,C6
0.023687423687423687,0.05641025641025641,0.03565323565323565,0.029792429792429794,0.0017094017094017094,104.37,-56.81,-1.37,C6
0.025396825396825397,0.059096459096459095,0.04004884004884005,0.030036630036630037,0.002442002442002442,104.37,-52.63,-2.19,C6
0.019291819291819293,0.04981684981684982,0.034432234432234435,0.023931623931623933,0.0029304029304029304,104.25,-51.94,-2.94,C6
0.00757020757020757,0.02490842490842491,0.01904761904761905,0.010744810744810745,0.003418803418803419,103.94,-51.88,-3.87,C6
0.0017094017094017094,0.003663003663003663,0.004151404151404151,0.002686202686202686,0.002442002442002442,103.31,-52.63,-3.94,C6
0.008302808302808303,0.01098901098901099,0.006349206349206349,0.011965811965811967,0.0019536019536019536,103.56,-56.69,-5.44,C6
0.012942612942612943,0.02148962148962149,0.013675213675213675,0.01855921855921856,0.0014652014652014652,105.31,-62.94,-3.69,C6
0.008791208791208791,0.010256410256410256,0.007326007326007326,0.011965811965811967,0.001221001221001221,106.69,-68.12,-0.37,C6
0.0002442002442002442,0.011965811965811967,0.005616605616605617,0.0,0.002197802197802198,107.12,-68.25,0.81,C6
0.007081807081807082,0.02857142857142857,0.017826617826617826,0.008547008547008548,0.002686202686202686,107.19,-67.75,1.25,C6
0.01221001221001221,0.04004884004884005,0.026373626373626374,0.014407814407814409,0.0031746031746031746,105.56,-60.44,-0.37,C6
0.015873015873015872,0.04810744810744811,0.03223443223443224,0.01855921855921856,0.003663003663003663,105.37,-54.69,-0.94,C6
0.012698412698412698,0.04542124542124542,0.029304029304029304,0.016361416361416362,0.002686202686202686,105.5,-52.13,-0.25,C6
0.00463980463980464,0.031013431013431014,0.01904761904761905,0.007326007326007326,0.0019536019536019536,105.62,-52.25,-1.56,C6
0.003663003663003663,0.013431013431013432,0.005128205128205128,0.003907203907203907,0.0017094017094017094,105.56,-52.5,-1.81,C6
0.00927960927960928,0.001221001221001221,0.00463980463980464,0.011965811965811967,0.001221001221001221,105.37,-52.44,-1.19,C6
0.013431013431013432,0.00757020757020757,0.011233211233211233,0.017582417582417582,0.0009768009768009768,105.12,-54.13,-1.19,C6
0.014896214896214897,0.013186813186813187,0.014652014652014652,0.020512820512820513,0.0007326007326007326,105.44,-58.5,-0.19,C6
0.011721611721611722,0.0014652014652014652,0.004884004884004884,0.011477411477411478,0.0007326007326007326,106.75,-62.75,1.75,C6
0.001221001221001221,0.020757020757020756,0.008547008547008548,0.002197802197802198,0.0004884004884004884,107.69,-62.81,2.81,C6
0.006593406593406593,0.034432234432234435,0.018315018315018316,0.011965811965811967,0.0004884004884004884,107.12,-61.81,2.75,C6
0.011965811965811967,0.04371184371184371,0.025152625152625153,0.01855921855921856,0.0004884004884004884,105.19,-58.19,-0.56,C6
0.015873015873015872,0.04810744810744811,0.030036630036630037,0.020512820512820513,0.0004884004884004884,104.75,-55.25,-1.56,C6
0.011477411477411478,0.04249084249084249,0.02564102564102564,0.016361416361416362,0.0004884004884004884,105.12,-53.69,-2.94,C6
0.002197802197802198,0.022954822954822957,0.013431013431013432,0.006105006105006105,0.0004884004884004884,104.31,-52.25,-2.56,C6
0.005128205128205128,0.002442002442002442,0.0009768009768009768,0.006349206349206349,0.0004884004884004884,103.44,-53.44,-3.12,C6
0.010500610500610501,0.011965811965811967,0.01098901098901099,0.014896214896214897,0.0004884004884004884,102.75,-57.56,-4.44,C6
0.014163614163614164,0.02197802197802198,0.018070818070818073,0.021001221001221003,0.0004884004884004884,101.0,-63.63,-4.81,C6
0.012698412698412698,0.016605616605616606,0.012698412698412698,0.017094017094017096,0.0004884004884004884,102.62,-67.12,-1.62,C6
0.0031746031746031746,0.005860805860805861,0.0002442002442002442,0.0029304029304029304,0.0004884004884004884,103.25,-67.5,-0.25,C6
0.00805860805860806,0.02490842490842491,0.013431013431013432,0.007814407814407814,0.0004884004884004884,102.44,-66.31,-0.19,C6
0.015873015873015872,0.03833943833943834,0.022954822954822957,0.015384615384615385,0.0004884004884004884,101.37,-61.31,-2.44,C6
0.02148962148962149,0.047619047619047616,0.029548229548229547,0.020512820512820513,0.0004884004884004884,101.56,-56.5,-3.06,C6
0.018803418803418803,0.044444444444444446,0.026373626373626374,0.018070818070818073,0.0004884004884004884,101.87,-55.44,-4.75,C6
0.007814407814407814,0.023443223443223443,0.014163614163614164,0.008547008547008548,0.0004884004884004884,101.87,-55.06,-4.37,C6
0.0009768009768009768,0.002686202686202686,0.0002442002442002442,0.0029304029304029304,0.0004884004884004884,101.75,-55.38,-5.25,C6
0.007081807081807082,0.011965811965811967,0.011233211233211233,0.012454212454212455,0.0004884004884004884,101.56,-57.06,-6.56,C6
0.011233211233211233,0.022222222222222223,0.018803418803418803,0.018803418803418803,0.0004884004884004884,101.69,-59.56,-7.37,C6
0.012454212454212455,0.02905982905982906,0.024175824175824177,0.023443223443223443,0.0004884004884004884,102.75,-63.06,-5.31,C6
0.008791208791208791,0.024175824175824177,0.018070818070818073,0.01904761904761905,0.0004884004884004884,104.37,-66.81,-2.62,C6
0.0017094017094017094,0.0004884004884004884,0.004884004884004884,0.006593406593406593,0.0004884004884004884,105.0,-67.56,-0.88,C6
0.012698412698412698,0.0231990231990232,0.010012210012210013,0.006105006105006105,0.0014652014652014652,104.87,-67.12,0.13,C6
0.02026862026862027,0.039316239316239315,0.020512820512820513,0.01514041514041514,0.002442002442002442,104.56,-62.75,2.81,C6
0.02564102564102564,0.05054945054945055,0.02783882783882784,0.021245421245421246,0.0029304029304029304,103.44,-58.13,1.56,C6
0.02612942612942613,0.05225885225885226,0.028327228327228327,0.021245421245421246,0.002197802197802198,102.31,-56.38,-2.62,C6
0.02271062271062271,0.0463980463980464,0.022466422466422466,0.016605616605616606,0.0017094017094017094,102.81,-54.5,-2.19,C6
0.012698412698412698,0.02735042735042735,0.010012210012210013,0.007326007326007326,0.001221001221001221,103.31,-53.31,-1.94,C6
0.0031746031746031746,0.005128205128205128,0.004884004884004884,0.004884004884004884,0.0009768009768009768,102.87,-54.44,-3.06,C6
0.003418803418803419,0.010500610500610501,0.01514041514041514,0.013186813186813187,0.0007326007326007326,102.75,-57.25,-4.0,C6
0.008302808302808303,0.021245421245421246,0.022466422466422466,0.01904761904761905,0.0007326007326007326,102.87,-61.06,-4.0,C6
0.009035409035409036,0.020512820512820513,0.019536019536019536,0.01684981684981685,0.0007326007326007326,103.56,-63.88,-1.75,C6
0.004395604395604396,0.0019536019536019536,0.00757020757020757,0.006105006105006105,0.0007326007326007326,104.81,-66.31,0.94,C6
0.004395604395604396,0.018315018315018316,0.006105006105006105,0.006105006105006105,0.0007326007326007326,105.62,-66.44,2.19,C6
0.011477411477411478,0.03247863247863248,0.015873015873015872,0.014652014652014652,0.0007326007326007326,104.87,-64.19,2.31,C6
0.016605616605616606,0.04249084249084249,0.022466422466422466,0.020512820512820513,0.0007326007326007326,103.06,-61.13,-1.31,C6
0.020024420024420026,0.04737484737484737,0.02564102564102564,0.020024420024420026,0.0007326007326007326,102.69,-58.13,-2.87,C6
0.015873015873015872,0.042735042735042736,0.021245421245421246,0.014407814407814409,0.0004884004884004884,103.12,-56.69,-3.12,C6
0.004884004884004884,0.023687423687423687,0.009035409035409036,0.003418803418803419,0.0004884004884004884,103.06,-55.25,-3.06,C6
0.002686202686202686,0.003907203907203907,0.005128205128205128,0.008547008547008548,0.0004884004884004884,102.56,-56.44,-4.12,C6
0.00805860805860806,0.010012210012210013,0.014896214896214897,0.017094017094017096,0.0004884004884004884,102.31,-58.56,-4.81,C6
0.011721611721611722,0.01978021978021978,0.02197802197802198,0.0231990231990232,0.0004884004884004884,103.62,-61.56,-2.94,C6
0.008302808302808303,0.010500610500610501,0.01391941391941392,0.01562881562881563,0.0004884004884004884,104.94,-65.5,0.0,C6
0.0029304029304029304,0.011721611721611722,0.0007326007326007326,0.0004884004884004884,0.0004884004884004884,106.06,-66.56,1.31,C6
0.01391941391941392,0.03028083028083028,0.017094017094017096,0.01098901098901099,0.0004884004884004884,106.0,-66.87,1.56,C6
0.02148962148962149,0.043467643467643466,0.02857142857142857,0.01904761904761905,0.0004884004884004884,104.19,-62.06,-0.06,C6
0.026862026862026864,0.052503052503052504,0.03663003663003663,0.024664224664224663,0.0004884004884004884,103.62,-56.69,-2.31,C6
0.025152625152625153,0.050793650793650794,0.03492063492063492,0.022954822954822957,0.0004884004884004884,103.75,-55.19,-1.94,C6
0.01562881562881563,0.03296703296703297,0.023687423687423687,0.013431013431013432,0.0004884004884004884,103.62,-55.56,-2.94,C6
0.0029304029304029304,0.00927960927960928,0.00805860805860806,0.0007326007326007326,0.0004884004884004884,103.31,-56.0,-3.44,C6
0.006105006105006105,0.007326007326007326,0.0031746031746031746,0.008302808302808303,0.0004884004884004884,103.31,-58.44,-4.5,C6
0.012454212454212455,0.01904761904761905,0.010744810744810745,0.014652014652014652,0.0004884004884004884,102.94,-62.75,-5.81,C6
0.012942612942612943,0.01514041514041514,0.010744810744810745,0.013675213675213675,0.0004884004884004884,103.62,-66.12,-3.75,C6
0.00757020757020757,0.005372405372405372,0.001221001221001221,0.002686202686202686,0.0004884004884004884,104.87,-68.12,-0.69,C6
0.003418803418803419,0.02490842490842491,0.010012210012210013,0.009768009768009768,0.0017094017094017094,105.44,-68.25,0.56,C6
0.013431013431013432,0.03882783882783883,0.01904761904761905,0.01855921855921856,0.002442002442002442,105.56,-67.81,1.37,C6
0.020512820512820513,0.04835164835164835,0.025396825396825397,0.02442002442002442,0.0019536019536019536,104.19,-62.19,-3.0,C6
0.025396825396825397,0.05347985347985348,0.029792429792429794,0.026862026862026864,0.0014652014652014652,104.5,-57.63,-3.94,C6
0.02026862026862027,0.04542124542124542,0.02442002442002442,0.021733821733821733,0.001221001221001221,104.44,-57.31,-4.56,C6
0.00805860805860806,0.021733821733821733,0.010500610500610501,0.009523809523809525,0.0009768009768009768,104.25,-57.56,-5.19,C6
0.0004884004884004884,0.005128205128205128,0.0007326007326007326,0.0009768009768009768,0.0009768009768009768,103.94,-60.25,-7.06,C6
0.006593406593406593,0.006593406593406593,0.006349206349206349,0.005128205128205128,0.0007326007326007326,104.31,-64.31,-6.06,C6
0.007326007326007326,0.010744810744810745,0.009768009768009768,0.00805860805860806,0.0007326007326007326,105.87,-68.44,-2.87,C6
0.0009768009768009768,0.007814407814407814,0.0002442002442002442,0.0009768009768009768,0.0004884004884004884,106.69,-69.87,-1.25,C6
0.010012210012210013,0.027594627594627594,0.01221001221001221,0.012454212454212455,0.0004884004884004884,107.37,-70.62,-0.13,C6
0.017582417582417582,0.04151404151404151,0.020757020757020756,0.020512820512820513,0.0004884004884004884,106.56,-69.31,0.0,C6
0.022954822954822957,0.05128205128205128,0.026617826617826617,0.02612942612942613,0.0004884004884004884,104.81,-61.38,-4.62,C6
0.025396825396825397,0.054212454212454214,0.029548229548229547,0.025885225885225887,0.0004884004884004884,105.25,-56.19,-4.75,C6
0.017094017094017096,0.03956043956043956,0.021001221001221003,0.017582417582417582,0.0004884004884004884,104.62,-55.44,-5.5,C6
0.00463980463980464,0.015384615384615385,0.005616605616605617,0.004151404151404151,0.0004884004884004884,104.44,-55.13,-5.81,C6
0.003907203907203907,0.0017094017094017094,0.005128205128205128,0.005128205128205128,0.0004884004884004884,104.06,-58.75,-7.81,C6
0.010012210012210013,0.013675213675213675,0.012698412698412698,0.011721611721611722,0.0004884004884004884,104.56,-64.0,-7.87,C6
0.012942612942612943,0.019291819291819293,0.017094017094017096,0.01611721611721612,0.0004884004884004884,105.81,-69.12,-4.37,C6
0.006837606837606838,0.0014652014652014652,0.00463980463980464,0.005860805860805861,0.0004884004884004884,107.5,-71.25,-1.25,C6
0.004151404151404151,0.021245421245421246,0.010744810744810745,0.00805860805860806,0.0017094017094017094,107.87,-70.94,-0.31,C6
0.011721611721611722,0.036874236874236875,0.021733821733821733,0.017826617826617826,0.002442002442002442,106.25,-67.69,-1.31,C6
0.017094017094017096,0.04786324786324787,0.029304029304029304,0.024664224664224663,0.0019536019536019536,104.94,-59.13,-4.19,C6
0.01978021978021978,0.05201465201465202,0.03321123321123321,0.025152625152625153,0.0014652014652014652,105.06,-56.31,-3.94,C6
0.012454212454212455,0.03907203907203907,0.025885225885225887,0.01733821733821734,0.001221001221001221,105.06,-56.31,-4.19,C6
0.001221001221001221,0.016361416361416362,0.011233211233211233,0.00463980463980464,0.0009768009768009768,105.0,-56.31,-4.37,C6
0.006593406593406593,0.0002442002442002442,0.0002442002442002442,0.005860805860805861,0.0007326007326007326,104.75,-57.81,-5.25,C6
0.01221001221001221,0.010744810744810745,0.00805860805860806,0.013431013431013432,0.0007326007326007326,105.19,-61.19,-5.44,C6
0.01514041514041514,0.018315018315018316,0.013675213675213675,0.01855921855921856,0.0004884004884004884,106.37,-65.0,-3.0,C6
0.010500610500610501,0.007081807081807082,0.006105006105006105,0.011477411477411478,0.0004884004884004884,107.87,-67.94,0.0,C6
0.0002442002442002442,0.01391941391941392,0.006105006105006105,0.002197802197802198,0.0004884004884004884,108.94,-69.0,1.62,C6
0.009768009768009768,0.029792429792429794,0.018070818070818073,0.011721611721611722,0.0004884004884004884,109.0,-68.44,1.94,C6
0.01684981684981685,0.04078144078144078,0.026617826617826617,0.018315018315018316,0.0004884004884004884,107.12,-61.56,-0.62,C6
0.021733821733821733,0.04835164835164835,0.03247863247863248,0.022466422466422466,0.0004884004884004884,106.31,-56.38,-2.37,C6
0.018315018315018316,0.0442002442002442,0.028327228327228327,0.019291819291819293,0.0004884004884004884,105.87,-54.88,-3.0,C6
0.007814407814407814,0.022466422466422466,0.01391941391941392,0.008547008547008548,0.0004884004884004884,105.56,-54.63,-3.19,C6
0.001221001221001221,0.002197802197802198,0.001221001221001221,0.003418803418803419,0.0004884004884004884,105.31,-55.63,-3.81,C6
0.00757020757020757,0.01221001221001221,0.011965811965811967,0.011721611721611722,0.0004884004884004884,105.69,-60.63,-4.62,C6
0.011965811965811967,0.022222222222222223,0.019291819291819293,0.017582417582417582,0.0004884004884004884,107.37,-66.31,-3.0,C6
0.010012210012210013,0.01391941391941392,0.010744810744810745,0.011721611721611722,0.0004884004884004884,108.87,-69.5,0.0,C6
0.0007326007326007326,0.00927960927960928,0.003418803418803419,0.0019536019536019536,0.0004884004884004884,109.37,-69.5,1.0,C6
0.006837606837606838,0.02564102564102564,0.01391941391941392,0.011477411477411478,0.0004884004884004884,108.5,-68.06,1.44,C6
0.012454212454212455,0.03711843711843712,0.021001221001221003,0.018315018315018316,0.0004884004884004884,106.5,-60.38,-2.69,C6
0.01611721611721612,0.04322344322344322,0.02612942612942613,0.02026862026862027,0.0004884004884004884,106.06,-56.06,-2.87,C6
0.010012210012210013,0.0336996336996337,0.01978021978021978,0.014407814407814409,0.0004884004884004884,105.37,-56.44,-4.44,C6
0.001221001221001221,0.012942612942612943,0.006593406593406593,0.0031746031746031746,0.0004884004884004884,105.19,-56.44,-4.56,C6
0.009035409035409036,0.0014652014652014652,0.002442002442002442,0.00463980463980464,0.0004884004884004884,105.5,-59.5,-5.81,C6
0.014652014652014652,0.011721611721611722,0.009035409035409036,0.010012210012210013,0.0004884004884004884,106.81,-63.69,-5.44,C6
0.011721611721611722,0.011721611721611722,0.010500610500610501,0.011721611721611722,0.0004884004884004884,108.31,-68.19,-2.62,C6
0.001221001221001221,0.00805860805860806,0.0007326007326007326,0.002197802197802198,0.0004884004884004884,109.5,-70.5,-0.62,C6
0.01098901098901099,0.02735042735042735,0.011721611721611722,0.009768009768009768,0.0004884004884004884,109.69,-70.5,0.37,C6
0.01978021978021978,0.041025641025641026,0.020512820512820513,0.018070818070818073,0.0004884004884004884,107.94,-66.62,-0.75,C6
0.025885225885225887,0.05054945054945055,0.026862026862026864,0.023931623931623933,0.0004884004884004884,106.69,-56.06,-2.31,C6
0.02564102564102564,0.052503052503052504,0.028815628815628817,0.023443223443223443,0.0004884004884004884,106.69,-54.19,-2.25,C6
0.01391941391941392,0.03321123321123321,0.01733821733821734,0.012942612942612943,0.0004884004884004884,106.37,-54.06,-2.37,C6
0.003418803418803419,0.01098901098901099,0.0031746031746031746,0.0002442002442002442,0.0004884004884004884,106.0,-54.75,-2.75,C6
0.003907203907203907,0.00463980463980464,0.006837606837606838,0.008791208791208791,0.0004884004884004884,106.19,-56.94,-2.56,C6
0.009035409035409036,0.015384615384615385,0.01391941391941392,0.014896214896214897,0.0004884004884004884,107.12,-60.81,-1.19,C6
0.006593406593406593,0.011477411477411478,0.011477411477411478,0.014163614163614164,0.0004884004884004884,108.19,-65.87,1.19,C6
0.002197802197802198,0.011721611721611722,0.002197802197802198,0.0017094017094017094,0.0004884004884004884,108.62,-66.06,2.19,C6
0.010500610500610501,0.02783882783882784,0.01684981684981685,0.006837606837606838,0.0004884004884004884,108.44,-65.37,2.44,C6
0.01611721611721612,0.039316239316239315,0.027106227106227107,0.012698412698412698,0.0004884004884004884,107.44,-60.88,1.12,C6
0.02026862026862027,0.04737484737484737,0.03418803418803419,0.01684981684981685,0.0004884004884004884,108.12,-50.56,3.44,C6
0.017826617826617826,0.045177045177045176,0.03223443223443224,0.014652014652014652,0.0004884004884004884,108.31,-50.63,3.31,C6
0.006837606837606838,0.02442002442002442,0.018803418803418803,0.0031746031746031746,0.0004884004884004884,107.75,-52.25,1.75,C6
0.0007326007326007326,0.006349206349206349,0.004151404151404151,0.007814407814407814,0.0004884004884004884,106.69,-57.25,-1.44,C6
0.006105006105006105,0.006349206349206349,0.006105006105006105,0.015384615384615385,0.0004884004884004884,106.06,-63.88,-3.31,C6
0.009523809523809525,0.01514041514041514,0.013186813186813187,0.020757020757020756,0.0004884004884004884,108.0,-70.31,1.87,C6
0.007326007326007326,0.004151404151404151,0.00463980463980464,0.011965811965811967,0.0004884004884004884,109.56,-72.25,5.94,C6
0.0029304029304029304,0.017582417582417582,0.010012210012210013,0.0031746031746031746,0.0017094017094017094,109.94,-72.37,7.25,C6
0.01098901098901099,0.032722832722832725,0.021245421245421246,0.013675213675213675,0.002442002442002442,109.69,-71.69,7.37,C6
0.016605616605616606,0.04322344322344322,0.028815628815628817,0.021245421245421246,0.0029304029304029304,107.44,-67.94,4.06,C6
0.02026862026862027,0.04884004884004884,0.034432234432234435,0.0231990231990232,0.003418803418803419,105.44,-63.63,-2.06,C6
0.019536019536019536,0.04664224664224664,0.03125763125763126,0.01904761904761905,0.003663003663003663,103.75,-62.44,-3.5,C6
0.009523809523809525,0.0315018315018315,0.018803418803418803,0.008547008547008548,0.002686202686202686,103.0,-62.75,-5.75,C6
0.0014652014652014652,0.011721611721611722,0.003907203907203907,0.003907203907203907,0.0019536019536019536,103.0,-61.75,-5.19,C6
0.009035409035409036,0.002197802197802198,0.006593406593406593,0.012454212454212455,0.0014652014652014652,103.25,-63.88,-5.94,C6
0.014407814407814409,0.011965811965811967,0.01391941391941392,0.01855921855921856,0.001221001221001221,103.62,-65.81,-3.37,C6
0.012454212454212455,0.009768009768009768,0.012942612942612943,0.01733821733821734,0.0009768009768009768,104.19,-69.19,-0.31,C6
0.002686202686202686,0.009035409035409036,0.0017094017094017094,0.005372405372405372,0.0009768009768009768,105.19,-71.0,1.94,C6
0.008547008547008548,0.02564102564102564,0.014407814407814409,0.007326007326007326,0.0007326007326007326,105.44,-70.69,2.56,C6
0.016605616605616606,0.03736263736263736,0.025396825396825397,0.016361416361416362,0.0007326007326007326,104.0,-66.25,-0.69,C6
0.022222222222222223,0.04566544566544566,0.033455433455433455,0.022466422466422466,0.0007326007326007326,103.94,-61.44,-3.25,C6
0.019536019536019536,0.04371184371184371,0.0315018315018315,0.021245421245421246,0.0007326007326007326,104.5,-58.75,-4.06,C6
0.010256410256410256,0.029304029304029304,0.021733821733821733,0.013675213675213675,0.0004884004884004884,104.69,-58.75,-4.75,C6
0.0009768009768009768,0.00757020757020757,0.006593406593406593,0.001221001221001221,0.0004884004884004884,104.44,-59.06,-5.19,C6
0.008791208791208791,0.007814407814407814,0.003907203907203907,0.007326007326007326,0.0004884004884004884,104.31,-63.13,-7.0,C6
0.014163614163614164,0.018315018315018316,0.011233211233211233,0.013186813186813187,0.0004884004884004884,105.37,-67.44,-6.06,C6
0.011721611721611722,0.014896214896214897,0.010256410256410256,0.012698412698412698,0.0004884004884004884,106.56,-70.5,-3.25,C6
0.002442002442002442,0.005616605616605617,0.0004884004884004884,0.002197802197802198,0.0004884004884004884,107.25,-70.56,-0.94,C6
0.00757020757020757,0.022222222222222223,0.011477411477411478,0.007326007326007326,0.0004884004884004884,107.25,-70.19,-0.44,C6
0.014652014652014652,0.0336996336996337,0.01978021978021978,0.01391941391941392,0.0004884004884004884,105.94,-66.62,-1.69,C6
0.019536019536019536,0.042002442002442006,0.025396825396825397,0.01855921855921856,0.0004884004884004884,105.31,-61.75,-4.5,C6
0.01733821733821734,0.041025641025641026,0.023931623931623933,0.017094017094017096,0.0004884004884004884,105.69,-59.38,-4.5,C6
0.007326007326007326,0.02564102564102564,0.013431013431013432,0.008791208791208791,0.0004884004884004884,105.69,-59.44,-4.69,C6
0.0031746031746031746,0.004395604395604396,0.001221001221001221,0.0031746031746031746,0.0004884004884004884,105.44,-59.69,-5.19,C6
0.010744810744810745,0.010256410256410256,0.011477411477411478,0.011721611721611722,0.0004884004884004884,104.87,-62.25,-6.44,C6
0.015873015873015872,0.020757020757020756,0.018803418803418803,0.017582417582417582,0.0004884004884004884,105.37,-65.69,-4.75,C6
0.01562881562881563,0.022954822954822957,0.020512820512820513,0.018803418803418803,0.0004884004884004884,106.12,-70.12,-2.06,C6
0.00757020757020757,0.005372405372405372,0.010500610500610501,0.009035409035409036,0.0004884004884004884,107.5,-72.75,1.25,C6
0.004884004884004884,0.01611721611721612,0.004151404151404151,0.00463980463980464,0.0004884004884004884,107.62,-72.37,2.44,C6
0.013431013431013432,0.031013431013431014,0.014407814407814409,0.014407814407814409,0.0004884004884004884,105.87,-66.75,-0.13,C6
0.019536019536019536,0.041758241758241756,0.02148962148962149,0.021001221001221003,0.0004884004884004884,105.06,-61.19,-3.31,C6
0.019536019536019536,0.04249084249084249,0.023687423687423687,0.020757020757020756,0.0004884004884004884,104.87,-59.63,-4.62,C6
0.011965811965811967,0.02905982905982906,0.015873015873015872,0.013186813186813187,0.0004884004884004884,104.75,-59.25,-5.06,C6
0.002686202686202686,0.00927960927960928,0.003418803418803419,0.002197802197802198,0.0004884004884004884,104.56,-59.44,-5.25,C6
0.003907203907203907,0.00463980463980464,0.005128205128205128,0.005372405372405372,0.0004884004884004884,104.81,-63.13,-6.12,C6
0.008547008547008548,0.014407814407814409,0.011233211233211233,0.010744810744810745,0.0004884004884004884,105.94,-66.62,-3.44,C6
0.006593406593406593,0.010256410256410256,0.009035409035409036,0.007814407814407814,0.0004884004884004884,106.56,-69.12,-1.06,C6
0.002197802197802198,0.009035409035409036,0.0014652014652014652,0.0031746031746031746,0.0004884004884004884,106.94,-70.06,0.5,C6
0.00927960927960928,0.02271062271062271,0.010256410256410256,0.01098901098901099,0.0004884004884004884,106.56,-68.19,0.94,C6
0.014407814407814409,0.03223443223443224,0.016361416361416362,0.016361416361416362,0.0004884004884004884,105.25,-62.38,-3.31,C6
0.017826617826617826,0.03907203907203907,0.020757020757020756,0.018315018315018316,0.0004884004884004884,105.06,-59.25,-4.37,C6
0.011721611721611722,0.03076923076923077,0.014652014652014652,0.012698412698412698,0.0004884004884004884,104.87,-59.25,-5.19,C6
0.0014652014652014652,0.01098901098901099,0.002197802197802198,0.0007326007326007326,0.0004884004884004884,104.81,-59.25,-5.44,C6
0.005860805860805861,0.006349206349206349,0.010012210012210013,0.010012210012210013,0.0004884004884004884,104.5,-60.19,-6.25,C6
0.01098901098901099,0.018315018315018316,0.01855921855921856,0.017582417582417582,0.0004884004884004884,104.31,-62.94,-8.75,C6
0.014407814407814409,0.026617826617826617,0.02442002442002442,0.022954822954822957,0.0004884004884004884,104.44,-66.0,-9.25,C6
0.012942612942612943,0.02905982905982906,0.025885225885225887,0.02490842490842491,0.0004884004884004884,104.87,-68.12,-7.56,C6
0.009523809523809525,0.017826617826617826,0.016605616605616606,0.01733821733821734,0.0004884004884004884,105.87,-69.25,-4.75,C6
0.0019536019536019536,0.0031746031746031746,0.004151404151404151,0.005616605616605617,0.0004884004884004884,107.0,-70.37,-2.19,C6
0.006593406593406593,0.020024420024420026,0.00757020757020757,0.0031746031746031746,0.0004884004884004884,106.5,-69.31,-0.62,C6
0.012698412698412698,0.031746031746031744,0.01562881562881563,0.009523809523809525,0.0004884004884004884,105.12,-64.31,-4.0,C6
0.017094017094017096,0.04004884004884005,0.02148962148962149,0.013675213675213675,0.0004884004884004884,105.06,-61.06,-4.62,C6
0.011477411477411478,0.031013431013431014,0.01562881562881563,0.00927960927960928,0.0004884004884004884,104.75,-61.06,-5.31,C6
0.001221001221001221,0.010256410256410256,0.002442002442002442,0.0019536019536019536,0.0004884004884004884,104.25,-61.06,-5.87,C6
0.006349206349206349,0.006593406593406593,0.010012210012210013,0.01221001221001221,0.0004884004884004884,104.0,-61.38,-6.37,C6
0.011477411477411478,0.018315018315018316,0.018803418803418803,0.019536019536019536,0.0004884004884004884,104.25,-64.62,-8.0,C6
0.01514041514041514,0.026617826617826617,0.025152625152625153,0.024664224664224663,0.0004884004884004884,104.87,-68.94,-4.12,C6
0.013431013431013432,0.02271062271062271,0.020757020757020756,0.020512820512820513,0.0004884004884004884,106.0,-72.69,-0.56,C6
0.004395604395604396,0.0019536019536019536,0.007081807081807082,0.006349206349206349,0.0004884004884004884,107.12,-73.56,1.87,C6
0.005372405372405372,0.019536019536019536,0.005372405372405372,0.003663003663003663,0.0017094017094017094,105.75,-70.0,0.75,C6
0.01221001221001221,0.031746031746031744,0.014163614163614164,0.010744810744810745,0.0014652014652014652,104.44,-61.63,-4.19,C6
0.01684981684981685,0.040293040293040296,0.020512820512820513,0.01514041514041514,0.001221001221001221,104.12,-58.19,-3.37,C6
0.010012210012210013,0.029548229548229547,0.013186813186813187,0.00927960927960928,0.0009768009768009768,103.81,-58.13,-3.87,C6
0.0009768009768009768,0.009768009768009768,0.0,0.0014652014652014652,0.0009768009768009768,103.56,-58.44,-4.44,C6
0.008791208791208791,0.003907203907203907,0.010012210012210013,0.010256410256410256,0.0007326007326007326,103.37,-60.88,-5.12,C6
0.014163614163614164,0.013431013431013432,0.017094017094017096,0.016361416361416362,0.0007326007326007326,102.94,-66.25,-8.56,C6
0.017826617826617826,0.01978021978021978,0.02197802197802198,0.020512820512820513,0.0004884004884004884,103.12,-74.06,-10.0,C6
0.01611721611721612,0.006593406593406593,0.012454212454212455,0.012698412698412698,0.0004884004884004884,104.5,-77.0,-7.19,C6
0.004151404151404151,0.01611721611721612,0.0017094017094017094,0.001221001221001221,0.0004884004884004884,104.94,-76.69,-5.87,C6
0.00927960927960928,0.03296703296703297,0.014896214896214897,0.011477411477411478,0.0004884004884004884,104.94,-75.94,-4.81,C6
0.01855921855921856,0.04468864468864469,0.02442002442002442,0.01855921855921856,0.0004884004884004884,103.5,-70.62,-5.87,C6
0.025152625152625153,0.05299145299145299,0.03076923076923077,0.023687423687423687,0.0004884004884004884,102.69,-62.44,-7.69,C6
0.02442002442002442,0.05201465201465202,0.029792429792429794,0.022466422466422466,0.0004884004884004884,102.75,-59.75,-7.44,C6
0.012698412698412698,0.03467643467643468,0.018070818070818073,0.013431013431013432,0.0004884004884004884,102.94,-59.56,-8.63,C6
0.0017094017094017094,0.012942612942612943,0.002686202686202686,0.001221001221001221,0.0004884004884004884,102.87,-59.38,-8.63,C6
0.006105006105006105,0.003418803418803419,0.009035409035409036,0.008791208791208791,0.0004884004884004884,102.25,-60.75,-9.88,C6
0.011477411477411478,0.014652014652014652,0.01733821733821734,0.015873015873015872,0.0004884004884004884,102.62,-65.44,-11.25,C6
0.012942612942612943,0.02271062271062271,0.0231990231990232,0.020757020757020756,0.0004884004884004884,104.12,-70.25,-8.56,C6
0.005616605616605617,0.006593406593406593,0.013675213675213675,0.01098901098901099,0.0004884004884004884,105.0,-72.31,-6.94,C6
0.007814407814407814,0.016361416361416362,0.0009768009768009768,0.005372405372405372,0.0004884004884004884,105.12,-72.5,-6.31,C6
0.01733821733821734,0.032722832722832725,0.013186813186813187,0.01684981684981685,0.0004884004884004884,104.87,-71.87,-5.62,C6
0.023931623931623933,0.04395604395604396,0.021733821733821733,0.02490842490842491,0.0004884004884004884,103.25,-64.94,-7.19,C6
0.02735042735042735,0.04932844932844933,0.02783882783882784,0.027106227106227107,0.0004884004884004884,103.19,-58.31,-7.56,C6
0.02148962148962149,0.04297924297924298,0.023687423687423687,0.022466422466422466,0.0007326007326007326,102.75,-57.69,-8.19,C6
0.008791208791208791,0.01978021978021978,0.008791208791208791,0.009523809523809525,0.0014652014652014652,102.56,-57.63,-8.31,C6
0.0007326007326007326,0.0002442002442002442,0.005128205128205128,0.0029304029304029304,0.0019536019536019536,102.31,-58.06,-8.5,C6
0.007326007326007326,0.013431013431013432,0.014896214896214897,0.011721611721611722,0.002442002442002442,102.06,-61.94,-10.31,C6
0.011965811965811967,0.0231990231990232,0.021733821733821733,0.017826617826617826,0.0014652014652014652,103.37,-67.81,-9.25,C6
0.00927960927960928,0.018315018315018316,0.018070818070818073,0.015384615384615385,0.0009768009768009768,104.56,-71.56,-6.87,C6
0.002442002442002442,0.005860805860805861,0.002686202686202686,0.001221001221001221,0.0004884004884004884,105.31,-72.19,-5.25,C6
0.013431013431013432,0.02490842490842491,0.014163614163614164,0.009523809523809525,0.0,104.94,-71.62,-4.75,C6
0.020757020757020756,0.0380952380952381,0.02564102564102564,0.017094017094017096,0.0,103.37,-64.62,-5.94,C6
0.02612942612942613,0.04737484737484737,0.03394383394383394,0.022222222222222223,0.0002442002442002442,102.94,-58.0,-6.94,C6
0.02271062271062271,0.04395604395604396,0.031013431013431014,0.01978021978021978,0.0002442002442002442,102.62,-57.75,-7.87,C6
0.010500610500610501,0.02148962148962149,0.016361416361416362,0.007814407814407814,0.0002442002442002442,102.56,-57.75,-8.0,C6
0.0002442002442002442,0.0014652014652014652,0.001221001221001221,0.004395604395604396,0.0002442002442002442,102.5,-57.75,-7.94,C6
0.006837606837606838,0.012698412698412698,0.010012210012210013,0.013675213675213675,0.0002442002442002442,101.94,-58.56,-8.44,C6
0.011965811965811967,0.022466422466422466,0.017826617826617826,0.02026862026862027,0.0002442002442002442,102.37,-61.94,-9.13,C6
0.01391941391941392,0.02905982905982906,0.0231990231990232,0.02490842490842491,0.0002442002442002442,103.94,-67.56,-6.44,C6
0.007081807081807082,0.016605616605616606,0.014407814407814409,0.016605616605616606,0.0004884004884004884,105.06,-72.12,-2.25,C6
0.006593406593406593,0.009768009768009768,0.002197802197802198,0.001221001221001221,0.0004884004884004884,105.06,-73.31,-0.31,C6
0.016605616605616606,0.028083028083028084,0.018070818070818073,0.009768009768009768,0.0004884004884004884,104.5,-71.94,-0.31,C6
0.023687423687423687,0.041025641025641026,0.029304029304029304,0.01733821733821734,0.0004884004884004884,103.25,-64.69,-0.25,C6
0.02857142857142857,0.04957264957264957,0.03711843711843712,0.02197802197802198,0.0004884004884004884,102.06,-58.56,-2.25,C6
0.02783882783882784,0.04810744810744811,0.035897435897435895,0.020512820512820513,0.0004884004884004884,101.87,-57.44,-3.0,C6
0.018803418803418803,0.03076923076923077,0.023443223443223443,0.01098901098901099,0.0004884004884004884,101.56,-57.63,-3.12,C6
0.007081807081807082,0.009768009768009768,0.007814407814407814,0.0009768009768009768,0.0004884004884004884,101.56,-57.5,-3.06,C6
0.0014652014652014652,0.006593406593406593,0.005128205128205128,0.011477411477411478,0.0004884004884004884,101.25,-57.69,-3.06,C6
0.00757020757020757,0.018070818070818073,0.014163614163614164,0.018803418803418803,0.0007326007326007326,100.44,-58.75,-3.56,C6
0.011721611721611722,0.02612942612942613,0.020512820512820513,0.023931623931623933,0.0014652014652014652,100.5,-61.31,-2.56,C6
0.01098901098901099,0.030036630036630037,0.024664224664224663,0.026862026862026864,0.0009768009768009768,100.06,-66.44,0.0,C6
0.004151404151404151,0.01391941391941392,0.014896214896214897,0.016605616605616606,0.0004884004884004884,100.06,-70.31,5.31,C6
0.007081807081807082,0.011721611721611722,0.0009768009768009768,0.001221001221001221,0.0002442002442002442,99.5,-70.81,8.75,C6
0.01514041514041514,0.029792429792429794,0.01562881562881563,0.013675213675213675,0.0,99.37,-70.25,11.0,C6
0.020757020757020756,0.042735042735042736,0.025885225885225887,0.022466422466422466,0.0,98.19,-67.06,8.5,C6
0.02442002442002442,0.051526251526251524,0.03321123321123321,0.028327228327228327,0.0002442002442002442,97.06,-60.38,1.25,C6
0.022222222222222223,0.051770451770451774,0.031746031746031744,0.027106227106227107,0.0002442002442002442,97.62,-58.19,-1.19,C6
0.01098901098901099,0.03199023199023199,0.018803418803418803,0.016361416361416362,0.0002442002442002442,98.19,-57.81,-2.62,C6
0.0,0.00927960927960928,0.002686202686202686,0.002442002442002442,0.0007326007326007326,98.75,-58.13,-3.62,C6
0.00757020757020757,0.007081807081807082,0.009768009768009768,0.009035409035409036,0.0014652014652014652,99.25,-59.13,-4.56,C6
0.012942612942612943,0.01855921855921856,0.01855921855921856,0.017094017094017096,0.002197802197802198,99.94,-61.81,-6.06,C6
0.01562881562881563,0.026373626373626374,0.024664224664224663,0.02271062271062271,0.0014652014652014652,99.69,-67.12,-4.94,C6
0.014163614163614164,0.026373626373626374,0.02564102564102564,0.022466422466422466,0.0007326007326007326,99.87,-70.75,-0.31,C6
0.006349206349206349,0.00463980463980464,0.012942612942612943,0.010256410256410256,0.0004884004884004884,100.94,-72.12,2.81,C6
0.005860805860805861,0.01904761904761905,0.0031746031746031746,0.006837606837606838,0.0002442002442002442,101.5,-72.0,5.25,C6
0.015384615384615385,0.036874236874236875,0.017582417582417582,0.018803418803418803,0.0,102.0,-72.56,6.37,C6
0.02197802197802198,0.04932844932844933,0.02783882783882784,0.027106227106227107,0.0,100.69,-67.75,3.25,C6
0.026617826617826617,0.05811965811965812,0.03492063492063492,0.03223443223443224,0.0002442002442002442,100.19,-60.0,-1.31,C6
0.02442002442002442,0.05567765567765568,0.03296703296703297,0.029792429792429794,0.0002442002442002442,100.12,-58.69,-1.44,C6
0.012454212454212455,0.03199023199023199,0.018315018315018316,0.01733821733821734,0.0002442002442002442,100.25,-58.75,-1.31,C6
0.0014652014652014652,0.009523809523809525,0.002686202686202686,0.003418803418803419,0.0002442002442002442,100.19,-59.13,-1.37,C6
0.005860805860805861,0.006105006105006105,0.00805860805860806,0.006105006105006105,0.0002442002442002442,100.69,-62.94,-2.37,C6
0.011233211233211233,0.017094017094017096,0.01562881562881563,0.012698412698412698,0.0002442002442002442,102.0,-69.19,1.31,C6
0.008791208791208791,0.015873015873015872,0.014407814407814409,0.011965811965811967,0.0002442002442002442,102.19,-71.87,4.19,C6
0.0004884004884004884,0.00757020757020757,0.0014652014652014652,0.0009768009768009768,0.0004884004884004884,102.56,-72.56,5.5,C6
0.008547008547008548,0.025396825396825397,0.014896214896214897,0.011477411477411478,0.0004884004884004884,103.37,-71.62,6.25,C6
0.014163614163614164,0.03785103785103785,0.02612942612942613,0.018803418803418803,0.0004884004884004884,104.0,-70.5,6.62,C6
0.018315018315018316,0.0463980463980464,0.03418803418803419,0.023931623931623933,0.0004884004884004884,102.81,-64.69,2.25,C6
0.020024420024420026,0.050793650793650794,0.03833943833943834,0.025396825396825397,0.0004884004884004884,102.75,-60.31,-1.31,C6
0.015384615384615385,0.04542124542124542,0.03394383394383394,0.02197802197802198,0.0004884004884004884,103.56,-59.94,-1.94,C6
0.003418803418803419,0.02197802197802198,0.018803418803418803,0.010744810744810745,0.0004884004884004884,103.5,-59.25,-2.0,C6
0.006105006105006105,0.0009768009768009768,0.0029304029304029304,0.0014652014652014652,0.0004884004884004884,103.12,-59.69,-3.0,C6
0.012942612942612943,0.01391941391941392,0.009768009768009768,0.01221001221001221,0.0007326007326007326,102.94,-60.81,-3.5,C6
0.017582417582417582,0.024175824175824177,0.01855921855921856,0.019536019536019536,0.0014652014652014652,103.94,-65.87,-3.81,C6
0.020024420024420026,0.0315018315018315,0.024664224664224663,0.02490842490842491,0.0007326007326007326,104.12,-71.0,-1.0,C6
0.015384615384615385,0.020757020757020756,0.018315018315018316,0.018070818070818073,0.0004884004884004884,104.94,-73.25,3.31,C6
0.003418803418803419,0.005616605616605617,0.0029304029304029304,0.002197802197802198,0.0,105.12,-72.25,4.12,C6
0.00805860805860806,0.025885225885225887,0.01391941391941392,0.010256410256410256,0.0,105.06,-72.19,4.81,C6
0.015873015873015872,0.040293040293040296,0.025885225885225887,0.01904761904761905,0.0002442002442002442,103.87,-69.0,2.81,C6
0.02148962148962149,0.050061050061050064,0.03418803418803419,0.025152625152625153,0.0002442002442002442,103.56,-60.69,-1.5,C6
0.020512820512820513,0.05054945054945055,0.034432234432234435,0.02442002442002442,0.0004884004884004884,103.75,-59.31,-2.62,C6
0.008791208791208791,0.02783882783882784,0.020024420024420026,0.012698412698412698,0.0004884004884004884,103.5,-59.31,-2.69,C6
0.0009768009768009768,0.006105006105006105,0.004151404151404151,0.0002442002442002442,0.0004884004884004884,103.06,-60.69,-3.44,C6
0.007814407814407814,0.009035409035409036,0.006837606837606838,0.00927960927960928,0.0004884004884004884,103.37,-64.19,-4.56,C6
0.012698412698412698,0.019536019536019536,0.014652014652014652,0.01562881562881563,0.0004884004884004884,103.62,-69.5,-5.19,C6
0.010500610500610501,0.017094017094017096,0.011721611721611722,0.012454212454212455,0.0004884004884004884,104.44,-75.69,-3.44,C6
0.0014652014652014652,0.00463980463980464,0.001221001221001221,0.0004884004884004884,0.0004884004884004884,105.12,-77.31,-1.81,C6
0.011233211233211233,0.025885225885225887,0.018315018315018316,0.013675213675213675,0.0004884004884004884,105.44,-76.62,-0.5,C6
0.02026862026862027,0.04053724053724054,0.03028083028083028,0.02271062271062271,0.0004884004884004884,105.44,-74.25,0.75,C6
0.026373626373626374,0.05103785103785104,0.038583638583638585,0.02905982905982906,0.0004884004884004884,104.31,-69.31,0.0,C6
0.028815628815628817,0.05518925518925519,0.042002442002442006,0.03076923076923077,0.0004884004884004884,104.37,-62.13,-1.94,C6
0.025885225885225887,0.051526251526251524,0.038583638583638585,0.027594627594627594,0.0004884004884004884,104.44,-59.56,-2.94,C6
0.01391941391941392,0.029304029304029304,0.023931623931623933,0.01562881562881563,0.0004884004884004884,104.25,-60.0,-3.62,C6
0.005616605616605617,0.013675213675213675,0.009768009768009768,0.005372405372405372,0.0004884004884004884,104.06,-63.13,-5.19,C6
0.0,0.002686202686202686,0.0,0.0019536019536019536,0.0004884004884004884,104.87,-68.06,-5.44,C6
0.0029304029304029304,0.003663003663003663,0.006837606837606838,0.006837606837606838,0.0004884004884004884,105.31,-72.19,-6.0,C6
0.002686202686202686,0.01391941391941392,0.0019536019536019536,0.0009768009768009768,0.0004884004884004884,106.31,-72.5,-4.56,C6
0.010012210012210013,0.030525030525030524,0.013431013431013432,0.010500610500610501,0.0004884004884004884,107.31,-71.5,-4.81,C6
0.01514041514041514,0.04224664224664225,0.02148962148962149,0.017094017094017096,0.0004884004884004884,105.94,-67.0,-4.75,C6
0.018803418803418803,0.05030525030525031,0.02735042735042735,0.02197802197802198,0.0004884004884004884,106.0,-58.81,-6.31,C6
0.01611721611721612,0.04835164835164835,0.024664224664224663,0.01978021978021978,0.0004884004884004884,106.62,-56.5,-6.31,C6
0.005128205128205128,0.02783882783882784,0.010744810744810745,0.009035409035409036,0.0004884004884004884,106.94,-56.31,-6.44,C6
0.005128205128205128,0.005128205128205128,0.00463980463980464,0.003907203907203907,0.0004884004884004884,106.94,-56.31,-6.56,C6
0.01221001221001221,0.010744810744810745,0.01562881562881563,0.012698412698412698,0.0004884004884004884,106.87,-60.38,-8.88,C6
0.01733821733821734,0.021733821733821733,0.0231990231990232,0.01904761904761905,0.0004884004884004884,107.25,-67.19,-9.0,C6
0.01562881562881563,0.019291819291819293,0.02148962148962149,0.01733821733821734,0.0004884004884004884,108.56,-72.06,-8.31,C6
0.005128205128205128,0.005860805860805861,0.006837606837606838,0.002197802197802198,0.0004884004884004884,109.37,-73.19,-7.12,C6
0.006837606837606838,0.027594627594627594,0.009523809523809525,0.010744810744810745,0.0004884004884004884,110.12,-73.12,-5.75,C6
0.015384615384615385,0.042735042735042736,0.020757020757020756,0.01978021978021978,0.0004884004884004884,109.75,-72.12,-5.62,C6
0.021245421245421246,0.053235653235653234,0.028815628815628817,0.02612942612942613,0.0004884004884004884,108.81,-62.94,-8.63,C6
0.022954822954822957,0.05641025641025641,0.03223443223443224,0.026617826617826617,0.0004884004884004884,109.37,-57.13,-7.69,C6
0.014652014652014652,0.0442002442002442,0.023687423687423687,0.020024420024420026,0.0004884004884004884,109.06,-57.0,-8.69,C6
0.002686202686202686,0.01904761904761905,0.006837606837606838,0.00757020757020757,0.0004884004884004884,109.0,-57.06,-8.75,C6
0.005616605616605617,0.001221001221001221,0.004884004884004884,0.001221001221001221,0.0004884004884004884,108.56,-59.0,-9.5,C6
0.011477411477411478,0.01098901098901099,0.013186813186813187,0.00757020757020757,0.0004884004884004884,108.87,-63.88,-10.63,C6
0.011721611721611722,0.016361416361416362,0.017826617826617826,0.011477411477411478,0.0004884004884004884,109.87,-68.44,-9.5,C6
0.004395604395604396,0.0019536019536019536,0.007814407814407814,0.003663003663003663,0.0004884004884004884,110.62,-70.94,-8.0,C6
0.005860805860805861,0.022222222222222223,0.007081807081807082,0.00757020757020757,0.0004884004884004884,111.19,-71.75,-6.25,C6
0.013186813186813187,0.036141636141636145,0.017582417582417582,0.015384615384615385,0.0004884004884004884,109.94,-66.5,-6.0,C6
0.018315018315018316,0.04590964590964591,0.02490842490842491,0.020757020757020756,0.0004884004884004884,109.25,-60.19,-7.81,C6
0.018803418803418803,0.046886446886446886,0.025396825396825397,0.019291819291819293,0.0004884004884004884,109.62,-58.44,-7.81,C6
0.008791208791208791,0.028815628815628817,0.014163614163614164,0.009768009768009768,0.0004884004884004884,109.87,-57.75,-7.87,C6
0.0014652014652014652,0.007081807081807082,0.0009768009768009768,0.0019536019536019536,0.0004884004884004884,109.31,-57.81,-8.44,C6
0.008791208791208791,0.00805860805860806,0.011477411477411478,0.010012210012210013,0.0004884004884004884,109.06,-61.06,-9.38,C6
0.01391941391941392,0.01855921855921856,0.01904761904761905,0.015873015873015872,0.0004884004884004884,110.31,-67.06,-7.87,C6
0.011477411477411478,0.01391941391941392,0.017094017094017096,0.014896214896214897,0.0004884004884004884,111.5,-70.56,-5.87,C6
0.0002442002442002442,0.011233211233211233,0.0004884004884004884,0.0002442002442002442,0.0004884004884004884,112.25,-71.81,-3.75,C6
0.007326007326007326,0.02905982905982906,0.012942612942612943,0.010012210012210013,0.0004884004884004884,111.31,-67.87,-4.06,C6
0.012942612942612943,0.04126984126984127,0.02148962148962149,0.017094017094017096,0.0004884004884004884,110.25,-61.75,-6.69,C6
0.016605616605616606,0.046886446886446886,0.027106227106227107,0.01978021978021978,0.0004884004884004884,110.37,-59.25,-7.06,C6
0.010012210012210013,0.03223443223443224,0.01978021978021978,0.013431013431013432,0.0004884004884004884,110.12,-58.75,-7.12,C6
0.002197802197802198,0.011721611721611722,0.006349206349206349,0.002197802197802198,0.0004884004884004884,109.31,-61.56,-8.63,C6
0.0031746031746031746,0.0029304029304029304,0.0031746031746031746,0.005616605616605617,0.0004884004884004884,109.81,-65.94,-8.44,C6
0.007081807081807082,0.012942612942612943,0.009768009768009768,0.01098901098901099,0.0004884004884004884,111.19,-71.31,-6.5,C6
0.0019536019536019536,0.00757020757020757,0.0014652014652014652,0.003907203907203907,0.0004884004884004884,112.06,-72.87,-4.94,C6
0.009768009768009768,0.02857142857142857,0.01855921855921856,0.008547008547008548,0.0004884004884004884,111.44,-71.19,-3.25,C6
0.017826617826617826,0.04322344322344322,0.030525030525030524,0.01733821733821734,0.0004884004884004884,109.75,-63.75,-3.44,C6
0.023687423687423687,0.05372405372405373,0.03882783882783883,0.023687423687423687,0.0004884004884004884,108.75,-59.81,-5.19,C6
0.02148962148962149,0.050061050061050064,0.035897435897435895,0.02148962148962149,0.0004884004884004884,108.69,-59.81,-5.75,C6
0.011965811965811967,0.02783882783882784,0.022466422466422466,0.01098901098901099,0.0004884004884004884,108.12,-60.88,-5.94,C6
0.005372405372405372,0.012454212454212455,0.013186813186813187,0.003418803418803419,0.0004884004884004884,108.19,-64.44,-5.31,C6
0.0004884004884004884,0.0014652014652014652,0.006837606837606838,0.0017094017094017094,0.0004884004884004884,109.81,-68.0,-2.69,C6
0.0004884004884004884,0.006105006105006105,0.00757020757020757,0.0004884004884004884,0.0004884004884004884,110.44,-69.69,-1.12,C6
0.010256410256410256,0.028083028083028084,0.018315018315018316,0.012942612942612943,0.0004884004884004884,110.75,-69.62,0.37,C6
0.017094017094017096,0.04371184371184371,0.02564102564102564,0.021733821733821733,0.0004884004884004884,109.37,-67.19,1.0,C6
0.02197802197802198,0.0547008547008547,0.03076923076923077,0.02783882783882784,0.0004884004884004884,107.31,-60.06,-1.19,C6
0.022954822954822957,0.05567765567765568,0.03223443223443224,0.027594627594627594,0.0004884004884004884,106.94,-58.19,-0.06,C6
0.013675213675213675,0.035897435897435895,0.020757020757020756,0.017826617826617826,0.0004884004884004884,106.31,-58.19,0.56,C6
0.0029304029304029304,0.012698412698412698,0.005372405372405372,0.00463980463980464,0.0004884004884004884,105.81,-58.88,0.0,C6
0.00463980463980464,0.003663003663003663,0.007081807081807082,0.006593406593406593,0.0004884004884004884,105.31,-60.69,-0.75,C6
0.009768009768009768,0.01514041514041514,0.015873015873015872,0.014407814407814409,0.0004884004884004884,105.69,-63.81,0.13,C6
0.012942612942612943,0.0231990231990232,0.022222222222222223,0.01978021978021978,0.0004884004884004884,107.31,-68.44,3.25,C6
0.007814407814407814,0.01098901098901099,0.017582417582417582,0.01391941391941392,0.0004884004884004884,108.81,-71.62,7.75,C6
0.0029304029304029304,0.014163614163614164,0.0019536019536019536,0.002197802197802198,0.0004884004884004884,109.31,-70.31,8.75,C6
0.011965811965811967,0.0336996336996337,0.016605616605616606,0.013675213675213675,0.0004884004884004884,108.62,-69.0,8.25,C6
0.018070818070818073,0.04737484737484737,0.029792429792429794,0.02197802197802198,0.0004884004884004884,106.25,-63.56,3.37,C6
0.022466422466422466,0.0568986568986569,0.03882783882783883,0.027594627594627594,0.0004884004884004884,105.56,-62.5,0.81,C6
0.018315018315018316,0.05103785103785104,0.03540903540903541,0.024175824175824177,0.0004884004884004884,106.37,-63.38,-1.12,C6
0.008302808302808303,0.027594627594627594,0.02197802197802198,0.013675213675213675,0.0004884004884004884,106.37,-63.75,-1.75,C6
0.0002442002442002442,0.007814407814407814,0.00757020757020757,0.002197802197802198,0.0004884004884004884,105.87,-64.62,-1.94,C6
0.005372405372405372,0.006105006105006105,0.002442002442002442,0.005860805860805861,0.0004884004884004884,106.62,-66.87,-0.94,C6
0.009035409035409036,0.015873015873015872,0.009523809523809525,0.011477411477411478,0.0007326007326007326,107.81,-70.37,2.12,C6
0.00463980463980464,0.0014652014652014652,0.0007326007326007326,0.0029304029304029304,0.0014652014652014652,108.56,-71.94,4.87,C6
0.006349206349206349,0.021733821733821733,0.013675213675213675,0.01098901098901099,0.0009768009768009768,109.31,-71.69,6.12,C6
0.014163614163614164,0.03785103785103785,0.02564102564102564,0.021001221001221003,0.0004884004884004884,108.94,-70.56,5.87,C6
0.019536019536019536,0.04932844932844933,0.03418803418803419,0.02783882783882784,0.0002442002442002442,107.56,-66.75,2.12,C6
0.022222222222222223,0.05518925518925519,0.040293040293040296,0.031013431013431014,0.0,107.19,-62.13,-1.44,C6
0.018803418803418803,0.05347985347985348,0.0380952380952381,0.028815628815628817,0.0,107.5,-61.63,-3.62,C6
0.008547008547008548,0.034432234432234435,0.025152625152625153,0.018803418803418803,0.0009768009768009768,107.44,-61.63,-5.19,C6
0.0017094017094017094,0.01098901098901099,0.008791208791208791,0.005616605616605617,0.0017094017094017094,107.06,-61.94,-5.06,C6
0.009035409035409036,0.005616605616605617,0.002686202686202686,0.003663003663003663,0.002197802197802198,106.69,-64.94,-6.31,C6
0.01391941391941392,0.017094017094017096,0.010744810744810745,0.010256410256410256,0.001221001221001221,106.75,-69.25,-4.25,C6
0.01391941391941392,0.021733821733821733,0.013431013431013432,0.012942612942612943,0.0007326007326007326,108.5,-71.62,-0.06,C6
0.00463980463980464,0.002442002442002442,0.0009768009768009768,0.0014652014652014652,0.0002442002442002442,109.19,-73.62,4.19,C6
0.00805860805860806,0.02564102564102564,0.015873015873015872,0.013186813186813187,0.0,109.44,-73.06,3.75,C6
0.01684981684981685,0.042002442002442006,0.029548229548229547,0.023443223443223443,0.0002442002442002442,109.87,-71.25,3.37,C6
0.022954822954822957,0.05347985347985348,0.03907203907203907,0.030525030525030524,0.0002442002442002442,108.62,-66.31,1.19,C6
0.025885225885225887,0.058363858363858365,0.04566544566544566,0.033455433455433455,0.0004884004884004884,109.12,-58.44,0.44,C6
0.021733821733821733,0.054945054945054944,0.04224664224664225,0.03028083028083028,0.0004884004884004884,109.62,-58.38,-0.37,C6
0.00927960927960928,0.031746031746031744,0.02857142857142857,0.01978021978021978,0.0004884004884004884,109.94,-59.19,-1.62,C6
0.0007326007326007326,0.009768009768009768,0.011721611721611722,0.007081807081807082,0.0004884004884004884,109.62,-61.81,-3.5,C6
0.005372405372405372,0.005616605616605617,0.0,0.0019536019536019536,0.0004884004884004884,109.94,-67.19,-5.19,C6
0.009523809523809525,0.016361416361416362,0.008302808302808303,0.00805860805860806,0.0004884004884004884,110.5,-72.81,-4.75,C6
0.00463980463980464,0.005128205128205128,0.002442002442002442,0.003907203907203907,0.0004884004884004884,111.75,-75.12,-1.12,C6
0.005128205128205128,0.01733821733821734,0.010744810744810745,0.00805860805860806,0.0017094017094017094,112.0,-75.31,0.13,C6
0.013431013431013432,0.03565323565323565,0.024664224664224663,0.017094017094017096,0.002442002442002442,111.75,-74.87,0.75,C6
0.019291819291819293,0.04835164835164835,0.03467643467643468,0.023687423687423687,0.0029304029304029304,109.94,-71.81,-1.25,C6
0.023443223443223443,0.057387057387057384,0.04151404151404151,0.028083028083028084,0.003418803418803419,109.06,-64.87,-5.12,C6
0.021733821733821733,0.0568986568986569,0.041025641025641026,0.026862026862026864,0.003663003663003663,109.0,-63.5,-5.87,C6
0.01098901098901099,0.03882783882783883,0.029548229548229547,0.018070818070818073,0.003907203907203907,109.19,-64.0,-7.5,C6
0.0002442002442002442,0.015384615384615385,0.013186813186813187,0.005860805860805861,0.004151404151404151,109.25,-64.06,-8.0,C6
0.007814407814407814,0.001221001221001221,0.0007326007326007326,0.0029304029304029304,0.0031746031746031746,109.12,-66.06,-9.75,C6
0.013431013431013432,0.012942612942612943,0.00805860805860806,0.00927960927960928,0.002442002442002442,109.44,-69.25,-11.5,C6
0.014163614163614164,0.02026862026862027,0.014163614163614164,0.013431013431013432,0.0017094017094017094,110.06,-73.81,-8.75,C6
0.007081807081807082,0.0029304029304029304,0.004884004884004884,0.004395604395604396,0.002442002442002442,110.44,-75.62,-8.06,C6
0.005372405372405372,0.019536019536019536,0.009768009768009768,0.009768009768009768,0.0031746031746031746,110.12,-75.0,-8.06,C6
0.014163614163614164,0.03540903540903541,0.020512820512820513,0.01978021978021978,0.003418803418803419,109.75,-74.31,-8.5,C6
0.020512820512820513,0.0463980463980464,0.028327228327228327,0.026617826617826617,0.003663003663003663,108.06,-69.37,-9.44,C6
0.02442002442002442,0.052503052503052504,0.033455433455433455,0.028815628815628817,0.003907203907203907,106.37,-64.75,-12.5,C6
0.021001221001221003,0.04713064713064713,0.030036630036630037,0.025396825396825397,0.0029304029304029304,107.06,-63.88,-11.25,C6
0.00927960927960928,0.024175824175824177,0.015384615384615385,0.014163614163614164,0.002197802197802198,106.87,-63.81,-11.13,C6
0.0019536019536019536,0.002197802197802198,0.0007326007326007326,0.0009768009768009768,0.0017094017094017094,106.56,-63.63,-11.06,C6
0.009768009768009768,0.013186813186813187,0.013186813186813187,0.009768009768009768,0.001221001221001221,106.44,-65.0,-13.19,C6
0.01514041514041514,0.023931623931623933,0.02197802197802198,0.017094017094017096,0.0009768009768009768,106.75,-68.56,-16.81,C6
0.017094017094017096,0.03076923076923077,0.028327228327228327,0.022466422466422466,0.0007326007326007326,107.69,-72.56,-15.38,C6
0.01098901098901099,0.016605616605616606,0.019536019536019536,0.014407814407814409,0.0007326007326007326,108.94,-75.69,-13.19,C6
0.001221001221001221,0.009035409035409036,0.0029304029304029304,0.0009768009768009768,0.0019536019536019536,109.5,-76.31,-11.81,C6
0.012454212454212455,0.029792429792429794,0.01514041514041514,0.013186813186813187,0.002686202686202686,109.56,-75.94,-10.75,C6
0.02026862026862027,0.044444444444444446,0.02783882783882784,0.021733821733821733,0.0031746031746031746,107.94,-72.69,-9.56,C6
0.025885225885225887,0.05445665445665446,0.036874236874236875,0.02783882783882784,0.003663003663003663,106.87,-66.06,-11.56,C6
0.025396825396825397,0.0547008547008547,0.03736263736263736,0.026862026862026864,0.003907203907203907,107.5,-62.63,-10.5,C6
0.01611721611721612,0.04078144078144078,0.02783882783882784,0.01855921855921856,0.003907203907203907,107.62,-62.5,-10.44,C6
0.003663003663003663,0.016605616605616606,0.010500610500610501,0.004884004884004884,0.0029304029304029304,107.25,-62.69,-10.88,C6
0.004884004884004884,0.0002442002442002442,0.0019536019536019536,0.004884004884004884,0.002197802197802198,107.12,-64.56,-12.25,C6
0.01098901098901099,0.01221001221001221,0.010500610500610501,0.011477411477411478,0.0029304029304029304,107.69,-67.44,-12.38,C6
0.01221001221001221,0.01904761904761905,0.016605616605616606,0.01562881562881563,0.002197802197802198,108.5,-71.0,-8.5,C6
0.005616605616605617,0.001221001221001221,0.008302808302808303,0.008302808302808303,0.0029304029304029304,109.44,-73.44,-5.25,C6
0.005860805860805861,0.020757020757020756,0.005860805860805861,0.005372405372405372,0.003418803418803419,110.25,-74.19,-3.56,C6
0.015384615384615385,0.03638583638583639,0.019291819291819293,0.014896214896214897,0.003663003663003663,110.25,-74.25,-3.19,C6
0.02197802197802198,0.04737484737484737,0.02857142857142857,0.021733821733821733,0.003907203907203907,108.56,-71.25,-4.25,C6
0.026862026862026864,0.054945054945054944,0.035164835164835165,0.026373626373626374,0.003907203907203907,107.81,-65.94,-6.81,C6
0.02490842490842491,0.05396825396825397,0.0336996336996337,0.02442002442002442,0.004151404151404151,107.25,-62.25,-7.12,C6
0.01733821733821734,0.04297924297924298,0.023687423687423687,0.01611721611721612,0.004151404151404151,107.12,-62.69,-7.87,C6
0.005372405372405372,0.01978021978021978,0.007326007326007326,0.003663003663003663,0.004151404151404151,106.87,-63.0,-8.31,C6
0.002686202686202686,0.0007326007326007326,0.00757020757020757,0.00805860805860806,0.004151404151404151,106.69,-64.62,-9.25,C6
0.008547008547008548,0.012698412698412698,0.018070818070818073,0.016361416361416362,0.004151404151404151,106.44,-66.12,-8.75,C6
0.012454212454212455,0.02197802197802198,0.025396825396825397,0.02197802197802198,0.004151404151404151,107.0,-69.81,-6.06,C6
0.007814407814407814,0.010500610500610501,0.01904761904761905,0.016605616605616606,0.004151404151404151,108.94,-73.75,-3.06,C6
0.003663003663003663,0.013186813186813187,0.0031746031746031746,0.0014652014652014652,0.004151404151404151,109.81,-74.25,-1.25,C6
0.01514041514041514,0.031746031746031744,0.014652014652014652,0.011233211233211233,0.004151404151404151,109.87,-73.75,-0.69,C6
0.0231990231990232,0.04468864468864469,0.026862026862026864,0.020024420024420026,0.004151404151404151,108.75,-72.37,-1.94,C6
0.028815628815628817,0.05396825396825397,0.03565323565323565,0.026373626373626374,0.004151404151404151,107.75,-67.5,-7.19,C6
0.02905982905982906,0.05543345543345543,0.03736263736263736,0.026617826617826617,0.004151404151404151,108.12,-64.62,-8.0,C6
0.021733821733821733,0.04590964590964591,0.03028083028083028,0.021245421245421246,0.004151404151404151,108.19,-64.31,-8.69,C6
0.00927960927960928,0.022222222222222223,0.01562881562881563,0.010256410256410256,0.004151404151404151,107.69,-64.25,-9.44,C6
0.0002442002442002442,0.0017094017094017094,0.0,0.0017094017094017094,0.004151404151404151,107.12,-64.81,-10.0,C6
0.006349206349206349,0.012698412698412698,0.010744810744810745,0.010012210012210013,0.004151404151404151,107.25,-69.25,-12.0,C6
0.010744810744810745,0.02271062271062271,0.018315018315018316,0.01562881562881563,0.004151404151404151,108.56,-74.5,-10.25,C6
0.005860805860805861,0.00927960927960928,0.011233211233211233,0.009768009768009768,0.004151404151404151,109.81,-78.0,-6.0,C6
0.005372405372405372,0.013186813186813187,0.0031746031746031746,0.003907203907203907,0.004395604395604396,110.44,-78.0,-2.81,C6
0.01562881562881563,0.03223443223443224,0.017826617826617826,0.01562881562881563,0.004395604395604396,110.31,-77.56,-2.56,C6
0.022954822954822957,0.04542124542124542,0.028083028083028084,0.023931623931623933,0.004395604395604396,109.87,-76.81,-2.5,C6
0.028083028083028084,0.0547008547008547,0.035164835164835165,0.029792429792429794,0.004395604395604396,108.19,-70.56,-7.94,C6
0.02905982905982906,0.057387057387057384,0.03736263736263736,0.03028083028083028,0.004395604395604396,107.81,-66.62,-8.56,C6
0.02148962148962149,0.04835164835164835,0.03076923076923077,0.02490842490842491,0.004395604395604396,107.31,-66.94,-9.88,C6
0.008547008547008548,0.02442002442002442,0.01562881562881563,0.012698412698412698,0.004395604395604396,106.94,-67.0,-10.31,C6
0.002197802197802198,0.0029304029304029304,0.0,0.0002442002442002442,0.004395604395604396,106.56,-66.94,-10.38,C6
0.009768009768009768,0.01221001221001221,0.010744810744810745,0.009035409035409036,0.004395604395604396,106.25,-67.94,-10.75,C6
0.014896214896214897,0.02271062271062271,0.01855921855921856,0.015384615384615385,0.004395604395604396,106.12,-69.25,-11.06,C6
0.016605616605616606,0.02271062271062271,0.018070818070818073,0.01562881562881563,0.004395604395604396,107.0,-72.62,-8.56,C6
0.009035409035409036,0.0,0.005860805860805861,0.004884004884004884,0.004395604395604396,108.19,-74.12,-5.62,C6
0.004884004884004884,0.021733821733821733,0.009523809523809525,0.009768009768009768,0.004395604395604396,108.62,-74.19,-4.5,C6
0.014407814407814409,0.03711843711843712,0.021245421245421246,0.02026862026862027,0.004395604395604396,108.56,-73.75,-3.31,C6
0.021245421245421246,0.04786324786324787,0.029548229548229547,0.02735042735042735,0.004395604395604396,107.31,-71.62,-4.87,C6
0.02564102564102564,0.052503052503052504,0.03540903540903541,0.03028083028083028,0.004395604395604396,106.19,-67.5,-8.63,C6
0.02442002442002442,0.050793650793650794,0.033455433455433455,0.02735042735042735,0.004395604395604396,106.62,-64.56,-7.75,C6
0.014652014652014652,0.03467643467643468,0.02271062271062271,0.01733821733821734,0.0031746031746031746,106.56,-64.12,-8.44,C6
0.002686202686202686,0.010500610500610501,0.006105006105006105,0.0031746031746031746,0.002442002442002442,105.81,-64.31,-8.88,C6
0.006349206349206349,0.00805860805860806,0.008547008547008548,0.00927960927960928,0.0017094017094017094,105.44,-64.44,-9.5,C6
0.012942612942612943,0.021001221001221003,0.01855921855921856,0.018070818070818073,0.0014652014652014652,105.19,-66.12,-10.69,C6
0.01733821733821734,0.030036630036630037,0.02564102564102564,0.023931623931623933,0.001221001221001221,105.81,-69.81,-14.06,C6
0.017826617826617826,0.035164835164835165,0.02905982905982906,0.02490842490842491,0.0009768009768009768,106.62,-73.5,-14.56,C6
0.012698412698412698,0.02442002442002442,0.01855921855921856,0.013431013431013432,0.0007326007326007326,107.75,-76.19,-12.81,C6
0.0014652014652014652,0.0009768009768009768,0.004151404151404151,0.00463980463980464,0.0007326007326007326,108.62,-77.69,-11.25,C6
0.00927960927960928,0.02197802197802198,0.00927960927960928,0.017094017094017096,0.0007326007326007326,108.75,-77.87,-10.0,C6
0.01684981684981685,0.03663003663003663,0.018803418803418803,0.025885225885225887,0.0007326007326007326,107.37,-76.19,-9.44,C6
0.02197802197802198,0.046886446886446886,0.025396825396825397,0.03199023199023199,0.0004884004884004884,105.87,-69.56,-12.63,C6
0.021733821733821733,0.04981684981684982,0.026617826617826617,0.03199023199023199,0.0004884004884004884,106.31,-64.62,-10.19,C6
0.012942612942612943,0.040293040293040296,0.018315018315018316,0.02442002442002442,0.0004884004884004884,106.0,-63.94,-9.88,C6
0.0009768009768009768,0.01611721611721612,0.002197802197802198,0.010744810744810745,0.0004884004884004884,105.75,-64.06,-10.06,C6
0.007326007326007326,0.0029304029304029304,0.011477411477411478,0.0017094017094017094,0.0004884004884004884,105.94,-64.5,-10.06,C6
0.013186813186813187,0.016361416361416362,0.021001221001221003,0.010256410256410256,0.0004884004884004884,105.94,-66.87,-11.06,C6
0.01611721611721612,0.02564102564102564,0.027594627594627594,0.016361416361416362,0.0004884004884004884,106.75,-71.12,-11.56,C6
0.012942612942612943,0.020757020757020756,0.022954822954822957,0.012698412698412698,0.0004884004884004884,107.62,-75.75,-9.69,C6
0.002442002442002442,0.00463980463980464,0.007326007326007326,0.0019536019536019536,0.0004884004884004884,108.31,-76.75,-7.5,C6
0.009768009768009768,0.025885225885225887,0.010744810744810745,0.01611721611721612,0.0004884004884004884,108.62,-76.75,-7.31,C6
0.018070818070818073,0.041025641025641026,0.023443223443223443,0.025885225885225887,0.0004884004884004884,107.37,-72.56,-7.44,C6
0.023931623931623933,0.051526251526251524,0.03223443223443224,0.032722832722832725,0.0004884004884004884,107.0,-64.87,-8.0,C6
0.024175824175824177,0.05299145299145299,0.03467643467643468,0.03223443223443224,0.0004884004884004884,107.06,-61.0,-7.06,C6
0.01562881562881563,0.03736263736263736,0.025152625152625153,0.0231990231990232,0.0004884004884004884,106.81,-60.56,-6.94,C6
0.004884004884004884,0.014652014652014652,0.009768009768009768,0.009768009768009768,0.0004884004884004884,106.69,-60.56,-7.12,C6
0.0029304029304029304,0.002442002442002442,0.0031746031746031746,0.0017094017094017094,0.0004884004884004884,106.5,-60.81,-7.44,C6
0.00805860805860806,0.014652014652014652,0.01221001221001221,0.009768009768009768,0.0004884004884004884,106.44,-62.69,-8.5,C6
0.011721611721611722,0.022954822954822957,0.018315018315018316,0.01562881562881563,0.0004884004884004884,106.69,-67.94,-9.56,C6
0.011477411477411478,0.020512820512820513,0.01684981684981685,0.012698412698412698,0.0004884004884004884,107.44,-72.62,-8.75,C6
0.0031746031746031746,0.002197802197802198,0.004884004884004884,0.0004884004884004884,0.0004884004884004884,108.31,-73.69,-7.31,C6
0.008547008547008548,0.022954822954822957,0.009035409035409036,0.013186813186813187,0.0004884004884004884,108.87,-73.75,-6.69,C6
0.016605616605616606,0.03736263736263736,0.01904761904761905,0.022466422466422466,0.0004884004884004884,107.62,-70.12,-6.37,C6
0.022222222222222223,0.047619047619047616,0.025885225885225887,0.02905982905982906,0.0004884004884004884,107.06,-63.31,-8.38,C6
0.021733821733821733,0.04835164835164835,0.026373626373626374,0.028327228327228327,0.0004884004884004884,107.19,-58.94,-6.44,C6
0.012942612942612943,0.03223443223443224,0.015873015873015872,0.018803418803418803,0.0004884004884004884,106.87,-58.94,-6.94,C6
0.001221001221001221,0.00927960927960928,0.0002442002442002442,0.004884004884004884,0.0007326007326007326,106.62,-58.88,-7.19,C6
0.007081807081807082,0.007081807081807082,0.013186813186813187,0.006105006105006105,0.0014652014652014652,106.25,-59.63,-7.62,C6
0.012698412698412698,0.01855921855921856,0.02197802197802198,0.01391941391941392,0.002197802197802198,106.44,-63.13,-9.56,C6
0.01611721611721612,0.026617826617826617,0.028327228327228327,0.019291819291819293,0.002442002442002442,107.25,-67.69,-9.94,C6
0.013431013431013432,0.02026862026862027,0.023443223443223443,0.014163614163614164,0.0029304029304029304,108.69,-70.5,-8.19,C6
0.003907203907203907,0.002197802197802198,0.010256410256410256,0.001221001221001221,0.0029304029304029304,109.69,-71.12,-5.62,C6
0.008302808302808303,0.022222222222222223,0.004884004884004884,0.012454212454212455,0.0031746031746031746,110.06,-70.94,-4.81,C6
0.016605616605616606,0.036141636141636145,0.01562881562881563,0.022222222222222223,0.003418803418803419,109.25,-68.94,-4.5,C6
0.022466422466422466,0.04590964590964591,0.022954822954822957,0.028815628815628817,0.003418803418803419,108.31,-62.25,-6.87,C6
0.023687423687423687,0.047619047619047616,0.02490842490842491,0.028327228327228327,0.002197802197802198,108.56,-58.63,-5.5,C6
0.014896214896214897,0.0315018315018315,0.014652014652014652,0.019291819291819293,0.002686202686202686,108.31,-58.44,-5.69,C6
0.0031746031746031746,0.009035409035409036,0.0009768009768009768,0.005860805860805861,0.0029304029304029304,108.06,-58.38,-5.81,C6
0.005128205128205128,0.006593406593406593,0.011965811965811967,0.003418803418803419,0.0031746031746031746,107.75,-60.25,-6.69,C6
0.010744810744810745,0.017582417582417582,0.01978021978021978,0.010012210012210013,0.0019536019536019536,108.56,-65.0,-7.12,C6
0.011965811965811967,0.02197802197802198,0.023931623931623933,0.013431013431013432,0.001221001221001221,110.25,-68.94,-4.19,C6
0.003418803418803419,0.003418803418803419,0.013431013431013432,0.0029304029304029304,0.0007326007326007326,111.37,-71.12,-1.31,C6
0.008791208791208791,0.01855921855921856,0.002197802197802198,0.01221001221001221,0.0002442002442002442,111.87,-71.56,0.13,C6
0.017826617826617826,0.03467643467643468,0.017582417582417582,0.022954822954822957,0.0,112.0,-71.31,0.37,C6
0.024175824175824177,0.04566544566544566,0.028327228327228327,0.03028083028083028,0.0002442002442002442,110.75,-68.56,-0.88,C6
0.02857142857142857,0.05372405372405373,0.035897435897435895,0.03467643467643468,0.0002442002442002442,109.12,-62.38,-4.5,C6
0.027594627594627594,0.052503052503052504,0.03540903540903541,0.03247863247863248,0.0002442002442002442,109.31,-58.06,-4.37,C6
0.017826617826617826,0.03565323565323565,0.024175824175824177,0.022466422466422466,0.0007326007326007326,108.87,-57.69,-4.81,C6
0.005860805860805861,0.011477411477411478,0.006837606837606838,0.008302808302808303,0.0014652014652014652,108.56,-57.69,-4.94,C6
0.0029304029304029304,0.006349206349206349,0.007326007326007326,0.003663003663003663,0.0019536019536019536,108.31,-58.06,-5.12,C6
0.009035409035409036,0.018803418803418803,0.017094017094017096,0.011965811965811967,0.002442002442002442,108.25,-59.69,-5.25,C6
0.013431013431013432,0.02735042735042735,0.023931623931623933,0.017582417582417582,0.002686202686202686,108.56,-64.19,-6.06,C6
0.013186813186813187,0.027594627594627594,0.02490842490842491,0.01684981684981685,0.0029304029304029304,109.31,-69.25,-3.94,C6
0.004151404151404151,0.003418803418803419,0.009768009768009768,0.0031746031746031746,0.0029304029304029304,110.19,-71.06,-1.87,C6
0.008302808302808303,0.02026862026862027,0.008547008547008548,0.012942612942612943,0.0031746031746031746,110.69,-71.31,-0.88,C6
0.017094017094017096,0.03663003663003663,0.021245421245421246,0.023931623931623933,0.0031746031746031746,109.87,-70.12,-1.69,C6
0.023443223443223443,0.04835164835164835,0.030036630036630037,0.031746031746031744,0.0031746031746031746,108.87,-63.13,-4.69,C6
0.025152625152625153,0.051770451770451774,0.033455433455433455,0.03223443223443224,0.0031746031746031746,109.19,-58.25,-4.06,C6
0.017582417582417582,0.0398046398046398,0.025152625152625153,0.024664224664224663,0.0031746031746031746,108.62,-58.56,-4.25,C6
0.005372405372405372,0.01514041514041514,0.008302808302808303,0.010256410256410256,0.0031746031746031746,108.5,-59.13,-4.62,C6
0.0031746031746031746,0.002686202686202686,0.005616605616605617,0.002197802197802198,0.0031746031746031746,108.0,-60.63,-5.37,C6
0.00927960927960928,0.015384615384615385,0.01562881562881563,0.010744810744810745,0.002197802197802198,108.56,-63.25,-6.0,C6
0.012942612942612943,0.024175824175824177,0.022466422466422466,0.01684981684981685,0.0014652014652014652,109.37,-68.25,-5.81,C6
0.011477411477411478,0.023443223443223443,0.021733821733821733,0.015384615384615385,0.0009768009768009768,110.75,-73.06,-0.69,C6
0.0029304029304029304,0.001221001221001221,0.008791208791208791,0.002686202686202686,0.0004884004884004884,111.44,-74.69,1.44,C6
0.010012210012210013,0.02197802197802198,0.008791208791208791,0.01221001221001221,0.0002442002442002442,111.75,-74.37,1.44,C6
0.01904761904761905,0.03833943833943834,0.02271062271062271,0.02271062271062271,0.0,111.87,-74.12,1.19,C6
0.025396825396825397,0.04981684981684982,0.03247863247863248,0.030036630036630037,0.0002442002442002442,110.87,-72.37,-0.19,C6
0.028815628815628817,0.05616605616605617,0.039316239316239315,0.0336996336996337,0.0002442002442002442,109.25,-66.0,-5.44,C6
0.028083028083028084,0.05567765567765568,0.03956043956043956,0.03247863247863248,0.0002442002442002442,108.94,-63.56,-7.31,C6
0.01855921855921856,0.041758241758241756,0.030525030525030524,0.024664224664224663,0.0002442002442002442,108.5,-63.5,-9.44,C6
0.006105006105006105,0.017094017094017096,0.013186813186813187,0.011721611721611722,0.0002442002442002442,108.19,-63.06,-9.38,C6
0.003907203907203907,0.003418803418803419,0.002197802197802198,0.0014652014652014652,0.0002442002442002442,107.62,-62.94,-9.38,C6
0.010744810744810745,0.017582417582417582,0.014163614163614164,0.011965811965811967,0.0002442002442002442,107.31,-63.44,-9.75,C6
0.01562881562881563,0.027594627594627594,0.022466422466422466,0.019291819291819293,0.0002442002442002442,107.37,-66.19,-10.88,C6
0.01684981684981685,0.034432234432234435,0.028327228327228327,0.02442002442002442,0.0002442002442002442,108.37,-71.94,-11.88,C6
0.010500610500610501,0.033455433455433455,0.02442002442002442,0.020024420024420026,0.0002442002442002442,110.12,-76.81,-10.63,C6
0.0,0.007326007326007326,0.009035409035409036,0.006105006105006105,0.0004884004884004884,111.25,-77.81,-9.69,C6
0.012454212454212455,0.018803418803418803,0.010500610500610501,0.00927960927960928,0.0004884004884004884,111.37,-77.25,-8.94,C6
0.021001221001221003,0.03711843711843712,0.02564102564102564,0.020024420024420026,0.0004884004884004884,111.5,-76.69,-8.13,C6
0.027106227106227107,0.050061050061050064,0.036141636141636145,0.027594627594627594,0.0004884004884004884,110.87,-75.62,-8.13,C6
0.029792429792429794,0.0568986568986569,0.043467643467643466,0.031013431013431014,0.0004884004884004884,108.62,-69.37,-10.25,C6
0.029548229548229547,0.059096459096459095,0.04664224664224664,0.030525030525030524,0.0004884004884004884,107.12,-66.62,-12.19,C6
0.022954822954822957,0.052503052503052504,0.04126984126984127,0.024175824175824177,0.0004884004884004884,106.5,-66.81,-15.88,C6
0.00927960927960928,0.03028083028083028,0.02490842490842491,0.011721611721611722,0.0004884004884004884,106.25,-66.06,-15.63,C6
0.0009768009768009768,0.00757020757020757,0.008302808302808303,0.0004884004884004884,0.0004884004884004884,105.94,-65.94,-15.63,C6
0.00805860805860806,0.008302808302808303,0.004151404151404151,0.010500610500610501,0.0004884004884004884,105.62,-66.0,-15.13,C6
0.012942612942612943,0.019536019536019536,0.012942612942612943,0.01733821733821734,0.0004884004884004884,105.56,-67.81,-14.31,C6
0.014407814407814409,0.02735042735042735,0.01904761904761905,0.022222222222222223,0.0004884004884004884,107.31,-72.37,-12.81,C6
0.008302808302808303,0.016605616605616606,0.011965811965811967,0.01514041514041514,0.0004884004884004884,109.19,-74.31,-11.25,C6
0.004151404151404151,0.007814407814407814,0.002686202686202686,0.0007326007326007326,0.0004884004884004884,110.0,-74.56,-10.63,C6
0.015873015873015872,0.027594627594627594,0.017826617826617826,0.013675213675213675,0.0004884004884004884,110.19,-74.44,-9.88,C6
0.023931623931623933,0.04126984126984127,0.028327228327228327,0.02271062271062271,0.0004884004884004884,108.19,-69.31,-8.56,C6
0.029792429792429794,0.050793650793650794,0.03565323565323565,0.02905982905982906,0.0004884004884004884,107.56,-62.56,-9.44,C6
0.028327228327228327,0.04981684981684982,0.03418803418803419,0.027594627594627594,0.0004884004884004884,107.56,-61.0,-9.31,C6
0.016361416361416362,0.02905982905982906,0.020757020757020756,0.016361416361416362,0.0004884004884004884,107.44,-60.75,-9.0,C6
0.005128205128205128,0.006837606837606838,0.004884004884004884,0.0029304029304029304,0.0007326007326007326,107.44,-60.94,-8.44,C6
0.002686202686202686,0.008791208791208791,0.006105006105006105,0.006349206349206349,0.0014652014652014652,107.06,-63.81,-8.69,C6
0.00805860805860806,0.01978021978021978,0.01391941391941392,0.012698412698412698,0.002197802197802198,108.19,-66.44,-7.87,C6
0.006349206349206349,0.01221001221001221,0.010012210012210013,0.009523809523809525,0.002686202686202686,109.69,-69.0,-5.81,C6
0.003663003663003663,0.009768009768009768,0.0031746031746031746,0.0031746031746031746,0.0017094017094017094,110.12,-69.81,-4.69,C6
0.013675213675213675,0.02905982905982906,0.018315018315018316,0.01514041514041514,0.0009768009768009768,110.56,-70.0,-3.25,C6
0.020757020757020756,0.04249084249084249,0.02905982905982906,0.023443223443223443,0.0007326007326007326,109.56,-68.12,-2.19,C6
0.02564102564102564,0.051770451770451774,0.03638583638583639,0.029304029304029304,0.0002442002442002442,108.12,-64.94,-5.19,C6
0.02490842490842491,0.052503052503052504,0.0380952380952381,0.028327228327228327,0.0002442002442002442,108.69,-62.69,-4.69,C6
0.017826617826617826,0.0380952380952381,0.030036630036630037,0.021245421245421246,0.0,108.94,-61.69,-3.56,C6
0.007814407814407814,0.013675213675213675,0.01562881562881563,0.009768009768009768,0.0002442002442002442,108.69,-61.63,-3.37,C6
0.0017094017094017094,0.005860805860805861,0.0014652014652014652,0.0009768009768009768,0.0002442002442002442,108.81,-61.81,-3.0,C6
0.008302808302808303,0.019536019536019536,0.009768009768009768,0.010256410256410256,0.0002442002442002442,108.69,-62.25,-3.37,C6
0.012942612942612943,0.02905982905982906,0.017582417582417582,0.016605616605616606,0.0002442002442002442,108.69,-63.88,-3.06,C6
0.015384615384615385,0.03467643467643468,0.0231990231990232,0.021001221001221003,0.0002442002442002442,109.75,-68.31,-2.0,C6
0.012698412698412698,0.025885225885225887,0.01684981684981685,0.013186813186813187,0.0004884004884004884,111.12,-71.62,0.5,C6
0.0031746031746031746,0.0009768009768009768,0.0004884004884004884,0.0031746031746031746,0.0004884004884004884,111.94,-71.81,1.62,C6
0.006105006105006105,0.022466422466422466,0.01684981684981685,0.014896214896214897,0.0004884004884004884,112.62,-71.0,1.87,C6
0.012454212454212455,0.03736263736263736,0.02905982905982906,0.022954822954822957,0.0004884004884004884,111.81,-67.87,0.56,C6
0.017094017094017096,0.04786324786324787,0.03785103785103785,0.028327228327228327,0.0004884004884004884,111.0,-64.31,-0.62,C6
0.01562881562881563,0.047619047619047616,0.03663003663003663,0.026862026862026864,0.0004884004884004884,111.31,-62.5,-2.06,C6
0.008547008547008548,0.0315018315018315,0.026373626373626374,0.018803418803418803,0.0004884004884004884,111.5,-61.31,-2.06,C6
0.0004884004884004884,0.010012210012210013,0.011721611721611722,0.007081807081807082,0.0004884004884004884,111.56,-61.13,-2.0,C6
0.00805860805860806,0.007814407814407814,0.002197802197802198,0.004151404151404151,0.0004884004884004884,111.5,-61.25,-1.94,C6
0.013675213675213675,0.020512820512820513,0.011965811965811967,0.011965811965811967,0.0004884004884004884,111.87,-62.44,-2.37,C6
0.01733821733821734,0.029304029304029304,0.018803418803418803,0.01733821733821734,0.0004884004884004884,111.75,-66.06,-2.62,C6
0.01562881562881563,0.02735042735042735,0.017826617826617826,0.015873015873015872,0.0017094017094017094,112.69,-67.37,-0.19,C6
0.008547008547008548,0.002442002442002442,0.004395604395604396,0.002442002442002442,0.002442002442002442,113.25,-67.69,0.62,C6
0.003418803418803419,0.022222222222222223,0.013431013431013432,0.013431013431013432,0.0029304029304029304,113.62,-67.87,0.94,C6
0.012942612942612943,0.03956043956043956,0.02905982905982906,0.02442002442002442,0.002197802197802198,114.06,-67.62,1.56,C6
0.01978021978021978,0.051526251526251524,0.0398046398046398,0.03223443223443224,0.0017094017094017094,113.69,-67.12,1.25,C6
0.02442002442002442,0.05934065934065934,0.047619047619047616,0.037606837606837605,0.0014652014652014652,112.44,-63.25,-0.75,C6
0.02612942612942613,0.06202686202686203,0.050793650793650794,0.0380952380952381,0.001221001221001221,112.5,-59.5,-2.19,C6
0.021245421245421246,0.05518925518925519,0.045177045177045176,0.03321123321123321,0.0009768009768009768,112.31,-58.0,-3.25,C6
0.00927960927960928,0.03223443223443224,0.029792429792429794,0.02026862026862027,0.0007326007326007326,112.44,-57.38,-2.87,C6
0.0014652014652014652,0.00927960927960928,0.013186813186813187,0.006105006105006105,0.0007326007326007326,112.19,-57.38,-3.31,C6
0.008791208791208791,0.006593406593406593,0.0014652014652014652,0.003907203907203907,0.0004884004884004884,112.06,-59.38,-4.5,C6
0.014163614163614164,0.017826617826617826,0.006593406593406593,0.010744810744810745,0.0004884004884004884,112.31,-62.06,-3.5,C6
0.015384615384615385,0.02197802197802198,0.01098901098901099,0.013431013431013432,0.0004884004884004884,112.94,-65.69,-3.19,C6
0.00805860805860806,0.0017094017094017094,0.0017094017094017094,0.002442002442002442,0.0004884004884004884,113.87,-67.62,-1.69,C6
0.00463980463980464,0.021245421245421246,0.018070818070818073,0.01391941391941392,0.0004884004884004884,114.44,-67.31,-0.19,C6
0.014407814407814409,0.03711843711843712,0.032722832722832725,0.025152625152625153,0.0004884004884004884,114.37,-67.37,-0.19,C6
0.021245421245421246,0.04835164835164835,0.04297924297924298,0.03321123321123321,0.0004884004884004884,114.25,-66.44,0.62,C6
0.025885225885225887,0.055921855921855924,0.05030525030525031,0.0380952380952381,0.0004884004884004884,113.44,-63.06,0.62,C6
0.027106227106227107,0.057387057387057384,0.05201465201465202,0.03736263736263736,0.0004884004884004884,113.81,-57.75,1.06,C6
0.023687423687423687,0.051526251526251524,0.0463980463980464,0.03223443223443224,0.0004884004884004884,114.06,-55.88,0.13,C6
0.014896214896214897,0.029792429792429794,0.0336996336996337,0.020757020757020756,0.0004884004884004884,113.75,-56.31,-1.0,C6
0.002686202686202686,0.007081807081807082,0.01733821733821734,0.00805860805860806,0.0004884004884004884,113.44,-57.31,-1.75,C6
0.005860805860805861,0.008791208791208791,0.006105006105006105,0.0007326007326007326,0.0004884004884004884,112.81,-60.13,-2.31,C6
0.011965811965811967,0.01978021978021978,0.0019536019536019536,0.006837606837606838,0.0004884004884004884,113.56,-65.62,-1.44,C6
0.01221001221001221,0.01684981684981685,0.0031746031746031746,0.006837606837606838,0.0004884004884004884,115.69,-70.12,1.5,C6
0.00463980463980464,0.006837606837606838,0.009035409035409036,0.003663003663003663,0.0004884004884004884,116.87,-70.62,3.19,C6
0.007081807081807082,0.025396825396825397,0.022466422466422466,0.014896214896214897,0.0004884004884004884,117.31,-70.06,3.56,C6
0.01514041514041514,0.0380952380952381,0.032722832722832725,0.02271062271062271,0.0004884004884004884,117.31,-69.25,3.69,C6
0.021001221001221003,0.04713064713064713,0.0398046398046398,0.028083028083028084,0.0004884004884004884,115.44,-65.87,1.44,C6
0.02442002442002442,0.05128205128205128,0.04493284493284493,0.029792429792429794,0.0004884004884004884,115.44,-61.38,0.25,C6
0.020512820512820513,0.047619047619047616,0.041758241758241756,0.025885225885225887,0.0004884004884004884,115.19,-59.13,-0.31,C6
0.010256410256410256,0.03296703296703297,0.03125763125763126,0.01684981684981685,0.0004884004884004884,114.62,-59.5,-1.69,C6
0.0004884004884004884,0.012454212454212455,0.015873015873015872,0.005128205128205128,0.0004884004884004884,114.37,-59.31,-1.69,C6
0.006349206349206349,0.0019536019536019536,0.003418803418803419,0.0031746031746031746,0.0004884004884004884,114.75,-63.13,-3.62,C6
0.011233211233211233,0.011965811965811967,0.005128205128205128,0.008791208791208791,0.0004884004884004884,116.12,-69.81,-0.81,C6
0.011477411477411478,0.017826617826617826,0.011233211233211233,0.011965811965811967,0.0004884004884004884,117.81,-74.31,5.0,C6
0.0031746031746031746,0.002686202686202686,0.001221001221001221,0.0007326007326007326,0.0004884004884004884,118.0,-73.87,6.37,C6
0.008791208791208791,0.02271062271062271,0.012942612942612943,0.01221001221001221,0.0004884004884004884,118.44,-72.81,7.5,C6
0.01733821733821734,0.036874236874236875,0.025152625152625153,0.021245421245421246,0.0004884004884004884,118.19,-72.31,7.69,C6
0.0231990231990232,0.04664224664224664,0.0336996336996337,0.027594627594627594,0.0004884004884004884,117.44,-71.31,8.06,C6
0.02612942612942613,0.05299145299145299,0.0398046398046398,0.03199023199023199,0.0017094017094017094,115.69,-66.56,2.69,C6
0.025885225885225887,0.05396825396825397,0.04053724053724054,0.0315018315018315,0.002442002442002442,115.31,-64.19,-1.12,C6
0.019291819291819293,0.04468864468864469,0.0336996336996337,0.02564102564102564,0.0019536019536019536,115.81,-63.06,-1.69,C6
0.006593406593406593,0.023931623931623933,0.01904761904761905,0.01514041514041514,0.0014652014652014652,115.69,-63.19,-2.94,C6
0.003418803418803419,0.002197802197802198,0.002442002442002442,0.0029304029304029304,0.001221001221001221,115.31,-63.56,-3.69,C6
0.010500610500610501,0.013186813186813187,0.009035409035409036,0.005616605616605617,0.0009768009768009768,115.0,-65.94,-4.81,C6
0.015384615384615385,0.023687423687423687,0.017094017094017096,0.011721611721611722,0.0009768009768009768,115.62,-70.37,-4.62,C6
0.014896214896214897,0.02783882783882784,0.01904761904761905,0.013431013431013432,0.0007326007326007326,117.56,-73.06,0.81,C6
0.007081807081807082,0.005616605616605617,0.005860805860805861,0.004151404151404151,0.0007326007326007326,118.0,-73.94,5.44,C6
0.005372405372405372,0.017826617826617826,0.01098901098901099,0.010012210012210013,0.0007326007326007326,118.06,-73.87,6.56,C6
0.014163614163614164,0.03418803418803419,0.02271062271062271,0.020024420024420026,0.0007326007326007326,116.87,-71.81,6.56,C6
0.02026862026862027,0.04542124542124542,0.031013431013431014,0.026862026862026864,0.0004884004884004884,114.31,-64.62,3.19,C6
0.022954822954822957,0.050793650793650794,0.035897435897435895,0.02857142857142857,0.0004884004884004884,114.12,-60.0,3.19,C6
0.018070818070818073,0.04297924297924298,0.03076923076923077,0.022954822954822957,0.0004884004884004884,114.25,-60.44,2.87,C6
0.006837606837606838,0.020512820512820513,0.015873015873015872,0.010256410256410256,0.0007326007326007326,114.0,-61.88,3.31,C6
0.0009768009768009768,0.00463980463980464,0.003418803418803419,0.001221001221001221,0.0014652014652014652,113.31,-64.56,3.0,C6
0.006593406593406593,0.006593406593406593,0.005372405372405372,0.005128205128205128,0.0019536019536019536,113.62,-69.31,4.62,C6
0.010256410256410256,0.013675213675213675,0.011477411477411478,0.009523809523809525,0.002442002442002442,114.75,-72.19,10.38,C6
0.005616605616605617,0.005128205128205128,0.0007326007326007326,0.0,0.0014652014652014652,115.75,-73.94,15.5,C6
0.004884004884004884,0.02564102564102564,0.01391941391941392,0.013186813186813187,0.0009768009768009768,116.31,-74.19,17.62,C6
0.01221001221001221,0.04004884004884005,0.024175824175824177,0.022466422466422466,0.0004884004884004884,115.0,-71.62,13.88,C6
0.01733821733821734,0.050061050061050064,0.03125763125763126,0.028815628815628817,0.0002442002442002442,112.56,-65.69,5.12,C6
0.020512820512820513,0.05372405372405373,0.03565323565323565,0.030036630036630037,0.0,112.56,-63.25,4.19,C6
0.014652014652014652,0.041025641025641026,0.02783882783882784,0.023443223443223443,0.0,112.56,-62.31,3.44,C6
0.004151404151404151,0.017826617826617826,0.013186813186813187,0.01098901098901099,0.0002442002442002442,112.25,-61.88,3.12,C6
0.00463980463980464,0.001221001221001221,0.0009768009768009768,0.001221001221001221,0.0002442002442002442,111.87,-62.5,2.62,C6
0.010744810744810745,0.014407814407814409,0.010744810744810745,0.009523809523809525,0.0002442002442002442,111.81,-65.81,2.81,C6
0.01514041514041514,0.023687423687423687,0.017582417582417582,0.01562881562881563,0.0002442002442002442,112.75,-70.62,7.81,C6
0.011965811965811967,0.021001221001221003,0.01514041514041514,0.013675213675213675,0.0004884004884004884,113.87,-74.25,14.94,C6
0.0007326007326007326,0.003907203907203907,0.0004884004884004884,0.0002442002442002442,0.0004884004884004884,114.12,-73.62,17.12,C6
0.010500610500610501,0.026617826617826617,0.016605616605616606,0.013675213675213675,0.0004884004884004884,114.0,-72.94,17.12,C6
0.01855921855921856,0.04249084249084249,0.028815628815628817,0.0231990231990232,0.0004884004884004884,112.81,-71.19,14.88,C6
0.023931623931623933,0.05347985347985348,0.03736263736263736,0.029792429792429794,0.0004884004884004884,111.44,-64.37,8.56,C6
0.02490842490842491,0.056654456654456654,0.040293040293040296,0.029792429792429794,0.0004884004884004884,112.37,-60.69,7.75,C6
0.018070818070818073,0.045177045177045176,0.03247863247863248,0.0231990231990232,0.0004884004884004884,112.5,-61.69,7.31,C6
0.007081807081807082,0.021001221001221003,0.015873015873015872,0.01098901098901099,0.0004884004884004884,112.37,-62.31,6.25,C6
0.0004884004884004884,0.002197802197802198,0.0009768009768009768,0.001221001221001221,0.0004884004884004884,111.94,-63.63,5.06,C6
0.005860805860805861,0.01098901098901099,0.009523809523809525,0.009768009768009768,0.0004884004884004884,112.25,-66.25,5.87,C6
0.009523809523809525,0.02026862026862027,0.01684981684981685,0.01562881562881563,0.0004884004884004884,113.12,-69.06,8.88,C6
0.009768009768009768,0.01514041514041514,0.011477411477411478,0.015384615384615385,0.0004884004884004884,113.44,-72.31,14.19,C6
0.004884004884004884,0.007326007326007326,0.0014652014652014652,0.004151404151404151,0.0004884004884004884,114.31,-73.69,18.25,C6
0.004395604395604396,0.027594627594627594,0.016605616605616606,0.009523809523809525,0.0004884004884004884,115.0,-72.56,18.62,C6
0.01098901098901099,0.042002442002442006,0.026862026862026864,0.019291819291819293,0.0004884004884004884,113.81,-68.06,13.31,C6
0.01562881562881563,0.05201465201465202,0.03418803418803419,0.02612942612942613,0.0004884004884004884,113.06,-61.25,8.56,C6
0.014652014652014652,0.05103785103785104,0.03492063492063492,0.025152625152625153,0.0004884004884004884,112.94,-58.13,9.25,C6
0.006349206349206349,0.03540903540903541,0.025152625152625153,0.016605616605616606,0.0004884004884004884,113.5,-57.88,8.94,C6
0.003663003663003663,0.015873015873015872,0.011233211233211233,0.005372405372405372,0.0004884004884004884,113.81,-58.88,8.31,C6
0.010500610500610501,0.0004884004884004884,0.0017094017094017094,0.00463980463980464,0.0004884004884004884,113.75,-61.31,7.19,C6
0.015384615384615385,0.011965811965811967,0.01098901098901099,0.011721611721611722,0.0004884004884004884,113.94,-64.19,7.06,C6
0.017582417582417582,0.01978021978021978,0.01733821733821734,0.016605616605616606,0.0004884004884004884,115.19,-69.0,10.19,C6
0.014896214896214897,0.013431013431013432,0.011233211233211233,0.010500610500610501,0.0004884004884004884,115.87,-72.12,16.81,C6
0.006593406593406593,0.00805860805860806,0.0017094017094017094,0.004151404151404151,0.0004884004884004884,116.37,-72.0,18.25,C6
0.0019536019536019536,0.023687423687423687,0.01562881562881563,0.014407814407814409,0.0004884004884004884,115.37,-70.81,16.62,C6
0.00805860805860806,0.03467643467643468,0.025396825396825397,0.02148962148962149,0.0004884004884004884,112.06,-66.87,9.31,C6
0.01221001221001221,0.04224664224664225,0.03223443223443224,0.02564102564102564,0.0004884004884004884,110.94,-63.69,5.69,C6
0.007814407814407814,0.037606837606837605,0.02857142857142857,0.02271062271062271,0.0004884004884004884,111.56,-60.75,5.94,C6
0.0019536019536019536,0.01855921855921856,0.01611721611721612,0.013186813186813187,0.0004884004884004884,111.37,-59.88,5.69,C6
0.01098901098901099,0.002197802197802198,0.0002442002442002442,0.0009768009768009768,0.0004884004884004884,110.75,-60.81,5.25,C6
0.017582417582417582,0.016605616605616606,0.01098901098901099,0.00757020757020757,0.0004884004884004884,111.0,-64.94,6.12,C6
0.02197802197802198,0.026617826617826617,0.018803418803418803,0.013431013431013432,0.0004884004884004884,112.94,-67.06,8.31,C6
0.018803418803418803,0.020757020757020756,0.01611721611721612,0.011477411477411478,0.0004884004884004884,115.62,-69.94,14.75,C6
0.007814407814407814,0.003418803418803419,0.0031746031746031746,0.0014652014652014652,0.0004884004884004884,116.69,-71.12,19.0,C6
0.006349206349206349,0.023443223443223443,0.011965811965811967,0.011721611721611722,0.0004884004884004884,116.19,-69.5,16.87,C6
0.01611721611721612,0.03736263736263736,0.022466422466422466,0.01904761904761905,0.0004884004884004884,112.87,-64.81,9.25,C6
0.022954822954822957,0.04713064713064713,0.030036630036630037,0.023931623931623933,0.0004884004884004884,111.25,-61.06,4.56,C6
0.019536019536019536,0.04249084249084249,0.026373626373626374,0.020512820512820513,0.0004884004884004884,111.06,-60.69,1.81,C6
0.008547008547008548,0.020512820512820513,0.011965811965811967,0.008547008547008548,0.0004884004884004884,111.0,-60.63,1.87,C6
0.0017094017094017094,0.0004884004884004884,0.002442002442002442,0.003663003663003663,0.0004884004884004884,110.87,-60.63,2.0,C6
0.009035409035409036,0.01514041514041514,0.012942612942612943,0.01221001221001221,0.0007326007326007326,110.56,-61.44,2.12,C6
0.014163614163614164,0.025396825396825397,0.02026862026862027,0.018070818070818073,0.0014652014652014652,110.25,-63.0,3.44,C6
0.01611721611721612,0.031013431013431014,0.025396825396825397,0.02148962148962149,0.0007326007326007326,112.25,-66.44,5.75,C6
0.011477411477411478,0.015873015873015872,0.014652014652014652,0.013186813186813187,0.0004884004884004884,113.81,-68.5,8.88,C6
0.0014652014652014652,0.010744810744810745,0.0031746031746031746,0.002686202686202686,0.0002442002442002442,114.31,-68.37,10.13,C6
0.012454212454212455,0.029548229548229547,0.020024420024420026,0.01514041514041514,0.0,114.5,-67.81,10.44,C6
0.020024420024420026,0.042735042735042736,0.03199023199023199,0.023931623931623933,0.0,113.69,-65.94,9.81,C6
0.025396825396825397,0.051770451770451774,0.040293040293040296,0.03028083028083028,0.0002442002442002442,112.12,-60.06,7.81,C6
0.02612942612942613,0.054212454212454214,0.04249084249084249,0.03028083028083028,0.0002442002442002442,113.06,-56.19,5.37,C6
0.01978021978021978,0.0463980463980464,0.035164835164835165,0.023687423687423687,0.0004884004884004884,114.31,-55.63,2.62,C6
0.008302808302808303,0.02442002442002442,0.018803418803418803,0.010256410256410256,0.0004884004884004884,113.87,-56.25,1.75,C6
0.0014652014652014652,0.003663003663003663,0.003418803418803419,0.002686202686202686,0.0004884004884004884,113.31,-58.38,1.31,C6
0.008547008547008548,0.010744810744810745,0.007081807081807082,0.011721611721611722,0.0004884004884004884,112.87,-63.06,0.81,C6
0.013431013431013432,0.021001221001221003,0.014652014652014652,0.017826617826617826,0.0004884004884004884,113.87,-68.75,7.44,C6
0.010500610500610501,0.014163614163614164,0.00805860805860806,0.012942612942612943,0.0004884004884004884,114.44,-71.94,15.81,C6
0.0009768009768009768,0.008547008547008548,0.007081807081807082,0.0014652014652014652,0.0004884004884004884,113.69,-73.12,20.56,C6
0.009768009768009768,0.02442002442002442,0.020024420024420026,0.011477411477411478,0.0004884004884004884,112.62,-73.06,21.94,C6
0.015873015873015872,0.03540903540903541,0.02905982905982906,0.01855921855921856,0.0004884004884004884,109.12,-65.19,12.94,C6
0.02026862026862027,0.04224664224664225,0.03565323565323565,0.021733821733821733,0.0004884004884004884,105.75,-64.19,9.5,C6
0.01562881562881563,0.03394383394383394,0.02905982905982906,0.015873015873015872,0.0004884004884004884,105.31,-64.94,9.44,C6
0.00463980463980464,0.012454212454212455,0.01391941391941392,0.003907203907203907,0.0004884004884004884,105.06,-66.0,11.56,C6
0.004395604395604396,0.006593406593406593,0.0009768009768009768,0.007814407814407814,0.0004884004884004884,103.69,-67.06,11.69,C6
0.010744810744810745,0.020024420024420026,0.011477411477411478,0.015873015873015872,0.0004884004884004884,101.94,-68.5,12.69,C6
0.01514041514041514,0.029304029304029304,0.018803418803418803,0.02148962148962149,0.0004884004884004884,100.69,-70.69,14.25,C6
0.015873015873015872,0.03492063492063492,0.022954822954822957,0.02442002442002442,0.0004884004884004884,100.31,-75.5,22.75,C6
0.010500610500610501,0.035897435897435895,0.016605616605616606,0.019291819291819293,0.0004884004884004884,96.87,-79.62,34.5,C6
0.0017094017094017094,0.015873015873015872,0.0014652014652014652,0.010012210012210013,0.0004884004884004884,96.19,-80.44,33.88,C6
0.00757020757020757,0.009768009768009768,0.014896214896214897,0.0019536019536019536,0.0004884004884004884,95.56,-81.0,30.94,C6
0.014163614163614164,0.02783882783882784,0.026373626373626374,0.010256410256410256,0.0004884004884004884,94.5,-80.62,30.81,C6
0.018803418803418803,0.040293040293040296,0.034432234432234435,0.01611721611721612,0.0004884004884004884,92.75,-78.87,21.37,C6
0.01904761904761905,0.04590964590964591,0.03833943833943834,0.017582417582417582,0.0004884004884004884,92.06,-74.37,8.31,C6
0.014407814407814409,0.043467643467643466,0.035164835164835165,0.01391941391941392,0.0004884004884004884,92.31,-70.06,6.0,C6
0.003907203907203907,0.026373626373626374,0.02148962148962149,0.003907203907203907,0.0004884004884004884,92.31,-70.62,7.31,C6
0.00757020757020757,0.003418803418803419,0.004151404151404151,0.00927960927960928,0.0004884004884004884,92.19,-72.69,6.12,C6
0.01562881562881563,0.012698412698412698,0.00805860805860806,0.01855921855921856,0.0004884004884004884,92.31,-75.62,5.94,C6
0.02148962148962149,0.023687423687423687,0.016605616605616606,0.02490842490842491,0.0004884004884004884,92.19,-80.81,14.0,C6
0.021733821733821733,0.029548229548229547,0.021245421245421246,0.028815628815628817,0.0004884004884004884,92.81,-82.19,29.19,C6
0.013675213675213675,0.009768009768009768,0.00927960927960928,0.01904761904761905,0.0004884004884004884,93.06,-80.56,28.69,C6
0.0004884004884004884,0.01391941391941392,0.007326007326007326,0.004395604395604396,0.0004884004884004884,93.0,-79.25,25.06,C6
0.008791208791208791,0.03028083028083028,0.01978021978021978,0.006349206349206349,0.0004884004884004884,92.94,-79.12,23.75,C6
0.015384615384615385,0.041758241758241756,0.028327228327228327,0.01391941391941392,0.0004884004884004884,92.12,-76.44,16.94,C6
0.01978021978021978,0.04884004884004884,0.034432234432234435,0.019291819291819293,0.0004884004884004884,91.81,-69.0,5.69,C6
0.018803418803418803,0.04810744810744811,0.03394383394383394,0.018803418803418803,0.0004884004884004884,92.44,-66.75,5.19,C6
0.007081807081807082,0.025396825396825397,0.019536019536019536,0.007814407814407814,0.0004884004884004884,92.12,-67.31,4.81,C6
0.003663003663003663,0.003418803418803419,0.0031746031746031746,0.005372405372405372,0.0004884004884004884,90.87,-68.44,2.75,C6
0.011233211233211233,0.011965811965811967,0.008302808302808303,0.014652014652014652,0.0004884004884004884,91.12,-72.56,2.37,C6
0.016605616605616606,0.02271062271062271,0.01611721611721612,0.021245421245421246,0.0004884004884004884,90.5,-79.0,7.62,C6
0.014652014652014652,0.023687423687423687,0.01855921855921856,0.021733821733821733,0.0004884004884004884,91.31,-82.87,17.75,C6
0.004884004884004884,0.0004884004884004884,0.003418803418803419,0.008547008547008548,0.0004884004884004884,92.25,-83.56,2.81,C6
0.007814407814407814,0.02148962148962149,0.013431013431013432,0.006349206349206349,0.0004884004884004884,92.69,-83.31,3.25,C6
0.016605616605616606,0.036874236874236875,0.025396825396825397,0.016605616605616606,0.0004884004884004884,91.5,-80.87,19.94,C6
0.02271062271062271,0.047619047619047616,0.0336996336996337,0.023931623931623933,0.0004884004884004884,90.75,-72.19,7.25,C6
0.02271062271062271,0.04932844932844933,0.03540903540903541,0.023443223443223443,0.0004884004884004884,89.81,-69.37,4.5,C6
0.011233211233211233,0.029304029304029304,0.022222222222222223,0.014163614163614164,0.0004884004884004884,89.25,-69.19,3.31,C6
0.0,0.007326007326007326,0.006105006105006105,0.0019536019536019536,0.0004884004884004884,88.81,-70.19,3.94,C6
0.007814407814407814,0.008302808302808303,0.005128205128205128,0.006837606837606838,0.0004884004884004884,89.44,-75.56,6.0,C6
0.013431013431013432,0.01904761904761905,0.012942612942612943,0.012698412698412698,0.0004884004884004884,91.12,-81.94,24.25,C6
0.00927960927960928,0.014896214896214897,0.008791208791208791,0.010012210012210013,0.0004884004884004884,92.06,-83.0,41.0,C6
0.002197802197802198,0.00805860805860806,0.006105006105006105,0.003663003663003663,0.0004884004884004884,92.12,-82.0,39.19,C6
0.011965811965811967,0.026373626373626374,0.02026862026862027,0.014163614163614164,0.0004884004884004884,91.94,-81.56,37.88,C6
0.018803418803418803,0.039316239316239315,0.030525030525030524,0.02148962148962149,0.0004884004884004884,90.5,-79.75,28.81,C6
0.023443223443223443,0.04810744810744811,0.03736263736263736,0.026617826617826617,0.0004884004884004884,89.19,-74.94,11.0,C6
0.02271062271062271,0.04884004884004884,0.036874236874236875,0.026373626373626374,0.0004884004884004884,89.44,-70.5,8.5,C6
0.013186813186813187,0.029548229548229547,0.025396825396825397,0.018315018315018316,0.0004884004884004884,89.19,-69.62,8.38,C6
0.0007326007326007326,0.005616605616605617,0.00757020757020757,0.004884004884004884,0.0004884004884004884,88.44,-70.25,7.69,C6
0.007814407814407814,0.01098901098901099,0.004884004884004884,0.00463980463980464,0.0004884004884004884,88.25,-73.19,7.5,C6
0.01391941391941392,0.02271062271062271,0.013675213675213675,0.011233211233211233,0.0004884004884004884,88.94,-79.75,17.87,C6
0.014652014652014652,0.028083028083028084,0.018803418803418803,0.01562881562881563,0.0004884004884004884,91.06,-83.44,4.69,C6
0.008302808302808303,0.00927960927960928,0.006349206349206349,0.007326007326007326,0.0004884004884004884,92.06,-84.0,5.5,C6
0.002197802197802198,0.016361416361416362,0.011965811965811967,0.006593406593406593,0.0017094017094017094,91.75,-82.75,50.81,C6
0.009768009768009768,0.034432234432234435,0.024664224664224663,0.016361416361416362,0.002442002442002442,90.06,-78.75,25.75,C6
0.014896214896214897,0.04713064713064713,0.0336996336996337,0.022954822954822957,0.0019536019536019536,89.31,-71.31,8.31,C6
0.016605616605616606,0.04981684981684982,0.03663003663003663,0.023687423687423687,0.0014652014652014652,89.44,-67.44,5.06,C6
0.008547008547008548,0.035897435897435895,0.02783882783882784,0.016361416361416362,0.001221001221001221,90.06,-67.19,4.37,C6
0.0014652014652014652,0.012698412698412698,0.01098901098901099,0.0031746031746031746,0.0009768009768009768,90.44,-68.31,3.31,C6
0.008302808302808303,0.003418803418803419,0.0004884004884004884,0.006105006105006105,0.0007326007326007326,90.94,-73.94,2.75,C6
0.013186813186813187,0.014896214896214897,0.008791208791208791,0.012698412698412698,0.0007326007326007326,91.81,-81.37,10.13,C6
0.00757020757020757,0.0031746031746031746,0.003418803418803419,0.006837606837606838,0.0004884004884004884,92.56,-83.94,2.31,C6
0.005616605616605617,0.017826617826617826,0.00927960927960928,0.006105006105006105,0.0017094017094017094,92.06,-82.31,18.87,C6
0.014896214896214897,0.03247863247863248,0.018315018315018316,0.01514041514041514,0.002686202686202686,89.62,-77.94,11.44,C6
0.02148962148962149,0.042735042735042736,0.02442002442002442,0.021733821733821733,0.0031746031746031746,88.5,-68.75,1.62,C6
0.021733821733821733,0.04590964590964591,0.027594627594627594,0.02197802197802198,0.003418803418803419,89.37,-61.31,2.06,C6
0.01221001221001221,0.03296703296703297,0.017826617826617826,0.011965811965811967,0.002686202686202686,89.62,-60.19,0.13,C6
0.0009768009768009768,0.01098901098901099,0.0031746031746031746,0.0014652014652014652,0.0019536019536019536,89.25,-60.13,-0.13,C6
0.007081807081807082,0.00463980463980464,0.007081807081807082,0.01098901098901099,0.0014652014652014652,88.75,-63.81,-1.69,C6
0.012454212454212455,0.015384615384615385,0.014407814407814409,0.017582417582417582,0.001221001221001221,88.19,-69.12,-2.62,C6
0.012942612942612943,0.016361416361416362,0.01684981684981685,0.019536019536019536,0.0009768009768009768,88.87,-73.31,-1.56,C6
0.007326007326007326,0.00463980463980464,0.0031746031746031746,0.009035409035409036,0.0009768009768009768,89.94,-74.5,1.0,C6
0.0019536019536019536,0.025885225885225887,0.014652014652014652,0.006105006105006105,0.0007326007326007326,90.37,-74.19,1.69,C6
0.011233211233211233,0.04078144078144078,0.030525030525030524,0.01684981684981685,0.0007326007326007326,90.75,-74.06,2.12,C6
0.017582417582417582,0.05128205128205128,0.041758241758241756,0.02442002442002442,0.0007326007326007326,89.94,-72.56,1.25,C6
0.02197802197802198,0.056654456654456654,0.04932844932844933,0.029792429792429794,0.0007326007326007326,88.37,-67.75,-2.44,C6
0.02197802197802198,0.05714285714285714,0.051526251526251524,0.029792429792429794,0.0007326007326007326,88.44,-62.56,-2.81,C6
0.014407814407814409,0.046886446886446886,0.04468864468864469,0.023443223443223443,0.0004884004884004884,89.12,-61.44,-2.75,C6
0.0019536019536019536,0.021733821733821733,0.027594627594627594,0.010012210012210013,0.0004884004884004884,88.81,-62.06,-3.12,C6
0.006837606837606838,0.004151404151404151,0.014407814407814409,0.0007326007326007326,0.0004884004884004884,87.94,-65.19,-4.94,C6
0.012942612942612943,0.00805860805860806,0.005128205128205128,0.005860805860805861,0.0004884004884004884,88.94,-69.37,-4.06,C6
0.013675213675213675,0.013431013431013432,0.001221001221001221,0.010256410256410256,0.0004884004884004884,89.94,-72.19,0.31,C6
0.003418803418803419,0.008302808302808303,0.00927960927960928,0.0007326007326007326,0.0004884004884004884,90.5,-73.81,2.94,C6
0.009523809523809525,0.029792429792429794,0.024175824175824177,0.012698412698412698,0.0004884004884004884,90.87,-73.62,4.12,C6
0.01855921855921856,0.04493284493284493,0.037606837606837605,0.02197802197802198,0.0004884004884004884,91.0,-73.69,4.5,C6
0.02490842490842491,0.05543345543345543,0.04713064713064713,0.02857142857142857,0.0004884004884004884,91.12,-73.69,4.69,C6
0.028327228327228327,0.06251526251526252,0.05372405372405373,0.03321123321123321,0.0004884004884004884,91.31,-73.69,5.0,C6
0.03028083028083028,0.06642246642246642,0.05811965811965812,0.036141636141636145,0.0017094017094017094,91.5,-73.75,5.0,C6
0.031013431013431014,0.06813186813186813,0.060805860805860805,0.037606837606837605,0.002442002442002442,91.56,-73.75,5.12,C6
0.03125763125763126,0.06862026862026863,0.06275946275946276,0.038583638583638585,0.0029304029304029304,90.94,-72.69,4.0,C6
0.03076923076923077,0.06837606837606838,0.06373626373626373,0.0380952380952381,0.003418803418803419,90.0,-68.75,-0.81,C6
0.02857142857142857,0.0652014652014652,0.06202686202686203,0.03540903540903541,0.002442002442002442,90.37,-63.25,-2.94,C6
0.021001221001221003,0.053235653235653234,0.05347985347985348,0.028327228327228327,0.0019536019536019536,90.81,-62.19,-2.56,C6
0.007326007326007326,0.02564102564102564,0.03418803418803419,0.013186813186813187,0.0014652014652014652,90.44,-62.0,-2.87,C6
0.0031746031746031746,0.003907203907203907,0.017582417582417582,0.0007326007326007326,0.0009768009768009768,90.06,-62.5,-3.5,C6
0.010500610500610501,0.011477411477411478,0.00463980463980464,0.010744810744810745,0.0009768009768009768,89.62,-64.19,-4.75,C6
0.01562881562881563,0.02197802197802198,0.004395604395604396,0.017826617826617826,0.0007326007326007326,89.31,-67.37,-5.94,C6
0.017582417582417582,0.028083028083028084,0.010744810744810745,0.02271062271062271,0.0007326007326007326,89.37,-72.0,-4.5,C6
0.013675213675213675,0.020024420024420026,0.005616605616605617,0.018070818070818073,0.0007326007326007326,90.44,-73.12,-0.31,C6
0.0029304029304029304,0.006105006105006105,0.009768009768009768,0.003907203907203907,0.0007326007326007326,91.0,-72.94,1.12,C6
0.008791208791208791,0.027106227106227107,0.026862026862026864,0.010500610500610501,0.0007326007326007326,91.31,-73.12,1.75,C6
0.01684981684981685,0.042002442002442006,0.03907203907203907,0.020757020757020756,0.0007326007326007326,91.56,-72.81,2.37,C6
0.02271062271062271,0.05225885225885226,0.04737484737484737,0.02783882783882784,0.0007326007326007326,90.0,-68.75,-3.06,C6
0.025152625152625153,0.05641025641025641,0.05274725274725275,0.03028083028083028,0.0007326007326007326,90.5,-62.81,-3.37,C6
0.019291819291819293,0.04908424908424908,0.047619047619047616,0.02490842490842491,0.0007326007326007326,90.75,-61.63,-3.25,C6
0.006593406593406593,0.024664224664224663,0.031013431013431014,0.011233211233211233,0.0007326007326007326,90.62,-61.81,-3.69,C6
0.0031746031746031746,0.0031746031746031746,0.014163614163614164,0.002197802197802198,0.0004884004884004884,90.44,-61.94,-3.75,C6
0.009768009768009768,0.011965811965811967,0.0014652014652014652,0.01221001221001221,0.0004884004884004884,89.62,-62.81,-4.31,C6
0.014652014652014652,0.022466422466422466,0.007326007326007326,0.019291819291819293,0.0004884004884004884,89.25,-66.69,-5.25,C6
0.016605616605616606,0.02905982905982906,0.013431013431013432,0.024175824175824177,0.0004884004884004884,90.44,-71.56,-3.75,C6
0.010500610500610501,0.016605616605616606,0.006837606837606838,0.018315018315018316,0.0004884004884004884,91.81,-73.81,-0.19,C6
0.0019536019536019536,0.008547008547008548,0.008791208791208791,0.002197802197802198,0.0004884004884004884,92.44,-74.12,0.88,C6
0.012942612942612943,0.029792429792429794,0.026373626373626374,0.012698412698412698,0.0004884004884004884,92.87,-73.94,1.44,C6
0.020757020757020756,0.04468864468864469,0.038583638583638585,0.023443223443223443,0.0004884004884004884,91.87,-71.69,0.81,C6
0.02612942612942613,0.05518925518925519,0.04713064713064713,0.03076923076923077,0.0004884004884004884,90.56,-66.25,-1.69,C6
0.026373626373626374,0.05641025641025641,0.04981684981684982,0.030525030525030524,0.0004884004884004884,89.81,-63.56,-2.87,C6
0.020512820512820513,0.04786324786324787,0.04371184371184371,0.024175824175824177,0.0004884004884004884,89.56,-62.69,-4.31,C6
0.010012210012210013,0.027594627594627594,0.030525030525030524,0.012942612942612943,0.0004884004884004884,89.56,-62.25,-4.44,C6
0.0004884004884004884,0.006105006105006105,0.01514041514041514,0.001221001221001221,0.0004884004884004884,89.31,-62.56,-5.12,C6
0.00805860805860806,0.00927960927960928,0.004151404151404151,0.007081807081807082,0.0004884004884004884,89.12,-65.0,-7.0,C6
0.013186813186813187,0.01978021978021978,0.003418803418803419,0.012698412698412698,0.0004884004884004884,90.56,-69.12,-8.13,C6
0.014407814407814409,0.025152625152625153,0.00757020757020757,0.014652014652014652,0.0004884004884004884,93.06,-74.0,-3.0,C6
0.008791208791208791,0.005616605616605617,0.004884004884004884,0.0,0.0004884004884004884,94.25,-74.87,0.25,C6
0.003663003663003663,0.019291819291819293,0.021245421245421246,0.014407814407814409,0.0004884004884004884,94.44,-74.75,0.81,C6
0.012454212454212455,0.03663003663003663,0.032722832722832725,0.02442002442002442,0.0004884004884004884,92.75,-71.69,-0.31,C6
0.018803418803418803,0.04908424908424908,0.04078144078144078,0.0315018315018315,0.0004884004884004884,90.12,-66.81,-3.81,C6
0.019291819291819293,0.051770451770451774,0.04224664224664225,0.031013431013431014,0.0004884004884004884,89.25,-63.5,-4.44,C6
0.011721611721611722,0.041025641025641026,0.034432234432234435,0.0231990231990232,0.0004884004884004884,89.06,-62.44,-4.37,C6
0.0009768009768009768,0.02026862026862027,0.020757020757020756,0.010500610500610501,0.0004884004884004884,89.0,-62.63,-4.31,C6
0.007081807081807082,0.0009768009768009768,0.006593406593406593,0.001221001221001221,0.0004884004884004884,88.31,-63.25,-4.87,C6
0.012698412698412698,0.012454212454212455,0.003418803418803419,0.009523809523809525,0.0004884004884004884,87.62,-64.5,-5.31,C6
0.01684981684981685,0.021733821733821733,0.010256410256410256,0.015384615384615385,0.0004884004884004884,87.25,-67.19,-5.0,C6
0.018070818070818073,0.02783882783882784,0.014407814407814409,0.018315018315018316,0.0004884004884004884,88.06,-71.0,-1.44,C6
0.013186813186813187,0.010500610500610501,0.002442002442002442,0.007326007326007326,0.0004884004884004884,88.06,-73.94,0.62,C6
0.0002442002442002442,0.017826617826617826,0.017582417582417582,0.01098901098901099,0.0004884004884004884,87.94,-75.56,3.0,C6
0.009768009768009768,0.037606837606837605,0.03321123321123321,0.023931623931623933,0.0004884004884004884,86.62,-74.5,3.62,C6
0.016605616605616606,0.05128205128205128,0.0442002442002442,0.03296703296703297,0.0004884004884004884,84.75,-72.25,3.31,C6
0.021245421245421246,0.05982905982905983,0.05201465201465202,0.03663003663003663,0.0004884004884004884,83.12,-68.62,3.69,C6
0.020757020757020756,0.06031746031746032,0.05396825396825397,0.035164835164835165,0.0004884004884004884,81.62,-66.69,2.12,C6
0.015873015873015872,0.05518925518925519,0.05054945054945055,0.030525030525030524,0.0004884004884004884,81.87,-65.69,0.81,C6
0.00805860805860806,0.04224664224664225,0.04151404151404151,0.02197802197802198,0.0007326007326007326,82.19,-65.56,0.94,C6
0.002686202686202686,0.018070818070818073,0.02490842490842491,0.008547008547008548,0.0014652014652014652,83.0,-65.75,1.87,C6
0.010256410256410256,0.0014652014652014652,0.009523809523809525,0.003418803418803419,0.0019536019536019536,83.56,-66.44,1.56,C6
0.01562881562881563,0.01514041514041514,0.001221001221001221,0.011965811965811967,0.002442002442002442,84.06,-69.5,0.37,C6
0.018803418803418803,0.024664224664224663,0.008791208791208791,0.017826617826617826,0.002686202686202686,85.25,-71.37,1.44,C6
0.01684981684981685,0.020512820512820513,0.008547008547008548,0.017826617826617826,0.0029304029304029304,87.62,-72.94,3.81,C6
0.009768009768009768,0.006349206349206349,0.0029304029304029304,0.008547008547008548,0.0029304029304029304,90.06,-74.19,6.87,C6
0.0009768009768009768,0.014407814407814409,0.017582417582417582,0.005372405372405372,0.0031746031746031746,91.56,-73.87,6.19,C6
0.010012210012210013,0.03028083028083028,0.03199023199023199,0.015873015873015872,0.0031746031746031746,92.25,-73.19,5.06,C6
0.016361416361416362,0.04126984126984127,0.042002442002442006,0.0231990231990232,0.0031746031746031746,90.81,-69.69,2.31,C6
0.021001221001221003,0.04908424908424908,0.04908424908424908,0.028327228327228327,0.0031746031746031746,90.44,-64.5,0.13,C6
0.018803418803418803,0.04810744810744811,0.04835164835164835,0.026862026862026864,0.0031746031746031746,90.87,-62.25,-0.81,C6
0.010012210012210013,0.03663003663003663,0.03833943833943834,0.018070818070818073,0.0031746031746031746,91.5,-61.75,-2.06,C6
0.0002442002442002442,0.014896214896214897,0.022222222222222223,0.005372405372405372,0.0031746031746031746,91.56,-61.38,-2.37,C6
0.00927960927960928,0.005128205128205128,0.006593406593406593,0.006593406593406593,0.003418803418803419,90.94,-62.0,-4.12,C6
0.015873015873015872,0.01904761904761905,0.005128205128205128,0.01514041514041514,0.003418803418803419,90.31,-63.94,-5.69,C6
0.020512820512820513,0.028815628815628817,0.013431013431013432,0.021245421245421246,0.003418803418803419,90.5,-67.44,-5.87,C6
0.023931623931623933,0.03467643467643468,0.01904761904761905,0.025396825396825397,0.003418803418803419,91.12,-69.19,-3.25,C6
0.019536019536019536,0.021733821733821733,0.010500610500610501,0.017094017094017096,0.003418803418803419,92.31,-71.81,0.56,C6
0.009035409035409036,0.003663003663003663,0.005372405372405372,0.003418803418803419,0.003418803418803419,93.25,-73.06,3.0,C6
0.004151404151404151,0.02490842490842491,0.0231990231990232,0.010744810744810745,0.002197802197802198,93.69,-72.56,3.94,C6
0.013186813186813187,0.0398046398046398,0.035897435897435895,0.020512820512820513,0.0014652014652014652,92.12,-66.56,1.5,C6
0.019536019536019536,0.050061050061050064,0.04468864468864469,0.027594627594627594,0.0009768009768009768,92.0,-62.0,-0.56,C6
0.018070818070818073,0.04786324786324787,0.04395604395604396,0.02612942612942613,0.0004884004884004884,92.19,-60.94,-1.94,C6
0.008791208791208791,0.02905982905982906,0.03247863247863248,0.016361416361416362,0.0002442002442002442,92.12,-61.06,-2.62,C6
0.0017094017094017094,0.006837606837606838,0.016605616605616606,0.003907203907203907,0.0,92.06,-61.5,-2.87,C6
0.008791208791208791,0.008791208791208791,0.005616605616605617,0.004884004884004884,0.0002442002442002442,92.37,-64.25,-4.31,C6
0.01391941391941392,0.019536019536019536,0.002197802197802198,0.01098901098901099,0.0002442002442002442,92.75,-69.62,-3.0,C6
0.01221001221001221,0.017826617826617826,0.002197802197802198,0.010256410256410256,0.0002442002442002442,93.37,-72.81,-0.94,C6
0.003418803418803419,0.005860805860805861,0.011477411477411478,0.002197802197802198,0.0002442002442002442,94.19,-73.44,1.06,C6
0.005372405372405372,0.026617826617826617,0.02735042735042735,0.012942612942612943,0.0002442002442002442,94.37,-73.19,1.69,C6
0.011477411477411478,0.04126984126984127,0.03833943833943834,0.02026862026862027,0.0004884004884004884,92.69,-68.81,-0.25,C6
0.015873015873015872,0.05128205128205128,0.046153846153846156,0.025396825396825397,0.0004884004884004884,91.62,-64.5,-1.25,C6
0.013675213675213675,0.050061050061050064,0.0442002442002442,0.023443223443223443,0.0004884004884004884,91.75,-63.38,-2.56,C6
0.003907203907203907,0.03418803418803419,0.031013431013431014,0.01391941391941392,0.0004884004884004884,91.87,-63.06,-3.06,C6
0.006105006105006105,0.012454212454212455,0.01514041514041514,0.0017094017094017094,0.0004884004884004884,91.37,-62.63,-3.0,C6
0.013186813186813187,0.0029304029304029304,0.004151404151404151,0.006593406593406593,0.0004884004884004884,91.19,-63.94,-3.31,C6
0.018070818070818073,0.013675213675213675,0.003663003663003663,0.012698412698412698,0.0004884004884004884,91.37,-66.56,-2.25,C6
0.01978021978021978,0.018803418803418803,0.008302808302808303,0.016605616605616606,0.0004884004884004884,92.5,-68.37,0.13,C6
0.012454212454212455,0.0004884004884004884,0.002442002442002442,0.00805860805860806,0.0004884004884004884,93.94,-72.5,2.5,C6
0.0007326007326007326,0.021733821733821733,0.018315018315018316,0.00757020757020757,0.0004884004884004884,94.37,-73.12,4.81,C6
0.01098901098901099,0.037606837606837605,0.035164835164835165,0.021733821733821733,0.0004884004884004884,94.5,-72.56,5.44,C6
0.018070818070818073,0.04884004884004884,0.04713064713064713,0.031746031746031744,0.0004884004884004884,93.44,-70.87,4.31,C6
0.022954822954822957,0.056654456654456654,0.05543345543345543,0.038583638583638585,0.0004884004884004884,91.69,-68.06,1.0,C6
0.0231990231990232,0.057631257631257635,0.05714285714285714,0.0380952380952381,0.0004884004884004884,91.5,-65.44,0.0,C6
0.01733821733821734,0.04981684981684982,0.051770451770451774,0.03199023199023199,0.0004884004884004884,91.81,-64.25,-1.5,C6
0.007081807081807082,0.030036630036630037,0.038583638583638585,0.020024420024420026,0.0004884004884004884,91.81,-64.06,-2.06,C6
0.0029304029304029304,0.007081807081807082,0.022222222222222223,0.006105006105006105,0.0004884004884004884,91.5,-64.75,-3.25,C6
0.010012210012210013,0.008791208791208791,0.01098901098901099,0.003418803418803419,0.0004884004884004884,91.75,-67.44,-2.69,C6
0.014896214896214897,0.020024420024420026,0.0029304029304029304,0.010256410256410256,0.0004884004884004884,93.75,-73.19,0.13,C6
0.010256410256410256,0.006837606837606838,0.00805860805860806,0.004395604395604396,0.0004884004884004884,94.81,-75.75,3.37,C6
0.0009768009768009768,0.014896214896214897,0.021245421245421246,0.008547008547008548,0.0004884004884004884,94.94,-75.12,4.44,C6
0.009768009768009768,0.03125763125763126,0.03418803418803419,0.018070818070818073,0.0004884004884004884,95.12,-75.06,4.94,C6
0.015873015873015872,0.042735042735042736,0.04322344322344322,0.02490842490842491,0.0004884004884004884,94.19,-73.87,4.19,C6
0.02026862026862027,0.05054945054945055,0.04981684981684982,0.029548229548229547,0.0004884004884004884,91.87,-68.94,-0.88,C6
0.019536019536019536,0.05128205128205128,0.05054945054945055,0.028815628815628817,0.0004884004884004884,91.44,-66.75,-2.69,C6
0.011965811965811967,0.04126984126984127,0.04297924297924298,0.022954822954822957,0.0004884004884004884,91.62,-66.19,-3.06,C6
0.001221001221001221,0.01978021978021978,0.028327228327228327,0.011721611721611722,0.0004884004884004884,91.69,-65.94,-3.5,C6
0.006837606837606838,0.0004884004884004884,0.012454212454212455,0.0,0.0004884004884004884,91.0,-66.56,-3.94,C6
0.012454212454212455,0.013186813186813187,0.0014652014652014652,0.008302808302808303,0.0004884004884004884,90.75,-70.75,-6.56,C6
0.01611721611721612,0.02271062271062271,0.006349206349206349,0.014163614163614164,0.0004884004884004884,92.5,-75.37,-2.75,C6
0.012454212454212455,0.010744810744810745,0.0002442002442002442,0.008547008547008548,0.0004884004884004884,94.44,-76.81,2.94,C6
0.0007326007326007326,0.011477411477411478,0.01391941391941392,0.004395604395604396,0.0004884004884004884,95.44,-77.06,6.06,C6
0.010744810744810745,0.03076923076923077,0.028083028083028084,0.014896214896214897,0.0004884004884004884,95.94,-76.69,7.5,C6
0.01855921855921856,0.0442002442002442,0.0380952380952381,0.022466422466422466,0.0004884004884004884,94.37,-75.69,6.12,C6
0.024175824175824177,0.05372405372405373,0.045177045177045176,0.027594627594627594,0.0004884004884004884,92.87,-70.62,0.62,C6
0.02442002442002442,0.05543345543345543,0.04737484737484737,0.02783882783882784,0.0004884004884004884,93.12,-66.69,0.06,C6
0.017826617826617826,0.046153846153846156,0.04078144078144078,0.022466422466422466,0.0004884004884004884,92.56,-65.81,0.06,C6
0.006593406593406593,0.026617826617826617,0.028327228327228327,0.012942612942612943,0.0004884004884004884,92.56,-65.62,0.13,C6
0.0019536019536019536,0.00805860805860806,0.014652014652014652,0.002442002442002442,0.0004884004884004884,92.44,-65.56,-0.06,C6
0.00805860805860806,0.004884004884004884,0.005128205128205128,0.00463980463980464,0.0004884004884004884,92.06,-66.62,-1.44,C6
0.01221001221001221,0.014163614163614164,0.0014652014652014652,0.009768009768009768,0.0004884004884004884,92.62,-68.5,-0.06,C6
0.013675213675213675,0.01855921855921856,0.005860805860805861,0.012454212454212455,0.0004884004884004884,94.44,-71.5,4.0,C6
0.008547008547008548,0.0007326007326007326,0.003663003663003663,0.0017094017094017094,0.0004884004884004884,96.06,-73.94,8.38,C6
0.003663003663003663,0.022954822954822957,0.01855921855921856,0.012698412698412698,0.0004884004884004884,96.75,-74.12,8.94,C6
0.01221001221001221,0.038583638583638585,0.028815628815628817,0.02271062271062271,0.0004884004884004884,95.56,-72.44,7.25,C6
0.018315018315018316,0.04957264957264957,0.036141636141636145,0.029548229548229547,0.0004884004884004884,94.06,-67.87,2.69,C6
0.020512820512820513,0.052503052503052504,0.04078144078144078,0.029548229548229547,0.0004884004884004884,93.62,-65.0,1.37,C6
0.015873015873015872,0.04590964590964591,0.03736263736263736,0.024664224664224663,0.0004884004884004884,93.94,-63.75,0.0,C6
0.004884004884004884,0.028815628815628817,0.026617826617826617,0.01514041514041514,0.0004884004884004884,94.37,-63.44,0.81,C6
0.004884004884004884,0.00805860805860806,0.012454212454212455,0.0031746031746031746,0.0004884004884004884,94.37,-63.38,1.44,C6
0.011965811965811967,0.006349206349206349,0.0014652014652014652,0.005860805860805861,0.0004884004884004884,93.94,-64.37,1.25,C6
0.016605616605616606,0.016605616605616606,0.006349206349206349,0.01221001221001221,0.0004884004884004884,94.31,-65.81,1.37,C6
0.01904761904761905,0.022954822954822957,0.011721611721611722,0.01684981684981685,0.0004884004884004884,95.56,-68.56,3.75,C6
0.01514041514041514,0.012942612942612943,0.002442002442002442,0.008547008547008548,0.0004884004884004884,97.19,-71.69,6.56,C6
0.0031746031746031746,0.010500610500610501,0.013431013431013432,0.006593406593406593,0.0004884004884004884,97.69,-72.19,7.25,C6
0.008302808302808303,0.029548229548229547,0.030036630036630037,0.018803418803418803,0.0004884004884004884,98.37,-71.69,8.06,C6
0.016605616605616606,0.04297924297924298,0.04151404151404151,0.02735042735042735,0.0004884004884004884,97.69,-71.25,7.69,C6
0.022222222222222223,0.052503052503052504,0.04981684981684982,0.033455433455433455,0.0004884004884004884,96.12,-68.44,5.12,C6
0.0231990231990232,0.054945054945054944,0.05299145299145299,0.03394383394383394,0.0004884004884004884,95.62,-65.94,3.19,C6
0.018315018315018316,0.04908424908424908,0.04835164835164835,0.029548229548229547,0.0004884004884004884,95.81,-65.37,3.44,C6
0.008547008547008548,0.031013431013431014,0.03638583638583639,0.019536019536019536,0.0004884004884004884,95.69,-65.87,3.25,C6
0.001221001221001221,0.00927960927960928,0.020757020757020756,0.006837606837606838,0.0004884004884004884,95.56,-65.69,3.0,C6
0.00805860805860806,0.006837606837606838,0.007326007326007326,0.004395604395604396,0.0004884004884004884,95.44,-65.81,2.81,C6
0.012942612942612943,0.018070818070818073,0.0019536019536019536,0.01221001221001221,0.0004884004884004884,96.06,-67.69,2.06,C6
0.015873015873015872,0.025885225885225887,0.008547008547008548,0.017582417582417582,0.0004884004884004884,97.56,-71.31,5.62,C6
0.014163614163614164,0.020757020757020756,0.004884004884004884,0.014163614163614164,0.0004884004884004884,98.69,-74.94,12.63,C6
0.00805860805860806,0.0014652014652014652,0.006349206349206349,0.002197802197802198,0.0017094017094017094,99.81,-75.25,16.5,C6
0.003418803418803419,0.02442002442002442,0.020757020757020756,0.012942612942612943,0.002442002442002442,100.19,-75.0,16.31,C6
0.011721611721611722,0.04053724053724054,0.0336996336996337,0.023443223443223443,0.0017094017094017094,100.37,-74.75,16.62,C6
0.01733821733821734,0.051770451770451774,0.042735042735042736,0.03076923076923077,0.0014652014652014652,100.06,-74.19,15.94,C6
0.021001221001221003,0.05860805860805861,0.04884004884004884,0.035164835164835165,0.001221001221001221,97.75,-71.5,11.75,C6
0.021733821733821733,0.06105006105006105,0.051526251526251524,0.03540903540903541,0.0009768009768009768,96.12,-65.94,7.5,C6
0.017826617826617826,0.0568986568986569,0.04737484737484737,0.0315018315018315,0.0007326007326007326,95.69,-63.38,4.56,C6
0.00927960927960928,0.042735042735042736,0.03467643467643468,0.021733821733821733,0.0007326007326007326,95.5,-63.69,4.06,C6
0.002686202686202686,0.01855921855921856,0.017094017094017096,0.007814407814407814,0.0004884004884004884,94.75,-64.5,3.0,C6
0.01098901098901099,0.0017094017094017094,0.004884004884004884,0.0017094017094017094,0.0004884004884004884,94.62,-67.19,2.87,C6
0.01684981684981685,0.010256410256410256,0.003663003663003663,0.008547008547008548,0.0004884004884004884,95.44,-70.25,4.56,C6
0.01562881562881563,0.005128205128205128,0.002442002442002442,0.007814407814407814,0.0004884004884004884,97.62,-73.81,11.06,C6
0.004395604395604396,0.01514041514041514,0.00805860805860806,0.0031746031746031746,0.0004884004884004884,98.25,-73.87,13.0,C6
0.00757020757020757,0.032722832722832725,0.021001221001221003,0.01562881562881563,0.0004884004884004884,98.44,-73.25,13.25,C6
0.01611721611721612,0.04493284493284493,0.030036630036630037,0.024175824175824177,0.0004884004884004884,98.06,-72.37,13.25,C6
0.02197802197802198,0.05347985347985348,0.03638583638583639,0.03028083028083028,0.0004884004884004884,96.0,-71.25,9.44,C6
0.024175824175824177,0.05641025641025641,0.040293040293040296,0.031013431013431014,0.0004884004884004884,94.69,-69.94,6.94,C6
0.020024420024420026,0.051770451770451774,0.03711843711843712,0.02735042735042735,0.0004884004884004884,93.94,-69.56,4.0,C6
0.010500610500610501,0.03492063492063492,0.026617826617826617,0.018803418803418803,0.0004884004884004884,94.19,-69.0,3.94,C6
0.0009768009768009768,0.01221001221001221,0.010744810744810745,0.006105006105006105,0.0004884004884004884,93.75,-68.56,3.5,C6
0.009035409035409036,0.004395604395604396,0.002686202686202686,0.005128205128205128,0.0004884004884004884,93.62,-68.62,2.56,C6
0.014652014652014652,0.015873015873015872,0.011965811965811967,0.012942612942612943,0.0004884004884004884,94.0,-69.94,2.06,C6
0.01733821733821734,0.023931623931623933,0.01855921855921856,0.018315018315018316,0.0004884004884004884,94.5,-75.81,1.5,C6
0.01611721611721612,0.019536019536019536,0.014407814407814409,0.013675213675213675,0.0004884004884004884,96.0,-79.44,13.81,C6
0.010256410256410256,0.0002442002442002442,0.0017094017094017094,0.0007326007326007326,0.0004884004884004884,96.56,-79.75,18.81,C6
0.0019536019536019536,0.021733821733821733,0.01221001221001221,0.013186813186813187,0.0004884004884004884,96.31,-79.37,21.0,C6
0.010500610500610501,0.03711843711843712,0.021733821733821733,0.02197802197802198,0.0004884004884004884,94.37,-77.19,15.19,C6
0.016605616605616606,0.04786324786324787,0.02857142857142857,0.02783882783882784,0.0004884004884004884,92.62,-71.87,6.44,C6
0.016361416361416362,0.04908424908424908,0.03076923076923077,0.027106227106227107,0.0004884004884004884,92.31,-69.81,5.69,C6
0.007326007326007326,0.03492063492063492,0.022222222222222223,0.01855921855921856,0.0004884004884004884,92.31,-69.37,6.87,C6
0.002686202686202686,0.01391941391941392,0.008302808302808303,0.006105006105006105,0.0004884004884004884,92.12,-69.5,7.12,C6
0.009523809523809525,0.0007326007326007326,0.002197802197802198,0.002442002442002442,0.0004884004884004884,92.12,-70.56,5.81,C6
0.014163614163614164,0.01098901098901099,0.009523809523809525,0.008547008547008548,0.0004884004884004884,91.87,-71.69,4.56,C6
0.01562881562881563,0.01514041514041514,0.014652014652014652,0.012698412698412698,0.0004884004884004884,93.0,-73.87,7.06,C6
0.01098901098901099,0.0029304029304029304,0.0014652014652014652,0.0002442002442002442,0.0004884004884004884,94.44,-76.0,11.88,C6
0.001221001221001221,0.022466422466422466,0.014652014652014652,0.016361416361416362,0.0004884004884004884,94.94,-75.94,12.69,C6
0.006593406593406593,0.036141636141636145,0.02612942612942613,0.02783882783882784,0.0004884004884004884,94.75,-75.12,11.25,C6
0.011965811965811967,0.04566544566544566,0.03394383394383394,0.035897435897435895,0.0004884004884004884,92.37,-71.62,3.94,C6
0.01562881562881563,0.05030525030525031,0.03882783882783883,0.03711843711843712,0.0004884004884004884,91.62,-68.62,0.62,C6
0.011965811965811967,0.04542124542124542,0.03565323565323565,0.03296703296703297,0.0004884004884004884,92.06,-67.37,-0.19,C6
0.002197802197802198,0.028327228327228327,0.023931623931623933,0.02148962148962149,0.0004884004884004884,91.69,-67.06,-0.5,C6
0.007326007326007326,0.007081807081807082,0.008791208791208791,0.00805860805860806,0.0004884004884004884,91.19,-67.56,-1.31,C6
0.014163614163614164,0.007814407814407814,0.0017094017094017094,0.001221001221001221,0.0004884004884004884,91.0,-69.0,-1.0,C6
0.018803418803418803,0.018070818070818073,0.009035409035409036,0.007814407814407814,0.0004884004884004884,91.56,-70.25,1.75,C6
0.019536019536019536,0.021001221001221003,0.011477411477411478,0.00927960927960928,0.0004884004884004884,93.19,-74.25,5.69,C6
0.011477411477411478,0.002197802197802198,0.0029304029304029304,0.0014652014652014652,0.0004884004884004884,93.81,-76.06,8.13,C6
0.0014652014652014652,0.020512820512820513,0.019291819291819293,0.011721611721611722,0.0004884004884004884,93.56,-74.75,7.69,C6
0.010744810744810745,0.03321123321123321,0.03076923076923077,0.01904761904761905,0.0004884004884004884,92.12,-72.69,5.0,C6
0.017094017094017096,0.04224664224664225,0.038583638583638585,0.023931623931623933,0.0004884004884004884,91.56,-70.06,1.56,C6
0.018070818070818073,0.04322344322344322,0.0398046398046398,0.02442002442002442,0.0004884004884004884,91.69,-68.0,-0.19,C6
0.012698412698412698,0.033455433455433455,0.032722832722832725,0.01855921855921856,0.0004884004884004884,91.87,-67.5,-0.81,C6
0.002442002442002442,0.011965811965811967,0.018070818070818073,0.006837606837606838,0.0004884004884004884,91.62,-67.62,-1.12,C6
0.00463980463980464,0.0029304029304029304,0.007326007326007326,0.001221001221001221,0.0004884004884004884,91.5,-69.94,-2.37,C6
0.009523809523809525,0.013431013431013432,0.0,0.007081807081807082,0.0004884004884004884,92.56,-72.87,1.06,C6
0.009035409035409036,0.014407814407814409,0.005372405372405372,0.009768009768009768,0.0004884004884004884,93.75,-75.06,5.31,C6
0.001221001221001221,0.005372405372405372,0.003907203907203907,0.0004884004884004884,0.0004884004884004884,94.44,-76.12,9.25,C6
0.007326007326007326,0.021733821733821733,0.01611721611721612,0.00757020757020757,0.0004884004884004884,94.69,-75.31,9.94,C6
0.013186813186813187,0.03321123321123321,0.02490842490842491,0.013431013431013432,0.0004884004884004884,93.37,-72.31,7.0,C6
0.01733821733821734,0.04126984126984127,0.031013431013431014,0.01733821733821734,0.0004884004884004884,92.56,-70.12,2.87,C6
0.01514041514041514,0.0398046398046398,0.02857142857142857,0.01611721611721612,0.0004884004884004884,92.0,-68.37,1.94,C6
0.00805860805860806,0.030036630036630037,0.02026862026862027,0.010256410256410256,0.0004884004884004884,92.0,-67.06,1.37,C6
0.0009768009768009768,0.014652014652014652,0.008791208791208791,0.001221001221001221,0.0004884004884004884,91.81,-66.62,0.37,C6
0.008791208791208791,0.0004884004884004884,0.0029304029304029304,0.007814407814407814,0.0004884004884004884,91.81,-66.81,-0.13,C6
0.014407814407814409,0.011721611721611722,0.012942612942612943,0.014407814407814409,0.0004884004884004884,92.0,-67.44,0.19,C6
0.018315018315018316,0.019536019536019536,0.01978021978021978,0.01904761904761905,0.0004884004884004884,92.37,-70.5,0.69,C6
0.019536019536019536,0.02490842490842491,0.024664224664224663,0.022222222222222223,0.0004884004884004884,93.06,-74.0,4.12,C6
0.015384615384615385,0.01098901098901099,0.015384615384615385,0.013186813186813187,0.0004884004884004884,94.37,-76.19,9.56,C6
0.004395604395604396,0.00927960927960928,0.0002442002442002442,0.0017094017094017094,0.0004884004884004884,95.25,-76.25,12.81,C6
0.003418803418803419,0.023443223443223443,0.011965811965811967,0.011965811965811967,0.0004884004884004884,94.31,-74.69,11.31,C6
0.009035409035409036,0.033455433455433455,0.02026862026862027,0.01904761904761905,0.0004884004884004884,92.31,-70.25,3.56,C6
0.012942612942612943,0.038583638583638585,0.026373626373626374,0.021733821733821733,0.0004884004884004884,92.5,-67.62,3.69,C6
0.008791208791208791,0.03199023199023199,0.022222222222222223,0.01684981684981685,0.0004884004884004884,92.37,-67.0,3.06,C6
0.0,0.014896214896214897,0.011233211233211233,0.00757020757020757,0.0004884004884004884,92.19,-67.0,3.19,C6
0.006349206349206349,0.0007326007326007326,0.0004884004884004884,0.002197802197802198,0.0004884004884004884,91.81,-67.87,2.37,C6
0.010500610500610501,0.009523809523809525,0.006837606837606838,0.009035409035409036,0.0004884004884004884,91.69,-69.19,1.75,C6
0.013186813186813187,0.016361416361416362,0.011965811965811967,0.01391941391941392,0.0004884004884004884,92.31,-71.06,3.5,C6
0.012698412698412698,0.013186813186813187,0.008547008547008548,0.011233211233211233,0.0004884004884004884,93.81,-73.75,6.75,C6
0.007814407814407814,0.005128205128205128,0.0019536019536019536,0.0017094017094017094,0.0004884004884004884,95.19,-75.06,10.25,C6
0.0017094017094017094,0.02271062271062271,0.014652014652014652,0.009523809523809525,0.0004884004884004884,95.37,-75.0,11.13,C6
0.008547008547008548,0.035164835164835165,0.023687423687423687,0.01733821733821734,0.0004884004884004884,94.69,-74.37,10.25,C6
0.013186813186813187,0.04395604395604396,0.030036630036630037,0.022954822954822957,0.0004884004884004884,92.81,-71.37,5.06,C6
0.014896214896214897,0.04713064713064713,0.034432234432234435,0.024175824175824177,0.0004884004884004884,91.87,-68.75,1.75,C6
0.01098901098901099,0.04224664224664225,0.03125763125763126,0.020757020757020756,0.0004884004884004884,92.06,-67.0,1.69,C6
0.0029304029304029304,0.02783882783882784,0.021733821733821733,0.011721611721611722,0.0004884004884004884,91.94,-66.44,0.56,C6
0.005616605616605617,0.00927960927960928,0.00927960927960928,0.0009768009768009768,0.0007326007326007326,91.5,-66.94,-0.37,C6
0.011721611721611722,0.006837606837606838,0.002686202686202686,0.008547008547008548,0.0014652014652014652,91.31,-67.19,-1.12,C6
0.015873015873015872,0.018315018315018316,0.01098901098901099,0.01514041514041514,0.0019536019536019536,91.19,-69.0,-2.0,C6
0.017826617826617826,0.02612942612942613,0.01684981684981685,0.019536019536019536,0.002442002442002442,92.06,-71.81,-1.12,C6
0.01855921855921856,0.03028083028083028,0.021001221001221003,0.02271062271062271,0.0014652014652014652,93.62,-75.5,3.56,C6
0.01611721611721612,0.020512820512820513,0.013431013431013432,0.01611721611721612,0.0009768009768009768,95.31,-77.75,12.5,C6
0.008547008547008548,0.0009768009768009768,0.0007326007326007326,0.00463980463980464,0.0004884004884004884,95.75,-78.19,14.25,C6
0.0014652014652014652,0.02026862026862027,0.014652014652014652,0.006105006105006105,0.0002442002442002442,96.12,-78.0,14.69,C6
0.008547008547008548,0.0336996336996337,0.025396825396825397,0.013675213675213675,0.0,94.25,-74.5,9.5,C6
0.013431013431013432,0.04297924297924298,0.032722832722832725,0.01904761904761905,0.0,92.56,-70.12,2.62,C6
0.012942612942612943,0.04322344322344322,0.03321123321123321,0.018315018315018316,0.0002442002442002442,92.44,-68.12,1.37,C6
0.005372405372405372,0.03028083028083028,0.025152625152625153,0.010744810744810745,0.0002442002442002442,92.56,-67.81,0.75,C6
0.004395604395604396,0.010012210012210013,0.011965811965811967,0.0002442002442002442,0.0002442002442002442,92.69,-67.94,1.0,C6
0.011233211233211233,0.004151404151404151,0.002686202686202686,0.007814407814407814,0.0002442002442002442,93.0,-69.56,1.12,C6
0.01611721611721612,0.014163614163614164,0.003663003663003663,0.013186813186813187,0.0002442002442002442,94.06,-72.31,4.56,C6
0.01391941391941392,0.014896214896214897,0.005372405372405372,0.014652014652014652,0.0002442002442002442,95.94,-75.0,10.56,C6
0.005860805860805861,0.00463980463980464,0.005372405372405372,0.003907203907203907,0.0004884004884004884,96.87,-76.87,14.19,C6
0.004395604395604396,0.02271062271062271,0.019291819291819293,0.008547008547008548,0.0004884004884004884,97.12,-76.5,15.25,C6
0.011477411477411478,0.03540903540903541,0.028815628815628817,0.017094017094017096,0.0004884004884004884,96.5,-75.56,14.19,C6
0.016361416361416362,0.0442002442002442,0.03565323565323565,0.0231990231990232,0.0004884004884004884,94.87,-72.31,10.13,C6
0.01733821733821734,0.04713064713064713,0.038583638583638585,0.025396825396825397,0.0004884004884004884,94.0,-68.75,5.69,C6
0.01391941391941392,0.043467643467643466,0.03467643467643468,0.021733821733821733,0.0004884004884004884,93.69,-67.44,4.56,C6
0.005860805860805861,0.025152625152625153,0.022222222222222223,0.011233211233211233,0.0004884004884004884,93.56,-67.37,4.06,C6
0.003418803418803419,0.004151404151404151,0.006837606837606838,0.0009768009768009768,0.0007326007326007326,93.31,-67.56,3.25,C6
0.009768009768009768,0.010500610500610501,0.004151404151404151,0.009523809523809525,0.0014652014652014652,93.75,-69.94,4.12,C6
0.014163614163614164,0.020757020757020756,0.011477411477411478,0.015384615384615385,0.0019536019536019536,94.44,-70.12,5.19,C6
0.012942612942612943,0.017094017094017096,0.009523809523809525,0.014407814407814409,0.001221001221001221,95.37,-71.0,7.69,C6
0.005128205128205128,0.0019536019536019536,0.002197802197802198,0.0019536019536019536,0.0007326007326007326,96.5,-71.69,9.75,C6
0.00463980463980464,0.016605616605616606,0.01684981684981685,0.012454212454212455,0.0002442002442002442,96.62,-71.87,10.31,C6
0.011721611721611722,0.029548229548229547,0.02735042735042735,0.022466422466422466,0.0,95.25,-70.81,9.88,C6
0.016605616605616606,0.03882783882783883,0.034432234432234435,0.029548229548229547,0.0002442002442002442,93.37,-68.94,4.69,C6
0.01684981684981685,0.041758241758241756,0.03785103785103785,0.029792429792429794,0.0002442002442002442,93.19,-67.62,3.31,C6
0.009523809523809525,0.031013431013431014,0.031013431013431014,0.022222222222222223,0.0004884004884004884,93.12,-67.5,2.69,C6
0.0007326007326007326,0.010256410256410256,0.017094017094017096,0.009768009768009768,0.0004884004884004884,92.94,-67.81,1.75,C6
0.007814407814407814,0.00463980463980464,0.005128205128205128,0.0002442002442002442,0.0004884004884004884,93.31,-68.94,1.56,C6
0.012942612942612943,0.01514041514041514,0.0031746031746031746,0.007326007326007326,0.0004884004884004884,93.81,-71.44,2.62,C6
0.014896214896214897,0.022466422466422466,0.009035409035409036,0.01221001221001221,0.0004884004884004884,96.44,-74.31,9.81,C6
0.011233211233211233,0.01391941391941392,0.0002442002442002442,0.007326007326007326,0.0004884004884004884,98.25,-75.56,15.56,C6
0.0002442002442002442,0.007081807081807082,0.012698412698412698,0.00463980463980464,0.0004884004884004884,99.12,-75.69,18.81,C6
0.007326007326007326,0.021733821733821733,0.022466422466422466,0.013186813186813187,0.0004884004884004884,97.94,-74.75,18.25,C6
0.012698412698412698,0.03199023199023199,0.029304029304029304,0.01904761904761905,0.0004884004884004884,95.25,-72.5,10.94,C6
0.016605616605616606,0.03907203907203907,0.03418803418803419,0.021733821733821733,0.0004884004884004884,94.12,-70.5,7.37,C6
0.013186813186813187,0.0336996336996337,0.03028083028083028,0.01684981684981685,0.0004884004884004884,93.87,-69.81,6.37,C6
0.004884004884004884,0.01611721611721612,0.01855921855921856,0.006837606837606838,0.0004884004884004884,93.87,-69.94,5.19,C6
0.004151404151404151,0.0019536019536019536,0.005616605616605617,0.003907203907203907,0.0004884004884004884,93.62,-69.81,4.94,C6
0.010256410256410256,0.014896214896214897,0.003418803418803419,0.011477411477411478,0.0004884004884004884,94.19,-70.62,6.0,C6
0.014652014652014652,0.023687423687423687,0.009768009768009768,0.016605616605616606,0.0004884004884004884,95.25,-71.37,8.81,C6
0.013431013431013432,0.018070818070818073,0.00757020757020757,0.014652014652014652,0.0004884004884004884,96.56,-73.5,13.06,C6
0.005860805860805861,0.0029304029304029304,0.00463980463980464,0.0009768009768009768,0.0004884004884004884,98.06,-74.12,17.75,C6
0.004884004884004884,0.021001221001221003,0.018315018315018316,0.010500610500610501,0.0004884004884004884,97.75,-73.87,17.87,C6
0.01221001221001221,0.0336996336996337,0.02783882783882784,0.01855921855921856,0.0004884004884004884,95.5,-71.56,12.06,C6
0.01733821733821734,0.042735042735042736,0.03467643467643468,0.024175824175824177,0.0004884004884004884,94.25,-69.5,7.31,C6
0.014407814407814409,0.03907203907203907,0.031746031746031744,0.022466422466422466,0.0004884004884004884,93.81,-70.25,4.56,C6
0.005372405372405372,0.020757020757020756,0.019536019536019536,0.012454212454212455,0.0004884004884004884,93.81,-70.37,3.69,C6
0.004151404151404151,0.0009768009768009768,0.004884004884004884,0.0002442002442002442,0.0004884004884004884,93.56,-70.19,3.31,C6
0.01098901098901099,0.012942612942612943,0.006593406593406593,0.009523809523809525,0.0007326007326007326,93.69,-70.87,3.06,C6
0.01562881562881563,0.022954822954822957,0.014896214896214897,0.016361416361416362,0.0014652014652014652,94.37,-72.25,4.37,C6
0.017826617826617826,0.029792429792429794,0.020512820512820513,0.021245421245421246,0.0009768009768009768,95.25,-74.44,10.0,C6
0.014407814407814409,0.022222222222222223,0.014896214896214897,0.018315018315018316,0.0004884004884004884,96.69,-76.75,16.62,C6
0.004884004884004884,0.0007326007326007326,0.0019536019536019536,0.005616605616605617,0.0002442002442002442,97.69,-78.12,21.69,C6
0.004151404151404151,0.019536019536019536,0.010256410256410256,0.0031746031746031746,0.0,96.94,-77.12,19.44,C6
0.010744810744810745,0.03247863247863248,0.01904761904761905,0.00927960927960928,0.0,94.44,-73.62,9.13,C6
0.01514041514041514,0.041758241758241756,0.02490842490842491,0.012942612942612943,0.0002442002442002442,94.0,-70.56,5.87,C6
0.011477411477411478,0.03663003663003663,0.021001221001221003,0.00805860805860806,0.0002442002442002442,93.31,-69.81,2.06,C6
0.0019536019536019536,0.018315018315018316,0.009035409035409036,0.0017094017094017094,0.0002442002442002442,93.31,-69.31,2.12,C6
0.007081807081807082,0.0007326007326007326,0.003907203907203907,0.011477411477411478,0.0002442002442002442,93.5,-68.69,2.62,C6
0.013186813186813187,0.01391941391941392,0.013431013431013432,0.01855921855921856,0.0007326007326007326,94.12,-70.0,3.19,C6
0.017582417582417582,0.0231990231990232,0.020024420024420026,0.0231990231990232,0.0014652014652014652,95.56,-72.81,6.12,C6
0.01904761904761905,0.02857142857142857,0.024664224664224663,0.026617826617826617,0.0009768009768009768,97.69,-76.0,11.25,C6
0.01098901098901099,0.01098901098901099,0.01611721611721612,0.019291819291819293,0.0004884004884004884,99.69,-77.56,19.87,C6
0.0029304029304029304,0.013186813186813187,0.002197802197802198,0.004884004884004884,0.0002442002442002442,99.19,-76.87,18.31,C6
0.012698412698412698,0.030036630036630037,0.011233211233211233,0.005372405372405372,0.0,97.87,-75.31,14.81,C6
0.019536019536019536,0.042002442002442006,0.020757020757020756,0.012454212454212455,0.0,96.94,-73.94,14.13,C6
0.022222222222222223,0.04884004884004884,0.02735042735042735,0.01733821733821734,0.0002442002442002442,95.0,-71.69,9.19,C6
0.02197802197802198,0.050793650793650794,0.028815628815628817,0.017582417582417582,0.0004884004884004884,94.5,-67.62,4.62,C6
0.01684981684981685,0.046153846153846156,0.02442002442002442,0.012698412698412698,0.0004884004884004884,95.37,-66.94,4.06,C6
0.005616605616605617,0.024175824175824177,0.010012210012210013,0.001221001221001221,0.0004884004884004884,95.44,-67.69,3.56,C6
0.0031746031746031746,0.0031746031746031746,0.00463980463980464,0.010256410256410256,0.0007326007326007326,95.19,-67.75,3.56,C6
0.00927960927960928,0.011477411477411478,0.014896214896214897,0.018315018315018316,0.0014652014652014652,95.06,-69.06,3.75,C6
0.013675213675213675,0.021733821733821733,0.022222222222222223,0.023931623931623933,0.0019536019536019536,96.25,-71.0,8.81,C6
0.013675213675213675,0.025396825396825397,0.026862026862026864,0.027106227106227107,0.001221001221001221,98.25,-71.37,14.31,C6
0.008791208791208791,0.012454212454212455,0.01855921855921856,0.020757020757020756,0.0007326007326007326,100.69,-73.31,19.62,C6
0.0019536019536019536,0.011233211233211233,0.0017094017094017094,0.005860805860805861,0.0002442002442002442,100.87,-72.87,19.62,C6
0.009768009768009768,0.02783882783882784,0.011233211233211233,0.00463980463980464,0.0,99.06,-71.0,17.12,C6
0.014896214896214897,0.039316239316239315,0.02026862026862027,0.011965811965811967,0.0,96.19,-68.37,10.19,C6
0.018803418803418803,0.04395604395604396,0.026617826617826617,0.01514041514041514,0.0002442002442002442,95.25,-65.56,6.12,C6
0.014407814407814409,0.03711843711843712,0.0231990231990232,0.011233211233211233,0.0002442002442002442,95.31,-64.94,5.81,C6
0.004151404151404151,0.016605616605616606,0.010744810744810745,0.0014652014652014652,0.0007326007326007326,95.12,-65.69,5.06,C6
0.00463980463980464,0.0009768009768009768,0.001221001221001221,0.00805860805860806,0.0014652014652014652,95.37,-67.44,4.75,C6
0.010744810744810745,0.013431013431013432,0.010500610500610501,0.01514041514041514,0.002197802197802198,95.25,-68.0,4.75,C6
0.01514041514041514,0.022222222222222223,0.01684981684981685,0.02026862026862027,0.002442002442002442,95.62,-69.25,5.0,C6
0.018070818070818073,0.02857142857142857,0.021245421245421246,0.023931623931623933,0.002686202686202686,96.69,-71.62,8.06,C6
0.018315018315018316,0.03125763125763126,0.023931623931623933,0.02564102564102564,0.0017094017094017094,98.25,-75.12,17.87,C6
0.012698412698412698,0.017094017094017096,0.014407814407814409,0.017094017094017096,0.001221001221001221,98.94,-75.5,22.62,C6
0.0004884004884004884,0.006349206349206349,0.001221001221001221,0.0019536019536019536,0.0007326007326007326,99.19,-74.56,23.81,C6
0.009768009768009768,0.023931623931623933,0.01562881562881563,0.008547008547008548,0.0004884004884004884,98.87,-73.75,22.19,C6
0.016361416361416362,0.036141636141636145,0.02564102564102564,0.01611721611721612,0.0002442002442002442,96.37,-70.81,14.06,C6
0.020757020757020756,0.04468864468864469,0.032722832722832725,0.02026862026862027,0.0,95.19,-68.62,9.19,C6
0.017826617826617826,0.04297924297924298,0.03028083028083028,0.01855921855921856,0.0002442002442002442,94.75,-68.5,6.62,C6
0.008547008547008548,0.026862026862026864,0.019536019536019536,0.010256410256410256,0.0002442002442002442,94.87,-68.56,5.81,C6
0.001221001221001221,0.006593406593406593,0.005372405372405372,0.0009768009768009768,0.0002442002442002442,95.0,-68.69,6.0,C6
0.00805860805860806,0.007814407814407814,0.004395604395604396,0.008791208791208791,0.0002442002442002442,96.06,-70.25,7.69,C6
0.012942612942612943,0.017582417582417582,0.011233211233211233,0.014407814407814409,0.0002442002442002442,97.19,-72.69,13.5,C6
0.010256410256410256,0.01514041514041514,0.010500610500610501,0.013431013431013432,0.0002442002442002442,98.62,-74.81,19.62,C6
0.001221001221001221,0.006105006105006105,0.001221001221001221,0.002197802197802198,0.0002442002442002442,99.19,-74.94,22.31,C6
0.00757020757020757,0.024175824175824177,0.014407814407814409,0.00757020757020757,0.0002442002442002442,99.12,-74.62,23.19,C6
0.01391941391941392,0.03663003663003663,0.023443223443223443,0.014652014652014652,0.0002442002442002442,97.06,-72.25,16.25,C6
0.018070818070818073,0.04542124542124542,0.029792429792429794,0.019536019536019536,0.0002442002442002442,95.94,-69.37,10.63,C6
0.014652014652014652,0.042735042735042736,0.027106227106227107,0.017826617826617826,0.0007326007326007326,95.25,-68.62,7.44,C6
0.005128205128205128,0.026373626373626374,0.016605616605616606,0.010012210012210013,0.0014652014652014652,94.37,-69.12,7.5,C6
0.00463980463980464,0.005860805860805861,0.0029304029304029304,0.0004884004884004884,0.0019536019536019536,95.0,-68.87,8.81,C6
0.011721611721611722,0.009768009768009768,0.008791208791208791,0.009768009768009768,0.002442002442002442,95.37,-69.31,9.13,C6
0.016361416361416362,0.020757020757020756,0.01684981684981685,0.016361416361416362,0.002686202686202686,95.44,-70.37,8.63,C6
0.019536019536019536,0.02857142857142857,0.02271062271062271,0.020757020757020756,0.0017094017094017094,96.0,-72.0,11.38,C6
0.020024420024420026,0.03199023199023199,0.025885225885225887,0.022466422466422466,0.0009768009768009768,97.56,-73.19,16.81,C6
0.013186813186813187,0.01221001221001221,0.01391941391941392,0.012454212454212455,0.0004884004884004884,98.62,-74.12,22.0,C6
0.0009768009768009768,0.01098901098901099,0.0019536019536019536,0.003418803418803419,0.0002442002442002442,99.37,-74.37,24.5,C6
0.00757020757020757,0.027106227106227107,0.013186813186813187,0.014407814407814409,0.0,98.06,-73.44,23.06,C6
0.013675213675213675,0.03833943833943834,0.021001221001221003,0.022222222222222223,0.0,96.0,-71.31,15.38,C6
0.015873015873015872,0.04395604395604396,0.02612942612942613,0.023931623931623933,0.0002442002442002442,94.81,-70.25,11.81,C6
0.011233211233211233,0.03663003663003663,0.022222222222222223,0.01904761904761905,0.0002442002442002442,94.62,-69.69,8.75,C6
0.0019536019536019536,0.017582417582417582,0.010744810744810745,0.009523809523809525,0.0002442002442002442,94.56,-69.5,8.25,C6
0.005860805860805861,0.001221001221001221,0.002442002442002442,0.001221001221001221,0.0002442002442002442,94.87,-69.44,8.38,C6
0.011477411477411478,0.014896214896214897,0.012942612942612943,0.010012210012210013,0.0007326007326007326,94.94,-69.5,7.94,C6
0.015384615384615385,0.024664224664224663,0.02026862026862027,0.016361416361416362,0.0014652014652014652,95.37,-70.31,8.06,C6
0.01733821733821734,0.0315018315018315,0.025396825396825397,0.020757020757020756,0.0009768009768009768,96.69,-73.44,12.13,C6
0.01733821733821734,0.03247863247863248,0.026862026862026864,0.021245421245421246,0.0017094017094017094,97.62,-76.25,21.06,C6
0.010500610500610501,0.010012210012210013,0.013186813186813187,0.008791208791208791,0.0009768009768009768,98.69,-76.44,26.75,C6
0.0019536019536019536,0.01611721611721612,0.005860805860805861,0.007814407814407814,0.0007326007326007326,99.12,-75.75,26.81,C6
0.010744810744810745,0.03467643467643468,0.02026862026862027,0.019291819291819293,0.0002442002442002442,97.69,-74.62,22.69,C6
0.01684981684981685,0.04737484737484737,0.03028083028083028,0.027594627594627594,0.0,95.62,-71.5,13.56,C6
0.018315018315018316,0.05396825396825397,0.03736263736263736,0.030036630036630037,0.0,94.81,-68.75,8.94,C6
0.01391941391941392,0.04932844932844933,0.03467643467643468,0.025885225885225887,0.0002442002442002442,94.5,-68.19,7.06,C6
0.004884004884004884,0.029548229548229547,0.022466422466422466,0.014163614163614164,0.0002442002442002442,94.56,-68.12,6.94,C6
0.0029304029304029304,0.009035409035409036,0.00805860805860806,0.001221001221001221,0.0007326007326007326,94.62,-68.75,6.56,C6
0.008302808302808303,0.005372405372405372,0.002686202686202686,0.007814407814407814,0.0014652014652014652,94.5,-68.75,5.94,C6
0.011965811965811967,0.015384615384615385,0.010012210012210013,0.014652014652014652,0.002197802197802198,94.69,-68.5,5.56,C6
0.014163614163614164,0.022222222222222223,0.015873015873015872,0.019291819291819293,0.002442002442002442,94.87,-68.62,5.19,C6
0.01562881562881563,0.026862026862026864,0.019291819291819293,0.022466422466422466,0.0017094017094017094,95.44,-70.5,6.25,C6
0.01684981684981685,0.030036630036630037,0.021733821733821733,0.02442002442002442,0.0009768009768009768,97.31,-74.56,14.0,C6
0.013186813186813187,0.02026862026862027,0.014896214896214897,0.018803418803418803,0.0004884004884004884,99.81,-76.75,24.5,C6
0.002442002442002442,0.004884004884004884,0.0,0.0031746031746031746,0.0002442002442002442,100.06,-77.31,25.69,C6
0.005616605616605617,0.022222222222222223,0.012454212454212455,0.007814407814407814,0.0,98.44,-75.5,21.5,C6
0.01098901098901099,0.034432234432234435,0.02148962148962149,0.01562881562881563,0.0002442002442002442,96.25,-72.94,13.81,C6
0.014896214896214897,0.04322344322344322,0.027594627594627594,0.020512820512820513,0.0002442002442002442,94.69,-69.44,9.19,C6
0.011965811965811967,0.040293040293040296,0.025152625152625153,0.018070818070818073,0.0004884004884004884,94.5,-68.94,7.81,C6
0.0017094017094017094,0.021245421245421246,0.01391941391941392,0.00805860805860806,0.0004884004884004884,94.62,-69.12,7.94,C6
0.006105006105006105,0.0019536019536019536,0.0007326007326007326,0.002686202686202686,0.0004884004884004884,94.87,-69.31,8.31,C6
0.011721611721611722,0.011965811965811967,0.009523809523809525,0.011477411477411478,0.0004884004884004884,94.87,-69.69,8.06,C6
0.01562881562881563,0.021733821733821733,0.01684981684981685,0.017582417582417582,0.0004884004884004884,94.75,-69.81,7.25,C6
0.018070818070818073,0.02857142857142857,0.02197802197802198,0.02197802197802198,0.0004884004884004884,95.31,-71.31,8.31,C6
0.019291819291819293,0.03223443223443224,0.025396825396825397,0.024175824175824177,0.0004884004884004884,96.5,-72.94,12.75,C6
0.014896214896214897,0.019536019536019536,0.016605616605616606,0.016361416361416362,0.0004884004884004884,97.75,-74.5,18.31,C6
0.00463980463980464,0.006105006105006105,0.0017094017094017094,0.0007326007326007326,0.0004884004884004884,98.12,-74.75,20.25,C6
0.002442002442002442,0.023931623931623933,0.008791208791208791,0.010256410256410256,0.0004884004884004884,96.62,-72.81,16.06,C6
0.00757020757020757,0.03663003663003663,0.01611721611721612,0.018070818070818073,0.0004884004884004884,95.19,-70.25,10.63,C6
0.010500610500610501,0.04224664224664225,0.020512820512820513,0.01978021978021978,0.0004884004884004884,94.37,-68.19,7.87,C6
0.006349206349206349,0.035897435897435895,0.01684981684981685,0.014896214896214897,0.0004884004884004884,94.25,-67.62,7.12,C6
0.0004884004884004884,0.020512820512820513,0.007814407814407814,0.006593406593406593,0.0004884004884004884,94.37,-67.44,6.37,C6
0.007326007326007326,0.004151404151404151,0.002442002442002442,0.002686202686202686,0.0007326007326007326,94.06,-67.56,5.0,C6
0.012698412698412698,0.009768009768009768,0.012454212454212455,0.011233211233211233,0.0014652014652014652,94.06,-67.25,4.5,C6
0.016361416361416362,0.020024420024420026,0.021001221001221003,0.018315018315018316,0.0019536019536019536,93.87,-67.5,4.31,C6
0.01904761904761905,0.02735042735042735,0.026862026862026864,0.023443223443223443,0.001221001221001221,94.56,-69.06,5.81,C6
0.021001221001221003,0.03223443223443224,0.03076923076923077,0.026862026862026864,0.0007326007326007326,95.12,-70.31,8.06,C6
0.01978021978021978,0.023931623931623933,0.0231990231990232,0.018315018315018316,0.0004884004884004884,95.75,-72.06,11.75,C6
0.013675213675213675,0.0004884004884004884,0.008547008547008548,0.002686202686202686,0.0002442002442002442,96.37,-72.37,14.81,C6
0.003418803418803419,0.021001221001221003,0.006837606837606838,0.01098901098901099,0.0,96.69,-72.5,16.62,C6
0.003663003663003663,0.035897435897435895,0.017582417582417582,0.020512820512820513,0.0,95.37,-70.75,13.88,C6
0.008547008547008548,0.0463980463980464,0.025152625152625153,0.027106227106227107,0.0002442002442002442,93.87,-67.5,7.31,C6
0.009523809523809525,0.04835164835164835,0.02735042735042735,0.02735042735042735,0.0002442002442002442,94.19,-64.87,6.56,C6
0.0014652014652014652,0.03663003663003663,0.019536019536019536,0.019536019536019536,0.0004884004884004884,94.25,-64.56,6.25,C6
0.00757020757020757,0.014896214896214897,0.005616605616605617,0.006593406593406593,0.0004884004884004884,94.25,-64.87,6.25,C6
0.01391941391941392,0.0009768009768009768,0.005372405372405372,0.002686202686202686,0.0004884004884004884,94.31,-66.12,6.31,C6
0.018315018315018316,0.011965811965811967,0.012942612942612943,0.009035409035409036,0.0004884004884004884,95.06,-68.81,7.81,C6
0.020024420024420026,0.01978021978021978,0.018315018315018316,0.013431013431013432,0.0004884004884004884,96.56,-71.56,11.94,C6
0.014163614163614164,0.010256410256410256,0.011233211233211233,0.00757020757020757,0.0004884004884004884,97.69,-74.31,18.62,C6
0.0031746031746031746,0.011965811965811967,0.003418803418803419,0.006349206349206349,0.0004884004884004884,98.06,-73.94,19.75,C6
0.004395604395604396,0.027594627594627594,0.014652014652014652,0.01611721611721612,0.0004884004884004884,97.0,-72.5,17.25,C6
0.009768009768009768,0.03833943833943834,0.022466422466422466,0.022954822954822957,0.0004884004884004884,95.56,-70.37,12.38,C6
0.012942612942612943,0.04468864468864469,0.028083028083028084,0.024175824175824177,0.0004884004884004884,94.81,-66.75,8.56,C6
0.009523809523809525,0.04224664224664225,0.025885225885225887,0.02026862026862027,0.0004884004884004884,94.5,-65.56,6.25,C6
0.0007326007326007326,0.02564102564102564,0.014896214896214897,0.010012210012210013,0.0007326007326007326,94.31,-65.75,5.62,C6
0.007814407814407814,0.004884004884004884,0.0007326007326007326,0.002197802197802198,0.0014652014652014652,94.12,-67.0,5.37,C6
0.01391941391941392,0.009768009768009768,0.00927960927960928,0.010744810744810745,0.0019536019536019536,94.94,-69.31,6.44,C6
0.018315018315018316,0.01978021978021978,0.01611721611721612,0.01684981684981685,0.002442002442002442,96.0,-71.56,10.81,C6
0.015873015873015872,0.01562881562881563,0.013431013431013432,0.014652014652014652,0.002686202686202686,97.37,-74.56,18.44,C6
0.006837606837606838,0.005616605616605617,0.0,0.0007326007326007326,0.0029304029304029304,98.19,-75.25,22.56,C6
0.004884004884004884,0.026373626373626374,0.015873015873015872,0.011721611721611722,0.0029304029304029304,98.12,-74.94,22.94,C6
0.012942612942612943,0.041025641025641026,0.026862026862026864,0.020512820512820513,0.0031746031746031746,96.19,-72.0,17.0,C6
0.01855921855921856,0.05103785103785104,0.03467643467643468,0.026862026862026864,0.0031746031746031746,94.62,-67.69,9.75,C6
0.018315018315018316,0.051770451770451774,0.035164835164835165,0.02612942612942613,0.0031746031746031746,94.12,-65.56,6.94,C6
0.010256410256410256,0.036874236874236875,0.02564102564102564,0.017582417582417582,0.0031746031746031746,94.12,-65.25,6.06,C6
0.0,0.014652014652014652,0.010744810744810745,0.00463980463980464,0.003418803418803419,93.81,-65.37,5.25,C6
0.007326007326007326,0.001221001221001221,0.0014652014652014652,0.004395604395604396,0.003418803418803419,94.06,-66.81,5.06,C6
0.012454212454212455,0.012454212454212455,0.010012210012210013,0.01098901098901099,0.003418803418803419,95.0,-69.56,7.06,C6
0.014652014652014652,0.02026862026862027,0.015873015873015872,0.015384615384615385,0.003418803418803419,95.94,-71.5,12.06,C6
0.00927960927960928,0.004151404151404151,0.006349206349206349,0.006349206349206349,0.003418803418803419,96.5,-72.37,15.06,C6
0.0002442002442002442,0.017582417582417582,0.008791208791208791,0.008791208791208791,0.003418803418803419,96.62,-72.5,15.75,C6
0.007814407814407814,0.0336996336996337,0.023443223443223443,0.019291819291819293,0.003418803418803419,96.75,-72.12,15.75,C6
0.012942612942612943,0.045177045177045176,0.03394383394383394,0.026617826617826617,0.003418803418803419,96.37,-71.12,14.56,C6
0.016605616605616606,0.05299145299145299,0.041025641025641026,0.03125763125763126,0.003418803418803419,94.62,-67.75,9.69,C6
0.017582417582417582,0.05641025641025641,0.04371184371184371,0.0315018315018315,0.003418803418803419,93.87,-64.62,6.31,C6
0.012454212454212455,0.04884004884004884,0.03736263736263736,0.025885225885225887,0.003418803418803419,93.94,-63.56,5.5,C6
0.002197802197802198,0.026617826617826617,0.022222222222222223,0.013431013431013432,0.003418803418803419,93.87,-63.56,5.5,C6
0.006593406593406593,0.005128205128205128,0.006593406593406593,0.0004884004884004884,0.003418803418803419,93.81,-64.06,5.12,C6
0.012942612942612943,0.009768009768009768,0.004151404151404151,0.008547008547008548,0.003418803418803419,94.44,-66.75,5.87,C6
0.017094017094017096,0.02026862026862027,0.011965811965811967,0.014652014652014652,0.003418803418803419,96.06,-69.69,10.75,C6
0.01514041514041514,0.015873015873015872,0.007326007326007326,0.010012210012210013,0.002197802197802198,97.12,-71.75,15.25,C6
0.006105006105006105,0.008302808302808303,0.006349206349206349,0.004395604395604396,0.0014652014652014652,97.81,-72.06,17.75,C6
0.0029304029304029304,0.025396825396825397,0.01855921855921856,0.014407814407814409,0.0009768009768009768,96.87,-71.31,18.0,C6
0.00927960927960928,0.03736263736263736,0.027106227106227107,0.021245421245421246,0.0004884004884004884,94.19,-67.25,14.0,C6
0.013675213675213675,0.04566544566544566,0.03321123321123321,0.02490842490842491,0.0002442002442002442,92.87,-63.25,12.38,C6
0.010500610500610501,0.04249084249084249,0.029304029304029304,0.02148962148962149,0.0,91.69,-61.25,12.81,C6
0.0009768009768009768,0.02442002442002442,0.016361416361416362,0.009768009768009768,0.0,91.25,-62.63,12.75,C6
0.00757020757020757,0.00463980463980464,0.0014652014652014652,0.0029304029304029304,0.0009768009768009768,91.81,-64.44,13.19,C6
0.013675213675213675,0.010256410256410256,0.010744810744810745,0.012698412698412698,0.0017094017094017094,91.69,-65.69,15.13,C6
0.017826617826617826,0.021001221001221003,0.01904761904761905,0.019536019536019536,0.002197802197802198,92.19,-68.37,16.19,C6
0.020512820512820513,0.028327228327228327,0.025152625152625153,0.02442002442002442,0.0014652014652014652,92.87,-69.94,20.31,C6
0.018070818070818073,0.024175824175824177,0.021733821733821733,0.020024420024420026,0.0009768009768009768,94.44,-73.12,27.25,C6
0.00805860805860806,0.0002442002442002442,0.005860805860805861,0.003418803418803419,0.0004884004884004884,96.25,-73.81,29.19,C6
0.003663003663003663,0.02197802197802198,0.011965811965811967,0.00927960927960928,0.0002442002442002442,97.56,-72.75,27.25,C6
0.011721611721611722,0.03711843711843712,0.024664224664224663,0.018315018315018316,0.0,96.56,-67.19,16.37,C6
0.017582417582417582,0.04786324786324787,0.033455433455433455,0.024664224664224663,0.0002442002442002442,96.56,-64.12,11.5,C6
0.013431013431013432,0.043467643467643466,0.029548229548229547,0.021245421245421246,0.0002442002442002442,96.94,-63.31,10.69,C6
0.0031746031746031746,0.02197802197802198,0.01562881562881563,0.009523809523809525,0.0002442002442002442,96.87,-63.0,10.63,C6
0.005128205128205128,0.002197802197802198,0.001221001221001221,0.002197802197802198,0.0002442002442002442,96.69,-63.31,9.56,C6
0.011233211233211233,0.011477411477411478,0.008791208791208791,0.010256410256410256,0.0007326007326007326,97.31,-65.75,8.94,C6
0.015384615384615385,0.021245421245421246,0.015873015873015872,0.015873015873015872,0.0014652014652014652,98.56,-69.94,13.81,C6
0.013186813186813187,0.01904761904761905,0.014652014652014652,0.01391941391941392,0.0009768009768009768,100.5,-75.12,23.75,C6
0.0017094017094017094,0.004151404151404151,0.001221001221001221,0.0002442002442002442,0.0004884004884004884,101.87,-76.62,29.87,C6
0.007814407814407814,0.020512820512820513,0.009035409035409036,0.010256410256410256,0.0002442002442002442,101.12,-72.81,23.81,C6
0.014407814407814409,0.03199023199023199,0.016361416361416362,0.01733821733821734,0.0,99.44,-65.81,13.25,C6
0.018803418803418803,0.03907203907203907,0.02148962148962149,0.020024420024420026,0.0,99.94,-62.06,11.56,C6
0.013431013431013432,0.027594627594627594,0.014652014652014652,0.013675213675213675,0.0002442002442002442,100.81,-59.94,11.69,C6
0.002442002442002442,0.007814407814407814,0.002442002442002442,0.003663003663003663,0.0009768009768009768,101.06,-60.0,11.0,C6
0.005128205128205128,0.00757020757020757,0.008547008547008548,0.005372405372405372,0.0017094017094017094,100.56,-62.06,9.13,C6
0.010500610500610501,0.018315018315018316,0.01611721611721612,0.011477411477411478,0.002197802197802198,101.0,-65.5,8.94,C6
0.014163614163614164,0.025885225885225887,0.02148962148962149,0.015873015873015872,0.002442002442002442,102.62,-69.5,13.81,C6
0.009768009768009768,0.014896214896214897,0.014896214896214897,0.010256410256410256,0.002686202686202686,104.56,-71.94,20.25,C6
0.0004884004884004884,0.00805860805860806,0.002197802197802198,0.0031746031746031746,0.0029304029304029304,105.87,-71.0,20.44,C6
0.009035409035409036,0.023931623931623933,0.014896214896214897,0.012698412698412698,0.0031746031746031746,104.62,-67.5,17.44,C6
0.014896214896214897,0.035164835164835165,0.023687423687423687,0.019291819291819293,0.0019536019536019536,102.81,-63.75,12.31,C6
0.01904761904761905,0.04249084249084249,0.029792429792429794,0.021245421245421246,0.002442002442002442,101.75,-62.31,7.31,C6
0.015873015873015872,0.037606837606837605,0.02564102564102564,0.017094017094017096,0.002686202686202686,101.81,-62.56,5.75,C6
0.005616605616605617,0.01684981684981685,0.012942612942612943,0.007081807081807082,0.0029304029304029304,102.06,-62.44,5.5,C6
0.0017094017094017094,0.002442002442002442,0.003907203907203907,0.0,0.0017094017094017094,102.31,-64.81,5.31,C6
0.006593406593406593,0.00757020757020757,0.002197802197802198,0.004884004884004884,0.001221001221001221,103.44,-66.0,9.88,C6
0.005860805860805861,0.007814407814407814,0.002686202686202686,0.006105006105006105,0.0007326007326007326,104.56,-67.62,13.0,C6
0.003663003663003663,0.009523809523809525,0.007814407814407814,0.0031746031746031746,0.0004884004884004884,105.25,-67.0,13.69,C6
0.01221001221001221,0.0231990231990232,0.016605616605616606,0.009768009768009768,0.0,104.87,-65.75,13.5,C6
0.018070818070818073,0.032722832722832725,0.02271062271062271,0.014163614163614164,0.0,102.31,-63.06,9.69,C6
0.022222222222222223,0.039316239316239315,0.026862026862026864,0.01684981684981685,0.0002442002442002442,101.81,-61.56,6.06,C6
0.017826617826617826,0.035164835164835165,0.022222222222222223,0.013675213675213675,0.0002442002442002442,102.12,-60.63,5.44,C6
0.006837606837606838,0.015384615384615385,0.00927960927960928,0.004395604395604396,0.0002442002442002442,102.12,-60.75,5.12,C6
0.0007326007326007326,0.001221001221001221,0.003418803418803419,0.004395604395604396,0.0002442002442002442,102.06,-62.38,4.62,C6
0.006105006105006105,0.008547008547008548,0.01221001221001221,0.010744810744810745,0.0004884004884004884,102.94,-66.94,7.06,C6
0.009035409035409036,0.01562881562881563,0.018315018315018316,0.01514041514041514,0.0004884004884004884,104.44,-71.81,13.94,C6
0.002686202686202686,0.001221001221001221,0.00927960927960928,0.005860805860805861,0.0004884004884004884,105.44,-72.25,17.56,C6
0.00805860805860806,0.021001221001221003,0.005372405372405372,0.006593406593406593,0.0004884004884004884,105.31,-71.81,17.94,C6
0.015384615384615385,0.03492063492063492,0.015384615384615385,0.01562881562881563,0.0004884004884004884,103.31,-68.94,14.75,C6
0.020757020757020756,0.04468864468864469,0.022466422466422466,0.021733821733821733,0.0004884004884004884,100.44,-63.44,5.94,C6
0.020024420024420026,0.045177045177045176,0.023687423687423687,0.020757020757020756,0.0004884004884004884,100.56,-59.44,5.19,C6
0.011721611721611722,0.029792429792429794,0.014163614163614164,0.012698412698412698,0.0004884004884004884,101.31,-58.88,5.25,C6
0.0014652014652014652,0.00805860805860806,0.0,0.0007326007326007326,0.0004884004884004884,101.75,-59.25,5.06,C6
0.005616605616605617,0.007326007326007326,0.009768009768009768,0.007814407814407814,0.0004884004884004884,102.5,-62.94,5.06,C6
0.010500610500610501,0.018070818070818073,0.01684981684981685,0.013675213675213675,0.0017094017094017094,102.81,-68.75,6.81,C6
0.009523809523809525,0.01098901098901099,0.013186813186813187,0.010012210012210013,0.002442002442002442,103.62,-71.69,9.69,C6
0.0017094017094017094,0.010256410256410256,0.0009768009768009768,0.0004884004884004884,0.0031746031746031746,103.62,-71.31,9.19,C6
0.007081807081807082,0.025885225885225887,0.01562881562881563,0.00927960927960928,0.003418803418803419,103.87,-71.5,9.56,C6
0.013431013431013432,0.03663003663003663,0.025885225885225887,0.01562881562881563,0.003907203907203907,103.25,-69.94,9.63,C6
0.017582417582417582,0.044444444444444446,0.03296703296703297,0.020024420024420026,0.003907203907203907,101.25,-64.0,5.19,C6
0.018070818070818073,0.04664224664224664,0.03492063492063492,0.020024420024420026,0.004151404151404151,100.87,-59.94,4.25,C6
0.01098901098901099,0.03785103785103785,0.028327228327228327,0.014407814407814409,0.004151404151404151,100.75,-58.81,4.37,C6
0.0004884004884004884,0.01562881562881563,0.013675213675213675,0.003418803418803419,0.004151404151404151,100.44,-59.38,4.69,C6
0.007081807081807082,0.0017094017094017094,0.0002442002442002442,0.006837606837606838,0.0031746031746031746,99.75,-61.69,4.69,C6
0.01221001221001221,0.014163614163614164,0.010012210012210013,0.01391941391941392,0.002442002442002442,100.0,-65.25,5.69,C6
0.014896214896214897,0.02271062271062271,0.01684981684981685,0.01904761904761905,0.0019536019536019536,102.44,-70.69,11.69,C6
0.009523809523809525,0.006349206349206349,0.007814407814407814,0.010012210012210013,0.0014652014652014652,103.5,-72.5,15.56,C6
0.001221001221001221,0.014163614163614164,0.006837606837606838,0.002686202686202686,0.001221001221001221,103.87,-73.12,17.12,C6
0.008791208791208791,0.02857142857142857,0.01733821733821734,0.011721611721611722,0.0009768009768009768,103.0,-71.62,15.19,C6
0.014163614163614164,0.038583638583638585,0.02442002442002442,0.018070818070818073,0.0007326007326007326,100.0,-64.5,6.62,C6
0.017582417582417582,0.04322344322344322,0.029304029304029304,0.01904761904761905,0.0019536019536019536,99.75,-61.13,5.94,C6
0.010256410256410256,0.032722832722832725,0.021733821733821733,0.012698412698412698,0.0014652014652014652,99.19,-60.75,6.06,C6
0.0,0.011477411477411478,0.007814407814407814,0.001221001221001221,0.001221001221001221,99.06,-60.94,6.19,C6
0.007326007326007326,0.005372405372405372,0.004151404151404151,0.009035409035409036,0.0009768009768009768,98.81,-62.19,6.69,C6
0.012454212454212455,0.017094017094017096,0.012698412698412698,0.01611721611721612,0.0009768009768009768,99.0,-65.69,7.81,C6
0.015873015873015872,0.025396825396825397,0.01855921855921856,0.021245421245421246,0.0007326007326007326,100.44,-70.19,12.25,C6
0.01221001221001221,0.018803418803418803,0.014407814407814409,0.017826617826617826,0.0007326007326007326,101.62,-73.0,18.25,C6
0.0,0.005128205128205128,0.0009768009768009768,0.0031746031746031746,0.0017094017094017094,102.12,-72.5,19.06,C6
0.010744810744810745,0.02564102564102564,0.018315018315018316,0.009035409035409036,0.002442002442002442,102.31,-72.25,19.69,C6
0.018070818070818073,0.04004884004884005,0.03028083028083028,0.017582417582417582,0.0031746031746031746,101.94,-71.56,18.75,C6
0.023443223443223443,0.05030525030525031,0.03882783882783883,0.023443223443223443,0.003418803418803419,100.56,-67.75,13.56,C6
0.02490842490842491,0.05445665445665446,0.043467643467643466,0.025152625152625153,0.003663003663003663,99.87,-64.87,8.5,C6
0.02148962148962149,0.05030525030525031,0.040293040293040296,0.02197802197802198,0.002686202686202686,100.62,-64.62,7.44,C6
0.010012210012210013,0.029792429792429794,0.028083028083028084,0.012698412698412698,0.002197802197802198,101.06,-65.19,7.06,C6
0.001221001221001221,0.00757020757020757,0.012942612942612943,0.0004884004884004884,0.0017094017094017094,100.69,-65.69,6.12,C6
0.009035409035409036,0.00805860805860806,0.0009768009768009768,0.008791208791208791,0.001221001221001221,100.37,-66.69,5.37,C6
0.014407814407814409,0.018803418803418803,0.00757020757020757,0.01514041514041514,0.0009768009768009768,98.62,-70.25,3.31,C6
0.01684981684981685,0.024175824175824177,0.013431013431013432,0.01978021978021978,0.0007326007326007326,97.75,-74.06,3.0,C6
0.01514041514041514,0.01733821733821734,0.00757020757020757,0.01391941391941392,0.0019536019536019536,98.31,-76.06,8.56,C6
0.008302808302808303,0.002442002442002442,0.0031746031746031746,0.0031746031746031746,0.002686202686202686,98.94,-77.31,13.5,C6
0.002197802197802198,0.020757020757020756,0.01514041514041514,0.008302808302808303,0.0031746031746031746,99.81,-77.62,15.63,C6
0.01098901098901099,0.033455433455433455,0.02564102564102564,0.016361416361416362,0.003418803418803419,99.87,-76.69,15.75,C6
0.01733821733821734,0.04249084249084249,0.03321123321123321,0.02197802197802198,0.003663003663003663,97.06,-72.0,8.75,C6
0.02148962148962149,0.0485958485958486,0.03833943833943834,0.02442002442002442,0.003907203907203907,95.75,-68.06,4.19,C6
0.018070818070818073,0.045177045177045176,0.03467643467643468,0.02148962148962149,0.003907203907203907,96.56,-66.25,3.94,C6
0.007081807081807082,0.02612942612942613,0.021733821733821733,0.011477411477411478,0.0029304029304029304,96.62,-65.87,4.0,C6
0.002197802197802198,0.005860805860805861,0.007326007326007326,0.0,0.002197802197802198,96.94,-65.5,4.12,C6
0.00927960927960928,0.009768009768009768,0.004395604395604396,0.009768009768009768,0.0017094017094017094,97.06,-66.37,3.06,C6
0.014163614163614164,0.020757020757020756,0.012454212454212455,0.016361416361416362,0.001221001221001221,97.06,-68.5,2.06,C6
0.017582417582417582,0.02857142857142857,0.018070818070818073,0.021245421245421246,0.0009768009768009768,97.94,-71.69,3.75,C6
0.018803418803418803,0.03223443223443224,0.021733821733821733,0.024175824175824177,0.0009768009768009768,98.69,-76.0,8.69,C6
0.014652014652014652,0.020512820512820513,0.013675213675213675,0.017094017094017096,0.0007326007326007326,99.75,-78.12,16.25,C6
0.004884004884004884,0.0031746031746031746,0.0002442002442002442,0.003907203907203907,0.0007326007326007326,100.5,-78.44,19.31,C6
0.00463980463980464,0.01978021978021978,0.013431013431013432,0.005372405372405372,0.0017094017094017094,99.56,-76.31,17.31,C6
0.011233211233211233,0.03125763125763126,0.022466422466422466,0.011965811965811967,0.002442002442002442,97.56,-71.69,9.56,C6
0.01611721611721612,0.03882783882783883,0.028815628815628817,0.014896214896214897,0.0031746031746031746,97.19,-69.19,4.5,C6
0.011721611721611722,0.03321123321123321,0.025152625152625153,0.011477411477411478,0.003418803418803419,97.31,-68.56,2.37,C6
0.0014652014652014652,0.014652014652014652,0.013431013431013432,0.002442002442002442,0.003663003663003663,97.94,-67.62,3.0,C6
0.007814407814407814,0.00463980463980464,0.0004884004884004884,0.008302808302808303,0.002686202686202686,97.94,-67.87,2.94,C6
0.014163614163614164,0.018315018315018316,0.011477411477411478,0.017582417582417582,0.002197802197802198,97.94,-67.81,2.87,C6
0.01855921855921856,0.02783882783882784,0.019291819291819293,0.023931623931623933,0.0017094017094017094,98.31,-68.81,2.5,C6
0.020757020757020756,0.03467643467643468,0.02490842490842491,0.028327228327228327,0.0014652014652014652,98.31,-70.0,2.37,C6
0.021001221001221003,0.0380952380952381,0.02735042735042735,0.029792429792429794,0.001221001221001221,98.5,-73.62,4.0,C6
0.018803418803418803,0.03711843711843712,0.022954822954822957,0.027594627594627594,0.0009768009768009768,100.06,-77.87,12.0,C6
0.011233211233211233,0.01855921855921856,0.00927960927960928,0.01684981684981685,0.0009768009768009768,100.87,-79.25,19.44,C6
0.0014652014652014652,0.00757020757020757,0.007326007326007326,0.0017094017094017094,0.0007326007326007326,101.25,-77.69,19.06,C6
0.010256410256410256,0.02612942612942613,0.021733821733821733,0.008791208791208791,0.0007326007326007326,101.12,-76.56,17.94,C6
0.016361416361416362,0.03907203907203907,0.03199023199023199,0.016361416361416362,0.0004884004884004884,98.87,-71.5,10.38,C6
0.020024420024420026,0.04810744810744811,0.03907203907203907,0.021245421245421246,0.0004884004884004884,98.25,-65.5,5.75,C6
0.017094017094017096,0.04737484737484737,0.037606837606837605,0.019536019536019536,0.0004884004884004884,98.06,-64.44,4.81,C6
0.006593406593406593,0.029304029304029304,0.025396825396825397,0.009523809523809525,0.0004884004884004884,97.94,-64.25,4.69,C6
0.0031746031746031746,0.008791208791208791,0.010500610500610501,0.0019536019536019536,0.0004884004884004884,97.94,-64.37,4.81,C6
0.010012210012210013,0.005616605616605617,0.0002442002442002442,0.010012210012210013,0.0004884004884004884,97.75,-66.81,4.62,C6
0.014652014652014652,0.01562881562881563,0.006837606837606838,0.01562881562881563,0.0004884004884004884,98.94,-72.31,8.94,C6
0.016605616605616606,0.02026862026862027,0.01098901098901099,0.019291819291819293,0.0004884004884004884,100.37,-75.69,12.81,C6
0.011965811965811967,0.0002442002442002442,0.0017094017094017094,0.010256410256410256,0.0004884004884004884,101.44,-77.62,17.31,C6
0.0029304029304029304,0.02026862026862027,0.016605616605616606,0.003418803418803419,0.0004884004884004884,102.06,-77.12,18.44,C6
0.004151404151404151,0.03467643467643468,0.026862026862026864,0.013186813186813187,0.0004884004884004884,100.81,-76.06,15.94,C6
0.00927960927960928,0.04468864468864469,0.03394383394383394,0.01978021978021978,0.0004884004884004884,98.56,-71.69,8.56,C6
0.012698412698412698,0.04932844932844933,0.03907203907203907,0.021733821733821733,0.0004884004884004884,97.75,-67.12,5.19,C6
0.009523809523809525,0.04542124542124542,0.03565323565323565,0.018315018315018316,0.0004884004884004884,97.44,-65.81,3.5,C6
0.0017094017094017094,0.03028083028083028,0.025396825396825397,0.010256410256410256,0.0004884004884004884,97.69,-65.31,3.69,C6
0.007081807081807082,0.010012210012210013,0.011477411477411478,0.0,0.0004884004884004884,97.94,-65.06,4.19,C6
0.013186813186813187,0.004884004884004884,0.0,0.008791208791208791,0.0004884004884004884,97.5,-66.69,2.87,C6
0.017582417582417582,0.01514041514041514,0.008302808302808303,0.014896214896214897,0.0004884004884004884,97.75,-69.37,2.69,C6
0.01978021978021978,0.022466422466422466,0.01391941391941392,0.019291819291819293,0.0004884004884004884,98.12,-72.0,3.06,C6
0.018070818070818073,0.018070818070818073,0.009768009768009768,0.01514041514041514,0.0004884004884004884,99.44,-74.44,5.56,C6
0.012698412698412698,0.004395604395604396,0.0009768009768009768,0.008547008547008548,0.0004884004884004884,100.19,-74.69,8.0,C6
0.00463980463980464,0.011965811965811967,0.008791208791208791,0.0,0.0004884004884004884,100.56,-74.5,9.0,C6
0.0029304029304029304,0.023687423687423687,0.015384615384615385,0.005860805860805861,0.0004884004884004884,100.0,-73.62,8.56,C6
0.008547008547008548,0.031746031746031744,0.020024420024420026,0.010012210012210013,0.0004884004884004884,98.37,-69.31,6.06,C6
0.01221001221001221,0.03638583638583639,0.022466422466422466,0.011477411477411478,0.0017094017094017094,97.5,-66.06,4.56,C6
0.008547008547008548,0.03199023199023199,0.018315018315018316,0.007814407814407814,0.002442002442002442,97.44,-65.06,3.87,C6
0.0007326007326007326,0.016605616605616606,0.00757020757020757,0.0004884004884004884,0.0029304029304029304,98.31,-64.94,4.56,C6
0.008547008547008548,0.0004884004884004884,0.004884004884004884,0.010256410256410256,0.003418803418803419,98.12,-67.0,3.5,C6
0.013675213675213675,0.012454212454212455,0.013675213675213675,0.01733821733821734,0.003663003663003663,98.37,-70.94,3.37,C6
0.017582417582417582,0.020757020757020756,0.01978021978021978,0.022222222222222223,0.003907203907203907,100.19,-74.94,8.56,C6
0.014407814407814409,0.014407814407814409,0.013675213675213675,0.01611721611721612,0.003907203907203907,102.37,-76.75,14.56,C6
0.001221001221001221,0.008547008547008548,0.0007326007326007326,0.003907203907203907,0.004151404151404151,102.19,-75.44,13.31,C6
0.008302808302808303,0.024664224664224663,0.008547008547008548,0.00463980463980464,0.004151404151404151,100.06,-72.62,8.75,C6
0.014652014652014652,0.03565323565323565,0.014896214896214897,0.010500610500610501,0.004151404151404151,98.06,-69.62,2.56,C6
0.017582417582417582,0.04151404151404151,0.01904761904761905,0.011965811965811967,0.004395604395604396,97.5,-65.19,0.0,C6
0.013675213675213675,0.03956043956043956,0.017582417582417582,0.009035409035409036,0.004395604395604396,98.12,-64.5,0.19,C6
0.003418803418803419,0.02197802197802198,0.006593406593406593,0.0004884004884004884,0.004395604395604396,98.19,-64.31,0.13,C6
0.005372405372405372,0.0014652014652014652,0.006593406593406593,0.011721611721611722,0.004395604395604396,98.37,-65.5,-2.06,C6
0.011233211233211233,0.013186813186813187,0.01562881562881563,0.019536019536019536,0.004395604395604396,98.69,-68.19,-2.94,C6
0.015384615384615385,0.0231990231990232,0.022222222222222223,0.02490842490842491,0.004395604395604396,99.37,-72.25,-1.69,C6
0.012942612942612943,0.01978021978021978,0.01978021978021978,0.022222222222222223,0.004395604395604396,100.56,-75.75,2.62,C6
0.002686202686202686,0.002197802197802198,0.006105006105006105,0.009035409035409036,0.004395604395604396,101.5,-76.75,5.75,C6
0.009768009768009768,0.0231990231990232,0.010744810744810745,0.005372405372405372,0.004395604395604396,101.69,-75.81,6.31,C6
0.01855921855921856,0.0380952380952381,0.023443223443223443,0.015384615384615385,0.004395604395604396,101.44,-74.81,6.12,C6
0.02490842490842491,0.04835164835164835,0.03223443223443224,0.022466422466422466,0.004395604395604396,99.12,-70.31,1.94,C6
0.02735042735042735,0.052503052503052504,0.038583638583638585,0.02490842490842491,0.004395604395604396,99.12,-66.37,0.5,C6
0.022954822954822957,0.0485958485958486,0.03638583638583639,0.02197802197802198,0.004395604395604396,99.31,-65.25,-0.56,C6
0.01221001221001221,0.033455433455433455,0.02490842490842491,0.013675213675213675,0.0031746031746031746,99.31,-65.25,-1.06,C6
0.0017094017094017094,0.012698412698412698,0.010256410256410256,0.002686202686202686,0.002442002442002442,98.87,-65.25,-1.12,C6
0.005860805860805861,0.005372405372405372,0.003663003663003663,0.008547008547008548,0.0019536019536019536,98.44,-66.25,-1.75,C6
0.01098901098901099,0.018070818070818073,0.013431013431013432,0.01611721611721612,0.0014652014652014652,98.44,-69.44,-1.19,C6
0.014163614163614164,0.027106227106227107,0.02026862026862027,0.021733821733821733,0.001221001221001221,99.5,-73.69,2.62,C6
0.010744810744810745,0.02026862026862027,0.014652014652014652,0.01684981684981685,0.0009768009768009768,100.81,-75.81,7.5,C6
0.001221001221001221,0.00463980463980464,0.0002442002442002442,0.002442002442002442,0.0009768009768009768,101.19,-75.12,8.69,C6
0.011477411477411478,0.0231990231990232,0.01733821733821734,0.008791208791208791,0.0019536019536019536,100.56,-74.44,8.81,C6
0.01855921855921856,0.036141636141636145,0.029548229548229547,0.016605616605616606,0.002686202686202686,99.87,-72.5,8.25,C6
0.023443223443223443,0.045177045177045176,0.03785103785103785,0.022222222222222223,0.0019536019536019536,97.62,-67.06,3.56,C6
0.024175824175824177,0.04810744810744811,0.04078144078144078,0.0231990231990232,0.0014652014652014652,97.56,-63.94,2.31,C6
0.017826617826617826,0.04078144078144078,0.034432234432234435,0.018070818070818073,0.001221001221001221,98.37,-62.56,3.19,C6
0.006837606837606838,0.019536019536019536,0.01978021978021978,0.007814407814407814,0.0009768009768009768,98.44,-62.56,2.69,C6
0.002197802197802198,0.0004884004884004884,0.005616605616605617,0.0031746031746031746,0.0007326007326007326,98.56,-62.69,2.12,C6
0.008547008547008548,0.012942612942612943,0.005128205128205128,0.011477411477411478,0.0007326007326007326,98.94,-63.25,1.75,C6
0.012942612942612943,0.022222222222222223,0.012454212454212455,0.017582417582417582,0.0007326007326007326,99.37,-65.94,1.56,C6
0.015384615384615385,0.028327228327228327,0.017826617826617826,0.021733821733821733,0.0007326007326007326,99.94,-69.94,4.87,C6
0.013675213675213675,0.02612942612942613,0.015384615384615385,0.018803418803418803,0.0007326007326007326,101.62,-74.0,12.31,C6
0.003663003663003663,0.0007326007326007326,0.0004884004884004884,0.005860805860805861,0.0007326007326007326,102.69,-75.0,14.75,C6
0.005372405372405372,0.01733821733821734,0.010500610500610501,0.003418803418803419,0.0007326007326007326,100.62,-71.44,11.63,C6
0.011477411477411478,0.029792429792429794,0.018070818070818073,0.009768009768009768,0.0017094017094017094,98.81,-66.94,6.25,C6
0.015873015873015872,0.036874236874236875,0.023443223443223443,0.012698412698412698,0.002442002442002442,98.75,-64.69,4.81,C6
0.010500610500610501,0.026862026862026864,0.017582417582417582,0.00757020757020757,0.0029304029304029304,99.31,-63.5,5.5,C6
0.0009768009768009768,0.00805860805860806,0.005616605616605617,0.002197802197802198,0.003418803418803419,99.56,-63.0,5.44,C6
0.006105006105006105,0.007814407814407814,0.006349206349206349,0.011721611721611722,0.002442002442002442,99.56,-62.94,5.06,C6
0.010744810744810745,0.018803418803418803,0.014652014652014652,0.018315018315018316,0.0019536019536019536,99.56,-63.31,4.56,C6
0.014163614163614164,0.026617826617826617,0.020512820512820513,0.022954822954822957,0.0014652014652014652,99.5,-65.5,4.37,C6
0.01514041514041514,0.03076923076923077,0.024664224664224663,0.02564102564102564,0.001221001221001221,101.0,-69.0,7.31,C6
0.011721611721611722,0.02197802197802198,0.018315018315018316,0.020512820512820513,0.0009768009768009768,102.94,-72.44,12.75,C6
0.0019536019536019536,0.0029304029304029304,0.002686202686202686,0.006837606837606838,0.0007326007326007326,103.75,-73.06,14.25,C6
0.006837606837606838,0.02026862026862027,0.012454212454212455,0.003907203907203907,0.0007326007326007326,102.69,-71.87,13.25,C6
0.012942612942612943,0.03247863247863248,0.0231990231990232,0.011477411477411478,0.0004884004884004884,100.37,-67.06,8.13,C6
0.017094017094017096,0.0398046398046398,0.03076923076923077,0.01684981684981685,0.0004884004884004884,100.69,-61.63,5.5,C6
0.013675213675213675,0.035897435897435895,0.02783882783882784,0.014407814407814409,0.0004884004884004884,100.87,-61.31,5.75,C6
0.002686202686202686,0.013186813186813187,0.01221001221001221,0.003418803418803419,0.0004884004884004884,100.81,-62.25,4.94,C6
0.005860805860805861,0.004884004884004884,0.0019536019536019536,0.007326007326007326,0.0004884004884004884,100.75,-63.13,4.31,C6
0.011965811965811967,0.017582417582417582,0.011965811965811967,0.014652014652014652,0.0004884004884004884,100.75,-66.5,3.25,C6
0.016361416361416362,0.026373626373626374,0.01904761904761905,0.020024420024420026,0.0004884004884004884,101.94,-71.94,7.19,C6
0.01514041514041514,0.02490842490842491,0.018315018315018316,0.01904761904761905,0.0004884004884004884,103.62,-75.25,16.25,C6
0.006349206349206349,0.0014652014652014652,0.00463980463980464,0.008791208791208791,0.0004884004884004884,104.25,-76.81,21.75,C6
0.005372405372405372,0.020512820512820513,0.013675213675213675,0.0029304029304029304,0.0004884004884004884,104.75,-76.31,22.31,C6
0.013431013431013432,0.035897435897435895,0.026373626373626374,0.01098901098901099,0.0004884004884004884,104.69,-75.69,22.44,C6
0.01904761904761905,0.046886446886446886,0.03540903540903541,0.01684981684981685,0.0004884004884004884,101.69,-68.56,10.38,C6
0.02271062271062271,0.05225885225885226,0.04126984126984127,0.018803418803418803,0.0004884004884004884,101.5,-63.0,7.25,C6
0.017826617826617826,0.04395604395604396,0.03565323565323565,0.014407814407814409,0.0004884004884004884,101.56,-62.69,6.94,C6
0.006593406593406593,0.021245421245421246,0.020757020757020756,0.003663003663003663,0.0004884004884004884,101.56,-62.75,7.0,C6
0.0019536019536019536,0.002442002442002442,0.006349206349206349,0.006593406593406593,0.0004884004884004884,101.44,-63.31,6.62,C6
0.00805860805860806,0.010744810744810745,0.004395604395604396,0.014652014652014652,0.0004884004884004884,101.5,-64.56,6.31,C6
0.01221001221001221,0.020024420024420026,0.011965811965811967,0.02026862026862027,0.0004884004884004884,101.62,-66.81,6.81,C6
0.014407814407814409,0.026373626373626374,0.01733821733821734,0.024175824175824177,0.0004884004884004884,103.56,-71.19,11.44,C6
0.011721611721611722,0.022954822954822957,0.01514041514041514,0.021733821733821733,0.0004884004884004884,105.31,-75.06,19.87,C6
0.0002442002442002442,0.002197802197802198,0.0002442002442002442,0.00757020757020757,0.0004884004884004884,105.94,-75.31,23.31,C6
0.011965811965811967,0.023443223443223443,0.017094017094017096,0.005372405372405372,0.0004884004884004884,106.25,-75.06,23.94,C6
0.02026862026862027,0.03833943833943834,0.02905982905982906,0.014163614163614164,0.0004884004884004884,106.19,-73.87,21.56,C6
0.02612942612942613,0.04884004884004884,0.037606837606837605,0.020512820512820513,0.0004884004884004884,103.44,-68.94,11.63,C6
0.02857142857142857,0.05372405372405373,0.04078144078144078,0.022222222222222223,0.0004884004884004884,102.06,-63.94,5.5,C6
0.023443223443223443,0.04713064713064713,0.03492063492063492,0.018315018315018316,0.0004884004884004884,101.81,-63.19,3.94,C6
0.011721611721611722,0.02442002442002442,0.019291819291819293,0.007081807081807082,0.0004884004884004884,101.62,-62.5,4.06,C6
0.0014652014652014652,0.004151404151404151,0.004151404151404151,0.004395604395604396,0.0004884004884004884,101.19,-62.63,3.5,C6
0.005616605616605617,0.010012210012210013,0.00757020757020757,0.013431013431013432,0.0004884004884004884,101.0,-64.69,2.56,C6
0.010744810744810745,0.01978021978021978,0.015873015873015872,0.019536019536019536,0.0004884004884004884,101.62,-67.19,4.06,C6
0.012698412698412698,0.026373626373626374,0.021733821733821733,0.023931623931623933,0.0004884004884004884,103.12,-72.0,8.5,C6
0.010256410256410256,0.02271062271062271,0.017826617826617826,0.020024420024420026,0.0004884004884004884,105.25,-76.0,18.37,C6
0.0009768009768009768,0.0014652014652014652,0.0029304029304029304,0.006105006105006105,0.0004884004884004884,106.37,-76.56,22.12,C6
0.008547008547008548,0.020512820512820513,0.013431013431013432,0.005128205128205128,0.0004884004884004884,105.69,-75.94,21.19,C6
0.015384615384615385,0.0336996336996337,0.02490842490842491,0.013186813186813187,0.0004884004884004884,103.44,-73.06,14.06,C6
0.020024420024420026,0.04322344322344322,0.03296703296703297,0.018803418803418803,0.0004884004884004884,101.87,-69.06,7.19,C6
0.019536019536019536,0.044444444444444446,0.03296703296703297,0.018803418803418803,0.0004884004884004884,101.06,-66.0,3.62,C6
0.012942612942612943,0.03565323565323565,0.025885225885225887,0.013675213675213675,0.0004884004884004884,101.12,-65.31,2.75,C6
0.0029304029304029304,0.01684981684981685,0.012698412698412698,0.004151404151404151,0.0004884004884004884,101.37,-64.75,3.12,C6
0.005128205128205128,0.0019536019536019536,0.0014652014652014652,0.006593406593406593,0.0004884004884004884,101.06,-66.12,2.31,C6
0.010744810744810745,0.015384615384615385,0.011477411477411478,0.014163614163614164,0.0004884004884004884,101.0,-69.75,2.62,C6
0.014896214896214897,0.024664224664224663,0.01855921855921856,0.019536019536019536,0.0004884004884004884,101.62,-73.19,3.81,C6
0.014407814407814409,0.02442002442002442,0.02148962148962149,0.022466422466422466,0.0004884004884004884,102.87,-75.5,9.56,C6
0.01098901098901099,0.011965811965811967,0.01514041514041514,0.017094017094017096,0.0004884004884004884,104.31,-76.94,17.0,C6
0.002442002442002442,0.006593406593406593,0.004151404151404151,0.005616605616605617,0.0004884004884004884,105.31,-77.06,18.44,C6
0.00757020757020757,0.022954822954822957,0.007326007326007326,0.006105006105006105,0.0004884004884004884,106.0,-76.75,20.0,C6
0.014407814407814409,0.03418803418803419,0.01611721611721612,0.014163614163614164,0.0004884004884004884,105.62,-75.44,20.0,C6
0.019536019536019536,0.04224664224664225,0.022222222222222223,0.020024420024420026,0.0004884004884004884,102.56,-71.56,12.63,C6
0.022466422466422466,0.04737484737484737,0.026373626373626374,0.021245421245421246,0.0004884004884004884,100.87,-67.37,6.62,C6
0.01855921855921856,0.042735042735042736,0.022466422466422466,0.01684981684981685,0.0004884004884004884,100.87,-65.56,4.06,C6
0.009768009768009768,0.026617826617826617,0.011233211233211233,0.006837606837606838,0.0004884004884004884,101.25,-65.25,3.87,C6
0.001221001221001221,0.007081807081807082,0.002686202686202686,0.003907203907203907,0.0004884004884004884,101.37,-65.81,2.94,C6
0.004884004884004884,0.00805860805860806,0.014407814407814409,0.013186813186813187,0.0004884004884004884,101.69,-66.69,2.5,C6
0.009035409035409036,0.01855921855921856,0.02271062271062271,0.019536019536019536,0.0004884004884004884,102.75,-70.62,2.31,C6
0.011233211233211233,0.02612942612942613,0.02857142857142857,0.024175824175824177,0.0004884004884004884,104.44,-76.06,8.25,C6
0.01098901098901099,0.02197802197802198,0.024664224664224663,0.020512820512820513,0.0004884004884004884,106.56,-79.5,19.44,C6
0.004395604395604396,0.0002442002442002442,0.01098901098901099,0.00927960927960928,0.0004884004884004884,107.81,-80.25,27.5,C6
0.005616605616605617,0.01855921855921856,0.004395604395604396,0.0014652014652014652,0.0004884004884004884,107.31,-78.94,26.37,C6
0.012698412698412698,0.031746031746031744,0.01514041514041514,0.008791208791208791,0.0004884004884004884,103.81,-74.44,13.56,C6
0.017582417582417582,0.041025641025641026,0.02271062271062271,0.014163614163614164,0.0004884004884004884,102.06,-68.94,6.62,C6
0.015873015873015872,0.0398046398046398,0.02197802197802198,0.013431013431013432,0.0004884004884004884,101.44,-65.75,6.19,C6
0.007081807081807082,0.02783882783882784,0.013431013431013432,0.007081807081807082,0.0004884004884004884,101.44,-64.56,6.25,C6
0.002197802197802198,0.011477411477411478,0.002442002442002442,0.001221001221001221,0.0004884004884004884,101.19,-64.81,5.87,C6
0.00927960927960928,0.003418803418803419,0.00805860805860806,0.009768009768009768,0.0007326007326007326,101.56,-65.0,6.12,C6
0.014407814407814409,0.014407814407814409,0.016361416361416362,0.016605616605616606,0.0014652014652014652,101.81,-66.25,6.37,C6
0.017826617826617826,0.022222222222222223,0.022222222222222223,0.021245421245421246,0.002197802197802198,102.37,-69.81,8.13,C6
0.018803418803418803,0.027594627594627594,0.026373626373626374,0.02442002442002442,0.002442002442002442,103.81,-73.19,13.69,C6
0.014652014652014652,0.021245421245421246,0.020512820512820513,0.018070818070818073,0.0017094017094017094,106.31,-76.81,26.5,C6
0.004151404151404151,0.0,0.006837606837606838,0.005860805860805861,0.0009768009768009768,106.44,-77.62,31.31,C6
0.0031746031746031746,0.014896214896214897,0.002686202686202686,0.002686202686202686,0.0004884004884004884,103.25,-72.5,15.31,C6
0.008302808302808303,0.025396825396825397,0.00927960927960928,0.008791208791208791,0.0002442002442002442,102.44,-68.94,9.56,C6
0.008791208791208791,0.028083028083028084,0.013431013431013432,0.010500610500610501,0.0,102.62,-67.75,8.75,C6
0.0017094017094017094,0.013186813186813187,0.006105006105006105,0.003418803418803419,0.0,102.94,-66.94,8.63,C6
0.005616605616605617,0.003663003663003663,0.00463980463980464,0.006349206349206349,0.0002442002442002442,102.69,-67.0,7.87,C6
0.01098901098901099,0.016605616605616606,0.014163614163614164,0.014652014652014652,0.0002442002442002442,102.62,-66.75,7.5,C6
0.014652014652014652,0.025885225885225887,0.021733821733821733,0.021245421245421246,0.0007326007326007326,102.81,-67.25,7.5,C6
0.01733821733821734,0.03223443223443224,0.026862026862026864,0.025885225885225887,0.0004884004884004884,102.94,-69.19,7.62,C6
0.018315018315018316,0.03638583638583639,0.030525030525030524,0.02905982905982906,0.0002442002442002442,103.44,-71.5,9.69,C6
0.016361416361416362,0.03540903540903541,0.029304029304029304,0.02735042735042735,0.0,105.44,-74.06,16.12,C6
0.010256410256410256,0.01611721611721612,0.017582417582417582,0.01611721611721612,0.0002442002442002442,107.0,-76.44,24.12,C6
0.002442002442002442,0.010012210012210013,0.001221001221001221,0.0004884004884004884,0.0002442002442002442,107.19,-75.81,24.56,C6
0.012454212454212455,0.02905982905982906,0.014163614163614164,0.01221001221001221,0.0002442002442002442,107.06,-75.31,23.87,C6
0.019291819291819293,0.04224664224664225,0.02490842490842491,0.02026862026862027,0.0002442002442002442,104.75,-71.69,16.81,C6
0.02442002442002442,0.051526251526251524,0.03247863247863248,0.02490842490842491,0.0002442002442002442,102.75,-66.12,9.31,C6
0.02197802197802198,0.05030525030525031,0.03076923076923077,0.02271062271062271,0.0002442002442002442,102.25,-63.94,8.25,C6
0.012942612942612943,0.033455433455433455,0.019536019536019536,0.012454212454212455,0.0002442002442002442,102.0,-63.88,7.87,C6
0.002686202686202686,0.013675213675213675,0.005372405372405372,0.0002442002442002442,0.0002442002442002442,102.0,-64.19,7.69,C6
0.004395604395604396,0.0002442002442002442,0.004395604395604396,0.00805860805860806,0.0002442002442002442,102.37,-65.94,8.25,C6
0.00927960927960928,0.010012210012210013,0.011477411477411478,0.01391941391941392,0.0002442002442002442,103.69,-69.31,10.56,C6
0.010500610500610501,0.014407814407814409,0.012942612942612943,0.01514041514041514,0.0002442002442002442,105.25,-72.12,16.75,C6
0.004884004884004884,0.0017094017094017094,0.002686202686202686,0.005372405372405372,0.0002442002442002442,106.25,-73.25,21.19,C6
0.005860805860805861,0.02026862026862027,0.010500610500610501,0.007081807081807082,0.0002442002442002442,106.81,-73.31,23.12,C6
0.013675213675213675,0.03321123321123321,0.01978021978021978,0.015873015873015872,0.0002442002442002442,105.56,-72.06,21.69,C6
0.018803418803418803,0.04224664224664225,0.02612942612942613,0.02197802197802198,0.0004884004884004884,102.75,-67.62,12.13,C6
0.021001221001221003,0.04566544566544566,0.029548229548229547,0.022222222222222223,0.0004884004884004884,102.87,-64.31,12.69,C6
0.013431013431013432,0.03492063492063492,0.022222222222222223,0.014652014652014652,0.0004884004884004884,102.81,-63.88,13.13,C6
0.0029304029304029304,0.014407814407814409,0.009035409035409036,0.002442002442002442,0.0004884004884004884,102.87,-64.12,12.94,C6
0.004395604395604396,0.0009768009768009768,0.0031746031746031746,0.007814407814407814,0.0004884004884004884,102.69,-64.94,12.69,C6
0.009523809523809525,0.011965811965811967,0.011965811965811967,0.014896214896214897,0.0004884004884004884,103.25,-66.87,14.5,C6
0.01221001221001221,0.019536019536019536,0.017826617826617826,0.020024420024420026,0.0004884004884004884,104.81,-70.31,19.12,C6
0.00757020757020757,0.006593406593406593,0.006593406593406593,0.012698412698412698,0.0004884004884004884,106.0,-73.37,24.75,C6
0.0031746031746031746,0.01391941391941392,0.009523809523809525,0.001221001221001221,0.0004884004884004884,106.5,-73.25,25.37,C6
0.011721611721611722,0.028327228327228327,0.022954822954822957,0.010744810744810745,0.0004884004884004884,106.5,-73.0,25.25,C6
0.017582417582417582,0.038583638583638585,0.03223443223443224,0.017582417582417582,0.0004884004884004884,104.5,-70.44,19.12,C6
0.02197802197802198,0.04566544566544566,0.03882783882783883,0.022466422466422466,0.0004884004884004884,103.0,-65.75,12.63,C6
0.01978021978021978,0.04493284493284493,0.03785103785103785,0.02026862026862027,0.0004884004884004884,103.12,-63.0,11.56,C6
0.010256410256410256,0.029792429792429794,0.026373626373626374,0.010256410256410256,0.0004884004884004884,103.5,-62.0,12.19,C6
0.0007326007326007326,0.00927960927960928,0.01098901098901099,0.0019536019536019536,0.0007326007326007326,103.37,-62.38,12.19,C6
0.005860805860805861,0.005372405372405372,0.0002442002442002442,0.010500610500610501,0.0014652014652014652,103.56,-65.69,12.31,C6
0.010256410256410256,0.015384615384615385,0.007326007326007326,0.016361416361416362,0.0009768009768009768,104.87,-69.44,15.19,C6
0.007814407814407814,0.003663003663003663,0.0007326007326007326,0.011477411477411478,0.0004884004884004884,106.25,-71.87,20.62,C6
0.0004884004884004884,0.014652014652014652,0.010744810744810745,0.0004884004884004884,0.0014652014652014652,107.06,-72.5,22.87,C6
0.00927960927960928,0.02905982905982906,0.022954822954822957,0.00757020757020757,0.0007326007326007326,107.0,-72.5,22.87,C6
0.015384615384615385,0.03907203907203907,0.0315018315018315,0.012942612942612943,0.0004884004884004884,105.56,-69.37,18.25,C6
0.01978021978021978,0.046153846153846156,0.03736263736263736,0.01684981684981685,0.0002442002442002442,103.62,-64.31,12.06,C6
0.01904761904761905,0.04542124542124542,0.036141636141636145,0.01562881562881563,0.0,103.5,-62.81,10.38,C6
0.009523809523809525,0.031013431013431014,0.025152625152625153,0.007326007326007326,0.0,103.44,-62.38,10.19,C6
0.0007326007326007326,0.009523809523809525,0.010256410256410256,0.004151404151404151,0.0002442002442002442,103.0,-63.81,9.81,C6
0.00805860805860806,0.005372405372405372,0.0004884004884004884,0.01221001221001221,0.0002442002442002442,103.37,-66.87,10.44,C6
0.013186813186813187,0.015873015873015872,0.007814407814407814,0.017826617826617826,0.0002442002442002442,105.44,-70.94,17.12,C6
0.010500610500610501,0.010744810744810745,0.0031746031746031746,0.013675213675213675,0.0002442002442002442,106.5,-74.75,27.5,C6
0.0004884004884004884,0.010012210012210013,0.009768009768009768,0.0014652014652014652,0.0002442002442002442,107.0,-74.31,28.75,C6
0.009523809523809525,0.024664224664224663,0.020024420024420026,0.007081807081807082,0.0002442002442002442,106.62,-71.31,23.44,C6
0.015873015873015872,0.03467643467643468,0.027106227106227107,0.012942612942612943,0.0002442002442002442,104.31,-66.0,14.25,C6
0.02026862026862027,0.04004884004884005,0.03223443223443224,0.015873015873015872,0.0002442002442002442,104.19,-61.94,11.31,C6
0.01611721611721612,0.03296703296703297,0.026862026862026864,0.011477411477411478,0.0002442002442002442,104.75,-60.38,12.31,C6
0.006105006105006105,0.012698412698412698,0.013186813186813187,0.0009768009768009768,0.0002442002442002442,104.69,-60.25,12.69,C6
0.002442002442002442,0.004395604395604396,0.0004884004884004884,0.00927960927960928,0.0002442002442002442,104.75,-59.94,12.88,C6
0.008302808302808303,0.016605616605616606,0.010500610500610501,0.017094017094017096,0.0002442002442002442,104.62,-60.88,12.19,C6
0.012698412698412698,0.02490842490842491,0.017582417582417582,0.02271062271062271,0.0002442002442002442,105.0,-63.63,12.88,C6
0.015384615384615385,0.031013431013431014,0.022466422466422466,0.026617826617826617,0.0002442002442002442,106.56,-67.37,18.0,C6
0.014407814407814409,0.030525030525030524,0.021001221001221003,0.024175824175824177,0.0002442002442002442,108.81,-71.31,24.56,C6
0.005372405372405372,0.008547008547008548,0.00757020757020757,0.01221001221001221,0.0002442002442002442,110.19,-72.44,27.56,C6
0.00757020757020757,0.01611721611721612,0.011965811965811967,0.003663003663003663,0.0002442002442002442,110.5,-71.56,27.0,C6
0.016605616605616606,0.033455433455433455,0.025885225885225887,0.014896214896214897,0.0002442002442002442,109.75,-70.62,26.12,C6
0.0231990231990232,0.04542124542124542,0.03540903540903541,0.02271062271062271,0.0004884004884004884,105.87,-66.31,16.94,C6
0.025885225885225887,0.051770451770451774,0.04224664224664225,0.025396825396825397,0.0004884004884004884,105.06,-61.31,12.69,C6
0.021001221001221003,0.0463980463980464,0.03907203907203907,0.021001221001221003,0.0004884004884004884,105.25,-60.88,11.94,C6
0.009768009768009768,0.025152625152625153,0.025885225885225887,0.010012210012210013,0.0004884004884004884,104.81,-61.38,11.63,C6
0.0019536019536019536,0.008791208791208791,0.013431013431013432,0.001221001221001221,0.0004884004884004884,105.06,-63.0,11.88,C6
0.003663003663003663,0.002442002442002442,0.00463980463980464,0.005128205128205128,0.0004884004884004884,107.56,-68.0,15.88,C6
0.006105006105006105,0.010500610500610501,0.0017094017094017094,0.009523809523809525,0.0007326007326007326,109.81,-71.94,22.12,C6
0.0009768009768009768,0.006837606837606838,0.007081807081807082,0.0019536019536019536,0.0004884004884004884,111.37,-73.37,26.75,C6
0.011721611721611722,0.025396825396825397,0.020024420024420026,0.008547008547008548,0.0002442002442002442,111.81,-73.31,26.87,C6
0.019291819291819293,0.038583638583638585,0.03028083028083028,0.015873015873015872,0.0,110.75,-72.0,24.25,C6
0.024664224664224663,0.047619047619047616,0.037606837606837605,0.021245421245421246,0.0,106.75,-64.69,13.81,C6
0.026617826617826617,0.05225885225885226,0.04249084249084249,0.02271062271062271,0.0002442002442002442,105.69,-61.63,11.0,C6
0.020512820512820513,0.04371184371184371,0.03663003663003663,0.016361416361416362,0.0002442002442002442,105.19,-61.0,10.88,C6
0.00927960927960928,0.021733821733821733,0.022466422466422466,0.004884004884004884,0.0002442002442002442,105.12,-61.19,11.13,C6
0.0014652014652014652,0.006349206349206349,0.012698412698412698,0.0031746031746031746,0.0002442002442002442,105.69,-63.19,12.63,C6
0.003907203907203907,0.004395604395604396,0.005860805860805861,0.008791208791208791,0.0002442002442002442,108.75,-67.87,20.69,C6
0.0019536019536019536,0.001221001221001221,0.004151404151404151,0.00927960927960928,0.0002442002442002442,109.75,-71.62,28.94,C6
0.009035409035409036,0.017826617826617826,0.013675213675213675,0.0004884004884004884,0.0002442002442002442,110.87,-70.81,30.37,C6
0.01684981684981685,0.03296703296703297,0.02564102564102564,0.009768009768009768,0.0002442002442002442,110.87,-69.94,29.25,C6
0.022222222222222223,0.043467643467643466,0.03394383394383394,0.01611721611721612,0.0002442002442002442,109.62,-68.19,24.81,C6
0.025396825396825397,0.05103785103785104,0.0398046398046398,0.020757020757020756,0.0002442002442002442,106.37,-62.75,15.19,C6
0.024175824175824177,0.051526251526251524,0.04004884004884005,0.01978021978021978,0.0004884004884004884,105.37,-58.5,11.56,C6
0.016361416361416362,0.04126984126984127,0.0315018315018315,0.01221001221001221,0.0004884004884004884,106.31,-55.69,11.44,C6
0.007326007326007326,0.020024420024420026,0.01562881562881563,0.0004884004884004884,0.0004884004884004884,107.44,-59.44,8.94,C6
0.0009768009768009768,0.005372405372405372,0.00463980463980464,0.00757020757020757,0.0004884004884004884,110.12,-64.06,9.88,C6
0.003418803418803419,0.005128205128205128,0.0031746031746031746,0.013431013431013432,0.0004884004884004884,112.69,-69.5,13.63,C6
0.0007326007326007326,0.00463980463980464,0.002197802197802198,0.009768009768009768,0.0004884004884004884,115.19,-72.06,15.63,C6
0.007326007326007326,0.021001221001221003,0.014163614163614164,0.0007326007326007326,0.0004884004884004884,117.12,-71.75,15.69,C6
0.013675213675213675,0.03223443223443224,0.023443223443223443,0.005616605616605617,0.0004884004884004884,117.62,-71.25,15.69,C6
0.018070818070818073,0.040293040293040296,0.030036630036630037,0.010256410256410256,0.0004884004884004884,114.75,-68.19,13.56,C6
0.021245421245421246,0.04566544566544566,0.03467643467643468,0.013186813186813187,0.0004884004884004884,112.31,-59.13,4.62,C6
0.01855921855921856,0.04297924297924298,0.0315018315018315,0.011233211233211233,0.0004884004884004884,112.5,-57.13,4.25,C6
0.00757020757020757,0.02148962148962149,0.016605616605616606,0.0009768009768009768,0.0004884004884004884,112.37,-57.19,6.19,C6
0.0017094017094017094,0.0009768009768009768,0.0014652014652014652,0.010256410256410256,0.0007326007326007326,112.25,-58.44,6.81,C6
0.008302808302808303,0.013431013431013432,0.010256410256410256,0.018803418803418803,0.0014652014652014652,112.0,-59.5,6.31,C6
0.012698412698412698,0.023443223443223443,0.018803418803418803,0.025152625152625153,0.002197802197802198,111.81,-61.5,6.25,C6
0.01562881562881563,0.030525030525030524,0.02490842490842491,0.029792429792429794,0.002686202686202686,111.44,-67.12,6.62,C6
0.01684981684981685,0.035164835164835165,0.02905982905982906,0.03296703296703297,0.002686202686202686,112.25,-71.87,12.88,C6
0.015384615384615385,0.033455433455433455,0.028083028083028084,0.03223443223443224,0.0019536019536019536,113.81,-73.81,20.69,C6
0.008547008547008548,0.010012210012210013,0.012454212454212455,0.021245421245421246,0.001221001221001221,114.06,-73.69,23.25,C6
0.002686202686202686,0.010256410256410256,0.004395604395604396,0.010256410256410256,0.0007326007326007326,114.06,-72.56,22.0,C6
0.010500610500610501,0.024664224664224663,0.01611721611721612,0.002686202686202686,0.0004884004884004884,111.0,-66.5,12.5,C6
0.01611721611721612,0.034432234432234435,0.02442002442002442,0.002686202686202686,0.0002442002442002442,109.87,-61.31,5.81,C6
0.013431013431013432,0.03223443223443224,0.02197802197802198,0.0009768009768009768,0.0,109.87,-60.75,4.87,C6
0.0029304029304029304,0.011965811965811967,0.008302808302808303,0.00805860805860806,0.0,110.19,-60.81,5.06,C6
0.005616605616605617,0.006105006105006105,0.005372405372405372,0.017826617826617826,0.0009768009768009768,110.37,-61.0,5.56,C6
0.011477411477411478,0.018803418803418803,0.014896214896214897,0.02442002442002442,0.0017094017094017094,110.06,-67.0,6.94,C6
0.01562881562881563,0.02783882783882784,0.021733821733821733,0.02905982905982906,0.0009768009768009768,110.62,-71.56,11.81,C6
0.013431013431013432,0.023687423687423687,0.017582417582417582,0.02564102564102564,0.0007326007326007326,112.25,-73.94,18.25,C6
0.004884004884004884,0.001221001221001221,0.0029304029304029304,0.013431013431013432,0.0002442002442002442,113.25,-74.75,21.69,C6
0.005616605616605617,0.01684981684981685,0.012942612942612943,0.0014652014652014652,0.0,113.37,-74.69,22.44,C6
0.012942612942612943,0.029548229548229547,0.023931623931623933,0.006837606837606838,0.0,110.62,-68.56,11.75,C6
0.018070818070818073,0.038583638583638585,0.0315018315018315,0.012698412698412698,0.0002442002442002442,110.5,-60.69,4.75,C6
0.014652014652014652,0.03296703296703297,0.027106227106227107,0.009523809523809525,0.0002442002442002442,110.62,-59.13,4.06,C6
0.003907203907203907,0.01098901098901099,0.01098901098901099,0.002197802197802198,0.0007326007326007326,110.31,-59.31,3.69,C6
0.003907203907203907,0.005616605616605617,0.003907203907203907,0.012942612942612943,0.0014652014652014652,110.0,-61.06,3.69,C6
0.00927960927960928,0.01733821733821734,0.014163614163614164,0.020757020757020756,0.002197802197802198,110.25,-66.44,4.25,C6
0.012698412698412698,0.025396825396825397,0.021245421245421246,0.025885225885225887,0.002442002442002442,111.56,-71.69,10.0,C6
0.008302808302808303,0.013431013431013432,0.010744810744810745,0.017094017094017096,0.002686202686202686,113.19,-74.44,15.5,C6
0.0029304029304029304,0.009035409035409036,0.005372405372405372,0.002442002442002442,0.0017094017094017094,113.69,-74.12,16.37,C6
0.010744810744810745,0.02442002442002442,0.01684981684981685,0.00805860805860806,0.001221001221001221,112.69,-72.81,14.56,C6
0.016361416361416362,0.03540903540903541,0.02490842490842491,0.01514041514041514,0.0007326007326007326,109.81,-67.06,5.25,C6
0.020024420024420026,0.04151404151404151,0.03076923076923077,0.018315018315018316,0.0004884004884004884,109.0,-61.56,2.25,C6
0.01562881562881563,0.036141636141636145,0.026373626373626374,0.013431013431013432,0.0002442002442002442,109.12,-60.44,1.94,C6
0.005372405372405372,0.016361416361416362,0.011721611721611722,0.0019536019536019536,0.0,109.0,-60.75,1.56,C6
0.002686202686202686,0.002197802197802198,0.002442002442002442,0.009035409035409036,0.0009768009768009768,108.69,-61.63,0.88,C6
0.008547008547008548,0.01514041514041514,0.012454212454212455,0.01684981684981685,0.0017094017094017094,108.44,-63.56,0.69,C6
0.012454212454212455,0.02442002442002442,0.019291819291819293,0.022222222222222223,0.002442002442002442,109.31,-65.69,2.56,C6
0.01221001221001221,0.025885225885225887,0.020024420024420026,0.02271062271062271,0.002686202686202686,111.81,-69.62,7.81,C6
0.004151404151404151,0.004884004884004884,0.007081807081807082,0.010500610500610501,0.0029304029304029304,113.5,-71.81,12.38,C6
0.008302808302808303,0.018315018315018316,0.010012210012210013,0.003907203907203907,0.0029304029304029304,113.81,-71.44,13.38,C6
0.017094017094017096,0.03467643467643468,0.02197802197802198,0.014163614163614164,0.0031746031746031746,111.12,-67.5,8.63,C6
0.0231990231990232,0.046153846153846156,0.030525030525030524,0.021245421245421246,0.0031746031746031746,109.31,-62.0,3.12,C6
0.022222222222222223,0.04664224664224664,0.030525030525030524,0.02026862026862027,0.0031746031746031746,109.31,-60.94,2.06,C6
0.012454212454212455,0.029304029304029304,0.018315018315018316,0.010256410256410256,0.0031746031746031746,109.12,-61.0,1.94,C6
0.0019536019536019536,0.007814407814407814,0.0031746031746031746,0.0017094017094017094,0.0031746031746031746,109.0,-61.06,2.25,C6
0.005372405372405372,0.007326007326007326,0.009035409035409036,0.011721611721611722,0.0031746031746031746,108.5,-61.38,2.12,C6
0.010500610500610501,0.018070818070818073,0.017826617826617826,0.018803418803418803,0.0031746031746031746,108.75,-64.87,4.0,C6
0.012454212454212455,0.025396825396825397,0.023931623931623933,0.023687423687423687,0.002197802197802198,110.87,-68.69,9.75,C6
0.005860805860805861,0.012942612942612943,0.015384615384615385,0.01611721611721612,0.0014652014652014652,112.31,-71.87,17.0,C6
0.006837606837606838,0.010744810744810745,0.0014652014652014652,0.0017094017094017094,0.0007326007326007326,111.94,-72.0,17.5,C6
0.015873015873015872,0.027594627594627594,0.013186813186813187,0.008547008547008548,0.0004884004884004884,108.81,-67.5,8.81,C6
0.022222222222222223,0.039316239316239315,0.02148962148962149,0.01562881562881563,0.0,107.62,-63.94,4.62,C6
0.01978021978021978,0.037606837606837605,0.020024420024420026,0.01391941391941392,0.0,107.56,-64.0,4.19,C6
0.009035409035409036,0.01904761904761905,0.007814407814407814,0.003907203907203907,0.0002442002442002442,107.87,-65.06,5.12,C6
0.0014652014652014652,0.003418803418803419,0.003907203907203907,0.004884004884004884,0.0002442002442002442,108.69,-66.81,7.12,C6
0.003663003663003663,0.007814407814407814,0.01221001221001221,0.010744810744810745,0.0002442002442002442,109.69,-68.12,9.31,C6
0.005860805860805861,0.015384615384615385,0.018070818070818073,0.014896214896214897,0.0002442002442002442,110.06,-69.19,11.44,C6
0.003663003663003663,0.01221001221001221,0.014652014652014652,0.011965811965811967,0.0002442002442002442,112.0,-70.75,17.37,C6
0.002442002442002442,0.0004884004884004884,0.006105006105006105,0.005616605616605617,0.0002442002442002442,112.56,-71.06,19.87,C6
0.013675213675213675,0.023687423687423687,0.009035409035409036,0.007081807081807082,0.0002442002442002442,112.69,-70.75,21.06,C6
0.021733821733821733,0.04004884004884005,0.01978021978021978,0.01611721611721612,0.0002442002442002442,110.06,-66.81,14.25,C6
0.02735042735042735,0.051526251526251524,0.027106227106227107,0.022466422466422466,0.0002442002442002442,108.87,-61.63,8.13,C6
0.02442002442002442,0.04957264957264957,0.026617826617826617,0.01978021978021978,0.0007326007326007326,109.25,-59.88,7.81,C6
0.013431013431013432,0.02905982905982906,0.014407814407814409,0.008302808302808303,0.0014652014652014652,109.25,-59.88,8.19,C6
0.003663003663003663,0.008791208791208791,0.0004884004884004884,0.003663003663003663,0.0019536019536019536,109.31,-60.0,8.44,C6
0.0031746031746031746,0.005372405372405372,0.00927960927960928,0.011965811965811967,0.002442002442002442,109.19,-61.19,8.31,C6
0.007814407814407814,0.015384615384615385,0.01611721611721612,0.017826617826617826,0.002686202686202686,109.37,-65.37,8.88,C6
0.008791208791208791,0.019536019536019536,0.020757020757020756,0.02197802197802198,0.0017094017094017094,111.12,-69.0,15.69,C6
0.003418803418803419,0.002686202686202686,0.010500610500610501,0.014652014652014652,0.001221001221001221,112.5,-71.31,22.37,C6
0.007814407814407814,0.01855921855921856,0.005616605616605617,0.0004884004884004884,0.0007326007326007326,112.81,-71.25,23.69,C6
0.016361416361416362,0.03394383394383394,0.02026862026862027,0.012454212454212455,0.0014652014652014652,113.0,-70.94,24.25,C6
0.022466422466422466,0.04493284493284493,0.03028083028083028,0.021001221001221003,0.0009768009768009768,112.75,-70.37,23.37,C6
0.026617826617826617,0.052503052503052504,0.037606837606837605,0.026862026862026864,0.0017094017094017094,112.87,-70.12,23.06,C6
0.028327228327228327,0.05616605616605617,0.04151404151404151,0.029792429792429794,0.002197802197802198,111.56,-68.37,19.62,C6
0.028327228327228327,0.057631257631257635,0.04395604395604396,0.031013431013431014,0.0014652014652014652,110.0,-62.81,10.63,C6
0.026617826617826617,0.05616605616605617,0.04126984126984127,0.02905982905982906,0.0009768009768009768,110.0,-62.44,10.75,C6
0.015384615384615385,0.036874236874236875,0.025885225885225887,0.017582417582417582,0.0004884004884004884,110.06,-63.06,11.31,C6
0.004884004884004884,0.015873015873015872,0.010744810744810745,0.004884004884004884,0.0002442002442002442,110.19,-64.0,11.63,C6
0.002442002442002442,0.0009768009768009768,0.0007326007326007326,0.00463980463980464,0.0,110.31,-64.12,11.94,C6
0.00757020757020757,0.009523809523809525,0.008791208791208791,0.011477411477411478,0.0,110.5,-66.44,11.81,C6
0.01098901098901099,0.01684981684981685,0.014407814407814409,0.01611721611721612,0.0002442002442002442,111.62,-70.75,19.5,C6
0.010256410256410256,0.01904761904761905,0.016605616605616606,0.017582417582417582,0.0002442002442002442,114.06,-73.75,27.75,C6
0.0007326007326007326,0.003907203907203907,0.002686202686202686,0.006593406593406593,0.0002442002442002442,114.69,-73.87,30.31,C6
0.01098901098901099,0.024664224664224663,0.01391941391941392,0.003663003663003663,0.0004884004884004884,114.12,-72.75,29.0,C6
0.019291819291819293,0.039316239316239315,0.025396825396825397,0.01098901098901099,0.0004884004884004884,110.06,-63.81,13.5,C6
0.025152625152625153,0.04932844932844933,0.0336996336996337,0.01611721611721612,0.0004884004884004884,110.75,-59.31,11.94,C6
0.02026862026862027,0.041758241758241756,0.02564102564102564,0.009768009768009768,0.0004884004884004884,110.62,-60.13,13.31,C6
0.008791208791208791,0.018315018315018316,0.009035409035409036,0.002442002442002442,0.0007326007326007326,110.56,-60.69,13.5,C6
0.0007326007326007326,0.0017094017094017094,0.002686202686202686,0.01098901098901099,0.0014652014652014652,110.5,-63.56,13.69,C6
0.004884004884004884,0.009768009768009768,0.010744810744810745,0.017094017094017096,0.0019536019536019536,111.25,-67.31,17.0,C6
0.005128205128205128,0.012942612942612943,0.012942612942612943,0.017826617826617826,0.001221001221001221,112.81,-70.37,24.87,C6
0.0004884004884004884,0.0009768009768009768,0.003418803418803419,0.009035409035409036,0.0007326007326007326,113.87,-72.94,34.5,C6
0.009035409035409036,0.022222222222222223,0.010744810744810745,0.0029304029304029304,0.0002442002442002442,114.19,-72.75,34.88,C6
0.01562881562881563,0.036874236874236875,0.020512820512820513,0.011233211233211233,0.0002442002442002442,111.06,-66.5,19.44,C6
0.02026862026862027,0.04713064713064713,0.02735042735042735,0.017094017094017096,0.0,109.87,-62.31,13.13,C6
0.016361416361416362,0.04151404151404151,0.024175824175824177,0.013186813186813187,0.0002442002442002442,109.81,-61.0,12.5,C6
0.007081807081807082,0.021001221001221003,0.010500610500610501,0.0017094017094017094,0.0002442002442002442,109.94,-60.94,12.94,C6
0.0004884004884004884,0.002197802197802198,0.003663003663003663,0.00927960927960928,0.0002442002442002442,110.06,-61.88,12.94,C6
0.006837606837606838,0.01098901098901099,0.014163614163614164,0.017826617826617826,0.0007326007326007326,110.12,-61.94,13.19,C6
0.01098901098901099,0.02026862026862027,0.022222222222222223,0.023931623931623933,0.0014652014652014652,110.12,-61.88,13.38,C6
0.01391941391941392,0.026617826617826617,0.028083028083028084,0.02857142857142857,0.002197802197802198,110.12,-62.0,13.31,C6
0.01562881562881563,0.031013431013431014,0.03223443223443224,0.031746031746031744,0.002442002442002442,110.12,-62.31,13.25,C6
0.01684981684981685,0.03418803418803419,0.035164835164835165,0.03418803418803419,0.002686202686202686,110.5,-63.06,13.81,C6
0.01733821733821734,0.036141636141636145,0.03711843711843712,0.035897435897435895,0.0029304029304029304,112.19,-66.25,18.37,C6
0.012942612942612943,0.028327228327228327,0.0315018315018315,0.031013431013431014,0.0031746031746031746,113.06,-68.25,22.12,C6
0.0002442002442002442,0.0007326007326007326,0.01221001221001221,0.013186813186813187,0.0031746031746031746,113.37,-67.69,23.25,C6
0.009768009768009768,0.021245421245421246,0.001221001221001221,0.0007326007326007326,0.003418803418803419,110.75,-63.31,17.56,C6
0.016361416361416362,0.03565323565323565,0.010744810744810745,0.00805860805860806,0.003418803418803419,109.56,-56.88,11.69,C6
0.018070818070818073,0.04004884004884005,0.01514041514041514,0.009523809523809525,0.003418803418803419,109.5,-56.31,10.88,C6
0.008547008547008548,0.021733821733821733,0.004395604395604396,0.0,0.003418803418803419,109.12,-56.75,10.94,C6
0.0002442002442002442,0.0031746031746031746,0.008302808302808303,0.010744810744810745,0.003418803418803419,108.75,-58.0,10.88,C6
0.005616605616605617,0.009768009768009768,0.017094017094017096,0.018070818070818073,0.003418803418803419,108.44,-60.63,10.5,C6
0.009768009768009768,0.018803418803418803,0.023443223443223443,0.023443223443223443,0.003418803418803419,108.5,-64.5,11.5,C6
0.010256410256410256,0.022954822954822957,0.027106227106227107,0.025396825396825397,0.003418803418803419,109.37,-68.25,15.44,C6
0.005128205128205128,0.007081807081807082,0.01562881562881563,0.016605616605616606,0.002197802197802198,110.62,-69.87,20.19,C6
0.004395604395604396,0.013675213675213675,0.002442002442002442,0.002197802197802198,0.0014652014652014652,111.62,-70.0,23.81,C6
0.01098901098901099,0.028327228327228327,0.014896214896214897,0.007814407814407814,0.0007326007326007326,109.75,-67.12,18.81,C6
0.01562881562881563,0.038583638583638585,0.023687423687423687,0.014896214896214897,0.0004884004884004884,107.87,-61.19,12.56,C6
0.017826617826617826,0.043467643467643466,0.029304029304029304,0.01684981684981685,0.0002442002442002442,108.25,-60.06,14.13,C6
0.010500610500610501,0.029304029304029304,0.020024420024420026,0.008791208791208791,0.0,108.5,-60.63,14.88,C6
0.002686202686202686,0.013186813186813187,0.008791208791208791,0.0004884004884004884,0.0,108.94,-60.06,14.25,C6
0.003418803418803419,0.0014652014652014652,0.0002442002442002442,0.008302808302808303,0.0002442002442002442,108.81,-59.69,13.75,C6
0.00757020757020757,0.007814407814407814,0.00805860805860806,0.014652014652014652,0.0009768009768009768,108.62,-59.81,13.0,C6
0.010500610500610501,0.014163614163614164,0.01391941391941392,0.019536019536019536,0.0017094017094017094,108.5,-59.69,12.75,C6
0.011965811965811967,0.01855921855921856,0.018070818070818073,0.0231990231990232,0.002197802197802198,108.5,-59.5,12.69,C6
0.012942612942612943,0.02148962148962149,0.021001221001221003,0.025885225885225887,0.002442002442002442,108.44,-59.75,12.94,C6
0.013675213675213675,0.023687423687423687,0.023443223443223443,0.02783882783882784,0.002686202686202686,108.5,-59.75,13.5,C6
0.014163614163614164,0.025152625152625153,0.025152625152625153,0.029304029304029304,0.0029304029304029304,108.12,-60.06,12.56,C6
0.014407814407814409,0.02612942612942613,0.026373626373626374,0.03028083028083028,0.0031746031746031746,109.81,-64.75,15.38,C6
0.014407814407814409,0.026617826617826617,0.02735042735042735,0.02905982905982906,0.0031746031746031746,111.19,-68.06,20.56,C6
0.006837606837606838,0.003418803418803419,0.014163614163614164,0.01514041514041514,0.002197802197802198,112.0,-69.62,23.94,C6
0.002197802197802198,0.014896214896214897,0.0019536019536019536,0.003418803418803419,0.0014652014652014652,111.69,-67.56,22.75,C6
0.008302808302808303,0.02735042735042735,0.013431013431013432,0.00463980463980464,0.0009768009768009768,109.69,-61.44,17.12,C6
0.012698412698412698,0.03638583638583639,0.021245421245421246,0.010500610500610501,0.0004884004884004884,109.12,-59.5,16.06,C6
0.009768009768009768,0.03296703296703297,0.017826617826617826,0.007326007326007326,0.0002442002442002442,109.06,-59.0,15.88,C6
0.00463980463980464,0.023687423687423687,0.009035409035409036,0.0,0.0,108.75,-59.0,14.63,C6
0.0,0.013431013431013432,0.0007326007326007326,0.007081807081807082,0.0,108.69,-58.81,12.69,C6
0.00463980463980464,0.0031746031746031746,0.007081807081807082,0.01221001221001221,0.0002442002442002442,108.56,-63.13,12.44,C6
0.007814407814407814,0.004151404151404151,0.012454212454212455,0.015873015873015872,0.0002442002442002442,110.44,-67.12,16.31,C6
0.010256410256410256,0.009035409035409036,0.01611721611721612,0.016605616605616606,0.0002442002442002442,111.75,-70.87,23.5,C6
0.004395604395604396,0.008791208791208791,0.0031746031746031746,0.00463980463980464,0.0002442002442002442,112.37,-71.81,25.75,C6
0.005128205128205128,0.02490842490842491,0.011965811965811967,0.004884004884004884,0.0004884004884004884,112.12,-70.31,23.19,C6
0.011721611721611722,0.036141636141636145,0.02271062271062271,0.011721611721611722,0.0004884004884004884,108.5,-62.38,12.25,C6
0.016361416361416362,0.04395604395604396,0.030036630036630037,0.016361416361416362,0.0004884004884004884,107.94,-56.81,9.13,C6
0.012698412698412698,0.03736263736263736,0.025152625152625153,0.012454212454212455,0.0004884004884004884,108.19,-56.44,8.63,C6
0.0031746031746031746,0.015873015873015872,0.009523809523809525,0.0007326007326007326,0.0004884004884004884,108.31,-57.06,8.5,C6
0.00463980463980464,0.002686202686202686,0.005128205128205128,0.010256410256410256,0.0007326007326007326,108.19,-59.31,7.31,C6
0.010256410256410256,0.01562881562881563,0.015384615384615385,0.017826617826617826,0.0002442002442002442,108.44,-63.13,7.19,C6
0.01391941391941392,0.02490842490842491,0.022466422466422466,0.0231990231990232,0.0002442002442002442,110.62,-66.81,10.75,C6
0.009768009768009768,0.01562881562881563,0.01391941391941392,0.016361416361416362,0.0,111.81,-67.19,13.19,C6
0.0014652014652014652,0.004884004884004884,0.0029304029304029304,0.003663003663003663,0.0009768009768009768,111.62,-66.56,12.56,C6
0.00927960927960928,0.019291819291819293,0.01611721611721612,0.005372405372405372,0.0017094017094017094,110.81,-65.62,11.81,C6
0.014652014652014652,0.029304029304029304,0.025396825396825397,0.011721611721611722,0.002197802197802198,108.19,-60.44,7.31,C6
0.017826617826617826,0.03540903540903541,0.03199023199023199,0.014896214896214897,0.002442002442002442,107.25,-54.88,5.62,C6
0.013186813186813187,0.029548229548229547,0.02735042735042735,0.010500610500610501,0.0017094017094017094,107.19,-53.63,5.62,C6
0.003418803418803419,0.009768009768009768,0.01221001221001221,0.0007326007326007326,0.0009768009768009768,107.44,-54.0,5.62,C6
0.00463980463980464,0.007814407814407814,0.002686202686202686,0.011721611721611722,0.0007326007326007326,107.31,-55.69,5.31,C6
0.010256410256410256,0.02026862026862027,0.013186813186813187,0.019536019536019536,0.0002442002442002442,107.62,-58.88,4.75,C6
0.014407814407814409,0.02905982905982906,0.020512820512820513,0.02490842490842491,0.001221001221001221,108.87,-63.19,6.19,C6
0.01221001221001221,0.031013431013431014,0.020512820512820513,0.023443223443223443,0.0019536019536019536,110.31,-66.0,9.63,C6
0.002197802197802198,0.011233211233211233,0.006837606837606838,0.010744810744810745,0.001221001221001221,111.31,-66.25,10.75,C6
0.006105006105006105,0.008302808302808303,0.009035409035409036,0.0,0.0007326007326007326,110.94,-65.25,10.44,C6
0.011965811965811967,0.022222222222222223,0.02026862026862027,0.00757020757020757,0.0014652014652014652,108.69,-58.75,8.0,C6
0.015873015873015872,0.031746031746031744,0.02783882783882784,0.012698412698412698,0.0009768009768009768,109.37,-52.75,8.06,C6
0.011965811965811967,0.028327228327228327,0.023931623931623933,0.009523809523809525,0.0017094017094017094,109.25,-52.38,8.88,C6
0.0014652014652014652,0.008547008547008548,0.008791208791208791,0.0014652014652014652,0.002197802197802198,109.62,-52.25,9.5,C6
0.006593406593406593,0.009035409035409036,0.005372405372405372,0.011965811965811967,0.002686202686202686,109.75,-52.94,9.94,C6
0.012454212454212455,0.021245421245421246,0.01514041514041514,0.019291819291819293,0.0029304029304029304,109.5,-55.63,9.69,C6
0.016361416361416362,0.029792429792429794,0.02197802197802198,0.02442002442002442,0.0029304029304029304,110.0,-60.56,11.31,C6
0.015384615384615385,0.029792429792429794,0.02271062271062271,0.023931623931623933,0.0019536019536019536,111.56,-65.56,14.94,C6
0.006105006105006105,0.004884004884004884,0.006837606837606838,0.009035409035409036,0.001221001221001221,112.44,-66.37,16.81,C6
0.00463980463980464,0.014896214896214897,0.009035409035409036,0.003418803418803419,0.0007326007326007326,111.87,-65.06,16.06,C6
0.011965811965811967,0.028815628815628817,0.02026862026862027,0.011965811965811967,0.0002442002442002442,109.31,-59.0,9.75,C6
0.01733821733821734,0.038583638583638585,0.028083028083028084,0.018070818070818073,0.0,109.06,-54.81,7.56,C6
0.012942612942612943,0.03223443223443224,0.022954822954822957,0.013675213675213675,0.0,109.12,-54.88,7.25,C6
0.002686202686202686,0.01098901098901099,0.007814407814407814,0.0017094017094017094,0.0002442002442002442,109.19,-55.38,7.56,C6
0.00463980463980464,0.003907203907203907,0.0029304029304029304,0.006593406593406593,0.0002442002442002442,109.19,-57.69,8.5,C6
0.009523809523809525,0.014163614163614164,0.010256410256410256,0.012454212454212455,0.0002442002442002442,111.56,-63.63,13.25,C6
0.009035409035409036,0.013675213675213675,0.011721611721611722,0.012698412698412698,0.0002442002442002442,113.75,-67.56,20.06,C6
0.0009768009768009768,0.008302808302808303,0.002197802197802198,0.0004884004884004884,0.0002442002442002442,115.12,-69.44,23.62,C6
0.01098901098901099,0.02735042735042735,0.01904761904761905,0.010500610500610501,0.0002442002442002442,114.37,-68.19,22.19,C6
0.017826617826617826,0.04078144078144078,0.03076923076923077,0.01855921855921856,0.0002442002442002442,110.81,-60.0,13.0,C6
0.022466422466422466,0.050061050061050064,0.03907203907203907,0.023931623931623933,0.0002442002442002442,109.5,-54.75,9.63,C6
0.019291819291819293,0.04542124542124542,0.03467643467643468,0.019536019536019536,0.0002442002442002442,109.12,-54.44,9.13,C6
0.009768009768009768,0.02490842490842491,0.020757020757020756,0.007814407814407814,0.0002442002442002442,108.81,-54.31,10.0,C6
0.0019536019536019536,0.00757020757020757,0.00757020757020757,0.0009768009768009768,0.0002442002442002442,108.12,-55.44,11.31,C6
0.003418803418803419,0.00463980463980464,0.0017094017094017094,0.007326007326007326,0.0002442002442002442,107.12,-58.31,13.94,C6
0.007081807081807082,0.013186813186813187,0.008302808302808303,0.011721611721611722,0.0002442002442002442,104.94,-60.56,16.69,C6
0.004395604395604396,0.001221001221001221,0.0007326007326007326,0.003907203907203907,0.0002442002442002442,103.12,-63.81,21.31,C6
0.0017094017094017094,0.016605616605616606,0.010256410256410256,0.006593406593406593,0.0002442002442002442,101.25,-64.31,24.56,C6
0.006349206349206349,0.02735042735042735,0.017826617826617826,0.014163614163614164,0.0002442002442002442,98.81,-62.69,25.56,C6
0.00927960927960928,0.03492063492063492,0.0231990231990232,0.019291819291819293,0.0002442002442002442,95.06,-57.19,20.62,C6
0.011477411477411478,0.036141636141636145,0.026373626373626374,0.019536019536019536,0.0002442002442002442,93.56,-55.88,18.19,C6
0.00463980463980464,0.02490842490842491,0.01562881562881563,0.009768009768009768,0.0002442002442002442,93.31,-57.38,17.25,C6
0.005616605616605617,0.006105006105006105,0.0002442002442002442,0.002686202686202686,0.0002442002442002442,93.06,-59.0,17.56,C6
0.012698412698412698,0.007326007326007326,0.010500610500610501,0.011233211233211233,0.0002442002442002442,92.87,-61.31,19.06,C6
0.017826617826617826,0.016605616605616606,0.017826617826617826,0.01733821733821734,0.0002442002442002442,93.81,-64.94,24.31,C6
0.017094017094017096,0.020757020757020756,0.02197802197802198,0.019291819291819293,0.0002442002442002442,94.81,-67.81,31.31,C6
0.010012210012210013,0.00463980463980464,0.01098901098901099,0.01098901098901099,0.0002442002442002442,95.94,-68.44,36.19,C6
0.0004884004884004884,0.011233211233211233,0.004884004884004884,0.0019536019536019536,0.0004884004884004884,95.56,-67.31,35.75,C6
0.006349206349206349,0.022222222222222223,0.015873015873015872,0.004395604395604396,0.0004884004884004884,93.12,-61.06,25.56,C6
0.01098901098901099,0.029792429792429794,0.023687423687423687,0.009035409035409036,0.0004884004884004884,93.31,-57.88,22.5,C6
0.007081807081807082,0.0231990231990232,0.017582417582417582,0.003418803418803419,0.0007326007326007326,93.87,-57.63,23.0,C6
0.002686202686202686,0.0031746031746031746,0.0019536019536019536,0.007814407814407814,0.0014652014652014652,94.06,-57.94,23.06,C6
0.010500610500610501,0.012942612942612943,0.011721611721611722,0.017582417582417582,0.0019536019536019536,94.31,-58.31,22.94,C6
0.01611721611721612,0.024175824175824177,0.021733821733821733,0.024664224664224663,0.002442002442002442,94.25,-58.88,22.94,C6
0.020024420024420026,0.03199023199023199,0.02857142857142857,0.029548229548229547,0.002686202686202686,94.69,-62.06,24.25,C6
0.02271062271062271,0.037606837606837605,0.0336996336996337,0.03296703296703297,0.0029304029304029304,97.44,-65.06,33.19,C6
0.02026862026862027,0.030036630036630037,0.026862026862026864,0.027594627594627594,0.0029304029304029304,98.19,-65.44,38.88,C6
0.00757020757020757,0.003907203907203907,0.006349206349206349,0.008302808302808303,0.0031746031746031746,99.25,-65.25,41.44,C6
0.0014652014652014652,0.014652014652014652,0.008302808302808303,0.005372405372405372,0.0031746031746031746,96.94,-62.19,33.88,C6
0.007814407814407814,0.027594627594627594,0.01855921855921856,0.014896214896214897,0.0031746031746031746,95.94,-56.69,25.56,C6
0.010744810744810745,0.03321123321123321,0.02564102564102564,0.018315018315018316,0.0031746031746031746,97.37,-56.94,24.0,C6
0.0029304029304029304,0.017826617826617826,0.01611721611721612,0.00927960927960928,0.002197802197802198,98.81,-57.88,21.19,C6
0.003663003663003663,0.0019536019536019536,0.004395604395604396,0.0004884004884004884,0.0014652014652014652,100.5,-59.56,17.75,C6
0.008302808302808303,0.009035409035409036,0.003907203907203907,0.00757020757020757,0.0009768009768009768,102.87,-63.06,15.31,C6
0.011477411477411478,0.016605616605616606,0.009768009768009768,0.012454212454212455,0.0004884004884004884,106.69,-66.25,16.75,C6
0.009768009768009768,0.012698412698412698,0.005128205128205128,0.009768009768009768,0.0,109.0,-68.19,17.87,C6
0.0004884004884004884,0.008302808302808303,0.009035409035409036,0.0009768009768009768,0.0,108.75,-65.56,14.56,C6
0.007814407814407814,0.0231990231990232,0.018803418803418803,0.008547008547008548,0.0002442002442002442,106.87,-56.94,7.69,C6
0.012942612942612943,0.033455433455433455,0.02564102564102564,0.013675213675213675,0.0002442002442002442,107.56,-53.06,6.31,C6
0.008302808302808303,0.02783882783882784,0.020512820512820513,0.009523809523809525,0.0002442002442002442,108.31,-52.19,6.25,C6
0.0007326007326007326,0.010744810744810745,0.008302808302808303,0.0002442002442002442,0.0007326007326007326,108.87,-52.13,5.69,C6
0.00805860805860806,0.005860805860805861,0.004884004884004884,0.010256410256410256,0.0004884004884004884,109.12,-53.0,5.31,C6
0.013431013431013432,0.01733821733821734,0.01391941391941392,0.01733821733821734,0.0002442002442002442,109.81,-56.69,4.0,C6
0.017094017094017096,0.025396825396825397,0.02026862026862027,0.022222222222222223,0.0,111.81,-60.13,5.31,C6
0.014896214896214897,0.01684981684981685,0.012698412698412698,0.01562881562881563,0.0,114.0,-65.19,8.56,C6
0.00757020757020757,0.00463980463980464,0.002686202686202686,0.002686202686202686,0.0002442002442002442,115.25,-67.06,10.06,C6
0.0,0.020757020757020756,0.015873015873015872,0.006349206349206349,0.0002442002442002442,114.19,-65.19,8.25,C6
0.005128205128205128,0.03223443223443224,0.025152625152625153,0.012698412698412698,0.0004884004884004884,111.31,-58.5,3.87,C6
0.008791208791208791,0.04004884004884005,0.0315018315018315,0.016605616605616606,0.0004884004884004884,111.25,-53.75,3.12,C6
0.004395604395604396,0.03321123321123321,0.02564102564102564,0.011233211233211233,0.0004884004884004884,111.44,-53.63,3.06,C6
0.00463980463980464,0.012454212454212455,0.010744810744810745,0.0002442002442002442,0.0004884004884004884,111.56,-54.0,2.87,C6
0.01098901098901099,0.003663003663003663,0.0014652014652014652,0.00927960927960928,0.0007326007326007326,111.31,-56.88,2.06,C6
0.015384615384615385,0.01514041514041514,0.010012210012210013,0.015873015873015872,0.0002442002442002442,112.5,-61.88,2.12,C6
0.018070818070818073,0.0231990231990232,0.01611721611721612,0.02026862026862027,0.0002442002442002442,115.19,-66.44,6.87,C6
0.013675213675213675,0.009035409035409036,0.005128205128205128,0.010744810744810745,0.0,116.62,-68.87,11.63,C6
0.002442002442002442,0.014163614163614164,0.011477411477411478,0.00463980463980464,0.0,117.62,-69.0,12.63,C6
0.005616605616605617,0.030525030525030524,0.022954822954822957,0.01514041514041514,0.0002442002442002442,116.44,-67.0,11.19,C6
0.01098901098901099,0.042002442002442006,0.03125763125763126,0.02271062271062271,0.0002442002442002442,112.69,-59.56,4.94,C6
0.013675213675213675,0.04664224664224664,0.03540903540903541,0.023687423687423687,0.0002442002442002442,111.75,-55.5,4.0,C6
0.007814407814407814,0.03736263736263736,0.02783882783882784,0.016605616605616606,0.0002442002442002442,112.06,-54.56,3.94,C6
0.0014652014652014652,0.017094017094017096,0.01391941391941392,0.004395604395604396,0.0002442002442002442,112.37,-54.13,4.31,C6
0.008791208791208791,0.0002442002442002442,0.0009768009768009768,0.006349206349206349,0.0002442002442002442,112.25,-54.69,4.06,C6
0.01391941391941392,0.01221001221001221,0.00927960927960928,0.014896214896214897,0.0002442002442002442,112.44,-56.13,3.37,C6
0.01733821733821734,0.020757020757020756,0.016361416361416362,0.020757020757020756,0.0002442002442002442,112.31,-60.13,2.56,C6
0.019291819291819293,0.026373626373626374,0.02148962148962149,0.02490842490842491,0.0002442002442002442,112.37,-62.31,4.06,C6
0.017826617826617826,0.02442002442002442,0.017094017094017096,0.02026862026862027,0.0002442002442002442,114.25,-64.5,6.31,C6
0.011721611721611722,0.005616605616605617,0.002686202686202686,0.008547008547008548,0.0002442002442002442,114.75,-64.81,7.31,C6
0.0007326007326007326,0.01562881562881563,0.015384615384615385,0.00463980463980464,0.0002442002442002442,114.19,-64.0,7.12,C6
0.007081807081807082,0.030525030525030524,0.028327228327228327,0.01391941391941392,0.0002442002442002442,112.25,-61.06,6.12,C6
0.012454212454212455,0.04078144078144078,0.03711843711843712,0.020512820512820513,0.0002442002442002442,111.81,-59.56,5.44,C6
0.010500610500610501,0.04004884004884005,0.03638583638583639,0.019291819291819293,0.0002442002442002442,111.75,-58.56,5.31,C6
0.00463980463980464,0.03199023199023199,0.029548229548229547,0.012698412698412698,0.0002442002442002442,111.75,-59.13,5.12,C6
0.002686202686202686,0.018803418803418803,0.018315018315018316,0.003907203907203907,0.0002442002442002442,112.0,-59.56,5.0,C6
0.010012210012210013,0.0031746031746031746,0.005860805860805861,0.005372405372405372,0.0002442002442002442,112.19,-60.75,4.62,C6
0.015384615384615385,0.00927960927960928,0.004884004884004884,0.013675213675213675,0.0002442002442002442,112.31,-60.63,4.62,C6
0.01904761904761905,0.018070818070818073,0.012454212454212455,0.019536019536019536,0.0002442002442002442,113.0,-61.06,4.87,C6
0.021733821733821733,0.024175824175824177,0.017826617826617826,0.023443223443223443,0.0002442002442002442,114.31,-62.56,5.37,C6
0.01978021978021978,0.019291819291819293,0.013431013431013432,0.01904761904761905,0.0002442002442002442,116.56,-64.94,7.81,C6
0.01221001221001221,0.0014652014652014652,0.0007326007326007326,0.0031746031746031746,0.0002442002442002442,117.94,-65.44,9.0,C6
0.003418803418803419,0.01611721611721612,0.010256410256410256,0.00805860805860806,0.0002442002442002442,116.62,-63.94,8.63,C6
0.002686202686202686,0.026373626373626374,0.017582417582417582,0.01562881562881563,0.0002442002442002442,114.19,-61.63,4.5,C6
0.007081807081807082,0.0336996336996337,0.022954822954822957,0.01978021978021978,0.0002442002442002442,113.44,-60.69,2.31,C6
0.0029304029304029304,0.028327228327228327,0.018803418803418803,0.015384615384615385,0.0002442002442002442,113.5,-59.13,2.44,C6
0.005128205128205128,0.012698412698412698,0.00805860805860806,0.005860805860805861,0.0002442002442002442,114.0,-57.69,2.87,C6
0.011721611721611722,0.0031746031746031746,0.003663003663003663,0.004151404151404151,0.0002442002442002442,114.06,-57.63,2.81,C6
0.01611721611721612,0.014407814407814409,0.012942612942612943,0.011477411477411478,0.0002442002442002442,113.87,-57.94,2.12,C6
0.019291819291819293,0.022466422466422466,0.01978021978021978,0.016605616605616606,0.0002442002442002442,113.81,-58.25,2.0,C6
0.021245421245421246,0.028083028083028084,0.02442002442002442,0.02026862026862027,0.0004884004884004884,113.94,-58.94,2.19,C6
0.022466422466422466,0.03199023199023199,0.02783882783882784,0.02271062271062271,0.0004884004884004884,115.56,-62.5,4.06,C6
0.021245421245421246,0.030036630036630037,0.023931623931623933,0.017826617826617826,0.0004884004884004884,117.81,-66.31,7.94,C6
0.013675213675213675,0.005860805860805861,0.009768009768009768,0.00463980463980464,0.0004884004884004884,118.25,-64.12,7.5,C6
0.008302808302808303,0.01098901098901099,0.0002442002442002442,0.004395604395604396,0.0004884004884004884,115.56,-61.31,5.87,C6
0.004395604395604396,0.022954822954822957,0.007081807081807082,0.010744810744810745,0.0004884004884004884,113.87,-60.19,3.81,C6
0.003418803418803419,0.023443223443223443,0.007814407814407814,0.00927960927960928,0.0004884004884004884,113.62,-59.81,3.0,C6
0.009035409035409036,0.010744810744810745,0.0002442002442002442,0.0019536019536019536,0.0004884004884004884,113.94,-59.5,2.81,C6
0.014896214896214897,0.003418803418803419,0.008547008547008548,0.006593406593406593,0.0004884004884004884,113.94,-59.19,2.31,C6
0.01904761904761905,0.014407814407814409,0.016361416361416362,0.013431013431013432,0.0004884004884004884,113.69,-59.38,1.37,C6
0.021733821733821733,0.022222222222222223,0.021733821733821733,0.01855921855921856,0.0004884004884004884,113.62,-60.44,1.69,C6
0.02271062271062271,0.027594627594627594,0.02564102564102564,0.02197802197802198,0.0004884004884004884,114.56,-63.25,2.62,C6
0.020757020757020756,0.016361416361416362,0.016605616605616606,0.011233211233211233,0.0004884004884004884,116.12,-65.75,5.62,C6
0.012698412698412698,0.006105006105006105,0.0019536019536019536,0.002686202686202686,0.0004884004884004884,116.56,-65.0,6.62,C6
0.007081807081807082,0.02197802197802198,0.008302808302808303,0.01221001221001221,0.0004884004884004884,114.31,-60.63,4.56,C6
0.0029304029304029304,0.03296703296703297,0.01562881562881563,0.01904761904761905,0.0004884004884004884,113.81,-58.25,4.37,C6
0.0031746031746031746,0.03076923076923077,0.014896214896214897,0.01684981684981685,0.0004884004884004884,113.81,-58.06,4.5,C6
0.008547008547008548,0.01562881562881563,0.005860805860805861,0.008302808302808303,0.0004884004884004884,113.69,-58.56,4.0,C6
0.014407814407814409,0.0002442002442002442,0.004395604395604396,0.0017094017094017094,0.0004884004884004884,113.56,-58.5,3.5,C6
0.018315018315018316,0.010500610500610501,0.011721611721611722,0.008547008547008548,0.0004884004884004884,113.87,-59.56,3.44,C6
0.021245421245421246,0.018070818070818073,0.01684981684981685,0.013431013431013432,0.0004884004884004884,115.75,-65.06,5.62,C6
0.021245421245421246,0.019291819291819293,0.017582417582417582,0.012698412698412698,0.0004884004884004884,117.69,-69.81,9.25,C6
0.014652014652014652,0.0009768009768009768,0.005372405372405372,0.002197802197802198,0.0004884004884004884,118.81,-70.87,11.0,C6
0.003663003663003663,0.01855921855921856,0.009523809523809525,0.013186813186813187,0.0004884004884004884,117.69,-69.81,10.31,C6
0.004151404151404151,0.03076923076923077,0.01978021978021978,0.020757020757020756,0.0004884004884004884,114.56,-65.31,6.37,C6
0.009523809523809525,0.039316239316239315,0.027106227106227107,0.02612942612942613,0.0004884004884004884,113.44,-63.06,1.94,C6
0.007081807081807082,0.03736263736263736,0.02490842490842491,0.024175824175824177,0.0004884004884004884,113.44,-62.56,0.81,C6
0.003663003663003663,0.020757020757020756,0.012942612942612943,0.014896214896214897,0.0004884004884004884,113.25,-61.69,1.0,C6
0.012454212454212455,0.001221001221001221,0.001221001221001221,0.003907203907203907,0.0004884004884004884,112.81,-61.38,0.94,C6
0.018315018315018316,0.014163614163614164,0.013186813186813187,0.005860805860805861,0.0004884004884004884,112.06,-61.5,0.0,C6
0.02271062271062271,0.02490842490842491,0.02148962148962149,0.012454212454212455,0.0004884004884004884,112.19,-62.94,-0.81,C6
0.02564102564102564,0.03247863247863248,0.02735042735042735,0.01733821733821734,0.0004884004884004884,112.12,-64.87,-1.0,C6
0.026373626373626374,0.036141636141636145,0.028327228327228327,0.017094017094017096,0.0004884004884004884,112.0,-67.69,-0.75,C6
0.024175824175824177,0.030525030525030524,0.019536019536019536,0.008791208791208791,0.0004884004884004884,112.37,-69.06,2.5,C6
0.018070818070818073,0.011477411477411478,0.005616605616605617,0.00463980463980464,0.0004884004884004884,112.75,-69.31,4.06,C6
0.010256410256410256,0.004395604395604396,0.005372405372405372,0.014163614163614164,0.0004884004884004884,112.44,-68.12,4.06,C6
0.00463980463980464,0.01562881562881563,0.013186813186813187,0.021001221001221003,0.0004884004884004884,110.75,-63.5,1.0,C6
0.0007326007326007326,0.023443223443223443,0.01855921855921856,0.022954822954822957,0.0004884004884004884,110.5,-59.38,1.31,C6
0.006837606837606838,0.017094017094017096,0.01391941391941392,0.017826617826617826,0.0004884004884004884,110.62,-57.44,2.19,C6
0.01514041514041514,0.0007326007326007326,0.002686202686202686,0.00757020757020757,0.0004884004884004884,110.37,-57.56,2.37,C6
0.021001221001221003,0.014407814407814409,0.009523809523809525,0.0029304029304029304,0.0004884004884004884,110.06,-58.81,2.12,C6
0.02490842490842491,0.024664224664224663,0.018070818070818073,0.010256410256410256,0.0007326007326007326,110.37,-61.38,2.44,C6
0.02735042735042735,0.03199023199023199,0.024175824175824177,0.015384615384615385,0.0014652014652014652,112.62,-65.19,3.5,C6
0.022222222222222223,0.026862026862026864,0.021001221001221003,0.01391941391941392,0.002197802197802198,114.62,-67.94,6.94,C6
0.01098901098901099,0.003907203907203907,0.006349206349206349,0.0004884004884004884,0.002686202686202686,115.69,-68.0,7.69,C6
0.0031746031746031746,0.011965811965811967,0.004151404151404151,0.009035409035409036,0.0029304029304029304,114.31,-66.94,5.94,C6
0.002197802197802198,0.0231990231990232,0.011721611721611722,0.015873015873015872,0.0029304029304029304,113.06,-65.19,2.75,C6
0.006105006105006105,0.02905982905982906,0.01684981684981685,0.017826617826617826,0.0031746031746031746,113.12,-60.75,0.81,C6
0.003663003663003663,0.02490842490842491,0.013675213675213675,0.012942612942612943,0.0031746031746031746,113.56,-59.44,0.25,C6
0.003907203907203907,0.007326007326007326,0.0009768009768009768,0.0019536019536019536,0.0031746031746031746,113.94,-58.81,-0.19,C6
0.012942612942612943,0.010744810744810745,0.012942612942612943,0.00927960927960928,0.0031746031746031746,113.81,-58.88,-0.19,C6
0.019291819291819293,0.023443223443223443,0.0231990231990232,0.01733821733821734,0.0031746031746031746,113.69,-60.44,-0.56,C6
0.023687423687423687,0.03247863247863248,0.030525030525030524,0.0231990231990232,0.0031746031746031746,114.94,-62.63,-0.19,C6
0.02564102564102564,0.03833943833943834,0.03565323565323565,0.027106227106227107,0.0031746031746031746,116.5,-64.06,2.94,C6
0.022954822954822957,0.03296703296703297,0.03028083028083028,0.022954822954822957,0.0031746031746031746,119.0,-65.37,5.81,C6
0.014652014652014652,0.01221001221001221,0.017094017094017096,0.012942612942612943,0.0031746031746031746,119.94,-66.94,7.12,C6
0.0031746031746031746,0.010256410256410256,0.0002442002442002442,0.0,0.0031746031746031746,119.69,-66.94,6.81,C6
0.004884004884004884,0.02564102564102564,0.011477411477411478,0.008791208791208791,0.0031746031746031746,117.75,-63.13,5.81,C6
0.010500610500610501,0.03663003663003663,0.01978021978021978,0.01514041514041514,0.0031746031746031746,116.25,-58.94,3.44,C6
0.009035409035409036,0.036874236874236875,0.02026862026862027,0.014896214896214897,0.002197802197802198,115.75,-58.81,2.44,C6
0.0009768009768009768,0.021245421245421246,0.010744810744810745,0.006837606837606838,0.0014652014652014652,115.31,-59.31,2.56,C6
0.008547008547008548,0.0017094017094017094,0.0029304029304029304,0.004151404151404151,0.0009768009768009768,114.69,-59.5,2.12,C6
0.01514041514041514,0.01391941391941392,0.014652014652014652,0.013675213675213675,0.0017094017094017094,113.81,-59.69,1.31,C6
0.01978021978021978,0.024664224664224663,0.02271062271062271,0.02026862026862027,0.002197802197802198,113.56,-62.31,1.62,C6
0.0231990231990232,0.03247863247863248,0.02857142857142857,0.02490842490842491,0.002686202686202686,114.19,-66.0,3.19,C6
0.02148962148962149,0.030525030525030524,0.02905982905982906,0.023931623931623933,0.002686202686202686,115.62,-68.94,7.12,C6
0.01611721611721612,0.011965811965811967,0.017582417582417582,0.014163614163614164,0.0019536019536019536,117.5,-71.5,10.56,C6
0.006349206349206349,0.009768009768009768,0.002197802197802198,0.0017094017094017094,0.001221001221001221,117.94,-71.5,10.81,C6
0.0002442002442002442,0.025152625152625153,0.008791208791208791,0.006837606837606838,0.0007326007326007326,116.44,-67.69,6.94,C6
0.005128205128205128,0.035897435897435895,0.01611721611721612,0.012942612942612943,0.0004884004884004884,114.12,-58.31,1.87,C6
0.00805860805860806,0.040293040293040296,0.020757020757020756,0.012942612942612943,0.0002442002442002442,114.37,-55.13,1.06,C6
0.0017094017094017094,0.02442002442002442,0.01098901098901099,0.0029304029304029304,0.0,114.25,-55.06,0.75,C6
0.006593406593406593,0.004395604395604396,0.002442002442002442,0.008791208791208791,0.0002442002442002442,114.37,-56.13,1.0,C6
0.012454212454212455,0.009523809523809525,0.013186813186813187,0.017826617826617826,0.0007326007326007326,114.19,-57.63,0.88,C6
0.016605616605616606,0.01904761904761905,0.020757020757020756,0.024175824175824177,0.0014652014652014652,114.56,-59.69,1.94,C6
0.01855921855921856,0.02564102564102564,0.025885225885225887,0.02857142857142857,0.0009768009768009768,116.06,-64.94,4.06,C6
0.012942612942612943,0.017582417582417582,0.01904761904761905,0.022222222222222223,0.0004884004884004884,117.06,-68.37,7.69,C6
0.0019536019536019536,0.003418803418803419,0.003418803418803419,0.006837606837606838,0.0002442002442002442,117.37,-68.06,8.56,C6
0.005860805860805861,0.020757020757020756,0.011721611721611722,0.003663003663003663,0.0,116.37,-65.12,7.06,C6
0.011233211233211233,0.032722832722832725,0.022222222222222223,0.01098901098901099,0.0,114.37,-58.56,1.87,C6
0.014407814407814409,0.04126984126984127,0.029792429792429794,0.01611721611721612,0.0002442002442002442,114.25,-55.31,0.75,C6
0.009035409035409036,0.033455433455433455,0.023687423687423687,0.010744810744810745,0.0009768009768009768,114.62,-55.13,0.44,C6
0.0004884004884004884,0.012454212454212455,0.009523809523809525,0.0004884004884004884,0.0004884004884004884,114.25,-54.75,0.31,C6
0.009035409035409036,0.005860805860805861,0.004151404151404151,0.011233211233211233,0.0014652014652014652,114.0,-54.94,-0.06,C6
0.014896214896214897,0.01855921855921856,0.01391941391941392,0.01904761904761905,0.0007326007326007326,113.75,-56.81,-0.62,C6
0.018803418803418803,0.02735042735042735,0.020757020757020756,0.024175824175824177,0.0004884004884004884,113.25,-60.25,0.0,C6
0.020024420024420026,0.029548229548229547,0.022222222222222223,0.024175824175824177,0.0002442002442002442,114.25,-63.44,1.94,C6
0.012942612942612943,0.009035409035409036,0.010012210012210013,0.011233211233211233,0.0,115.19,-64.56,3.94,C6
0.0009768009768009768,0.013431013431013432,0.006837606837606838,0.005128205128205128,0.0002442002442002442,115.75,-64.19,4.62,C6
0.00757020757020757,0.02905982905982906,0.019291819291819293,0.016605616605616606,0.0002442002442002442,115.44,-63.81,4.62,C6
0.013431013431013432,0.04004884004884005,0.02783882783882784,0.024664224664224663,0.0002442002442002442,113.81,-60.19,2.12,C6
0.01611721611721612,0.04566544566544566,0.03394383394383394,0.026617826617826617,0.0002442002442002442,113.75,-54.75,0.37,C6
0.011721611721611722,0.0398046398046398,0.029548229548229547,0.02148962148962149,0.0002442002442002442,114.12,-53.19,0.31,C6
0.0009768009768009768,0.017094017094017096,0.013675213675213675,0.008302808302808303,0.0002442002442002442,114.0,-53.56,0.13,C6
0.007326007326007326,0.002197802197802198,0.0017094017094017094,0.004395604395604396,0.0002442002442002442,113.5,-54.88,-0.19,C6
0.013431013431013432,0.01562881562881563,0.012454212454212455,0.013186813186813187,0.0002442002442002442,113.06,-57.31,-0.25,C6
0.017582417582417582,0.025152625152625153,0.020024420024420026,0.019291819291819293,0.0002442002442002442,114.0,-62.69,0.81,C6
0.01611721611721612,0.021733821733821733,0.016605616605616606,0.01684981684981685,0.0002442002442002442,115.37,-65.31,3.44,C6
0.007814407814407814,0.002686202686202686,0.0,0.0031746031746031746,0.0002442002442002442,116.19,-65.56,4.56,C6
0.002197802197802198,0.021733821733821733,0.016605616605616606,0.00927960927960928,0.0002442002442002442,117.12,-65.94,6.06,C6
0.009035409035409036,0.03492063492063492,0.028327228327228327,0.017826617826617826,0.0004884004884004884,117.44,-65.81,5.87,C6
0.013675213675213675,0.04395604395604396,0.03663003663003663,0.023931623931623933,0.0004884004884004884,117.06,-64.81,4.94,C6
0.016361416361416362,0.04884004884004884,0.04151404151404151,0.02612942612942613,0.0004884004884004884,115.0,-60.5,0.37,C6
0.01611721611721612,0.04957264957264957,0.04249084249084249,0.02564102564102564,0.0004884004884004884,114.69,-55.13,-1.31,C6
0.009523809523809525,0.04053724053724054,0.035164835164835165,0.019291819291819293,0.0004884004884004884,114.87,-53.88,-1.37,C6
0.0017094017094017094,0.016361416361416362,0.018070818070818073,0.006593406593406593,0.0004884004884004884,114.06,-54.13,-1.12,C6
0.009768009768009768,0.0019536019536019536,0.0029304029304029304,0.005128205128205128,0.0004884004884004884,113.25,-55.56,-1.5,C6
0.015384615384615385,0.014896214896214897,0.007814407814407814,0.013431013431013432,0.0004884004884004884,112.75,-57.56,-2.25,C6
0.019291819291819293,0.023931623931623933,0.01514041514041514,0.019291819291819293,0.0007326007326007326,113.31,-59.69,-0.81,C6
0.019536019536019536,0.025885225885225887,0.016361416361416362,0.01978021978021978,0.0004884004884004884,114.56,-63.81,1.81,C6
0.014407814407814409,0.010256410256410256,0.005860805860805861,0.011233211233211233,0.0002442002442002442,115.87,-66.81,3.87,C6
0.002442002442002442,0.011965811965811967,0.009768009768009768,0.002686202686202686,0.0,116.87,-67.5,6.37,C6
0.008302808302808303,0.028815628815628817,0.024664224664224663,0.012698412698412698,0.0,117.37,-66.69,7.19,C6
0.015873015873015872,0.04053724053724054,0.03492063492063492,0.019536019536019536,0.0002442002442002442,116.5,-64.19,6.87,C6
0.021245421245421246,0.04884004884004884,0.04224664224664225,0.023443223443223443,0.0002442002442002442,115.0,-60.31,3.94,C6
0.021245421245421246,0.04981684981684982,0.04297924297924298,0.02271062271062271,0.0004884004884004884,115.37,-56.31,2.44,C6
0.014652014652014652,0.042002442002442006,0.036141636141636145,0.016605616605616606,0.0004884004884004884,115.31,-55.13,1.87,C6
0.0031746031746031746,0.021245421245421246,0.021733821733821733,0.006105006105006105,0.0004884004884004884,115.5,-54.63,2.62,C6
0.005372405372405372,0.0019536019536019536,0.006349206349206349,0.005616605616605617,0.0004884004884004884,115.94,-54.44,3.69,C6
0.011233211233211233,0.011721611721611722,0.004395604395604396,0.01391941391941392,0.0004884004884004884,116.12,-53.94,5.31,C6
0.015384615384615385,0.021245421245421246,0.011965811965811967,0.01978021978021978,0.0002442002442002442,116.12,-55.5,5.5,C6
0.015873015873015872,0.024664224664224663,0.016361416361416362,0.022222222222222223,0.0,116.94,-59.5,5.12,C6
0.013675213675213675,0.018070818070818073,0.008791208791208791,0.017094017094017096,0.0,118.69,-59.75,6.37,C6
0.010012210012210013,0.0019536019536019536,0.003907203907203907,0.007814407814407814,0.0002442002442002442,119.81,-60.0,6.62,C6
0.003663003663003663,0.013675213675213675,0.01684981684981685,0.0019536019536019536,0.0002442002442002442,120.56,-61.25,6.44,C6
0.0031746031746031746,0.026862026862026864,0.02905982905982906,0.01221001221001221,0.0002442002442002442,120.69,-62.81,6.56,C6
0.007814407814407814,0.036141636141636145,0.03736263736263736,0.019291819291819293,0.0002442002442002442,119.19,-59.5,5.69,C6
0.011233211233211233,0.04249084249084249,0.043467643467643466,0.024175824175824177,0.0002442002442002442,117.75,-57.06,3.19,C6
0.010012210012210013,0.041025641025641026,0.042002442002442006,0.02197802197802198,0.0002442002442002442,118.12,-55.5,2.44,C6
0.002686202686202686,0.024664224664224663,0.030036630036630037,0.011721611721611722,0.0002442002442002442,118.25,-55.75,1.94,C6
0.006349206349206349,0.003418803418803419,0.013431013431013432,0.0009768009768009768,0.0002442002442002442,117.62,-56.94,1.5,C6
0.012698412698412698,0.011477411477411478,0.0017094017094017094,0.009768009768009768,0.0007326007326007326,117.62,-60.88,1.87,C6
0.017094017094017096,0.02197802197802198,0.006349206349206349,0.015873015873015872,0.0014652014652014652,119.12,-63.5,3.94,C6
0.013675213675213675,0.011477411477411478,0.0004884004884004884,0.01098901098901099,0.0019536019536019536,119.81,-65.37,5.94,C6
0.001221001221001221,0.011721611721611722,0.014896214896214897,0.0029304029304029304,0.002442002442002442,120.25,-64.81,7.25,C6
0.010256410256410256,0.02905982905982906,0.03028083028083028,0.014652014652014652,0.002686202686202686,120.62,-64.87,7.81,C6
0.018315018315018316,0.04126984126984127,0.041025641025641026,0.02271062271062271,0.0029304029304029304,119.06,-63.94,7.25,C6
0.023931623931623933,0.04981684981684982,0.0485958485958486,0.02857142857142857,0.0029304029304029304,117.0,-59.13,3.25,C6
0.023931623931623933,0.050793650793650794,0.04957264957264957,0.027594627594627594,0.0019536019536019536,117.31,-55.63,3.5,C6
0.015873015873015872,0.03663003663003663,0.03907203907203907,0.018803418803418803,0.001221001221001221,117.5,-54.88,3.69,C6
0.004884004884004884,0.01391941391941392,0.02197802197802198,0.006349206349206349,0.0007326007326007326,118.12,-54.5,2.87,C6
0.003418803418803419,0.004151404151404151,0.00805860805860806,0.005128205128205128,0.0002442002442002442,117.94,-55.5,1.5,C6
0.00927960927960928,0.01684981684981685,0.0029304029304029304,0.013431013431013432,0.0002442002442002442,117.94,-56.69,0.62,C6
0.013186813186813187,0.02564102564102564,0.010744810744810745,0.019291819291819293,0.0,118.25,-58.06,1.37,C6
0.013431013431013432,0.03076923076923077,0.01611721611721612,0.0231990231990232,0.0,118.25,-60.88,3.06,C6
0.010744810744810745,0.025152625152625153,0.01221001221001221,0.019291819291819293,0.0002442002442002442,119.44,-65.12,6.19,C6
0.004395604395604396,0.00463980463980464,0.001221001221001221,0.009035409035409036,0.0002442002442002442,120.75,-68.25,9.69,C6
0.005128205128205128,0.017094017094017096,0.012942612942612943,0.002442002442002442,0.0002442002442002442,121.25,-68.44,10.94,C6
0.011965811965811967,0.03247863247863248,0.022954822954822957,0.010500610500610501,0.0002442002442002442,119.19,-61.44,7.0,C6
0.016605616605616606,0.04322344322344322,0.030036630036630037,0.016361416361416362,0.0002442002442002442,118.31,-56.94,4.31,C6
0.01684981684981685,0.04468864468864469,0.030525030525030524,0.01514041514041514,0.0002442002442002442,118.19,-56.63,4.0,C6
0.007814407814407814,0.02564102564102564,0.018803418803418803,0.005860805860805861,0.0002442002442002442,118.56,-56.5,4.37,C6
0.001221001221001221,0.006349206349206349,0.006105006105006105,0.004395604395604396,0.0002442002442002442,118.06,-56.94,4.06,C6
0.00757020757020757,0.007081807081807082,0.0029304029304029304,0.011477411477411478,0.0002442002442002442,117.56,-60.0,4.12,C6
0.011965811965811967,0.016605616605616606,0.009035409035409036,0.016361416361416362,0.0002442002442002442,117.94,-63.06,3.37,C6
0.011965811965811967,0.012942612942612943,0.007081807081807082,0.01562881562881563,0.0002442002442002442,118.94,-66.37,5.06,C6
0.005372405372405372,0.00757020757020757,0.006837606837606838,0.004395604395604396,0.0004884004884004884,120.31,-66.56,7.44,C6
0.002442002442002442,0.023931623931623933,0.019291819291819293,0.004151404151404151,0.0004884004884004884,119.62,-65.06,7.12,C6
0.00805860805860806,0.035164835164835165,0.02783882783882784,0.010012210012210013,0.0004884004884004884,118.19,-59.69,4.31,C6
0.011965811965811967,0.04322344322344322,0.0336996336996337,0.014163614163614164,0.0004884004884004884,118.19,-57.44,3.06,C6
0.007326007326007326,0.03223443223443224,0.027106227106227107,0.008302808302808303,0.0004884004884004884,117.94,-57.19,2.56,C6
0.001221001221001221,0.011233211233211233,0.013431013431013432,0.002442002442002442,0.0004884004884004884,117.75,-57.44,2.25,C6
0.007326007326007326,0.004395604395604396,0.001221001221001221,0.011233211233211233,0.0004884004884004884,117.5,-58.81,1.5,C6
0.011477411477411478,0.015384615384615385,0.00757020757020757,0.01733821733821734,0.0004884004884004884,117.56,-62.06,1.44,C6
0.014407814407814409,0.022954822954822957,0.013431013431013432,0.02148962148962149,0.0004884004884004884,118.0,-64.25,3.62,C6
0.011233211233211233,0.007326007326007326,0.004151404151404151,0.01514041514041514,0.0004884004884004884,119.06,-65.56,4.94,C6
0.004151404151404151,0.01514041514041514,0.010500610500610501,0.002197802197802198,0.0004884004884004884,119.5,-66.0,5.56,C6
0.0019536019536019536,0.0315018315018315,0.023443223443223443,0.007326007326007326,0.0004884004884004884,119.37,-65.94,6.0,C6
0.006349206349206349,0.04297924297924298,0.03247863247863248,0.01391941391941392,0.0004884004884004884,117.87,-61.75,4.87,C6
0.00927960927960928,0.050793650793650794,0.03882783882783883,0.01855921855921856,0.0004884004884004884,117.0,-57.31,4.62,C6
0.005860805860805861,0.04713064713064713,0.03540903540903541,0.015873015873015872,0.0004884004884004884,117.5,-55.0,5.37,C6
0.0017094017094017094,0.027106227106227107,0.02197802197802198,0.004395604395604396,0.0004884004884004884,117.44,-54.44,5.87,C6
0.010500610500610501,0.006593406593406593,0.006349206349206349,0.00757020757020757,0.0004884004884004884,116.62,-55.94,5.0,C6
0.016605616605616606,0.00805860805860806,0.00463980463980464,0.01611721611721612,0.0007326007326007326,116.5,-58.81,5.12,C6
0.021001221001221003,0.018070818070818073,0.01221001221001221,0.02197802197802198,0.0014652014652014652,119.0,-61.38,7.06,C6
0.015873015873015872,0.010256410256410256,0.006349206349206349,0.01611721611721612,0.0019536019536019536,120.19,-63.69,8.75,C6
0.0007326007326007326,0.012454212454212455,0.006105006105006105,0.0002442002442002442,0.001221001221001221,121.37,-64.12,10.31,C6
0.01098901098901099,0.029304029304029304,0.01684981684981685,0.010744810744810745,0.0007326007326007326,121.87,-64.12,10.19,C6
0.01904761904761905,0.041025641025641026,0.02442002442002442,0.01855921855921856,0.0002442002442002442,121.94,-64.06,9.94,C6
0.02490842490842491,0.04932844932844933,0.029792429792429794,0.023443223443223443,0.0,120.19,-62.31,8.56,C6
0.02783882783882784,0.05347985347985348,0.032722832722832725,0.025885225885225887,0.0,118.37,-58.81,4.56,C6
0.025152625152625153,0.051526251526251524,0.030036630036630037,0.023443223443223443,0.0002442002442002442,118.5,-55.56,4.87,C6
0.01514041514041514,0.036141636141636145,0.019536019536019536,0.013675213675213675,0.0009768009768009768,118.31,-54.94,4.81,C6
0.00463980463980464,0.012698412698412698,0.003663003663003663,0.0002442002442002442,0.0004884004884004884,117.75,-55.25,4.25,C6
0.0029304029304029304,0.003663003663003663,0.00757020757020757,0.010012210012210013,0.001221001221001221,117.0,-59.19,3.25,C6
0.00805860805860806,0.01514041514041514,0.015384615384615385,0.016605616605616606,0.0019536019536019536,118.44,-63.06,4.94,C6
0.006593406593406593,0.007814407814407814,0.010500610500610501,0.013431013431013432,0.002442002442002442,119.69,-67.19,8.25,C6
0.0019536019536019536,0.01391941391941392,0.004884004884004884,0.0014652014652014652,0.002686202686202686,120.44,-67.06,10.0,C6
0.01098901098901099,0.029304029304029304,0.02026862026862027,0.007814407814407814,0.0029304029304029304,120.12,-67.12,10.0,C6
0.017094017094017096,0.040293040293040296,0.031013431013431014,0.014407814407814409,0.0019536019536019536,120.44,-67.31,11.69,C6
0.02148962148962149,0.04786324786324787,0.038583638583638585,0.018803418803418803,0.001221001221001221,120.0,-66.5,12.13,C6
0.0231990231990232,0.05128205128205128,0.04322344322344322,0.021245421245421246,0.0007326007326007326,118.37,-62.75,7.69,C6
0.02271062271062271,0.051770451770451774,0.045177045177045176,0.021245421245421246,0.0004884004884004884,117.62,-59.63,5.81,C6
0.017094017094017096,0.04493284493284493,0.039316239316239315,0.01684981684981685,0.0002442002442002442,118.19,-58.75,4.44,C6
0.00805860805860806,0.028327228327228327,0.027106227106227107,0.007814407814407814,0.0,118.37,-57.81,3.87,C6
0.0004884004884004884,0.008547008547008548,0.011965811965811967,0.003418803418803419,0.0,117.94,-55.94,4.06,C6
0.006593406593406593,0.006105006105006105,0.0002442002442002442,0.013431013431013432,0.0002442002442002442,117.81,-57.88,2.44,C6
0.010744810744810745,0.01611721611721612,0.008791208791208791,0.02026862026862027,0.0002442002442002442,117.25,-62.06,2.12,C6
0.01391941391941392,0.0231990231990232,0.014896214896214897,0.025152625152625153,0.0002442002442002442,117.31,-67.06,4.31,C6
0.011477411477411478,0.013431013431013432,0.006349206349206349,0.018070818070818073,0.0002442002442002442,118.94,-68.12,6.06,C6
0.0029304029304029304,0.007081807081807082,0.007814407814407814,0.004151404151404151,0.0002442002442002442,119.37,-68.69,7.37,C6
0.007081807081807082,0.023687423687423687,0.02197802197802198,0.006105006105006105,0.0002442002442002442,119.69,-68.12,8.06,C6
0.014163614163614164,0.03540903540903541,0.031746031746031744,0.013431013431013432,0.0002442002442002442,119.44,-67.12,7.06,C6
0.01904761904761905,0.043467643467643466,0.038583638583638585,0.01855921855921856,0.0004884004884004884,117.06,-63.69,4.19,C6
0.020024420024420026,0.046153846153846156,0.04151404151404151,0.01978021978021978,0.0004884004884004884,116.81,-59.19,2.37,C6
0.014652014652014652,0.0398046398046398,0.03663003663003663,0.015873015873015872,0.0004884004884004884,116.87,-57.81,1.75,C6
0.003663003663003663,0.018070818070818073,0.022222222222222223,0.005616605616605617,0.0004884004884004884,116.37,-58.31,1.75,C6
0.005616605616605617,0.002197802197802198,0.006593406593406593,0.006349206349206349,0.0004884004884004884,116.56,-58.81,1.69,C6
0.011965811965811967,0.016605616605616606,0.004395604395604396,0.014652014652014652,0.0004884004884004884,116.5,-62.19,0.69,C6
0.016605616605616606,0.026617826617826617,0.011965811965811967,0.020512820512820513,0.0004884004884004884,116.69,-67.37,-0.37,C6
0.014896214896214897,0.023687423687423687,0.010256410256410256,0.01904761904761905,0.0004884004884004884,118.37,-71.06,3.62,C6
0.005372405372405372,0.002197802197802198,0.002686202686202686,0.006837606837606838,0.0004884004884004884,119.25,-71.87,6.75,C6
0.006593406593406593,0.017826617826617826,0.01733821733821734,0.004884004884004884,0.0004884004884004884,119.56,-71.25,8.44,C6
0.014896214896214897,0.031746031746031744,0.027594627594627594,0.012942612942612943,0.0004884004884004884,119.12,-70.0,8.63,C6
0.020757020757020756,0.04126984126984127,0.03467643467643468,0.018803418803418803,0.0004884004884004884,117.25,-64.19,4.87,C6
0.02271062271062271,0.04566544566544566,0.038583638583638585,0.01978021978021978,0.0004884004884004884,117.81,-57.31,5.19,C6
0.016605616605616606,0.0398046398046398,0.03394383394383394,0.01514041514041514,0.0004884004884004884,117.69,-56.94,4.87,C6
0.004884004884004884,0.018315018315018316,0.018803418803418803,0.003663003663003663,0.0004884004884004884,116.5,-59.0,2.81,C6
0.003663003663003663,0.0014652014652014652,0.003418803418803419,0.00805860805860806,0.0004884004884004884,116.31,-59.94,1.81,C6
0.009523809523809525,0.01514041514041514,0.007326007326007326,0.01611721611721612,0.0007326007326007326,116.56,-62.06,-0.19,C6
0.01391941391941392,0.024664224664224663,0.014652014652014652,0.02197802197802198,0.0014652014652014652,117.62,-68.37,0.69,C6
0.014652014652014652,0.027106227106227107,0.018070818070818073,0.02442002442002442,0.0009768009768009768,119.19,-73.0,8.19,C6
0.007326007326007326,0.007326007326007326,0.006349206349206349,0.014407814407814409,0.0004884004884004884,120.31,-74.12,11.25,C6
0.004151404151404151,0.014163614163614164,0.00927960927960928,0.0029304029304029304,0.0002442002442002442,120.56,-73.75,12.0,C6
0.01221001221001221,0.029304029304029304,0.020512820512820513,0.005128205128205128,0.0,120.25,-72.37,10.88,C6
0.017826617826617826,0.0398046398046398,0.028327228327228327,0.010744810744810745,0.0,118.56,-70.56,8.69,C6
0.02026862026862027,0.045177045177045176,0.0336996336996337,0.013186813186813187,0.0002442002442002442,116.75,-66.94,5.0,C6
0.018803418803418803,0.045177045177045176,0.0336996336996337,0.011477411477411478,0.0002442002442002442,116.5,-63.13,2.75,C6
0.012942612942612943,0.039316239316239315,0.02735042735042735,0.006105006105006105,0.0007326007326007326,116.0,-62.69,-0.19,C6
0.006105006105006105,0.02612942612942613,0.014896214896214897,0.0029304029304029304,0.0014652014652014652,115.87,-61.13,-1.06,C6
0.0009768009768009768,0.00805860805860806,0.0009768009768009768,0.013186813186813187,0.002197802197802198,115.75,-60.5,-0.5,C6
0.007326007326007326,0.008302808302808303,0.01221001221001221,0.022222222222222223,0.002442002442002442,115.31,-61.19,-0.75,C6
0.011721611721611722,0.01978021978021978,0.02148962148962149,0.02857142857142857,0.002686202686202686,115.69,-61.81,-0.62,C6
0.014896214896214897,0.02783882783882784,0.02783882783882784,0.03321123321123321,0.0029304029304029304,115.87,-61.06,-1.06,C6
0.016605616605616606,0.03223443223443224,0.03199023199023199,0.036141636141636145,0.0029304029304029304,115.37,-62.38,-2.06,C6
0.01733821733821734,0.03492063492063492,0.03467643467643468,0.03833943833943834,0.0031746031746031746,115.62,-64.5,-1.87,C6
0.017826617826617826,0.03638583638583639,0.03638583638583639,0.03956043956043956,0.0031746031746031746,116.75,-69.19,0.44,C6
0.01733821733821734,0.025152625152625153,0.026862026862026864,0.03223443223443224,0.002197802197802198,118.75,-73.12,5.37,C6
0.00927960927960928,0.0002442002442002442,0.008547008547008548,0.01611721611721612,0.0014652014652014652,119.69,-73.31,7.62,C6
0.002197802197802198,0.017094017094017096,0.004395604395604396,0.00463980463980464,0.0007326007326007326,117.44,-68.81,4.12,C6
0.002686202686202686,0.02905982905982906,0.013186813186813187,0.0031746031746031746,0.0002442002442002442,116.06,-63.56,-0.31,C6
0.006105006105006105,0.033455433455433455,0.017826617826617826,0.004884004884004884,0.0,116.06,-60.63,0.56,C6
0.001221001221001221,0.021245421245421246,0.01098901098901099,0.002442002442002442,0.0,116.25,-59.94,2.5,C6
0.006105006105006105,0.003418803418803419,0.0004884004884004884,0.012454212454212455,0.0002442002442002442,116.62,-59.5,3.12,C6
0.011477411477411478,0.010012210012210013,0.010012210012210013,0.020512820512820513,0.0002442002442002442,116.37,-60.69,1.81,C6
0.01514041514041514,0.019536019536019536,0.01684981684981685,0.026373626373626374,0.0002442002442002442,117.06,-65.12,1.25,C6
0.017094017094017096,0.02612942612942613,0.021733821733821733,0.030525030525030524,0.0002442002442002442,118.37,-70.5,7.56,C6
0.011233211233211233,0.010500610500610501,0.011233211233211233,0.021001221001221003,0.0002442002442002442,119.69,-73.87,14.06,C6
0.0014652014652014652,0.014407814407814409,0.007326007326007326,0.005372405372405372,0.0002442002442002442,120.31,-73.69,16.31,C6
0.010500610500610501,0.0315018315018315,0.020512820512820513,0.005616605616605617,0.0004884004884004884,118.06,-66.62,9.0,C6
0.016605616605616606,0.04371184371184371,0.029792429792429794,0.013431013431013432,0.0004884004884004884,116.87,-61.0,3.87,C6
0.018315018315018316,0.043467643467643466,0.030036630036630037,0.010744810744810745,0.0004884004884004884,116.69,-59.81,2.5,C6
0.011721611721611722,0.027106227106227107,0.019291819291819293,0.0002442002442002442,0.0004884004884004884,116.69,-59.75,2.69,C6
0.0019536019536019536,0.00757020757020757,0.005860805860805861,0.009768009768009768,0.0004884004884004884,116.31,-61.06,2.12,C6
0.00463980463980464,0.005860805860805861,0.003418803418803419,0.016605616605616606,0.0004884004884004884,117.12,-64.37,3.44,C6
0.009523809523809525,0.015384615384615385,0.010012210012210013,0.02148962148962149,0.0004884004884004884,118.44,-69.0,9.0,C6
0.00463980463980464,0.0014652014652014652,0.0009768009768009768,0.010256410256410256,0.0004884004884004884,119.19,-70.94,13.13,C6
0.006105006105006105,0.019291819291819293,0.01221001221001221,0.003663003663003663,0.0004884004884004884,119.94,-71.0,14.19,C6
0.014163614163614164,0.03394383394383394,0.024664224664224663,0.013186813186813187,0.0004884004884004884,120.37,-70.56,14.06,C6
0.020024420024420026,0.044444444444444446,0.03321123321123321,0.020024420024420026,0.0004884004884004884,119.19,-68.75,11.56,C6
0.023931623931623933,0.051526251526251524,0.039316239316239315,0.024175824175824177,0.0004884004884004884,117.44,-61.06,4.06,C6
0.022954822954822957,0.05128205128205128,0.03882783882783883,0.022222222222222223,0.0004884004884004884,118.12,-56.0,3.31,C6
0.01514041514041514,0.03565323565323565,0.027106227106227107,0.012454212454212455,0.0004884004884004884,118.12,-55.56,3.69,C6
0.007326007326007326,0.024664224664224663,0.018315018315018316,0.00463980463980464,0.0004884004884004884,117.06,-59.94,2.62,C6
0.0019536019536019536,0.01684981684981685,0.01221001221001221,0.0009768009768009768,0.0007326007326007326,118.06,-65.44,3.69,C6
0.0017094017094017094,0.011477411477411478,0.007814407814407814,0.00463980463980464,0.0014652014652014652,120.19,-68.87,5.81,C6
0.0029304029304029304,0.025885225885225887,0.017094017094017096,0.004395604395604396,0.0009768009768009768,121.37,-69.44,8.56,C6
0.010500610500610501,0.03736263736263736,0.028815628815628817,0.014163614163614164,0.0004884004884004884,121.69,-69.19,9.25,C6
0.015873015873015872,0.04566544566544566,0.03711843711843712,0.021001221001221003,0.0002442002442002442,121.31,-68.62,9.13,C6
0.019536019536019536,0.05128205128205128,0.042735042735042736,0.025885225885225887,0.0,119.19,-65.87,6.69,C6
0.021001221001221003,0.05274725274725275,0.046153846153846156,0.025885225885225887,0.0,117.62,-60.75,3.62,C6
0.018070818070818073,0.04737484737484737,0.04249084249084249,0.02148962148962149,0.0002442002442002442,117.37,-57.75,3.81,C6
0.009523809523809525,0.02783882783882784,0.030036630036630037,0.010256410256410256,0.0002442002442002442,117.5,-56.19,3.75,C6
0.0009768009768009768,0.007326007326007326,0.016361416361416362,0.0019536019536019536,0.0002442002442002442,117.69,-55.69,3.06,C6
0.005372405372405372,0.008302808302808303,0.004151404151404151,0.012454212454212455,0.0002442002442002442,117.62,-55.94,2.06,C6
0.009768009768009768,0.019291819291819293,0.005372405372405372,0.02026862026862027,0.0004884004884004884,117.81,-55.94,1.62,C6
0.012698412698412698,0.026862026862026864,0.011721611721611722,0.025885225885225887,0.0004884004884004884,117.87,-57.69,1.19,C6
0.014896214896214897,0.03223443223443224,0.016361416361416362,0.029792429792429794,0.0004884004884004884,118.31,-60.81,0.69,C6
0.015384615384615385,0.03418803418803419,0.019536019536019536,0.031746031746031744,0.0004884004884004884,119.06,-65.62,1.75,C6
0.013675213675213675,0.027106227106227107,0.013675213675213675,0.02442002442002442,0.0004884004884004884,120.25,-69.69,6.81,C6
0.006593406593406593,0.005860805860805861,0.0019536019536019536,0.011233211233211233,0.0004884004884004884,122.0,-72.37,12.25,C6
0.002686202686202686,0.014407814407814409,0.01098901098901099,0.0002442002442002442,0.0004884004884004884,122.25,-71.37,11.75,C6
0.00927960927960928,0.02857142857142857,0.01978021978021978,0.007814407814407814,0.0004884004884004884,117.75,-62.44,1.25,C6
0.01391941391941392,0.038583638583638585,0.02612942612942613,0.013186813186813187,0.0004884004884004884,116.56,-56.81,0.31,C6
0.010012210012210013,0.03394383394383394,0.02271062271062271,0.009035409035409036,0.0004884004884004884,116.37,-55.81,0.94,C6
0.0017094017094017094,0.01514041514041514,0.010500610500610501,0.0017094017094017094,0.0004884004884004884,116.06,-57.5,0.75,C6
0.00463980463980464,0.0002442002442002442,0.0004884004884004884,0.011233211233211233,0.0004884004884004884,116.25,-59.69,0.62,C6
0.008791208791208791,0.01098901098901099,0.008547008547008548,0.017826617826617826,0.0004884004884004884,116.25,-61.94,1.25,C6
0.011965811965811967,0.01855921855921856,0.014163614163614164,0.02271062271062271,0.0004884004884004884,116.12,-62.88,1.31,C6
0.013431013431013432,0.0231990231990232,0.018315018315018316,0.026373626373626374,0.0004884004884004884,116.0,-62.63,1.31,C6
0.014652014652014652,0.026617826617826617,0.021245421245421246,0.028815628815628817,0.0004884004884004884,116.0,-63.5,0.56,C6
0.015384615384615385,0.028815628815628817,0.0231990231990232,0.03028083028083028,0.0004884004884004884,116.75,-68.12,2.31,C6
0.01514041514041514,0.028083028083028084,0.02271062271062271,0.029304029304029304,0.0004884004884004884,119.19,-74.0,8.81,C6
0.008302808302808303,0.005860805860805861,0.009768009768009768,0.015873015873015872,0.0004884004884004884,120.37,-75.25,12.44,C6
0.004395604395604396,0.018315018315018316,0.008547008547008548,0.0002442002442002442,0.0017094017094017094,120.0,-74.25,12.0,C6
0.013186813186813187,0.035164835164835165,0.021245421245421246,0.011721611721611722,0.0014652014652014652,117.19,-68.62,6.0,C6
0.019291819291819293,0.046886446886446886,0.03028083028083028,0.01978021978021978,0.002197802197802198,115.56,-63.69,1.69,C6
0.01855921855921856,0.04713064713064713,0.0315018315018315,0.01904761904761905,0.0017094017094017094,115.06,-61.44,0.0,C6
0.01098901098901099,0.03247863247863248,0.02197802197802198,0.010256410256410256,0.0014652014652014652,113.94,-61.88,-1.87,C6
0.001221001221001221,0.012454212454212455,0.00927960927960928,0.0007326007326007326,0.001221001221001221,113.75,-61.75,-1.69,C6
0.005616605616605617,0.0017094017094017094,0.0002442002442002442,0.008547008547008548,0.0009768009768009768,114.0,-63.56,-2.06,C6
0.010500610500610501,0.011477411477411478,0.006105006105006105,0.01391941391941392,0.0009768009768009768,113.37,-67.69,-2.37,C6
0.012698412698412698,0.014652014652014652,0.00805860805860806,0.014407814407814409,0.0007326007326007326,113.69,-69.12,1.31,C6
0.008547008547008548,0.003907203907203907,0.0019536019536019536,0.004395604395604396,0.0007326007326007326,114.25,-70.44,3.87,C6
0.0004884004884004884,0.02148962148962149,0.014652014652014652,0.007326007326007326,0.0007326007326007326,114.87,-71.12,4.62,C6
0.008547008547008548,0.0336996336996337,0.026373626373626374,0.015384615384615385,0.0007326007326007326,115.0,-70.75,5.5,C6
0.014163614163614164,0.04249084249084249,0.034432234432234435,0.021245421245421246,0.0007326007326007326,113.5,-68.69,4.31,C6
0.018070818070818073,0.04835164835164835,0.040293040293040296,0.023931623931623933,0.0007326007326007326,112.31,-64.31,0.0,C6
0.017094017094017096,0.04835164835164835,0.0398046398046398,0.02148962148962149,0.0004884004884004884,112.19,-62.38,-1.81,C6
0.008547008547008548,0.03565323565323565,0.029304029304029304,0.01098901098901099,0.0004884004884004884,112.19,-61.38,-1.44,C6
0.0009768009768009768,0.01562881562881563,0.013675213675213675,0.002442002442002442,0.0004884004884004884,112.31,-60.63,-1.06,C6
0.00757020757020757,0.0019536019536019536,0.0002442002442002442,0.013675213675213675,0.0004884004884004884,112.19,-60.75,-1.62,C6
0.012454212454212455,0.014163614163614164,0.010012210012210013,0.02148962148962149,0.0004884004884004884,112.25,-61.25,-1.62,C6
0.01562881562881563,0.02271062271062271,0.01684981684981685,0.027106227106227107,0.0004884004884004884,112.87,-62.5,-1.37,C6
0.01611721611721612,0.027106227106227107,0.021001221001221003,0.029304029304029304,0.0004884004884004884,114.37,-66.75,-0.13,C6
0.013431013431013432,0.01684981684981685,0.011721611721611722,0.021733821733821733,0.0004884004884004884,115.81,-70.37,4.19,C6
0.003663003663003663,0.006593406593406593,0.004395604395604396,0.005372405372405372,0.0004884004884004884,116.5,-70.69,6.69,C6
0.005372405372405372,0.02442002442002442,0.019291819291819293,0.006349206349206349,0.0004884004884004884,116.06,-69.44,6.5,C6
0.011477411477411478,0.03711843711843712,0.030036630036630037,0.014407814407814409,0.0004884004884004884,114.25,-64.56,3.37,C6
0.015873015873015872,0.04590964590964591,0.03736263736263736,0.019291819291819293,0.0004884004884004884,113.44,-60.13,0.88,C6
0.01391941391941392,0.04395604395604396,0.03492063492063492,0.016605616605616606,0.0004884004884004884,114.12,-58.06,2.25,C6
0.005860805860805861,0.026617826617826617,0.02197802197802198,0.005616605616605617,0.0004884004884004884,114.31,-58.25,2.69,C6
0.0,0.014652014652014652,0.012942612942612943,0.002197802197802198,0.0004884004884004884,114.5,-61.5,2.19,C6
0.003907203907203907,0.006105006105006105,0.006593406593406593,0.00757020757020757,0.0004884004884004884,114.81,-65.44,3.19,C6
0.006105006105006105,0.004395604395604396,0.005128205128205128,0.00927960927960928,0.0004884004884004884,115.25,-66.87,7.0,C6
0.0009768009768009768,0.019536019536019536,0.013675213675213675,0.0002442002442002442,0.0004884004884004884,115.56,-67.31,8.75,C6
0.007081807081807082,0.033455433455433455,0.023931623931623933,0.010012210012210013,0.0004884004884004884,115.44,-67.44,9.31,C6
0.012942612942612943,0.04322344322344322,0.03125763125763126,0.01684981684981685,0.0004884004884004884,115.06,-66.12,8.56,C6
0.01684981684981685,0.050061050061050064,0.036141636141636145,0.021733821733821733,0.0004884004884004884,113.87,-62.44,5.31,C6
0.01733821733821734,0.05030525030525031,0.03638583638583639,0.02026862026862027,0.0004884004884004884,114.5,-59.13,5.81,C6
0.01221001221001221,0.04151404151404151,0.02905982905982906,0.011477411477411478,0.0004884004884004884,115.62,-56.5,7.44,C6
0.003418803418803419,0.0231990231990232,0.01514041514041514,0.0007326007326007326,0.0004884004884004884,115.06,-56.94,6.94,C6
0.0029304029304029304,0.007326007326007326,0.002442002442002442,0.009768009768009768,0.0007326007326007326,114.37,-58.69,5.94,C6
0.00757020757020757,0.003907203907203907,0.006593406593406593,0.01611721611721612,0.0004884004884004884,114.5,-60.5,5.44,C6
0.010500610500610501,0.011721611721611722,0.012698412698412698,0.020757020757020756,0.0002442002442002442,115.94,-64.06,7.12,C6
0.009035409035409036,0.0007326007326007326,0.003418803418803419,0.012698412698412698,0.0,117.62,-65.56,9.06,C6
0.001221001221001221,0.015384615384615385,0.010500610500610501,0.0007326007326007326,0.0,118.19,-66.31,9.94,C6
0.004151404151404151,0.026862026862026864,0.020512820512820513,0.010012210012210013,0.0002442002442002442,116.5,-63.94,7.87,C6
0.007814407814407814,0.03492063492063492,0.02735042735042735,0.016361416361416362,0.0002442002442002442,115.12,-60.5,4.37,C6
0.00805860805860806,0.03418803418803419,0.02612942612942613,0.013675213675213675,0.0002442002442002442,114.25,-59.75,2.56,C6
0.0031746031746031746,0.023687423687423687,0.017582417582417582,0.004395604395604396,0.0002442002442002442,114.0,-59.44,2.25,C6
0.002197802197802198,0.010012210012210013,0.006593406593406593,0.005616605616605617,0.0002442002442002442,114.37,-59.38,2.06,C6
0.006105006105006105,0.0004884004884004884,0.001221001221001221,0.012454212454212455,0.0004884004884004884,115.37,-62.31,2.69,C6
0.009035409035409036,0.006349206349206349,0.006593406593406593,0.01733821733821734,0.0007326007326007326,117.44,-65.62,4.5,C6
0.005372405372405372,0.006105006105006105,0.004395604395604396,0.01221001221001221,0.0014652014652014652,118.62,-67.37,7.31,C6
0.0017094017094017094,0.006349206349206349,0.004151404151404151,0.0014652014652014652,0.0009768009768009768,119.5,-68.25,9.81,C6
0.006837606837606838,0.01733821733821734,0.010744810744810745,0.005860805860805861,0.0004884004884004884,118.44,-66.5,9.13,C6
0.010500610500610501,0.025152625152625153,0.015384615384615385,0.011233211233211233,0.0002442002442002442,115.81,-61.63,4.31,C6
0.012454212454212455,0.03076923076923077,0.01855921855921856,0.01221001221001221,0.0,116.5,-56.38,3.5,C6
0.007081807081807082,0.020512820512820513,0.01098901098901099,0.004151404151404151,0.0002442002442002442,116.81,-55.94,3.25,C6
0.002686202686202686,0.0004884004884004884,0.003663003663003663,0.007814407814407814,0.0002442002442002442,116.44,-56.94,2.5,C6
0.009523809523809525,0.01514041514041514,0.014163614163614164,0.016361416361416362,0.0002442002442002442,116.25,-59.38,1.87,C6
0.014163614163614164,0.025396825396825397,0.021245421245421246,0.022466422466422466,0.0004884004884004884,115.81,-62.19,1.37,C6
0.015384615384615385,0.02857142857142857,0.02490842490842491,0.023931623931623933,0.0004884004884004884,116.19,-65.12,2.69,C6
0.013431013431013432,0.020512820512820513,0.016605616605616606,0.018315018315018316,0.0004884004884004884,117.37,-68.0,6.19,C6
0.007814407814407814,0.0017094017094017094,0.00463980463980464,0.008791208791208791,0.0004884004884004884,118.5,-69.31,8.81,C6
0.0017094017094017094,0.01562881562881563,0.007081807081807082,0.001221001221001221,0.0004884004884004884,119.19,-69.94,10.31,C6
0.008302808302808303,0.027594627594627594,0.015384615384615385,0.008302808302808303,0.0004884004884004884,118.75,-68.87,10.06,C6
0.012942612942612943,0.036141636141636145,0.021245421245421246,0.013186813186813187,0.0007326007326007326,116.87,-64.81,5.87,C6
0.01562881562881563,0.03907203907203907,0.025396825396825397,0.013675213675213675,0.0014652014652014652,115.5,-59.5,2.12,C6
0.012698412698412698,0.035164835164835165,0.02197802197802198,0.00927960927960928,0.0019536019536019536,115.56,-58.0,2.0,C6
0.002686202686202686,0.016361416361416362,0.00805860805860806,0.002442002442002442,0.002442002442002442,115.5,-57.94,1.87,C6
0.00463980463980464,0.0004884004884004884,0.005372405372405372,0.01221001221001221,0.002686202686202686,115.12,-59.38,1.06,C6
0.009768009768009768,0.01221001221001221,0.014652014652014652,0.01904761904761905,0.0029304029304029304,115.87,-63.81,1.31,C6
0.013431013431013432,0.020512820512820513,0.021245421245421246,0.023931623931623933,0.0029304029304029304,117.62,-68.0,4.94,C6
0.009768009768009768,0.00463980463980464,0.011965811965811967,0.015873015873015872,0.0019536019536019536,118.94,-70.25,7.75,C6
0.0009768009768009768,0.013186813186813187,0.001221001221001221,0.004884004884004884,0.001221001221001221,119.12,-69.94,8.5,C6
0.005128205128205128,0.025396825396825397,0.011965811965811967,0.002442002442002442,0.0007326007326007326,119.0,-69.44,8.38,C6
0.009523809523809525,0.03418803418803419,0.019536019536019536,0.007814407814407814,0.0004884004884004884,117.69,-66.87,5.94,C6
0.012454212454212455,0.03882783882783883,0.02490842490842491,0.010744810744810745,0.0002442002442002442,114.94,-63.0,-0.5,C6
0.01098901098901099,0.036874236874236875,0.023687423687423687,0.008791208791208791,0.0,114.31,-59.19,-1.87,C6
0.004151404151404151,0.02442002442002442,0.01391941391941392,0.0002442002442002442,0.0,114.06,-57.0,-2.0,C6
0.005616605616605617,0.0029304029304029304,0.0014652014652014652,0.011721611721611722,0.0002442002442002442,113.81,-57.75,-2.81,C6
0.01221001221001221,0.011965811965811967,0.013186813186813187,0.02026862026862027,0.0009768009768009768,113.75,-60.94,-3.69,C6
0.017094017094017096,0.022466422466422466,0.021245421245421246,0.02612942612942613,0.0017094017094017094,114.5,-64.44,-2.5,C6
0.01978021978021978,0.029304029304029304,0.027106227106227107,0.03028083028083028,0.002197802197802198,115.81,-69.75,0.0,C6
0.014652014652014652,0.010744810744810745,0.016605616605616606,0.022466422466422466,0.002442002442002442,116.62,-71.75,2.62,C6
0.003418803418803419,0.011477411477411478,0.001221001221001221,0.008302808302808303,0.002686202686202686,117.12,-71.69,4.31,C6
0.005616605616605617,0.027106227106227107,0.017826617826617826,0.003418803418803419,0.0029304029304029304,117.12,-71.69,4.56,C6
0.01221001221001221,0.0380952380952381,0.029548229548229547,0.011477411477411478,0.0029304029304029304,116.44,-70.56,4.06,C6
0.016605616605616606,0.04590964590964591,0.037606837606837605,0.017094017094017096,0.0031746031746031746,114.44,-65.06,-0.69,C6
0.017094017094017096,0.04713064713064713,0.04078144078144078,0.01684981684981685,0.0031746031746031746,114.25,-60.75,-1.75,C6
0.011233211233211233,0.038583638583638585,0.034432234432234435,0.009523809523809525,0.0031746031746031746,114.19,-59.13,-1.25,C6
0.001221001221001221,0.017826617826617826,0.01904761904761905,0.002442002442002442,0.002197802197802198,114.06,-59.0,-1.25,C6
0.006105006105006105,0.0009768009768009768,0.005616605616605617,0.011965811965811967,0.0014652014652014652,114.12,-60.63,-1.87,C6
0.01098901098901099,0.010744810744810745,0.003663003663003663,0.018803418803418803,0.0009768009768009768,115.44,-64.44,-0.75,C6
0.01391941391941392,0.018803418803418803,0.010256410256410256,0.023443223443223443,0.0004884004884004884,116.87,-68.69,4.0,C6
0.008547008547008548,0.0017094017094017094,0.0017094017094017094,0.014163614163614164,0.0002442002442002442,117.37,-70.69,6.75,C6
0.0007326007326007326,0.017094017094017096,0.011721611721611722,0.002197802197802198,0.0,118.19,-70.5,8.13,C6
0.007326007326007326,0.03028083028083028,0.024175824175824177,0.006837606837606838,0.0002442002442002442,118.12,-69.87,7.69,C6
0.011965811965811967,0.039316239316239315,0.03296703296703297,0.012942612942612943,0.0002442002442002442,116.37,-66.75,5.06,C6
0.014652014652014652,0.045177045177045176,0.03907203907203907,0.01733821733821734,0.0004884004884004884,115.87,-58.81,3.0,C6
0.013431013431013432,0.04371184371184371,0.03833943833943834,0.01562881562881563,0.0004884004884004884,116.44,-56.31,3.87,C6
0.006593406593406593,0.028083028083028084,0.02564102564102564,0.005860805860805861,0.0004884004884004884,116.06,-56.44,4.5,C6
0.002197802197802198,0.007326007326007326,0.009523809523809525,0.006593406593406593,0.0004884004884004884,115.87,-57.94,4.44,C6
0.00805860805860806,0.007326007326007326,0.0019536019536019536,0.01514041514041514,0.0004884004884004884,116.06,-61.75,4.25,C6
0.012454212454212455,0.017582417582417582,0.009768009768009768,0.021245421245421246,0.0004884004884004884,117.06,-66.06,5.37,C6
0.013186813186813187,0.015384615384615385,0.00757020757020757,0.019536019536019536,0.0004884004884004884,118.44,-69.81,9.94,C6
0.008302808302808303,0.0017094017094017094,0.002686202686202686,0.010256410256410256,0.0004884004884004884,118.81,-72.0,12.56,C6
0.0017094017094017094,0.01978021978021978,0.01733821733821734,0.0009768009768009768,0.0004884004884004884,118.81,-70.5,12.19,C6
0.008791208791208791,0.03223443223443224,0.027594627594627594,0.008791208791208791,0.0004884004884004884,115.0,-63.94,5.44,C6
0.013675213675213675,0.041025641025641026,0.03467643467643468,0.014163614163614164,0.0004884004884004884,113.69,-60.69,3.06,C6
0.011721611721611722,0.03882783882783883,0.03223443223443224,0.010256410256410256,0.0004884004884004884,113.87,-58.0,3.44,C6
0.005616605616605617,0.025396825396825397,0.02148962148962149,0.0002442002442002442,0.0004884004884004884,114.12,-57.69,3.37,C6
0.0017094017094017094,0.007081807081807082,0.00805860805860806,0.01098901098901099,0.0007326007326007326,114.0,-57.63,3.62,C6
0.006837606837606838,0.005616605616605617,0.0014652014652014652,0.01904761904761905,0.0014652014652014652,114.25,-59.13,2.87,C6
0.010256410256410256,0.014407814407814409,0.00805860805860806,0.02442002442002442,0.0019536019536019536,115.31,-62.94,4.62,C6
0.009768009768009768,0.018315018315018316,0.011965811965811967,0.02612942612942613,0.002442002442002442,116.62,-65.25,6.87,C6
0.0,0.0017094017094017094,0.0002442002442002442,0.011233211233211233,0.0014652014652014652,117.19,-66.69,7.94,C6
0.009035409035409036,0.020512820512820513,0.01562881562881563,0.002442002442002442,0.0009768009768009768,116.87,-66.44,8.19,C6
0.015384615384615385,0.033455433455433455,0.026373626373626374,0.011965811965811967,0.0004884004884004884,114.94,-63.0,5.87,C6
0.01978021978021978,0.04249084249084249,0.03394383394383394,0.01855921855921856,0.0002442002442002442,113.0,-60.81,4.31,C6
0.01733821733821734,0.04151404151404151,0.031746031746031744,0.016605616605616606,0.0,113.0,-59.19,3.44,C6
0.01098901098901099,0.031013431013431014,0.022222222222222223,0.007814407814407814,0.0,113.19,-58.25,2.56,C6
0.002686202686202686,0.01514041514041514,0.009035409035409036,0.0031746031746031746,0.0002442002442002442,113.12,-58.13,2.44,C6
0.004884004884004884,0.001221001221001221,0.003907203907203907,0.013186813186813187,0.0002442002442002442,113.37,-57.88,2.12,C6
0.010256410256410256,0.014652014652014652,0.014407814407814409,0.021245421245421246,0.0007326007326007326,113.31,-58.31,1.44,C6
0.01391941391941392,0.023931623931623933,0.021733821733821733,0.026617826617826617,0.0014652014652014652,113.0,-60.44,1.31,C6
0.01611721611721612,0.03028083028083028,0.026862026862026864,0.030525030525030524,0.0009768009768009768,112.69,-65.56,0.56,C6
0.016361416361416362,0.03296703296703297,0.029548229548229547,0.031746031746031744,0.0004884004884004884,113.0,-68.81,2.25,C6
0.014407814407814409,0.025885225885225887,0.02026862026862027,0.024664224664224663,0.0002442002442002442,113.87,-68.31,5.0,C6
0.009523809523809525,0.007326007326007326,0.007081807081807082,0.012942612942612943,0.0,114.37,-67.81,5.31,C6
0.0031746031746031746,0.007814407814407814,0.005616605616605617,0.003663003663003663,0.0,114.75,-68.0,5.87,C6
0.001221001221001221,0.018315018315018316,0.014407814407814409,0.002686202686202686,0.0002442002442002442,113.87,-66.31,4.87,C6
0.004395604395604396,0.025885225885225887,0.020512820512820513,0.007326007326007326,0.0002442002442002442,113.19,-61.69,1.31,C6
0.003907203907203907,0.02783882783882784,0.023443223443223443,0.007326007326007326,0.0002442002442002442,114.75,-55.69,2.44,C6
0.002442002442002442,0.01514041514041514,0.014652014652014652,0.0014652014652014652,0.0004884004884004884,116.0,-52.88,3.75,C6
0.009768009768009768,0.004151404151404151,0.0007326007326007326,0.013675213675213675,0.0004884004884004884,115.19,-54.5,2.87,C6
0.014896214896214897,0.017826617826617826,0.012454212454212455,0.022466422466422466,0.0004884004884004884,114.94,-57.13,2.12,C6
0.01855921855921856,0.02735042735042735,0.021001221001221003,0.028815628815628817,0.0004884004884004884,115.06,-59.5,1.81,C6
0.020512820512820513,0.033455433455433455,0.026862026862026864,0.03321123321123321,0.0004884004884004884,115.19,-61.25,1.62,C6
0.021245421245421246,0.036874236874236875,0.030525030525030524,0.03565323565323565,0.0004884004884004884,116.37,-65.06,2.87,C6
0.021245421245421246,0.03736263736263736,0.031013431013431014,0.03540903540903541,0.0004884004884004884,118.25,-69.69,5.19,C6
0.018070818070818073,0.017094017094017096,0.018070818070818073,0.021001221001221003,0.0004884004884004884,119.31,-70.44,8.94,C6
0.007081807081807082,0.00757020757020757,0.0007326007326007326,0.004884004884004884,0.0004884004884004884,119.25,-69.94,9.56,C6
0.0004884004884004884,0.024664224664224663,0.011477411477411478,0.006349206349206349,0.0004884004884004884,116.81,-64.5,5.69,C6
0.005860805860805861,0.036874236874236875,0.020024420024420026,0.014163614163614164,0.0004884004884004884,116.37,-60.56,3.25,C6
0.005372405372405372,0.035164835164835165,0.01855921855921856,0.011477411477411478,0.0004884004884004884,116.25,-59.44,1.31,C6
0.0004884004884004884,0.016361416361416362,0.006105006105006105,0.0002442002442002442,0.0004884004884004884,116.12,-59.06,0.5,C6
0.008791208791208791,0.003418803418803419,0.00805860805860806,0.011233211233211233,0.0004884004884004884,115.94,-59.81,-0.37,C6
0.014652014652014652,0.017094017094017096,0.017826617826617826,0.019291819291819293,0.0004884004884004884,116.25,-63.44,0.06,C6
0.018803418803418803,0.026862026862026864,0.02490842490842491,0.02490842490842491,0.0004884004884004884,117.81,-67.81,3.62,C6
0.014652014652014652,0.011233211233211233,0.01684981684981685,0.01562881562881563,0.0004884004884004884,119.44,-70.81,8.06,C6
0.002442002442002442,0.012698412698412698,0.0,0.0004884004884004884,0.0004884004884004884,119.87,-70.81,9.44,C6
0.006105006105006105,0.029548229548229547,0.012942612942612943,0.011721611721611722,0.0004884004884004884,118.5,-68.19,7.19,C6
0.01221001221001221,0.04126984126984127,0.021733821733821733,0.019536019536019536,0.0004884004884004884,115.94,-62.31,1.75,C6
0.015873015873015872,0.04590964590964591,0.028083028083028084,0.02026862026862027,0.0004884004884004884,115.94,-56.94,-0.5,C6
0.011965811965811967,0.0380952380952381,0.02197802197802198,0.01221001221001221,0.0004884004884004884,116.25,-56.38,-0.56,C6
0.0019536019536019536,0.014652014652014652,0.006105006105006105,0.0017094017094017094,0.0004884004884004884,116.19,-56.38,-0.62,C6
0.004884004884004884,0.0017094017094017094,0.004884004884004884,0.011233211233211233,0.0004884004884004884,115.94,-58.81,-1.0,C6
0.009768009768009768,0.012942612942612943,0.012698412698412698,0.018070818070818073,0.0004884004884004884,117.31,-64.12,0.37,C6
0.010012210012210013,0.01684981684981685,0.014896214896214897,0.018803418803418803,0.0004884004884004884,118.37,-68.56,4.0,C6
0.0031746031746031746,0.003418803418803419,0.001221001221001221,0.006837606837606838,0.0004884004884004884,119.12,-69.75,5.87,C6
0.004884004884004884,0.01978021978021978,0.015384615384615385,0.003663003663003663,0.0004884004884004884,118.62,-68.31,5.62,C6
0.010500610500610501,0.0315018315018315,0.026862026862026864,0.011233211233211233,0.0004884004884004884,116.56,-62.81,1.94,C6
0.014407814407814409,0.03956043956043956,0.035164835164835165,0.016361416361416362,0.0004884004884004884,115.44,-57.94,0.25,C6
0.011965811965811967,0.03711843711843712,0.03223443223443224,0.012454212454212455,0.0004884004884004884,115.75,-56.88,0.0,C6
0.0031746031746031746,0.019536019536019536,0.01855921855921856,0.0014652014652014652,0.0004884004884004884,115.75,-57.06,-0.25,C6
0.004395604395604396,0.001221001221001221,0.003418803418803419,0.008791208791208791,0.0004884004884004884,115.5,-58.25,-0.75,C6
0.009768009768009768,0.011721611721611722,0.007081807081807082,0.01611721611721612,0.0004884004884004884,115.81,-62.63,-1.62,C6
0.013675213675213675,0.020757020757020756,0.014407814407814409,0.021245421245421246,0.0004884004884004884,117.69,-67.94,0.5,C6
0.008547008547008548,0.003418803418803419,0.003663003663003663,0.010500610500610501,0.0004884004884004884,118.44,-69.06,3.19,C6
0.002197802197802198,0.01684981684981685,0.013186813186813187,0.002686202686202686,0.0004884004884004884,118.0,-68.94,4.0,C6
0.009768009768009768,0.031013431013431014,0.025152625152625153,0.011965811965811967,0.0004884004884004884,116.31,-66.0,2.12,C6
0.01514041514041514,0.041025641025641026,0.033455433455433455,0.018315018315018316,0.0004884004884004884,115.31,-61.25,-0.5,C6
0.014407814407814409,0.04004884004884005,0.0315018315018315,0.01611721611721612,0.0004884004884004884,115.37,-59.06,-1.06,C6
0.006105006105006105,0.023687423687423687,0.01978021978021978,0.006105006105006105,0.0004884004884004884,115.62,-57.81,-0.37,C6
0.003418803418803419,0.002442002442002442,0.004395604395604396,0.006349206349206349,0.0004884004884004884,115.5,-58.13,-0.69,C6
0.010012210012210013,0.012454212454212455,0.006349206349206349,0.01514041514041514,0.0004884004884004884,115.19,-61.56,-1.06,C6
0.014652014652014652,0.02271062271062271,0.01391941391941392,0.021001221001221003,0.0004884004884004884,115.56,-66.31,0.31,C6
0.014163614163614164,0.01855921855921856,0.011965811965811967,0.01684981684981685,0.0004884004884004884,116.56,-69.06,4.31,C6
0.005860805860805861,0.002686202686202686,0.002197802197802198,0.002442002442002442,0.0004884004884004884,117.06,-69.0,5.56,C6
0.005616605616605617,0.020757020757020756,0.017826617826617826,0.008302808302808303,0.0004884004884004884,117.25,-68.5,6.12,C6
0.013675213675213675,0.03321123321123321,0.028815628815628817,0.01562881562881563,0.0004884004884004884,115.81,-63.5,3.12,C6
0.01904761904761905,0.042002442002442006,0.03638583638583639,0.021001221001221003,0.0004884004884004884,115.25,-58.31,0.0,C6
0.017582417582417582,0.03956043956043956,0.033455433455433455,0.018070818070818073,0.0004884004884004884,115.81,-57.0,0.19,C6
0.007814407814407814,0.019536019536019536,0.01904761904761905,0.006349206349206349,0.0004884004884004884,116.19,-56.94,0.5,C6
0.0002442002442002442,0.0007326007326007326,0.003907203907203907,0.004884004884004884,0.0004884004884004884,116.44,-58.0,0.37,C6
0.005860805860805861,0.012698412698412698,0.006837606837606838,0.012698412698412698,0.0004884004884004884,115.94,-60.31,0.06,C6
0.009768009768009768,0.02197802197802198,0.014407814407814409,0.018070818070818073,0.0007326007326007326,117.37,-65.0,2.62,C6
0.006105006105006105,0.00757020757020757,0.002686202686202686,0.00757020757020757,0.0014652014652014652,118.69,-67.87,5.37,C6
0.006349206349206349,0.014407814407814409,0.014652014652014652,0.006349206349206349,0.002197802197802198,119.0,-67.94,6.5,C6
0.014896214896214897,0.029792429792429794,0.026862026862026864,0.01611721611721612,0.002442002442002442,117.31,-60.75,1.94,C6
0.021001221001221003,0.04053724053724054,0.03565323565323565,0.022954822954822957,0.0017094017094017094,117.44,-56.06,-0.19,C6
0.018315018315018316,0.03565323565323565,0.03199023199023199,0.018315018315018316,0.0009768009768009768,117.81,-55.5,-0.75,C6
0.008302808302808303,0.014652014652014652,0.017582417582417582,0.006349206349206349,0.0007326007326007326,117.69,-55.75,-1.12,C6
0.001221001221001221,0.0,0.005372405372405372,0.0019536019536019536,0.0014652014652014652,117.44,-57.5,-1.81,C6
0.003663003663003663,0.010500610500610501,0.0031746031746031746,0.007814407814407814,0.002197802197802198,117.69,-63.38,-1.31,C6
0.006837606837606838,0.01514041514041514,0.00927960927960928,0.011477411477411478,0.002442002442002442,119.31,-68.25,4.56,C6
0.0007326007326007326,0.004395604395604396,0.002197802197802198,0.0007326007326007326,0.0017094017094017094,119.81,-69.12,6.62,C6
0.009523809523809525,0.023443223443223443,0.018803418803418803,0.010256410256410256,0.0009768009768009768,120.0,-69.19,8.69,C6
0.01684981684981685,0.036874236874236875,0.030525030525030524,0.018070818070818073,0.0007326007326007326,118.12,-63.31,5.56,C6
0.02197802197802198,0.0463980463980464,0.038583638583638585,0.023443223443223443,0.0002442002442002442,117.94,-56.31,5.0,C6
0.01978021978021978,0.04371184371184371,0.03638583638583639,0.020024420024420026,0.001221001221001221,117.44,-55.5,5.06,C6
0.010256410256410256,0.024664224664224663,0.022466422466422466,0.00805860805860806,0.0019536019536019536,117.37,-56.13,4.94,C6
0.0009768009768009768,0.004884004884004884,0.00757020757020757,0.004395604395604396,0.002442002442002442,117.5,-57.0,5.44,C6
0.005372405372405372,0.009035409035409036,0.0029304029304029304,0.013186813186813187,0.002686202686202686,117.37,-61.0,4.37,C6
0.010012210012210013,0.018803418803418803,0.010256410256410256,0.019291819291819293,0.0029304029304029304,117.62,-64.87,5.56,C6
0.009523809523809525,0.01562881562881563,0.006105006105006105,0.017826617826617826,0.0031746031746031746,118.75,-69.25,8.88,C6
0.0009768009768009768,0.004884004884004884,0.00757020757020757,0.005372405372405372,0.0031746031746031746,119.75,-70.0,11.19,C6
0.007326007326007326,0.02026862026862027,0.020024420024420026,0.00463980463980464,0.002197802197802198,118.31,-66.12,8.88,C6
0.013186813186813187,0.03125763125763126,0.028815628815628817,0.011721611721611722,0.001221001221001221,117.12,-59.69,5.56,C6
0.01733821733821734,0.03882783882783883,0.03492063492063492,0.016605616605616606,0.0007326007326007326,117.56,-56.25,4.44,C6
0.012454212454212455,0.03125763125763126,0.028083028083028084,0.010256410256410256,0.0002442002442002442,117.69,-55.75,3.75,C6
0.003418803418803419,0.01221001221001221,0.014896214896214897,0.0009768009768009768,0.0,117.5,-56.19,3.12,C6
0.004395604395604396,0.004884004884004884,0.0002442002442002442,0.011233211233211233,0.0,117.31,-57.0,2.44,C6
0.009768009768009768,0.017094017094017096,0.009768009768009768,0.018315018315018316,0.0009768009768009768,117.12,-60.38,1.44,C6
0.013431013431013432,0.02564102564102564,0.017094017094017096,0.023443223443223443,0.0017094017094017094,118.25,-64.62,2.12,C6
0.012454212454212455,0.022954822954822957,0.008302808302808303,0.01562881562881563,0.002197802197802198,119.87,-68.94,7.37,C6
0.004395604395604396,0.0031746031746031746,0.007814407814407814,0.0,0.0014652014652014652,121.12,-69.81,10.5,C6
0.003663003663003663,0.013675213675213675,0.01904761904761905,0.01098901098901099,0.0009768009768009768,119.5,-66.62,7.5,C6
0.00927960927960928,0.02564102564102564,0.027106227106227107,0.01855921855921856,0.0004884004884004884,117.94,-59.94,2.5,C6
0.012942612942612943,0.03394383394383394,0.032722832722832725,0.01978021978021978,0.0,118.12,-57.81,3.31,C6
0.00757020757020757,0.02271062271062271,0.023687423687423687,0.010256410256410256,0.0,118.31,-57.5,3.25,C6
0.0007326007326007326,0.00463980463980464,0.009523809523809525,0.0017094017094017094,0.0002442002442002442,118.5,-58.13,2.62,C6
0.006593406593406593,0.00805860805860806,0.0002442002442002442,0.010256410256410256,0.0002442002442002442,118.69,-63.69,0.44,C6
0.010744810744810745,0.017094017094017096,0.007326007326007326,0.016361416361416362,0.0007326007326007326,119.56,-67.69,2.56,C6
0.010744810744810745,0.01684981684981685,0.006593406593406593,0.014896214896214897,0.0014652014652014652,121.0,-70.44,7.56,C6
0.004151404151404151,0.002686202686202686,0.00463980463980464,0.0019536019536019536,0.0009768009768009768,122.06,-71.62,11.0,C6
0.007326007326007326,0.02271062271062271,0.01855921855921856,0.010012210012210013,0.0004884004884004884,122.25,-70.19,11.06,C6
0.015384615384615385,0.03663003663003663,0.028327228327228327,0.018315018315018316,0.0002442002442002442,120.62,-65.81,8.13,C6
0.021001221001221003,0.0463980463980464,0.03492063492063492,0.024175824175824177,0.0,118.5,-60.5,3.5,C6
0.021001221001221003,0.046886446886446886,0.03418803418803419,0.022954822954822957,0.0002442002442002442,119.06,-56.38,0.94,C6
0.014652014652014652,0.031013431013431014,0.0231990231990232,0.014163614163614164,0.0002442002442002442,119.19,-55.94,0.81,C6
0.003418803418803419,0.007081807081807082,0.005372405372405372,0.0002442002442002442,0.0004884004884004884,119.0,-56.81,0.0,C6
0.004395604395604396,0.009523809523809525,0.007081807081807082,0.009523809523809525,0.0004884004884004884,119.12,-60.88,-0.88,C6
0.009768009768009768,0.021245421245421246,0.015873015873015872,0.016361416361416362,0.0004884004884004884,120.25,-65.81,2.44,C6
0.010256410256410256,0.021733821733821733,0.017094017094017096,0.018070818070818073,0.0004884004884004884,121.37,-68.5,6.69,C6
0.0019536019536019536,0.0017094017094017094,0.0017094017094017094,0.00463980463980464,0.0004884004884004884,122.06,-69.19,8.5,C6
0.006105006105006105,0.018070818070818073,0.011477411477411478,0.004884004884004884,0.0004884004884004884,121.19,-67.37,8.94,C6
0.011965811965811967,0.029548229548229547,0.020757020757020756,0.011477411477411478,0.0004884004884004884,118.87,-57.44,1.5,C6
0.01611721611721612,0.037606837606837605,0.027106227106227107,0.014896214896214897,0.0004884004884004884,119.12,-55.25,0.81,C6
0.009035409035409036,0.021733821733821733,0.016605616605616606,0.006105006105006105,0.0007326007326007326,118.94,-55.63,0.88,C6
0.0007326007326007326,0.0014652014652014652,0.001221001221001221,0.005372405372405372,0.0014652014652014652,119.19,-56.31,0.62,C6
0.007326007326007326,0.012698412698412698,0.009523809523809525,0.013431013431013432,0.0019536019536019536,119.19,-59.69,0.0,C6
0.011965811965811967,0.022466422466422466,0.01684981684981685,0.019291819291819293,0.002442002442002442,120.06,-64.69,2.69,C6
0.012698412698412698,0.023931623931623933,0.01904761904761905,0.020024420024420026,0.0014652014652014652,121.62,-67.31,7.0,C6
0.004151404151404151,0.0,0.004395604395604396,0.00805860805860806,0.0009768009768009768,122.06,-67.25,8.56,C6
0.0019536019536019536,0.016605616605616606,0.005860805860805861,0.0004884004884004884,0.0004884004884004884,120.56,-61.94,6.25,C6
0.006105006105006105,0.028327228327228327,0.012942612942612943,0.006593406593406593,0.0002442002442002442,119.81,-56.56,2.87,C6
0.008547008547008548,0.03296703296703297,0.01733821733821734,0.00805860805860806,0.0,119.94,-55.31,1.81,C6
0.002442002442002442,0.01562881562881563,0.007081807081807082,0.0017094017094017094,0.0,119.81,-55.44,1.62,C6
0.006593406593406593,0.003663003663003663,0.006837606837606838,0.013186813186813187,0.0002442002442002442,119.5,-57.31,0.5,C6
0.012698412698412698,0.017094017094017096,0.01684981684981685,0.021001221001221003,0.0002442002442002442,118.75,-62.06,-1.12,C6
0.017094017094017096,0.026617826617826617,0.023687423687423687,0.026617826617826617,0.0002442002442002442,119.62,-67.12,1.25,C6
0.01611721611721612,0.02148962148962149,0.018070818070818073,0.0231990231990232,0.0002442002442002442,121.0,-70.69,6.5,C6
0.008547008547008548,0.0014652014652014652,0.0031746031746031746,0.010744810744810745,0.0004884004884004884,121.75,-71.06,8.63,C6
0.0014652014652014652,0.02271062271062271,0.013675213675213675,0.0004884004884004884,0.0004884004884004884,121.94,-70.12,9.13,C6
0.008302808302808303,0.037606837606837605,0.02564102564102564,0.008547008547008548,0.0004884004884004884,120.06,-65.06,5.44,C6
0.013186813186813187,0.04810744810744811,0.03394383394383394,0.01391941391941392,0.0004884004884004884,119.19,-59.5,0.88,C6
0.010744810744810745,0.046153846153846156,0.0315018315018315,0.01098901098901099,0.0004884004884004884,119.75,-57.13,1.12,C6
0.0007326007326007326,0.024175824175824177,0.01684981684981685,0.0007326007326007326,0.0004884004884004884,119.75,-57.63,0.75,C6
0.00757020757020757,0.003418803418803419,0.0007326007326007326,0.013431013431013432,0.0004884004884004884,119.62,-59.06,0.13,C6
0.013431013431013432,0.01098901098901099,0.010744810744810745,0.022222222222222223,0.0004884004884004884,120.37,-62.94,0.37,C6
0.017582417582417582,0.021245421245421246,0.01855921855921856,0.028327228327228327,0.0004884004884004884,122.31,-67.5,4.87,C6
0.014896214896214897,0.011965811965811967,0.01514041514041514,0.025396825396825397,0.0004884004884004884,123.62,-70.06,9.81,C6
0.003418803418803419,0.011965811965811967,0.0002442002442002442,0.010500610500610501,0.0004884004884004884,123.62,-70.12,11.38,C6
0.004395604395604396,0.028815628815628817,0.010256410256410256,0.0,0.0004884004884004884,121.44,-64.19,6.06,C6
0.010012210012210013,0.04053724053724054,0.017582417582417582,0.007326007326007326,0.0004884004884004884,120.94,-58.69,2.94,C6
0.008791208791208791,0.0398046398046398,0.018803418803418803,0.005616605616605617,0.0004884004884004884,120.69,-59.31,2.0,C6
0.0004884004884004884,0.019536019536019536,0.006593406593406593,0.005128205128205128,0.0004884004884004884,120.56,-60.31,1.25,C6
0.007081807081807082,0.004151404151404151,0.004395604395604396,0.012698412698412698,0.0004884004884004884,120.62,-63.69,0.75,C6
0.011721611721611722,0.006593406593406593,0.01221001221001221,0.017826617826617826,0.0004884004884004884,120.69,-67.19,2.75,C6
0.014163614163614164,0.01391941391941392,0.017582417582417582,0.02148962148962149,0.0004884004884004884,122.12,-70.0,7.75,C6
0.010500610500610501,0.0007326007326007326,0.006349206349206349,0.011233211233211233,0.0004884004884004884,123.75,-72.75,12.25,C6
0.0017094017094017094,0.019291819291819293,0.008791208791208791,0.0002442002442002442,0.0004884004884004884,122.69,-69.44,10.0,C6
0.004395604395604396,0.03247863247863248,0.019291819291819293,0.007081807081807082,0.0004884004884004884,120.75,-61.69,3.31,C6
0.008791208791208791,0.04151404151404151,0.026617826617826617,0.012454212454212455,0.0004884004884004884,120.87,-59.0,2.56,C6
0.002686202686202686,0.028083028083028084,0.018803418803418803,0.004884004884004884,0.0004884004884004884,121.12,-58.81,2.62,C6
0.006349206349206349,0.007081807081807082,0.004151404151404151,0.006593406593406593,0.0004884004884004884,120.75,-60.5,1.19,C6
0.012698412698412698,0.008547008547008548,0.008547008547008548,0.016605616605616606,0.0004884004884004884,120.75,-60.56,0.69,C6
0.017094017094017096,0.01978021978021978,0.017582417582417582,0.023931623931623933,0.0004884004884004884,120.94,-61.5,0.75,C6
0.02026862026862027,0.027594627594627594,0.024175824175824177,0.02905982905982906,0.0004884004884004884,120.94,-61.56,0.81,C6
0.022222222222222223,0.03296703296703297,0.028815628815628817,0.032722832722832725,0.0004884004884004884,120.81,-62.13,0.44,C6
0.023687423687423687,0.03663003663003663,0.03199023199023199,0.03540903540903541,0.0004884004884004884,120.87,-64.81,0.56,C6
0.023687423687423687,0.038583638583638585,0.0336996336996337,0.03663003663003663,0.0004884004884004884,121.12,-68.31,3.44,C6
0.021245421245421246,0.028815628815628817,0.024664224664224663,0.028815628815628817,0.0004884004884004884,122.12,-71.19,9.38,C6
0.011721611721611722,0.0004884004884004884,0.003663003663003663,0.009523809523809525,0.0004884004884004884,122.69,-70.25,11.13,C6
0.005128205128205128,0.021001221001221003,0.01098901098901099,0.003907203907203907,0.0004884004884004884,120.06,-62.19,4.06,C6
0.0002442002442002442,0.035164835164835165,0.021245421245421246,0.013431013431013432,0.0017094017094017094,119.94,-57.06,2.5,C6
0.0007326007326007326,0.03565323565323565,0.021245421245421246,0.010500610500610501,0.0014652014652014652,120.19,-56.31,2.69,C6
0.005372405372405372,0.016605616605616606,0.009035409035409036,0.0009768009768009768,0.001221001221001221,120.19,-56.5,2.44,C6
0.009768009768009768,0.0031746031746031746,0.0002442002442002442,0.009035409035409036,0.0009768009768009768,120.44,-60.0,1.56,C6
0.012698412698412698,0.006105006105006105,0.005860805860805861,0.014896214896214897,0.0007326007326007326,121.31,-66.37,2.25,C6
0.01221001221001221,0.009035409035409036,0.008791208791208791,0.015873015873015872,0.0007326007326007326,122.81,-70.44,7.19,C6
0.004151404151404151,0.008791208791208791,0.0009768009768009768,0.00463980463980464,0.0004884004884004884,123.75,-71.62,10.75,C6
0.0014652014652014652,0.021245421245421246,0.007814407814407814,0.0031746031746031746,0.0004884004884004884,121.69,-66.19,6.69,C6
0.005372405372405372,0.030036630036630037,0.012698412698412698,0.008547008547008548,0.0004884004884004884,120.81,-60.81,3.31,C6
0.006105006105006105,0.03296703296703297,0.015873015873015872,0.007081807081807082,0.0004884004884004884,120.81,-60.5,2.0,C6
0.0004884004884004884,0.017094017094017096,0.004395604395604396,0.0029304029304029304,0.0004884004884004884,120.81,-60.13,2.0,C6
0.008791208791208791,0.0014652014652014652,0.008791208791208791,0.014407814407814409,0.0004884004884004884,120.5,-60.31,1.31,C6
0.014652014652014652,0.014163614163614164,0.018803418803418803,0.022954822954822957,0.0004884004884004884,119.81,-61.38,0.25,C6
0.01855921855921856,0.0231990231990232,0.02612942612942613,0.02905982905982906,0.0004884004884004884,119.56,-64.31,-0.31,C6
0.020512820512820513,0.029548229548229547,0.031013431013431014,0.033455433455433455,0.0004884004884004884,120.81,-67.56,2.19,C6
0.01733821733821734,0.018803418803418803,0.022466422466422466,0.024664224664224663,0.0004884004884004884,121.81,-69.69,4.25,C6
0.00757020757020757,0.004395604395604396,0.006837606837606838,0.00805860805860806,0.0004884004884004884,122.25,-69.44,5.0,C6
0.0007326007326007326,0.020512820512820513,0.005128205128205128,0.003663003663003663,0.0004884004884004884,122.0,-69.19,5.37,C6
0.006593406593406593,0.03199023199023199,0.013431013431013432,0.011965811965811967,0.0004884004884004884,121.19,-66.56,4.69,C6
0.010744810744810745,0.039316239316239315,0.019291819291819293,0.01514041514041514,0.0004884004884004884,120.31,-61.25,1.69,C6
0.01098901098901099,0.04078144078144078,0.018070818070818073,0.013431013431013432,0.0004884004884004884,120.81,-57.13,1.06,C6
0.003418803418803419,0.02905982905982906,0.007081807081807082,0.003907203907203907,0.0004884004884004884,120.5,-57.25,0.88,C6
0.007326007326007326,0.007081807081807082,0.00927960927960928,0.009035409035409036,0.0004884004884004884,120.44,-57.94,1.19,C6
0.014652014652014652,0.008302808302808303,0.020757020757020756,0.018315018315018316,0.0004884004884004884,120.06,-60.0,0.5,C6
0.020024420024420026,0.01904761904761905,0.028815628815628817,0.02490842490842491,0.0004884004884004884,121.12,-64.69,1.31,C6
0.02271062271062271,0.026373626373626374,0.034432234432234435,0.029548229548229547,0.0004884004884004884,121.94,-69.81,5.19,C6
0.021001221001221003,0.019536019536019536,0.026862026862026864,0.021733821733821733,0.0004884004884004884,123.06,-72.81,11.81,C6
0.01221001221001221,0.004395604395604396,0.009035409035409036,0.006593406593406593,0.0004884004884004884,123.81,-72.56,15.0,C6
0.003418803418803419,0.021001221001221003,0.003663003663003663,0.004151404151404151,0.0004884004884004884,122.44,-68.19,11.31,C6
0.002686202686202686,0.032722832722832725,0.012454212454212455,0.011477411477411478,0.0004884004884004884,120.75,-63.75,5.5,C6
0.007081807081807082,0.037606837606837605,0.018070818070818073,0.012698412698412698,0.0004884004884004884,120.19,-61.38,2.75,C6
0.0029304029304029304,0.029548229548229547,0.01221001221001221,0.003907203907203907,0.0007326007326007326,120.56,-60.63,1.94,C6
0.005616605616605617,0.010500610500610501,0.0007326007326007326,0.008547008547008548,0.0014652014652014652,120.56,-60.81,1.44,C6
0.011721611721611722,0.00463980463980464,0.011721611721611722,0.017094017094017096,0.0019536019536019536,120.81,-63.63,1.25,C6
0.01611721611721612,0.015384615384615385,0.019291819291819293,0.0231990231990232,0.002442002442002442,120.12,-65.94,3.25,C6
0.017582417582417582,0.02271062271062271,0.024664224664224663,0.026862026862026864,0.002686202686202686,122.06,-70.5,10.25,C6
0.014407814407814409,0.011965811965811967,0.011721611721611722,0.01562881562881563,0.0017094017094017094,123.87,-72.31,15.44,C6
0.003907203907203907,0.01221001221001221,0.00757020757020757,0.0009768009768009768,0.001221001221001221,123.81,-72.19,15.06,C6
0.003418803418803419,0.02905982905982906,0.021001221001221003,0.012454212454212455,0.0007326007326007326,121.69,-66.06,9.38,C6
0.008547008547008548,0.04078144078144078,0.030525030525030524,0.020512820512820513,0.0002442002442002442,120.19,-60.06,4.75,C6
0.009523809523809525,0.04322344322344322,0.0315018315018315,0.018315018315018316,0.0002442002442002442,119.81,-57.94,3.5,C6
0.0031746031746031746,0.028815628815628817,0.02026862026862027,0.007326007326007326,0.0,119.69,-57.63,3.19,C6
0.005860805860805861,0.00805860805860806,0.005128205128205128,0.005860805860805861,0.0,119.19,-58.94,2.5,C6
0.01221001221001221,0.006593406593406593,0.005616605616605617,0.01514041514041514,0.0002442002442002442,119.44,-62.81,2.25,C6
0.016605616605616606,0.01684981684981685,0.012942612942612943,0.02148962148962149,0.0002442002442002442,120.44,-67.12,4.06,C6
0.01514041514041514,0.01391941391941392,0.010744810744810745,0.01978021978021978,0.0002442002442002442,121.37,-70.44,8.25,C6
0.008547008547008548,0.00463980463980464,0.0017094017094017094,0.011477411477411478,0.0002442002442002442,121.62,-70.5,9.25,C6
0.0017094017094017094,0.017582417582417582,0.010500610500610501,0.005616605616605617,0.0002442002442002442,121.12,-67.69,7.81,C6
0.0031746031746031746,0.026617826617826617,0.01684981684981685,0.0014652014652014652,0.0002442002442002442,119.37,-59.0,3.12,C6
0.006837606837606838,0.03223443223443224,0.020512820512820513,0.0009768009768009768,0.0002442002442002442,119.37,-55.75,2.06,C6
0.002197802197802198,0.020757020757020756,0.010744810744810745,0.009768009768009768,0.0002442002442002442,119.44,-56.06,2.12,C6
0.007081807081807082,0.0009768009768009768,0.003907203907203907,0.020024420024420026,0.0002442002442002442,119.44,-56.44,2.06,C6
0.013431013431013432,0.012942612942612943,0.014407814407814409,0.02735042735042735,0.0007326007326007326,119.19,-59.88,0.88,C6
0.017826617826617826,0.02271062271062271,0.021733821733821733,0.03223443223443224,0.0014652014652014652,119.19,-64.25,0.31,C6
0.020757020757020756,0.02857142857142857,0.026862026862026864,0.03418803418803419,0.0009768009768009768,120.25,-67.94,3.87,C6
0.015873015873015872,0.013186813186813187,0.016361416361416362,0.023443223443223443,0.0004884004884004884,121.06,-69.12,6.19,C6
0.006349206349206349,0.004395604395604396,0.00463980463980464,0.01391941391941392,0.0002442002442002442,120.81,-66.56,6.06,C6
0.0002442002442002442,0.016605616605616606,0.003418803418803419,0.007326007326007326,0.0,119.44,-59.25,2.06,C6
0.004884004884004884,0.025152625152625153,0.009035409035409036,0.002686202686202686,0.0,119.69,-55.75,2.44,C6
0.0,0.01562881562881563,0.001221001221001221,0.00927960927960928,0.0002442002442002442,119.75,-55.44,2.62,C6
0.009035409035409036,0.003663003663003663,0.013431013431013432,0.019536019536019536,0.0002442002442002442,119.62,-55.81,1.94,C6
0.015384615384615385,0.017094017094017096,0.023443223443223443,0.026862026862026864,0.0002442002442002442,118.69,-59.69,0.19,C6
0.020024420024420026,0.026617826617826617,0.030525030525030524,0.03199023199023199,0.0002442002442002442,118.75,-66.37,-0.31,C6
0.018803418803418803,0.031013431013431014,0.0336996336996337,0.03125763125763126,0.0002442002442002442,119.31,-70.87,3.44,C6
0.011233211233211233,0.014896214896214897,0.021245421245421246,0.01978021978021978,0.0002442002442002442,119.94,-71.06,5.56,C6
0.005372405372405372,0.003663003663003663,0.012698412698412698,0.011477411477411478,0.0007326007326007326,118.62,-67.12,3.5,C6
0.0014652014652014652,0.004151404151404151,0.006593406593406593,0.005860805860805861,0.0014652014652014652,117.81,-63.56,-1.37,C6
0.0014652014652014652,0.008302808302808303,0.00463980463980464,0.006349206349206349,0.0019536019536019536,117.87,-61.81,-2.31,C6
0.004151404151404151,0.00757020757020757,0.014896214896214897,0.01562881562881563,0.002442002442002442,117.69,-62.06,-3.44,C6
0.01221001221001221,0.021733821733821733,0.025396825396825397,0.024664224664224663,0.0029304029304029304,117.44,-62.44,-4.06,C6
0.017826617826617826,0.0315018315018315,0.03296703296703297,0.031013431013431014,0.0029304029304029304,117.44,-63.56,-4.12,C6
0.02197802197802198,0.038583638583638585,0.0380952380952381,0.03565323565323565,0.0031746031746031746,117.75,-66.12,-4.94,C6
0.023931623931623933,0.04151404151404151,0.04078144078144078,0.036141636141636145,0.0031746031746031746,117.81,-68.25,-3.75,C6
0.021733821733821733,0.03663003663003663,0.03418803418803419,0.03028083028083028,0.003418803418803419,118.94,-69.81,-0.19,C6
0.01684981684981685,0.021245421245421246,0.023443223443223443,0.020512820512820513,0.003418803418803419,119.69,-71.62,3.75,C6
0.00757020757020757,0.0017094017094017094,0.007081807081807082,0.00805860805860806,0.003418803418803419,119.31,-69.81,4.44,C6
0.001221001221001221,0.017582417582417582,0.004395604395604396,0.0004884004884004884,0.003418803418803419,117.75,-62.88,-1.12,C6
0.0031746031746031746,0.028815628815628817,0.01221001221001221,0.006593406593406593,0.003418803418803419,117.19,-62.25,-2.87,C6
0.003418803418803419,0.017094017094017096,0.005128205128205128,0.0002442002442002442,0.003418803418803419,117.37,-61.94,-2.87,C6
0.011721611721611722,0.0009768009768009768,0.007326007326007326,0.010744810744810745,0.003418803418803419,117.31,-62.69,-3.69,C6
0.01733821733821734,0.013675213675213675,0.017094017094017096,0.017826617826617826,0.003418803418803419,117.56,-63.69,-3.69,C6
0.02148962148962149,0.022466422466422466,0.023931623931623933,0.022954822954822957,0.003418803418803419,118.12,-64.87,-2.75,C6
0.02271062271062271,0.02783882783882784,0.028815628815628817,0.02612942612942613,0.003418803418803419,118.94,-68.69,-0.94,C6
0.019536019536019536,0.018315018315018316,0.02271062271062271,0.020512820512820513,0.003418803418803419,120.06,-70.94,3.56,C6
0.010500610500610501,0.002686202686202686,0.00927960927960928,0.010012210012210013,0.003418803418803419,120.56,-71.44,5.5,C6
0.0009768009768009768,0.019536019536019536,0.005372405372405372,0.0014652014652014652,0.003418803418803419,120.37,-71.25,5.81,C6
0.005616605616605617,0.03125763125763126,0.015384615384615385,0.004395604395604396,0.003418803418803419,118.69,-66.31,2.0,C6
0.010256410256410256,0.039316239316239315,0.02271062271062271,0.008791208791208791,0.003418803418803419,116.44,-61.31,-2.44,C6
0.008547008547008548,0.03736263736263736,0.020024420024420026,0.004884004884004884,0.003418803418803419,116.25,-61.88,-4.75,C6
0.0007326007326007326,0.015873015873015872,0.004884004884004884,0.007326007326007326,0.003418803418803419,116.5,-61.25,-4.06,C6
0.009523809523809525,0.003663003663003663,0.009768009768009768,0.01855921855921856,0.003418803418803419,116.44,-62.88,-5.06,C6
0.015873015873015872,0.017094017094017096,0.020024420024420026,0.026617826617826617,0.003418803418803419,117.12,-65.69,-4.75,C6
0.020024420024420026,0.026617826617826617,0.02735042735042735,0.03223443223443224,0.003418803418803419,117.5,-66.75,-3.31,C6
0.01904761904761905,0.02490842490842491,0.02612942612942613,0.03028083028083028,0.003418803418803419,118.31,-70.12,-1.31,C6
0.013186813186813187,0.00463980463980464,0.014407814407814409,0.01904761904761905,0.003418803418803419,119.06,-70.81,1.81,C6
0.0029304029304029304,0.016361416361416362,0.001221001221001221,0.004395604395604396,0.003418803418803419,119.25,-70.69,2.75,C6
0.00463980463980464,0.03125763125763126,0.014407814407814409,0.005860805860805861,0.003418803418803419,119.44,-70.87,3.31,C6
0.010012210012210013,0.041758241758241756,0.023443223443223443,0.013186813186813187,0.003418803418803419,118.75,-68.12,2.25,C6
0.013675213675213675,0.046886446886446886,0.029792429792429794,0.016605616605616606,0.003418803418803419,117.56,-63.44,-0.06,C6
0.012698412698412698,0.04542124542124542,0.028815628815628817,0.01391941391941392,0.003418803418803419,117.5,-59.5,-0.81,C6
0.006105006105006105,0.03492063492063492,0.02026862026862027,0.00463980463980464,0.003418803418803419,117.94,-57.44,-0.81,C6
0.003418803418803419,0.01562881562881563,0.005860805860805861,0.00757020757020757,0.003418803418803419,117.44,-57.56,-1.12,C6
0.01098901098901099,0.001221001221001221,0.006349206349206349,0.01611721611721612,0.003418803418803419,117.31,-58.63,-1.81,C6
0.01611721611721612,0.012942612942612943,0.014896214896214897,0.02197802197802198,0.003418803418803419,117.37,-61.13,-2.44,C6
0.01978021978021978,0.021001221001221003,0.021001221001221003,0.02612942612942613,0.003418803418803419,117.87,-62.5,-2.56,C6
0.01904761904761905,0.017582417582417582,0.017582417582417582,0.022954822954822957,0.003418803418803419,118.94,-64.0,-0.94,C6
0.014407814407814409,0.0004884004884004884,0.008791208791208791,0.01391941391941392,0.003418803418803419,119.56,-65.81,0.69,C6
0.006105006105006105,0.015873015873015872,0.003418803418803419,0.002686202686202686,0.002197802197802198,120.19,-66.0,3.06,C6
0.0029304029304029304,0.02783882783882784,0.01514041514041514,0.005372405372405372,0.0014652014652014652,120.56,-66.06,3.31,C6
0.00927960927960928,0.03638583638583639,0.023443223443223443,0.010744810744810745,0.0009768009768009768,118.56,-62.44,1.62,C6
0.013675213675213675,0.04224664224664225,0.029304029304029304,0.014407814407814409,0.0017094017094017094,118.0,-58.5,0.13,C6
0.01098901098901099,0.039316239316239315,0.026617826617826617,0.011233211233211233,0.002197802197802198,118.31,-57.06,-0.5,C6
0.0019536019536019536,0.022466422466422466,0.014163614163614164,0.0004884004884004884,0.002442002442002442,118.06,-57.63,-1.19,C6
0.008302808302808303,0.001221001221001221,0.0019536019536019536,0.011721611721611722,0.0029304029304029304,117.81,-59.06,-2.0,C6
0.01562881562881563,0.013675213675213675,0.013431013431013432,0.02026862026862027,0.0029304029304029304,117.5,-63.0,-2.62,C6
0.020757020757020756,0.023931623931623933,0.02148962148962149,0.026373626373626374,0.0031746031746031746,118.37,-65.0,-1.12,C6
0.017094017094017096,0.01611721611721612,0.017582417582417582,0.02197802197802198,0.003418803418803419,119.81,-68.56,1.69,C6
0.00805860805860806,0.002686202686202686,0.005616605616605617,0.009768009768009768,0.003418803418803419,120.69,-69.25,4.19,C6
0.003418803418803419,0.020757020757020756,0.008302808302808303,0.0017094017094017094,0.003418803418803419,121.12,-69.37,4.44,C6
0.011477411477411478,0.03321123321123321,0.018315018315018316,0.010012210012210013,0.003418803418803419,120.12,-69.12,4.37,C6
0.017094017094017096,0.042002442002442006,0.025152625152625153,0.01562881562881563,0.003418803418803419,118.94,-66.69,3.25,C6
0.018315018315018316,0.04493284493284493,0.029304029304029304,0.01733821733821734,0.003418803418803419,117.81,-62.19,1.62,C6
0.01562881562881563,0.04297924297924298,0.028327228327228327,0.015384615384615385,0.003418803418803419,117.5,-59.19,1.87,C6
0.008302808302808303,0.03467643467643468,0.02271062271062271,0.00927960927960928,0.003418803418803419,118.12,-57.69,1.56,C6
0.002686202686202686,0.019536019536019536,0.011233211233211233,0.0009768009768009768,0.002197802197802198,117.19,-57.75,0.75,C6
0.011965811965811967,0.0007326007326007326,0.003418803418803419,0.012454212454212455,0.0014652014652014652,117.31,-58.31,0.0,C6
0.01855921855921856,0.015873015873015872,0.015384615384615385,0.020757020757020756,0.0009768009768009768,116.87,-60.63,-1.37,C6
0.0231990231990232,0.026373626373626374,0.023687423687423687,0.026617826617826617,0.0004884004884004884,116.75,-62.06,-1.94,C6
0.024664224664224663,0.0336996336996337,0.029548229548229547,0.030525030525030524,0.0002442002442002442,117.19,-62.25,-0.13,C6
0.0231990231990232,0.03663003663003663,0.029792429792429794,0.028083028083028084,0.0,117.62,-64.0,1.94,C6
0.01904761904761905,0.028083028083028084,0.020512820512820513,0.017826617826617826,0.001221001221001221,118.69,-67.44,4.81,C6
0.010256410256410256,0.006837606837606838,0.007814407814407814,0.005128205128205128,0.002197802197802198,119.25,-67.87,5.81,C6
0.004151404151404151,0.00805860805860806,0.0009768009768009768,0.003907203907203907,0.0029304029304029304,117.69,-65.06,4.25,C6
0.0,0.01855921855921856,0.007326007326007326,0.010012210012210013,0.003418803418803419,117.12,-60.75,3.87,C6
0.002197802197802198,0.022954822954822957,0.011721611721611722,0.00927960927960928,0.003663003663003663,117.06,-59.69,2.87,C6
0.004395604395604396,0.01221001221001221,0.006105006105006105,0.0014652014652014652,0.003907203907203907,116.75,-59.31,2.81,C6
0.011965811965811967,0.002686202686202686,0.003663003663003663,0.007814407814407814,0.004151404151404151,116.44,-59.44,1.87,C6
0.017582417582417582,0.01611721611721612,0.013675213675213675,0.015873015873015872,0.004151404151404151,115.94,-61.5,0.37,C6
0.021245421245421246,0.02564102564102564,0.020757020757020756,0.02148962148962149,0.004151404151404151,116.69,-64.0,1.0,C6
0.022466422466422466,0.03223443223443224,0.02564102564102564,0.02564102564102564,0.004151404151404151,117.94,-66.94,3.06,C6
0.020512820512820513,0.03125763125763126,0.019536019536019536,0.01855921855921856,0.004151404151404151,118.94,-69.12,6.56,C6
0.014896214896214897,0.02271062271062271,0.006593406593406593,0.006593406593406593,0.004151404151404151,119.62,-68.75,8.56,C6
0.006593406593406593,0.00927960927960928,0.007326007326007326,0.002197802197802198,0.004151404151404151,119.19,-69.31,9.19,C6
0.0007326007326007326,0.00757020757020757,0.01684981684981685,0.008302808302808303,0.004151404151404151,118.62,-67.56,8.44,C6
0.003418803418803419,0.019536019536019536,0.023687423687423687,0.012454212454212455,0.004151404151404151,117.31,-63.63,4.56,C6
0.005616605616605617,0.02783882783882784,0.026617826617826617,0.011721611721611722,0.004151404151404151,116.94,-61.69,1.94,C6
0.0014652014652014652,0.024664224664224663,0.02148962148962149,0.005128205128205128,0.004151404151404151,117.31,-61.44,1.31,C6
0.007814407814407814,0.007814407814407814,0.008791208791208791,0.005372405372405372,0.004151404151404151,116.87,-62.19,0.44,C6
0.014407814407814409,0.007081807081807082,0.0029304029304029304,0.012698412698412698,0.004151404151404151,116.87,-64.37,-0.5,C6
0.018803418803418803,0.017582417582417582,0.01098901098901099,0.017826617826617826,0.004151404151404151,117.56,-68.12,2.0,C6
0.022222222222222223,0.02490842490842491,0.016605616605616606,0.021001221001221003,0.004151404151404151,119.19,-71.87,7.69,C6
0.017094017094017096,0.007326007326007326,0.007326007326007326,0.012942612942612943,0.004151404151404151,120.25,-72.31,10.13,C6
0.006105006105006105,0.014163614163614164,0.00757020757020757,0.0017094017094017094,0.004151404151404151,120.5,-71.75,10.94,C6
0.003663003663003663,0.02905982905982906,0.020512820512820513,0.006349206349206349,0.004395604395604396,120.69,-70.62,11.38,C6
0.010744810744810745,0.03956043956043956,0.029548229548229547,0.011721611721611722,0.004395604395604396,120.19,-68.5,9.5,C6
0.01562881562881563,0.0463980463980464,0.035897435897435895,0.014652014652014652,0.004395604395604396,118.0,-60.5,3.0,C6
0.016605616605616606,0.0485958485958486,0.03711843711843712,0.013431013431013432,0.004395604395604396,118.44,-56.81,1.75,C6
0.009523809523809525,0.03785103785103785,0.026373626373626374,0.0031746031746031746,0.004395604395604396,118.12,-57.5,0.88,C6
0.0014652014652014652,0.014652014652014652,0.008547008547008548,0.009768009768009768,0.004395604395604396,117.81,-59.75,0.44,C6
0.009035409035409036,0.0014652014652014652,0.003663003663003663,0.018803418803418803,0.0031746031746031746,118.31,-64.06,1.37,C6
0.014407814407814409,0.012942612942612943,0.012454212454212455,0.025152625152625153,0.002442002442002442,119.0,-68.06,4.75,C6
0.010256410256410256,0.0,0.003418803418803419,0.01733821733821734,0.0019536019536019536,120.25,-69.19,7.94,C6
0.0014652014652014652,0.019536019536019536,0.012454212454212455,0.0031746031746031746,0.0014652014652014652,120.69,-69.37,8.88,C6
0.011233211233211233,0.03321123321123321,0.024664224664224663,0.006593406593406593,0.001221001221001221,120.75,-68.81,9.13,C6
0.018315018315018316,0.04297924297924298,0.03321123321123321,0.013431013431013432,0.002197802197802198,118.25,-64.06,3.31,C6
0.022954822954822957,0.04932844932844933,0.039316239316239315,0.016605616605616606,0.002686202686202686,117.25,-59.44,-0.13,C6
0.019291819291819293,0.04590964590964591,0.03540903540903541,0.01221001221001221,0.002197802197802198,117.69,-58.44,-0.56,C6
0.007326007326007326,0.024664224664224663,0.01904761904761905,0.0009768009768009768,0.0017094017094017094,117.37,-58.81,-0.94,C6
0.002686202686202686,0.003663003663003663,0.002442002442002442,0.013675213675213675,0.0014652014652014652,117.19,-59.25,-1.31,C6
0.009768009768009768,0.011233211233211233,0.00927960927960928,0.022466422466422466,0.0009768009768009768,117.25,-61.56,-1.37,C6
0.014652014652014652,0.02148962148962149,0.017582417582417582,0.028815628815628817,0.0009768009768009768,118.37,-65.81,-1.12,C6
0.012454212454212455,0.02148962148962149,0.019291819291819293,0.029304029304029304,0.0007326007326007326,119.69,-69.19,2.31,C6
0.0029304029304029304,0.0014652014652014652,0.004395604395604396,0.015384615384615385,0.0007326007326007326,120.19,-69.81,4.37,C6
0.009523809523809525,0.021001221001221003,0.012454212454212455,0.0002442002442002442,0.0007326007326007326,120.69,-69.31,5.56,C6
0.018070818070818073,0.03467643467643468,0.024175824175824177,0.010500610500610501,0.0007326007326007326,120.0,-68.56,4.94,C6
0.024175824175824177,0.044444444444444446,0.03247863247863248,0.018070818070818073,0.0007326007326007326,117.69,-64.0,-1.31,C6
0.02564102564102564,0.04810744810744811,0.03663003663003663,0.019536019536019536,0.0007326007326007326,117.94,-59.69,-2.12,C6
0.018070818070818073,0.0398046398046398,0.029548229548229547,0.012454212454212455,0.0007326007326007326,117.87,-59.19,-2.19,C6
0.005860805860805861,0.01562881562881563,0.012454212454212455,0.0007326007326007326,0.0007326007326007326,117.81,-58.94,-2.31,C6
0.002686202686202686,0.0019536019536019536,0.002197802197802198,0.011477411477411478,0.0004884004884004884,117.44,-60.31,-3.06,C6
0.008791208791208791,0.014407814407814409,0.012454212454212455,0.018803418803418803,0.0004884004884004884,118.25,-64.19,-1.19,C6
0.012454212454212455,0.0231990231990232,0.019536019536019536,0.024175824175824177,0.0004884004884004884,120.56,-67.5,2.62,C6
0.006105006105006105,0.006593406593406593,0.008547008547008548,0.013431013431013432,0.0004884004884004884,121.19,-68.56,4.81,C6
0.006349206349206349,0.014652014652014652,0.00757020757020757,0.0007326007326007326,0.0004884004884004884,121.44,-68.19,5.62,C6
0.014896214896214897,0.029548229548229547,0.02026862026862027,0.010744810744810745,0.0004884004884004884,121.31,-68.19,5.75,C6
0.021001221001221003,0.04004884004884005,0.02905982905982906,0.017582417582417582,0.0004884004884004884,119.25,-64.19,3.5,C6
0.02490842490842491,0.046153846153846156,0.03540903540903541,0.020757020757020756,0.0004884004884004884,118.81,-58.0,1.56,C6
0.021733821733821733,0.043467643467643466,0.03199023199023199,0.016605616605616606,0.0004884004884004884,118.69,-57.44,1.75,C6
0.010012210012210013,0.022222222222222223,0.017826617826617826,0.004151404151404151,0.0004884004884004884,118.62,-57.44,1.56,C6
0.0017094017094017094,0.005372405372405372,0.003663003663003663,0.006593406593406593,0.0004884004884004884,118.12,-59.69,0.5,C6
0.003907203907203907,0.006349206349206349,0.006105006105006105,0.01391941391941392,0.0004884004884004884,119.25,-64.75,1.37,C6
0.00805860805860806,0.014652014652014652,0.013186813186813187,0.019291819291819293,0.0004884004884004884,121.06,-69.06,6.37,C6
0.003418803418803419,0.0014652014652014652,0.002442002442002442,0.008791208791208791,0.0004884004884004884,121.75,-70.19,8.88,C6
0.00805860805860806,0.020512820512820513,0.013675213675213675,0.0029304029304029304,0.0004884004884004884,122.0,-69.31,9.44,C6
0.015873015873015872,0.0336996336996337,0.02490842490842491,0.011233211233211233,0.0004884004884004884,120.12,-65.12,5.87,C6
0.02148962148962149,0.04297924297924298,0.03296703296703297,0.017094017094017096,0.0004884004884004884,119.19,-58.75,1.94,C6
0.019536019536019536,0.04151404151404151,0.031746031746031744,0.014652014652014652,0.0004884004884004884,119.5,-57.06,2.25,C6
0.008547008547008548,0.02026862026862027,0.01733821733821734,0.002686202686202686,0.0004884004884004884,119.06,-57.94,1.62,C6
0.001221001221001221,0.0007326007326007326,0.002686202686202686,0.009035409035409036,0.0004884004884004884,119.0,-58.38,1.5,C6
0.007814407814407814,0.012942612942612943,0.00757020757020757,0.017094017094017096,0.0004884004884004884,118.81,-59.88,1.56,C6
0.012698412698412698,0.022466422466422466,0.014896214896214897,0.02271062271062271,0.0004884004884004884,119.37,-63.44,2.81,C6
0.013431013431013432,0.024664224664224663,0.017094017094017096,0.022954822954822957,0.0004884004884004884,121.31,-67.06,7.37,C6
0.006349206349206349,0.004151404151404151,0.005128205128205128,0.011965811965811967,0.0004884004884004884,121.87,-68.69,9.88,C6
0.006105006105006105,0.017582417582417582,0.011721611721611722,0.0007326007326007326,0.0004884004884004884,122.06,-68.06,10.5,C6
0.014896214896214897,0.032722832722832725,0.023443223443223443,0.009768009768009768,0.0004884004884004884,121.19,-66.44,8.69,C6
0.021245421245421246,0.043467643467643466,0.031746031746031744,0.01611721611721612,0.0004884004884004884,119.19,-60.69,3.0,C6
0.022222222222222223,0.046153846153846156,0.034432234432234435,0.015873015873015872,0.0004884004884004884,119.5,-57.0,1.44,C6
0.014652014652014652,0.03492063492063492,0.025396825396825397,0.007326007326007326,0.0004884004884004884,119.31,-57.44,1.37,C6
0.002686202686202686,0.011233211233211233,0.008302808302808303,0.005372405372405372,0.0007326007326007326,119.44,-57.38,1.62,C6
0.005616605616605617,0.005372405372405372,0.005128205128205128,0.014896214896214897,0.0014652014652014652,119.0,-58.81,1.56,C6
0.011477411477411478,0.017094017094017096,0.014652014652014652,0.021733821733821733,0.0019536019536019536,119.06,-62.88,0.88,C6
0.01514041514041514,0.02490842490842491,0.021245421245421246,0.026617826617826617,0.001221001221001221,120.56,-66.12,3.94,C6
0.009523809523809525,0.01098901098901099,0.010744810744810745,0.01684981684981685,0.0007326007326007326,121.69,-68.0,6.69,C6
0.0019536019536019536,0.008547008547008548,0.004151404151404151,0.003418803418803419,0.0004884004884004884,122.19,-68.31,8.63,C6
0.010500610500610501,0.0231990231990232,0.018070818070818073,0.005860805860805861,0.0002442002442002442,122.31,-67.81,8.75,C6
0.016361416361416362,0.033455433455433455,0.028083028083028084,0.01221001221001221,0.0,120.06,-64.69,5.5,C6
0.020512820512820513,0.04053724053724054,0.03492063492063492,0.016361416361416362,0.0,119.44,-59.0,3.19,C6
0.018070818070818073,0.03907203907203907,0.032722832722832725,0.013186813186813187,0.0002442002442002442,119.87,-57.13,3.0,C6
0.007814407814407814,0.020024420024420026,0.018803418803418803,0.001221001221001221,0.0002442002442002442,119.75,-57.13,3.12,C6
0.002442002442002442,0.0004884004884004884,0.0029304029304029304,0.010744810744810745,0.0002442002442002442,119.94,-57.13,3.06,C6
0.009768009768009768,0.01514041514041514,0.009768009768009768,0.02026862026862027,0.0002442002442002442,119.5,-59.19,2.25,C6
0.014896214896214897,0.025396825396825397,0.01855921855921856,0.026862026862026864,0.0002442002442002442,119.94,-61.5,3.0,C6
0.017094017094017096,0.03247863247863248,0.02490842490842491,0.0315018315018315,0.0002442002442002442,121.5,-64.06,6.19,C6
0.013186813186813187,0.022222222222222223,0.01611721611721612,0.02442002442002442,0.0002442002442002442,123.31,-66.25,9.63,C6
0.0019536019536019536,0.002442002442002442,0.0017094017094017094,0.011721611721611722,0.0002442002442002442,123.75,-66.56,10.5,C6
0.009035409035409036,0.022222222222222223,0.01904761904761905,0.0002442002442002442,0.0002442002442002442,123.75,-66.56,10.94,C6
0.01684981684981685,0.03638583638583639,0.031013431013431014,0.007814407814407814,0.0002442002442002442,122.87,-63.75,9.69,C6
0.022222222222222223,0.046153846153846156,0.03956043956043956,0.013431013431013432,0.0002442002442002442,121.37,-58.75,6.87,C6
0.02271062271062271,0.04810744810744811,0.04126984126984127,0.012698412698412698,0.0002442002442002442,120.87,-58.13,5.12,C6
0.017094017094017096,0.03907203907203907,0.032722832722832725,0.0031746031746031746,0.0002442002442002442,121.31,-57.25,4.62,C6
0.008791208791208791,0.019536019536019536,0.016605616605616606,0.009035409035409036,0.0002442002442002442,120.25,-57.88,3.19,C6
0.0019536019536019536,0.0019536019536019536,0.0004884004884004884,0.020757020757020756,0.0002442002442002442,120.12,-59.31,2.12,C6
0.009523809523809525,0.017094017094017096,0.012698412698412698,0.028815628815628817,0.0002442002442002442,120.0,-62.0,2.37,C6
0.014896214896214897,0.027594627594627594,0.021001221001221003,0.034432234432234435,0.0002442002442002442,120.37,-64.37,5.37,C6
0.013186813186813187,0.017094017094017096,0.013675213675213675,0.030525030525030524,0.0002442002442002442,121.87,-67.06,10.13,C6
0.002686202686202686,0.007326007326007326,0.003418803418803419,0.015384615384615385,0.0002442002442002442,122.87,-68.62,13.5,C6
0.009768009768009768,0.027594627594627594,0.020757020757020756,0.0009768009768009768,0.0002442002442002442,123.56,-68.94,14.5,C6
0.018315018315018316,0.042002442002442006,0.032722832722832725,0.008791208791208791,0.0002442002442002442,123.56,-68.25,13.94,C6
0.02442002442002442,0.05201465201465202,0.04126984126984127,0.015873015873015872,0.0002442002442002442,121.94,-61.94,9.81,C6
0.026862026862026864,0.055921855921855924,0.04590964590964591,0.01733821733821734,0.0002442002442002442,121.69,-55.19,7.5,C6
0.023931623931623933,0.05054945054945055,0.041025641025641026,0.011721611721611722,0.0002442002442002442,121.56,-55.88,5.69,C6
0.014163614163614164,0.029304029304029304,0.02490842490842491,0.0004884004884004884,0.0002442002442002442,121.62,-56.44,5.19,C6
0.002686202686202686,0.007081807081807082,0.00805860805860806,0.012698412698412698,0.0007326007326007326,121.37,-57.31,4.56,C6
0.005372405372405372,0.008547008547008548,0.003663003663003663,0.021245421245421246,0.0014652014652014652,120.81,-60.0,3.19,C6
0.01098901098901099,0.019536019536019536,0.011965811965811967,0.027106227106227107,0.002197802197802198,121.44,-62.5,3.44,C6
0.01391941391941392,0.026617826617826617,0.017826617826617826,0.03076923076923077,0.002442002442002442,122.19,-66.69,6.75,C6
0.009035409035409036,0.022954822954822957,0.013186813186813187,0.02564102564102564,0.0029304029304029304,123.12,-69.0,10.19,C6
0.0004884004884004884,0.002442002442002442,0.0007326007326007326,0.012942612942612943,0.0029304029304029304,123.56,-69.19,11.69,C6
0.010744810744810745,0.018315018315018316,0.01611721611721612,0.0009768009768009768,0.0031746031746031746,123.5,-69.44,12.0,C6
0.017826617826617826,0.03296703296703297,0.027106227106227107,0.00757020757020757,0.002197802197802198,123.56,-68.87,11.94,C6
0.022954822954822957,0.04322344322344322,0.03467643467643468,0.013675213675213675,0.0014652014652014652,121.06,-65.44,6.94,C6
0.02490842490842491,0.04786324786324787,0.038583638583638585,0.014652014652014652,0.0009768009768009768,120.69,-60.13,3.81,C6
0.021001221001221003,0.04322344322344322,0.0336996336996337,0.00927960927960928,0.0004884004884004884,120.56,-59.31,3.31,C6
0.00927960927960928,0.02148962148962149,0.017582417582417582,0.0029304029304029304,0.001221001221001221,120.06,-59.56,2.87,C6
0.001221001221001221,0.0004884004884004884,0.0017094017094017094,0.014652014652014652,0.0019536019536019536,120.19,-59.5,2.87,C6
0.008547008547008548,0.014163614163614164,0.009523809523809525,0.0231990231990232,0.002442002442002442,120.25,-63.69,3.0,C6
0.01391941391941392,0.02442002442002442,0.01733821733821734,0.02905982905982906,0.002686202686202686,121.62,-67.87,6.31,C6
0.011233211233211233,0.01733821733821734,0.013431013431013432,0.023931623931623933,0.0017094017094017094,122.37,-70.19,9.63,C6
0.0014652014652014652,0.006105006105006105,0.0009768009768009768,0.009523809523809525,0.0009768009768009768,122.94,-71.06,11.75,C6
0.007814407814407814,0.023443223443223443,0.016361416361416362,0.0014652014652014652,0.0007326007326007326,123.19,-70.5,12.56,C6
0.014407814407814409,0.03565323565323565,0.02735042735042735,0.00927960927960928,0.0002442002442002442,121.87,-67.81,10.13,C6
0.01904761904761905,0.044444444444444446,0.03492063492063492,0.014896214896214897,0.0,120.62,-60.13,5.62,C6
0.01855921855921856,0.04542124542124542,0.03492063492063492,0.01391941391941392,0.0002442002442002442,120.81,-57.5,5.25,C6
0.009768009768009768,0.029548229548229547,0.022954822954822957,0.004395604395604396,0.0002442002442002442,120.44,-57.25,5.44,C6
0.0007326007326007326,0.00757020757020757,0.006593406593406593,0.00757020757020757,0.0002442002442002442,120.56,-57.25,5.87,C6
0.008302808302808303,0.009035409035409036,0.007326007326007326,0.017826617826617826,0.0002442002442002442,120.5,-58.56,5.69,C6
0.013431013431013432,0.020757020757020756,0.017094017094017096,0.02490842490842491,0.0007326007326007326,120.0,-62.94,5.44,C6
0.017094017094017096,0.02905982905982906,0.023931623931623933,0.030036630036630037,0.0014652014652014652,120.62,-68.0,9.13,C6
0.014163614163614164,0.01733821733821734,0.016605616605616606,0.022954822954822957,0.0019536019536019536,121.87,-71.87,15.63,C6
0.0014652014652014652,0.010500610500610501,0.001221001221001221,0.006593406593406593,0.001221001221001221,122.19,-71.81,17.25,C6
0.00757020757020757,0.030036630036630037,0.015873015873015872,0.004884004884004884,0.0007326007326007326,121.69,-71.12,17.25,C6
0.013675213675213675,0.04371184371184371,0.02612942612942613,0.012942612942612943,0.0002442002442002442,119.69,-66.5,11.25,C6
0.018070818070818073,0.05103785103785104,0.03321123321123321,0.016605616605616606,0.0,119.06,-61.38,7.31,C6
0.015873015873015872,0.04810744810744811,0.030525030525030524,0.012942612942612943,0.0002442002442002442,119.0,-60.94,7.0,C6
0.005616605616605617,0.02735042735042735,0.017094017094017096,0.002197802197802198,0.0002442002442002442,118.87,-61.13,7.0,C6
0.003907203907203907,0.00757020757020757,0.0031746031746031746,0.008547008547008548,0.0002442002442002442,118.62,-61.88,6.69,C6
0.010744810744810745,0.006349206349206349,0.008302808302808303,0.017094017094017096,0.0007326007326007326,118.25,-63.0,6.44,C6
0.015384615384615385,0.01611721611721612,0.01611721611721612,0.022954822954822957,0.0014652014652014652,118.69,-66.5,7.56,C6
0.01733821733821734,0.022954822954822957,0.021733821733821733,0.02735042735042735,0.002197802197802198,120.87,-71.19,15.06,C6
0.011477411477411478,0.008791208791208791,0.012942612942612943,0.020024420024420026,0.002442002442002442,121.81,-73.87,22.81,C6
0.0019536019536019536,0.016605616605616606,0.003907203907203907,0.005372405372405372,0.002686202686202686,122.19,-73.69,22.94,C6
0.011233211233211233,0.034432234432234435,0.018070818070818073,0.00463980463980464,0.0017094017094017094,122.06,-73.19,23.19,C6
0.017582417582417582,0.046886446886446886,0.02783882783882784,0.011721611721611722,0.0009768009768009768,119.56,-65.62,11.56,C6
0.02148962148962149,0.05396825396825397,0.03467643467643468,0.014896214896214897,0.0004884004884004884,119.5,-61.25,8.44,C6
0.016605616605616606,0.04468864468864469,0.028083028083028084,0.00805860805860806,0.0002442002442002442,119.37,-61.19,8.13,C6
0.006593406593406593,0.02197802197802198,0.01391941391941392,0.003418803418803419,0.0,119.0,-62.06,8.31,C6
0.0017094017094017094,0.003418803418803419,0.0007326007326007326,0.013431013431013432,0.0,118.56,-62.75,7.62,C6
0.00757020757020757,0.009768009768009768,0.008547008547008548,0.02026862026862027,0.0002442002442002442,117.75,-67.44,7.25,C6
0.011721611721611722,0.018803418803418803,0.014896214896214897,0.025152625152625153,0.0002442002442002442,118.25,-72.12,13.69,C6
0.010500610500610501,0.011233211233211233,0.011477411477411478,0.02026862026862027,0.0002442002442002442,119.0,-74.5,22.19,C6
0.0014652014652014652,0.009035409035409036,0.0002442002442002442,0.009035409035409036,0.0002442002442002442,117.56,-74.44,25.94,C6
0.006837606837606838,0.023931623931623933,0.012454212454212455,0.0009768009768009768,0.0002442002442002442,115.69,-74.0,27.37,C6
0.012698412698412698,0.034432234432234435,0.021001221001221003,0.004395604395604396,0.0004884004884004884,112.5,-69.0,17.5,C6
0.01684981684981685,0.041758241758241756,0.027106227106227107,0.00805860805860806,0.0004884004884004884,111.87,-61.56,11.88,C6
0.01562881562881563,0.042002442002442006,0.02442002442002442,0.004395604395604396,0.0004884004884004884,113.19,-61.0,12.19,C6
0.006105006105006105,0.02564102564102564,0.011721611721611722,0.005616605616605617,0.0004884004884004884,113.56,-61.75,11.88,C6
0.003663003663003663,0.007081807081807082,0.0014652014652014652,0.015384615384615385,0.0007326007326007326,114.19,-61.25,11.56,C6
0.010744810744810745,0.008791208791208791,0.013675213675213675,0.023687423687423687,0.0014652014652014652,113.94,-62.44,10.69,C6
0.015873015873015872,0.01978021978021978,0.022222222222222223,0.029548229548229547,0.0019536019536019536,114.44,-67.25,10.44,C6
0.019536019536019536,0.027594627594627594,0.028327228327228327,0.0336996336996337,0.002442002442002442,116.25,-72.25,17.94,C6
0.015384615384615385,0.017094017094017096,0.021245421245421246,0.026373626373626374,0.002686202686202686,117.62,-74.31,23.94,C6
0.002442002442002442,0.00757020757020757,0.0031746031746031746,0.009523809523809525,0.0029304029304029304,118.06,-74.06,25.06,C6
0.00805860805860806,0.02490842490842491,0.012454212454212455,0.002197802197802198,0.0031746031746031746,118.31,-72.56,22.5,C6
0.015384615384615385,0.03711843711843712,0.023443223443223443,0.010500610500610501,0.0031746031746031746,116.12,-64.75,13.75,C6
0.020512820512820513,0.04566544566544566,0.031013431013431014,0.013675213675213675,0.003418803418803419,117.19,-55.69,12.69,C6
0.01684981684981685,0.04126984126984127,0.026373626373626374,0.007814407814407814,0.003418803418803419,117.87,-55.19,12.44,C6
0.006349206349206349,0.018315018315018316,0.010744810744810745,0.004395604395604396,0.003418803418803419,117.69,-56.19,11.88,C6
0.001221001221001221,0.0004884004884004884,0.004151404151404151,0.015384615384615385,0.003418803418803419,117.37,-58.81,10.69,C6
0.006349206349206349,0.01221001221001221,0.014652014652014652,0.022954822954822957,0.003418803418803419,118.19,-62.69,11.63,C6
0.00927960927960928,0.021001221001221003,0.02197802197802198,0.028327228327228327,0.003418803418803419,119.75,-67.56,15.13,C6
0.008547008547008548,0.011477411477411478,0.013675213675213675,0.022222222222222223,0.002197802197802198,120.94,-68.0,17.25,C6
0.0,0.01221001221001221,0.003907203907203907,0.008302808302808303,0.0014652014652014652,121.87,-69.12,19.75,C6
0.009035409035409036,0.028815628815628817,0.02026862026862027,0.0031746031746031746,0.0009768009768009768,122.75,-68.5,20.37,C6
0.015384615384615385,0.04053724053724054,0.0315018315018315,0.011233211233211233,0.0004884004884004884,122.12,-65.5,18.25,C6
0.01978021978021978,0.04835164835164835,0.03956043956043956,0.01684981684981685,0.0002442002442002442,119.5,-60.44,11.44,C6
0.01978021978021978,0.0485958485958486,0.04053724053724054,0.01562881562881563,0.001221001221001221,119.19,-58.19,10.75,C6
0.01221001221001221,0.035164835164835165,0.030525030525030524,0.006837606837606838,0.0017094017094017094,119.44,-56.5,11.56,C6
0.0014652014652014652,0.014163614163614164,0.01611721611721612,0.004151404151404151,0.002197802197802198,119.44,-56.38,11.19,C6
0.005860805860805861,0.0031746031746031746,0.0019536019536019536,0.014652014652014652,0.002686202686202686,119.19,-57.5,10.88,C6
0.011233211233211233,0.01514041514041514,0.007814407814407814,0.021733821733821733,0.0017094017094017094,118.62,-58.69,10.13,C6
0.014896214896214897,0.023687423687423687,0.014652014652014652,0.026862026862026864,0.0009768009768009768,121.19,-62.88,6.12,C6
0.014163614163614164,0.024664224664224663,0.01684981684981685,0.02490842490842491,0.0007326007326007326,122.87,-66.75,8.75,C6
0.005372405372405372,0.0017094017094017094,0.0029304029304029304,0.011721611721611722,0.0002442002442002442,123.31,-66.5,10.5,C6
0.006837606837606838,0.021001221001221003,0.01562881562881563,0.003663003663003663,0.0002442002442002442,123.37,-66.5,12.0,C6
0.01514041514041514,0.03711843711843712,0.02857142857142857,0.014652014652014652,0.0009768009768009768,123.37,-66.19,12.5,C6
0.021001221001221003,0.04835164835164835,0.03785103785103785,0.022222222222222223,0.0017094017094017094,121.81,-62.63,10.88,C6
0.02271062271062271,0.05299145299145299,0.04371184371184371,0.023443223443223443,0.001221001221001221,121.31,-59.13,8.19,C6
0.01978021978021978,0.0485958485958486,0.04053724053724054,0.017826617826617826,0.0017094017094017094,122.94,-57.0,8.5,C6
0.010500610500610501,0.0315018315018315,0.028327228327228327,0.006349206349206349,0.002197802197802198,123.12,-56.44,8.94,C6
0.0004884004884004884,0.008547008547008548,0.011477411477411478,0.007081807081807082,0.0014652014652014652,123.19,-56.44,8.69,C6
0.00805860805860806,0.00757020757020757,0.0002442002442002442,0.016361416361416362,0.0019536019536019536,122.69,-57.56,7.25,C6
0.013431013431013432,0.01904761904761905,0.008547008547008548,0.022954822954822957,0.002442002442002442,122.81,-61.81,6.69,C6
0.01562881562881563,0.025396825396825397,0.012698412698412698,0.02442002442002442,0.0014652014652014652,123.87,-64.31,9.44,C6
0.010012210012210013,0.011233211233211233,0.0007326007326007326,0.014652014652014652,0.0009768009768009768,124.5,-65.44,12.0,C6
0.0007326007326007326,0.007326007326007326,0.011721611721611722,0.00463980463980464,0.0004884004884004884,124.87,-65.75,14.63,C6
0.005616605616605617,0.02026862026862027,0.020512820512820513,0.002442002442002442,0.0002442002442002442,123.69,-65.0,14.25,C6
0.010256410256410256,0.029304029304029304,0.026617826617826617,0.007326007326007326,0.0,122.25,-58.44,10.75,C6
0.011721611721611722,0.03223443223443224,0.02735042735042735,0.007081807081807082,0.0009768009768009768,122.81,-54.75,12.0,C6
0.00463980463980464,0.017826617826617826,0.016361416361416362,0.0019536019536019536,0.0017094017094017094,122.69,-54.63,12.88,C6
0.00463980463980464,0.0014652014652014652,0.0019536019536019536,0.012942612942612943,0.002197802197802198,123.06,-54.94,13.5,C6
0.011233211233211233,0.015873015873015872,0.010012210012210013,0.02197802197802198,0.002442002442002442,123.69,-56.0,13.88,C6
0.015873015873015872,0.025885225885225887,0.01855921855921856,0.028327228327228327,0.002686202686202686,123.62,-59.25,13.13,C6
0.018803418803418803,0.03296703296703297,0.02442002442002442,0.032722832722832725,0.0029304029304029304,124.94,-64.0,14.94,C6
0.017826617826617826,0.029792429792429794,0.02197802197802198,0.029304029304029304,0.0019536019536019536,126.12,-65.37,19.0,C6
0.010012210012210013,0.005372405372405372,0.006105006105006105,0.016605616605616606,0.001221001221001221,126.87,-65.5,20.31,C6
0.0004884004884004884,0.01391941391941392,0.009035409035409036,0.006837606837606838,0.0007326007326007326,126.69,-65.12,19.75,C6
0.007814407814407814,0.02735042735042735,0.019536019536019536,0.0002442002442002442,0.0004884004884004884,123.94,-60.94,15.19,C6
0.012942612942612943,0.036874236874236875,0.027106227106227107,0.005128205128205128,0.0002442002442002442,123.69,-55.69,12.94,C6
0.010012210012210013,0.03467643467643468,0.023687423687423687,0.0017094017094017094,0.0,123.56,-55.13,13.25,C6
0.0004884004884004884,0.01514041514041514,0.009523809523809525,0.009523809523809525,0.0,123.12,-55.44,13.19,C6
0.007081807081807082,0.0017094017094017094,0.003663003663003663,0.01904761904761905,0.0002442002442002442,122.5,-56.44,12.81,C6
0.012454212454212455,0.013431013431013432,0.013186813186813187,0.02564102564102564,0.0002442002442002442,122.0,-57.44,12.31,C6
0.01611721611721612,0.021733821733821733,0.020024420024420026,0.03028083028083028,0.0002442002442002442,122.19,-59.63,12.44,C6
0.018070818070818073,0.027106227106227107,0.024664224664224663,0.03321123321123321,0.0004884004884004884,123.87,-62.06,14.56,C6
0.015873015873015872,0.016605616605616606,0.01611721611721612,0.024664224664224663,0.0004884004884004884,125.12,-64.62,16.62,C6
0.004884004884004884,0.007814407814407814,0.0,0.00927960927960928,0.0004884004884004884,126.0,-65.25,17.19,C6
0.002686202686202686,0.02490842490842491,0.011477411477411478,0.001221001221001221,0.0004884004884004884,124.69,-63.19,15.56,C6
0.00805860805860806,0.036874236874236875,0.019536019536019536,0.008791208791208791,0.0004884004884004884,122.62,-59.13,11.94,C6
0.010744810744810745,0.04224664224664225,0.025152625152625153,0.010744810744810745,0.0004884004884004884,121.94,-57.5,11.13,C6
0.005616605616605617,0.035164835164835165,0.021001221001221003,0.005616605616605617,0.0004884004884004884,121.94,-57.25,10.75,C6
0.0029304029304029304,0.021245421245421246,0.011721611721611722,0.002686202686202686,0.0004884004884004884,121.87,-56.81,11.0,C6
0.010256410256410256,0.005372405372405372,0.0009768009768009768,0.011233211233211233,0.0004884004884004884,121.56,-56.38,11.44,C6
0.015384615384615385,0.007081807081807082,0.007814407814407814,0.018803418803418803,0.0004884004884004884,121.0,-57.25,11.69,C6
0.018803418803418803,0.01611721611721612,0.01391941391941392,0.023931623931623933,0.0004884004884004884,120.56,-59.69,11.63,C6
0.021001221001221003,0.022222222222222223,0.018315018315018316,0.027594627594627594,0.0004884004884004884,120.69,-62.25,13.13,C6
0.01978021978021978,0.014163614163614164,0.011721611721611722,0.020757020757020756,0.0004884004884004884,121.19,-63.56,15.06,C6
0.010744810744810745,0.008302808302808303,0.003907203907203907,0.006349206349206349,0.0004884004884004884,121.44,-64.19,15.69,C6
0.004151404151404151,0.023931623931623933,0.014896214896214897,0.003663003663003663,0.0004884004884004884,119.87,-62.94,14.19,C6
0.0002442002442002442,0.03492063492063492,0.022466422466422466,0.010744810744810745,0.0004884004884004884,117.75,-60.5,10.31,C6
0.002442002442002442,0.03907203907203907,0.02735042735042735,0.011721611721611722,0.0004884004884004884,117.75,-58.63,10.06,C6
0.003663003663003663,0.025152625152625153,0.02026862026862027,0.0017094017094017094,0.0004884004884004884,118.25,-57.94,10.5,C6
0.011233211233211233,0.006837606837606838,0.00805860805860806,0.009523809523809525,0.0004884004884004884,118.19,-58.06,10.06,C6
0.016361416361416362,0.006837606837606838,0.002442002442002442,0.018070818070818073,0.0004884004884004884,118.19,-59.0,8.94,C6
0.020024420024420026,0.016361416361416362,0.009523809523809525,0.024175824175824177,0.0004884004884004884,118.37,-61.56,8.31,C6
0.02148962148962149,0.022954822954822957,0.014652014652014652,0.028327228327228327,0.0004884004884004884,120.44,-64.94,10.81,C6
0.018803418803418803,0.01514041514041514,0.009523809523809525,0.02197802197802198,0.0004884004884004884,121.19,-66.5,15.88,C6
0.008547008547008548,0.006837606837606838,0.004395604395604396,0.007814407814407814,0.0004884004884004884,121.37,-67.25,17.19,C6
0.0004884004884004884,0.022466422466422466,0.01514041514041514,0.002197802197802198,0.0004884004884004884,119.56,-65.87,15.75,C6
0.005128205128205128,0.03321123321123321,0.02271062271062271,0.009035409035409036,0.0004884004884004884,116.69,-61.81,11.13,C6
0.00927960927960928,0.0398046398046398,0.02783882783882784,0.011477411477411478,0.0004884004884004884,116.31,-58.94,11.63,C6
0.003663003663003663,0.03418803418803419,0.023931623931623933,0.006349206349206349,0.0004884004884004884,116.69,-58.69,12.13,C6
0.006105006105006105,0.019536019536019536,0.014163614163614164,0.002442002442002442,0.0004884004884004884,117.06,-59.19,12.0,C6
0.012942612942612943,0.004395604395604396,0.003907203907203907,0.01098901098901099,0.0004884004884004884,117.44,-60.44,11.88,C6
0.017826617826617826,0.005860805860805861,0.0031746031746031746,0.01684981684981685,0.0004884004884004884,116.62,-61.13,11.38,C6
0.020757020757020756,0.013186813186813187,0.008302808302808303,0.021001221001221003,0.0004884004884004884,116.81,-63.19,11.75,C6
0.021733821733821733,0.014163614163614164,0.00757020757020757,0.018315018315018316,0.0004884004884004884,119.25,-65.69,15.5,C6
0.014896214896214897,0.00463980463980464,0.0029304029304029304,0.004884004884004884,0.0004884004884004884,119.75,-66.5,17.12,C6
0.0014652014652014652,0.022222222222222223,0.01904761904761905,0.007081807081807082,0.0004884004884004884,120.37,-65.56,17.31,C6
0.00805860805860806,0.03467643467643468,0.03028083028083028,0.015384615384615385,0.0004884004884004884,120.19,-64.81,17.31,C6
0.014652014652014652,0.043467643467643466,0.0380952380952381,0.021245421245421246,0.0004884004884004884,118.44,-60.5,14.44,C6
0.01733821733821734,0.0463980463980464,0.04078144078144078,0.02197802197802198,0.0004884004884004884,117.44,-58.81,11.44,C6
0.013675213675213675,0.042002442002442006,0.03663003663003663,0.016605616605616606,0.0004884004884004884,117.25,-57.13,11.19,C6
0.004884004884004884,0.02857142857142857,0.026617826617826617,0.006593406593406593,0.0007326007326007326,116.94,-56.06,11.25,C6
0.004151404151404151,0.010744810744810745,0.01391941391941392,0.003907203907203907,0.0014652014652014652,116.25,-56.81,10.94,C6
0.010500610500610501,0.004151404151404151,0.002442002442002442,0.01221001221001221,0.0019536019536019536,116.0,-59.44,10.0,C6
0.01514041514041514,0.014652014652014652,0.005616605616605617,0.017826617826617826,0.002442002442002442,116.94,-63.31,10.25,C6
0.017582417582417582,0.02197802197802198,0.011477411477411478,0.021733821733821733,0.0014652014652014652,119.56,-68.87,15.88,C6
0.01221001221001221,0.00927960927960928,0.002197802197802198,0.012698412698412698,0.0009768009768009768,121.31,-69.44,19.37,C6
0.0004884004884004884,0.01221001221001221,0.01221001221001221,0.0009768009768009768,0.0004884004884004884,121.87,-68.62,20.06,C6
0.00927960927960928,0.027594627594627594,0.02564102564102564,0.010500610500610501,0.0002442002442002442,121.5,-67.94,19.31,C6
0.015384615384615385,0.03833943833943834,0.035164835164835165,0.017094017094017096,0.0,120.0,-66.06,16.69,C6
0.019291819291819293,0.04590964590964591,0.041758241758241756,0.020757020757020756,0.0,118.44,-60.63,12.0,C6
0.018803418803418803,0.04737484737484737,0.04249084249084249,0.019536019536019536,0.0002442002442002442,118.69,-57.94,10.25,C6
0.012454212454212455,0.03907203907203907,0.036141636141636145,0.012942612942612943,0.0002442002442002442,119.44,-57.38,10.0,C6
0.002686202686202686,0.02148962148962149,0.023443223443223443,0.002442002442002442,0.0002442002442002442,119.87,-56.81,9.31,C6
0.006349206349206349,0.002686202686202686,0.00927960927960928,0.008791208791208791,0.0002442002442002442,119.25,-56.81,8.69,C6
0.013186813186813187,0.011721611721611722,0.0031746031746031746,0.01855921855921856,0.0002442002442002442,118.44,-57.31,7.94,C6
0.017826617826617826,0.021733821733821733,0.011721611721611722,0.025152625152625153,0.0002442002442002442,118.25,-58.31,7.44,C6
0.021245421245421246,0.028815628815628817,0.017826617826617826,0.030036630036630037,0.0002442002442002442,118.69,-61.56,7.0,C6
0.022466422466422466,0.03247863247863248,0.02197802197802198,0.03247863247863248,0.0002442002442002442,119.87,-67.12,10.44,C6
0.01904761904761905,0.02564102564102564,0.01514041514041514,0.025396825396825397,0.0002442002442002442,122.25,-69.31,15.94,C6
0.00927960927960928,0.0019536019536019536,0.0004884004884004884,0.011721611721611722,0.0002442002442002442,122.5,-71.81,19.87,C6
0.002686202686202686,0.019291819291819293,0.014896214896214897,0.0002442002442002442,0.0002442002442002442,123.25,-69.87,21.31,C6
0.010744810744810745,0.03394383394383394,0.02564102564102564,0.008791208791208791,0.0002442002442002442,122.62,-58.06,13.69,C6
0.016605616605616606,0.0442002442002442,0.03321123321123321,0.014652014652014652,0.0002442002442002442,119.69,-56.75,10.13,C6
0.014896214896214897,0.04224664224664225,0.031746031746031744,0.011965811965811967,0.0004884004884004884,120.69,-54.19,8.31,C6
0.006837606837606838,0.02783882783882784,0.022222222222222223,0.0031746031746031746,0.0004884004884004884,120.12,-56.13,8.5,C6
0.0029304029304029304,0.008302808302808303,0.008791208791208791,0.00757020757020757,0.0004884004884004884,120.25,-56.13,9.0,C6
0.009768009768009768,0.005372405372405372,0.0007326007326007326,0.01514041514041514,0.0004884004884004884,120.12,-59.88,10.25,C6
0.014652014652014652,0.01514041514041514,0.007326007326007326,0.02026862026862027,0.0004884004884004884,121.5,-63.0,13.13,C6
0.013186813186813187,0.011477411477411478,0.003907203907203907,0.01733821733821734,0.0004884004884004884,123.31,-65.69,16.69,C6
0.004884004884004884,0.00757020757020757,0.007326007326007326,0.006349206349206349,0.0007326007326007326,124.25,-66.37,18.25,C6
0.005616605616605617,0.024664224664224663,0.01978021978021978,0.004151404151404151,0.0004884004884004884,124.69,-66.12,18.81,C6
0.012942612942612943,0.03663003663003663,0.02857142857142857,0.011477411477411478,0.0002442002442002442,123.44,-64.94,18.0,C6
0.018070818070818073,0.04493284493284493,0.03492063492063492,0.016605616605616606,0.0,121.06,-60.31,14.5,C6
0.018315018315018316,0.04590964590964591,0.03663003663003663,0.015384615384615385,0.0002442002442002442,120.94,-57.75,13.19,C6
0.01221001221001221,0.03540903540903541,0.02857142857142857,0.007081807081807082,0.0002442002442002442,120.69,-57.31,12.63,C6
0.002197802197802198,0.014163614163614164,0.013675213675213675,0.004884004884004884,0.0004884004884004884,120.37,-57.94,11.88,C6
0.004884004884004884,0.0004884004884004884,0.003418803418803419,0.013431013431013432,0.0004884004884004884,120.56,-61.19,11.56,C6
0.009768009768009768,0.010744810744810745,0.003907203907203907,0.019291819291819293,0.0004884004884004884,122.19,-65.25,14.38,C6
0.009523809523809525,0.008302808302808303,0.0017094017094017094,0.016361416361416362,0.0004884004884004884,123.87,-68.56,19.12,C6
0.001221001221001221,0.01098901098901099,0.010256410256410256,0.004884004884004884,0.0004884004884004884,124.62,-69.19,21.69,C6
0.005128205128205128,0.02442002442002442,0.019536019536019536,0.0031746031746031746,0.0004884004884004884,122.5,-67.25,18.81,C6
0.009523809523809525,0.03394383394383394,0.02612942612942613,0.008791208791208791,0.0004884004884004884,120.06,-62.06,13.0,C6
0.012454212454212455,0.0398046398046398,0.03076923076923077,0.010744810744810745,0.0004884004884004884,120.06,-59.63,12.44,C6
0.006837606837606838,0.03076923076923077,0.02442002442002442,0.003907203907203907,0.0004884004884004884,120.0,-59.63,12.31,C6
0.0017094017094017094,0.012942612942612943,0.012454212454212455,0.005860805860805861,0.0007326007326007326,119.62,-60.06,12.25,C6
0.00757020757020757,0.0007326007326007326,0.002442002442002442,0.012942612942612943,0.0014652014652014652,119.12,-62.06,12.19,C6
0.011721611721611722,0.010256410256410256,0.00463980463980464,0.017826617826617826,0.0019536019536019536,119.94,-66.25,14.31,C6
0.014407814407814409,0.01684981684981685,0.009523809523809525,0.020757020757020756,0.002442002442002442,122.06,-69.06,20.5,C6
0.010012210012210013,0.0,0.0004884004884004884,0.011477411477411478,0.0014652014652014652,123.12,-70.06,24.37,C6
0.0004884004884004884,0.019536019536019536,0.014896214896214897,0.0009768009768009768,0.0009768009768009768,123.69,-69.37,23.69,C6
0.00757020757020757,0.03296703296703297,0.025396825396825397,0.009768009768009768,0.0004884004884004884,122.19,-67.37,20.06,C6
0.012698412698412698,0.04249084249084249,0.03247863247863248,0.015873015873015872,0.0002442002442002442,120.31,-61.56,14.75,C6
0.014652014652014652,0.04590964590964591,0.037606837606837605,0.01684981684981685,0.0,119.69,-58.13,12.88,C6
0.010256410256410256,0.03956043956043956,0.033455433455433455,0.01098901098901099,0.001221001221001221,119.31,-57.19,11.69,C6
0.002197802197802198,0.02271062271062271,0.02197802197802198,0.0002442002442002442,0.0019536019536019536,119.06,-57.75,11.69,C6
0.006837606837606838,0.002197802197802198,0.006349206349206349,0.011965811965811967,0.002442002442002442,118.75,-58.44,11.75,C6
0.013186813186813187,0.01221001221001221,0.004395604395604396,0.020512820512820513,0.002686202686202686,118.69,-61.56,11.94,C6
0.017826617826617826,0.022466422466422466,0.01221001221001221,0.026617826617826617,0.0029304029304029304,120.25,-64.75,15.0,C6
0.01611721611721612,0.01855921855921856,0.010012210012210013,0.02442002442002442,0.0031746031746031746,121.56,-67.25,17.81,C6
0.005372405372405372,0.003907203907203907,0.003907203907203907,0.01098901098901099,0.0031746031746031746,122.31,-67.56,19.0,C6
0.005860805860805861,0.02148962148962149,0.01855921855921856,0.0,0.0031746031746031746,122.25,-66.56,18.62,C6
0.013675213675213675,0.03394383394383394,0.028815628815628817,0.00757020757020757,0.0031746031746031746,120.44,-64.12,16.06,C6
0.01904761904761905,0.04249084249084249,0.036141636141636145,0.012942612942612943,0.0031746031746031746,118.19,-59.38,10.31,C6
0.018803418803418803,0.04322344322344322,0.03540903540903541,0.011721611721611722,0.003418803418803419,118.19,-57.5,9.5,C6
0.010012210012210013,0.03076923076923077,0.024664224664224663,0.0029304029304029304,0.003418803418803419,118.19,-57.38,9.25,C6
0.0004884004884004884,0.010744810744810745,0.009768009768009768,0.008302808302808303,0.003418803418803419,118.25,-56.44,9.25,C6
0.00805860805860806,0.005860805860805861,0.003663003663003663,0.018315018315018316,0.003418803418803419,118.06,-56.63,8.88,C6
0.013186813186813187,0.017582417582417582,0.013186813186813187,0.025396825396825397,0.003418803418803419,117.5,-58.75,8.94,C6
0.016605616605616606,0.02564102564102564,0.01978021978021978,0.03028083028083028,0.003418803418803419,117.69,-62.75,9.63,C6
0.014896214896214897,0.02612942612942613,0.02148962148962149,0.03076923076923077,0.003418803418803419,119.31,-65.0,11.94,C6
0.006593406593406593,0.006837606837606838,0.006837606837606838,0.01733821733821734,0.003418803418803419,121.06,-66.75,14.31,C6
0.005128205128205128,0.01514041514041514,0.011233211233211233,0.0029304029304029304,0.003418803418803419,121.37,-66.25,14.94,C6
0.013186813186813187,0.030525030525030524,0.023931623931623933,0.007326007326007326,0.003418803418803419,119.37,-63.19,13.13,C6
0.018803418803418803,0.04126984126984127,0.032722832722832725,0.014407814407814409,0.003418803418803419,117.31,-57.44,9.44,C6
0.017826617826617826,0.04078144078144078,0.03199023199023199,0.012454212454212455,0.003418803418803419,116.94,-56.63,8.0,C6
0.00927960927960928,0.025396825396825397,0.020024420024420026,0.002197802197802198,0.003418803418803419,117.0,-56.75,8.0,C6
0.0004884004884004884,0.005372405372405372,0.004884004884004884,0.009035409035409036,0.003418803418803419,117.31,-57.13,8.06,C6
0.00757020757020757,0.008547008547008548,0.005860805860805861,0.017094017094017096,0.003418803418803419,117.25,-59.56,8.0,C6
0.01221001221001221,0.018315018315018316,0.013186813186813187,0.02271062271062271,0.003418803418803419,118.31,-65.69,7.06,C6
0.012698412698412698,0.02148962148962149,0.018315018315018316,0.025885225885225887,0.003418803418803419,118.94,-67.44,10.44,C6
0.005616605616605617,0.005372405372405372,0.010500610500610501,0.01733821733821734,0.003418803418803419,119.87,-67.69,14.0,C6
0.003907203907203907,0.015873015873015872,0.005860805860805861,0.002442002442002442,0.003418803418803419,120.19,-67.81,15.13,C6
0.010500610500610501,0.031013431013431014,0.01978021978021978,0.00805860805860806,0.003418803418803419,118.94,-67.06,14.75,C6
0.014896214896214897,0.04151404151404151,0.029548229548229547,0.015384615384615385,0.003418803418803419,117.0,-64.37,11.06,C6
0.018070818070818073,0.04908424908424908,0.03638583638583639,0.018315018315018316,0.003418803418803419,114.62,-63.88,7.19,C6
0.01391941391941392,0.04371184371184371,0.03247863247863248,0.013675213675213675,0.003418803418803419,114.31,-64.31,5.81,C6
0.005860805860805861,0.029304029304029304,0.0231990231990232,0.005372405372405372,0.003418803418803419,114.87,-63.75,6.31,C6
0.0017094017094017094,0.012454212454212455,0.01221001221001221,0.003907203907203907,0.003418803418803419,115.31,-63.88,6.12,C6
0.007326007326007326,0.0017094017094017094,0.001221001221001221,0.01221001221001221,0.003418803418803419,115.56,-63.56,5.81,C6
0.011721611721611722,0.014163614163614164,0.00927960927960928,0.020024420024420026,0.003418803418803419,115.56,-63.94,4.87,C6
0.014652014652014652,0.02271062271062271,0.016605616605616606,0.025396825396825397,0.003418803418803419,115.94,-64.5,5.62,C6
0.01684981684981685,0.028815628815628817,0.021733821733821733,0.029304029304029304,0.003418803418803419,116.56,-66.31,6.44,C6
0.016605616605616606,0.02783882783882784,0.020757020757020756,0.029548229548229547,0.003418803418803419,116.94,-67.62,7.62,C6
0.014652014652014652,0.012698412698412698,0.010012210012210013,0.020757020757020756,0.003418803418803419,116.75,-69.5,10.5,C6
0.01098901098901099,0.003907203907203907,0.001221001221001221,0.011477411477411478,0.003418803418803419,117.5,-70.0,13.44,C6
0.002686202686202686,0.019291819291819293,0.012454212454212455,0.0014652014652014652,0.003418803418803419,117.81,-70.0,14.81,C6
0.0031746031746031746,0.030036630036630037,0.020512820512820513,0.005372405372405372,0.003418803418803419,117.19,-68.81,13.25,C6
0.007326007326007326,0.037606837606837605,0.026373626373626374,0.010256410256410256,0.003418803418803419,116.12,-65.25,8.75,C6
0.010256410256410256,0.04078144078144078,0.03028083028083028,0.011477411477411478,0.002197802197802198,115.62,-63.0,5.69,C6
0.005372405372405372,0.03418803418803419,0.025152625152625153,0.005860805860805861,0.0014652014652014652,116.25,-61.56,5.12,C6
0.0031746031746031746,0.017582417582417582,0.013186813186813187,0.004151404151404151,0.0009768009768009768,116.19,-61.19,5.19,C6
0.01098901098901099,0.002197802197802198,0.0014652014652014652,0.01514041514041514,0.0004884004884004884,116.0,-62.13,4.44,C6
0.016361416361416362,0.01611721611721612,0.011477411477411478,0.02271062271062271,0.0002442002442002442,116.25,-64.56,5.69,C6
0.02026862026862027,0.02564102564102564,0.018803418803418803,0.028083028083028084,0.001221001221001221,117.31,-66.5,8.88,C6
0.01562881562881563,0.01562881562881563,0.010256410256410256,0.01904761904761905,0.0017094017094017094,118.31,-68.31,11.56,C6
0.002686202686202686,0.007326007326007326,0.00805860805860806,0.003663003663003663,0.002197802197802198,118.44,-67.62,12.13,C6
0.006349206349206349,0.024175824175824177,0.023687423687423687,0.007081807081807082,0.002686202686202686,117.75,-65.25,11.38,C6
0.012454212454212455,0.036141636141636145,0.03467643467643468,0.014652014652014652,0.0017094017094017094,116.37,-61.69,10.44,C6
0.01684981684981685,0.0442002442002442,0.04224664224664225,0.019536019536019536,0.0009768009768009768,115.37,-58.63,8.13,C6
0.01611721611721612,0.043467643467643466,0.04151404151404151,0.01733821733821734,0.0007326007326007326,115.5,-58.13,6.87,C6
0.008547008547008548,0.030036630036630037,0.0315018315018315,0.00805860805860806,0.0002442002442002442,115.62,-59.19,5.87,C6
0.001221001221001221,0.008302808302808303,0.015384615384615385,0.004151404151404151,0.0002442002442002442,115.37,-61.75,3.5,C6
0.00805860805860806,0.007081807081807082,0.004395604395604396,0.012454212454212455,0.0,115.5,-65.44,3.44,C6
0.012698412698412698,0.017826617826617826,0.003663003663003663,0.01855921855921856,0.0002442002442002442,117.06,-68.37,6.5,C6
0.008547008547008548,0.0017094017094017094,0.005128205128205128,0.009035409035409036,0.0002442002442002442,117.56,-69.56,7.81,C6
0.0017094017094017094,0.018803418803418803,0.01978021978021978,0.003418803418803419,0.0002442002442002442,117.75,-69.37,7.87,C6
0.009035409035409036,0.03321123321123321,0.030036630036630037,0.011965811965811967,0.0002442002442002442,116.81,-67.69,6.94,C6
0.014163614163614164,0.043467643467643466,0.03736263736263736,0.018070818070818073,0.0002442002442002442,113.62,-60.0,3.06,C6
0.017094017094017096,0.04737484737484737,0.041758241758241756,0.01904761904761905,0.0002442002442002442,114.0,-57.25,2.75,C6
0.009768009768009768,0.03711843711843712,0.03394383394383394,0.011233211233211233,0.0007326007326007326,113.75,-58.06,1.75,C6
0.0002442002442002442,0.014407814407814409,0.017826617826617826,0.0017094017094017094,0.0017094017094017094,113.69,-58.44,1.87,C6
0.007814407814407814,0.00463980463980464,0.002686202686202686,0.013431013431013432,0.002197802197802198,113.69,-59.19,1.94,C6
0.012942612942612943,0.018070818070818073,0.00757020757020757,0.021733821733821733,0.002686202686202686,113.62,-61.88,1.75,C6
0.016605616605616606,0.02735042735042735,0.014896214896214897,0.027594627594627594,0.0029304029304029304,115.25,-65.81,4.06,C6
0.014407814407814409,0.024175824175824177,0.012942612942612943,0.025152625152625153,0.0029304029304029304,117.56,-69.75,7.69,C6
0.005372405372405372,0.001221001221001221,0.002686202686202686,0.010500610500610501,0.0031746031746031746,118.31,-70.31,9.25,C6
0.005128205128205128,0.016605616605616606,0.018803418803418803,0.0017094017094017094,0.0031746031746031746,118.25,-69.5,8.88,C6
0.012454212454212455,0.02905982905982906,0.030036630036630037,0.010500610500610501,0.0031746031746031746,117.12,-68.19,7.5,C6
0.017582417582417582,0.03785103785103785,0.03785103785103785,0.016361416361416362,0.0031746031746031746,114.75,-62.75,1.31,C6
0.018315018315018316,0.04126984126984127,0.040293040293040296,0.01733821733821734,0.0031746031746031746,114.12,-61.38,-0.06,C6
0.011965811965811967,0.0315018315018315,0.030525030525030524,0.008791208791208791,0.0031746031746031746,114.25,-61.13,-0.5,C6
0.001221001221001221,0.01098901098901099,0.014652014652014652,0.0029304029304029304,0.0031746031746031746,114.44,-61.13,-0.75,C6
0.006837606837606838,0.006105006105006105,0.001221001221001221,0.013431013431013432,0.003418803418803419,114.37,-61.63,-1.19,C6
0.012454212454212455,0.017826617826617826,0.008302808302808303,0.020757020757020756,0.003418803418803419,114.19,-62.44,-1.0,C6
0.016605616605616606,0.02612942612942613,0.014896214896214897,0.025885225885225887,0.003418803418803419,115.25,-64.69,0.44,C6
0.018315018315018316,0.02857142857142857,0.016361416361416362,0.025396825396825397,0.003418803418803419,116.75,-67.75,4.31,C6
0.011233211233211233,0.006349206349206349,0.0029304029304029304,0.010500610500610501,0.003418803418803419,117.44,-69.19,5.75,C6
0.001221001221001221,0.01562881562881563,0.014652014652014652,0.005860805860805861,0.003418803418803419,117.81,-69.06,6.12,C6
0.010012210012210013,0.031013431013431014,0.026862026862026864,0.017582417582417582,0.003418803418803419,117.56,-68.44,6.25,C6
0.016361416361416362,0.041758241758241756,0.03565323565323565,0.02564102564102564,0.003418803418803419,115.31,-65.19,4.37,C6
0.019536019536019536,0.04737484737484737,0.041758241758241756,0.026862026862026864,0.003418803418803419,113.19,-62.06,2.69,C6
0.016605616605616606,0.045177045177045176,0.03956043956043956,0.02197802197802198,0.003418803418803419,113.25,-61.06,0.0,C6
0.007814407814407814,0.028327228327228327,0.027594627594627594,0.010500610500610501,0.003418803418803419,113.62,-61.5,-1.75,C6
0.0031746031746031746,0.00463980463980464,0.011233211233211233,0.002686202686202686,0.003418803418803419,114.06,-61.31,-2.06,C6
0.010744810744810745,0.011721611721611722,0.0002442002442002442,0.011721611721611722,0.003418803418803419,114.19,-62.63,-2.19,C6
0.01611721611721612,0.023443223443223443,0.00805860805860806,0.018315018315018316,0.003418803418803419,113.81,-64.62,-1.44,C6
0.01855921855921856,0.029548229548229547,0.013431013431013432,0.02148962148962149,0.003418803418803419,114.5,-68.0,1.87,C6
0.014896214896214897,0.01733821733821734,0.004395604395604396,0.013431013431013432,0.003418803418803419,115.62,-70.81,8.13,C6
0.005616605616605617,0.005616605616605617,0.011233211233211233,0.0002442002442002442,0.003418803418803419,116.5,-70.94,9.63,C6
0.003907203907203907,0.022466422466422466,0.025396825396825397,0.00927960927960928,0.003418803418803419,117.19,-71.06,10.13,C6
0.010500610500610501,0.034432234432234435,0.035164835164835165,0.015873015873015872,0.003418803418803419,115.81,-68.87,6.69,C6
0.01514041514041514,0.042735042735042736,0.042002442002442006,0.020757020757020756,0.003418803418803419,115.31,-62.38,4.69,C6
0.013186813186813187,0.041758241758241756,0.04053724053724054,0.018315018315018316,0.003418803418803419,116.19,-60.19,4.37,C6
0.004151404151404151,0.0231990231990232,0.026617826617826617,0.006105006105006105,0.003418803418803419,116.25,-60.75,3.69,C6
0.006105006105006105,0.001221001221001221,0.010012210012210013,0.007081807081807082,0.003418803418803419,116.12,-61.25,2.81,C6
0.013431013431013432,0.014163614163614164,0.0031746031746031746,0.01684981684981685,0.003418803418803419,116.12,-62.31,2.5,C6
0.01855921855921856,0.02490842490842491,0.012454212454212455,0.023687423687423687,0.003418803418803419,115.94,-62.44,4.69,C6
0.021001221001221003,0.031746031746031744,0.018803418803418803,0.02857142857142857,0.002197802197802198,116.69,-64.25,5.62,C6
0.018070818070818073,0.024175824175824177,0.012698412698412698,0.022954822954822957,0.0014652014652014652,117.19,-67.62,7.87,C6
0.009768009768009768,0.0002442002442002442,0.0031746031746031746,0.007814407814407814,0.0007326007326007326,118.19,-67.94,9.63,C6
0.0014652014652014652,0.020512820512820513,0.020512820512820513,0.00805860805860806,0.0002442002442002442,118.19,-67.94,11.44,C6
0.00927960927960928,0.035164835164835165,0.03247863247863248,0.019291819291819293,0.0,117.44,-65.62,11.94,C6
0.014896214896214897,0.045177045177045176,0.04078144078144078,0.027106227106227107,0.0002442002442002442,115.06,-63.06,8.25,C6
0.01562881562881563,0.04786324786324787,0.0442002442002442,0.02783882783882784,0.0002442002442002442,116.0,-59.44,8.31,C6
0.009035409035409036,0.04078144078144078,0.0380952380952381,0.021001221001221003,0.0002442002442002442,116.19,-59.81,7.62,C6
0.0031746031746031746,0.017826617826617826,0.02197802197802198,0.00805860805860806,0.0002442002442002442,116.31,-61.0,6.37,C6
0.011477411477411478,0.0017094017094017094,0.005860805860805861,0.004395604395604396,0.0002442002442002442,116.25,-62.81,4.94,C6
0.017582417582417582,0.015384615384615385,0.005616605616605617,0.013186813186813187,0.0002442002442002442,114.87,-65.94,2.81,C6
0.021245421245421246,0.02490842490842491,0.013431013431013432,0.019536019536019536,0.0002442002442002442,114.87,-69.94,2.44,C6
0.021001221001221003,0.025152625152625153,0.01391941391941392,0.020512820512820513,0.0002442002442002442,115.75,-71.44,5.25,C6
0.014407814407814409,0.007814407814407814,0.001221001221001221,0.00927960927960928,0.0002442002442002442,116.62,-70.75,6.69,C6
0.003418803418803419,0.012942612942612943,0.014896214896214897,0.0029304029304029304,0.0002442002442002442,117.25,-70.44,7.75,C6
0.004151404151404151,0.02735042735042735,0.026373626373626374,0.011477411477411478,0.0002442002442002442,115.94,-68.12,5.75,C6
0.009523809523809525,0.037606837606837605,0.03418803418803419,0.017582417582417582,0.0002442002442002442,114.69,-63.75,3.5,C6
0.00927960927960928,0.0380952380952381,0.03565323565323565,0.016605616605616606,0.0002442002442002442,114.94,-61.38,4.0,C6
0.0002442002442002442,0.02783882783882784,0.028327228327228327,0.00927960927960928,0.0002442002442002442,114.69,-60.94,3.69,C6
0.009768009768009768,0.012454212454212455,0.015873015873015872,0.0004884004884004884,0.0002442002442002442,114.44,-61.56,3.31,C6
0.01684981684981685,0.003907203907203907,0.002442002442002442,0.010256410256410256,0.0002442002442002442,114.56,-61.88,3.25,C6
0.021733821733821733,0.01611721611721612,0.007814407814407814,0.018070818070818073,0.0007326007326007326,115.19,-62.13,2.87,C6
0.025152625152625153,0.024664224664224663,0.01514041514041514,0.023687423687423687,0.0014652014652014652,114.69,-62.88,2.06,C6
0.027594627594627594,0.030525030525030524,0.02026862026862027,0.027594627594627594,0.0019536019536019536,114.19,-64.19,1.19,C6
0.028815628815628817,0.03467643467643468,0.023687423687423687,0.03028083028083028,0.002442002442002442,115.31,-66.31,2.5,C6
0.028327228327228327,0.03247863247863248,0.022466422466422466,0.02857142857142857,0.002686202686202686,117.06,-70.06,6.94,C6
0.020512820512820513,0.012942612942612943,0.00927960927960928,0.01562881562881563,0.0029304029304029304,118.94,-70.56,10.56,C6
0.00463980463980464,0.01098901098901099,0.009768009768009768,0.0007326007326007326,0.0029304029304029304,118.87,-69.75,10.56,C6
0.006593406593406593,0.027594627594627594,0.0231990231990232,0.009523809523809525,0.0031746031746031746,117.06,-65.94,7.06,C6
0.014407814407814409,0.039316239316239315,0.03247863247863248,0.01684981684981685,0.0031746031746031746,116.06,-62.81,4.62,C6
0.01391941391941392,0.0380952380952381,0.032722832722832725,0.015384615384615385,0.003418803418803419,115.62,-60.44,5.44,C6
0.007326007326007326,0.026373626373626374,0.02442002442002442,0.007814407814407814,0.003418803418803419,115.06,-60.31,5.19,C6
0.0,0.01221001221001221,0.014407814407814409,0.001221001221001221,0.003418803418803419,114.56,-59.88,5.5,C6
0.006593406593406593,0.0009768009768009768,0.004395604395604396,0.009768009768009768,0.003418803418803419,114.94,-58.88,6.56,C6
0.012454212454212455,0.013675213675213675,0.005860805860805861,0.017826617826617826,0.003418803418803419,115.31,-58.69,7.25,C6
0.01684981684981685,0.0231990231990232,0.014652014652014652,0.02442002442002442,0.003418803418803419,115.5,-59.31,6.56,C6
0.020024420024420026,0.029792429792429794,0.020512820512820513,0.028815628815628817,0.003418803418803419,115.56,-61.25,5.37,C6
0.022222222222222223,0.03467643467643468,0.02490842490842491,0.03223443223443224,0.003418803418803419,115.5,-64.0,3.87,C6
0.020757020757020756,0.03321123321123321,0.019291819291819293,0.026617826617826617,0.003418803418803419,116.06,-67.56,6.19,C6
0.015384615384615385,0.015873015873015872,0.005372405372405372,0.01391941391941392,0.003418803418803419,116.5,-68.19,8.56,C6
0.00463980463980464,0.005616605616605617,0.010256410256410256,0.0014652014652014652,0.002197802197802198,116.44,-67.37,8.38,C6
0.0029304029304029304,0.020757020757020756,0.021245421245421246,0.007081807081807082,0.0014652014652014652,115.56,-64.37,7.94,C6
0.00805860805860806,0.0315018315018315,0.028815628815628817,0.013186813186813187,0.0007326007326007326,115.5,-60.81,6.5,C6
0.00757020757020757,0.031013431013431014,0.02857142857142857,0.01098901098901099,0.0002442002442002442,116.06,-58.56,6.31,C6
0.0017094017094017094,0.019536019536019536,0.019536019536019536,0.0019536019536019536,0.001221001221001221,116.12,-58.81,6.69,C6
0.00757020757020757,0.0009768009768009768,0.005860805860805861,0.009035409035409036,0.0019536019536019536,116.0,-59.56,7.31,C6
0.014896214896214897,0.014896214896214897,0.006593406593406593,0.01855921855921856,0.001221001221001221,115.94,-60.75,7.37,C6
0.020024420024420026,0.02612942612942613,0.01562881562881563,0.025152625152625153,0.0017094017094017094,115.87,-63.25,7.0,C6
0.023687423687423687,0.03394383394383394,0.021733821733821733,0.029792429792429794,0.002197802197802198,116.5,-66.5,7.81,C6
0.02490842490842491,0.03418803418803419,0.01978021978021978,0.02735042735042735,0.0014652014652014652,118.12,-70.56,13.19,C6
0.020024420024420026,0.01391941391941392,0.006349206349206349,0.014896214896214897,0.0019536019536019536,119.44,-72.0,18.25,C6
0.008791208791208791,0.007326007326007326,0.009523809523809525,0.0009768009768009768,0.002442002442002442,119.87,-70.81,18.56,C6
0.0002442002442002442,0.022222222222222223,0.020757020757020756,0.008791208791208791,0.002686202686202686,118.06,-66.94,14.06,C6
0.005860805860805861,0.032722832722832725,0.02857142857142857,0.01562881562881563,0.0029304029304029304,116.56,-61.5,9.0,C6
0.010012210012210013,0.03785103785103785,0.0315018315018315,0.01514041514041514,0.0031746031746031746,116.75,-58.06,5.75,C6
0.005860805860805861,0.029792429792429794,0.025152625152625153,0.007081807081807082,0.0031746031746031746,116.94,-58.56,5.0,C6
0.004151404151404151,0.008302808302808303,0.010744810744810745,0.005616605616605617,0.0031746031746031746,116.81,-59.06,4.87,C6
0.01098901098901099,0.006593406593406593,0.0007326007326007326,0.014407814407814409,0.0031746031746031746,116.56,-63.44,4.44,C6
0.01611721611721612,0.017094017094017096,0.006349206349206349,0.020512820512820513,0.0031746031746031746,117.0,-67.69,7.37,C6
0.013431013431013432,0.011233211233211233,0.003907203907203907,0.018070818070818073,0.0031746031746031746,118.06,-69.0,11.25,C6
0.003663003663003663,0.009035409035409036,0.010256410256410256,0.005616605616605617,0.002197802197802198,118.12,-69.31,13.0,C6
0.004395604395604396,0.023443223443223443,0.022222222222222223,0.0029304029304029304,0.0014652014652014652,117.69,-68.94,13.31,C6
0.010256410256410256,0.033455433455433455,0.03028083028083028,0.009035409035409036,0.0009768009768009768,115.5,-64.5,8.0,C6
0.014163614163614164,0.0398046398046398,0.036141636141636145,0.01221001221001221,0.0004884004884004884,115.06,-59.31,6.5,C6
0.01098901098901099,0.036141636141636145,0.03223443223443224,0.007326007326007326,0.0002442002442002442,114.94,-59.56,5.75,C6
0.0007326007326007326,0.01733821733821734,0.017094017094017096,0.004151404151404151,0.001221001221001221,114.87,-59.13,6.06,C6
0.00757020757020757,0.0014652014652014652,0.0017094017094017094,0.01514041514041514,0.0017094017094017094,114.44,-59.88,5.5,C6
0.013431013431013432,0.014652014652014652,0.00927960927960928,0.022954822954822957,0.002197802197802198,113.56,-63.19,3.19,C6
0.017582417582417582,0.023931623931623933,0.016605616605616606,0.028327228327228327,0.0014652014652014652,113.87,-68.0,2.44,C6
0.018803418803418803,0.02271062271062271,0.015873015873015872,0.026862026862026864,0.0009768009768009768,115.06,-72.31,7.31,C6
0.01221001221001221,0.0007326007326007326,0.002442002442002442,0.013675213675213675,0.0004884004884004884,115.81,-72.44,9.69,C6
0.0019536019536019536,0.019536019536019536,0.013186813186813187,0.0004884004884004884,0.0002442002442002442,115.81,-72.69,10.88,C6
0.005372405372405372,0.03394383394383394,0.023931623931623933,0.009035409035409036,0.0,115.12,-71.5,10.31,C6
0.010500610500610501,0.04395604395604396,0.031746031746031744,0.015384615384615385,0.0002442002442002442,113.0,-66.31,5.5,C6
0.011233211233211233,0.04737484737484737,0.036141636141636145,0.01611721611721612,0.0002442002442002442,113.31,-62.13,6.31,C6
0.005860805860805861,0.039316239316239315,0.029304029304029304,0.008791208791208791,0.0004884004884004884,113.44,-62.25,6.56,C6
0.003663003663003663,0.017582417582417582,0.013675213675213675,0.003418803418803419,0.0007326007326007326,113.0,-62.94,5.75,C6
0.011721611721611722,0.0009768009768009768,0.0004884004884004884,0.014652014652014652,0.0014652014652014652,112.5,-63.94,4.69,C6
0.01733821733821734,0.01391941391941392,0.010744810744810745,0.022466422466422466,0.0019536019536019536,112.81,-66.94,4.25,C6
0.02148962148962149,0.02271062271062271,0.017582417582417582,0.028083028083028084,0.001221001221001221,114.69,-70.69,7.75,C6
0.01855921855921856,0.008302808302808303,0.010012210012210013,0.01855921855921856,0.0007326007326007326,115.75,-72.94,11.94,C6
0.006593406593406593,0.012698412698412698,0.005860805860805861,0.004151404151404151,0.0004884004884004884,116.5,-73.5,13.31,C6
0.0017094017094017094,0.02735042735042735,0.018315018315018316,0.006105006105006105,0.0002442002442002442,115.31,-70.75,10.31,C6
0.00757020757020757,0.03785103785103785,0.027106227106227107,0.013186813186813187,0.0,112.5,-63.13,2.5,C6
0.010256410256410256,0.04078144078144078,0.03296703296703297,0.014163614163614164,0.0,112.81,-60.63,2.44,C6
0.003418803418803419,0.025152625152625153,0.022222222222222223,0.0029304029304029304,0.0002442002442002442,113.06,-60.63,3.25,C6
0.005128205128205128,0.00463980463980464,0.00757020757020757,0.009523809523809525,0.0002442002442002442,113.12,-61.19,3.25,C6
0.01098901098901099,0.010256410256410256,0.004151404151404151,0.019291819291819293,0.0002442002442002442,113.5,-61.81,2.44,C6
0.01514041514041514,0.020757020757020756,0.012454212454212455,0.02612942612942613,0.0002442002442002442,114.44,-61.75,2.19,C6
0.017826617826617826,0.028083028083028084,0.018315018315018316,0.031013431013431014,0.0002442002442002442,114.56,-63.44,0.81,C6
0.017582417582417582,0.03247863247863248,0.022466422466422466,0.034432234432234435,0.0004884004884004884,113.44,-68.31,-2.31,C6
0.016605616605616606,0.031746031746031744,0.02197802197802198,0.033455433455433455,0.0004884004884004884,113.25,-75.94,0.0,C6
0.013675213675213675,0.011233211233211233,0.008791208791208791,0.021245421245421246,0.0004884004884004884,114.37,-76.12,4.06,C6
0.004151404151404151,0.011233211233211233,0.009768009768009768,0.004884004884004884,0.0004884004884004884,115.31,-75.5,7.0,C6
0.002686202686202686,0.026862026862026864,0.02271062271062271,0.006593406593406593,0.0004884004884004884,113.5,-71.81,3.62,C6
0.007326007326007326,0.03785103785103785,0.031746031746031744,0.014652014652014652,0.0004884004884004884,111.62,-66.87,-1.37,C6
0.00757020757020757,0.03956043956043956,0.03394383394383394,0.014652014652014652,0.0004884004884004884,112.06,-66.25,-2.37,C6
0.0,0.022466422466422466,0.023443223443223443,0.003907203907203907,0.0004884004884004884,112.12,-65.56,-1.25,C6
0.00805860805860806,0.0014652014652014652,0.008547008547008548,0.008791208791208791,0.0004884004884004884,111.87,-65.44,-1.44,C6
0.01391941391941392,0.013431013431013432,0.003907203907203907,0.01904761904761905,0.0004884004884004884,111.81,-67.94,-0.88,C6
0.018070818070818073,0.023931623931623933,0.012698412698412698,0.026373626373626374,0.0004884004884004884,112.44,-68.81,-0.31,C6
0.01978021978021978,0.03125763125763126,0.018803418803418803,0.0315018315018315,0.0004884004884004884,113.31,-70.0,-0.69,C6
0.021001221001221003,0.036141636141636145,0.0231990231990232,0.03492063492063492,0.0004884004884004884,114.12,-71.37,1.5,C6
0.021001221001221003,0.03540903540903541,0.023443223443223443,0.03418803418803419,0.0004884004884004884,115.37,-73.87,6.69,C6
0.01855921855921856,0.024175824175824177,0.01514041514041514,0.026862026862026864,0.0004884004884004884,116.5,-75.25,13.38,C6
0.01098901098901099,0.0004884004884004884,0.0007326007326007326,0.013675213675213675,0.0004884004884004884,116.62,-74.56,14.0,C6
0.00463980463980464,0.016361416361416362,0.009523809523809525,0.004395604395604396,0.0004884004884004884,114.94,-71.44,9.44,C6
0.0004884004884004884,0.028083028083028084,0.016605616605616606,0.002197802197802198,0.0004884004884004884,113.37,-63.56,1.87,C6
0.002686202686202686,0.03394383394383394,0.021001221001221003,0.005128205128205128,0.0004884004884004884,113.87,-61.13,1.5,C6
0.003907203907203907,0.019536019536019536,0.011477411477411478,0.0031746031746031746,0.0004884004884004884,114.25,-60.69,2.56,C6
0.010256410256410256,0.0002442002442002442,0.002197802197802198,0.014407814407814409,0.0004884004884004884,113.94,-61.88,3.44,C6
0.014896214896214897,0.014163614163614164,0.011721611721611722,0.022222222222222223,0.0004884004884004884,114.31,-64.81,4.06,C6
0.017826617826617826,0.023931623931623933,0.01855921855921856,0.027594627594627594,0.0004884004884004884,115.5,-67.94,7.25,C6
0.01733821733821734,0.024664224664224663,0.01733821733821734,0.026862026862026864,0.0004884004884004884,116.94,-70.19,12.31,C6
0.010744810744810745,0.0017094017094017094,0.0029304029304029304,0.012698412698412698,0.0004884004884004884,118.25,-71.56,16.06,C6
0.0019536019536019536,0.016605616605616606,0.011477411477411478,0.002442002442002442,0.0004884004884004884,117.37,-70.62,14.25,C6
0.003907203907203907,0.029304029304029304,0.021733821733821733,0.004884004884004884,0.0004884004884004884,113.62,-65.75,4.87,C6
0.00805860805860806,0.0380952380952381,0.028815628815628817,0.009768009768009768,0.0004884004884004884,112.87,-61.94,2.75,C6
0.002442002442002442,0.02905982905982906,0.021733821733821733,0.004151404151404151,0.0004884004884004884,113.06,-60.88,2.12,C6
0.007081807081807082,0.007814407814407814,0.007081807081807082,0.006837606837606838,0.0007326007326007326,113.19,-61.44,1.31,C6
0.014407814407814409,0.009035409035409036,0.006105006105006105,0.016605616605616606,0.0014652014652014652,113.37,-64.0,0.0,C6
0.019291819291819293,0.020757020757020756,0.015384615384615385,0.023687423687423687,0.0019536019536019536,113.5,-68.87,0.94,C6
0.022954822954822957,0.028815628815628817,0.02197802197802198,0.02857142857142857,0.002442002442002442,115.0,-72.31,5.75,C6
0.01684981684981685,0.011965811965811967,0.011721611721611722,0.018803418803418803,0.002686202686202686,115.81,-73.06,8.88,C6
0.0031746031746031746,0.011965811965811967,0.007081807081807082,0.002197802197802198,0.0017094017094017094,116.0,-72.94,10.75,C6
0.007814407814407814,0.02857142857142857,0.023443223443223443,0.010012210012210013,0.001221001221001221,116.06,-73.12,13.19,C6
0.015384615384615385,0.04004884004884005,0.03467643467643468,0.018803418803418803,0.0007326007326007326,116.0,-73.19,14.31,C6
0.020757020757020756,0.047619047619047616,0.042735042735042736,0.024664224664224663,0.0002442002442002442,116.12,-72.69,14.5,C6
0.02271062271062271,0.05103785103785104,0.047619047619047616,0.026617826617826617,0.0,113.87,-70.37,7.87,C6
0.022954822954822957,0.052503052503052504,0.05030525030525031,0.026617826617826617,0.0002442002442002442,113.06,-64.44,2.25,C6
0.017826617826617826,0.04835164835164835,0.04786324786324787,0.022466422466422466,0.0002442002442002442,113.69,-62.31,2.19,C6
0.005616605616605617,0.02612942612942613,0.03296703296703297,0.008791208791208791,0.0004884004884004884,113.62,-62.0,2.12,C6
0.004395604395604396,0.0029304029304029304,0.015384615384615385,0.005860805860805861,0.0004884004884004884,113.19,-63.13,0.81,C6
0.011233211233211233,0.013186813186813187,0.0031746031746031746,0.016361416361416362,0.0004884004884004884,113.19,-67.06,0.31,C6
0.01611721611721612,0.02442002442002442,0.005372405372405372,0.023443223443223443,0.0004884004884004884,114.81,-70.25,2.94,C6
0.014407814407814409,0.025152625152625153,0.007326007326007326,0.0231990231990232,0.0004884004884004884,116.75,-72.0,7.31,C6
0.005860805860805861,0.0019536019536019536,0.007814407814407814,0.009523809523809525,0.0004884004884004884,117.31,-72.44,8.75,C6
0.005128205128205128,0.018803418803418803,0.025396825396825397,0.003907203907203907,0.0004884004884004884,117.44,-72.12,9.63,C6
0.012698412698412698,0.033455433455433455,0.03785103785103785,0.013186813186813187,0.0004884004884004884,117.44,-72.5,10.88,C6
0.018070818070818073,0.043467643467643466,0.0463980463980464,0.01978021978021978,0.0004884004884004884,115.0,-70.37,8.75,C6
0.021245421245421246,0.04957264957264957,0.05201465201465202,0.023443223443223443,0.0004884004884004884,113.81,-63.63,6.31,C6
0.019291819291819293,0.04884004884004884,0.051526251526251524,0.021001221001221003,0.0004884004884004884,114.37,-60.63,5.94,C6
0.01221001221001221,0.036141636141636145,0.04004884004884005,0.010500610500610501,0.0004884004884004884,114.56,-60.38,5.37,C6
0.0014652014652014652,0.013675213675213675,0.02271062271062271,0.003418803418803419,0.0004884004884004884,114.0,-60.13,4.5,C6
0.008302808302808303,0.004884004884004884,0.007814407814407814,0.014896214896214897,0.0004884004884004884,113.69,-60.31,4.19,C6
0.01514041514041514,0.018070818070818073,0.0029304029304029304,0.0231990231990232,0.0004884004884004884,113.5,-62.81,4.06,C6
0.020024420024420026,0.027106227106227107,0.010256410256410256,0.028815628815628817,0.0004884004884004884,115.06,-66.62,5.25,C6
0.016361416361416362,0.017582417582417582,0.005860805860805861,0.023443223443223443,0.0004884004884004884,116.19,-68.37,7.44,C6
0.006105006105006105,0.005860805860805861,0.011965811965811967,0.006105006105006105,0.0004884004884004884,116.81,-68.37,7.69,C6
0.004151404151404151,0.023687423687423687,0.028327228327228327,0.008547008547008548,0.0004884004884004884,116.81,-68.25,7.31,C6
0.011477411477411478,0.036141636141636145,0.03956043956043956,0.01904761904761905,0.0004884004884004884,115.19,-65.25,6.37,C6
0.016605616605616606,0.04468864468864469,0.047619047619047616,0.026373626373626374,0.0004884004884004884,113.94,-59.81,5.12,C6
0.01611721611721612,0.04493284493284493,0.046886446886446886,0.024175824175824177,0.0004884004884004884,114.19,-58.06,6.37,C6
0.00805860805860806,0.02857142857142857,0.03418803418803419,0.01221001221001221,0.0004884004884004884,114.69,-57.94,7.31,C6
0.0019536019536019536,0.00757020757020757,0.018315018315018316,0.0014652014652014652,0.0004884004884004884,115.44,-58.44,7.37,C6
0.008791208791208791,0.007326007326007326,0.005616605616605617,0.011233211233211233,0.0004884004884004884,115.69,-60.0,7.25,C6
0.013675213675213675,0.017582417582417582,0.003418803418803419,0.018070818070818073,0.0004884004884004884,116.0,-65.81,6.69,C6
0.016361416361416362,0.024664224664224663,0.009768009768009768,0.02197802197802198,0.0004884004884004884,117.56,-70.06,11.69,C6
0.010012210012210013,0.010744810744810745,0.001221001221001221,0.011477411477411478,0.0004884004884004884,118.44,-70.62,15.06,C6
0.0019536019536019536,0.01098901098901099,0.014163614163614164,0.003663003663003663,0.0004884004884004884,118.94,-69.94,15.63,C6
0.01098901098901099,0.028083028083028084,0.029548229548229547,0.014163614163614164,0.0004884004884004884,119.0,-69.44,15.0,C6
0.01733821733821734,0.04004884004884005,0.04053724053724054,0.021733821733821733,0.0004884004884004884,116.12,-63.94,8.13,C6
0.021733821733821733,0.0485958485958486,0.04786324786324787,0.026862026862026864,0.0004884004884004884,115.0,-59.31,4.75,C6
0.018803418803418803,0.04542124542124542,0.044444444444444446,0.022954822954822957,0.0004884004884004884,115.12,-58.88,4.94,C6
0.007814407814407814,0.023931623931623933,0.029548229548229547,0.010256410256410256,0.0004884004884004884,115.12,-58.81,5.56,C6
0.0017094017094017094,0.0031746031746031746,0.014163614163614164,0.0029304029304029304,0.0004884004884004884,115.06,-58.81,6.19,C6
0.008547008547008548,0.011477411477411478,0.003663003663003663,0.011965811965811967,0.0004884004884004884,114.69,-60.63,5.62,C6
0.013186813186813187,0.02148962148962149,0.003907203907203907,0.018315018315018316,0.0004884004884004884,115.06,-64.56,5.69,C6
0.01514041514041514,0.02490842490842491,0.009035409035409036,0.021245421245421246,0.0004884004884004884,116.37,-67.19,8.81,C6
0.008547008547008548,0.005860805860805861,0.002197802197802198,0.009768009768009768,0.0004884004884004884,116.62,-67.62,11.13,C6
0.0029304029304029304,0.014652014652014652,0.018070818070818073,0.005128205128205128,0.0004884004884004884,117.69,-66.44,12.5,C6
0.011233211233211233,0.028815628815628817,0.030036630036630037,0.015873015873015872,0.0004884004884004884,118.12,-65.81,12.75,C6
0.01684981684981685,0.03882783882783883,0.03833943833943834,0.0231990231990232,0.0004884004884004884,117.87,-65.5,12.75,C6
0.020512820512820513,0.045177045177045176,0.0442002442002442,0.027106227106227107,0.0004884004884004884,116.19,-61.31,11.0,C6
0.02148962148962149,0.046886446886446886,0.046153846153846156,0.026862026862026864,0.0004884004884004884,116.81,-57.31,9.88,C6
0.01611721611721612,0.03785103785103785,0.038583638583638585,0.01855921855921856,0.0004884004884004884,116.56,-57.88,10.44,C6
0.003663003663003663,0.014163614163614164,0.022222222222222223,0.00463980463980464,0.0004884004884004884,116.25,-58.19,10.25,C6
0.005128205128205128,0.004151404151404151,0.007814407814407814,0.007814407814407814,0.0004884004884004884,115.87,-57.88,10.94,C6
0.011233211233211233,0.01684981684981685,0.002197802197802198,0.016605616605616606,0.0004884004884004884,115.75,-57.38,11.75,C6
0.015384615384615385,0.02564102564102564,0.00927960927960928,0.022954822954822957,0.0004884004884004884,116.75,-59.13,12.13,C6
0.01514041514041514,0.027106227106227107,0.008302808302808303,0.020512820512820513,0.0007326007326007326,117.44,-63.63,12.38,C6
0.00927960927960928,0.007326007326007326,0.005616605616605617,0.007814407814407814,0.0004884004884004884,118.06,-65.31,14.19,C6
0.0014652014652014652,0.012942612942612943,0.02271062271062271,0.007081807081807082,0.0002442002442002442,118.37,-65.06,14.69,C6
0.009035409035409036,0.027106227106227107,0.03467643467643468,0.01733821733821734,0.0,118.25,-63.13,14.13,C6
0.014407814407814409,0.03711843711843712,0.04297924297924298,0.024664224664224663,0.0002442002442002442,116.0,-58.5,11.88,C6
0.018070818070818073,0.042735042735042736,0.046886446886446886,0.025885225885225887,0.0002442002442002442,116.0,-54.13,9.5,C6
0.014896214896214897,0.036874236874236875,0.041025641025641026,0.017094017094017096,0.0004884004884004884,115.75,-54.13,8.0,C6
0.003663003663003663,0.01611721611721612,0.025152625152625153,0.002686202686202686,0.0004884004884004884,115.69,-55.38,7.37,C6
0.005616605616605617,0.001221001221001221,0.010500610500610501,0.009523809523809525,0.0004884004884004884,115.56,-57.06,7.56,C6
0.011965811965811967,0.013431013431013432,0.0004884004884004884,0.018070818070818073,0.0004884004884004884,114.62,-58.94,9.13,C6
0.016361416361416362,0.02197802197802198,0.006837606837606838,0.024175824175824177,0.0004884004884004884,114.75,-62.06,9.31,C6
0.013186813186813187,0.006105006105006105,0.004395604395604396,0.013675213675213675,0.0004884004884004884,115.19,-63.94,11.63,C6
0.004151404151404151,0.014407814407814409,0.020024420024420026,0.0031746031746031746,0.0007326007326007326,115.31,-64.19,13.38,C6
0.00463980463980464,0.02857142857142857,0.03199023199023199,0.014896214896214897,0.0004884004884004884,115.5,-64.06,13.81,C6
0.010744810744810745,0.03833943833943834,0.040293040293040296,0.0231990231990232,0.0002442002442002442,115.0,-63.81,13.38,C6
0.014896214896214897,0.045177045177045176,0.046153846153846156,0.028083028083028084,0.0,112.94,-60.69,9.5,C6
0.014896214896214897,0.04542124542124542,0.0463980463980464,0.027106227106227107,0.0,112.31,-58.0,8.25,C6
0.008302808302808303,0.03638583638583639,0.039316239316239315,0.018315018315018316,0.0002442002442002442,112.0,-57.38,7.5,C6
0.002442002442002442,0.014407814407814409,0.024175824175824177,0.005128205128205128,0.0002442002442002442,112.12,-56.38,7.56,C6
0.010012210012210013,0.002197802197802198,0.008547008547008548,0.00757020757020757,0.0002442002442002442,111.94,-58.44,6.87,C6
0.01514041514041514,0.01391941391941392,0.002442002442002442,0.016361416361416362,0.0002442002442002442,113.0,-65.06,8.19,C6
0.017094017094017096,0.02197802197802198,0.010256410256410256,0.022466422466422466,0.0002442002442002442,114.44,-68.62,11.94,C6
0.009768009768009768,0.001221001221001221,0.004395604395604396,0.00927960927960928,0.0004884004884004884,114.5,-68.44,13.13,C6
0.0014652014652014652,0.017094017094017096,0.020512820512820513,0.0029304029304029304,0.0004884004884004884,114.12,-68.0,13.94,C6
0.00927960927960928,0.029792429792429794,0.031746031746031744,0.011477411477411478,0.0004884004884004884,113.81,-68.19,14.81,C6
0.014652014652014652,0.03882783882783883,0.03956043956043956,0.017582417582417582,0.0004884004884004884,112.94,-67.62,14.25,C6
0.01855921855921856,0.04468864468864469,0.04493284493284493,0.021001221001221003,0.0004884004884004884,111.69,-64.37,10.38,C6
0.01855921855921856,0.0463980463980464,0.04664224664224664,0.020024420024420026,0.0004884004884004884,111.19,-62.13,7.37,C6
0.012942612942612943,0.04078144078144078,0.04151404151404151,0.013675213675213675,0.0004884004884004884,112.5,-59.94,7.12,C6
0.002197802197802198,0.024664224664224663,0.028083028083028084,0.0014652014652014652,0.0004884004884004884,113.12,-59.5,7.19,C6
0.006837606837606838,0.004151404151404151,0.011477411477411478,0.011233211233211233,0.0004884004884004884,113.25,-59.5,6.75,C6
0.013186813186813187,0.010744810744810745,0.0017094017094017094,0.020512820512820513,0.0007326007326007326,113.0,-61.25,6.12,C6
0.017582417582417582,0.021001221001221003,0.01098901098901099,0.027106227106227107,0.0014652014652014652,113.69,-63.63,6.56,C6
0.020024420024420026,0.028083028083028084,0.017582417582417582,0.031746031746031744,0.0019536019536019536,114.31,-65.31,8.0,C6
0.01904761904761905,0.029548229548229547,0.01904761904761905,0.02905982905982906,0.001221001221001221,115.06,-66.75,10.25,C6
0.01514041514041514,0.019291819291819293,0.011233211233211233,0.020024420024420026,0.0007326007326007326,115.5,-68.37,13.19,C6
0.008302808302808303,0.0009768009768009768,0.0029304029304029304,0.00757020757020757,0.0004884004884004884,115.87,-68.5,14.69,C6
0.0007326007326007326,0.015873015873015872,0.017094017094017096,0.0031746031746031746,0.0002442002442002442,115.81,-68.62,15.88,C6
0.007081807081807082,0.027594627594627594,0.027106227106227107,0.010744810744810745,0.0,113.37,-66.31,11.38,C6
0.011477411477411478,0.03565323565323565,0.03418803418803419,0.015873015873015872,0.0002442002442002442,112.56,-59.25,6.37,C6
0.010012210012210013,0.035897435897435895,0.03540903540903541,0.01391941391941392,0.0002442002442002442,112.81,-58.81,4.56,C6
0.0007326007326007326,0.02271062271062271,0.025152625152625153,0.003663003663003663,0.0004884004884004884,113.06,-58.5,4.19,C6
0.006837606837606838,0.003663003663003663,0.010744810744810745,0.008547008547008548,0.0004884004884004884,113.12,-60.69,3.94,C6
0.01221001221001221,0.009523809523809525,0.0007326007326007326,0.017094017094017096,0.0007326007326007326,113.31,-63.25,3.87,C6
0.015873015873015872,0.018803418803418803,0.006349206349206349,0.022954822954822957,0.0014652014652014652,114.0,-64.0,4.81,C6
0.015384615384615385,0.022222222222222223,0.010500610500610501,0.02564102564102564,0.0019536019536019536,115.69,-65.44,6.62,C6
0.012698412698412698,0.017582417582417582,0.005860805860805861,0.020757020757020756,0.002442002442002442,117.19,-67.62,9.25,C6
0.00463980463980464,0.0007326007326007326,0.006349206349206349,0.008302808302808303,0.0014652014652014652,118.06,-67.0,10.13,C6
0.0029304029304029304,0.01562881562881563,0.018803418803418803,0.001221001221001221,0.0009768009768009768,115.75,-65.37,9.19,C6
0.00805860805860806,0.025885225885225887,0.027594627594627594,0.007814407814407814,0.0004884004884004884,113.37,-60.88,5.25,C6
0.011721611721611722,0.03296703296703297,0.03394383394383394,0.012454212454212455,0.0002442002442002442,113.69,-58.06,5.25,C6
0.005616605616605617,0.02197802197802198,0.025885225885225887,0.00463980463980464,0.0,114.12,-58.81,5.25,C6
0.003418803418803419,0.002686202686202686,0.011233211233211233,0.007326007326007326,0.0,114.44,-59.81,5.12,C6
0.010012210012210013,0.01221001221001221,0.0014652014652014652,0.01684981684981685,0.0009768009768009768,114.06,-60.69,4.75,C6
0.014407814407814409,0.022466422466422466,0.010256410256410256,0.023687423687423687,0.0017094017094017094,113.94,-63.81,5.0,C6
0.017094017094017096,0.029548229548229547,0.016361416361416362,0.028327228327228327,0.0009768009768009768,115.0,-66.25,7.69,C6
0.014896214896214897,0.01855921855921856,0.00805860805860806,0.019291819291819293,0.0007326007326007326,115.94,-67.37,11.31,C6
0.005616605616605617,0.005372405372405372,0.009523809523809525,0.004151404151404151,0.0002442002442002442,116.31,-67.62,12.25,C6
0.0007326007326007326,0.02197802197802198,0.02197802197802198,0.006349206349206349,0.0,114.87,-63.0,9.44,C6
0.005128205128205128,0.0336996336996337,0.03076923076923077,0.01391941391941392,0.0,113.5,-60.13,5.87,C6
0.007814407814407814,0.03663003663003663,0.0336996336996337,0.012942612942612943,0.0002442002442002442,113.31,-59.19,5.62,C6
0.0019536019536019536,0.022222222222222223,0.02442002442002442,0.0029304029304029304,0.0002442002442002442,113.25,-59.31,6.94,C6
0.007814407814407814,0.0009768009768009768,0.009035409035409036,0.010256410256410256,0.0002442002442002442,113.19,-60.19,7.94,C6
0.014407814407814409,0.013675213675213675,0.0017094017094017094,0.019291819291819293,0.0002442002442002442,113.62,-63.31,8.0,C6
0.01904761904761905,0.024175824175824177,0.00927960927960928,0.02564102564102564,0.0002442002442002442,115.94,-67.62,9.94,C6
0.016605616605616606,0.022466422466422466,0.006593406593406593,0.023687423687423687,0.0004884004884004884,117.12,-71.25,14.31,C6
0.006593406593406593,0.0007326007326007326,0.00805860805860806,0.010500610500610501,0.0004884004884004884,117.37,-70.69,15.94,C6
0.00463980463980464,0.020024420024420026,0.024175824175824177,0.003663003663003663,0.0004884004884004884,117.44,-70.56,16.69,C6
0.012454212454212455,0.0336996336996337,0.03540903540903541,0.013431013431013432,0.0004884004884004884,117.25,-69.62,15.38,C6
0.018070818070818073,0.04322344322344322,0.04322344322344322,0.02026862026862027,0.0004884004884004884,115.19,-65.81,11.0,C6
0.02148962148962149,0.04810744810744811,0.0485958485958486,0.021733821733821733,0.0004884004884004884,113.31,-59.69,7.12,C6
0.019536019536019536,0.04590964590964591,0.04590964590964591,0.01684981684981685,0.0004884004884004884,113.56,-57.94,5.62,C6
0.011721611721611722,0.02735042735042735,0.030525030525030524,0.003907203907203907,0.0004884004884004884,113.44,-57.56,6.0,C6
0.0004884004884004884,0.004884004884004884,0.013675213675213675,0.010012210012210013,0.0004884004884004884,112.94,-58.0,5.87,C6
0.007326007326007326,0.01098901098901099,0.0017094017094017094,0.01978021978021978,0.0004884004884004884,112.37,-59.56,6.19,C6
0.012698412698412698,0.022222222222222223,0.006593406593406593,0.026617826617826617,0.0004884004884004884,112.56,-63.13,7.06,C6
0.015873015873015872,0.02735042735042735,0.009768009768009768,0.02735042735042735,0.0004884004884004884,114.5,-66.62,10.63,C6
0.00927960927960928,0.006837606837606838,0.005128205128205128,0.012454212454212455,0.0004884004884004884,115.69,-68.94,13.56,C6
0.003907203907203907,0.01514041514041514,0.023443223443223443,0.004395604395604396,0.0004884004884004884,116.19,-68.87,14.44,C6
0.012942612942612943,0.030525030525030524,0.03638583638583639,0.01611721611721612,0.0004884004884004884,115.81,-67.62,14.13,C6
0.019536019536019536,0.04126984126984127,0.04542124542124542,0.024175824175824177,0.0017094017094017094,113.69,-63.06,9.5,C6
0.022954822954822957,0.04468864468864469,0.050061050061050064,0.024664224664224663,0.002442002442002442,112.31,-59.94,5.25,C6
0.021001221001221003,0.03956043956043956,0.04493284493284493,0.01684981684981685,0.0019536019536019536,112.06,-59.69,3.06,C6
0.011965811965811967,0.01733821733821734,0.028083028083028084,0.0029304029304029304,0.0014652014652014652,112.44,-59.75,3.12,C6
0.0009768009768009768,0.003418803418803419,0.011477411477411478,0.010744810744810745,0.001221001221001221,112.5,-60.44,3.06,C6
0.006593406593406593,0.018070818070818073,0.0002442002442002442,0.020757020757020756,0.0009768009768009768,112.31,-62.0,2.87,C6
0.011965811965811967,0.028327228327228327,0.008547008547008548,0.027594627594627594,0.0007326007326007326,112.06,-64.94,3.12,C6
0.014652014652014652,0.03467643467643468,0.014407814407814409,0.03247863247863248,0.0007326007326007326,112.5,-67.94,6.81,C6
0.014163614163614164,0.03565323565323565,0.014652014652014652,0.03125763125763126,0.0004884004884004884,115.0,-69.94,11.13,C6
0.006593406593406593,0.013186813186813187,0.001221001221001221,0.015384615384615385,0.0004884004884004884,116.37,-70.69,12.75,C6
0.005372405372405372,0.010500610500610501,0.020512820512820513,0.002686202686202686,0.0004884004884004884,116.87,-70.75,12.44,C6
0.01391941391941392,0.027106227106227107,0.03418803418803419,0.015384615384615385,0.0004884004884004884,115.62,-69.69,11.5,C6
0.01978021978021978,0.03882783882783883,0.043467643467643466,0.024175824175824177,0.0004884004884004884,113.56,-67.69,7.5,C6
0.020512820512820513,0.04224664224664225,0.047619047619047616,0.024664224664224663,0.0004884004884004884,112.44,-65.06,5.0,C6
0.015384615384615385,0.03736263736263736,0.043467643467643466,0.018315018315018316,0.0004884004884004884,112.19,-63.88,3.56,C6
0.006837606837606838,0.02271062271062271,0.031746031746031744,0.006593406593406593,0.0004884004884004884,112.44,-63.31,3.94,C6
0.002197802197802198,0.005616605616605617,0.018070818070818073,0.005128205128205128,0.0004884004884004884,113.06,-63.88,3.87,C6
0.008547008547008548,0.007081807081807082,0.007081807081807082,0.01391941391941392,0.0004884004884004884,112.94,-64.37,4.0,C6
0.012942612942612943,0.015873015873015872,0.0007326007326007326,0.020024420024420026,0.0004884004884004884,112.87,-65.56,5.62,C6
0.01562881562881563,0.02197802197802198,0.006349206349206349,0.024175824175824177,0.0004884004884004884,114.19,-67.75,7.25,C6
0.013431013431013432,0.014407814407814409,0.001221001221001221,0.014652014652014652,0.0004884004884004884,115.06,-69.44,11.75,C6
0.005128205128205128,0.004395604395604396,0.01562881562881563,0.002197802197802198,0.0004884004884004884,115.0,-69.0,12.19,C6
0.0004884004884004884,0.017826617826617826,0.02564102564102564,0.006349206349206349,0.0004884004884004884,112.81,-63.5,8.44,C6
0.004395604395604396,0.027106227106227107,0.032722832722832725,0.012454212454212455,0.0004884004884004884,113.5,-59.44,8.13,C6
0.003418803418803419,0.022466422466422466,0.03028083028083028,0.00757020757020757,0.0004884004884004884,115.0,-57.94,8.88,C6
0.004395604395604396,0.004884004884004884,0.018315018315018316,0.003907203907203907,0.0004884004884004884,114.62,-58.19,8.25,C6
0.011721611721611722,0.01221001221001221,0.004884004884004884,0.014652014652014652,0.0004884004884004884,114.19,-59.81,6.19,C6
0.017094017094017096,0.024175824175824177,0.004884004884004884,0.022466422466422466,0.0004884004884004884,113.94,-60.44,5.19,C6
0.020757020757020756,0.03247863247863248,0.011721611721611722,0.028083028083028084,0.0004884004884004884,113.81,-61.5,4.44,C6
0.0231990231990232,0.03785103785103785,0.016605616605616606,0.03199023199023199,0.0004884004884004884,114.12,-63.25,5.44,C6
0.024175824175824177,0.04078144078144078,0.019291819291819293,0.033455433455433455,0.0004884004884004884,115.44,-67.25,9.19,C6
0.018803418803418803,0.028083028083028084,0.00927960927960928,0.02442002442002442,0.0004884004884004884,116.94,-70.69,14.06,C6
0.007326007326007326,0.004884004884004884,0.006837606837606838,0.010500610500610501,0.0004884004884004884,116.87,-71.12,15.88,C6
0.0007326007326007326,0.011233211233211233,0.018070818070818073,0.0007326007326007326,0.0004884004884004884,114.06,-67.06,10.69,C6
0.006349206349206349,0.022466422466422466,0.025885225885225887,0.006105006105006105,0.0004884004884004884,113.0,-63.63,9.69,C6
0.006593406593406593,0.02442002442002442,0.028327228327228327,0.004151404151404151,0.0004884004884004884,112.81,-62.06,8.31,C6
0.002686202686202686,0.019291819291819293,0.0231990231990232,0.003418803418803419,0.0004884004884004884,112.44,-62.38,6.31,C6
0.003663003663003663,0.010256410256410256,0.014407814407814409,0.011965811965811967,0.0004884004884004884,112.44,-61.75,6.56,C6
0.011233211233211233,0.0019536019536019536,0.003418803418803419,0.02026862026862027,0.0004884004884004884,112.62,-61.25,6.44,C6
0.017582417582417582,0.01562881562881563,0.007326007326007326,0.028327228327228327,0.0004884004884004884,113.0,-61.0,6.37,C6
0.022222222222222223,0.026373626373626374,0.01611721611721612,0.03467643467643468,0.0004884004884004884,113.25,-61.19,6.12,C6
0.025152625152625153,0.03394383394383394,0.022466422466422466,0.039316239316239315,0.0004884004884004884,113.44,-61.31,5.44,C6
0.02735042735042735,0.03907203907203907,0.027106227106227107,0.04249084249084249,0.0004884004884004884,113.19,-61.38,5.56,C6
0.028327228327228327,0.042735042735042736,0.03028083028083028,0.04468864468864469,0.0004884004884004884,112.94,-63.5,5.87,C6
0.02905982905982906,0.04468864468864469,0.031746031746031744,0.045177045177045176,0.0004884004884004884,112.94,-66.44,8.31,C6
0.02442002442002442,0.035164835164835165,0.022954822954822957,0.035897435897435895,0.0004884004884004884,113.62,-69.12,11.88,C6
0.014407814407814409,0.011721611721611722,0.005372405372405372,0.020024420024420026,0.0004884004884004884,114.62,-69.75,14.56,C6
0.002197802197802198,0.009523809523809525,0.01221001221001221,0.004395604395604396,0.0004884004884004884,114.87,-70.06,15.06,C6
0.006105006105006105,0.02442002442002442,0.024664224664224663,0.006593406593406593,0.0004884004884004884,113.25,-68.37,11.69,C6
0.01221001221001221,0.03467643467643468,0.033455433455433455,0.014163614163614164,0.0004884004884004884,111.5,-66.0,7.25,C6
0.011965811965811967,0.035897435897435895,0.035164835164835165,0.01391941391941392,0.0004884004884004884,110.56,-62.94,5.69,C6
0.006593406593406593,0.026862026862026864,0.02857142857142857,0.006349206349206349,0.0004884004884004884,110.62,-62.25,5.19,C6
0.0017094017094017094,0.010012210012210013,0.016361416361416362,0.004395604395604396,0.0004884004884004884,110.75,-62.31,5.06,C6
0.009523809523809525,0.007081807081807082,0.003663003663003663,0.015384615384615385,0.0004884004884004884,110.94,-61.63,5.94,C6
0.01514041514041514,0.01904761904761905,0.005128205128205128,0.022954822954822957,0.0004884004884004884,111.12,-63.19,5.62,C6
0.01904761904761905,0.02735042735042735,0.011233211233211233,0.028327228327228327,0.0004884004884004884,111.75,-68.69,5.75,C6
0.021733821733821733,0.03125763125763126,0.01514041514041514,0.03076923076923077,0.0004884004884004884,112.37,-72.81,10.31,C6
0.018315018315018316,0.020757020757020756,0.005860805860805861,0.021733821733821733,0.0004884004884004884,113.06,-73.69,15.81,C6
0.009035409035409036,0.0002442002442002442,0.008302808302808303,0.008302808302808303,0.0004884004884004884,112.87,-72.94,16.69,C6
0.0014652014652014652,0.018315018315018316,0.02490842490842491,0.002197802197802198,0.0004884004884004884,112.56,-71.87,15.63,C6
0.008791208791208791,0.03125763125763126,0.03638583638583639,0.009768009768009768,0.0004884004884004884,110.75,-66.87,10.0,C6
0.01391941391941392,0.04004884004884005,0.044444444444444446,0.014896214896214897,0.0004884004884004884,110.5,-63.19,5.81,C6
0.011965811965811967,0.038583638583638585,0.04322344322344322,0.011965811965811967,0.0004884004884004884,111.19,-61.44,4.44,C6
0.0029304029304029304,0.023931623931623933,0.03321123321123321,0.002442002442002442,0.0004884004884004884,111.75,-60.69,3.94,C6
0.006837606837606838,0.004151404151404151,0.019291819291819293,0.009035409035409036,0.0004884004884004884,111.56,-60.63,3.31,C6
0.013675213675213675,0.01221001221001221,0.006837606837606838,0.018803418803418803,0.0004884004884004884,111.69,-60.75,3.25,C6
0.01855921855921856,0.023443223443223443,0.002442002442002442,0.02612942612942613,0.0004884004884004884,112.25,-60.69,3.94,C6
0.02197802197802198,0.0315018315018315,0.009523809523809525,0.03125763125763126,0.0004884004884004884,112.5,-61.25,4.0,C6
0.02442002442002442,0.03711843711843712,0.014407814407814409,0.03492063492063492,0.0004884004884004884,112.31,-62.81,3.25,C6
0.02564102564102564,0.04053724053724054,0.017826617826617826,0.037606837606837605,0.0004884004884004884,112.0,-63.75,3.87,C6
0.02442002442002442,0.0398046398046398,0.018315018315018316,0.035897435897435895,0.0004884004884004884,111.37,-63.5,4.06,C6
0.018803418803418803,0.030525030525030524,0.011721611721611722,0.028815628815628817,0.0004884004884004884,111.56,-65.12,5.94,C6
0.01098901098901099,0.012698412698412698,0.0,0.016361416361416362,0.0004884004884004884,112.37,-66.62,9.75,C6
0.0017094017094017094,0.006837606837606838,0.013675213675213675,0.0031746031746031746,0.0004884004884004884,113.12,-67.5,11.31,C6
0.006593406593406593,0.02197802197802198,0.026862026862026864,0.00805860805860806,0.0004884004884004884,113.75,-68.31,12.06,C6
0.01221001221001221,0.032722832722832725,0.035897435897435895,0.01562881562881563,0.0004884004884004884,113.19,-68.37,12.38,C6
0.01611721611721612,0.04004884004884005,0.04249084249084249,0.021245421245421246,0.0004884004884004884,111.69,-66.19,8.69,C6
0.016361416361416362,0.04151404151404151,0.04590964590964591,0.021001221001221003,0.0004884004884004884,111.69,-61.56,7.19,C6
0.011477411477411478,0.035164835164835165,0.041758241758241756,0.013675213675213675,0.0004884004884004884,111.81,-61.38,6.62,C6
0.0014652014652014652,0.018803418803418803,0.030525030525030524,0.002442002442002442,0.0004884004884004884,112.44,-61.31,5.69,C6
0.00757020757020757,0.0002442002442002442,0.017826617826617826,0.008547008547008548,0.0004884004884004884,112.94,-61.13,4.5,C6
0.014163614163614164,0.013675213675213675,0.008302808302808303,0.017094017094017096,0.0004884004884004884,113.44,-60.31,3.5,C6
0.018803418803418803,0.023687423687423687,0.0009768009768009768,0.023443223443223443,0.0004884004884004884,112.75,-59.75,2.44,C6
0.022222222222222223,0.030525030525030524,0.004395604395604396,0.02783882783882784,0.0004884004884004884,112.19,-59.44,2.75,C6
0.02442002442002442,0.03540903540903541,0.008302808302808303,0.031013431013431014,0.0004884004884004884,111.94,-59.44,3.94,C6
0.025885225885225887,0.03882783882783883,0.011233211233211233,0.033455433455433455,0.0004884004884004884,111.44,-60.25,4.19,C6
0.026862026862026864,0.04126984126984127,0.013675213675213675,0.035164835164835165,0.0004884004884004884,112.06,-61.5,5.56,C6
0.027594627594627594,0.04297924297924298,0.015384615384615385,0.03638583638583639,0.0004884004884004884,113.94,-64.69,7.87,C6
0.027106227106227107,0.04395604395604396,0.016605616605616606,0.036874236874236875,0.0004884004884004884,115.87,-68.56,11.69,C6
0.019291819291819293,0.02612942612942613,0.006105006105006105,0.025152625152625153,0.0004884004884004884,117.12,-70.0,15.25,C6
0.004151404151404151,0.0004884004884004884,0.011233211233211233,0.010744810744810745,0.0004884004884004884,117.75,-68.75,16.87,C6
0.006593406593406593,0.017582417582417582,0.02442002442002442,0.0009768009768009768,0.0004884004884004884,118.37,-68.5,17.06,C6
0.01391941391941392,0.030036630036630037,0.0336996336996337,0.006105006105006105,0.0004884004884004884,118.81,-67.87,16.69,C6
0.01904761904761905,0.03785103785103785,0.040293040293040296,0.010256410256410256,0.0004884004884004884,117.81,-66.44,14.63,C6
0.021733821733821733,0.04249084249084249,0.0442002442002442,0.012698412698412698,0.0004884004884004884,115.31,-60.94,8.0,C6
0.021245421245421246,0.043467643467643466,0.04542124542124542,0.012698412698412698,0.0004884004884004884,115.44,-58.0,5.31,C6
0.013431013431013432,0.032722832722832725,0.037606837606837605,0.00463980463980464,0.0004884004884004884,114.87,-58.5,4.37,C6
0.002197802197802198,0.009768009768009768,0.02148962148962149,0.008791208791208791,0.0004884004884004884,113.62,-60.81,4.0,C6
0.005616605616605617,0.006593406593406593,0.010012210012210013,0.018070818070818073,0.0004884004884004884,112.62,-63.69,4.44,C6
0.011233211233211233,0.017826617826617826,0.002197802197802198,0.024664224664224663,0.0004884004884004884,112.62,-66.0,4.44,C6
0.010012210012210013,0.01978021978021978,0.0007326007326007326,0.02442002442002442,0.0004884004884004884,114.06,-69.44,7.87,C6
0.004151404151404151,0.010744810744810745,0.00927960927960928,0.01562881562881563,0.0004884004884004884,115.37,-72.69,12.81,C6
0.00463980463980464,0.009035409035409036,0.022954822954822957,0.003907203907203907,0.0004884004884004884,115.94,-72.62,14.0,C6
0.010744810744810745,0.02271062271062271,0.03296703296703297,0.004151404151404151,0.0004884004884004884,115.44,-70.81,11.75,C6
0.01514041514041514,0.03247863247863248,0.0398046398046398,0.010012210012210013,0.0004884004884004884,112.81,-63.06,5.19,C6
0.017582417582417582,0.03785103785103785,0.044444444444444446,0.011477411477411478,0.0004884004884004884,112.81,-58.13,3.56,C6
0.01221001221001221,0.029304029304029304,0.03785103785103785,0.0029304029304029304,0.0004884004884004884,112.94,-58.25,3.0,C6
0.0014652014652014652,0.007081807081807082,0.020757020757020756,0.010744810744810745,0.0004884004884004884,113.19,-59.5,2.56,C6
0.005860805860805861,0.008302808302808303,0.009035409035409036,0.02026862026862027,0.0004884004884004884,113.25,-64.06,2.5,C6
0.011233211233211233,0.01904761904761905,0.0007326007326007326,0.027106227106227107,0.0004884004884004884,115.12,-70.25,6.81,C6
0.008547008547008548,0.009768009768009768,0.005128205128205128,0.021001221001221003,0.0004884004884004884,115.87,-72.81,10.75,C6
0.002442002442002442,0.01098901098901099,0.020512820512820513,0.007326007326007326,0.0004884004884004884,115.75,-72.87,12.19,C6
0.011233211233211233,0.02564102564102564,0.034432234432234435,0.0031746031746031746,0.0004884004884004884,115.25,-72.31,12.44,C6
0.01733821733821734,0.035897435897435895,0.0442002442002442,0.010500610500610501,0.0004884004884004884,112.06,-65.69,4.75,C6
0.02148962148962149,0.04322344322344322,0.05103785103785104,0.01562881562881563,0.0004884004884004884,111.81,-60.13,2.56,C6
0.018315018315018316,0.039316239316239315,0.046886446886446886,0.010256410256410256,0.0004884004884004884,112.62,-59.94,2.62,C6
0.007326007326007326,0.016605616605616606,0.030036630036630037,0.003663003663003663,0.0004884004884004884,112.94,-60.13,2.69,C6
0.0009768009768009768,0.0017094017094017094,0.014652014652014652,0.014896214896214897,0.0004884004884004884,112.56,-60.94,2.0,C6
0.006837606837606838,0.014652014652014652,0.003907203907203907,0.022954822954822957,0.0004884004884004884,111.75,-63.81,0.81,C6
0.010744810744810745,0.023687423687423687,0.003663003663003663,0.02857142857142857,0.0004884004884004884,112.37,-67.94,2.5,C6
0.010012210012210013,0.01855921855921856,0.0007326007326007326,0.022466422466422466,0.0004884004884004884,114.44,-70.87,6.69,C6
0.0002442002442002442,0.004395604395604396,0.016605616605616606,0.005372405372405372,0.0004884004884004884,115.75,-71.12,8.38,C6
0.009035409035409036,0.020512820512820513,0.02857142857142857,0.006593406593406593,0.0004884004884004884,115.69,-69.87,7.5,C6
0.014896214896214897,0.0315018315018315,0.036874236874236875,0.014896214896214897,0.0004884004884004884,113.87,-62.88,2.62,C6
0.01904761904761905,0.03785103785103785,0.042735042735042736,0.017582417582417582,0.0004884004884004884,113.87,-57.13,2.56,C6
0.015873015873015872,0.03321123321123321,0.03785103785103785,0.009768009768009768,0.0004884004884004884,113.56,-57.56,2.44,C6
0.004884004884004884,0.01221001221001221,0.021733821733821733,0.003907203907203907,0.0004884004884004884,113.56,-58.94,2.37,C6
0.003907203907203907,0.005860805860805861,0.006837606837606838,0.01611721611721612,0.0004884004884004884,113.87,-60.56,2.25,C6
0.009768009768009768,0.018803418803418803,0.003663003663003663,0.024664224664224663,0.0004884004884004884,114.06,-64.12,1.62,C6
0.014163614163614164,0.027594627594627594,0.01098901098901099,0.030525030525030524,0.0004884004884004884,115.56,-69.94,5.62,C6
0.01098901098901099,0.021245421245421246,0.00463980463980464,0.024175824175824177,0.0004884004884004884,117.31,-73.69,12.0,C6
0.0002442002442002442,0.002197802197802198,0.011965811965811967,0.008547008547008548,0.0004884004884004884,118.19,-73.44,13.88,C6
0.009768009768009768,0.019536019536019536,0.026373626373626374,0.002442002442002442,0.0004884004884004884,118.31,-71.94,13.88,C6
0.016605616605616606,0.0315018315018315,0.03663003663003663,0.010012210012210013,0.0004884004884004884,116.25,-66.06,7.31,C6
0.021245421245421246,0.04004884004884005,0.04371184371184371,0.014652014652014652,0.0004884004884004884,116.81,-57.94,4.5,C6
0.020024420024420026,0.0398046398046398,0.041758241758241756,0.01098901098901099,0.0004884004884004884,117.12,-56.44,4.44,C6
0.008791208791208791,0.01978021978021978,0.026373626373626374,0.002197802197802198,0.0004884004884004884,116.94,-56.69,4.31,C6
0.0009768009768009768,0.0002442002442002442,0.010744810744810745,0.014407814407814409,0.0004884004884004884,116.69,-57.31,4.56,C6
0.00805860805860806,0.014163614163614164,0.0002442002442002442,0.022954822954822957,0.0004884004884004884,116.12,-59.94,4.94,C6
0.012942612942612943,0.023931623931623933,0.00805860805860806,0.028815628815628817,0.0004884004884004884,116.81,-64.94,6.81,C6
0.01391941391941392,0.022466422466422466,0.005128205128205128,0.02271062271062271,0.0004884004884004884,118.44,-68.37,12.56,C6
0.004151404151404151,0.0014652014652014652,0.01221001221001221,0.00463980463980464,0.0004884004884004884,119.0,-68.56,15.5,C6
0.00805860805860806,0.021245421245421246,0.02857142857142857,0.007814407814407814,0.0004884004884004884,118.75,-68.5,16.37,C6
0.016361416361416362,0.035164835164835165,0.04004884004884005,0.016605616605616606,0.0004884004884004884,116.87,-65.56,13.5,C6
0.022222222222222223,0.04493284493284493,0.04810744810744811,0.02197802197802198,0.0004884004884004884,115.62,-58.38,10.38,C6
0.021733821733821733,0.046153846153846156,0.0485958485958486,0.02026862026862027,0.0004884004884004884,115.94,-56.75,9.88,C6
0.01098901098901099,0.028815628815628817,0.03467643467643468,0.00757020757020757,0.0004884004884004884,115.62,-57.38,9.19,C6
0.0007326007326007326,0.006837606837606838,0.018315018315018316,0.006105006105006105,0.0004884004884004884,115.31,-57.69,8.5,C6
0.006349206349206349,0.008302808302808303,0.006837606837606838,0.015873015873015872,0.0004884004884004884,115.0,-60.63,8.38,C6
0.011477411477411478,0.01904761904761905,0.001221001221001221,0.02271062271062271,0.0004884004884004884,116.87,-67.12,12.69,C6
0.008302808302808303,0.012698412698412698,0.003663003663003663,0.015873015873015872,0.0004884004884004884,117.37,-69.37,14.5,C6
0.005860805860805861,0.012454212454212455,0.02271062271062271,0.0004884004884004884,0.0004884004884004884,117.19,-70.06,14.75,C6
0.015873015873015872,0.030036630036630037,0.036141636141636145,0.011721611721611722,0.0004884004884004884,116.69,-70.37,14.5,C6
0.02271062271062271,0.04249084249084249,0.04542124542124542,0.01978021978021978,0.0004884004884004884,114.19,-66.5,8.69,C6
0.026373626373626374,0.04981684981684982,0.05128205128205128,0.023443223443223443,0.0004884004884004884,113.12,-62.5,4.87,C6
0.023443223443223443,0.04713064713064713,0.04810744810744811,0.019536019536019536,0.0004884004884004884,113.12,-61.25,4.81,C6
0.01221001221001221,0.02735042735042735,0.034432234432234435,0.007081807081807082,0.0004884004884004884,112.69,-60.13,4.94,C6
0.0019536019536019536,0.006593406593406593,0.018315018315018316,0.005860805860805861,0.0004884004884004884,111.94,-59.44,3.87,C6
0.005128205128205128,0.007814407814407814,0.007081807081807082,0.01514041514041514,0.0004884004884004884,112.0,-61.38,2.31,C6
0.010256410256410256,0.017826617826617826,0.0007326007326007326,0.02148962148962149,0.0004884004884004884,114.25,-66.56,4.81,C6
0.00805860805860806,0.00927960927960928,0.00463980463980464,0.015384615384615385,0.0004884004884004884,116.62,-70.12,7.87,C6
0.002197802197802198,0.013186813186813187,0.021245421245421246,0.0009768009768009768,0.0004884004884004884,118.0,-70.19,8.81,C6
0.00927960927960928,0.02905982905982906,0.03296703296703297,0.009035409035409036,0.0004884004884004884,116.06,-64.5,4.5,C6
0.014407814407814409,0.040293040293040296,0.041025641025641026,0.01611721611721612,0.0004884004884004884,115.19,-57.69,0.62,C6
0.01684981684981685,0.04297924297924298,0.042735042735042736,0.015873015873015872,0.0004884004884004884,115.75,-57.19,-1.62,C6
0.009035409035409036,0.02612942612942613,0.030036630036630037,0.00463980463980464,0.0004884004884004884,116.81,-58.25,-2.69,C6
0.0009768009768009768,0.004884004884004884,0.014896214896214897,0.00805860805860806,0.0004884004884004884,118.31,-59.31,-3.19,C6
0.007814407814407814,0.009768009768009768,0.004151404151404151,0.017094017094017096,0.0004884004884004884,119.31,-62.19,-4.06,C6
0.012698412698412698,0.02026862026862027,0.0031746031746031746,0.023443223443223443,0.0004884004884004884,120.94,-67.69,-2.94,C6
0.01391941391941392,0.02564102564102564,0.008302808302808303,0.02612942612942613,0.0004884004884004884,121.81,-72.06,3.25,C6
0.003907203907203907,0.005128205128205128,0.004151404151404151,0.01514041514041514,0.0004884004884004884,120.62,-73.87,11.19,C6
0.009768009768009768,0.018315018315018316,0.021001221001221003,0.002442002442002442,0.0004884004884004884,118.31,-72.69,14.44,C6
0.019291819291819293,0.03492063492063492,0.032722832722832725,0.006593406593406593,0.0004884004884004884,114.31,-67.81,11.13,C6
0.025885225885225887,0.0463980463980464,0.04078144078144078,0.012942612942612943,0.0004884004884004884,113.12,-60.06,6.12,C6
0.025152625152625153,0.046153846153846156,0.038583638583638585,0.010012210012210013,0.0004884004884004884,113.44,-58.19,7.62,C6
0.014896214896214897,0.025396825396825397,0.023443223443223443,0.002686202686202686,0.0004884004884004884,114.0,-58.94,9.63,C6
0.003418803418803419,0.0031746031746031746,0.006837606837606838,0.015873015873015872,0.0004884004884004884,114.81,-61.0,8.31,C6
0.004884004884004884,0.01221001221001221,0.005616605616605617,0.025152625152625153,0.0004884004884004884,115.44,-61.88,5.25,C6
0.010744810744810745,0.0231990231990232,0.014163614163614164,0.03199023199023199,0.0004884004884004884,115.56,-63.19,2.0,C6
0.014652014652014652,0.03076923076923077,0.02026862026862027,0.03663003663003663,0.0004884004884004884,114.94,-66.19,0.75,C6
0.01733821733821734,0.036141636141636145,0.02442002442002442,0.04004884004884005,0.0004884004884004884,115.62,-70.12,6.56,C6
0.012942612942612943,0.02735042735042735,0.017826617826617826,0.033455433455433455,0.0004884004884004884,115.62,-73.12,12.88,C6
0.0029304029304029304,0.003663003663003663,0.002442002442002442,0.012698412698412698,0.0004884004884004884,115.37,-74.06,14.31,C6
0.014163614163614164,0.025396825396825397,0.02197802197802198,0.0017094017094017094,0.0004884004884004884,115.56,-73.44,14.88,C6
0.02197802197802198,0.04078144078144078,0.03540903540903541,0.011721611721611722,0.0004884004884004884,116.31,-72.56,14.75,C6
0.026862026862026864,0.05128205128205128,0.04493284493284493,0.017826617826617826,0.0004884004884004884,114.25,-66.75,8.94,C6
0.029548229548229547,0.05641025641025641,0.05030525030525031,0.02026862026862027,0.0004884004884004884,113.31,-59.13,2.81,C6
0.028815628815628817,0.05641025641025641,0.04884004884004884,0.018070818070818073,0.0004884004884004884,113.62,-57.94,2.56,C6
0.018070818070818073,0.03467643467643468,0.03223443223443224,0.004395604395604396,0.0004884004884004884,113.25,-57.63,2.12,C6
0.006349206349206349,0.011721611721611722,0.015384615384615385,0.00927960927960928,0.0004884004884004884,113.06,-57.19,1.62,C6
0.002197802197802198,0.005372405372405372,0.002686202686202686,0.019536019536019536,0.0004884004884004884,113.06,-56.88,1.25,C6
0.008302808302808303,0.017094017094017096,0.006349206349206349,0.026617826617826617,0.0004884004884004884,113.12,-58.56,1.06,C6
0.012698412698412698,0.025396825396825397,0.012698412698412698,0.031746031746031744,0.0004884004884004884,114.44,-64.31,2.37,C6
0.014652014652014652,0.03028083028083028,0.017094017094017096,0.03418803418803419,0.0004884004884004884,116.06,-70.0,9.25,C6
0.00757020757020757,0.01098901098901099,0.004151404151404151,0.022466422466422466,0.0004884004884004884,117.12,-72.0,13.81,C6
0.005860805860805861,0.01733821733821734,0.01562881562881563,0.003663003663003663,0.0004884004884004884,117.69,-71.56,15.0,C6
0.015384615384615385,0.036874236874236875,0.03199023199023199,0.00927960927960928,0.0004884004884004884,116.75,-70.19,14.19,C6
0.02197802197802198,0.050793650793650794,0.043467643467643466,0.01855921855921856,0.0004884004884004884,114.56,-64.06,9.13,C6
0.02612942612942613,0.05885225885225885,0.051526251526251524,0.02197802197802198,0.0004884004884004884,114.44,-57.69,8.69,C6
0.0231990231990232,0.05347985347985348,0.046886446886446886,0.014896214896214897,0.0004884004884004884,115.12,-56.38,7.62,C6
0.01391941391941392,0.0315018315018315,0.0315018315018315,0.0004884004884004884,0.0004884004884004884,114.81,-57.5,6.31,C6
0.002442002442002442,0.009035409035409036,0.014896214896214897,0.012942612942612943,0.0004884004884004884,113.94,-59.25,5.37,C6
0.005372405372405372,0.006837606837606838,0.0031746031746031746,0.022466422466422466,0.0004884004884004884,113.31,-63.0,3.75,C6
0.01098901098901099,0.017826617826617826,0.005128205128205128,0.02905982905982906,0.0004884004884004884,114.12,-69.19,8.19,C6
0.009523809523809525,0.015873015873015872,0.003663003663003663,0.02783882783882784,0.0004884004884004884,114.62,-73.0,14.19,C6
0.001221001221001221,0.00757020757020757,0.010744810744810745,0.01514041514041514,0.0004884004884004884,114.87,-72.94,17.69,C6
0.00927960927960928,0.02612942612942613,0.02612942612942613,0.003418803418803419,0.0004884004884004884,114.44,-71.81,17.5,C6
0.014896214896214897,0.039316239316239315,0.036874236874236875,0.00463980463980464,0.0004884004884004884,113.0,-66.81,11.44,C6
0.018803418803418803,0.0485958485958486,0.044444444444444446,0.010500610500610501,0.0004884004884004884,114.75,-52.69,9.88,C6
0.01855921855921856,0.04981684981684982,0.044444444444444446,0.006837606837606838,0.0004884004884004884,115.69,-50.69,9.31,C6
0.008547008547008548,0.026617826617826617,0.027594627594627594,0.00805860805860806,0.0004884004884004884,115.44,-52.69,9.0,C6
0.0014652014652014652,0.005860805860805861,0.01098901098901099,0.020512820512820513,0.0004884004884004884,114.75,-55.44,8.13,C6
0.008302808302808303,0.008791208791208791,0.0004884004884004884,0.029304029304029304,0.0004884004884004884,113.69,-61.19,6.44,C6
0.013186813186813187,0.018803418803418803,0.008547008547008548,0.035164835164835165,0.0004884004884004884,111.5,-68.56,6.19,C6
0.011233211233211233,0.015873015873015872,0.006105006105006105,0.0315018315018315,0.0004884004884004884,111.69,-74.87,12.25,C6
0.003663003663003663,0.005860805860805861,0.01098901098901099,0.01611721611721612,0.0004884004884004884,112.0,-74.5,12.56,C6
0.007081807081807082,0.022222222222222223,0.028815628815628817,0.0029304029304029304,0.0004884004884004884,112.69,-74.25,14.75,C6
0.014652014652014652,0.0336996336996337,0.04151404151404151,0.006349206349206349,0.0004884004884004884,111.25,-70.81,9.94,C6
0.01978021978021978,0.041758241758241756,0.05030525030525031,0.012942612942612943,0.0004884004884004884,110.81,-62.5,4.75,C6
0.02026862026862027,0.04249084249084249,0.05201465201465202,0.01098901098901099,0.0004884004884004884,112.37,-59.44,4.69,C6
0.010744810744810745,0.022466422466422466,0.03711843711843712,0.003418803418803419,0.0004884004884004884,112.31,-59.0,4.06,C6
0.0002442002442002442,0.001221001221001221,0.01978021978021978,0.01684981684981685,0.0004884004884004884,112.12,-59.25,3.56,C6
0.007814407814407814,0.013675213675213675,0.00757020757020757,0.026373626373626374,0.0004884004884004884,111.56,-62.44,2.56,C6
0.013186813186813187,0.024175824175824177,0.0007326007326007326,0.03296703296703297,0.0004884004884004884,112.62,-67.94,4.94,C6
0.012942612942612943,0.025396825396825397,0.004151404151404151,0.03199023199023199,0.0004884004884004884,113.94,-70.31,11.06,C6
0.003663003663003663,0.002686202686202686,0.008547008547008548,0.01978021978021978,0.0004884004884004884,114.81,-70.37,13.81,C6
0.007081807081807082,0.016361416361416362,0.02490842490842491,0.007814407814407814,0.0004884004884004884,115.31,-69.75,13.56,C6
0.014652014652014652,0.029792429792429794,0.03638583638583639,0.0007326007326007326,0.0004884004884004884,113.37,-64.81,9.06,C6
0.01978021978021978,0.03907203907203907,0.0442002442002442,0.006593406593406593,0.0004884004884004884,114.75,-57.44,5.94,C6
0.018803418803418803,0.03882783882783883,0.04249084249084249,0.0017094017094017094,0.0004884004884004884,115.56,-57.06,5.25,C6
0.007081807081807082,0.01562881562881563,0.025396825396825397,0.011477411477411478,0.0004884004884004884,115.19,-58.81,4.94,C6
0.0017094017094017094,0.0029304029304029304,0.009523809523809525,0.022466422466422466,0.0007326007326007326,114.87,-60.5,4.25,C6
0.007814407814407814,0.01611721611721612,0.0017094017094017094,0.03028083028083028,0.0014652014652014652,113.81,-64.0,1.0,C6
0.011965811965811967,0.025152625152625153,0.009523809523809525,0.03565323565323565,0.0009768009768009768,114.37,-67.87,2.44,C6
0.009523809523809525,0.023931623931623933,0.007814407814407814,0.031013431013431014,0.0004884004884004884,115.19,-70.5,6.94,C6
0.0002442002442002442,0.0002442002442002442,0.00805860805860806,0.01611721611721612,0.0002442002442002442,115.25,-70.37,8.94,C6
0.009768009768009768,0.018070818070818073,0.023687423687423687,0.005616605616605617,0.0,115.31,-69.62,9.81,C6
0.016361416361416362,0.03028083028083028,0.034432234432234435,0.0017094017094017094,0.0,113.37,-63.5,4.06,C6
0.021001221001221003,0.03907203907203907,0.042002442002442006,0.005860805860805861,0.0002442002442002442,112.87,-58.38,1.81,C6
0.017094017094017096,0.03296703296703297,0.03565323565323565,0.002686202686202686,0.0002442002442002442,112.69,-58.13,0.94,C6
0.005616605616605617,0.01098901098901099,0.020024420024420026,0.01514041514041514,0.0009768009768009768,113.12,-58.44,0.5,C6
0.003907203907203907,0.007326007326007326,0.006349206349206349,0.025152625152625153,0.0017094017094017094,113.5,-58.75,0.06,C6
0.010500610500610501,0.02026862026862027,0.003418803418803419,0.03223443223443224,0.002197802197802198,112.69,-61.31,-1.06,C6
0.014896214896214897,0.029304029304029304,0.010012210012210013,0.03711843711843712,0.002686202686202686,112.5,-64.75,0.62,C6
0.01391941391941392,0.02783882783882784,0.011233211233211233,0.03492063492063492,0.002686202686202686,113.25,-68.31,5.19,C6
0.006105006105006105,0.006593406593406593,0.0017094017094017094,0.022954822954822957,0.0019536019536019536,114.12,-69.12,7.62,C6
0.006593406593406593,0.017094017094017096,0.01978021978021978,0.006593406593406593,0.001221001221001221,115.0,-68.56,7.69,C6
0.015384615384615385,0.0336996336996337,0.03223443223443224,0.004884004884004884,0.0007326007326007326,115.0,-67.25,6.5,C6
0.02148962148962149,0.04542124542124542,0.041025641025641026,0.012698412698412698,0.0004884004884004884,113.87,-62.25,-0.13,C6
0.024175824175824177,0.050061050061050064,0.04566544566544566,0.01391941391941392,0.0002442002442002442,114.87,-57.56,-4.31,C6
0.01855921855921856,0.04126984126984127,0.03882783882783883,0.00463980463980464,0.001221001221001221,115.56,-56.88,-7.37,C6
0.006837606837606838,0.017826617826617826,0.022954822954822957,0.008547008547008548,0.0017094017094017094,115.94,-57.25,-8.69,C6
0.002686202686202686,0.0017094017094017094,0.008547008547008548,0.01978021978021978,0.002197802197802198,115.94,-58.19,-8.44,C6
0.00927960927960928,0.01514041514041514,0.0014652014652014652,0.027594627594627594,0.002686202686202686,115.62,-60.69,-7.06,C6
0.01391941391941392,0.024664224664224663,0.008302808302808303,0.03321123321123321,0.0017094017094017094,116.06,-64.69,-2.87,C6
0.011965811965811967,0.020757020757020756,0.006105006105006105,0.02857142857142857,0.001221001221001221,116.62,-67.81,3.19,C6
0.0007326007326007326,0.003418803418803419,0.008547008547008548,0.01391941391941392,0.0007326007326007326,117.75,-69.06,7.87,C6
0.011477411477411478,0.025396825396825397,0.026617826617826617,0.0009768009768009768,0.0002442002442002442,118.5,-69.56,9.63,C6
0.020024420024420026,0.04053724053724054,0.03956043956043956,0.011233211233211233,0.0,117.25,-67.81,8.0,C6
0.02612942612942613,0.05128205128205128,0.04835164835164835,0.01855921855921856,0.0,114.87,-62.44,2.31,C6
0.02735042735042735,0.054945054945054944,0.05274725274725275,0.018315018315018316,0.0002442002442002442,114.0,-60.13,-0.62,C6
0.020512820512820513,0.04493284493284493,0.04566544566544566,0.008791208791208791,0.0002442002442002442,114.19,-59.81,-3.31,C6
0.00805860805860806,0.02197802197802198,0.030036630036630037,0.004151404151404151,0.0002442002442002442,114.12,-59.5,-3.5,C6
0.002442002442002442,0.0009768009768009768,0.01514041514041514,0.015873015873015872,0.0002442002442002442,114.19,-60.25,-3.87,C6
0.009768009768009768,0.013431013431013432,0.0031746031746031746,0.024664224664224663,0.0007326007326007326,114.19,-61.56,-3.87,C6
0.014896214896214897,0.023687423687423687,0.004884004884004884,0.03076923076923077,0.0004884004884004884,114.19,-64.75,-5.56,C6
0.017826617826617826,0.03028083028083028,0.010744810744810745,0.035164835164835165,0.0002442002442002442,115.06,-68.56,-5.25,C6
0.01391941391941392,0.02564102564102564,0.007326007326007326,0.029304029304029304,0.0,116.56,-71.87,-1.5,C6
0.005128205128205128,0.003418803418803419,0.006349206349206349,0.01562881562881563,0.0,117.94,-72.87,1.62,C6
0.007081807081807082,0.01855921855921856,0.022954822954822957,0.0017094017094017094,0.0002442002442002442,118.25,-72.75,2.0,C6
0.015384615384615385,0.03394383394383394,0.03492063492063492,0.007814407814407814,0.0009768009768009768,118.25,-72.56,2.25,C6
0.02148962148962149,0.04468864468864469,0.04322344322344322,0.014652014652014652,0.0017094017094017094,116.81,-67.56,-0.94,C6
0.02490842490842491,0.04957264957264957,0.04908424908424908,0.01684981684981685,0.002197802197802198,117.12,-59.56,-1.69,C6
0.02271062271062271,0.04737484737484737,0.04664224664224664,0.012454212454212455,0.002442002442002442,117.81,-56.5,-2.0,C6
0.012454212454212455,0.02857142857142857,0.03296703296703297,0.0002442002442002442,0.002686202686202686,117.81,-56.69,-2.81,C6
0.001221001221001221,0.005860805860805861,0.016361416361416362,0.012942612942612943,0.0029304029304029304,117.69,-57.19,-4.12,C6
0.006837606837606838,0.010744810744810745,0.0029304029304029304,0.02271062271062271,0.0031746031746031746,117.37,-59.31,-6.06,C6
0.01221001221001221,0.022466422466422466,0.006593406593406593,0.029548229548229547,0.0031746031746031746,117.25,-63.19,-8.13,C6
0.01611721611721612,0.030525030525030524,0.013186813186813187,0.034432234432234435,0.003418803418803419,118.81,-68.37,-6.06,C6
0.011965811965811967,0.021001221001221003,0.007081807081807082,0.026862026862026864,0.003418803418803419,120.25,-71.06,-2.12,C6
0.0002442002442002442,0.003663003663003663,0.009768009768009768,0.011233211233211233,0.003418803418803419,121.5,-71.75,-0.13,C6
0.010256410256410256,0.022954822954822957,0.02612942612942613,0.0,0.003418803418803419,121.19,-71.06,0.25,C6
0.017094017094017096,0.03638583638583639,0.03736263736263736,0.00805860805860806,0.003418803418803419,119.44,-66.31,-0.56,C6
0.02197802197802198,0.04566544566544566,0.04542124542124542,0.013675213675213675,0.003418803418803419,119.56,-60.69,-1.19,C6
0.020512820512820513,0.04493284493284493,0.04395604395604396,0.010744810744810745,0.003418803418803419,119.94,-57.5,-1.06,C6
0.011721611721611722,0.0315018315018315,0.03223443223443224,0.0004884004884004884,0.003418803418803419,120.31,-57.69,-1.94,C6
0.0,0.007814407814407814,0.014652014652014652,0.014163614163614164,0.003418803418803419,120.25,-58.63,-3.44,C6
0.008302808302808303,0.008791208791208791,0.001221001221001221,0.023687423687423687,0.003418803418803419,119.87,-60.31,-5.12,C6
0.01391941391941392,0.02026862026862027,0.008302808302808303,0.030525030525030524,0.003418803418803419,119.44,-64.31,-6.69,C6
0.017094017094017096,0.028083028083028084,0.014896214896214897,0.035164835164835165,0.003418803418803419,119.56,-70.37,-4.25,C6
0.012454212454212455,0.018070818070818073,0.008547008547008548,0.02735042735042735,0.002197802197802198,120.44,-73.25,-1.75,C6
0.0009768009768009768,0.007081807081807082,0.009035409035409036,0.010500610500610501,0.0014652014652014652,121.06,-73.56,-0.13,C6
0.011477411477411478,0.025885225885225887,0.025152625152625153,0.001221001221001221,0.0009768009768009768,121.25,-73.5,-0.37,C6
0.018803418803418803,0.03907203907203907,0.03663003663003663,0.009523809523809525,0.0004884004884004884,120.0,-70.25,-2.62,C6
0.023931623931623933,0.04835164835164835,0.044444444444444446,0.014652014652014652,0.0002442002442002442,119.5,-63.13,-4.69,C6
0.023931623931623933,0.04810744810744811,0.044444444444444446,0.012698412698412698,0.001221001221001221,120.25,-58.81,-4.62,C6
0.01684981684981685,0.03492063492063492,0.0336996336996337,0.0014652014652014652,0.0007326007326007326,120.19,-58.06,-5.12,C6
0.004395604395604396,0.011477411477411478,0.01684981684981685,0.01221001221001221,0.0002442002442002442,119.69,-58.5,-6.12,C6
0.005860805860805861,0.00757020757020757,0.0019536019536019536,0.023443223443223443,0.0,119.62,-59.06,-6.81,C6
0.012942612942612943,0.021001221001221003,0.008547008547008548,0.0315018315018315,0.0,118.87,-62.44,-8.44,C6
0.018070818070818073,0.03028083028083028,0.015873015873015872,0.03711843711843712,0.0002442002442002442,119.81,-65.69,-7.94,C6
0.016361416361416362,0.027594627594627594,0.013675213675213675,0.0336996336996337,0.0002442002442002442,121.31,-68.87,-4.31,C6
0.007814407814407814,0.004884004884004884,0.0019536019536019536,0.020024420024420026,0.0002442002442002442,122.44,-71.0,-2.0,C6
0.005128205128205128,0.017582417582417582,0.02026862026862027,0.0031746031746031746,0.0002442002442002442,122.94,-71.06,-1.31,C6
0.014163614163614164,0.03321123321123321,0.03296703296703297,0.008547008547008548,0.0002442002442002442,122.75,-70.5,-1.5,C6
0.020757020757020756,0.0442002442002442,0.042002442002442006,0.01684981684981685,0.0004884004884004884,121.06,-65.44,-4.87,C6
0.02490842490842491,0.05030525030525031,0.04786324786324787,0.01855921855921856,0.0004884004884004884,121.56,-57.69,-4.94,C6
0.022466422466422466,0.046153846153846156,0.04493284493284493,0.011477411477411478,0.0004884004884004884,122.5,-53.88,-3.81,C6
0.011965811965811967,0.026373626373626374,0.030525030525030524,0.002442002442002442,0.0007326007326007326,122.25,-53.81,-3.75,C6
0.0002442002442002442,0.003663003663003663,0.013186813186813187,0.016361416361416362,0.0014652014652014652,121.81,-54.69,-4.5,C6
0.007814407814407814,0.012454212454212455,0.0007326007326007326,0.025885225885225887,0.002197802197802198,121.37,-56.81,-5.56,C6
0.013675213675213675,0.023687423687423687,0.007814407814407814,0.032722832722832725,0.002442002442002442,120.94,-61.31,-7.44,C6
0.01684981684981685,0.030036630036630037,0.01391941391941392,0.03663003663003663,0.002686202686202686,121.87,-65.25,-5.25,C6
0.01221001221001221,0.018070818070818073,0.006593406593406593,0.027106227106227107,0.0017094017094017094,123.06,-67.37,-1.31,C6
0.001221001221001221,0.006593406593406593,0.009523809523809525,0.009768009768009768,0.001221001221001221,123.56,-67.87,0.62,C6
0.011965811965811967,0.02442002442002442,0.02271062271062271,0.002442002442002442,0.0007326007326007326,123.44,-67.37,0.75,C6
0.019291819291819293,0.036874236874236875,0.031746031746031744,0.01098901098901099,0.0002442002442002442,121.94,-63.75,-1.69,C6
0.02442002442002442,0.04566544566544566,0.03833943833943834,0.014652014652014652,0.0,121.06,-57.63,-3.87,C6
0.0231990231990232,0.043467643467643466,0.035897435897435895,0.009768009768009768,0.0,121.37,-53.69,-2.87,C6
0.01221001221001221,0.02442002442002442,0.023443223443223443,0.0029304029304029304,0.0009768009768009768,121.44,-52.81,-2.56,C6
0.0014652014652014652,0.0029304029304029304,0.00757020757020757,0.015873015873015872,0.0017094017094017094,121.25,-53.19,-2.94,C6
0.006349206349206349,0.012942612942612943,0.005372405372405372,0.02612942612942613,0.002197802197802198,121.25,-54.0,-3.5,C6
0.011965811965811967,0.024175824175824177,0.014407814407814409,0.03321123321123321,0.002686202686202686,120.62,-56.94,-5.62,C6
0.01562881562881563,0.03199023199023199,0.020757020757020756,0.03833943833943834,0.0029304029304029304,120.81,-61.44,-6.62,C6
0.016361416361416362,0.03540903540903541,0.022466422466422466,0.038583638583638585,0.0019536019536019536,121.75,-64.87,-4.31,C6
0.010500610500610501,0.013431013431013432,0.005128205128205128,0.020024420024420026,0.001221001221001221,122.87,-66.56,-1.87,C6
0.002197802197802198,0.012698412698412698,0.016361416361416362,0.0002442002442002442,0.0007326007326007326,123.31,-66.87,-0.31,C6
0.011965811965811967,0.031013431013431014,0.03223443223443224,0.014163614163614164,0.0002442002442002442,122.87,-66.62,-0.19,C6
0.01855921855921856,0.04371184371184371,0.043467643467643466,0.023931623931623933,0.0,121.31,-62.38,-1.44,C6
0.0231990231990232,0.051526251526251524,0.05128205128205128,0.027594627594627594,0.0002442002442002442,120.62,-57.44,-3.69,C6
0.022466422466422466,0.050061050061050064,0.050793650793650794,0.023443223443223443,0.0002442002442002442,120.25,-55.44,-3.37,C6
0.014163614163614164,0.03833943833943834,0.04078144078144078,0.012454212454212455,0.0004884004884004884,119.56,-55.63,-4.37,C6
0.0014652014652014652,0.016361416361416362,0.02564102564102564,0.001221001221001221,0.0004884004884004884,119.56,-55.94,-4.75,C6
0.00805860805860806,0.003418803418803419,0.010256410256410256,0.014163614163614164,0.0004884004884004884,119.44,-56.38,-5.37,C6
0.014652014652014652,0.01733821733821734,0.0002442002442002442,0.0231990231990232,0.0004884004884004884,118.94,-57.38,-5.87,C6
0.019536019536019536,0.027106227106227107,0.007814407814407814,0.029304029304029304,0.0004884004884004884,118.19,-60.13,-5.5,C6
0.01978021978021978,0.03223443223443224,0.012698412698412698,0.03223443223443224,0.0004884004884004884,118.62,-64.06,-3.25,C6
0.012454212454212455,0.01514041514041514,0.0007326007326007326,0.020757020757020756,0.0004884004884004884,119.62,-67.0,0.25,C6
0.002686202686202686,0.011233211233211233,0.01855921855921856,0.0009768009768009768,0.0004884004884004884,120.19,-67.19,1.75,C6
0.01391941391941392,0.029548229548229547,0.033455433455433455,0.012698412698412698,0.0004884004884004884,120.12,-66.37,2.0,C6
0.02148962148962149,0.04249084249084249,0.04371184371184371,0.022466422466422466,0.0004884004884004884,118.19,-62.69,-2.69,C6
0.027106227106227107,0.05128205128205128,0.05103785103785104,0.025396825396825397,0.0007326007326007326,117.5,-56.25,-4.25,C6
0.02564102564102564,0.05128205128205128,0.05103785103785104,0.021733821733821733,0.0014652014652014652,117.56,-53.44,-4.25,C6
0.016361416361416362,0.03663003663003663,0.0398046398046398,0.00927960927960928,0.002197802197802198,117.5,-52.81,-4.5,C6
0.005128205128205128,0.012942612942612943,0.02271062271062271,0.005372405372405372,0.002442002442002442,117.56,-53.31,-5.12,C6
0.002442002442002442,0.00463980463980464,0.007814407814407814,0.01733821733821734,0.0029304029304029304,117.5,-54.5,-5.69,C6
0.00805860805860806,0.01684981684981685,0.002442002442002442,0.025885225885225887,0.0029304029304029304,116.87,-58.75,-7.87,C6
0.011721611721611722,0.025396825396825397,0.009768009768009768,0.031746031746031744,0.0031746031746031746,116.5,-63.25,-9.25,C6
0.010744810744810745,0.023931623931623933,0.010256410256410256,0.03028083028083028,0.0031746031746031746,117.62,-64.87,-5.5,C6
0.002197802197802198,0.0029304029304029304,0.0029304029304029304,0.016605616605616606,0.003418803418803419,118.0,-64.94,-2.06,C6
0.010744810744810745,0.019536019536019536,0.019291819291819293,0.0017094017094017094,0.003418803418803419,117.75,-65.25,-0.31,C6
0.019536019536019536,0.03540903540903541,0.030525030525030524,0.008791208791208791,0.003418803418803419,117.12,-63.94,-0.37,C6
0.025885225885225887,0.0463980463980464,0.038583638583638585,0.01611721611721612,0.003418803418803419,116.06,-60.81,-3.94,C6
0.02735042735042735,0.050061050061050064,0.041025641025641026,0.01514041514041514,0.003418803418803419,116.75,-57.25,-3.37,C6
0.02148962148962149,0.041025641025641026,0.032722832722832725,0.005860805860805861,0.003418803418803419,117.56,-55.56,-2.69,C6
0.008547008547008548,0.018070818070818073,0.016361416361416362,0.007814407814407814,0.003418803418803419,117.62,-55.0,-2.31,C6
0.001221001221001221,0.002442002442002442,0.0014652014652014652,0.019536019536019536,0.003418803418803419,117.44,-56.63,-3.0,C6
0.00805860805860806,0.016605616605616606,0.008791208791208791,0.02783882783882784,0.003418803418803419,118.12,-59.5,-3.81,C6
0.012698412698412698,0.026862026862026864,0.01611721611721612,0.0336996336996337,0.003418803418803419,118.37,-63.31,-4.37,C6
0.012698412698412698,0.02857142857142857,0.018315018315018316,0.0336996336996337,0.003418803418803419,119.19,-66.31,-1.62,C6
0.005616605616605617,0.006349206349206349,0.004884004884004884,0.021733821733821733,0.002197802197802198,120.31,-67.31,1.44,C6
0.006105006105006105,0.017094017094017096,0.01391941391941392,0.004884004884004884,0.0014652014652014652,120.75,-67.19,2.5,C6
0.01562881562881563,0.03467643467643468,0.03028083028083028,0.006837606837606838,0.0009768009768009768,121.0,-67.12,3.0,C6
0.022222222222222223,0.046886446886446886,0.04151404151404151,0.014896214896214897,0.0004884004884004884,119.62,-65.25,0.5,C6
0.026862026862026864,0.05543345543345543,0.04957264957264957,0.020757020757020756,0.0002442002442002442,118.75,-60.5,-2.5,C6
0.02564102564102564,0.054945054945054944,0.04981684981684982,0.01904761904761905,0.0,119.19,-56.88,-2.94,C6
0.018070818070818073,0.04322344322344322,0.0398046398046398,0.008791208791208791,0.0002442002442002442,119.37,-55.88,-2.87,C6
0.005860805860805861,0.019291819291819293,0.022222222222222223,0.005128205128205128,0.0002442002442002442,119.31,-55.69,-2.87,C6
0.003907203907203907,0.0009768009768009768,0.006105006105006105,0.017582417582417582,0.0002442002442002442,119.19,-55.94,-3.31,C6
0.010744810744810745,0.015384615384615385,0.005128205128205128,0.02612942612942613,0.0007326007326007326,118.75,-58.06,-4.06,C6
0.015384615384615385,0.025396825396825397,0.012942612942612943,0.03223443223443224,0.0004884004884004884,118.37,-61.56,-4.81,C6
0.014652014652014652,0.027106227106227107,0.014652014652014652,0.03125763125763126,0.001221001221001221,119.25,-65.87,-3.62,C6
0.00757020757020757,0.006593406593406593,0.0004884004884004884,0.01855921855921856,0.0019536019536019536,120.31,-66.75,-1.87,C6
0.003418803418803419,0.014652014652014652,0.015873015873015872,0.004151404151404151,0.001221001221001221,120.75,-66.94,-0.62,C6
0.011233211233211233,0.029792429792429794,0.02783882783882784,0.006105006105006105,0.0007326007326007326,120.81,-66.94,-0.44,C6
0.016605616605616606,0.040293040293040296,0.036141636141636145,0.013186813186813187,0.0004884004884004884,119.81,-65.06,-1.94,C6
0.01978021978021978,0.046153846153846156,0.042002442002442006,0.016361416361416362,0.0002442002442002442,119.0,-59.13,-5.0,C6
0.018315018315018316,0.04493284493284493,0.04053724053724054,0.012942612942612943,0.0,119.31,-56.31,-4.37,C6
0.010744810744810745,0.027106227106227107,0.026617826617826617,0.0,0.0009768009768009768,119.31,-55.63,-4.19,C6
0.0002442002442002442,0.005128205128205128,0.010256410256410256,0.013675213675213675,0.0017094017094017094,119.37,-55.5,-4.31,C6
0.007326007326007326,0.010256410256410256,0.002197802197802198,0.0231990231990232,0.002197802197802198,119.19,-56.19,-4.94,C6
0.012454212454212455,0.021001221001221003,0.01098901098901099,0.029792429792429794,0.002442002442002442,119.19,-60.19,-6.62,C6
0.014163614163614164,0.02783882783882784,0.01733821733821734,0.033455433455433455,0.0017094017094017094,121.19,-64.62,-6.19,C6
0.010500610500610501,0.01391941391941392,0.008547008547008548,0.022954822954822957,0.0009768009768009768,122.19,-67.44,-4.37,C6
0.0002442002442002442,0.005860805860805861,0.006349206349206349,0.007814407814407814,0.0004884004884004884,122.56,-69.0,-2.75,C6
0.009035409035409036,0.02197802197802198,0.021245421245421246,0.002686202686202686,0.0002442002442002442,122.56,-68.94,-2.56,C6
0.015384615384615385,0.03321123321123321,0.031746031746031744,0.010256410256410256,0.0,121.44,-67.5,-4.0,C6
0.019536019536019536,0.041025641025641026,0.03907203907203907,0.015384615384615385,0.0002442002442002442,119.94,-60.75,-6.56,C6
0.019291819291819293,0.041758241758241756,0.03956043956043956,0.01391941391941392,0.0002442002442002442,120.0,-56.31,-4.75,C6
0.01098901098901099,0.025885225885225887,0.02735042735042735,0.002197802197802198,0.0002442002442002442,120.06,-55.63,-4.25,C6
0.0002442002442002442,0.003663003663003663,0.010500610500610501,0.011477411477411478,0.0002442002442002442,120.06,-55.81,-4.44,C6
0.008302808302808303,0.013186813186813187,0.0029304029304029304,0.022222222222222223,0.0007326007326007326,119.87,-56.75,-5.19,C6
0.014163614163614164,0.02490842490842491,0.012454212454212455,0.029548229548229547,0.0014652014652014652,119.75,-60.06,-6.44,C6
0.018070818070818073,0.03321123321123321,0.019291819291819293,0.03492063492063492,0.0019536019536019536,120.81,-65.44,-6.75,C6
0.015873015873015872,0.028083028083028084,0.015384615384615385,0.029304029304029304,0.002442002442002442,122.31,-69.81,-3.37,C6
0.006593406593406593,0.004151404151404151,0.0002442002442002442,0.014896214896214897,0.002686202686202686,122.94,-71.12,-1.81,C6
0.005128205128205128,0.018315018315018316,0.018803418803418803,0.0,0.0029304029304029304,123.31,-71.44,-1.25,C6
0.013431013431013432,0.03418803418803419,0.03199023199023199,0.010256410256410256,0.0029304029304029304,122.0,-69.81,-3.06,C6
0.019291819291819293,0.045177045177045176,0.041025641025641026,0.01733821733821734,0.0031746031746031746,120.56,-62.13,-5.31,C6
0.01978021978021978,0.047619047619047616,0.0442002442002442,0.017094017094017096,0.0031746031746031746,120.81,-58.25,-4.94,C6
0.013431013431013432,0.03540903540903541,0.03492063492063492,0.006105006105006105,0.0031746031746031746,120.5,-57.56,-5.44,C6
0.0031746031746031746,0.012698412698412698,0.01855921855921856,0.008302808302808303,0.0031746031746031746,120.44,-57.56,-5.87,C6
0.005372405372405372,0.005860805860805861,0.004395604395604396,0.02026862026862027,0.0031746031746031746,120.25,-57.44,-6.5,C6
0.011233211233211233,0.018803418803418803,0.005616605616605617,0.02857142857142857,0.0031746031746031746,120.12,-59.94,-8.0,C6
0.015384615384615385,0.028083028083028084,0.012698412698412698,0.034432234432234435,0.002197802197802198,121.19,-64.69,-6.87,C6
0.014652014652014652,0.027594627594627594,0.013431013431013432,0.03247863247863248,0.001221001221001221,122.19,-68.94,-3.12,C6
0.003663003663003663,0.0009768009768009768,0.0031746031746031746,0.01733821733821734,0.0007326007326007326,122.94,-69.87,-0.75,C6
0.007081807081807082,0.021733821733821733,0.021733821733821733,0.002197802197802198,0.0002442002442002442,123.31,-69.94,-0.88,C6
0.014407814407814409,0.03785103785103785,0.03492063492063492,0.008547008547008548,0.0,122.25,-66.75,-2.94,C6
0.01978021978021978,0.04908424908424908,0.0442002442002442,0.015873015873015872,0.0,121.5,-58.38,-4.44,C6
0.019536019536019536,0.050793650793650794,0.04542124542124542,0.01514041514041514,0.0002442002442002442,121.87,-54.81,-5.06,C6
0.014163614163614164,0.033455433455433455,0.032722832722832725,0.002442002442002442,0.0009768009768009768,121.5,-55.69,-5.69,C6
0.004395604395604396,0.010012210012210013,0.015873015873015872,0.011721611721611722,0.0017094017094017094,121.62,-56.69,-5.94,C6
0.0029304029304029304,0.006349206349206349,0.003907203907203907,0.02148962148962149,0.002197802197802198,121.75,-59.75,-6.5,C6
0.00805860805860806,0.018070818070818073,0.004395604395604396,0.028327228327228327,0.002442002442002442,122.0,-64.5,-6.06,C6
0.011721611721611722,0.022466422466422466,0.009035409035409036,0.030036630036630037,0.0017094017094017094,122.69,-70.87,-1.87,C6
0.00927960927960928,0.00463980463980464,0.001221001221001221,0.020757020757020756,0.0009768009768009768,123.5,-73.44,3.87,C6
0.0002442002442002442,0.017582417582417582,0.015873015873015872,0.007326007326007326,0.0004884004884004884,123.94,-73.44,6.5,C6
0.009035409035409036,0.035164835164835165,0.030036630036630037,0.002197802197802198,0.0002442002442002442,123.87,-72.75,7.0,C6
0.01514041514041514,0.04713064713064713,0.0398046398046398,0.008791208791208791,0.0,121.56,-66.44,-0.56,C6
0.019536019536019536,0.05567765567765568,0.046886446886446886,0.013186813186813187,0.0002442002442002442,120.12,-59.56,-4.81,C6
0.018803418803418803,0.05274725274725275,0.043467643467643466,0.00757020757020757,0.0002442002442002442,120.37,-56.44,-4.44,C6
0.010744810744810745,0.0315018315018315,0.027594627594627594,0.005860805860805861,0.0004884004884004884,120.44,-55.94,-4.25,C6
0.002197802197802198,0.010744810744810745,0.010500610500610501,0.018070818070818073,0.0004884004884004884,119.87,-57.44,-5.12,C6
0.003663003663003663,0.003907203907203907,0.0014652014652014652,0.026617826617826617,0.0004884004884004884,120.62,-61.19,-5.69,C6
0.00757020757020757,0.01391941391941392,0.009768009768009768,0.03247863247863248,0.0004884004884004884,121.87,-65.75,-2.5,C6
0.005372405372405372,0.005860805860805861,0.0031746031746031746,0.026617826617826617,0.0004884004884004884,123.37,-68.5,0.44,C6
0.002686202686202686,0.014163614163614164,0.011233211233211233,0.01514041514041514,0.0004884004884004884,124.31,-69.19,2.12,C6
0.010500610500610501,0.02857142857142857,0.025885225885225887,0.006349206349206349,0.0004884004884004884,124.44,-68.81,2.19,C6
0.015873015873015872,0.038583638583638585,0.03638583638583639,0.0002442002442002442,0.0004884004884004884,121.87,-61.19,-4.56,C6
0.01978021978021978,0.04566544566544566,0.043467643467643466,0.004151404151404151,0.0004884004884004884,120.94,-56.5,-6.31,C6
0.01611721611721612,0.0380952380952381,0.03736263736263736,0.0031746031746031746,0.0004884004884004884,120.87,-56.13,-6.25,C6
0.004884004884004884,0.012942612942612943,0.019291819291819293,0.01611721611721612,0.0004884004884004884,120.75,-56.56,-6.5,C6
0.0031746031746031746,0.00463980463980464,0.005860805860805861,0.025396825396825397,0.0004884004884004884,120.69,-58.06,-6.62,C6
0.009035409035409036,0.017094017094017096,0.003418803418803419,0.031746031746031744,0.0004884004884004884,120.5,-62.31,-7.0,C6
0.012942612942612943,0.023931623931623933,0.009768009768009768,0.03418803418803419,0.0004884004884004884,121.12,-66.31,-3.69,C6
0.008791208791208791,0.00927960927960928,0.002197802197802198,0.022222222222222223,0.0004884004884004884,122.0,-68.87,4.31,C6
0.001221001221001221,0.013675213675213675,0.018803418803418803,0.006837606837606838,0.0004884004884004884,122.69,-67.94,5.69,C6
0.008302808302808303,0.029792429792429794,0.03028083028083028,0.004151404151404151,0.0004884004884004884,121.75,-66.56,4.31,C6
0.013186813186813187,0.04126984126984127,0.038583638583638585,0.011721611721611722,0.0004884004884004884,120.12,-60.0,-1.5,C6
0.015384615384615385,0.04566544566544566,0.042735042735042736,0.012942612942612943,0.0004884004884004884,120.06,-57.5,-2.31,C6
0.008791208791208791,0.03394383394383394,0.03321123321123321,0.0029304029304029304,0.0004884004884004884,120.25,-57.38,-3.37,C6
0.0017094017094017094,0.011477411477411478,0.01611721611721612,0.01098901098901099,0.0007326007326007326,120.44,-57.25,-3.75,C6
0.010012210012210013,0.007081807081807082,0.0009768009768009768,0.02271062271062271,0.0014652014652014652,120.5,-57.19,-3.75,C6
0.01562881562881563,0.02026862026862027,0.009523809523809525,0.03125763125763126,0.0019536019536019536,120.25,-57.5,-4.12,C6
0.019536019536019536,0.029548229548229547,0.017094017094017096,0.03711843711843712,0.001221001221001221,120.25,-62.0,-5.81,C6
0.02197802197802198,0.03540903540903541,0.022222222222222223,0.04151404151404151,0.0007326007326007326,120.69,-65.5,-4.5,C6
0.017582417582417582,0.02490842490842491,0.01391941391941392,0.03199023199023199,0.0004884004884004884,121.12,-69.69,-0.62,C6
0.008547008547008548,0.0007326007326007326,0.003418803418803419,0.015384615384615385,0.0002442002442002442,121.62,-70.0,1.56,C6
0.0007326007326007326,0.02148962148962149,0.021733821733821733,0.002686202686202686,0.0,121.87,-68.69,2.56,C6
0.007326007326007326,0.035897435897435895,0.03467643467643468,0.006105006105006105,0.0002442002442002442,120.81,-64.25,0.94,C6
0.011965811965811967,0.046153846153846156,0.04371184371184371,0.01221001221001221,0.0002442002442002442,120.37,-57.0,-1.5,C6
0.010744810744810745,0.046886446886446886,0.044444444444444446,0.010500610500610501,0.0004884004884004884,121.06,-54.25,-0.44,C6
0.0014652014652014652,0.03223443223443224,0.032722832722832725,0.0002442002442002442,0.0004884004884004884,121.31,-54.5,-0.88,C6
0.008791208791208791,0.009523809523809525,0.015384615384615385,0.01391941391941392,0.0004884004884004884,121.0,-55.94,-2.19,C6
0.01611721611721612,0.008302808302808303,0.0002442002442002442,0.02490842490842491,0.0004884004884004884,121.12,-57.13,-2.94,C6
0.021245421245421246,0.020757020757020756,0.010256410256410256,0.032722832722832725,0.0004884004884004884,120.62,-59.44,-4.37,C6
0.02490842490842491,0.029548229548229547,0.017582417582417582,0.0380952380952381,0.0004884004884004884,121.19,-63.88,-4.19,C6
0.023687423687423687,0.03028083028083028,0.018803418803418803,0.03565323565323565,0.0004884004884004884,121.87,-68.56,-0.19,C6
0.015384615384615385,0.010744810744810745,0.004395604395604396,0.021001221001221003,0.0004884004884004884,122.87,-68.62,2.56,C6
0.00463980463980464,0.010012210012210013,0.012698412698412698,0.00805860805860806,0.0004884004884004884,123.0,-68.25,2.81,C6
0.0031746031746031746,0.024664224664224663,0.024664224664224663,0.001221001221001221,0.0004884004884004884,122.5,-66.87,2.5,C6
0.008302808302808303,0.03492063492063492,0.03321123321123321,0.00757020757020757,0.0004884004884004884,121.44,-60.13,-2.94,C6
0.009523809523809525,0.038583638583638585,0.03638583638583639,0.00805860805860806,0.0004884004884004884,121.81,-57.94,-2.5,C6
0.0009768009768009768,0.02490842490842491,0.02490842490842491,0.0029304029304029304,0.0004884004884004884,122.06,-57.0,-1.94,C6
0.009035409035409036,0.003418803418803419,0.008791208791208791,0.01611721611721612,0.0004884004884004884,121.87,-57.44,-2.06,C6
0.01611721611721612,0.01391941391941392,0.005616605616605617,0.026862026862026864,0.0004884004884004884,121.69,-58.94,-3.31,C6
0.021001221001221003,0.025885225885225887,0.01562881562881563,0.034432234432234435,0.0004884004884004884,120.81,-63.31,-5.5,C6
0.024664224664224663,0.034432234432234435,0.02271062271062271,0.0398046398046398,0.0004884004884004884,120.87,-67.19,-5.37,C6
0.021733821733821733,0.029548229548229547,0.019536019536019536,0.03540903540903541,0.0004884004884004884,121.25,-68.62,-2.44,C6
0.014163614163614164,0.012454212454212455,0.006105006105006105,0.023931623931623933,0.0007326007326007326,121.75,-69.44,-0.56,C6
0.003663003663003663,0.00757020757020757,0.010744810744810745,0.010012210012210013,0.0017094017094017094,122.19,-68.81,0.0,C6
0.004884004884004884,0.02148962148962149,0.0231990231990232,0.0002442002442002442,0.002197802197802198,122.37,-69.19,0.37,C6
0.010744810744810745,0.03125763125763126,0.031746031746031744,0.006593406593406593,0.002442002442002442,121.31,-64.75,-2.06,C6
0.014896214896214897,0.03736263736263736,0.037606837606837605,0.009768009768009768,0.002686202686202686,120.87,-57.63,-3.94,C6
0.01221001221001221,0.03418803418803419,0.03467643467643468,0.003907203907203907,0.0029304029304029304,121.31,-53.31,-3.0,C6
0.0019536019536019536,0.01391941391941392,0.018803418803418803,0.010500610500610501,0.0029304029304029304,121.0,-53.44,-3.56,C6
0.008547008547008548,0.006837606837606838,0.0017094017094017094,0.023443223443223443,0.0031746031746031746,120.87,-54.5,-4.31,C6
0.01562881562881563,0.02148962148962149,0.010256410256410256,0.03247863247863248,0.0031746031746031746,120.75,-58.94,-6.44,C6
0.020757020757020756,0.031746031746031744,0.01855921855921856,0.03907203907203907,0.0031746031746031746,121.5,-65.06,-6.94,C6
0.018803418803418803,0.031013431013431014,0.01855921855921856,0.03638583638583639,0.002197802197802198,122.12,-66.87,-4.12,C6
0.010012210012210013,0.00757020757020757,0.00463980463980464,0.02197802197802198,0.0014652014652014652,122.31,-68.44,-2.62,C6
0.0002442002442002442,0.012454212454212455,0.01098901098901099,0.009035409035409036,0.0009768009768009768,122.5,-68.31,-1.75,C6
0.007081807081807082,0.026617826617826617,0.02197802197802198,0.0,0.0004884004884004884,122.5,-68.5,-1.56,C6
0.011965811965811967,0.03663003663003663,0.029792429792429794,0.006593406593406593,0.0002442002442002442,121.62,-64.44,-2.44,C6
0.014896214896214897,0.04249084249084249,0.035164835164835165,0.00805860805860806,0.0,122.06,-58.38,-3.0,C6
0.01098901098901099,0.03785103785103785,0.030036630036630037,0.0007326007326007326,0.0,123.06,-55.75,-1.25,C6
0.0,0.018315018315018316,0.014652014652014652,0.012942612942612943,0.0002442002442002442,123.19,-55.31,-2.44,C6
0.01098901098901099,0.003907203907203907,0.002686202686202686,0.02564102564102564,0.0002442002442002442,122.87,-56.19,-3.56,C6
0.01855921855921856,0.019291819291819293,0.014652014652014652,0.034432234432234435,0.0002442002442002442,122.31,-57.56,-5.0,C6
0.023931623931623933,0.03028083028083028,0.022954822954822957,0.04078144078144078,0.0002442002442002442,120.31,-62.88,-6.19,C6
0.026862026862026864,0.03711843711843712,0.028327228327228327,0.044444444444444446,0.0002442002442002442,121.31,-66.44,-3.87,C6
0.021245421245421246,0.02612942612942613,0.019536019536019536,0.03467643467643468,0.0004884004884004884,122.75,-68.44,-0.5,C6
0.00927960927960928,0.0007326007326007326,0.0007326007326007326,0.015873015873015872,0.0004884004884004884,123.31,-67.25,-0.13,C6
0.0014652014652014652,0.01684981684981685,0.01733821733821734,0.002686202686202686,0.0004884004884004884,123.44,-67.31,0.0,C6
0.009035409035409036,0.029304029304029304,0.02905982905982906,0.006593406593406593,0.0004884004884004884,122.87,-66.06,0.06,C6
0.014163614163614164,0.03711843711843712,0.03711843711843712,0.012698412698412698,0.0004884004884004884,121.06,-60.19,-1.12,C6
0.01514041514041514,0.0398046398046398,0.040293040293040296,0.012698412698412698,0.0004884004884004884,120.5,-54.25,-0.94,C6
0.010256410256410256,0.03394383394383394,0.03492063492063492,0.002442002442002442,0.0004884004884004884,121.25,-52.13,-0.75,C6
0.0004884004884004884,0.014896214896214897,0.020512820512820513,0.012698412698412698,0.0004884004884004884,121.37,-51.44,-0.44,C6
0.010500610500610501,0.005128205128205128,0.004151404151404151,0.02564102564102564,0.0004884004884004884,121.31,-51.75,-0.81,C6
0.017582417582417582,0.019291819291819293,0.00757020757020757,0.03467643467643468,0.0004884004884004884,121.06,-55.13,-1.94,C6
0.022466422466422466,0.029304029304029304,0.01562881562881563,0.041025641025641026,0.0004884004884004884,121.69,-59.88,-2.37,C6
0.023931623931623933,0.03394383394383394,0.020512820512820513,0.041025641025641026,0.0004884004884004884,123.19,-63.81,1.12,C6
0.01733821733821734,0.01611721611721612,0.010012210012210013,0.02857142857142857,0.0004884004884004884,124.19,-65.0,2.94,C6
0.005128205128205128,0.006837606837606838,0.006349206349206349,0.011233211233211233,0.0004884004884004884,124.44,-64.81,3.12,C6
0.00463980463980464,0.022954822954822957,0.021001221001221003,0.001221001221001221,0.0004884004884004884,124.44,-65.12,3.12,C6
0.011477411477411478,0.03418803418803419,0.03125763125763126,0.009768009768009768,0.0004884004884004884,123.5,-64.12,2.19,C6
0.016361416361416362,0.042002442002442006,0.03833943833943834,0.014652014652014652,0.0004884004884004884,121.87,-59.13,-0.94,C6
0.015873015873015872,0.04297924297924298,0.039316239316239315,0.013186813186813187,0.0004884004884004884,122.62,-53.56,-0.13,C6
0.008791208791208791,0.031746031746031744,0.029548229548229547,0.0007326007326007326,0.0004884004884004884,122.75,-53.0,0.0,C6
0.0029304029304029304,0.008791208791208791,0.012454212454212455,0.01391941391941392,0.0004884004884004884,122.44,-53.56,-0.19,C6
0.011233211233211233,0.00805860805860806,0.0014652014652014652,0.02442002442002442,0.0004884004884004884,122.19,-55.44,-0.69,C6
0.01733821733821734,0.020024420024420026,0.011233211233211233,0.031746031746031744,0.0004884004884004884,122.25,-59.88,-1.69,C6
0.02148962148962149,0.028327228327228327,0.018315018315018316,0.036874236874236875,0.0004884004884004884,123.12,-63.38,0.25,C6
0.018315018315018316,0.020512820512820513,0.011965811965811967,0.03028083028083028,0.0004884004884004884,124.19,-66.56,3.81,C6
0.008547008547008548,0.0004884004884004884,0.003663003663003663,0.01514041514041514,0.0004884004884004884,124.62,-66.75,5.25,C6
0.0029304029304029304,0.018803418803418803,0.020757020757020756,0.002197802197802198,0.0004884004884004884,124.87,-67.06,5.56,C6
0.01098901098901099,0.03125763125763126,0.032722832722832725,0.006593406593406593,0.0004884004884004884,123.75,-63.56,4.19,C6
0.016605616605616606,0.040293040293040296,0.041025641025641026,0.012942612942612943,0.0004884004884004884,122.94,-55.19,1.0,C6
0.016605616605616606,0.040293040293040296,0.041025641025641026,0.010256410256410256,0.0004884004884004884,123.44,-51.75,1.81,C6
0.008791208791208791,0.025152625152625153,0.02857142857142857,0.002197802197802198,0.0004884004884004884,123.44,-52.0,1.62,C6
0.0029304029304029304,0.0029304029304029304,0.011721611721611722,0.01611721611721612,0.0004884004884004884,123.12,-52.75,1.5,C6
0.011721611721611722,0.013675213675213675,0.0029304029304029304,0.027106227106227107,0.0004884004884004884,122.94,-53.69,1.25,C6
0.018070818070818073,0.025152625152625153,0.013186813186813187,0.035164835164835165,0.0004884004884004884,122.5,-56.5,0.44,C6
0.022466422466422466,0.03321123321123321,0.020512820512820513,0.04053724053724054,0.0004884004884004884,123.06,-59.31,0.0,C6
0.02271062271062271,0.032722832722832725,0.020757020757020756,0.03833943833943834,0.0004884004884004884,124.19,-62.63,2.56,C6
0.01611721611721612,0.014163614163614164,0.008302808302808303,0.026373626373626374,0.0004884004884004884,125.37,-65.0,5.94,C6
0.004151404151404151,0.008302808302808303,0.00927960927960928,0.011233211233211233,0.0004884004884004884,125.69,-64.75,6.56,C6
0.005616605616605617,0.02442002442002442,0.024664224664224663,0.0004884004884004884,0.0004884004884004884,125.56,-64.19,6.37,C6
0.012698412698412698,0.03565323565323565,0.03540903540903541,0.006837606837606838,0.0004884004884004884,123.94,-59.56,4.31,C6
0.01733821733821734,0.043467643467643466,0.04297924297924298,0.011721611721611722,0.0004884004884004884,123.62,-52.0,2.37,C6
0.016361416361416362,0.04224664224664225,0.04151404151404151,0.006593406593406593,0.0004884004884004884,124.06,-50.63,2.87,C6
0.006105006105006105,0.02197802197802198,0.025885225885225887,0.007814407814407814,0.0004884004884004884,123.81,-51.19,2.62,C6
0.004395604395604396,0.0014652014652014652,0.00927960927960928,0.01978021978021978,0.0004884004884004884,123.44,-52.75,2.12,C6
0.011965811965811967,0.012942612942612943,0.002442002442002442,0.028083028083028084,0.0004884004884004884,123.62,-56.19,1.0,C6
0.017094017094017096,0.022954822954822957,0.010500610500610501,0.03394383394383394,0.0004884004884004884,124.94,-59.94,3.06,C6
0.012454212454212455,0.01098901098901099,0.003418803418803419,0.02612942612942613,0.0004884004884004884,125.69,-62.19,6.06,C6
0.0014652014652014652,0.010012210012210013,0.01098901098901099,0.011477411477411478,0.0004884004884004884,125.94,-62.44,7.06,C6
0.00805860805860806,0.026862026862026864,0.02564102564102564,0.0,0.0004884004884004884,126.0,-62.5,7.06,C6
0.014896214896214897,0.038583638583638585,0.035897435897435895,0.008302808302808303,0.0004884004884004884,124.75,-61.5,5.62,C6
0.019536019536019536,0.046886446886446886,0.04322344322344322,0.01391941391941392,0.0004884004884004884,122.94,-56.0,1.25,C6
0.01904761904761905,0.047619047619047616,0.04297924297924298,0.011721611721611722,0.0004884004884004884,122.87,-52.88,1.56,C6
0.010744810744810745,0.034432234432234435,0.03125763125763126,0.0004884004884004884,0.0004884004884004884,122.87,-52.19,1.69,C6
0.0007326007326007326,0.011721611721611722,0.014652014652014652,0.012454212454212455,0.0004884004884004884,122.94,-52.19,1.44,C6
0.009768009768009768,0.006837606837606838,0.0004884004884004884,0.0231990231990232,0.0004884004884004884,122.94,-52.06,1.44,C6
0.01611721611721612,0.020024420024420026,0.009768009768009768,0.030525030525030524,0.0004884004884004884,123.0,-52.81,1.31,C6
0.020757020757020756,0.02905982905982906,0.017094017094017096,0.035897435897435895,0.0004884004884004884,123.06,-57.5,-0.19,C6
0.022954822954822957,0.03540903540903541,0.022222222222222223,0.037606837606837605,0.0004884004884004884,124.0,-61.63,1.44,C6
0.01904761904761905,0.0231990231990232,0.012454212454212455,0.026617826617826617,0.0004884004884004884,124.87,-65.5,6.06,C6
0.00757020757020757,0.002686202686202686,0.005860805860805861,0.008302808302808303,0.0004884004884004884,125.5,-65.25,7.5,C6
0.004151404151404151,0.02197802197802198,0.023443223443223443,0.004395604395604396,0.0004884004884004884,125.56,-64.87,7.69,C6
0.012454212454212455,0.03540903540903541,0.03565323565323565,0.013186813186813187,0.0004884004884004884,124.25,-62.19,5.56,C6
0.018070818070818073,0.04493284493284493,0.0442002442002442,0.01855921855921856,0.0004884004884004884,122.94,-55.19,2.06,C6
0.018070818070818073,0.04566544566544566,0.0442002442002442,0.01562881562881563,0.0004884004884004884,123.56,-52.81,2.5,C6
0.008302808302808303,0.027594627594627594,0.03028083028083028,0.002442002442002442,0.0004884004884004884,123.62,-53.06,2.69,C6
0.0029304029304029304,0.005372405372405372,0.013186813186813187,0.011965811965811967,0.0004884004884004884,123.37,-53.69,2.31,C6
0.010744810744810745,0.011477411477411478,0.0002442002442002442,0.022954822954822957,0.0004884004884004884,123.37,-54.25,1.87,C6
0.016361416361416362,0.0231990231990232,0.009768009768009768,0.03076923076923077,0.0004884004884004884,123.19,-56.13,1.19,C6
0.02026862026862027,0.03125763125763126,0.016361416361416362,0.036141636141636145,0.0004884004884004884,123.37,-59.25,0.0,C6
0.022222222222222223,0.03565323565323565,0.020512820512820513,0.03785103785103785,0.0004884004884004884,124.06,-64.37,1.0,C6
0.015384615384615385,0.02026862026862027,0.009768009768009768,0.02564102564102564,0.0004884004884004884,124.94,-67.37,3.69,C6
0.002197802197802198,0.004151404151404151,0.006105006105006105,0.008791208791208791,0.0004884004884004884,125.25,-68.44,5.44,C6
0.00805860805860806,0.023687423687423687,0.020757020757020756,0.0031746031746031746,0.0004884004884004884,125.0,-68.5,5.87,C6
0.015384615384615385,0.03736263736263736,0.031013431013431014,0.011477411477411478,0.0004884004884004884,124.25,-67.37,5.12,C6
0.02026862026862027,0.046886446886446886,0.03833943833943834,0.01733821733821734,0.0004884004884004884,122.25,-61.94,0.69,C6
0.02197802197802198,0.05054945054945055,0.042002442002442006,0.017826617826617826,0.0004884004884004884,122.06,-54.94,-1.44,C6
0.01733821733821734,0.04322344322344322,0.03638583638583639,0.00927960927960928,0.0004884004884004884,122.25,-54.0,-1.81,C6
0.004395604395604396,0.019536019536019536,0.020024420024420026,0.006105006105006105,0.0004884004884004884,122.0,-53.81,-2.25,C6
0.006349206349206349,0.0017094017094017094,0.003418803418803419,0.019291819291819293,0.0004884004884004884,121.75,-55.31,-3.0,C6
0.013675213675213675,0.016605616605616606,0.00805860805860806,0.02857142857142857,0.0004884004884004884,121.37,-57.81,-4.25,C6
0.01904761904761905,0.026862026862026864,0.01611721611721612,0.035164835164835165,0.0004884004884004884,121.56,-61.31,-4.56,C6
0.020024420024420026,0.03296703296703297,0.02148962148962149,0.03956043956043956,0.0004884004884004884,122.06,-63.56,-4.56,C6
0.01684981684981685,0.031013431013431014,0.019291819291819293,0.035897435897435895,0.0004884004884004884,123.44,-66.19,-1.25,C6
0.008791208791208791,0.009768009768009768,0.005372405372405372,0.022954822954822957,0.0004884004884004884,123.94,-66.62,0.69,C6
0.004151404151404151,0.01391941391941392,0.012698412698412698,0.005616605616605617,0.0004884004884004884,124.25,-66.25,1.25,C6
0.013431013431013432,0.03028083028083028,0.027106227106227107,0.006593406593406593,0.0004884004884004884,124.5,-66.37,1.56,C6
0.020024420024420026,0.041758241758241756,0.03736263736263736,0.01514041514041514,0.0004884004884004884,123.69,-64.5,1.19,C6
0.024664224664224663,0.04884004884004884,0.044444444444444446,0.019291819291819293,0.0004884004884004884,121.94,-57.0,-1.0,C6
0.024664224664224663,0.04957264957264957,0.046153846153846156,0.018070818070818073,0.0004884004884004884,122.37,-51.25,-1.62,C6
0.018070818070818073,0.03882783882783883,0.03711843711843712,0.006349206349206349,0.0004884004884004884,122.0,-51.25,-1.62,C6
0.00463980463980464,0.014652014652014652,0.01904761904761905,0.00927960927960928,0.0004884004884004884,121.75,-51.44,-2.0,C6
0.005860805860805861,0.005128205128205128,0.0031746031746031746,0.021733821733821733,0.0004884004884004884,121.75,-51.75,-2.12,C6
0.013431013431013432,0.01904761904761905,0.00805860805860806,0.03076923076923077,0.0004884004884004884,121.5,-53.5,-2.25,C6
0.01855921855921856,0.028815628815628817,0.015873015873015872,0.036874236874236875,0.0007326007326007326,122.0,-57.56,-3.44,C6
0.019291819291819293,0.032722832722832725,0.01978021978021978,0.03907203907203907,0.0014652014652014652,123.06,-62.94,-2.19,C6
0.011721611721611722,0.017094017094017096,0.00805860805860806,0.026862026862026864,0.0009768009768009768,123.94,-65.5,0.69,C6
0.0017094017094017094,0.00805860805860806,0.008302808302808303,0.009768009768009768,0.0004884004884004884,124.19,-65.12,2.0,C6
0.011233211233211233,0.025396825396825397,0.020757020757020756,0.002197802197802198,0.0002442002442002442,123.94,-64.69,1.94,C6
0.017826617826617826,0.03785103785103785,0.029548229548229547,0.010500610500610501,0.0,122.25,-62.0,0.06,C6
0.022222222222222223,0.046153846153846156,0.03565323565323565,0.013186813186813187,0.0,120.31,-58.5,-3.5,C6
0.020512820512820513,0.04542124542124542,0.03418803418803419,0.009035409035409036,0.0002442002442002442,120.56,-55.25,-3.94,C6
0.012698412698412698,0.031746031746031744,0.022954822954822957,0.0019536019536019536,0.0002442002442002442,120.37,-53.69,-4.0,C6
0.0004884004884004884,0.008791208791208791,0.006593406593406593,0.015384615384615385,0.0007326007326007326,120.19,-53.25,-4.25,C6
0.008791208791208791,0.010256410256410256,0.007814407814407814,0.026617826617826617,0.0014652014652014652,120.12,-53.38,-4.44,C6
0.015384615384615385,0.023443223443223443,0.01855921855921856,0.035164835164835165,0.002197802197802198,120.19,-53.38,-4.12,C6
0.020024420024420026,0.03296703296703297,0.025885225885225887,0.041025641025641026,0.002442002442002442,120.0,-55.38,-4.37,C6
0.022954822954822957,0.03907203907203907,0.03125763125763126,0.045177045177045176,0.002686202686202686,120.19,-58.19,-3.81,C6
0.02271062271062271,0.038583638583638585,0.030525030525030524,0.0442002442002442,0.0029304029304029304,120.37,-59.63,-2.0,C6
0.01514041514041514,0.019536019536019536,0.016605616605616606,0.03223443223443224,0.0031746031746031746,121.12,-61.63,0.13,C6
0.0009768009768009768,0.005616605616605617,0.002197802197802198,0.013431013431013432,0.0019536019536019536,121.56,-61.81,0.88,C6
0.009035409035409036,0.02490842490842491,0.020024420024420026,0.0,0.001221001221001221,121.25,-62.13,1.5,C6
0.01611721611721612,0.03833943833943834,0.03247863247863248,0.00927960927960928,0.0007326007326007326,120.81,-61.75,0.94,C6
0.020024420024420026,0.04786324786324787,0.04126984126984127,0.01514041514041514,0.0002442002442002442,119.12,-60.0,-2.44,C6
0.021001221001221003,0.05103785103785104,0.04493284493284493,0.016361416361416362,0.0,118.19,-57.06,-5.75,C6
0.016605616605616606,0.044444444444444446,0.04053724053724054,0.010500610500610501,0.0002442002442002442,118.62,-55.19,-6.31,C6
0.006349206349206349,0.022222222222222223,0.02564102564102564,0.002442002442002442,0.0002442002442002442,118.19,-55.56,-6.81,C6
0.004395604395604396,0.0004884004884004884,0.008791208791208791,0.015384615384615385,0.0009768009768009768,118.06,-55.88,-7.56,C6
0.011965811965811967,0.014407814407814409,0.0029304029304029304,0.024664224664224663,0.0017094017094017094,117.62,-58.19,-8.63,C6
0.017094017094017096,0.025152625152625153,0.011233211233211233,0.031013431013431014,0.0009768009768009768,117.31,-63.69,-10.63,C6
0.018070818070818073,0.028083028083028084,0.015384615384615385,0.03296703296703297,0.0007326007326007326,117.56,-69.94,-9.63,C6
0.011721611721611722,0.012454212454212455,0.00463980463980464,0.023443223443223443,0.0002442002442002442,117.87,-72.75,-7.12,C6
0.0004884004884004884,0.011721611721611722,0.013186813186813187,0.006349206349206349,0.0002442002442002442,118.0,-73.31,-6.19,C6
0.00927960927960928,0.02857142857142857,0.027594627594627594,0.005372405372405372,0.0,117.56,-72.5,-5.19,C6
0.015384615384615385,0.040293040293040296,0.037606837606837605,0.013675213675213675,0.0002442002442002442,116.81,-66.37,-6.37,C6
0.01904761904761905,0.047619047619047616,0.04468864468864469,0.016361416361416362,0.0002442002442002442,117.31,-60.75,-6.37,C6
0.014896214896214897,0.04053724053724054,0.03956043956043956,0.009523809523809525,0.0002442002442002442,117.37,-59.56,-6.81,C6
0.003418803418803419,0.01733821733821734,0.023931623931623933,0.004151404151404151,0.0002442002442002442,117.31,-59.44,-7.5,C6
0.006349206349206349,0.0031746031746031746,0.008547008547008548,0.017094017094017096,0.0002442002442002442,117.31,-60.06,-8.19,C6
0.013186813186813187,0.01733821733821734,0.002197802197802198,0.02612942612942613,0.0002442002442002442,117.19,-62.13,-8.56,C6
0.018070818070818073,0.027594627594627594,0.009768009768009768,0.03223443223443224,0.0002442002442002442,117.56,-66.06,-8.69,C6
0.015873015873015872,0.022222222222222223,0.009768009768009768,0.029304029304029304,0.0002442002442002442,118.0,-69.62,-6.62,C6
0.007326007326007326,0.0014652014652014652,0.003418803418803419,0.01514041514041514,0.0002442002442002442,118.5,-71.31,-3.75,C6
0.004151404151404151,0.023931623931623933,0.020512820512820513,0.0002442002442002442,0.0002442002442002442,118.69,-71.31,-3.06,C6
0.013675213675213675,0.03956043956043956,0.03638583638583639,0.011233211233211233,0.0002442002442002442,118.56,-70.94,-3.06,C6
0.02026862026862027,0.05054945054945055,0.04737484737484737,0.018803418803418803,0.0004884004884004884,118.12,-70.19,-3.5,C6
0.024664224664224663,0.057387057387057384,0.05518925518925519,0.023687423687423687,0.0004884004884004884,116.69,-65.5,-6.69,C6
0.02612942612942613,0.05934065934065934,0.05787545787545788,0.023931623931623933,0.0004884004884004884,116.81,-58.0,-6.81,C6
0.021245421245421246,0.05225885225885226,0.051770451770451774,0.016361416361416362,0.0004884004884004884,117.25,-55.88,-6.06,C6
0.008302808302808303,0.027106227106227107,0.03394383394383394,0.0002442002442002442,0.0004884004884004884,117.19,-56.19,-6.0,C6
0.0031746031746031746,0.004151404151404151,0.015873015873015872,0.014163614163614164,0.0007326007326007326,117.19,-56.44,-6.44,C6
0.011477411477411478,0.01221001221001221,0.002197802197802198,0.02490842490842491,0.0014652014652014652,117.12,-56.81,-6.81,C6
0.017094017094017096,0.023687423687423687,0.00805860805860806,0.03247863247863248,0.002197802197802198,117.12,-56.94,-7.0,C6
0.021245421245421246,0.031746031746031744,0.015384615384615385,0.0380952380952381,0.002442002442002442,117.06,-57.25,-7.25,C6
0.024175824175824177,0.03736263736263736,0.020512820512820513,0.041758241758241756,0.002686202686202686,117.06,-57.19,-7.31,C6
0.02612942612942613,0.04126984126984127,0.02442002442002442,0.04468864468864469,0.0029304029304029304,117.0,-57.25,-7.31,C6
0.027594627594627594,0.04395604395604396,0.027594627594627594,0.04664224664224664,0.0019536019536019536,117.06,-57.31,-7.44,C6
0.02857142857142857,0.04590964590964591,0.029792429792429794,0.04810744810744811,0.001221001221001221,117.06,-57.5,-7.5,C6
0.029304029304029304,0.04737484737484737,0.0315018315018315,0.04932844932844933,0.0007326007326007326,117.0,-57.44,-7.62,C6
0.029792429792429794,0.04810744810744811,0.03296703296703297,0.05030525030525031,0.0004884004884004884,117.0,-57.5,-7.5,C6
0.030036630036630037,0.04884004884004884,0.03418803418803419,0.05103785103785104,0.0014652014652014652,117.0,-57.56,-7.56,C6
0.03028083028083028,0.04932844932844933,0.035164835164835165,0.051526251526251524,0.0019536019536019536,116.87,-57.63,-7.5,C6
0.030525030525030524,0.04957264957264957,0.036141636141636145,0.05201465201465202,0.002442002442002442,116.87,-57.69,-7.5,C6
0.03076923076923077,0.04981684981684982,0.03663003663003663,0.052503052503052504,0.002686202686202686,116.94,-57.63,-7.37,C6
0.03125763125763126,0.050061050061050064,0.03736263736263736,0.05274725274725275,0.0029304029304029304,116.94,-57.56,-7.37,C6
0.0315018315018315,0.050061050061050064,0.037606837606837605,0.053235653235653234,0.0029304029304029304,116.81,-57.56,-7.25,C6
0.031746031746031744,0.05030525030525031,0.0380952380952381,0.05347985347985348,0.0031746031746031746,116.69,-57.5,-7.44,C6
0.031746031746031744,0.05030525030525031,0.03882783882783883,0.05372405372405373,0.0031746031746031746,116.81,-57.44,-7.44,C6
0.03199023199023199,0.05054945054945055,0.039316239316239315,0.054212454212454214,0.0031746031746031746,116.81,-57.63,-7.5,C6
0.03199023199023199,0.05054945054945055,0.0398046398046398,0.05445665445665446,0.002197802197802198,116.87,-57.56,-7.44,C6
0.03199023199023199,0.050793650793650794,0.040293040293040296,0.0547008547008547,0.0014652014652014652,116.75,-57.69,-7.37,C6
0.03199023199023199,0.050793650793650794,0.04053724053724054,0.0547008547008547,0.0009768009768009768,117.25,-59.13,-7.87,C6
0.03199023199023199,0.050793650793650794,0.04078144078144078,0.054945054945054944,0.0004884004884004884,118.37,-64.31,-4.94,C6
0.024664224664224663,0.03296703296703297,0.029792429792429794,0.044444444444444446,0.0002442002442002442,119.06,-68.0,-2.19,C6
0.007326007326007326,0.002197802197802198,0.006105006105006105,0.02197802197802198,0.0,119.37,-68.87,-1.19,C6
0.00757020757020757,0.029304029304029304,0.016605616605616606,0.0031746031746031746,0.0002442002442002442,119.44,-68.69,-1.0,C6
0.017826617826617826,0.04835164835164835,0.032722832722832725,0.010012210012210013,0.0002442002442002442,118.81,-67.37,-2.56,C6
0.025152625152625153,0.06153846153846154,0.04395604395604396,0.01904761904761905,0.0004884004884004884,116.75,-61.06,-7.12,C6
0.02735042735042735,0.06495726495726496,0.04713064713064713,0.019291819291819293,0.0004884004884004884,116.81,-57.0,-7.0,C6
0.022222222222222223,0.05445665445665446,0.03833943833943834,0.008302808302808303,0.0004884004884004884,117.25,-55.94,-6.94,C6
0.011233211233211233,0.029548229548229547,0.020757020757020756,0.006837606837606838,0.0004884004884004884,117.12,-56.19,-6.87,C6
0.0004884004884004884,0.007326007326007326,0.004884004884004884,0.019536019536019536,0.0007326007326007326,117.25,-56.31,-6.94,C6
0.008791208791208791,0.008302808302808303,0.007081807081807082,0.02857142857142857,0.0014652014652014652,117.19,-57.0,-7.19,C6
0.014407814407814409,0.019536019536019536,0.015384615384615385,0.03492063492063492,0.0019536019536019536,117.12,-57.69,-7.62,C6
0.018315018315018316,0.027106227106227107,0.021245421245421246,0.03956043956043956,0.002442002442002442,117.06,-59.69,-8.25,C6
0.020024420024420026,0.031746031746031744,0.025152625152625153,0.042002442002442006,0.002686202686202686,117.12,-61.13,-9.0,C6
0.020024420024420026,0.0336996336996337,0.026373626373626374,0.042002442002442006,0.0029304029304029304,117.44,-64.81,-6.75,C6
0.017094017094017096,0.02612942612942613,0.020512820512820513,0.03565323565323565,0.0029304029304029304,118.56,-67.5,-3.0,C6
0.006593406593406593,0.0029304029304029304,0.002686202686202686,0.01855921855921856,0.0019536019536019536,118.81,-68.06,-1.06,C6
0.005860805860805861,0.025885225885225887,0.017094017094017096,0.004395604395604396,0.001221001221001221,118.81,-67.5,-1.5,C6
0.014652014652014652,0.041758241758241756,0.031013431013431014,0.005372405372405372,0.0007326007326007326,117.19,-63.19,-5.06,C6
0.020757020757020756,0.05299145299145299,0.04078144078144078,0.012454212454212455,0.0004884004884004884,116.94,-58.56,-6.31,C6
0.018315018315018316,0.05103785103785104,0.03907203907203907,0.008547008547008548,0.0002442002442002442,117.19,-56.63,-5.62,C6
0.008791208791208791,0.033455433455433455,0.026862026862026864,0.0029304029304029304,0.001221001221001221,117.25,-56.13,-5.37,C6
0.0014652014652014652,0.011721611721611722,0.011233211233211233,0.01514041514041514,0.0017094017094017094,117.25,-56.25,-5.37,C6
0.00927960927960928,0.004884004884004884,0.0014652014652014652,0.02490842490842491,0.002197802197802198,117.19,-56.44,-5.69,C6
0.014896214896214897,0.016605616605616606,0.01098901098901099,0.03199023199023199,0.002442002442002442,117.06,-56.75,-5.81,C6
0.018803418803418803,0.024664224664224663,0.017826617826617826,0.036874236874236875,0.0017094017094017094,116.87,-58.94,-6.06,C6
0.021001221001221003,0.03028083028083028,0.022466422466422466,0.040293040293040296,0.0009768009768009768,118.0,-63.19,-4.19,C6
0.015873015873015872,0.01514041514041514,0.01391941391941392,0.031746031746031744,0.0007326007326007326,118.87,-65.56,-2.0,C6
0.0004884004884004884,0.01391941391941392,0.004884004884004884,0.012942612942612943,0.0002442002442002442,118.69,-66.06,-0.69,C6
0.010256410256410256,0.03418803418803419,0.019291819291819293,0.0002442002442002442,0.0,117.44,-65.19,-2.31,C6
0.017826617826617826,0.0485958485958486,0.029304029304029304,0.009523809523809525,0.0,115.94,-59.88,-5.44,C6
0.021245421245421246,0.0547008547008547,0.03638583638583639,0.012454212454212455,0.0002442002442002442,116.06,-56.5,-5.0,C6
0.01562881562881563,0.04493284493284493,0.029304029304029304,0.003418803418803419,0.0002442002442002442,115.94,-56.63,-4.19,C6
0.00463980463980464,0.021733821733821733,0.014896214896214897,0.009523809523809525,0.0007326007326007326,115.87,-57.5,-3.37,C6
0.003907203907203907,0.002686202686202686,0.001221001221001221,0.020757020757020756,0.0014652014652014652,115.75,-58.94,-2.94,C6
0.010012210012210013,0.010500610500610501,0.008302808302808303,0.028327228327228327,0.002197802197802198,115.19,-61.56,-3.12,C6
0.014407814407814409,0.020024420024420026,0.014896214896214897,0.03394383394383394,0.002442002442002442,115.56,-66.37,-2.87,C6
0.01391941391941392,0.022954822954822957,0.018070818070818073,0.03467643467643468,0.002686202686202686,116.81,-70.94,3.19,C6
0.005128205128205128,0.0004884004884004884,0.004395604395604396,0.020757020757020756,0.0017094017094017094,116.62,-72.75,6.44,C6
0.009035409035409036,0.025152625152625153,0.01562881562881563,0.005128205128205128,0.001221001221001221,115.87,-72.94,6.69,C6
0.018803418803418803,0.04249084249084249,0.029792429792429794,0.005860805860805861,0.0007326007326007326,113.87,-70.37,1.94,C6
0.02564102564102564,0.05445665445665446,0.03956043956043956,0.013675213675213675,0.0004884004884004884,113.0,-63.13,-1.25,C6
0.02564102564102564,0.05567765567765568,0.04053724053724054,0.011721611721611722,0.0002442002442002442,112.62,-61.81,-1.44,C6
0.01514041514041514,0.03711843711843712,0.028083028083028084,0.0002442002442002442,0.0,111.87,-61.81,-1.37,C6
0.00463980463980464,0.014896214896214897,0.012942612942612943,0.012454212454212455,0.0009768009768009768,110.94,-62.5,-1.12,C6
0.003418803418803419,0.0017094017094017094,0.0002442002442002442,0.022466422466422466,0.0017094017094017094,110.37,-63.25,-0.88,C6
0.008791208791208791,0.013431013431013432,0.008547008547008548,0.029548229548229547,0.002197802197802198,110.19,-66.31,-0.75,C6
0.012698412698412698,0.02148962148962149,0.014896214896214897,0.03467643467643468,0.0014652014652014652,111.87,-71.87,4.94,C6
0.010012210012210013,0.013186813186813187,0.009035409035409036,0.026373626373626374,0.0009768009768009768,112.56,-73.37,9.38,C6
0.004395604395604396,0.01562881562881563,0.01098901098901099,0.00463980463980464,0.0004884004884004884,112.25,-73.62,9.75,C6
0.014407814407814409,0.035897435897435895,0.02783882783882784,0.010744810744810745,0.0,111.87,-72.81,7.81,C6
0.02148962148962149,0.050061050061050064,0.03956043956043956,0.02148962148962149,0.001221001221001221,110.31,-69.06,2.25,C6
0.025885225885225887,0.05934065934065934,0.047619047619047616,0.02612942612942613,0.002197802197802198,110.0,-65.56,-1.44,C6
0.023687423687423687,0.05860805860805861,0.046153846153846156,0.023443223443223443,0.0017094017094017094,110.5,-63.0,-0.37,C6
0.013675213675213675,0.04249084249084249,0.034432234432234435,0.011965811965811967,0.002442002442002442,110.44,-62.63,0.69,C6
0.0017094017094017094,0.018315018315018316,0.01733821733821734,0.002686202686202686,0.0019536019536019536,110.69,-63.5,1.94,C6
0.006593406593406593,0.0,0.0029304029304029304,0.014896214896214897,0.0014652014652014652,110.69,-65.5,2.44,C6
0.012454212454212455,0.012942612942612943,0.007326007326007326,0.023687423687423687,0.001221001221001221,111.06,-67.25,3.0,C6
0.016361416361416362,0.02197802197802198,0.014407814407814409,0.029548229548229547,0.0009768009768009768,112.19,-73.75,2.69,C6
0.017094017094017096,0.024175824175824177,0.017826617826617826,0.03125763125763126,0.0009768009768009768,114.25,-77.44,13.31,C6
0.010500610500610501,0.004395604395604396,0.0019536019536019536,0.015384615384615385,0.0007326007326007326,115.0,-77.5,17.31,C6
0.005616605616605617,0.023443223443223443,0.018315018315018316,0.002442002442002442,0.0007326007326007326,115.37,-76.81,17.5,C6
0.017094017094017096,0.04297924297924298,0.03247863247863248,0.014652014652014652,0.0004884004884004884,114.75,-73.44,12.06,C6
0.02490842490842491,0.056654456654456654,0.04249084249084249,0.023443223443223443,0.0004884004884004884,113.31,-65.37,5.31,C6
0.02735042735042735,0.06129426129426129,0.04786324786324787,0.02442002442002442,0.0004884004884004884,113.81,-58.94,3.87,C6
0.022954822954822957,0.05274725274725275,0.04078144078144078,0.016361416361416362,0.0004884004884004884,114.37,-57.81,4.19,C6
0.011477411477411478,0.027594627594627594,0.024175824175824177,0.0017094017094017094,0.0007326007326007326,115.31,-57.75,4.19,C6
0.0014652014652014652,0.006593406593406593,0.008791208791208791,0.01098901098901099,0.0014652014652014652,115.81,-58.56,3.37,C6
0.005616605616605617,0.00805860805860806,0.002686202686202686,0.020512820512820513,0.0019536019536019536,115.94,-58.94,3.56,C6
0.010500610500610501,0.018315018315018316,0.010744810744810745,0.027106227106227107,0.002442002442002442,114.75,-60.38,1.81,C6
0.013675213675213675,0.025152625152625153,0.01611721611721612,0.031746031746031744,0.002686202686202686,114.62,-62.69,1.69,C6
0.01514041514041514,0.02905982905982906,0.020024420024420026,0.034432234432234435,0.0029304029304029304,114.19,-64.06,3.56,C6
0.011233211233211233,0.01611721611721612,0.009768009768009768,0.023931623931623933,0.0031746031746031746,114.5,-67.25,8.31,C6
0.0019536019536019536,0.009523809523809525,0.00757020757020757,0.006593406593406593,0.0031746031746031746,114.44,-67.94,10.13,C6
0.006349206349206349,0.02735042735042735,0.02197802197802198,0.005372405372405372,0.002197802197802198,114.31,-66.06,8.81,C6
0.01221001221001221,0.0398046398046398,0.03199023199023199,0.01391941391941392,0.0014652014652014652,113.75,-61.94,7.19,C6
0.01611721611721612,0.04664224664224664,0.03907203907203907,0.016605616605616606,0.0019536019536019536,115.25,-56.81,5.81,C6
0.014896214896214897,0.0442002442002442,0.03638583638583639,0.011233211233211233,0.002442002442002442,115.81,-56.94,6.44,C6
0.004884004884004884,0.02148962148962149,0.020512820512820513,0.0029304029304029304,0.002686202686202686,116.12,-56.63,7.19,C6
0.0029304029304029304,0.002442002442002442,0.006593406593406593,0.014652014652014652,0.0029304029304029304,115.75,-57.13,6.87,C6
0.008302808302808303,0.01098901098901099,0.0031746031746031746,0.022954822954822957,0.0029304029304029304,115.31,-59.19,5.69,C6
0.01221001221001221,0.02026862026862027,0.009768009768009768,0.028815628815628817,0.0031746031746031746,115.25,-63.25,4.75,C6
0.014163614163614164,0.024664224664224663,0.012942612942612943,0.030036630036630037,0.0031746031746031746,115.69,-68.19,8.25,C6
0.008302808302808303,0.007081807081807082,0.001221001221001221,0.01855921855921856,0.0031746031746031746,116.5,-69.31,12.94,C6
0.003907203907203907,0.017094017094017096,0.014896214896214897,0.00463980463980464,0.0019536019536019536,116.87,-67.62,13.69,C6
0.012454212454212455,0.03394383394383394,0.02783882783882784,0.005128205128205128,0.001221001221001221,117.25,-66.62,14.06,C6
0.01855921855921856,0.04590964590964591,0.03663003663003663,0.011965811965811967,0.0007326007326007326,115.69,-62.69,9.81,C6
0.02148962148962149,0.05347985347985348,0.04297924297924298,0.01514041514041514,0.0002442002442002442,115.87,-56.69,7.31,C6
0.018803418803418803,0.05103785103785104,0.039316239316239315,0.009523809523809525,0.0,116.06,-56.94,7.31,C6
0.007326007326007326,0.027106227106227107,0.022222222222222223,0.004395604395604396,0.0009768009768009768,116.19,-57.38,7.31,C6
0.0019536019536019536,0.006349206349206349,0.007326007326007326,0.01611721611721612,0.0017094017094017094,116.0,-58.0,7.0,C6
0.008302808302808303,0.00805860805860806,0.003907203907203907,0.02490842490842491,0.002197802197802198,115.69,-58.56,6.62,C6
0.012942612942612943,0.018315018315018316,0.011965811965811967,0.03125763125763126,0.002442002442002442,115.44,-61.56,5.31,C6
0.015873015873015872,0.025396825396825397,0.01733821733821734,0.03540903540903541,0.002686202686202686,115.5,-64.12,7.37,C6
0.01391941391941392,0.021001221001221003,0.01391941391941392,0.031013431013431014,0.0017094017094017094,116.56,-67.31,11.69,C6
0.005616605616605617,0.0031746031746031746,0.001221001221001221,0.014163614163614164,0.001221001221001221,117.69,-67.87,15.06,C6
0.00757020757020757,0.026617826617826617,0.020757020757020756,0.003418803418803419,0.0007326007326007326,117.56,-67.87,15.94,C6
0.01684981684981685,0.04297924297924298,0.03565323565323565,0.015873015873015872,0.0004884004884004884,117.56,-67.75,15.94,C6
0.023443223443223443,0.054212454212454214,0.046153846153846156,0.024664224664224663,0.0,114.62,-63.5,9.25,C6
0.026373626373626374,0.060073260073260075,0.053235653235653234,0.02783882783882784,0.0002442002442002442,114.25,-59.0,6.0,C6
0.022466422466422466,0.05396825396825397,0.04908424908424908,0.021245421245421246,0.0009768009768009768,115.0,-57.13,6.31,C6
0.011721611721611722,0.029548229548229547,0.032722832722832725,0.005616605616605617,0.0017094017094017094,114.69,-57.31,5.62,C6
0.0009768009768009768,0.007081807081807082,0.01562881562881563,0.008791208791208791,0.002197802197802198,114.5,-57.5,5.5,C6
0.006349206349206349,0.008547008547008548,0.002442002442002442,0.01904761904761905,0.002686202686202686,114.37,-57.81,5.75,C6
0.011721611721611722,0.019536019536019536,0.006837606837606838,0.026373626373626374,0.0029304029304029304,113.37,-59.25,6.37,C6
0.014652014652014652,0.026617826617826617,0.013431013431013432,0.03125763125763126,0.0031746031746031746,112.62,-63.31,7.5,C6
0.01514041514041514,0.026373626373626374,0.013431013431013432,0.028815628815628817,0.0031746031746031746,112.81,-67.19,11.31,C6
0.00805860805860806,0.0004884004884004884,0.003907203907203907,0.011965811965811967,0.002197802197802198,113.69,-67.75,13.88,C6
0.003907203907203907,0.02271062271062271,0.024175824175824177,0.003907203907203907,0.0014652014652014652,114.31,-67.75,13.94,C6
0.012454212454212455,0.03833943833943834,0.038583638583638585,0.01514041514041514,0.0007326007326007326,114.06,-67.94,14.25,C6
0.018315018315018316,0.04908424908424908,0.04835164835164835,0.022954822954822957,0.0004884004884004884,113.69,-67.19,14.06,C6
0.02148962148962149,0.05543345543345543,0.05518925518925519,0.02735042735042735,0.0002442002442002442,112.19,-64.37,10.06,C6
0.022466422466422466,0.05811965811965812,0.058363858363858365,0.02783882783882784,0.0,112.19,-59.75,6.87,C6
0.017094017094017096,0.05299145299145299,0.05347985347985348,0.021001221001221003,0.0002442002442002442,112.62,-58.63,6.56,C6
0.005372405372405372,0.029792429792429794,0.03736263736263736,0.006837606837606838,0.0002442002442002442,112.81,-58.13,6.69,C6
0.005128205128205128,0.007081807081807082,0.019536019536019536,0.00757020757020757,0.0002442002442002442,112.62,-58.38,6.25,C6
0.01221001221001221,0.008791208791208791,0.005860805860805861,0.018070818070818073,0.0007326007326007326,112.12,-60.0,4.81,C6
0.01733821733821734,0.01978021978021978,0.003663003663003663,0.025396825396825397,0.0017094017094017094,112.37,-63.19,4.56,C6
0.02026862026862027,0.027106227106227107,0.010500610500610501,0.030525030525030524,0.002197802197802198,113.94,-66.87,7.62,C6
0.013431013431013432,0.010500610500610501,0.0019536019536019536,0.021245421245421246,0.0014652014652014652,114.12,-67.31,8.94,C6
0.0009768009768009768,0.013675213675213675,0.01684981684981685,0.003663003663003663,0.0009768009768009768,113.81,-67.56,9.69,C6
0.009523809523809525,0.030525030525030524,0.0336996336996337,0.009035409035409036,0.0004884004884004884,113.5,-67.25,9.81,C6
0.01684981684981685,0.04249084249084249,0.045177045177045176,0.017826617826617826,0.0014652014652014652,111.75,-64.12,7.44,C6
0.02197802197802198,0.05054945054945055,0.05347985347985348,0.023931623931623933,0.0019536019536019536,110.5,-59.0,6.19,C6
0.021733821733821733,0.04981684981684982,0.05201465201465202,0.02148962148962149,0.002442002442002442,111.31,-57.19,5.81,C6
0.011965811965811967,0.03296703296703297,0.03907203907203907,0.00927960927960928,0.002686202686202686,111.75,-57.0,6.31,C6
0.0009768009768009768,0.010500610500610501,0.022222222222222223,0.00463980463980464,0.0029304029304029304,112.12,-56.88,6.62,C6
0.007081807081807082,0.007326007326007326,0.00805860805860806,0.016361416361416362,0.0029304029304029304,112.06,-57.06,6.5,C6
0.012698412698412698,0.019536019536019536,0.002442002442002442,0.02442002442002442,0.0031746031746031746,111.81,-57.63,6.44,C6
0.01684981684981685,0.028327228327228327,0.009768009768009768,0.030036630036630037,0.0031746031746031746,111.25,-59.75,6.12,C6
0.019291819291819293,0.0336996336996337,0.014896214896214897,0.03321123321123321,0.003418803418803419,112.06,-63.31,8.13,C6
0.012454212454212455,0.014163614163614164,0.002686202686202686,0.020024420024420026,0.003418803418803419,113.31,-65.0,10.0,C6
0.0019536019536019536,0.012454212454212455,0.01733821733821734,0.0004884004884004884,0.002197802197802198,113.81,-65.5,11.13,C6
0.011965811965811967,0.03125763125763126,0.032722832722832725,0.014896214896214897,0.0014652014652014652,112.81,-64.31,10.31,C6
0.018803418803418803,0.044444444444444446,0.043467643467643466,0.02490842490842491,0.0009768009768009768,111.62,-59.19,6.56,C6
0.02271062271062271,0.051526251526251524,0.05103785103785104,0.029792429792429794,0.0004884004884004884,112.31,-56.88,6.0,C6
0.017582417582417582,0.04224664224664225,0.04493284493284493,0.020024420024420026,0.0014652014652014652,112.87,-56.63,5.94,C6
0.005860805860805861,0.018803418803418803,0.029792429792429794,0.004884004884004884,0.0019536019536019536,112.5,-57.25,5.37,C6
0.003663003663003663,0.0,0.01562881562881563,0.008302808302808303,0.002442002442002442,112.25,-57.81,4.87,C6
0.010256410256410256,0.013186813186813187,0.005860805860805861,0.017582417582417582,0.002686202686202686,111.87,-58.81,4.06,C6
0.014652014652014652,0.022466422466422466,0.0009768009768009768,0.024175824175824177,0.0029304029304029304,111.75,-63.81,2.94,C6
0.01733821733821734,0.026862026862026864,0.00463980463980464,0.025885225885225887,0.0031746031746031746,112.94,-67.87,7.37,C6
0.008302808302808303,0.003663003663003663,0.010500610500610501,0.008791208791208791,0.0019536019536019536,113.87,-70.06,11.38,C6
0.006837606837606838,0.023443223443223443,0.03125763125763126,0.010500610500610501,0.001221001221001221,114.19,-69.19,12.25,C6
0.017582417582417582,0.04249084249084249,0.04566544566544566,0.023931623931623933,0.0007326007326007326,113.94,-67.75,11.38,C6
0.02490842490842491,0.05567765567765568,0.05567765567765568,0.033455433455433455,0.0004884004884004884,112.31,-62.06,8.63,C6
0.028815628815628817,0.06202686202686203,0.06251526251526252,0.036141636141636145,0.0002442002442002442,113.06,-56.31,7.56,C6
0.02564102564102564,0.0568986568986569,0.05958485958485959,0.029548229548229547,0.0,113.37,-55.63,7.69,C6
0.013675213675213675,0.03565323565323565,0.04493284493284493,0.014652014652014652,0.0,113.44,-55.88,7.81,C6
0.0019536019536019536,0.012454212454212455,0.02905982905982906,0.0007326007326007326,0.0009768009768009768,113.44,-56.06,7.81,C6
0.006349206349206349,0.004395604395604396,0.015384615384615385,0.013186813186813187,0.0017094017094017094,113.12,-56.75,7.25,C6
0.011965811965811967,0.016361416361416362,0.005860805860805861,0.021733821733821733,0.002197802197802198,112.69,-57.81,7.0,C6
0.01611721611721612,0.024664224664224663,0.0009768009768009768,0.027594627594627594,0.002442002442002442,113.44,-62.63,6.12,C6
0.016605616605616606,0.026862026862026864,0.003663003663003663,0.027594627594627594,0.002686202686202686,114.87,-65.62,9.75,C6
0.00463980463980464,0.001221001221001221,0.011721611721611722,0.01098901098901099,0.0029304029304029304,115.0,-66.12,11.0,C6
0.00927960927960928,0.0231990231990232,0.029548229548229547,0.008302808302808303,0.0029304029304029304,114.81,-66.31,11.13,C6
0.01904761904761905,0.040293040293040296,0.04224664224664225,0.02197802197802198,0.0031746031746031746,114.06,-64.5,10.0,C6
0.025885225885225887,0.05201465201465202,0.05103785103785104,0.03125763125763126,0.0031746031746031746,112.56,-58.75,6.56,C6
0.028083028083028084,0.05567765567765568,0.054945054945054944,0.032722832722832725,0.0031746031746031746,112.62,-55.63,5.75,C6
0.02197802197802198,0.0463980463980464,0.04810744810744811,0.02197802197802198,0.0031746031746031746,113.56,-54.63,5.31,C6
0.010256410256410256,0.022222222222222223,0.031013431013431014,0.005128205128205128,0.0031746031746031746,113.62,-54.63,5.12,C6
0.0002442002442002442,0.0019536019536019536,0.01514041514041514,0.00927960927960928,0.0031746031746031746,113.44,-55.13,5.19,C6
0.00757020757020757,0.011965811965811967,0.003907203907203907,0.019291819291819293,0.0031746031746031746,113.0,-56.75,4.37,C6
0.012698412698412698,0.02197802197802198,0.003907203907203907,0.02612942612942613,0.0031746031746031746,112.69,-60.88,4.75,C6
0.014407814407814409,0.027594627594627594,0.009035409035409036,0.029548229548229547,0.0031746031746031746,113.31,-65.62,7.81,C6
0.007081807081807082,0.008302808302808303,0.003663003663003663,0.016361416361416362,0.0031746031746031746,113.25,-66.56,9.0,C6
0.006593406593406593,0.018070818070818073,0.024175824175824177,0.003418803418803419,0.0031746031746031746,113.25,-66.25,10.31,C6
0.016361416361416362,0.03663003663003663,0.038583638583638585,0.01733821733821734,0.002197802197802198,113.0,-64.69,10.06,C6
0.0231990231990232,0.04957264957264957,0.0485958485958486,0.026862026862026864,0.002442002442002442,111.06,-60.38,5.37,C6
0.02564102564102564,0.05445665445665446,0.05396825396825397,0.028327228327228327,0.002686202686202686,111.31,-55.75,3.31,C6
0.01978021978021978,0.04371184371184371,0.04664224664224664,0.018070818070818073,0.0029304029304029304,112.0,-55.0,3.44,C6
0.007814407814407814,0.019536019536019536,0.030525030525030524,0.002686202686202686,0.0031746031746031746,111.62,-55.75,3.69,C6
0.0014652014652014652,0.0002442002442002442,0.01562881562881563,0.010256410256410256,0.0031746031746031746,111.19,-57.0,2.94,C6
0.007814407814407814,0.013186813186813187,0.005372405372405372,0.019291819291819293,0.003418803418803419,110.75,-59.0,1.75,C6
0.01221001221001221,0.02271062271062271,0.0019536019536019536,0.02564102564102564,0.003418803418803419,111.31,-62.88,2.56,C6
0.013431013431013432,0.02735042735042735,0.005616605616605617,0.026862026862026864,0.003418803418803419,112.5,-64.94,6.31,C6
0.007081807081807082,0.011477411477411478,0.006105006105006105,0.01514041514041514,0.003418803418803419,112.75,-66.75,9.69,C6
0.006837606837606838,0.015384615384615385,0.024664224664224663,0.004395604395604396,0.002197802197802198,112.94,-66.31,10.88,C6
0.016361416361416362,0.03418803418803419,0.037606837606837605,0.018070818070818073,0.0014652014652014652,112.25,-64.37,9.06,C6
0.022954822954822957,0.04737484737484737,0.046886446886446886,0.02783882783882784,0.0009768009768009768,110.81,-58.38,4.75,C6
0.02564102564102564,0.05299145299145299,0.05128205128205128,0.028083028083028084,0.0004884004884004884,112.06,-54.06,4.69,C6
0.020024420024420026,0.042735042735042736,0.043467643467643466,0.01733821733821734,0.0014652014652014652,112.31,-53.81,5.19,C6
0.00805860805860806,0.019291819291819293,0.028083028083028084,0.002442002442002442,0.0019536019536019536,112.12,-53.88,5.06,C6
0.0007326007326007326,0.0009768009768009768,0.014652014652014652,0.010256410256410256,0.002442002442002442,112.06,-54.25,4.94,C6
0.007081807081807082,0.011965811965811967,0.005128205128205128,0.01904761904761905,0.002686202686202686,111.75,-57.0,4.62,C6
0.011477411477411478,0.021001221001221003,0.0014652014652014652,0.025152625152625153,0.0029304029304029304,111.81,-59.56,5.06,C6
0.008791208791208791,0.025396825396825397,0.005372405372405372,0.025396825396825397,0.0029304029304029304,112.5,-61.88,9.44,C6
0.0004884004884004884,0.008302808302808303,0.007081807081807082,0.010744810744810745,0.0031746031746031746,112.56,-63.13,11.63,C6
0.01098901098901099,0.01904761904761905,0.028327228327228327,0.006105006105006105,0.0019536019536019536,112.37,-62.38,11.81,C6
0.01904761904761905,0.0380952380952381,0.04297924297924298,0.017826617826617826,0.002442002442002442,110.56,-59.25,9.31,C6
0.024664224664224663,0.051526251526251524,0.053235653235653234,0.02612942612942613,0.002686202686202686,110.62,-52.88,6.25,C6
0.02490842490842491,0.05299145299145299,0.05347985347985348,0.022954822954822957,0.0029304029304029304,111.75,-51.56,5.81,C6
0.014163614163614164,0.03296703296703297,0.03956043956043956,0.008791208791208791,0.0029304029304029304,111.81,-51.88,5.81,C6
0.0031746031746031746,0.010744810744810745,0.022222222222222223,0.006105006105006105,0.0031746031746031746,111.94,-52.31,5.56,C6
0.00463980463980464,0.00463980463980464,0.009768009768009768,0.016361416361416362,0.0031746031746031746,111.31,-54.31,4.19,C6
0.010012210012210013,0.015384615384615385,0.001221001221001221,0.023443223443223443,0.0031746031746031746,111.37,-57.5,3.37,C6
0.012454212454212455,0.022466422466422466,0.004884004884004884,0.02783882783882784,0.0031746031746031746,112.06,-59.25,5.25,C6
0.009035409035409036,0.018803418803418803,0.002442002442002442,0.01978021978021978,0.003418803418803419,112.12,-62.5,8.13,C6
0.0031746031746031746,0.004884004884004884,0.017582417582417582,0.0029304029304029304,0.003418803418803419,112.25,-62.75,9.19,C6
0.01391941391941392,0.028815628815628817,0.03418803418803419,0.011965811965811967,0.003418803418803419,112.37,-63.13,9.63,C6
0.02148962148962149,0.04542124542124542,0.04566544566544566,0.022466422466422466,0.003418803418803419,112.37,-62.5,9.75,C6
0.026862026862026864,0.05714285714285714,0.05396825396825397,0.029792429792429794,0.003418803418803419,110.94,-58.31,6.81,C6
0.02905982905982906,0.06275946275946276,0.05860805860805861,0.0315018315018315,0.002197802197802198,110.56,-54.38,4.5,C6
0.024664224664224663,0.057387057387057384,0.05347985347985348,0.024175824175824177,0.002686202686202686,111.06,-52.94,4.25,C6
0.012698412698412698,0.035164835164835165,0.03736263736263736,0.008791208791208791,0.0029304029304029304,111.0,-53.63,3.69,C6
0.001221001221001221,0.01221001221001221,0.020024420024420026,0.006349206349206349,0.0031746031746031746,111.0,-54.0,3.62,C6
0.006837606837606838,0.003907203907203907,0.006593406593406593,0.017094017094017096,0.0031746031746031746,110.81,-54.69,3.44,C6
0.012454212454212455,0.015384615384615385,0.002686202686202686,0.024664224664224663,0.003418803418803419,110.31,-58.13,3.19,C6
0.015873015873015872,0.022954822954822957,0.00927960927960928,0.029792429792429794,0.003418803418803419,111.69,-60.75,5.44,C6
0.011477411477411478,0.011965811965811967,0.0017094017094017094,0.022222222222222223,0.003418803418803419,112.31,-63.5,9.06,C6
0.0009768009768009768,0.013186813186813187,0.01611721611721612,0.003418803418803419,0.003418803418803419,112.62,-63.81,11.0,C6
0.012942612942612943,0.033455433455433455,0.035164835164835165,0.01221001221001221,0.003418803418803419,112.75,-63.69,11.13,C6
0.021245421245421246,0.047619047619047616,0.0485958485958486,0.0231990231990232,0.003418803418803419,111.37,-61.19,9.19,C6
0.026862026862026864,0.057631257631257635,0.05811965811965812,0.031013431013431014,0.003418803418803419,110.62,-56.31,6.06,C6
0.026862026862026864,0.05885225885225885,0.05934065934065934,0.030036630036630037,0.003418803418803419,110.94,-53.31,5.31,C6
0.019291819291819293,0.045177045177045176,0.04932844932844933,0.017826617826617826,0.003418803418803419,111.19,-53.75,5.12,C6
0.007326007326007326,0.020512820512820513,0.031746031746031744,0.0019536019536019536,0.003418803418803419,111.25,-54.13,4.75,C6
0.001221001221001221,0.002686202686202686,0.017094017094017096,0.010012210012210013,0.003418803418803419,110.94,-55.44,4.5,C6
0.007326007326007326,0.009768009768009768,0.006837606837606838,0.018070818070818073,0.003418803418803419,111.12,-58.25,4.44,C6
0.011477411477411478,0.018315018315018316,0.0004884004884004884,0.023931623931623933,0.003418803418803419,112.12,-60.88,7.56,C6
0.006349206349206349,0.005128205128205128,0.008547008547008548,0.014652014652014652,0.003418803418803419,112.69,-62.31,10.94,C6
0.007081807081807082,0.01855921855921856,0.02564102564102564,0.003418803418803419,0.003418803418803419,112.81,-62.5,11.44,C6
0.016605616605616606,0.03540903540903541,0.03907203907203907,0.016361416361416362,0.003418803418803419,112.44,-62.06,11.13,C6
0.0231990231990232,0.04713064713064713,0.04835164835164835,0.025152625152625153,0.003418803418803419,110.81,-56.88,6.81,C6
0.02612942612942613,0.05347985347985348,0.054945054945054944,0.02857142857142857,0.003418803418803419,110.87,-53.81,4.87,C6
0.02271062271062271,0.0463980463980464,0.04908424908424908,0.01978021978021978,0.003418803418803419,111.37,-53.0,4.44,C6
0.011477411477411478,0.023687423687423687,0.0336996336996337,0.004395604395604396,0.003418803418803419,111.25,-53.06,4.19,C6
0.0007326007326007326,0.0031746031746031746,0.018070818070818073,0.00927960927960928,0.003418803418803419,111.06,-53.19,4.12,C6
0.006837606837606838,0.01098901098901099,0.007081807081807082,0.018803418803418803,0.003418803418803419,110.69,-54.81,3.56,C6
0.01221001221001221,0.021001221001221003,0.0007326007326007326,0.025396825396825397,0.003418803418803419,110.69,-58.75,2.62,C6
0.01391941391941392,0.024175824175824177,0.004395604395604396,0.027106227106227107,0.003418803418803419,111.62,-61.75,5.69,C6
0.007814407814407814,0.008791208791208791,0.005860805860805861,0.01684981684981685,0.003418803418803419,112.19,-63.38,7.62,C6
0.0031746031746031746,0.013675213675213675,0.021001221001221003,0.0014652014652014652,0.003418803418803419,112.56,-63.31,8.75,C6
0.010744810744810745,0.02905982905982906,0.031746031746031744,0.009035409035409036,0.003418803418803419,112.12,-61.94,8.06,C6
0.01611721611721612,0.04004884004884005,0.03907203907203907,0.016361416361416362,0.002197802197802198,110.37,-58.69,4.81,C6
0.01904761904761905,0.0463980463980464,0.04297924297924298,0.018070818070818073,0.0014652014652014652,110.44,-54.31,3.19,C6
0.015873015873015872,0.041758241758241756,0.037606837606837605,0.010744810744810745,0.0009768009768009768,110.56,-53.81,2.19,C6
0.005616605616605617,0.021001221001221003,0.0231990231990232,0.0029304029304029304,0.0017094017094017094,110.5,-53.69,2.37,C6
0.004151404151404151,0.0014652014652014652,0.008302808302808303,0.015384615384615385,0.002197802197802198,110.62,-53.75,2.44,C6
0.010744810744810745,0.011965811965811967,0.0019536019536019536,0.024175824175824177,0.002442002442002442,109.87,-56.69,1.19,C6
0.015384615384615385,0.02148962148962149,0.00927960927960928,0.030525030525030524,0.002686202686202686,109.81,-58.94,1.94,C6
0.01391941391941392,0.020024420024420026,0.00805860805860806,0.02735042735042735,0.0029304029304029304,110.56,-62.25,5.06,C6
0.006105006105006105,0.002442002442002442,0.005128205128205128,0.010012210012210013,0.0031746031746031746,111.37,-63.44,6.81,C6
0.006837606837606838,0.0231990231990232,0.0231990231990232,0.008791208791208791,0.0031746031746031746,111.81,-63.25,7.31,C6
0.015873015873015872,0.037606837606837605,0.03711843711843712,0.02197802197802198,0.003418803418803419,111.81,-63.5,7.62,C6
0.022222222222222223,0.04786324786324787,0.046886446886446886,0.031013431013431014,0.002197802197802198,111.0,-60.44,6.87,C6
0.02564102564102564,0.05372405372405373,0.05396825396825397,0.03540903540903541,0.0014652014652014652,109.75,-55.56,3.75,C6
0.02442002442002442,0.051770451770451774,0.053235653235653234,0.030525030525030524,0.0009768009768009768,109.56,-54.06,2.19,C6
0.016605616605616606,0.03663003663003663,0.042002442002442006,0.016361416361416362,0.0017094017094017094,110.12,-53.25,2.06,C6
0.005128205128205128,0.014407814407814409,0.025885225885225887,0.0004884004884004884,0.002197802197802198,110.0,-53.38,1.81,C6
0.004151404151404151,0.003663003663003663,0.01221001221001221,0.012454212454212455,0.002686202686202686,110.12,-53.31,2.19,C6
0.010744810744810745,0.016361416361416362,0.002442002442002442,0.021245421245421246,0.0029304029304029304,109.62,-56.13,0.75,C6
0.015384615384615385,0.025152625152625153,0.004151404151404151,0.027594627594627594,0.0031746031746031746,109.75,-59.25,1.81,C6
0.01391941391941392,0.022222222222222223,0.0031746031746031746,0.02442002442002442,0.0031746031746031746,111.25,-62.5,4.44,C6
0.006349206349206349,0.0004884004884004884,0.010012210012210013,0.009523809523809525,0.0031746031746031746,111.87,-64.0,6.12,C6
0.006105006105006105,0.02148962148962149,0.027106227106227107,0.00805860805860806,0.002197802197802198,112.62,-63.88,7.19,C6
0.014652014652014652,0.03638583638583639,0.04004884004884005,0.020512820512820513,0.0014652014652014652,112.31,-63.94,7.0,C6
0.020757020757020756,0.04664224664224664,0.04908424908424908,0.029304029304029304,0.0007326007326007326,110.69,-61.19,4.5,C6
0.023687423687423687,0.051770451770451774,0.05518925518925519,0.03247863247863248,0.0004884004884004884,108.87,-56.88,2.0,C6
0.021245421245421246,0.04957264957264957,0.054945054945054944,0.028327228327228327,0.0014652014652014652,108.62,-55.44,1.06,C6
0.011233211233211233,0.03296703296703297,0.04371184371184371,0.014896214896214897,0.0019536019536019536,109.44,-54.5,1.62,C6
0.0007326007326007326,0.01098901098901099,0.02735042735042735,0.0004884004884004884,0.002442002442002442,109.19,-54.75,1.37,C6
0.006593406593406593,0.005372405372405372,0.013186813186813187,0.01221001221001221,0.002686202686202686,108.87,-55.38,1.25,C6
0.011721611721611722,0.016605616605616606,0.0031746031746031746,0.020512820512820513,0.0029304029304029304,108.62,-57.19,0.75,C6
0.01514041514041514,0.024664224664224663,0.003907203907203907,0.026373626373626374,0.0019536019536019536,108.25,-61.44,0.06,C6
0.013186813186813187,0.02026862026862027,0.0,0.021245421245421246,0.001221001221001221,109.62,-65.12,3.12,C6
0.005372405372405372,0.002197802197802198,0.014163614163614164,0.004151404151404151,0.0007326007326007326,110.31,-66.81,4.62,C6
0.006105006105006105,0.02271062271062271,0.031013431013431014,0.010744810744810745,0.0004884004884004884,110.37,-67.12,5.06,C6
0.014407814407814409,0.03711843711843712,0.04297924297924298,0.021245421245421246,0.0,109.31,-64.06,3.69,C6
0.020024420024420026,0.04713064713064713,0.05128205128205128,0.02857142857142857,0.0,108.25,-60.69,0.44,C6
0.020024420024420026,0.04713064713064713,0.052503052503052504,0.026373626373626374,0.0002442002442002442,108.44,-57.75,-1.06,C6
0.013431013431013432,0.03663003663003663,0.04468864468864469,0.015873015873015872,0.0002442002442002442,108.87,-56.0,-1.5,C6
0.0029304029304029304,0.015384615384615385,0.03028083028083028,0.0017094017094017094,0.0007326007326007326,109.12,-55.56,-1.12,C6
0.005616605616605617,0.002686202686202686,0.01514041514041514,0.01098901098901099,0.0017094017094017094,109.12,-55.94,-1.19,C6
0.011477411477411478,0.015384615384615385,0.00463980463980464,0.01978021978021978,0.002197802197802198,108.87,-59.75,-2.37,C6
0.01562881562881563,0.02442002442002442,0.002686202686202686,0.025885225885225887,0.002686202686202686,110.0,-62.69,0.37,C6
0.012454212454212455,0.014896214896214897,0.001221001221001221,0.019536019536019536,0.0029304029304029304,111.0,-65.62,2.5,C6
0.002197802197802198,0.006349206349206349,0.012942612942612943,0.004395604395604396,0.0029304029304029304,111.44,-67.0,4.0,C6
0.006593406593406593,0.025152625152625153,0.028083028083028084,0.011477411477411478,0.0031746031746031746,111.81,-66.62,4.87,C6
0.012942612942612943,0.038583638583638585,0.03882783882783883,0.02271062271062271,0.0031746031746031746,110.25,-63.5,3.0,C6
0.01733821733821734,0.04786324786324787,0.046153846153846156,0.03028083028083028,0.0031746031746031746,109.94,-57.5,0.69,C6
0.015873015873015872,0.046886446886446886,0.04713064713064713,0.027594627594627594,0.0031746031746031746,110.62,-55.25,0.13,C6
0.006593406593406593,0.029304029304029304,0.035897435897435895,0.01391941391941392,0.0031746031746031746,110.62,-55.19,-0.31,C6
0.003418803418803419,0.00757020757020757,0.020757020757020756,0.0009768009768009768,0.0031746031746031746,110.56,-55.06,-0.69,C6
0.010744810744810745,0.007814407814407814,0.010012210012210013,0.011233211233211233,0.0031746031746031746,109.87,-57.63,-2.19,C6
0.01562881562881563,0.018315018315018316,0.002442002442002442,0.01855921855921856,0.0031746031746031746,110.75,-62.19,-2.44,C6
0.017582417582417582,0.02271062271062271,0.002442002442002442,0.020512820512820513,0.0031746031746031746,112.12,-66.62,-1.87,C6
0.010500610500610501,0.0017094017094017094,0.009035409035409036,0.00757020757020757,0.0031746031746031746,112.69,-67.37,-0.44,C6
0.0004884004884004884,0.020757020757020756,0.025396825396825397,0.008547008547008548,0.0031746031746031746,113.12,-67.0,0.88,C6
0.00805860805860806,0.03638583638583639,0.036874236874236875,0.020024420024420026,0.0031746031746031746,111.94,-65.44,0.13,C6
0.013431013431013432,0.04737484737484737,0.04493284493284493,0.02783882783882784,0.002197802197802198,110.44,-58.56,-2.06,C6
0.014896214896214897,0.050061050061050064,0.04786324786324787,0.027106227106227107,0.0014652014652014652,110.5,-55.69,-2.31,C6
0.007814407814407814,0.03736263736263736,0.03882783882783883,0.01562881562881563,0.0009768009768009768,110.31,-55.5,-2.69,C6
0.002442002442002442,0.013431013431013432,0.02197802197802198,0.0004884004884004884,0.0004884004884004884,110.62,-55.06,-2.69,C6
0.01098901098901099,0.005616605616605617,0.007326007326007326,0.012454212454212455,0.0014652014652014652,110.44,-55.75,-3.56,C6
0.01684981684981685,0.018803418803418803,0.002686202686202686,0.02148962148962149,0.0019536019536019536,110.19,-57.31,-3.87,C6
0.021001221001221003,0.028327228327228327,0.010012210012210013,0.02783882783882784,0.002442002442002442,110.5,-61.44,-5.0,C6
0.02271062271062271,0.031746031746031744,0.014652014652014652,0.029792429792429794,0.002686202686202686,111.62,-64.25,-1.81,C6
0.016605616605616606,0.014163614163614164,0.003418803418803419,0.018070818070818073,0.0029304029304029304,113.0,-65.5,0.5,C6
0.003663003663003663,0.010012210012210013,0.014163614163614164,0.0014652014652014652,0.0031746031746031746,113.31,-65.56,0.88,C6
0.007326007326007326,0.02857142857142857,0.031013431013431014,0.01562881562881563,0.0031746031746031746,113.56,-65.19,1.5,C6
0.01514041514041514,0.04151404151404151,0.04297924297924298,0.025396825396825397,0.002197802197802198,113.5,-64.87,1.37,C6
0.020512820512820513,0.050793650793650794,0.05103785103785104,0.03223443223443224,0.0014652014652014652,112.0,-61.63,0.56,C6
0.02271062271062271,0.054945054945054944,0.05567765567765568,0.03418803418803419,0.0009768009768009768,111.44,-56.19,-1.0,C6
0.021001221001221003,0.05372405372405373,0.054212454212454214,0.029548229548229547,0.0004884004884004884,111.75,-54.69,-0.94,C6
0.011477411477411478,0.03736263736263736,0.04151404151404151,0.015384615384615385,0.001221001221001221,111.94,-54.63,-0.81,C6
0.0004884004884004884,0.01391941391941392,0.02442002442002442,0.0,0.0019536019536019536,111.87,-54.63,-1.19,C6
0.007326007326007326,0.002442002442002442,0.011233211233211233,0.01098901098901099,0.002442002442002442,111.19,-55.94,-1.62,C6
0.012698412698412698,0.013675213675213675,0.002197802197802198,0.01855921855921856,0.002686202686202686,111.62,-59.44,-2.25,C6
0.01562881562881563,0.020512820512820513,0.004151404151404151,0.022954822954822957,0.0029304029304029304,112.69,-63.75,-0.56,C6
0.01098901098901099,0.0031746031746031746,0.006593406593406593,0.011965811965811967,0.0017094017094017094,113.75,-66.87,1.69,C6
0.0007326007326007326,0.01733821733821734,0.02197802197802198,0.003418803418803419,0.0009768009768009768,114.56,-67.06,2.69,C6
0.010012210012210013,0.031746031746031744,0.03638583638583639,0.01514041514041514,0.0004884004884004884,114.5,-67.31,2.62,C6
0.016605616605616606,0.042002442002442006,0.0463980463980464,0.023443223443223443,0.0002442002442002442,113.31,-64.12,1.31,C6
0.021245421245421246,0.04884004884004884,0.05347985347985348,0.029304029304029304,0.0,112.69,-57.5,-0.56,C6
0.019536019536019536,0.04810744810744811,0.053235653235653234,0.026862026862026864,0.0009768009768009768,112.94,-54.81,0.88,C6
0.01098901098901099,0.033455433455433455,0.042002442002442006,0.014407814407814409,0.0017094017094017094,113.31,-53.94,1.0,C6
0.0,0.011233211233211233,0.025396825396825397,0.0002442002442002442,0.002197802197802198,113.06,-54.25,0.56,C6
0.007814407814407814,0.004395604395604396,0.013675213675213675,0.010500610500610501,0.002442002442002442,112.75,-55.69,0.44,C6
0.013186813186813187,0.01514041514041514,0.005616605616605617,0.017582417582417582,0.002686202686202686,113.62,-59.56,0.19,C6
0.015384615384615385,0.018315018315018316,0.002197802197802198,0.017582417582417582,0.0029304029304029304,114.44,-64.31,1.62,C6
0.010012210012210013,0.0017094017094017094,0.014407814407814409,0.0019536019536019536,0.0019536019536019536,115.56,-66.06,4.62,C6
0.0009768009768009768,0.02148962148962149,0.029304029304029304,0.01562881562881563,0.001221001221001221,115.87,-67.0,5.56,C6
0.009035409035409036,0.03540903540903541,0.04053724053724054,0.02783882783882784,0.0007326007326007326,115.87,-67.12,6.0,C6
0.014896214896214897,0.045177045177045176,0.04835164835164835,0.03638583638583639,0.0014652014652014652,113.87,-60.06,3.12,C6
0.018803418803418803,0.04981684981684982,0.05396825396825397,0.03907203907203907,0.0019536019536019536,114.37,-54.88,3.75,C6
0.014896214896214897,0.043467643467643466,0.0485958485958486,0.030036630036630037,0.002442002442002442,114.81,-55.0,4.06,C6
0.004884004884004884,0.021001221001221003,0.03321123321123321,0.01391941391941392,0.002686202686202686,115.06,-55.19,3.94,C6
0.003418803418803419,0.0017094017094017094,0.018315018315018316,0.0,0.0029304029304029304,114.69,-56.19,3.25,C6
0.00927960927960928,0.011721611721611722,0.006837606837606838,0.010256410256410256,0.0029304029304029304,114.44,-57.06,2.94,C6
0.013431013431013432,0.021001221001221003,0.0009768009768009768,0.01733821733821734,0.0031746031746031746,114.25,-58.81,2.44,C6
0.014163614163614164,0.027594627594627594,0.006593406593406593,0.022466422466422466,0.0031746031746031746,114.0,-63.75,2.19,C6
0.012698412698412698,0.024175824175824177,0.002686202686202686,0.01684981684981685,0.0031746031746031746,115.12,-69.0,6.81,C6
0.00805860805860806,0.002197802197802198,0.010500610500610501,0.001221001221001221,0.0031746031746031746,115.69,-70.19,10.88,C6
0.003907203907203907,0.019536019536019536,0.026617826617826617,0.01562881562881563,0.002197802197802198,115.44,-69.81,12.06,C6
0.01221001221001221,0.03467643467643468,0.03785103785103785,0.027594627594627594,0.0014652014652014652,113.12,-64.94,8.06,C6
0.018070818070818073,0.04542124542124542,0.04566544566544566,0.035897435897435895,0.0009768009768009768,112.25,-58.25,4.62,C6
0.01855921855921856,0.04835164835164835,0.04932844932844933,0.034432234432234435,0.0004884004884004884,113.81,-55.31,4.69,C6
0.010500610500610501,0.03125763125763126,0.03956043956043956,0.020024420024420026,0.0002442002442002442,114.56,-55.25,5.69,C6
0.0002442002442002442,0.008791208791208791,0.02271062271062271,0.0029304029304029304,0.001221001221001221,115.12,-56.56,5.12,C6
0.007814407814407814,0.007814407814407814,0.008547008547008548,0.010256410256410256,0.0019536019536019536,115.31,-58.0,4.87,C6
0.013186813186813187,0.019291819291819293,0.0017094017094017094,0.01978021978021978,0.002197802197802198,116.12,-58.75,5.56,C6
0.017094017094017096,0.027594627594627594,0.009035409035409036,0.026617826617826617,0.002686202686202686,116.56,-59.31,5.56,C6
0.019536019536019536,0.03321123321123321,0.014163614163614164,0.0315018315018315,0.002686202686202686,116.56,-60.69,4.5,C6
0.021245421245421246,0.03711843711843712,0.017826617826617826,0.03492063492063492,0.0019536019536019536,117.31,-64.25,4.31,C6
0.019291819291819293,0.036141636141636145,0.018070818070818073,0.03321123321123321,0.001221001221001221,119.19,-66.44,7.25,C6
0.011477411477411478,0.012698412698412698,0.002686202686202686,0.019536019536019536,0.0004884004884004884,119.75,-66.69,8.69,C6
0.002197802197802198,0.014407814407814409,0.01684981684981685,0.0019536019536019536,0.0002442002442002442,119.94,-66.19,9.44,C6
0.011721611721611722,0.0336996336996337,0.03296703296703297,0.010500610500610501,0.0,119.31,-65.12,8.63,C6
0.01855921855921856,0.04713064713064713,0.044444444444444446,0.019291819291819293,0.0,116.44,-57.19,6.44,C6
0.022222222222222223,0.05518925518925519,0.05225885225885226,0.024175824175824177,0.0002442002442002442,117.19,-52.25,6.69,C6
0.018315018315018316,0.04786324786324787,0.04542124542124542,0.014652014652014652,0.0002442002442002442,117.81,-54.0,6.81,C6
0.00805860805860806,0.023687423687423687,0.02857142857142857,0.0,0.0002442002442002442,118.0,-54.88,6.31,C6
0.0002442002442002442,0.003907203907203907,0.014407814407814409,0.011721611721611722,0.0002442002442002442,118.56,-56.75,6.37,C6
0.006105006105006105,0.010012210012210013,0.00463980463980464,0.01978021978021978,0.0002442002442002442,118.0,-58.75,5.62,C6
0.010256410256410256,0.019536019536019536,0.002442002442002442,0.02564102564102564,0.0007326007326007326,117.5,-62.38,5.25,C6
0.01098901098901099,0.01855921855921856,0.002686202686202686,0.023443223443223443,0.0014652014652014652,118.0,-66.12,8.25,C6
0.0029304029304029304,0.006593406593406593,0.012454212454212455,0.008547008547008548,0.0009768009768009768,118.56,-67.06,10.69,C6
0.00757020757020757,0.02735042735042735,0.029792429792429794,0.006349206349206349,0.0004884004884004884,118.44,-67.25,11.38,C6
0.01514041514041514,0.041758241758241756,0.041758241758241756,0.016605616605616606,0.0002442002442002442,115.5,-62.44,5.75,C6
0.02026862026862027,0.05201465201465202,0.05030525030525031,0.023931623931623933,0.0,115.0,-56.69,3.06,C6
0.017094017094017096,0.04932844932844933,0.04590964590964591,0.016605616605616606,0.0,115.31,-56.56,3.44,C6
0.005372405372405372,0.024175824175824177,0.028083028083028084,0.0007326007326007326,0.0009768009768009768,115.69,-57.81,3.75,C6
0.004151404151404151,0.003907203907203907,0.011721611721611722,0.01221001221001221,0.0017094017094017094,115.75,-59.0,4.19,C6
0.01098901098901099,0.010256410256410256,0.0004884004884004884,0.021245421245421246,0.002197802197802198,115.37,-62.13,4.12,C6
0.01562881562881563,0.02026862026862027,0.00757020757020757,0.02783882783882784,0.002442002442002442,116.25,-66.44,6.87,C6
0.01391941391941392,0.01733821733821734,0.004395604395604396,0.023443223443223443,0.0017094017094017094,117.0,-69.0,10.38,C6
0.00463980463980464,0.007081807081807082,0.011965811965811967,0.009035409035409036,0.0009768009768009768,117.56,-70.12,12.63,C6
0.006837606837606838,0.02783882783882784,0.028815628815628817,0.004884004884004884,0.0007326007326007326,117.62,-69.81,12.94,C6
0.014896214896214897,0.04224664224664225,0.04078144078144078,0.014896214896214897,0.0002442002442002442,117.19,-68.56,11.5,C6
0.020512820512820513,0.052503052503052504,0.04908424908424908,0.021733821733821733,0.001221001221001221,115.19,-62.06,5.25,C6
0.02197802197802198,0.05567765567765568,0.052503052503052504,0.023443223443223443,0.0019536019536019536,115.75,-56.69,4.44,C6
0.01611721611721612,0.04590964590964591,0.04468864468864469,0.012698412698412698,0.002197802197802198,115.94,-57.19,4.62,C6
0.003663003663003663,0.019536019536019536,0.026373626373626374,0.003418803418803419,0.002686202686202686,115.87,-58.44,4.19,C6
0.005860805860805861,0.0002442002442002442,0.010500610500610501,0.015873015873015872,0.0029304029304029304,116.31,-58.94,4.44,C6
0.012698412698412698,0.014163614163614164,0.0007326007326007326,0.024664224664224663,0.0031746031746031746,116.19,-59.81,3.44,C6
0.01733821733821734,0.023931623931623933,0.008791208791208791,0.03076923076923077,0.0031746031746031746,116.19,-62.5,3.25,C6
0.020024420024420026,0.030036630036630037,0.014163614163614164,0.034432234432234435,0.0031746031746031746,117.44,-68.56,7.94,C6
0.016605616605616606,0.02148962148962149,0.008302808302808303,0.027594627594627594,0.002197802197802198,117.81,-70.94,13.88,C6
0.003907203907203907,0.004395604395604396,0.008547008547008548,0.010500610500610501,0.0014652014652014652,118.0,-71.25,15.75,C6
0.007814407814407814,0.025396825396825397,0.026862026862026864,0.005128205128205128,0.0007326007326007326,117.69,-69.75,14.38,C6
0.01611721611721612,0.04004884004884005,0.03956043956043956,0.01611721611721612,0.0004884004884004884,114.62,-59.5,3.87,C6
0.02197802197802198,0.05030525030525031,0.04835164835164835,0.023687423687423687,0.0002442002442002442,114.87,-54.94,3.37,C6
0.01684981684981685,0.038583638583638585,0.04004884004884005,0.01221001221001221,0.0,115.06,-54.81,3.81,C6
0.005860805860805861,0.01562881562881563,0.023931623931623933,0.002686202686202686,0.0,115.31,-55.19,3.81,C6
0.002686202686202686,0.0019536019536019536,0.010012210012210013,0.014407814407814409,0.0002442002442002442,115.37,-55.63,3.75,C6
0.008791208791208791,0.014163614163614164,0.0004884004884004884,0.022466422466422466,0.0002442002442002442,115.5,-59.69,3.25,C6
0.012942612942612943,0.02271062271062271,0.006349206349206349,0.028083028083028084,0.0002442002442002442,115.37,-67.44,5.44,C6
0.009768009768009768,0.013431013431013432,0.0002442002442002442,0.019536019536019536,0.0002442002442002442,115.94,-71.69,11.0,C6
0.0007326007326007326,0.010012210012210013,0.013675213675213675,0.006837606837606838,0.0002442002442002442,116.62,-72.0,14.56,C6
0.009768009768009768,0.02905982905982906,0.028327228327228327,0.003418803418803419,0.0002442002442002442,116.94,-71.37,15.81,C6
0.015873015873015872,0.04224664224664225,0.03833943833943834,0.010744810744810745,0.0004884004884004884,114.81,-65.81,9.69,C6
0.02026862026862027,0.051526251526251524,0.04542124542124542,0.01562881562881563,0.0004884004884004884,113.94,-57.63,3.5,C6
0.018803418803418803,0.04908424908424908,0.04078144078144078,0.009523809523809525,0.0004884004884004884,115.06,-56.13,3.12,C6
0.00805860805860806,0.025396825396825397,0.02271062271062271,0.004884004884004884,0.0007326007326007326,115.44,-55.94,3.0,C6
0.002686202686202686,0.003907203907203907,0.006837606837606838,0.017094017094017096,0.0014652014652014652,115.87,-55.69,2.81,C6
0.010012210012210013,0.01098901098901099,0.004151404151404151,0.025396825396825397,0.002197802197802198,115.37,-56.56,2.44,C6
0.015384615384615385,0.02148962148962149,0.011965811965811967,0.0315018315018315,0.002686202686202686,115.87,-62.38,3.0,C6
0.016605616605616606,0.026617826617826617,0.016605616605616606,0.032722832722832725,0.0029304029304029304,117.75,-68.0,8.94,C6
0.008302808302808303,0.007081807081807082,0.003907203907203907,0.020024420024420026,0.0031746031746031746,117.87,-69.5,11.13,C6
0.0007326007326007326,0.01221001221001221,0.009768009768009768,0.010744810744810745,0.0031746031746031746,116.06,-64.5,7.56,C6
0.007081807081807082,0.025885225885225887,0.019291819291819293,0.004151404151404151,0.0031746031746031746,115.06,-56.44,3.31,C6
0.011477411477411478,0.035164835164835165,0.025885225885225887,0.0004884004884004884,0.0031746031746031746,115.69,-55.06,3.62,C6
0.00463980463980464,0.018803418803418803,0.014896214896214897,0.009768009768009768,0.003418803418803419,115.87,-55.81,3.44,C6
0.004151404151404151,0.0002442002442002442,0.0014652014652014652,0.02026862026862027,0.003418803418803419,115.25,-57.44,2.62,C6
0.010256410256410256,0.013675213675213675,0.00805860805860806,0.027594627594627594,0.003418803418803419,114.75,-61.0,2.0,C6
0.014652014652014652,0.0231990231990232,0.014652014652014652,0.032722832722832725,0.003418803418803419,115.81,-66.31,4.19,C6
0.014407814407814409,0.023443223443223443,0.014163614163614164,0.030525030525030524,0.003418803418803419,117.56,-71.19,13.19,C6
0.006349206349206349,0.0031746031746031746,0.0031746031746031746,0.013675213675213675,0.003418803418803419,117.87,-70.31,14.06,C6
0.003418803418803419,0.021733821733821733,0.015873015873015872,0.002197802197802198,0.003418803418803419,115.87,-63.94,8.25,C6
0.010256410256410256,0.03492063492063492,0.024664224664224663,0.006105006105006105,0.003418803418803419,114.81,-55.94,5.37,C6
0.01514041514041514,0.04249084249084249,0.03076923076923077,0.008547008547008548,0.003418803418803419,115.56,-53.56,4.94,C6
0.00927960927960928,0.02783882783882784,0.021733821733821733,0.0014652014652014652,0.003418803418803419,115.69,-54.0,5.25,C6
0.0002442002442002442,0.007081807081807082,0.008302808302808303,0.012942612942612943,0.003418803418803419,116.06,-54.38,5.94,C6
0.006593406593406593,0.007814407814407814,0.002442002442002442,0.02197802197802198,0.003418803418803419,115.75,-55.0,5.94,C6
0.011721611721611722,0.018315018315018316,0.010256410256410256,0.028327228327228327,0.003418803418803419,115.69,-55.25,5.94,C6
0.01514041514041514,0.025885225885225887,0.01611721611721612,0.03296703296703297,0.003418803418803419,115.81,-55.69,5.94,C6
0.017582417582417582,0.031013431013431014,0.02026862026862027,0.036141636141636145,0.003418803418803419,115.25,-59.44,5.0,C6
0.019291819291819293,0.03467643467643468,0.0231990231990232,0.0380952380952381,0.003418803418803419,116.06,-64.31,6.94,C6
0.018070818070818073,0.03540903540903541,0.02442002442002442,0.0380952380952381,0.003418803418803419,117.62,-67.0,11.94,C6
0.007326007326007326,0.007814407814407814,0.005616605616605617,0.020757020757020756,0.002197802197802198,118.94,-68.87,16.5,C6
0.005128205128205128,0.01611721611721612,0.01391941391941392,0.00463980463980464,0.0014652014652014652,117.94,-66.62,14.0,C6
0.013675213675213675,0.032722832722832725,0.027594627594627594,0.006837606837606838,0.0009768009768009768,115.5,-58.88,7.62,C6
0.01978021978021978,0.044444444444444446,0.03711843711843712,0.014652014652014652,0.0004884004884004884,115.94,-55.63,6.25,C6
0.016605616605616606,0.03321123321123321,0.028815628815628817,0.005372405372405372,0.0002442002442002442,116.0,-57.19,5.25,C6
0.007814407814407814,0.01221001221001221,0.014407814407814409,0.007081807081807082,0.001221001221001221,116.25,-58.25,5.0,C6
0.0002442002442002442,0.004884004884004884,0.0017094017094017094,0.017582417582417582,0.0019536019536019536,116.31,-58.75,4.81,C6
0.006105006105006105,0.016605616605616606,0.00805860805860806,0.02490842490842491,0.002442002442002442,116.37,-61.19,3.62,C6
0.010256410256410256,0.02490842490842491,0.014896214896214897,0.03028083028083028,0.002686202686202686,117.31,-61.31,4.0,C6
0.012698412698412698,0.03076923076923077,0.01978021978021978,0.03418803418803419,0.0029304029304029304,117.62,-61.19,3.81,C6
0.01391941391941392,0.03467643467643468,0.0231990231990232,0.036874236874236875,0.0031746031746031746,117.25,-63.0,4.19,C6
0.014407814407814409,0.036874236874236875,0.025396825396825397,0.03833943833943834,0.0031746031746031746,118.12,-67.75,9.31,C6
0.01391941391941392,0.0336996336996337,0.02271062271062271,0.03467643467643468,0.002197802197802198,118.87,-70.87,14.94,C6
0.0031746031746031746,0.003418803418803419,0.004151404151404151,0.007326007326007326,0.0014652014652014652,119.0,-70.81,15.88,C6
0.008302808302808303,0.023443223443223443,0.01733821733821734,0.011721611721611722,0.0009768009768009768,118.44,-69.25,13.19,C6
0.016361416361416362,0.04224664224664225,0.03247863247863248,0.02490842490842491,0.0004884004884004884,116.25,-64.75,6.62,C6
0.02197802197802198,0.05543345543345543,0.04297924297924298,0.030525030525030524,0.0002442002442002442,115.56,-58.25,1.37,C6
0.021245421245421246,0.05518925518925519,0.04249084249084249,0.02735042735042735,0.001221001221001221,116.19,-56.06,-1.12,C6
0.014163614163614164,0.03907203907203907,0.031746031746031744,0.014652014652014652,0.0017094017094017094,116.87,-56.06,-2.87,C6
0.004395604395604396,0.017094017094017096,0.01684981684981685,0.0007326007326007326,0.002197802197802198,117.25,-56.56,-4.0,C6
0.004884004884004884,0.0014652014652014652,0.0029304029304029304,0.011233211233211233,0.002442002442002442,117.37,-57.88,-5.5,C6
0.011477411477411478,0.014652014652014652,0.006593406593406593,0.01978021978021978,0.002686202686202686,117.25,-61.75,-5.75,C6
0.015873015873015872,0.023931623931623933,0.013431013431013432,0.02564102564102564,0.0029304029304029304,117.75,-66.12,-2.06,C6
0.012942612942612943,0.016361416361416362,0.009035409035409036,0.01978021978021978,0.0019536019536019536,119.0,-69.12,3.5,C6
0.0017094017094017094,0.00805860805860806,0.006837606837606838,0.002442002442002442,0.001221001221001221,119.69,-68.69,5.81,C6
0.010744810744810745,0.02905982905982906,0.02490842490842491,0.01514041514041514,0.0007326007326007326,120.06,-68.5,6.12,C6
0.019536019536019536,0.043467643467643466,0.037606837606837605,0.02735042735042735,0.0004884004884004884,119.62,-67.37,5.87,C6
0.025396825396825397,0.05372405372405373,0.0463980463980464,0.035897435897435895,0.0002442002442002442,118.25,-62.13,2.69,C6
0.027594627594627594,0.057631257631257635,0.05128205128205128,0.039316239316239315,0.0,117.44,-55.19,-1.12,C6
0.02564102564102564,0.05518925518925519,0.04884004884004884,0.035897435897435895,0.0,118.69,-53.56,-3.56,C6
0.014896214896214897,0.03394383394383394,0.034432234432234435,0.020024420024420026,0.0002442002442002442,119.69,-54.06,-5.37,C6
0.0031746031746031746,0.010012210012210013,0.01684981684981685,0.00463980463980464,0.0009768009768009768,119.5,-56.31,-7.37,C6
0.004884004884004884,0.006593406593406593,0.004395604395604396,0.006105006105006105,0.0017094017094017094,118.31,-58.81,-10.31,C6
0.010744810744810745,0.018315018315018316,0.004395604395604396,0.013675213675213675,0.002197802197802198,118.06,-63.56,-13.44,C6
0.01221001221001221,0.022466422466422466,0.009035409035409036,0.01684981684981685,0.002442002442002442,118.37,-68.37,-14.94,C6
0.008791208791208791,0.008302808302808303,0.0017094017094017094,0.00927960927960928,0.002686202686202686,119.12,-70.5,-13.81,C6
0.0029304029304029304,0.014163614163614164,0.01611721611721612,0.0029304029304029304,0.0017094017094017094,119.5,-70.44,-12.75,C6
0.004884004884004884,0.030036630036630037,0.029792429792429794,0.011477411477411478,0.001221001221001221,119.69,-69.87,-12.25,C6
0.010500610500610501,0.04126984126984127,0.039316239316239315,0.017582417582417582,0.0007326007326007326,119.31,-68.12,-12.31,C6
0.014163614163614164,0.04884004884004884,0.046153846153846156,0.021001221001221003,0.0004884004884004884,116.69,-61.06,-12.56,C6
0.01611721611721612,0.05054945054945055,0.047619047619047616,0.019536019536019536,0.0002442002442002442,116.44,-55.0,-10.81,C6
0.01221001221001221,0.04493284493284493,0.04126984126984127,0.010012210012210013,0.0009768009768009768,118.06,-53.19,-12.56,C6
0.003418803418803419,0.025885225885225887,0.025396825396825397,0.002686202686202686,0.0017094017094017094,118.37,-53.38,-13.13,C6
0.006837606837606838,0.003907203907203907,0.008302808302808303,0.01514041514041514,0.002442002442002442,118.75,-54.0,-13.56,C6
0.014407814407814409,0.012698412698412698,0.005372405372405372,0.024664224664224663,0.002686202686202686,118.69,-54.5,-14.38,C6
0.019536019536019536,0.024175824175824177,0.014896214896214897,0.0315018315018315,0.0029304029304029304,118.31,-56.69,-16.06,C6
0.0231990231990232,0.03223443223443224,0.02148962148962149,0.036141636141636145,0.0031746031746031746,118.06,-62.63,-17.56,C6
0.023931623931623933,0.035897435897435895,0.02442002442002442,0.03638583638583639,0.0031746031746031746,119.62,-65.62,-15.06,C6
0.016605616605616606,0.01611721611721612,0.00927960927960928,0.0231990231990232,0.0031746031746031746,120.94,-68.0,-12.88,C6
0.003907203907203907,0.008547008547008548,0.010012210012210013,0.007814407814407814,0.002197802197802198,121.12,-67.87,-12.06,C6
0.007814407814407814,0.02783882783882784,0.028327228327228327,0.004151404151404151,0.0014652014652014652,121.5,-68.12,-11.19,C6
0.016361416361416362,0.04151404151404151,0.041025641025641026,0.012698412698412698,0.0009768009768009768,120.69,-65.81,-11.13,C6
0.022222222222222223,0.050793650793650794,0.04981684981684982,0.01855921855921856,0.0004884004884004884,119.69,-60.19,-10.56,C6
0.0231990231990232,0.05347985347985348,0.05225885225885226,0.018803418803418803,0.0002442002442002442,119.44,-54.81,-10.5,C6
0.02026862026862027,0.04908424908424908,0.04713064713064713,0.01221001221001221,0.001221001221001221,120.87,-51.63,-9.88,C6
0.012454212454212455,0.03028083028083028,0.03199023199023199,0.0004884004884004884,0.0017094017094017094,121.12,-52.44,-9.88,C6
0.0009768009768009768,0.006593406593406593,0.014163614163614164,0.014163614163614164,0.002197802197802198,120.87,-52.75,-10.63,C6
0.007081807081807082,0.009768009768009768,0.0014652014652014652,0.023931623931623933,0.002442002442002442,120.06,-55.56,-13.0,C6
0.012698412698412698,0.021245421245421246,0.007326007326007326,0.030525030525030524,0.0017094017094017094,119.75,-59.56,-14.38,C6
0.015384615384615385,0.028083028083028084,0.013675213675213675,0.03394383394383394,0.0009768009768009768,120.69,-63.25,-13.38,C6
0.013431013431013432,0.021001221001221003,0.008791208791208791,0.029548229548229547,0.0004884004884004884,121.87,-64.81,-10.5,C6
0.004151404151404151,0.004151404151404151,0.00927960927960928,0.01391941391941392,0.0002442002442002442,122.37,-64.94,-9.44,C6
0.008302808302808303,0.027594627594627594,0.028815628815628817,0.0019536019536019536,0.0,122.56,-65.25,-8.56,C6
0.01684981684981685,0.0442002442002442,0.04249084249084249,0.013186813186813187,0.0,122.06,-64.12,-8.38,C6
0.02271062271062271,0.05567765567765568,0.05225885225885226,0.020757020757020756,0.0002442002442002442,120.06,-58.75,-9.69,C6
0.024664224664224663,0.060073260073260075,0.05567765567765568,0.0231990231990232,0.0002442002442002442,119.62,-53.31,-9.69,C6
0.02026862026862027,0.053235653235653234,0.05030525030525031,0.018070818070818073,0.0002442002442002442,120.31,-52.06,-9.38,C6
0.008547008547008548,0.028815628815628817,0.03418803418803419,0.004395604395604396,0.0002442002442002442,120.19,-52.5,-9.63,C6
0.002197802197802198,0.006593406593406593,0.01733821733821734,0.009035409035409036,0.0002442002442002442,120.19,-52.63,-10.19,C6
0.009768009768009768,0.008791208791208791,0.005372405372405372,0.01855921855921856,0.0007326007326007326,119.62,-54.88,-12.0,C6
0.014896214896214897,0.01978021978021978,0.0029304029304029304,0.025152625152625153,0.0017094017094017094,119.06,-60.25,-14.19,C6
0.01733821733821734,0.025152625152625153,0.008791208791208791,0.028083028083028084,0.002197802197802198,119.75,-65.5,-13.0,C6
0.011477411477411478,0.010256410256410256,0.0007326007326007326,0.019536019536019536,0.002686202686202686,121.19,-67.87,-11.63,C6
0.0007326007326007326,0.012698412698412698,0.01611721611721612,0.004395604395604396,0.0017094017094017094,121.81,-68.25,-10.88,C6
0.010744810744810745,0.029548229548229547,0.029304029304029304,0.007814407814407814,0.0009768009768009768,121.87,-68.19,-10.56,C6
0.017826617826617826,0.04126984126984127,0.038583638583638585,0.016605616605616606,0.0007326007326007326,120.06,-63.5,-11.69,C6
0.02271062271062271,0.04957264957264957,0.04493284493284493,0.02271062271062271,0.0002442002442002442,119.44,-56.69,-11.44,C6
0.021001221001221003,0.0485958485958486,0.04371184371184371,0.01904761904761905,0.001221001221001221,120.25,-53.44,-10.63,C6
0.012454212454212455,0.031746031746031744,0.03199023199023199,0.006105006105006105,0.0019536019536019536,120.31,-53.44,-10.56,C6
0.0009768009768009768,0.008791208791208791,0.01562881562881563,0.007814407814407814,0.002442002442002442,120.12,-53.44,-11.0,C6
0.007081807081807082,0.007326007326007326,0.002442002442002442,0.017826617826617826,0.002686202686202686,119.81,-55.25,-12.19,C6
0.012698412698412698,0.01855921855921856,0.006593406593406593,0.02490842490842491,0.0029304029304029304,119.87,-60.06,-12.75,C6
0.016605616605616606,0.026373626373626374,0.012942612942612943,0.029792429792429794,0.0029304029304029304,122.12,-64.81,-10.75,C6
0.01098901098901099,0.008547008547008548,0.0004884004884004884,0.019291819291819293,0.0031746031746031746,123.62,-67.81,-8.19,C6
0.002197802197802198,0.015873015873015872,0.019291819291819293,0.0004884004884004884,0.0019536019536019536,124.37,-67.5,-7.0,C6
0.011477411477411478,0.03296703296703297,0.03321123321123321,0.012698412698412698,0.001221001221001221,123.62,-65.25,-6.5,C6
0.018070818070818073,0.04493284493284493,0.04297924297924298,0.021733821733821733,0.0007326007326007326,121.12,-56.81,-8.31,C6
0.022466422466422466,0.051526251526251524,0.04932844932844933,0.02490842490842491,0.0004884004884004884,121.37,-53.63,-8.56,C6
0.018315018315018316,0.042002442002442006,0.042735042735042736,0.014163614163614164,0.0002442002442002442,121.31,-54.75,-8.88,C6
0.008791208791208791,0.020024420024420026,0.028083028083028084,0.0004884004884004884,0.001221001221001221,121.37,-55.38,-9.31,C6
0.0004884004884004884,0.0017094017094017094,0.014163614163614164,0.012698412698412698,0.0017094017094017094,121.06,-56.06,-9.94,C6
0.005128205128205128,0.01098901098901099,0.004395604395604396,0.021245421245421246,0.002197802197802198,120.69,-58.63,-11.5,C6
0.00927960927960928,0.020024420024420026,0.002442002442002442,0.02735042735042735,0.0014652014652014652,122.69,-63.69,-9.25,C6
0.006837606837606838,0.011477411477411478,0.004151404151404151,0.021001221001221003,0.002197802197802198,123.69,-67.0,-7.06,C6
0.006105006105006105,0.012698412698412698,0.020512820512820513,0.004151404151404151,0.002442002442002442,124.25,-67.87,-5.94,C6
0.015384615384615385,0.031013431013431014,0.03467643467643468,0.00757020757020757,0.002686202686202686,124.06,-67.5,-5.87,C6
0.02197802197802198,0.04371184371184371,0.044444444444444446,0.015873015873015872,0.0029304029304029304,121.5,-61.13,-8.44,C6
0.026373626373626374,0.052503052503052504,0.051526251526251524,0.020512820512820513,0.0031746031746031746,120.94,-53.81,-8.5,C6
0.023931623931623933,0.04810744810744811,0.04713064713064713,0.014407814407814409,0.0031746031746031746,121.19,-52.38,-8.13,C6
0.012942612942612943,0.02490842490842491,0.031746031746031744,0.0002442002442002442,0.0031746031746031746,120.94,-52.94,-8.44,C6
0.002197802197802198,0.004151404151404151,0.015873015873015872,0.013186813186813187,0.003418803418803419,120.69,-53.44,-9.06,C6
0.005616605616605617,0.010500610500610501,0.004884004884004884,0.022466422466422466,0.003418803418803419,120.19,-56.38,-10.94,C6
0.010744810744810745,0.020757020757020756,0.002686202686202686,0.028815628815628817,0.003418803418803419,120.87,-60.5,-10.0,C6
0.009768009768009768,0.020757020757020756,0.0031746031746031746,0.02735042735042735,0.003418803418803419,121.56,-63.63,-6.75,C6
0.0014652014652014652,0.0004884004884004884,0.01098901098901099,0.01221001221001221,0.003418803418803419,122.25,-65.94,-4.12,C6
0.010500610500610501,0.022954822954822957,0.02783882783882784,0.003907203907203907,0.003418803418803419,122.5,-66.25,-3.69,C6
0.018803418803418803,0.038583638583638585,0.0398046398046398,0.01514041514041514,0.003418803418803419,122.19,-65.69,-3.87,C6
0.02442002442002442,0.04957264957264957,0.04810744810744811,0.022954822954822957,0.003418803418803419,121.5,-63.31,-5.37,C6
0.027106227106227107,0.05567765567765568,0.05299145299145299,0.025885225885225887,0.002197802197802198,120.81,-59.25,-6.87,C6
0.02564102564102564,0.05616605616605617,0.05347985347985348,0.02490842490842491,0.0014652014652014652,120.37,-56.5,-9.13,C6
0.020512820512820513,0.04884004884004884,0.04835164835164835,0.018803418803418803,0.0009768009768009768,120.69,-54.0,-9.19,C6
0.010744810744810745,0.028083028083028084,0.03492063492063492,0.006105006105006105,0.0004884004884004884,120.62,-54.25,-9.5,C6
0.0002442002442002442,0.005372405372405372,0.01733821733821734,0.008547008547008548,0.0002442002442002442,120.12,-55.19,-10.5,C6
0.00805860805860806,0.010500610500610501,0.005128205128205128,0.01855921855921856,0.0,119.44,-58.25,-10.75,C6
0.013431013431013432,0.021733821733821733,0.003418803418803419,0.02564102564102564,0.0,120.06,-61.81,-9.63,C6
0.01221001221001221,0.02026862026862027,0.003907203907203907,0.02490842490842491,0.0002442002442002442,121.81,-64.94,-6.06,C6
0.002197802197802198,0.0029304029304029304,0.01098901098901099,0.010500610500610501,0.0002442002442002442,122.31,-65.94,-4.25,C6
0.010500610500610501,0.026617826617826617,0.03028083028083028,0.005616605616605617,0.0002442002442002442,122.62,-65.94,-3.81,C6
0.019536019536019536,0.04322344322344322,0.04371184371184371,0.017094017094017096,0.0002442002442002442,122.25,-63.5,-4.37,C6
0.02564102564102564,0.0547008547008547,0.05299145299145299,0.02490842490842491,0.0002442002442002442,120.44,-55.19,-6.31,C6
0.02783882783882784,0.057387057387057384,0.055921855921855924,0.025885225885225887,0.0002442002442002442,121.12,-51.31,-6.25,C6
0.0231990231990232,0.04566544566544566,0.046886446886446886,0.015873015873015872,0.0007326007326007326,121.0,-51.38,-7.12,C6
0.011477411477411478,0.020757020757020756,0.029548229548229547,0.0,0.0014652014652014652,120.69,-52.38,-8.19,C6
0.0004884004884004884,0.0,0.013431013431013432,0.013431013431013432,0.002197802197802198,120.56,-52.81,-8.69,C6
0.007814407814407814,0.014407814407814409,0.0019536019536019536,0.022954822954822957,0.002686202686202686,119.87,-54.25,-10.0,C6
0.013675213675213675,0.024664224664224663,0.006105006105006105,0.029792429792429794,0.0029304029304029304,118.87,-58.56,-11.25,C6
0.017826617826617826,0.03076923076923077,0.011965811965811967,0.03394383394383394,0.0031746031746031746,118.44,-59.5,-10.44,C6
0.01733821733821734,0.018315018315018316,0.0019536019536019536,0.02490842490842491,0.0019536019536019536,119.19,-61.5,-6.31,C6
0.008302808302808303,0.006837606837606838,0.015384615384615385,0.007081807081807082,0.001221001221001221,119.94,-61.44,-4.37,C6
0.004884004884004884,0.028815628815628817,0.03223443223443224,0.008547008547008548,0.0007326007326007326,120.37,-62.0,-3.75,C6
0.01391941391941392,0.04395604395604396,0.04395604395604396,0.019291819291819293,0.0004884004884004884,120.12,-61.69,-3.5,C6
0.020512820512820513,0.0547008547008547,0.05225885225885226,0.026862026862026864,0.0002442002442002442,118.37,-59.0,-6.56,C6
0.023687423687423687,0.05934065934065934,0.05616605616605617,0.02905982905982906,0.001221001221001221,117.87,-54.63,-8.25,C6
0.01978021978021978,0.05518925518925519,0.05225885225885226,0.023931623931623933,0.0017094017094017094,118.31,-52.81,-8.31,C6
0.00805860805860806,0.03540903540903541,0.03833943833943834,0.008791208791208791,0.002197802197802198,118.37,-53.56,-9.25,C6
0.002686202686202686,0.011965811965811967,0.02026862026862027,0.007326007326007326,0.002442002442002442,118.06,-54.31,-10.31,C6
0.01098901098901099,0.006105006105006105,0.004884004884004884,0.019536019536019536,0.002686202686202686,118.0,-55.31,-11.06,C6
0.016605616605616606,0.018803418803418803,0.005616605616605617,0.028327228327228327,0.0029304029304029304,117.81,-57.31,-12.06,C6
0.020757020757020756,0.02783882783882784,0.013186813186813187,0.03418803418803419,0.0029304029304029304,117.56,-60.38,-11.69,C6
0.020024420024420026,0.030036630036630037,0.014652014652014652,0.03321123321123321,0.0031746031746031746,118.69,-64.0,-7.94,C6
0.010500610500610501,0.006349206349206349,0.0019536019536019536,0.01855921855921856,0.0019536019536019536,119.37,-65.44,-6.12,C6
0.00463980463980464,0.018070818070818073,0.02148962148962149,0.0007326007326007326,0.001221001221001221,120.0,-65.94,-5.12,C6
0.01514041514041514,0.03492063492063492,0.035164835164835165,0.011477411477411478,0.0007326007326007326,119.31,-64.56,-5.75,C6
0.022466422466422466,0.046886446886446886,0.04493284493284493,0.02026862026862027,0.0002442002442002442,117.81,-57.56,-8.81,C6
0.025885225885225887,0.052503052503052504,0.04981684981684982,0.022954822954822957,0.0,118.19,-52.94,-8.88,C6
0.020512820512820513,0.04590964590964591,0.044444444444444446,0.01391941391941392,0.0002442002442002442,118.37,-51.94,-8.94,C6
0.008302808302808303,0.02271062271062271,0.027594627594627594,0.002197802197802198,0.0002442002442002442,118.25,-52.44,-9.31,C6
0.0017094017094017094,0.002442002442002442,0.011477411477411478,0.014652014652014652,0.0007326007326007326,118.0,-53.31,-9.88,C6
0.008547008547008548,0.011721611721611722,0.0,0.023443223443223443,0.0014652014652014652,117.62,-57.19,-11.25,C6
0.013675213675213675,0.02148962148962149,0.00805860805860806,0.029548229548229547,0.002197802197802198,118.44,-63.0,-8.38,C6
0.010256410256410256,0.01514041514041514,0.0019536019536019536,0.023443223443223443,0.002442002442002442,119.44,-66.56,-5.56,C6
0.0031746031746031746,0.009523809523809525,0.015384615384615385,0.006105006105006105,0.002686202686202686,120.06,-66.62,-4.5,C6
0.012698412698412698,0.026617826617826617,0.027594627594627594,0.005860805860805861,0.0029304029304029304,119.31,-64.0,-5.0,C6
0.019536019536019536,0.038583638583638585,0.036141636141636145,0.014163614163614164,0.0029304029304029304,118.0,-54.44,-8.63,C6
0.02271062271062271,0.0442002442002442,0.041025641025641026,0.01562881562881563,0.0031746031746031746,118.75,-51.56,-8.69,C6
0.016605616605616606,0.02905982905982906,0.030036630036630037,0.0029304029304029304,0.0031746031746031746,118.5,-51.63,-9.06,C6
0.005372405372405372,0.007814407814407814,0.014407814407814409,0.01098901098901099,0.002197802197802198,118.5,-51.75,-9.44,C6
0.002442002442002442,0.007081807081807082,0.002442002442002442,0.020757020757020756,0.002442002442002442,117.87,-53.94,-11.06,C6
0.00805860805860806,0.017582417582417582,0.006105006105006105,0.027594627594627594,0.0017094017094017094,117.69,-57.5,-12.63,C6
0.011721611721611722,0.024664224664224663,0.011965811965811967,0.0315018315018315,0.0009768009768009768,119.25,-62.38,-11.19,C6
0.006593406593406593,0.013186813186813187,0.0029304029304029304,0.0231990231990232,0.0004884004884004884,120.5,-65.19,-9.38,C6
0.005860805860805861,0.010256410256410256,0.013186813186813187,0.007326007326007326,0.0002442002442002442,121.12,-65.25,-7.81,C6
0.014652014652014652,0.026373626373626374,0.02564102564102564,0.003663003663003663,0.0,120.06,-63.06,-7.75,C6
0.021001221001221003,0.03785103785103785,0.03418803418803419,0.011233211233211233,0.0009768009768009768,118.25,-56.5,-10.06,C6
0.023687423687423687,0.044444444444444446,0.040293040293040296,0.013675213675213675,0.0017094017094017094,118.81,-53.0,-9.44,C6
0.016605616605616606,0.03467643467643468,0.032722832722832725,0.003663003663003663,0.002197802197802198,119.19,-53.06,-9.5,C6
0.005128205128205128,0.012698412698412698,0.017826617826617826,0.009768009768009768,0.002442002442002442,119.37,-53.94,-10.38,C6
0.0029304029304029304,0.002686202686202686,0.007081807081807082,0.019291819291819293,0.002686202686202686,118.87,-57.13,-12.81,C6
0.008547008547008548,0.013431013431013432,0.0002442002442002442,0.025885225885225887,0.0029304029304029304,119.12,-62.0,-13.31,C6
0.011233211233211233,0.01978021978021978,0.005616605616605617,0.028083028083028084,0.0029304029304029304,120.31,-65.81,-10.81,C6
0.007326007326007326,0.00805860805860806,0.0031746031746031746,0.019291819291819293,0.0031746031746031746,121.0,-70.37,-6.62,C6
0.004151404151404151,0.014652014652014652,0.019291819291819293,0.003663003663003663,0.0031746031746031746,121.62,-68.75,-5.87,C6
0.012454212454212455,0.03076923076923077,0.030525030525030524,0.007081807081807082,0.0031746031746031746,119.81,-61.63,-7.25,C6
0.018070818070818073,0.042002442002442006,0.03833943833943834,0.014652014652014652,0.0031746031746031746,120.31,-53.13,-7.5,C6
0.01904761904761905,0.04322344322344322,0.03882783882783883,0.011233211233211233,0.003418803418803419,120.87,-52.06,-7.25,C6
0.009768009768009768,0.023443223443223443,0.02564102564102564,0.002686202686202686,0.003418803418803419,120.62,-53.25,-8.19,C6
0.0002442002442002442,0.0029304029304029304,0.010256410256410256,0.015873015873015872,0.003418803418803419,120.69,-53.81,-8.81,C6
0.007326007326007326,0.011233211233211233,0.0004884004884004884,0.02490842490842491,0.003418803418803419,120.25,-55.94,-10.31,C6
0.01221001221001221,0.021245421245421246,0.00805860805860806,0.03125763125763126,0.003418803418803419,120.44,-59.31,-10.44,C6
0.01391941391941392,0.026373626373626374,0.013186813186813187,0.034432234432234435,0.003418803418803419,121.0,-61.63,-7.81,C6
0.00927960927960928,0.01611721611721612,0.005372405372405372,0.027106227106227107,0.003418803418803419,121.87,-64.56,-5.12,C6
0.0009768009768009768,0.006105006105006105,0.008791208791208791,0.013186813186813187,0.003418803418803419,122.25,-64.81,-3.87,C6
0.008302808302808303,0.022222222222222223,0.019536019536019536,0.003418803418803419,0.003418803418803419,121.5,-63.44,-4.87,C6
0.013431013431013432,0.0336996336996337,0.02735042735042735,0.003418803418803419,0.002197802197802198,119.69,-55.88,-9.06,C6
0.01684981684981685,0.041758241758241756,0.03247863247863248,0.006593406593406593,0.0014652014652014652,120.19,-52.0,-9.13,C6
0.011477411477411478,0.03125763125763126,0.023687423687423687,0.0029304029304029304,0.0009768009768009768,120.06,-52.38,-9.5,C6
0.0009768009768009768,0.010256410256410256,0.008547008547008548,0.015384615384615385,0.0004884004884004884,119.94,-52.94,-9.81,C6
0.006593406593406593,0.00463980463980464,0.002197802197802198,0.024175824175824177,0.0014652014652014652,119.19,-56.38,-11.31,C6
0.011721611721611722,0.014896214896214897,0.009523809523809525,0.03028083028083028,0.0019536019536019536,119.87,-60.56,-10.19,C6
0.013186813186813187,0.019536019536019536,0.012942612942612943,0.03076923076923077,0.002442002442002442,120.87,-63.5,-8.0,C6
0.005860805860805861,0.002197802197802198,0.0002442002442002442,0.018803418803418803,0.002686202686202686,121.87,-64.5,-5.75,C6
0.006349206349206349,0.018315018315018316,0.016605616605616606,0.00463980463980464,0.0029304029304029304,121.81,-64.12,-4.56,C6
0.014896214896214897,0.03296703296703297,0.028327228327228327,0.005128205128205128,0.0029304029304029304,119.75,-57.75,-8.19,C6
0.020757020757020756,0.04297924297924298,0.03663003663003663,0.011965811965811967,0.0031746031746031746,120.56,-51.63,-7.69,C6
0.017094017094017096,0.037606837606837605,0.032722832722832725,0.005372405372405372,0.0031746031746031746,120.69,-51.19,-7.87,C6
0.005616605616605617,0.014163614163614164,0.01611721611721612,0.009035409035409036,0.0031746031746031746,120.19,-52.63,-9.38,C6
0.002686202686202686,0.002197802197802198,0.00463980463980464,0.019291819291819293,0.0031746031746031746,120.19,-57.63,-10.38,C6
0.008302808302808303,0.013675213675213675,0.003418803418803419,0.026373626373626374,0.0031746031746031746,121.87,-62.88,-7.0,C6
0.00463980463980464,0.004884004884004884,0.003663003663003663,0.01855921855921856,0.0031746031746031746,122.94,-66.44,-3.94,C6
0.006593406593406593,0.015384615384615385,0.018315018315018316,0.007081807081807082,0.0031746031746031746,122.19,-64.5,-4.19,C6
0.014163614163614164,0.029548229548229547,0.02857142857142857,0.0009768009768009768,0.002197802197802198,120.31,-55.13,-7.5,C6
0.01978021978021978,0.03956043956043956,0.035897435897435895,0.006593406593406593,0.002442002442002442,121.19,-51.88,-6.87,C6
0.01391941391941392,0.026373626373626374,0.02564102564102564,0.003907203907203907,0.002686202686202686,120.75,-53.13,-8.19,C6
0.002442002442002442,0.006349206349206349,0.010012210012210013,0.016361416361416362,0.0029304029304029304,120.25,-55.13,-9.06,C6
0.005616605616605617,0.007814407814407814,0.0007326007326007326,0.02490842490842491,0.0029304029304029304,120.19,-58.56,-10.38,C6
0.011477411477411478,0.017826617826617826,0.008302808302808303,0.031013431013431014,0.0031746031746031746,120.19,-61.44,-10.38,C6
0.011477411477411478,0.01855921855921856,0.008302808302808303,0.029304029304029304,0.0031746031746031746,120.56,-64.56,-7.69,C6
0.005372405372405372,0.003663003663003663,0.0029304029304029304,0.01978021978021978,0.0031746031746031746,122.0,-67.31,-4.75,C6
0.00463980463980464,0.01684981684981685,0.01855921855921856,0.005372405372405372,0.0019536019536019536,122.06,-66.69,-4.37,C6
0.011477411477411478,0.03125763125763126,0.029792429792429794,0.00463980463980464,0.002442002442002442,119.37,-56.63,-9.31,C6
0.016605616605616606,0.04126984126984127,0.03736263736263736,0.011721611721611722,0.002686202686202686,119.87,-52.69,-6.25,C6
0.011477411477411478,0.03125763125763126,0.029792429792429794,0.002686202686202686,0.0029304029304029304,119.62,-53.31,-5.12,C6
0.0014652014652014652,0.010012210012210013,0.014652014652014652,0.010744810744810745,0.0031746031746031746,119.12,-54.38,-4.69,C6
0.005372405372405372,0.005616605616605617,0.002197802197802198,0.021245421245421246,0.0031746031746031746,118.75,-56.69,-4.69,C6
0.010500610500610501,0.016605616605616606,0.006349206349206349,0.02857142857142857,0.003418803418803419,118.62,-58.94,-4.75,C6
0.013186813186813187,0.024175824175824177,0.012454212454212455,0.0336996336996337,0.003418803418803419,118.19,-61.69,-4.06,C6
0.011965811965811967,0.026862026862026864,0.014407814407814409,0.0336996336996337,0.003418803418803419,118.06,-67.06,2.25,C6
0.006105006105006105,0.017826617826617826,0.005372405372405372,0.02564102564102564,0.003418803418803419,118.44,-71.25,8.81,C6
0.00757020757020757,0.00757020757020757,0.012942612942612943,0.009035409035409036,0.003418803418803419,118.56,-71.81,10.5,C6
0.017094017094017096,0.025396825396825397,0.025885225885225887,0.002686202686202686,0.003418803418803419,115.94,-61.69,2.31,C6
0.023687423687423687,0.03785103785103785,0.03492063492063492,0.01098901098901099,0.003418803418803419,117.5,-57.25,1.56,C6
0.02148962148962149,0.033455433455433455,0.0315018315018315,0.002197802197802198,0.003418803418803419,119.19,-59.06,2.5,C6
0.009768009768009768,0.011721611721611722,0.01684981684981685,0.011721611721611722,0.003418803418803419,120.56,-60.13,3.75,C6
0.0014652014652014652,0.003418803418803419,0.006349206349206349,0.02148962148962149,0.003418803418803419,120.44,-60.75,3.81,C6
0.004151404151404151,0.014163614163614164,0.0009768009768009768,0.028327228327228327,0.003418803418803419,121.19,-66.0,4.5,C6
0.005860805860805861,0.020512820512820513,0.006105006105006105,0.030525030525030524,0.003418803418803419,123.5,-71.0,9.13,C6
0.002197802197802198,0.0002442002442002442,0.00757020757020757,0.018803418803418803,0.003418803418803419,123.75,-73.0,12.0,C6
0.014652014652014652,0.022954822954822957,0.02612942612942613,0.0014652014652014652,0.002197802197802198,124.06,-72.87,11.75,C6
0.023443223443223443,0.03907203907203907,0.03907203907203907,0.010744810744810745,0.0014652014652014652,122.19,-67.81,6.12,C6
0.029548229548229547,0.05030525030525031,0.04810744810744811,0.01904761904761905,0.0009768009768009768,120.75,-60.06,1.81,C6
0.029304029304029304,0.050793650793650794,0.04884004884004884,0.01562881562881563,0.0017094017094017094,121.56,-57.88,0.56,C6
0.01904761904761905,0.03125763125763126,0.03467643467643468,0.0007326007326007326,0.002197802197802198,121.56,-58.0,-0.13,C6
0.006837606837606838,0.007814407814407814,0.01684981684981685,0.014163614163614164,0.002442002442002442,121.69,-58.63,-1.37,C6
0.0019536019536019536,0.008302808302808303,0.004395604395604396,0.024664224664224663,0.002686202686202686,120.69,-61.0,-2.75,C6
0.00805860805860806,0.01978021978021978,0.004395604395604396,0.03199023199023199,0.0029304029304029304,120.25,-65.19,-3.12,C6
0.010012210012210013,0.02490842490842491,0.010012210012210013,0.03565323565323565,0.0019536019536019536,121.5,-68.94,1.19,C6
0.00463980463980464,0.012454212454212455,0.0007326007326007326,0.025152625152625153,0.001221001221001221,122.94,-70.69,5.37,C6
0.00757020757020757,0.012942612942612943,0.02026862026862027,0.003663003663003663,0.0007326007326007326,123.75,-71.06,7.5,C6
0.016361416361416362,0.03076923076923077,0.034432234432234435,0.011233211233211233,0.0004884004884004884,123.06,-69.94,7.12,C6
0.022222222222222223,0.04322344322344322,0.04468864468864469,0.021733821733821733,0.0002442002442002442,121.06,-61.0,0.69,C6
0.025885225885225887,0.04884004884004884,0.051526251526251524,0.023443223443223443,0.0,121.75,-57.0,-0.06,C6
0.02026862026862027,0.036874236874236875,0.04322344322344322,0.010256410256410256,0.0009768009768009768,121.69,-57.56,-0.31,C6
0.008547008547008548,0.013675213675213675,0.026373626373626374,0.005616605616605617,0.0017094017094017094,121.44,-58.19,-1.06,C6
0.0,0.003663003663003663,0.01221001221001221,0.017826617826617826,0.002197802197802198,121.19,-59.38,-1.44,C6
0.006105006105006105,0.015873015873015872,0.002197802197802198,0.026373626373626374,0.002442002442002442,120.69,-62.69,-2.5,C6
0.010256410256410256,0.02442002442002442,0.00463980463980464,0.03247863247863248,0.002686202686202686,121.94,-67.62,0.0,C6
0.010012210012210013,0.02442002442002442,0.003418803418803419,0.03076923076923077,0.0029304029304029304,123.25,-70.69,6.62,C6
0.0017094017094017094,0.001221001221001221,0.012942612942612943,0.011965811965811967,0.0029304029304029304,123.62,-70.25,10.38,C6
0.008791208791208791,0.021733821733821733,0.02857142857142857,0.001221001221001221,0.0019536019536019536,122.62,-67.5,10.13,C6
0.016361416361416362,0.035897435897435895,0.0398046398046398,0.010256410256410256,0.001221001221001221,120.62,-58.0,6.44,C6
0.02148962148962149,0.04590964590964591,0.04737484737484737,0.01684981684981685,0.0007326007326007326,122.12,-56.13,6.56,C6
0.017094017094017096,0.03638583638583639,0.039316239316239315,0.006105006105006105,0.0002442002442002442,122.94,-57.75,8.31,C6
0.006349206349206349,0.014163614163614164,0.023443223443223443,0.008302808302808303,0.001221001221001221,122.87,-60.13,9.38,C6
0.0014652014652014652,0.0019536019536019536,0.010012210012210013,0.018803418803418803,0.0017094017094017094,122.19,-64.19,8.81,C6
0.006593406593406593,0.012942612942612943,0.0004884004884004884,0.02612942612942613,0.002197802197802198,122.69,-68.0,9.63,C6
0.010500610500610501,0.020757020757020756,0.006105006105006105,0.03125763125763126,0.002686202686202686,123.62,-72.56,15.0,C6
0.006837606837606838,0.007814407814407814,0.005372405372405372,0.021733821733821733,0.002686202686202686,124.62,-75.0,17.94,C6
0.005372405372405372,0.016605616605616606,0.022466422466422466,0.002686202686202686,0.0019536019536019536,125.12,-75.0,17.5,C6
0.01391941391941392,0.0336996336996337,0.03467643467643468,0.010744810744810745,0.002197802197802198,122.12,-68.62,6.0,C6
0.01978021978021978,0.04542124542124542,0.04297924297924298,0.02026862026862027,0.002686202686202686,119.87,-59.31,-1.12,C6
0.022466422466422466,0.04884004884004884,0.04590964590964591,0.018803418803418803,0.002686202686202686,120.12,-55.81,-3.19,C6
0.014896214896214897,0.030036630036630037,0.0336996336996337,0.00463980463980464,0.0029304029304029304,119.75,-56.25,-4.75,C6
0.004151404151404151,0.00805860805860806,0.01733821733821734,0.010256410256410256,0.0031746031746031746,118.87,-58.44,-6.56,C6
0.003418803418803419,0.00757020757020757,0.005860805860805861,0.020512820512820513,0.0031746031746031746,118.94,-64.19,-7.81,C6
0.008791208791208791,0.018315018315018316,0.0019536019536019536,0.02783882783882784,0.003418803418803419,120.94,-70.12,-3.37,C6
0.006105006105006105,0.012942612942612943,0.0031746031746031746,0.022954822954822957,0.003418803418803419,123.69,-73.62,2.5,C6
0.005860805860805861,0.01221001221001221,0.01904761904761905,0.007081807081807082,0.003418803418803419,124.37,-73.37,4.44,C6
0.01391941391941392,0.029548229548229547,0.030525030525030524,0.003907203907203907,0.003418803418803419,122.87,-69.37,2.37,C6
0.01978021978021978,0.041758241758241756,0.03833943833943834,0.011721611721611722,0.003418803418803419,120.75,-60.56,-3.44,C6
0.023443223443223443,0.04786324786324787,0.04395604395604396,0.015384615384615385,0.003418803418803419,121.69,-57.63,-3.69,C6
0.018315018315018316,0.03565323565323565,0.03492063492063492,0.004151404151404151,0.003418803418803419,122.19,-57.88,-3.25,C6
0.007326007326007326,0.013186813186813187,0.019291819291819293,0.010256410256410256,0.003418803418803419,122.19,-58.19,-3.5,C6
0.0004884004884004884,0.0031746031746031746,0.006105006105006105,0.02026862026862027,0.003418803418803419,121.94,-60.06,-3.69,C6
0.006105006105006105,0.014652014652014652,0.0031746031746031746,0.02735042735042735,0.003418803418803419,122.25,-63.19,-2.69,C6
0.009768009768009768,0.02271062271062271,0.009523809523809525,0.03223443223443224,0.003418803418803419,124.12,-67.69,1.31,C6
0.004395604395604396,0.009523809523809525,0.003663003663003663,0.020024420024420026,0.003418803418803419,124.69,-68.75,3.0,C6
0.007326007326007326,0.014652014652014652,0.021733821733821733,0.0014652014652014652,0.003418803418803419,124.87,-69.12,3.44,C6
0.015384615384615385,0.0315018315018315,0.034432234432234435,0.011477411477411478,0.002197802197802198,123.06,-65.81,0.56,C6
0.021245421245421246,0.04322344322344322,0.04322344322344322,0.020512820512820513,0.002442002442002442,122.44,-57.88,-2.0,C6
0.021001221001221003,0.04590964590964591,0.0463980463980464,0.01904761904761905,0.002686202686202686,123.56,-56.06,-1.31,C6
0.012942612942612943,0.028815628815628817,0.03418803418803419,0.005616605616605617,0.0029304029304029304,123.94,-56.44,-0.75,C6
0.002442002442002442,0.007326007326007326,0.018315018315018316,0.009035409035409036,0.0029304029304029304,123.94,-57.31,-1.0,C6
0.004884004884004884,0.007814407814407814,0.007326007326007326,0.019536019536019536,0.0031746031746031746,124.06,-62.0,-1.25,C6
0.010012210012210013,0.018315018315018316,0.0004884004884004884,0.026617826617826617,0.0019536019536019536,125.44,-67.81,2.37,C6
0.005616605616605617,0.00805860805860806,0.005616605616605617,0.020512820512820513,0.001221001221001221,126.62,-69.19,5.75,C6
0.005372405372405372,0.01514041514041514,0.022954822954822957,0.0014652014652014652,0.0007326007326007326,127.31,-68.87,7.81,C6
0.01391941391941392,0.03296703296703297,0.03663003663003663,0.016605616605616606,0.0004884004884004884,126.87,-68.25,7.62,C6
0.01978021978021978,0.045177045177045176,0.0463980463980464,0.02735042735042735,0.0002442002442002442,123.87,-61.75,0.94,C6
0.023931623931623933,0.05396825396825397,0.053235653235653234,0.029792429792429794,0.001221001221001221,124.0,-57.56,-0.31,C6
0.019291819291819293,0.04542124542124542,0.046153846153846156,0.018070818070818073,0.0017094017094017094,124.06,-57.63,-0.06,C6
0.00805860805860806,0.022466422466422466,0.03076923076923077,0.0019536019536019536,0.002197802197802198,123.62,-58.19,-0.5,C6
0.0002442002442002442,0.006349206349206349,0.01855921855921856,0.00927960927960928,0.002442002442002442,123.19,-60.38,-0.81,C6
0.005372405372405372,0.005128205128205128,0.010012210012210013,0.017094017094017096,0.002686202686202686,123.94,-65.62,0.0,C6
0.00805860805860806,0.011965811965811967,0.004151404151404151,0.021733821733821733,0.0029304029304029304,125.44,-70.44,4.06,C6
0.005128205128205128,0.003907203907203907,0.013675213675213675,0.012698412698412698,0.0019536019536019536,126.94,-73.69,10.81,C6
0.00463980463980464,0.02564102564102564,0.029548229548229547,0.00463980463980464,0.001221001221001221,127.25,-72.87,11.25,C6
0.011721611721611722,0.041025641025641026,0.04126984126984127,0.01684981684981685,0.0007326007326007326,126.75,-71.75,10.19,C6
0.016605616605616606,0.051526251526251524,0.04932844932844933,0.025152625152625153,0.0014652014652014652,124.56,-67.19,3.94,C6
0.019291819291819293,0.0568986568986569,0.05518925518925519,0.02735042735042735,0.0019536019536019536,124.12,-61.19,0.81,C6
0.01733821733821734,0.05396825396825397,0.05225885225885226,0.01978021978021978,0.002442002442002442,124.37,-60.25,0.62,C6
0.007081807081807082,0.03199023199023199,0.037606837606837605,0.0031746031746031746,0.002686202686202686,124.12,-60.31,-0.31,C6
0.0,0.011477411477411478,0.021733821733821733,0.010500610500610501,0.0029304029304029304,124.0,-62.44,-0.5,C6
0.005128205128205128,0.002686202686202686,0.010744810744810745,0.02026862026862027,0.0031746031746031746,124.44,-63.94,-0.06,C6
0.00805860805860806,0.012942612942612943,0.0029304029304029304,0.027106227106227107,0.0031746031746031746,126.0,-67.19,3.87,C6
0.003663003663003663,0.004151404151404151,0.008302808302808303,0.021245421245421246,0.0031746031746031746,126.87,-67.94,5.81,C6
0.007326007326007326,0.016605616605616606,0.02148962148962149,0.008302808302808303,0.002197802197802198,127.31,-66.94,6.87,C6
0.014896214896214897,0.03125763125763126,0.031013431013431014,0.0009768009768009768,0.0014652014652014652,125.94,-64.94,5.19,C6
0.02026862026862027,0.04126984126984127,0.037606837606837605,0.007326007326007326,0.0009768009768009768,122.31,-58.81,-0.13,C6
0.020757020757020756,0.04566544566544566,0.040293040293040296,0.00805860805860806,0.0004884004884004884,123.69,-54.63,0.37,C6
0.01514041514041514,0.033455433455433455,0.03028083028083028,0.001221001221001221,0.0002442002442002442,124.25,-55.13,0.5,C6
0.00463980463980464,0.010500610500610501,0.014163614163614164,0.014652014652014652,0.001221001221001221,124.56,-56.5,0.0,C6
0.0029304029304029304,0.006349206349206349,0.0009768009768009768,0.025152625152625153,0.0007326007326007326,124.37,-56.06,0.5,C6
0.00805860805860806,0.018315018315018316,0.00805860805860806,0.032722832722832725,0.0004884004884004884,123.75,-55.88,0.56,C6
0.011721611721611722,0.026373626373626374,0.014652014652014652,0.03785103785103785,0.0002442002442002442,124.12,-61.06,0.75,C6
0.012698412698412698,0.02612942612942613,0.014407814407814409,0.03492063492063492,0.0,124.94,-65.44,2.94,C6
0.002686202686202686,0.002442002442002442,0.004884004884004884,0.010500610500610501,0.0,125.31,-65.5,4.31,C6
0.008547008547008548,0.025152625152625153,0.024664224664224663,0.006349206349206349,0.0002442002442002442,125.37,-65.5,4.69,C6
0.01611721611721612,0.04078144078144078,0.038583638583638585,0.018315018315018316,0.0002442002442002442,123.75,-63.69,2.44,C6
0.021733821733821733,0.05201465201465202,0.04835164835164835,0.0231990231990232,0.0002442002442002442,122.81,-58.25,0.81,C6
0.021001221001221003,0.05225885225885226,0.04884004884004884,0.01978021978021978,0.0002442002442002442,124.25,-55.31,1.19,C6
0.013675213675213675,0.03785103785103785,0.0380952380952381,0.00757020757020757,0.0004884004884004884,125.62,-53.31,2.69,C6
0.0031746031746031746,0.01562881562881563,0.022466422466422466,0.006837606837606838,0.0004884004884004884,126.06,-51.13,2.56,C6
0.004151404151404151,0.0,0.010500610500610501,0.016605616605616606,0.0007326007326007326,125.37,-54.25,1.19,C6
0.00927960927960928,0.010744810744810745,0.002197802197802198,0.023687423687423687,0.0014652014652014652,125.69,-59.69,0.75,C6
0.011477411477411478,0.01733821733821734,0.003663003663003663,0.02612942612942613,0.0019536019536019536,126.87,-64.37,5.12,C6
0.006105006105006105,0.0007326007326007326,0.00805860805860806,0.012454212454212455,0.002442002442002442,127.62,-65.87,8.0,C6
0.006105006105006105,0.02271062271062271,0.025152625152625153,0.00463980463980464,0.002686202686202686,127.94,-65.87,8.88,C6
0.014652014652014652,0.0380952380952381,0.03711843711843712,0.01684981684981685,0.0017094017094017094,127.75,-65.56,8.63,C6
0.020757020757020756,0.04884004884004884,0.04542124542124542,0.025152625152625153,0.0009768009768009768,124.75,-59.0,2.25,C6
0.023687423687423687,0.054212454212454214,0.05103785103785104,0.026373626373626374,0.0004884004884004884,125.12,-54.69,0.94,C6
0.01904761904761905,0.046153846153846156,0.044444444444444446,0.01611721611721612,0.0014652014652014652,125.25,-54.88,0.44,C6
0.007326007326007326,0.021001221001221003,0.026862026862026864,0.0007326007326007326,0.0019536019536019536,125.0,-55.81,-0.13,C6
0.0009768009768009768,0.003663003663003663,0.014407814407814409,0.012698412698412698,0.002442002442002442,124.44,-60.06,-1.25,C6
0.006837606837606838,0.008791208791208791,0.005860805860805861,0.021001221001221003,0.002686202686202686,125.75,-64.31,1.06,C6
0.00757020757020757,0.010744810744810745,0.002686202686202686,0.02148962148962149,0.0029304029304029304,126.94,-68.19,5.81,C6
0.0002442002442002442,0.010500610500610501,0.01611721611721612,0.008791208791208791,0.0019536019536019536,127.69,-69.5,9.31,C6
0.01098901098901099,0.03028083028083028,0.03247863247863248,0.005616605616605617,0.001221001221001221,128.06,-69.62,10.06,C6
0.01904761904761905,0.0442002442002442,0.04395604395604396,0.015873015873015872,0.0007326007326007326,125.94,-65.94,4.87,C6
0.02442002442002442,0.05396825396825397,0.05201465201465202,0.022954822954822957,0.0002442002442002442,124.62,-56.69,0.0,C6
0.023687423687423687,0.05445665445665446,0.05299145299145299,0.020024420024420026,0.0,125.44,-54.94,0.13,C6
0.012942612942612943,0.03247863247863248,0.03736263736263736,0.003907203907203907,0.0009768009768009768,125.31,-55.0,0.0,C6
0.002442002442002442,0.010012210012210013,0.02026862026862027,0.01098901098901099,0.0017094017094017094,125.06,-55.69,-0.31,C6
0.005128205128205128,0.005616605616605617,0.008547008547008548,0.021245421245421246,0.002197802197802198,124.69,-60.06,-1.12,C6
0.010256410256410256,0.016605616605616606,0.0,0.028327228327228327,0.002686202686202686,125.81,-65.44,3.94,C6
0.008791208791208791,0.012698412698412698,0.002442002442002442,0.024664224664224663,0.0017094017094017094,127.31,-68.62,10.38,C6
0.002442002442002442,0.011477411477411478,0.018315018315018316,0.00927960927960928,0.0009768009768009768,128.12,-69.0,13.13,C6
0.012454212454212455,0.02857142857142857,0.03199023199023199,0.0017094017094017094,0.0007326007326007326,127.5,-66.62,11.06,C6
0.019536019536019536,0.04053724053724054,0.04151404151404151,0.00927960927960928,0.0002442002442002442,125.37,-57.56,3.94,C6
0.02442002442002442,0.04884004884004884,0.04835164835164835,0.013431013431013432,0.0002442002442002442,125.81,-54.25,1.56,C6
0.020024420024420026,0.03907203907203907,0.039316239316239315,0.0031746031746031746,0.0,125.62,-54.5,1.62,C6
0.00927960927960928,0.015384615384615385,0.022222222222222223,0.010744810744810745,0.0009768009768009768,125.56,-55.69,0.75,C6
0.0009768009768009768,0.0017094017094017094,0.008791208791208791,0.021245421245421246,0.0004884004884004884,125.69,-55.88,0.81,C6
0.004884004884004884,0.013431013431013432,0.0007326007326007326,0.028815628815628817,0.001221001221001221,126.44,-55.88,3.25,C6
0.009035409035409036,0.021733821733821733,0.00757020757020757,0.03418803418803419,0.0019536019536019536,126.31,-57.75,4.87,C6
0.011721611721611722,0.02735042735042735,0.01221001221001221,0.03785103785103785,0.002442002442002442,126.19,-61.81,6.87,C6
0.010744810744810745,0.026862026862026864,0.012942612942612943,0.03638583638583639,0.0014652014652014652,127.31,-64.37,9.88,C6
0.006593406593406593,0.011721611721611722,0.001221001221001221,0.02564102564102564,0.0009768009768009768,128.37,-65.69,13.38,C6
0.004151404151404151,0.013675213675213675,0.017826617826617826,0.007814407814407814,0.0004884004884004884,128.25,-64.69,13.69,C6
0.011721611721611722,0.0315018315018315,0.031013431013431014,0.00463980463980464,0.0002442002442002442,126.25,-59.94,11.13,C6
0.017094017094017096,0.04395604395604396,0.04004884004884005,0.013431013431013432,0.0,125.37,-55.13,8.25,C6
0.01855921855921856,0.047619047619047616,0.04371184371184371,0.012698412698412698,0.0,125.5,-55.38,7.0,C6
0.011477411477411478,0.029792429792429794,0.031746031746031744,0.0002442002442002442,0.0002442002442002442,125.31,-56.13,6.56,C6
0.0029304029304029304,0.00927960927960928,0.01684981684981685,0.012942612942612943,0.0002442002442002442,125.75,-58.06,6.69,C6
0.0031746031746031746,0.005128205128205128,0.006593406593406593,0.02197802197802198,0.0007326007326007326,125.81,-62.44,6.31,C6
0.007326007326007326,0.01514041514041514,0.0007326007326007326,0.028327228327228327,0.0014652014652014652,127.31,-66.12,9.0,C6
0.008302808302808303,0.018315018315018316,0.0014652014652014652,0.02783882783882784,0.002197802197802198,130.0,-71.31,18.0,C6
0.0019536019536019536,0.0004884004884004884,0.011721611721611722,0.01514041514041514,0.0014652014652014652,130.94,-73.25,25.69,C6
0.01098901098901099,0.020757020757020756,0.02564102564102564,0.003907203907203907,0.0007326007326007326,129.75,-71.62,22.0,C6
0.020024420024420026,0.035897435897435895,0.03540903540903541,0.003663003663003663,0.0004884004884004884,125.56,-64.06,10.06,C6
0.02612942612942613,0.0463980463980464,0.04224664224664225,0.00927960927960928,0.0002442002442002442,124.5,-58.88,4.62,C6
0.02442002442002442,0.042002442002442006,0.035897435897435895,0.0007326007326007326,0.0,124.62,-59.13,3.56,C6
0.013675213675213675,0.01855921855921856,0.01855921855921856,0.013186813186813187,0.0,124.56,-60.06,2.56,C6
0.004395604395604396,0.0004884004884004884,0.004151404151404151,0.023931623931623933,0.0002442002442002442,124.62,-60.69,2.81,C6
0.002197802197802198,0.01391941391941392,0.006105006105006105,0.0315018315018315,0.0002442002442002442,124.31,-62.38,2.62,C6
0.006593406593406593,0.023443223443223443,0.013186813186813187,0.036874236874236875,0.0002442002442002442,124.69,-66.31,5.25,C6
0.004151404151404151,0.024664224664224663,0.014407814407814409,0.03638583638583639,0.0002442002442002442,125.69,-70.56,9.38,C6
0.0031746031746031746,0.0009768009768009768,0.0029304029304029304,0.01978021978021978,0.0002442002442002442,126.12,-71.62,12.5,C6
0.012698412698412698,0.023687423687423687,0.022954822954822957,0.003418803418803419,0.0004884004884004884,125.87,-71.06,12.5,C6
0.019291819291819293,0.0398046398046398,0.03711843711843712,0.00805860805860806,0.0004884004884004884,123.31,-66.19,5.56,C6
0.023931623931623933,0.05103785103785104,0.046886446886446886,0.01611721611721612,0.0004884004884004884,122.81,-61.06,-0.06,C6
0.02148962148962149,0.0485958485958486,0.04395604395604396,0.010500610500610501,0.0004884004884004884,123.12,-60.0,0.13,C6
0.009523809523809525,0.022954822954822957,0.026373626373626374,0.00463980463980464,0.0007326007326007326,123.19,-61.0,-0.25,C6
0.0009768009768009768,0.004884004884004884,0.011721611721611722,0.015873015873015872,0.0014652014652014652,122.87,-62.88,-1.12,C6
0.004884004884004884,0.00757020757020757,0.0014652014652014652,0.023687423687423687,0.002197802197802198,122.81,-67.56,1.44,C6
0.008791208791208791,0.01514041514041514,0.005616605616605617,0.02905982905982906,0.002442002442002442,124.56,-71.69,7.87,C6
0.003663003663003663,0.002686202686202686,0.00463980463980464,0.01904761904761905,0.0014652014652014652,125.44,-73.25,13.56,C6
0.009523809523809525,0.026862026862026864,0.024175824175824177,0.0007326007326007326,0.0009768009768009768,126.06,-72.75,15.06,C6
0.018803418803418803,0.04371184371184371,0.03785103785103785,0.014652014652014652,0.0004884004884004884,124.12,-68.12,7.62,C6
0.025396825396825397,0.05567765567765568,0.04737484737484737,0.02442002442002442,0.0002442002442002442,122.75,-60.94,1.75,C6
0.026373626373626374,0.05567765567765568,0.0485958485958486,0.020512820512820513,0.0,122.94,-59.06,1.69,C6
0.018315018315018316,0.034432234432234435,0.03492063492063492,0.00463980463980464,0.0,122.94,-59.19,1.19,C6
0.007081807081807082,0.011721611721611722,0.018315018315018316,0.010256410256410256,0.0002442002442002442,122.75,-59.75,0.62,C6
0.0007326007326007326,0.004395604395604396,0.006593406593406593,0.020512820512820513,0.0002442002442002442,122.44,-62.0,-0.5,C6
0.006105006105006105,0.01562881562881563,0.0014652014652014652,0.027594627594627594,0.0002442002442002442,123.37,-66.12,2.25,C6
0.008302808302808303,0.020512820512820513,0.006349206349206349,0.030036630036630037,0.0002442002442002442,125.69,-69.81,9.5,C6
0.002442002442002442,0.0004884004884004884,0.005372405372405372,0.017826617826617826,0.0002442002442002442,126.44,-69.94,13.0,C6
0.010744810744810745,0.02612942612942613,0.025152625152625153,0.001221001221001221,0.0002442002442002442,126.44,-70.0,13.25,C6
0.01978021978021978,0.04395604395604396,0.03882783882783883,0.014652014652014652,0.0002442002442002442,124.75,-67.94,10.06,C6
0.026373626373626374,0.056654456654456654,0.04835164835164835,0.024175824175824177,0.0004884004884004884,122.81,-60.63,3.94,C6
0.02735042735042735,0.05982905982905983,0.051526251526251524,0.023687423687423687,0.0004884004884004884,122.87,-57.94,2.5,C6
0.02148962148962149,0.04224664224664225,0.039316239316239315,0.009523809523809525,0.0004884004884004884,122.81,-58.38,2.06,C6
0.010256410256410256,0.017826617826617826,0.021733821733821733,0.006349206349206349,0.0004884004884004884,122.69,-59.88,1.62,C6
0.002442002442002442,0.0009768009768009768,0.00927960927960928,0.01733821733821734,0.0004884004884004884,123.0,-65.19,0.44,C6
0.0031746031746031746,0.01098901098901099,0.0004884004884004884,0.025152625152625153,0.0004884004884004884,124.31,-68.19,5.37,C6
0.003663003663003663,0.0,0.006837606837606838,0.01733821733821734,0.0004884004884004884,124.87,-68.56,10.44,C6
0.006105006105006105,0.022954822954822957,0.0231990231990232,0.003418803418803419,0.0004884004884004884,125.5,-68.44,11.75,C6
0.01514041514041514,0.03907203907203907,0.03540903540903541,0.018070818070818073,0.0004884004884004884,125.25,-67.87,11.56,C6
0.02148962148962149,0.05030525030525031,0.04395604395604396,0.028083028083028084,0.0004884004884004884,122.5,-63.06,4.94,C6
0.025885225885225887,0.05714285714285714,0.050061050061050064,0.030036630036630037,0.0004884004884004884,122.12,-59.19,2.06,C6
0.021733821733821733,0.05030525030525031,0.04395604395604396,0.019291819291819293,0.0004884004884004884,122.19,-59.06,1.25,C6
0.010256410256410256,0.026862026862026864,0.027106227106227107,0.002442002442002442,0.0004884004884004884,122.31,-58.94,1.0,C6
0.001221001221001221,0.00757020757020757,0.011721611721611722,0.010256410256410256,0.0004884004884004884,121.87,-60.25,0.31,C6
0.004884004884004884,0.005860805860805861,0.001221001221001221,0.019291819291819293,0.0004884004884004884,122.56,-64.75,2.0,C6
0.00927960927960928,0.015384615384615385,0.006349206349206349,0.02564102564102564,0.0004884004884004884,124.0,-68.19,6.87,C6
0.002686202686202686,0.003907203907203907,0.006349206349206349,0.013431013431013432,0.0004884004884004884,125.06,-69.56,10.25,C6
0.009523809523809525,0.02612942612942613,0.02564102564102564,0.003418803418803419,0.0004884004884004884,125.5,-69.37,11.25,C6
0.018070818070818073,0.04151404151404151,0.03907203907203907,0.01514041514041514,0.0004884004884004884,123.62,-66.06,6.56,C6
0.023931623931623933,0.052503052503052504,0.0485958485958486,0.023443223443223443,0.0004884004884004884,122.44,-59.63,1.87,C6
0.024175824175824177,0.051526251526251524,0.04786324786324787,0.020512820512820513,0.0004884004884004884,122.5,-58.63,0.88,C6
0.014652014652014652,0.02905982905982906,0.03296703296703297,0.004884004884004884,0.0004884004884004884,122.37,-58.75,0.19,C6
0.004395604395604396,0.009035409035409036,0.01733821733821734,0.007326007326007326,0.0004884004884004884,122.0,-60.44,-1.25,C6
0.002442002442002442,0.004884004884004884,0.006349206349206349,0.015873015873015872,0.0004884004884004884,122.44,-65.56,-1.31,C6
0.007326007326007326,0.014407814407814409,0.0014652014652014652,0.02197802197802198,0.0004884004884004884,124.12,-69.69,2.81,C6
0.002197802197802198,0.005128205128205128,0.009768009768009768,0.010500610500610501,0.0004884004884004884,125.25,-71.87,6.81,C6
0.00927960927960928,0.027106227106227107,0.025396825396825397,0.0019536019536019536,0.0004884004884004884,125.37,-72.0,7.75,C6
0.017094017094017096,0.04249084249084249,0.036141636141636145,0.010744810744810745,0.0004884004884004884,122.56,-65.31,0.56,C6
0.02271062271062271,0.053235653235653234,0.04395604395604396,0.017094017094017096,0.0004884004884004884,122.56,-58.88,-1.12,C6
0.020024420024420026,0.04884004884004884,0.039316239316239315,0.010256410256410256,0.0004884004884004884,122.37,-58.44,-1.12,C6
0.00805860805860806,0.023687423687423687,0.021733821733821733,0.005372405372405372,0.0014652014652014652,122.31,-58.69,-1.44,C6
0.0002442002442002442,0.005860805860805861,0.008547008547008548,0.016605616605616606,0.002197802197802198,121.69,-61.0,-2.19,C6
0.006105006105006105,0.006593406593406593,0.0007326007326007326,0.024175824175824177,0.002442002442002442,121.62,-64.69,-1.81,C6
0.00927960927960928,0.014163614163614164,0.007081807081807082,0.028327228327228327,0.002686202686202686,123.06,-68.12,2.12,C6
0.004884004884004884,0.004395604395604396,0.006837606837606838,0.016361416361416362,0.0017094017094017094,124.37,-69.12,5.25,C6
0.00757020757020757,0.027106227106227107,0.02612942612942613,0.0019536019536019536,0.0009768009768009768,124.81,-69.25,6.37,C6
0.01611721611721612,0.042735042735042736,0.0398046398046398,0.014652014652014652,0.0007326007326007326,124.25,-68.5,5.87,C6
0.022222222222222223,0.05372405372405373,0.04932844932844933,0.023687423687423687,0.0002442002442002442,121.81,-61.81,0.44,C6
0.02564102564102564,0.05885225885225885,0.05372405372405373,0.02490842490842491,0.0002442002442002442,122.19,-57.69,0.13,C6
0.020024420024420026,0.04835164835164835,0.045177045177045176,0.013675213675213675,0.0,122.37,-57.81,-0.13,C6
0.00805860805860806,0.022954822954822957,0.02735042735042735,0.002686202686202686,0.0,122.25,-58.13,-0.13,C6
0.0004884004884004884,0.005128205128205128,0.014652014652014652,0.014407814407814409,0.0002442002442002442,121.37,-60.69,-1.06,C6
0.006349206349206349,0.007326007326007326,0.005860805860805861,0.022466422466422466,0.0002442002442002442,121.44,-64.87,-1.5,C6
0.00927960927960928,0.012454212454212455,0.001221001221001221,0.023931623931623933,0.0002442002442002442,122.25,-67.75,1.87,C6
0.007814407814407814,0.004395604395604396,0.012698412698412698,0.012454212454212455,0.0002442002442002442,123.44,-70.44,6.94,C6
0.0029304029304029304,0.025885225885225887,0.02857142857142857,0.003907203907203907,0.0002442002442002442,124.19,-70.75,9.06,C6
0.012942612942612943,0.041758241758241756,0.041025641025641026,0.015384615384615385,0.0002442002442002442,123.5,-69.0,7.31,C6
0.020024420024420026,0.05274725274725275,0.04981684981684982,0.0231990231990232,0.0002442002442002442,121.81,-63.44,3.06,C6
0.025152625152625153,0.06031746031746032,0.055921855921855924,0.026862026862026864,0.0002442002442002442,121.69,-58.13,0.94,C6
0.023443223443223443,0.05518925518925519,0.05103785103785104,0.018803418803418803,0.0002442002442002442,121.81,-57.44,0.13,C6
0.013186813186813187,0.032722832722832725,0.035897435897435895,0.0029304029304029304,0.0002442002442002442,121.69,-57.94,-0.31,C6
0.0017094017094017094,0.010256410256410256,0.01904761904761905,0.011721611721611722,0.0007326007326007326,121.44,-58.75,-0.31,C6
0.006105006105006105,0.005372405372405372,0.007326007326007326,0.021733821733821733,0.0014652014652014652,121.12,-61.0,-1.19,C6
0.011721611721611722,0.016361416361416362,0.0009768009768009768,0.02905982905982906,0.0019536019536019536,121.75,-63.94,0.19,C6
0.011477411477411478,0.018315018315018316,0.004395604395604396,0.028815628815628817,0.002442002442002442,123.69,-66.87,4.75,C6
0.004151404151404151,0.0,0.007814407814407814,0.017094017094017096,0.0014652014652014652,125.0,-68.5,8.88,C6
0.008791208791208791,0.022222222222222223,0.02442002442002442,0.0007326007326007326,0.0009768009768009768,127.12,-67.37,13.31,C6
0.018070818070818073,0.03785103785103785,0.03785103785103785,0.010500610500610501,0.0004884004884004884,127.25,-66.87,15.44,C6
0.024664224664224663,0.04884004884004884,0.04737484737484737,0.01855921855921856,0.0002442002442002442,125.62,-63.56,13.06,C6
0.029304029304029304,0.05616605616605617,0.05396825396825397,0.022466422466422466,0.0,124.12,-60.25,10.25,C6
0.02905982905982906,0.05616605616605617,0.05396825396825397,0.02148962148962149,0.0,123.25,-59.81,9.88,C6
0.02271062271062271,0.04542124542124542,0.04493284493284493,0.011721611721611722,0.0002442002442002442,123.56,-58.38,8.44,C6
0.01562881562881563,0.03247863247863248,0.0336996336996337,0.0004884004884004884,0.0002442002442002442,123.37,-58.19,7.56,C6
0.007326007326007326,0.01684981684981685,0.021245421245421246,0.011233211233211233,0.0007326007326007326,123.19,-58.38,7.37,C6
0.0014652014652014652,0.0004884004884004884,0.008302808302808303,0.02148962148962149,0.0017094017094017094,123.56,-58.56,7.81,C6
0.00805860805860806,0.01098901098901099,0.0014652014652014652,0.028815628815628817,0.002197802197802198,123.94,-58.69,8.31,C6
0.012454212454212455,0.019291819291819293,0.008791208791208791,0.03418803418803419,0.002686202686202686,123.5,-59.81,5.5,C6
0.01562881562881563,0.02490842490842491,0.01391941391941392,0.0380952380952381,0.0029304029304029304,123.75,-65.12,2.12,C6
0.017826617826617826,0.02905982905982906,0.01733821733821734,0.04078144078144078,0.0031746031746031746,125.19,-69.0,6.44,C6
0.011965811965811967,0.014163614163614164,0.008302808302808303,0.029304029304029304,0.0031746031746031746,126.31,-73.5,12.81,C6
0.0014652014652014652,0.01098901098901099,0.008547008547008548,0.007326007326007326,0.0019536019536019536,126.94,-74.06,14.69,C6
0.011233211233211233,0.028327228327228327,0.022954822954822957,0.00805860805860806,0.001221001221001221,125.75,-69.81,8.94,C6
0.018070818070818073,0.04053724053724054,0.03321123321123321,0.018803418803418803,0.0007326007326007326,122.56,-61.19,1.06,C6
0.02271062271062271,0.04835164835164835,0.040293040293040296,0.020757020757020756,0.0002442002442002442,122.87,-57.44,-0.37,C6
0.018070818070818073,0.038583638583638585,0.032722832722832725,0.008791208791208791,0.0002442002442002442,123.44,-57.31,-0.88,C6
0.007814407814407814,0.01611721611721612,0.017582417582417582,0.006349206349206349,0.0,123.19,-58.25,-1.69,C6
0.0004884004884004884,0.0004884004884004884,0.006837606837606838,0.01684981684981685,0.0,122.62,-61.31,-2.56,C6
0.00463980463980464,0.010500610500610501,0.0007326007326007326,0.024175824175824177,0.0002442002442002442,123.56,-67.25,-1.19,C6
0.00805860805860806,0.014652014652014652,0.004884004884004884,0.025885225885225887,0.0002442002442002442,124.56,-70.25,4.0,C6
0.002442002442002442,0.0017094017094017094,0.007814407814407814,0.014896214896214897,0.0002442002442002442,125.75,-71.81,8.19,C6
0.008547008547008548,0.021245421245421246,0.02271062271062271,0.0002442002442002442,0.0002442002442002442,126.12,-70.69,8.31,C6
0.01611721611721612,0.03492063492063492,0.03321123321123321,0.009768009768009768,0.0004884004884004884,123.19,-64.25,3.19,C6
0.02148962148962149,0.044444444444444446,0.04053724053724054,0.01684981684981685,0.0004884004884004884,121.69,-56.19,-2.62,C6
0.020024420024420026,0.0442002442002442,0.0398046398046398,0.011965811965811967,0.0004884004884004884,122.5,-54.13,-3.31,C6
0.009768009768009768,0.022466422466422466,0.0231990231990232,0.003907203907203907,0.0007326007326007326,122.5,-54.19,-3.69,C6
0.0002442002442002442,0.0017094017094017094,0.007326007326007326,0.017094017094017096,0.0014652014652014652,122.62,-55.19,-3.69,C6
0.007081807081807082,0.012698412698412698,0.004151404151404151,0.02612942612942613,0.0019536019536019536,122.56,-56.94,-3.0,C6
0.011965811965811967,0.02271062271062271,0.011965811965811967,0.032722832722832725,0.002442002442002442,122.12,-61.06,-2.56,C6
0.014652014652014652,0.02905982905982906,0.017582417582417582,0.03663003663003663,0.002686202686202686,122.75,-64.25,-0.81,C6
0.011233211233211233,0.016605616605616606,0.010256410256410256,0.02905982905982906,0.0029304029304029304,124.37,-67.12,2.75,C6
0.0014652014652014652,0.008547008547008548,0.007814407814407814,0.0031746031746031746,0.0029304029304029304,125.25,-68.0,5.19,C6
0.00927960927960928,0.02783882783882784,0.026617826617826617,0.014896214896214897,0.0031746031746031746,125.12,-66.69,5.75,C6
0.01684981684981685,0.04126984126984127,0.0398046398046398,0.027594627594627594,0.0031746031746031746,122.81,-58.81,2.12,C6
0.022222222222222223,0.050793650793650794,0.04884004884004884,0.031746031746031744,0.0031746031746031746,123.94,-52.38,0.81,C6
0.01855921855921856,0.046886446886446886,0.044444444444444446,0.02271062271062271,0.0031746031746031746,124.44,-51.75,0.75,C6
0.007081807081807082,0.02148962148962149,0.025396825396825397,0.004151404151404151,0.0031746031746031746,124.37,-52.56,0.31,C6
0.002197802197802198,0.0019536019536019536,0.010012210012210013,0.010012210012210013,0.0031746031746031746,124.19,-53.81,-0.19,C6
0.008547008547008548,0.011721611721611722,0.0007326007326007326,0.020024420024420026,0.0031746031746031746,123.25,-56.69,-0.31,C6
0.012942612942612943,0.02148962148962149,0.00805860805860806,0.026862026862026864,0.0031746031746031746,124.19,-63.31,0.19,C6
0.013431013431013432,0.023687423687423687,0.011233211233211233,0.028083028083028084,0.002197802197802198,126.25,-68.19,4.87,C6
0.00757020757020757,0.00463980463980464,0.002197802197802198,0.012698412698412698,0.0014652014652014652,127.44,-69.75,8.94,C6
0.004395604395604396,0.01904761904761905,0.020512820512820513,0.004151404151404151,0.0009768009768009768,127.75,-69.19,9.81,C6
0.012698412698412698,0.03565323565323565,0.033455433455433455,0.015873015873015872,0.0004884004884004884,127.5,-68.37,9.38,C6
0.01855921855921856,0.04737484737484737,0.042735042735042736,0.023931623931623933,0.0002442002442002442,124.56,-62.06,2.25,C6
0.02148962148962149,0.052503052503052504,0.04908424908424908,0.02612942612942613,0.0,123.81,-56.19,-0.13,C6
0.017582417582417582,0.046886446886446886,0.044444444444444446,0.018803418803418803,0.0009768009768009768,124.06,-54.81,-1.31,C6
0.007326007326007326,0.023931623931623933,0.02783882783882784,0.003663003663003663,0.0017094017094017094,124.06,-55.19,-1.56,C6
0.0029304029304029304,0.0019536019536019536,0.010500610500610501,0.011477411477411478,0.002197802197802198,124.06,-55.81,-2.06,C6
0.010256410256410256,0.013431013431013432,0.0019536019536019536,0.02197802197802198,0.002686202686202686,123.94,-61.56,-2.69,C6
0.01514041514041514,0.024175824175824177,0.010500610500610501,0.029304029304029304,0.0029304029304029304,126.19,-66.44,0.88,C6
0.011721611721611722,0.017582417582417582,0.006837606837606838,0.02442002442002442,0.0031746031746031746,127.56,-69.87,6.19,C6
0.0009768009768009768,0.006105006105006105,0.009523809523809525,0.00805860805860806,0.0031746031746031746,128.12,-70.56,8.88,C6
0.010012210012210013,0.022466422466422466,0.023443223443223443,0.003418803418803419,0.003418803418803419,126.87,-67.81,6.94,C6
0.016361416361416362,0.03394383394383394,0.03321123321123321,0.011477411477411478,0.003418803418803419,124.44,-62.19,1.62,C6
0.019291819291819293,0.041758241758241756,0.04004884004884005,0.01514041514041514,0.003418803418803419,124.62,-57.69,1.0,C6
0.014652014652014652,0.034432234432234435,0.03418803418803419,0.006349206349206349,0.003418803418803419,124.44,-57.88,0.69,C6
0.003663003663003663,0.012698412698412698,0.018803418803418803,0.00757020757020757,0.003418803418803419,124.62,-58.88,-0.06,C6
0.003907203907203907,0.002442002442002442,0.007814407814407814,0.017094017094017096,0.003418803418803419,124.0,-61.56,-1.0,C6
0.00927960927960928,0.012942612942612943,0.0004884004884004884,0.023931623931623933,0.003418803418803419,125.12,-69.12,2.12,C6
0.009523809523809525,0.01514041514041514,0.0031746031746031746,0.02612942612942613,0.003418803418803419,126.25,-71.75,8.69,C6
0.0017094017094017094,0.006105006105006105,0.010500610500610501,0.01221001221001221,0.003418803418803419,126.87,-71.62,11.81,C6
0.006837606837606838,0.0231990231990232,0.02442002442002442,0.0019536019536019536,0.002197802197802198,125.75,-69.31,9.06,C6
0.012698412698412698,0.03540903540903541,0.03418803418803419,0.005372405372405372,0.0014652014652014652,124.19,-60.56,1.44,C6
0.016605616605616606,0.04371184371184371,0.041025641025641026,0.010500610500610501,0.0009768009768009768,125.37,-55.56,0.69,C6
0.011477411477411478,0.030525030525030524,0.031746031746031744,0.001221001221001221,0.0004884004884004884,125.25,-55.81,0.5,C6
0.001221001221001221,0.008547008547008548,0.01514041514041514,0.01221001221001221,0.0014652014652014652,125.0,-56.31,0.0,C6
0.005860805860805861,0.006837606837606838,0.002686202686202686,0.021733821733821733,0.0019536019536019536,124.44,-58.69,-1.0,C6
0.01098901098901099,0.017582417582417582,0.005860805860805861,0.02857142857142857,0.002442002442002442,124.44,-63.5,-1.06,C6
0.013431013431013432,0.02442002442002442,0.011965811965811967,0.03223443223443224,0.002686202686202686,124.94,-66.81,1.94,C6
0.009523809523809525,0.01221001221001221,0.003418803418803419,0.023443223443223443,0.0029304029304029304,127.19,-70.62,7.75,C6
0.0007326007326007326,0.011477411477411478,0.013186813186813187,0.007326007326007326,0.0031746031746031746,127.44,-71.0,9.56,C6
0.007814407814407814,0.028327228327228327,0.02490842490842491,0.003907203907203907,0.0031746031746031746,124.69,-62.94,1.44,C6
0.012698412698412698,0.0398046398046398,0.03321123321123321,0.011965811965811967,0.0031746031746031746,124.62,-56.63,-1.0,C6
0.012942612942612943,0.03833943833943834,0.031013431013431014,0.006349206349206349,0.0031746031746031746,124.5,-56.94,-1.25,C6
0.003663003663003663,0.01684981684981685,0.015873015873015872,0.00757020757020757,0.003418803418803419,124.37,-57.81,-1.94,C6
0.004395604395604396,0.0004884004884004884,0.0019536019536019536,0.01904761904761905,0.003418803418803419,124.25,-59.31,-2.31,C6
0.010012210012210013,0.012698412698412698,0.007814407814407814,0.027106227106227107,0.003418803418803419,123.87,-62.88,-2.37,C6
0.01391941391941392,0.021245421245421246,0.014652014652014652,0.03296703296703297,0.003418803418803419,124.94,-67.31,0.19,C6
0.012698412698412698,0.016361416361416362,0.010744810744810745,0.028327228327228327,0.003418803418803419,126.0,-70.62,4.87,C6
0.004151404151404151,0.007081807081807082,0.005616605616605617,0.01221001221001221,0.003418803418803419,126.75,-70.94,6.94,C6
0.002442002442002442,0.023443223443223443,0.018315018315018316,0.0009768009768009768,0.003418803418803419,125.37,-66.69,4.0,C6
0.007081807081807082,0.03467643467643468,0.02735042735042735,0.006837606837606838,0.003418803418803419,124.25,-58.69,-0.13,C6
0.010256410256410256,0.04004884004884005,0.0336996336996337,0.00757020757020757,0.003418803418803419,124.37,-56.56,0.0,C6
0.006349206349206349,0.02564102564102564,0.023443223443223443,0.004395604395604396,0.003418803418803419,123.94,-56.94,-1.06,C6
0.0,0.006593406593406593,0.009523809523809525,0.017094017094017096,0.003418803418803419,123.81,-57.88,-1.75,C6
0.007081807081807082,0.007814407814407814,0.002442002442002442,0.025885225885225887,0.003418803418803419,123.75,-59.94,-2.87,C6
0.01221001221001221,0.017826617826617826,0.010744810744810745,0.03223443223443224,0.003418803418803419,124.75,-65.94,-3.5,C6
0.01562881562881563,0.02490842490842491,0.016605616605616606,0.036141636141636145,0.002197802197802198,125.44,-70.5,0.75,C6
0.01221001221001221,0.01221001221001221,0.006349206349206349,0.02783882783882784,0.0014652014652014652,126.87,-73.25,6.87,C6
0.001221001221001221,0.009768009768009768,0.01098901098901099,0.011233211233211233,0.0009768009768009768,127.19,-72.37,8.13,C6
0.010744810744810745,0.025152625152625153,0.022954822954822957,0.0002442002442002442,0.0004884004884004884,124.56,-62.38,2.0,C6
0.01733821733821734,0.036141636141636145,0.0315018315018315,0.008302808302808303,0.0002442002442002442,124.19,-57.94,-0.13,C6
0.016605616605616606,0.027594627594627594,0.02783882783882784,0.001221001221001221,0.0,124.0,-57.25,-0.94,C6
0.009523809523809525,0.008302808302808303,0.014407814407814409,0.01098901098901099,0.0,123.5,-57.94,-2.06,C6
0.0002442002442002442,0.008302808302808303,0.0007326007326007326,0.021733821733821733,0.0009768009768009768,123.0,-59.13,-3.31,C6
0.006349206349206349,0.020024420024420026,0.008547008547008548,0.02905982905982906,0.0017094017094017094,123.37,-62.81,-3.87,C6
0.01098901098901099,0.028083028083028084,0.01514041514041514,0.034432234432234435,0.002197802197802198,123.75,-68.19,-1.69,C6
0.009035409035409036,0.02490842490842491,0.010744810744810745,0.026373626373626374,0.002442002442002442,123.44,-69.62,-1.5,C6
0.0,0.0029304029304029304,0.003907203907203907,0.011965811965811967,0.002686202686202686,123.69,-69.37,-0.75,C6
0.00805860805860806,0.017094017094017096,0.01978021978021978,0.0007326007326007326,0.0017094017094017094,123.62,-68.87,-0.81,C6
0.013675213675213675,0.03125763125763126,0.031013431013431014,0.009768009768009768,0.001221001221001221,121.87,-64.06,-2.75,C6
0.01733821733821734,0.041025641025641026,0.03882783882783883,0.01611721611721612,0.0007326007326007326,120.06,-58.25,-5.69,C6
0.01562881562881563,0.03907203907203907,0.03736263736263736,0.013431013431013432,0.0014652014652014652,119.87,-57.13,-7.25,C6
0.006349206349206349,0.017582417582417582,0.023443223443223443,0.0004884004884004884,0.0019536019536019536,119.94,-57.19,-7.56,C6
0.003907203907203907,0.002686202686202686,0.006837606837606838,0.013431013431013432,0.002442002442002442,120.12,-57.88,-8.0,C6
0.011233211233211233,0.017094017094017096,0.006105006105006105,0.0231990231990232,0.002686202686202686,119.94,-60.19,-10.31,C6
0.01611721611721612,0.027106227106227107,0.01514041514041514,0.030036630036630037,0.0029304029304029304,120.5,-64.12,-11.81,C6
0.01904761904761905,0.0336996336996337,0.02148962148962149,0.03394383394383394,0.0029304029304029304,121.75,-68.0,-8.88,C6
0.015873015873015872,0.02612942612942613,0.014163614163614164,0.02490842490842491,0.0019536019536019536,122.69,-71.25,-6.12,C6
0.004884004884004884,0.001221001221001221,0.0014652014652014652,0.005372405372405372,0.001221001221001221,123.25,-72.19,-3.75,C6
0.004395604395604396,0.017826617826617826,0.018315018315018316,0.00805860805860806,0.0007326007326007326,123.12,-71.62,-3.12,C6
0.01098901098901099,0.031013431013431014,0.030036630036630037,0.017582417582417582,0.0004884004884004884,121.31,-66.37,-6.31,C6
0.015384615384615385,0.040293040293040296,0.03833943833943834,0.019536019536019536,0.0002442002442002442,120.37,-59.38,-8.88,C6
0.014652014652014652,0.03956043956043956,0.03638583638583639,0.01391941391941392,0.0,120.75,-58.44,-9.0,C6
0.004395604395604396,0.017582417582417582,0.021001221001221003,0.0017094017094017094,0.0009768009768009768,120.75,-58.31,-9.31,C6
0.004884004884004884,0.002197802197802198,0.005372405372405372,0.01562881562881563,0.0017094017094017094,120.75,-59.06,-10.25,C6
0.011477411477411478,0.01611721611721612,0.006837606837606838,0.025885225885225887,0.002197802197802198,120.44,-61.0,-11.75,C6
0.01611721611721612,0.025885225885225887,0.015384615384615385,0.03296703296703297,0.002686202686202686,120.12,-62.5,-12.38,C6
0.018803418803418803,0.03247863247863248,0.021245421245421246,0.0380952380952381,0.0029304029304029304,120.94,-67.56,-11.5,C6
0.019291819291819293,0.03467643467643468,0.0231990231990232,0.0380952380952381,0.0031746031746031746,122.44,-71.69,-7.25,C6
0.011965811965811967,0.014896214896214897,0.009523809523809525,0.025396825396825397,0.0031746031746031746,123.12,-72.62,-5.12,C6
0.0007326007326007326,0.009768009768009768,0.009035409035409036,0.009035409035409036,0.0031746031746031746,122.81,-71.94,-4.62,C6
0.007326007326007326,0.026862026862026864,0.022222222222222223,0.002442002442002442,0.002197802197802198,120.94,-66.62,-7.44,C6
0.012698412698412698,0.03882783882783883,0.0315018315018315,0.010500610500610501,0.0014652014652014652,120.31,-59.88,-9.94,C6
0.01098901098901099,0.03736263736263736,0.031013431013431014,0.006349206349206349,0.0009768009768009768,120.37,-57.81,-8.31,C6
0.0004884004884004884,0.01611721611721612,0.017094017094017096,0.006593406593406593,0.0017094017094017094,120.19,-59.0,-9.44,C6
0.007814407814407814,0.002197802197802198,0.002442002442002442,0.018803418803418803,0.002197802197802198,120.37,-60.63,-9.94,C6
0.013675213675213675,0.014896214896214897,0.00805860805860806,0.027594627594627594,0.002442002442002442,119.62,-61.63,-8.63,C6
0.017826617826617826,0.023931623931623933,0.01514041514041514,0.033455433455433455,0.0029304029304029304,120.0,-65.37,-8.94,C6
0.017582417582417582,0.025885225885225887,0.020024420024420026,0.03711843711843712,0.0029304029304029304,120.81,-70.25,-8.25,C6
0.01391941391941392,0.012454212454212455,0.00927960927960928,0.02442002442002442,0.0031746031746031746,121.25,-72.25,-5.69,C6
0.005372405372405372,0.010500610500610501,0.00805860805860806,0.006593406593406593,0.0031746031746031746,121.37,-72.06,-4.25,C6
0.0031746031746031746,0.02735042735042735,0.02442002442002442,0.005860805860805861,0.002197802197802198,121.56,-71.94,-4.19,C6
0.00927960927960928,0.03907203907203907,0.035897435897435895,0.014652014652014652,0.0014652014652014652,120.69,-69.75,-7.37,C6
0.013431013431013432,0.04737484737484737,0.04395604395604396,0.018070818070818073,0.0009768009768009768,118.87,-62.94,-10.69,C6
0.01391941391941392,0.04884004884004884,0.044444444444444446,0.01611721611721612,0.0004884004884004884,119.06,-60.0,-11.0,C6
0.005860805860805861,0.03028083028083028,0.03223443223443224,0.002197802197802198,0.001221001221001221,119.25,-59.31,-10.31,C6
0.004151404151404151,0.007814407814407814,0.015384615384615385,0.012454212454212455,0.0019536019536019536,119.31,-59.38,-10.25,C6
0.011721611721611722,0.00927960927960928,0.0009768009768009768,0.023687423687423687,0.002442002442002442,119.31,-59.56,-10.75,C6
0.01733821733821734,0.021001221001221003,0.009035409035409036,0.03125763125763126,0.002686202686202686,119.44,-62.38,-11.88,C6
0.021001221001221003,0.029304029304029304,0.015873015873015872,0.036874236874236875,0.0029304029304029304,120.31,-65.5,-10.75,C6
0.020512820512820513,0.029304029304029304,0.017094017094017096,0.036141636141636145,0.0029304029304029304,120.62,-69.25,-9.69,C6
0.01684981684981685,0.011721611721611722,0.005372405372405372,0.02612942612942613,0.0031746031746031746,121.62,-70.87,-6.44,C6
0.007814407814407814,0.011477411477411478,0.010256410256410256,0.007814407814407814,0.0019536019536019536,122.12,-70.5,-4.87,C6
0.0007326007326007326,0.027594627594627594,0.024664224664224663,0.005128205128205128,0.001221001221001221,122.12,-70.12,-4.25,C6
0.006837606837606838,0.03882783882783883,0.03492063492063492,0.014163614163614164,0.0007326007326007326,121.75,-68.44,-4.25,C6
0.01098901098901099,0.04566544566544566,0.042002442002442006,0.017094017094017096,0.0004884004884004884,120.69,-62.19,-6.19,C6
0.01221001221001221,0.046886446886446886,0.04297924297924298,0.014652014652014652,0.0,122.0,-56.19,-5.69,C6
0.007326007326007326,0.033455433455433455,0.03223443223443224,0.002197802197802198,0.0009768009768009768,122.06,-55.25,-5.81,C6
0.003663003663003663,0.008791208791208791,0.01391941391941392,0.013431013431013432,0.0017094017094017094,122.0,-55.19,-6.31,C6
0.011477411477411478,0.008302808302808303,0.0009768009768009768,0.02442002442002442,0.002197802197802198,121.37,-57.31,-7.75,C6
0.01684981684981685,0.02026862026862027,0.00805860805860806,0.03223443223443224,0.002442002442002442,121.5,-63.94,-7.75,C6
0.018803418803418803,0.02564102564102564,0.01391941391941392,0.03467643467643468,0.002686202686202686,122.37,-69.31,-4.56,C6
0.012454212454212455,0.006593406593406593,0.0014652014652014652,0.0231990231990232,0.0017094017094017094,123.44,-71.62,-1.75,C6
0.0007326007326007326,0.014407814407814409,0.01562881562881563,0.008302808302808303,0.001221001221001221,123.87,-71.25,-1.44,C6
0.007326007326007326,0.029304029304029304,0.027594627594627594,0.002197802197802198,0.0007326007326007326,123.44,-70.31,-1.62,C6
0.012942612942612943,0.03956043956043956,0.036141636141636145,0.009523809523809525,0.0004884004884004884,121.62,-63.38,-5.44,C6
0.01684981684981685,0.04468864468864469,0.041758241758241756,0.011965811965811967,0.0002442002442002442,122.06,-56.5,-5.94,C6
0.01221001221001221,0.03711843711843712,0.03540903540903541,0.002686202686202686,0.001221001221001221,122.25,-55.69,-5.5,C6
0.0007326007326007326,0.013186813186813187,0.017826617826617826,0.012454212454212455,0.0017094017094017094,121.94,-56.0,-5.94,C6
0.008547008547008548,0.005372405372405372,0.002442002442002442,0.023687423687423687,0.002197802197802198,121.5,-57.63,-6.75,C6
0.01514041514041514,0.01855921855921856,0.008547008547008548,0.031746031746031744,0.002442002442002442,121.31,-61.75,-7.5,C6
0.01978021978021978,0.027594627594627594,0.01611721611721612,0.03711843711843712,0.002686202686202686,122.0,-66.44,-5.56,C6
0.017094017094017096,0.022466422466422466,0.011721611721611722,0.03247863247863248,0.0029304029304029304,123.06,-71.12,-1.0,C6
0.006349206349206349,0.0019536019536019536,0.004395604395604396,0.016605616605616606,0.0029304029304029304,123.81,-72.25,1.37,C6
0.004395604395604396,0.021001221001221003,0.020757020757020756,0.005128205128205128,0.0019536019536019536,123.56,-71.37,1.44,C6
0.011965811965811967,0.034432234432234435,0.03223443223443224,0.0031746031746031746,0.001221001221001221,122.19,-67.31,-3.06,C6
0.017094017094017096,0.04371184371184371,0.040293040293040296,0.008791208791208791,0.0007326007326007326,122.12,-59.5,-6.37,C6
0.015384615384615385,0.04126984126984127,0.0380952380952381,0.004884004884004884,0.0004884004884004884,122.44,-58.0,-6.37,C6
0.004151404151404151,0.01904761904761905,0.022222222222222223,0.008791208791208791,0.001221001221001221,122.19,-58.69,-7.06,C6
0.004151404151404151,0.0,0.006837606837606838,0.020512820512820513,0.0019536019536019536,121.56,-61.0,-8.88,C6
0.009768009768009768,0.013186813186813187,0.003907203907203907,0.02857142857142857,0.002442002442002442,121.31,-64.44,-9.69,C6
0.01391941391941392,0.022466422466422466,0.011477411477411478,0.03418803418803419,0.002686202686202686,122.62,-70.44,-6.44,C6
0.011965811965811967,0.018803418803418803,0.007814407814407814,0.03028083028083028,0.0029304029304029304,124.0,-74.06,-0.69,C6
0.0004884004884004884,0.005616605616605617,0.008791208791208791,0.012698412698412698,0.0031746031746031746,124.25,-74.0,1.12,C6
0.00757020757020757,0.022954822954822957,0.022222222222222223,0.0004884004884004884,0.0031746031746031746,123.0,-71.62,-1.19,C6
0.013186813186813187,0.03492063492063492,0.0315018315018315,0.00805860805860806,0.0031746031746031746,121.37,-63.88,-6.87,C6
0.01733821733821734,0.042735042735042736,0.0380952380952381,0.010744810744810745,0.0031746031746031746,121.44,-59.13,-7.37,C6
0.01098901098901099,0.03125763125763126,0.03028083028083028,0.0007326007326007326,0.0031746031746031746,121.69,-59.5,-7.87,C6
0.001221001221001221,0.009523809523809525,0.014163614163614164,0.012942612942612943,0.003418803418803419,121.25,-61.0,-8.69,C6
0.005616605616605617,0.005860805860805861,0.0029304029304029304,0.02271062271062271,0.003418803418803419,121.87,-66.19,-8.69,C6
0.010500610500610501,0.016361416361416362,0.004884004884004884,0.029548229548229547,0.003418803418803419,124.19,-72.81,-1.69,C6
0.005860805860805861,0.004151404151404151,0.004884004884004884,0.019536019536019536,0.003418803418803419,125.56,-75.0,2.0,C6
0.008547008547008548,0.019536019536019536,0.021733821733821733,0.0019536019536019536,0.002197802197802198,125.81,-75.56,3.25,C6
0.01855921855921856,0.035897435897435895,0.033455433455433455,0.010256410256410256,0.0014652014652014652,123.37,-70.87,-1.0,C6
0.02564102564102564,0.04737484737484737,0.04151404151404151,0.018803418803418803,0.0009768009768009768,121.81,-63.0,-6.25,C6
0.026862026862026864,0.050061050061050064,0.04371184371184371,0.01684981684981685,0.0004884004884004884,122.12,-60.31,-6.75,C6
0.018070818070818073,0.033455433455433455,0.03296703296703297,0.004395604395604396,0.0014652014652014652,121.94,-60.13,-6.81,C6
0.006349206349206349,0.011233211233211233,0.017094017094017096,0.010012210012210013,0.0019536019536019536,121.44,-60.0,-7.06,C6
0.0017094017094017094,0.004151404151404151,0.006105006105006105,0.020024420024420026,0.002442002442002442,121.31,-63.0,-8.31,C6
0.007326007326007326,0.014896214896214897,0.0017094017094017094,0.027106227106227107,0.0014652014652014652,122.87,-69.25,-6.44,C6
0.009035409035409036,0.01611721611721612,0.002197802197802198,0.026862026862026864,0.0009768009768009768,123.87,-75.12,0.75,C6
0.0014652014652014652,0.008302808302808303,0.013186813186813187,0.008302808302808303,0.0004884004884004884,124.62,-75.62,3.94,C6
0.006837606837606838,0.025396825396825397,0.023931623931623933,0.004884004884004884,0.0002442002442002442,123.37,-69.69,-0.19,C6
0.012454212454212455,0.03736263736263736,0.0315018315018315,0.014163614163614164,0.0,122.5,-62.31,-4.37,C6
0.016361416361416362,0.042002442002442006,0.036141636141636145,0.013186813186813187,0.0,122.62,-59.63,-5.31,C6
0.011477411477411478,0.028815628815628817,0.02735042735042735,0.0017094017094017094,0.0002442002442002442,122.81,-60.44,-5.94,C6
0.0014652014652014652,0.00757020757020757,0.01221001221001221,0.012698412698412698,0.0009768009768009768,122.62,-61.63,-6.69,C6
0.005372405372405372,0.00757020757020757,0.0017094017094017094,0.022466422466422466,0.0017094017094017094,122.25,-66.44,-8.19,C6
0.010256410256410256,0.018070818070818073,0.005860805860805861,0.029548229548229547,0.002197802197802198,123.0,-70.69,-3.62,C6
0.007814407814407814,0.010744810744810745,0.0002442002442002442,0.02442002442002442,0.002686202686202686,124.0,-73.19,1.31,C6
0.0031746031746031746,0.01221001221001221,0.01562881562881563,0.010256410256410256,0.002686202686202686,124.06,-72.44,3.31,C6
0.01098901098901099,0.028327228327228327,0.026862026862026864,0.0002442002442002442,0.0019536019536019536,122.44,-63.13,-2.62,C6
0.016361416361416362,0.03956043956043956,0.03467643467643468,0.006837606837606838,0.001221001221001221,123.19,-57.5,-0.88,C6
0.013675213675213675,0.03321123321123321,0.02905982905982906,0.001221001221001221,0.0007326007326007326,124.06,-58.94,1.37,C6
0.004151404151404151,0.012698412698412698,0.01514041514041514,0.01391941391941392,0.0004884004884004884,123.25,-60.88,0.5,C6
0.002442002442002442,0.0014652014652014652,0.005372405372405372,0.02271062271062271,0.001221001221001221,123.12,-65.81,-1.19,C6
0.006837606837606838,0.011721611721611722,0.0014652014652014652,0.028815628815628817,0.0019536019536019536,124.37,-72.44,4.62,C6
0.006593406593406593,0.010744810744810745,0.0004884004884004884,0.026617826617826617,0.002197802197802198,126.37,-76.12,12.81,C6
0.002686202686202686,0.012698412698412698,0.01733821733821734,0.005616605616605617,0.002686202686202686,127.25,-76.5,15.13,C6
0.010012210012210013,0.02905982905982906,0.02905982905982906,0.009035409035409036,0.0017094017094017094,124.5,-67.5,4.0,C6
0.01514041514041514,0.04053724053724054,0.03711843711843712,0.019291819291819293,0.0009768009768009768,122.94,-60.5,-3.31,C6
0.018803418803418803,0.045177045177045176,0.03882783882783883,0.01611721611721612,0.0007326007326007326,122.81,-59.25,-5.37,C6
0.010744810744810745,0.027594627594627594,0.026617826617826617,0.002197802197802198,0.0002442002442002442,122.87,-59.56,-6.25,C6
0.0019536019536019536,0.00805860805860806,0.012698412698412698,0.011233211233211233,0.001221001221001221,122.69,-60.19,-7.75,C6
0.004395604395604396,0.006349206349206349,0.0017094017094017094,0.02197802197802198,0.0019536019536019536,122.56,-59.88,-8.0,C6
0.008791208791208791,0.01611721611721612,0.006105006105006105,0.029304029304029304,0.001221001221001221,122.25,-63.75,-8.94,C6
0.011721611721611722,0.0231990231990232,0.011721611721611722,0.034432234432234435,0.0007326007326007326,123.12,-68.5,-4.69,C6
0.009035409035409036,0.01562881562881563,0.004884004884004884,0.027106227106227107,0.0002442002442002442,124.75,-73.87,3.06,C6
0.002442002442002442,0.00927960927960928,0.011965811965811967,0.009523809523809525,0.0,124.62,-73.12,3.56,C6
0.010500610500610501,0.026617826617826617,0.023687423687423687,0.002686202686202686,0.0002442002442002442,122.12,-64.06,-4.37,C6
0.01611721611721612,0.03907203907203907,0.03199023199023199,0.011233211233211233,0.0002442002442002442,121.62,-58.75,-7.37,C6
0.013675213675213675,0.0336996336996337,0.028083028083028084,0.004395604395604396,0.0002442002442002442,121.87,-58.31,-7.5,C6
0.003907203907203907,0.013186813186813187,0.014652014652014652,0.008791208791208791,0.0002442002442002442,122.25,-58.31,-7.25,C6
0.003418803418803419,0.003663003663003663,0.0019536019536019536,0.020512820512820513,0.0002442002442002442,122.25,-58.94,-6.06,C6
0.008791208791208791,0.015384615384615385,0.007081807081807082,0.02857142857142857,0.0007326007326007326,122.25,-62.25,-6.75,C6
0.012454212454212455,0.023687423687423687,0.013431013431013432,0.034432234432234435,0.0014652014652014652,122.5,-68.5,-4.87,C6
0.012454212454212455,0.025396825396825397,0.01514041514041514,0.034432234432234435,0.0019536019536019536,124.56,-73.81,4.37,C6
0.0029304029304029304,0.0007326007326007326,0.002686202686202686,0.017094017094017096,0.001221001221001221,124.56,-76.25,8.44,C6
0.003663003663003663,0.01904761904761905,0.014896214896214897,0.005128205128205128,0.0007326007326007326,122.0,-65.87,0.37,C6
0.008302808302808303,0.03199023199023199,0.023687423687423687,0.003418803418803419,0.0004884004884004884,122.06,-63.5,0.13,C6
0.00805860805860806,0.029304029304029304,0.02271062271062271,0.001221001221001221,0.0002442002442002442,122.62,-65.75,2.12,C6
0.0002442002442002442,0.011477411477411478,0.011477411477411478,0.013431013431013432,0.0,123.37,-67.25,5.12,C6
0.007081807081807082,0.004151404151404151,0.0009768009768009768,0.024175824175824177,0.0009768009768009768,122.81,-68.12,3.44,C6
0.011965811965811967,0.015384615384615385,0.010500610500610501,0.03199023199023199,0.0017094017094017094,122.81,-69.5,4.06,C6
0.015384615384615385,0.0231990231990232,0.017094017094017096,0.03736263736263736,0.002197802197802198,124.62,-71.44,7.5,C6
0.016605616605616606,0.02857142857142857,0.021733821733821733,0.041025641025641026,0.002686202686202686,125.87,-73.5,7.44,C6
0.01514041514041514,0.029304029304029304,0.01855921855921856,0.03736263736263736,0.0029304029304029304,127.62,-78.87,14.81,C6
0.010256410256410256,0.011721611721611722,0.003907203907203907,0.02490842490842491,0.0031746031746031746,127.87,-80.5,8.19,C6
0.0004884004884004884,0.007814407814407814,0.010744810744810745,0.01611721611721612,0.0031746031746031746,125.12,-73.87,-0.25,C6
0.00805860805860806,0.02148962148962149,0.021245421245421246,0.010012210012210013,0.002197802197802198,122.37,-67.56,-6.69,C6
0.013186813186813187,0.031013431013431014,0.028327228327228327,0.006593406593406593,0.001221001221001221,123.62,-65.56,-4.62,C6
0.00927960927960928,0.022466422466422466,0.021733821733821733,0.014652014652014652,0.0007326007326007326,125.0,-65.94,-2.5,C6
0.0007326007326007326,0.00463980463980464,0.008547008547008548,0.025396825396825397,0.0002442002442002442,125.12,-67.44,-2.62,C6
0.00805860805860806,0.009768009768009768,0.003663003663003663,0.03321123321123321,0.001221001221001221,124.81,-67.56,-4.0,C6
0.012942612942612943,0.020024420024420026,0.011965811965811967,0.038583638583638585,0.0019536019536019536,126.0,-72.75,-2.94,C6
0.015873015873015872,0.027106227106227107,0.018070818070818073,0.04249084249084249,0.002442002442002442,129.37,-79.62,8.25,C6
0.00757020757020757,0.01221001221001221,0.0031746031746031746,0.026617826617826617,0.002686202686202686,130.31,-81.75,18.87,C6
0.003418803418803419,0.00927960927960928,0.012942612942612943,0.013431013431013432,0.0017094017094017094,127.81,-77.69,9.19,C6
0.011233211233211233,0.024175824175824177,0.024175824175824177,0.004151404151404151,0.001221001221001221,124.62,-68.62,-3.75,C6
0.016605616605616606,0.03467643467643468,0.03199023199023199,0.002442002442002442,0.0007326007326007326,124.5,-66.5,-4.62,C6
0.011477411477411478,0.026617826617826617,0.025396825396825397,0.005860805860805861,0.0004884004884004884,125.19,-65.25,-2.75,C6
0.0017094017094017094,0.00805860805860806,0.012454212454212455,0.01733821733821734,0.0002442002442002442,125.69,-65.37,-1.37,C6
0.005128205128205128,0.005372405372405372,0.0019536019536019536,0.025396825396825397,0.0,125.5,-68.62,-2.94,C6
0.010012210012210013,0.014896214896214897,0.005372405372405372,0.031013431013431014,0.0009768009768009768,126.81,-76.31,-0.69,C6
0.011965811965811967,0.02148962148962149,0.010744810744810745,0.0336996336996337,0.0004884004884004884,129.25,-83.37,2.56,C6
0.002197802197802198,0.0007326007326007326,0.004884004884004884,0.016605616605616606,0.0002442002442002442,130.06,-84.31,3.12,C6
0.011477411477411478,0.02490842490842491,0.02442002442002442,0.0009768009768009768,0.0,129.81,-83.12,3.12,C6
0.021001221001221003,0.042002442002442006,0.03833943833943834,0.010012210012210013,0.0,125.44,-76.12,2.56,C6
0.027594627594627594,0.05396825396825397,0.04786324786324787,0.017826617826617826,0.0002442002442002442,124.25,-68.19,-6.37,C6
0.02490842490842491,0.05128205128205128,0.04566544566544566,0.015384615384615385,0.0002442002442002442,124.75,-66.87,-4.87,C6
0.012942612942612943,0.028815628815628817,0.0315018315018315,0.0017094017094017094,0.0007326007326007326,125.06,-67.69,-4.56,C6
0.00463980463980464,0.011721611721611722,0.01733821733821734,0.010012210012210013,0.0014652014652014652,125.5,-71.31,-6.31,C6
0.001221001221001221,0.0004884004884004884,0.00757020757020757,0.018070818070818073,0.0019536019536019536,126.0,-77.62,-6.5,C6
0.005128205128205128,0.009035409035409036,0.0007326007326007326,0.023687423687423687,0.002442002442002442,126.75,-82.62,8.19,C6
0.0009768009768009768,0.008791208791208791,0.011721611721611722,0.012942612942612943,0.002686202686202686,127.87,-83.19,2.25,C6
0.009035409035409036,0.02564102564102564,0.025152625152625153,0.004395604395604396,0.0017094017094017094,126.94,-80.5,12.88,C6
0.01611721611721612,0.037606837606837605,0.034432234432234435,0.0014652014652014652,0.0009768009768009768,124.69,-73.12,0.62,C6
0.021001221001221003,0.04566544566544566,0.041025641025641026,0.005372405372405372,0.0007326007326007326,124.69,-67.06,-0.37,C6
0.018070818070818073,0.04126984126984127,0.037606837606837605,0.0007326007326007326,0.0002442002442002442,125.12,-64.0,1.44,C6
0.007326007326007326,0.02271062271062271,0.025396825396825397,0.010500610500610501,0.0002442002442002442,125.12,-63.88,1.44,C6
0.0,0.005616605616605617,0.01221001221001221,0.02026862026862027,0.0,124.5,-64.37,-0.06,C6
0.005372405372405372,0.006349206349206349,0.0031746031746031746,0.027106227106227107,0.0009768009768009768,124.69,-66.19,0.88,C6
0.009035409035409036,0.014652014652014652,0.003418803418803419,0.031746031746031744,0.0007326007326007326,125.31,-68.87,7.12,C6
0.00463980463980464,0.0004884004884004884,0.008302808302808303,0.018315018315018316,0.0014652014652014652,126.06,-70.75,10.06,C6
0.002442002442002442,0.01684981684981685,0.01978021978021978,0.008791208791208791,0.0019536019536019536,124.69,-66.56,6.87,C6
0.007081807081807082,0.028083028083028084,0.02783882783882784,0.002197802197802198,0.002442002442002442,124.12,-60.75,2.87,C6
0.010500610500610501,0.036141636141636145,0.033455433455433455,0.0014652014652014652,0.002686202686202686,124.44,-58.5,2.62,C6
0.0029304029304029304,0.02612942612942613,0.027106227106227107,0.006349206349206349,0.0029304029304029304,124.12,-58.63,2.25,C6
0.004395604395604396,0.010744810744810745,0.01684981684981685,0.01221001221001221,0.0029304029304029304,123.31,-61.56,-0.25,C6
0.009523809523809525,0.0,0.009768009768009768,0.01611721611721612,0.0031746031746031746,122.62,-66.62,-2.81,C6
0.012942612942612943,0.00757020757020757,0.004884004884004884,0.018803418803418803,0.0031746031746031746,122.94,-71.44,-0.94,C6
0.009035409035409036,0.011233211233211233,0.01733821733821734,0.005860805860805861,0.0031746031746031746,122.75,-71.94,-0.19,C6
0.006105006105006105,0.024175824175824177,0.025885225885225887,0.0029304029304029304,0.002197802197802198,121.12,-64.25,-4.19,C6
0.004151404151404151,0.03321123321123321,0.03199023199023199,0.00927960927960928,0.0014652014652014652,120.81,-61.38,-5.06,C6
0.00805860805860806,0.023687423687423687,0.026373626373626374,0.0002442002442002442,0.0019536019536019536,120.62,-60.81,-4.87,C6
0.014407814407814409,0.006349206349206349,0.014407814407814409,0.012454212454212455,0.001221001221001221,120.44,-61.13,-4.31,C6
0.01904761904761905,0.008547008547008548,0.0019536019536019536,0.0231990231990232,0.0019536019536019536,120.31,-62.0,-3.5,C6
0.022466422466422466,0.01904761904761905,0.006593406593406593,0.03076923076923077,0.002197802197802198,120.37,-64.12,-3.31,C6
0.024664224664224663,0.026373626373626374,0.012698412698412698,0.035897435897435895,0.002686202686202686,121.19,-70.06,0.62,C6
0.023443223443223443,0.024175824175824177,0.011965811965811967,0.0336996336996337,0.0017094017094017094,122.06,-73.69,9.38,C6
0.011965811965811967,0.0,0.003418803418803419,0.020512820512820513,0.002197802197802198,120.94,-72.75,11.19,C6
0.003907203907203907,0.01684981684981685,0.014163614163614164,0.01098901098901099,0.002442002442002442,120.31,-61.75,6.44,C6
0.0017094017094017094,0.02857142857142857,0.021733821733821733,0.00463980463980464,0.002686202686202686,120.81,-61.31,7.94,C6
0.0014652014652014652,0.01562881562881563,0.013186813186813187,0.013431013431013432,0.0029304029304029304,118.87,-64.12,6.56,C6
0.007814407814407814,0.0014652014652014652,0.0002442002442002442,0.023931623931623933,0.0029304029304029304,118.0,-66.87,6.06,C6
0.01221001221001221,0.013186813186813187,0.009523809523809525,0.0315018315018315,0.0031746031746031746,119.56,-72.31,14.31,C6
0.015384615384615385,0.02148962148962149,0.01611721611721612,0.03663003663003663,0.0031746031746031746,120.44,-74.87,27.37,C6
0.013431013431013432,0.01098901098901099,0.007326007326007326,0.029792429792429794,0.0031746031746031746,119.37,-76.19,41.13,C6
0.006105006105006105,0.009035409035409036,0.007081807081807082,0.018803418803418803,0.002197802197802198,116.25,-72.94,30.44,C6
0.001221001221001221,0.0231990231990232,0.017094017094017096,0.01098901098901099,0.0014652014652014652,114.06,-65.37,17.37,C6
0.002442002442002442,0.03296703296703297,0.023931623931623933,0.005616605616605617,0.0009768009768009768,113.75,-66.0,18.5,C6
0.004395604395604396,0.018315018315018316,0.014163614163614164,0.014652014652014652,0.0004884004884004884,113.81,-68.56,21.69,C6
0.00927960927960928,0.006837606837606838,0.006837606837606838,0.021001221001221003,0.001221001221001221,114.19,-72.0,25.69,C6
0.012698412698412698,0.0009768009768009768,0.0019536019536019536,0.025396825396825397,0.0019536019536019536,117.37,-77.31,58.06,C6
0.014163614163614164,0.006593406593406593,0.0014652014652014652,0.026617826617826617,0.002442002442002442,121.81,-76.12,95.06,C6
0.004884004884004884,0.015384615384615385,0.012942612942612943,0.014652014652014652,0.0014652014652014652,118.25,-75.75,69.69,C6
0.0017094017094017094,0.03076923076923077,0.022954822954822957,0.006349206349206349,0.0009768009768009768,113.94,-71.44,29.56,C6
0.006349206349206349,0.04151404151404151,0.030036630036630037,0.0007326007326007326,0.0004884004884004884,113.62,-68.75,19.87,C6
0.002197802197802198,0.02857142857142857,0.01978021978021978,0.010500610500610501,0.0014652014652014652,113.31,-68.56,15.13,C6
0.005860805860805861,0.008547008547008548,0.005616605616605617,0.02197802197802198,0.0019536019536019536,113.56,-68.44,13.94,C6
0.011477411477411478,0.005372405372405372,0.004395604395604396,0.030036630036630037,0.002442002442002442,113.81,-72.62,13.13,C6
0.015384615384615385,0.015384615384615385,0.011233211233211233,0.03565323565323565,0.002686202686202686,117.0,-78.12,33.5,C6
0.013186813186813187,0.012454212454212455,0.006837606837606838,0.03076923076923077,0.0017094017094017094,119.0,-79.19,49.38,C6
0.0007326007326007326,0.012942612942612943,0.011233211233211233,0.01391941391941392,0.0009768009768009768,119.12,-78.12,46.13,C6
0.010744810744810745,0.03076923076923077,0.023931623931623933,0.002197802197802198,0.0004884004884004884,116.94,-74.87,31.5,C6
0.017582417582417582,0.04322344322344322,0.03296703296703297,0.006105006105006105,0.0002442002442002442,114.81,-69.0,22.56,C6
0.021245421245421246,0.04835164835164835,0.03785103785103785,0.007326007326007326,0.0,114.25,-62.31,11.13,C6
0.020757020757020756,0.044444444444444446,0.034432234432234435,0.002442002442002442,0.0,117.19,-61.19,9.25,C6
0.010256410256410256,0.023931623931623933,0.01978021978021978,0.010256410256410256,0.0002442002442002442,117.62,-62.31,10.81,C6
0.0007326007326007326,0.004395604395604396,0.003907203907203907,0.02271062271062271,0.0009768009768009768,117.19,-65.06,11.88,C6
0.006105006105006105,0.00927960927960928,0.007326007326007326,0.03125763125763126,0.0017094017094017094,118.19,-69.75,16.5,C6
0.010744810744810745,0.01904761904761905,0.014896214896214897,0.03736263736263736,0.002197802197802198,121.75,-74.69,32.13,C6
0.007326007326007326,0.003907203907203907,0.0019536019536019536,0.02564102564102564,0.0014652014652014652,123.25,-75.06,38.44,C6
0.005860805860805861,0.021001221001221003,0.018803418803418803,0.008791208791208791,0.0009768009768009768,123.44,-74.37,36.5,C6
0.014896214896214897,0.038583638583638585,0.03321123321123321,0.0029304029304029304,0.0004884004884004884,123.12,-73.44,33.94,C6
0.021245421245421246,0.050793650793650794,0.043467643467643466,0.01098901098901099,0.0002442002442002442,118.87,-67.81,17.75,C6
0.024664224664224663,0.05616605616605617,0.04810744810744811,0.014163614163614164,0.0,118.5,-62.88,11.63,C6
0.020512820512820513,0.04786324786324787,0.04078144078144078,0.005860805860805861,0.0009768009768009768,118.94,-62.5,11.75,C6
0.009035409035409036,0.0231990231990232,0.024175824175824177,0.008791208791208791,0.0017094017094017094,119.0,-63.38,11.75,C6
0.001221001221001221,0.006105006105006105,0.011965811965811967,0.01904761904761905,0.002197802197802198,118.5,-67.44,11.63,C6
0.004395604395604396,0.005860805860805861,0.003418803418803419,0.02612942612942613,0.002686202686202686,120.5,-73.75,21.81,C6
0.00805860805860806,0.011721611721611722,0.002442002442002442,0.029304029304029304,0.002686202686202686,123.19,-76.12,39.38,C6
0.0007326007326007326,0.010256410256410256,0.010744810744810745,0.014896214896214897,0.0029304029304029304,124.62,-76.69,47.63,C6
0.01221001221001221,0.03394383394383394,0.028327228327228327,0.0002442002442002442,0.0029304029304029304,124.75,-76.19,46.31,C6
0.021245421245421246,0.05054945054945055,0.04053724053724054,0.010256410256410256,0.0019536019536019536,121.31,-71.94,26.81,C6
0.027594627594627594,0.06202686202686203,0.04932844932844933,0.01733821733821734,0.001221001221001221,119.56,-67.19,15.5,C6
0.027106227106227107,0.06056166056166056,0.04810744810744811,0.01562881562881563,0.0007326007326007326,119.69,-63.81,11.88,C6
0.01904761904761905,0.042002442002442006,0.03418803418803419,0.002686202686202686,0.0014652014652014652,119.62,-63.94,11.38,C6
0.007081807081807082,0.018070818070818073,0.016605616605616606,0.011721611721611722,0.002197802197802198,118.87,-65.31,10.63,C6
0.001221001221001221,0.001221001221001221,0.004395604395604396,0.02197802197802198,0.002442002442002442,118.87,-70.12,13.75,C6
0.006837606837606838,0.010744810744810745,0.004151404151404151,0.02905982905982906,0.002686202686202686,120.5,-73.19,24.69,C6
0.004395604395604396,0.003663003663003663,0.005616605616605617,0.020512820512820513,0.0029304029304029304,122.19,-74.19,33.13,C6
0.008547008547008548,0.02783882783882784,0.022954822954822957,0.003418803418803419,0.0029304029304029304,123.37,-74.44,38.19,C6
0.017582417582417582,0.04493284493284493,0.035164835164835165,0.008791208791208791,0.0031746031746031746,122.94,-73.31,34.94,C6
0.023931623931623933,0.0568986568986569,0.04395604395604396,0.017094017094017096,0.0019536019536019536,120.37,-70.94,25.5,C6
0.02857142857142857,0.063003663003663,0.050061050061050064,0.019536019536019536,0.001221001221001221,119.62,-64.81,13.88,C6
0.027106227106227107,0.06153846153846154,0.0485958485958486,0.016605616605616606,0.0007326007326007326,121.44,-60.44,11.63,C6
0.01855921855921856,0.04224664224664225,0.03467643467643468,0.003418803418803419,0.0004884004884004884,121.44,-61.56,10.19,C6
0.010256410256410256,0.02564102564102564,0.01611721611721612,0.01098901098901099,0.0002442002442002442,121.19,-65.12,8.38,C6
0.004395604395604396,0.01391941391941392,0.003418803418803419,0.021245421245421246,0.0,122.75,-71.25,13.13,C6
0.0002442002442002442,0.005860805860805861,0.005616605616605617,0.028327228327228327,0.0009768009768009768,124.94,-76.5,27.25,C6
0.0031746031746031746,0.02148962148962149,0.007326007326007326,0.016605616605616606,0.0004884004884004884,127.31,-79.25,39.56,C6
0.014407814407814409,0.041758241758241756,0.02857142857142857,0.0002442002442002442,0.0002442002442002442,127.5,-80.75,41.06,C6
0.022222222222222223,0.055921855921855924,0.04322344322344322,0.011233211233211233,0.0,126.87,-79.37,21.06,C6
0.027594627594627594,0.06593406593406594,0.05372405372405373,0.019291819291819293,0.0,125.81,-76.25,6.56,C6
0.029548229548229547,0.06984126984126984,0.06031746031746032,0.021733821733821733,0.0002442002442002442,125.81,-68.31,-7.37,C6
0.02857142857142857,0.06935286935286936,0.06129426129426129,0.02026862026862027,0.0002442002442002442,128.06,-61.0,-11.81,C6
0.022954822954822957,0.056654456654456654,0.050061050061050064,0.008547008547008548,0.0002442002442002442,129.56,-60.88,-13.19,C6
0.012454212454212455,0.030525030525030524,0.029792429792429794,0.007326007326007326,0.0007326007326007326,129.56,-63.88,-15.31,C6
0.005128205128205128,0.01221001221001221,0.01562881562881563,0.018315018315018316,0.0014652014652014652,129.37,-67.25,-16.75,C6
0.0,0.0007326007326007326,0.005616605616605617,0.02612942612942613,0.002197802197802198,130.94,-74.56,-13.44,C6
0.0014652014652014652,0.00805860805860806,0.013186813186813187,0.016605616605616606,0.0014652014652014652,133.0,-78.87,-7.69,C6
0.011965811965811967,0.030525030525030524,0.029304029304029304,0.0031746031746031746,0.0007326007326007326,133.62,-76.69,-4.19,C6
0.019536019536019536,0.0463980463980464,0.04053724053724054,0.006349206349206349,0.0004884004884004884,132.56,-71.25,-5.44,C6
0.024664224664224663,0.057387057387057384,0.04835164835164835,0.013186813186813187,0.0002442002442002442,131.56,-61.38,-8.25,C6
0.025152625152625153,0.05958485958485959,0.04908424908424908,0.012698412698412698,0.0,132.75,-55.13,-7.56,C6
0.01733821733821734,0.0442002442002442,0.03736263736263736,0.0009768009768009768,0.0009768009768009768,132.87,-56.13,-7.75,C6
0.005372405372405372,0.019291819291819293,0.01904761904761905,0.013675213675213675,0.0004884004884004884,132.75,-56.94,-7.75,C6
0.003663003663003663,0.0009768009768009768,0.003663003663003663,0.02490842490842491,0.0014652014652014652,132.5,-57.19,-8.06,C6
0.009768009768009768,0.011965811965811967,0.007326007326007326,0.03296703296703297,0.0019536019536019536,131.87,-57.63,-8.88,C6
0.014163614163614164,0.021001221001221003,0.01514041514041514,0.03833943833943834,0.002442002442002442,131.44,-58.75,-9.38,C6
0.016605616605616606,0.026617826617826617,0.020512820512820513,0.04224664224664225,0.002686202686202686,131.25,-64.44,-11.0,C6
0.017582417582417582,0.028327228327228327,0.02197802197802198,0.041758241758241756,0.0029304029304029304,132.87,-70.69,-6.06,C6
0.009523809523809525,0.005860805860805861,0.004151404151404151,0.023931623931623933,0.0029304029304029304,134.25,-73.87,-1.94,C6
0.004884004884004884,0.02197802197802198,0.017826617826617826,0.006349206349206349,0.0031746031746031746,134.19,-72.06,-2.12,C6
0.014896214896214897,0.04151404151404151,0.03321123321123321,0.006105006105006105,0.0019536019536019536,133.75,-69.69,-2.75,C6
0.021733821733821733,0.05543345543345543,0.04395604395604396,0.014896214896214897,0.001221001221001221,131.25,-60.56,-8.75,C6
0.02490842490842491,0.06129426129426129,0.04981684981684982,0.017826617826617826,0.0007326007326007326,132.19,-53.81,-8.5,C6
0.020024420024420026,0.05201465201465202,0.04371184371184371,0.010500610500610501,0.0004884004884004884,132.31,-53.63,-8.69,C6
0.007814407814407814,0.026862026862026864,0.025885225885225887,0.004884004884004884,0.0002442002442002442,132.25,-54.31,-9.31,C6
0.001221001221001221,0.00757020757020757,0.010256410256410256,0.017582417582417582,0.0,131.94,-56.88,-11.69,C6
0.007326007326007326,0.005860805860805861,0.0009768009768009768,0.026373626373626374,0.0,131.5,-60.31,-14.69,C6
0.011721611721611722,0.015384615384615385,0.008547008547008548,0.032722832722832725,0.0002442002442002442,131.56,-66.87,-12.56,C6
0.01098901098901099,0.014652014652014652,0.009523809523809525,0.03125763125763126,0.0002442002442002442,133.12,-72.25,-6.19,C6
0.0014652014652014652,0.009035409035409036,0.006105006105006105,0.01562881562881563,0.0002442002442002442,133.44,-72.75,-4.87,C6
0.009523809523809525,0.030525030525030524,0.025152625152625153,0.001221001221001221,0.0002442002442002442,133.5,-72.87,-4.56,C6
0.01733821733821734,0.04542124542124542,0.03833943833943834,0.008791208791208791,0.0004884004884004884,133.06,-71.25,-4.94,C6
0.02271062271062271,0.055921855921855924,0.04786324786324787,0.015873015873015872,0.0004884004884004884,130.75,-60.94,-11.69,C6
0.023931623931623933,0.05958485958485959,0.051526251526251524,0.017094017094017096,0.0004884004884004884,130.87,-55.5,-11.38,C6
0.01514041514041514,0.04493284493284493,0.041025641025641026,0.005616605616605617,0.0004884004884004884,130.37,-55.38,-11.69,C6
0.003418803418803419,0.020757020757020756,0.0231990231990232,0.009035409035409036,0.0004884004884004884,130.12,-56.13,-12.5,C6
0.00463980463980464,0.003907203907203907,0.010744810744810745,0.019291819291819293,0.0004884004884004884,129.62,-60.94,-14.81,C6
0.010500610500610501,0.007814407814407814,0.0019536019536019536,0.026617826617826617,0.0004884004884004884,130.19,-67.56,-13.63,C6
0.009523809523809525,0.005616605616605617,0.0017094017094017094,0.025152625152625153,0.0004884004884004884,132.0,-73.81,-10.56,C6
0.0014652014652014652,0.01611721611721612,0.016361416361416362,0.01098901098901099,0.0004884004884004884,132.94,-74.62,-8.75,C6
0.010012210012210013,0.03638583638583639,0.03394383394383394,0.0014652014652014652,0.0004884004884004884,133.0,-73.56,-8.75,C6
0.018070818070818073,0.05030525030525031,0.046153846153846156,0.010256410256410256,0.0004884004884004884,131.25,-68.87,-10.19,C6
0.023687423687423687,0.060073260073260075,0.0547008547008547,0.016605616605616606,0.0004884004884004884,130.12,-60.25,-12.19,C6
0.024175824175824177,0.06227106227106227,0.055921855921855924,0.016605616605616606,0.0004884004884004884,130.5,-54.81,-12.06,C6
0.016361416361416362,0.04835164835164835,0.0442002442002442,0.004151404151404151,0.0004884004884004884,130.25,-55.25,-12.81,C6
0.004151404151404151,0.022954822954822957,0.024664224664224663,0.011477411477411478,0.0004884004884004884,130.0,-55.69,-13.5,C6
0.004395604395604396,0.004151404151404151,0.00927960927960928,0.0231990231990232,0.0004884004884004884,129.87,-56.31,-13.75,C6
0.010500610500610501,0.009035409035409036,0.0014652014652014652,0.03125763125763126,0.0004884004884004884,128.94,-59.69,-13.44,C6
0.014896214896214897,0.018315018315018316,0.009035409035409036,0.03711843711843712,0.0004884004884004884,129.5,-64.19,-12.0,C6
0.010012210012210013,0.01221001221001221,0.004884004884004884,0.03028083028083028,0.0004884004884004884,130.62,-67.87,-8.81,C6
0.0029304029304029304,0.013431013431013432,0.013186813186813187,0.012942612942612943,0.0004884004884004884,131.06,-68.31,-8.44,C6
0.011721611721611722,0.0315018315018315,0.026862026862026864,0.0007326007326007326,0.0004884004884004884,130.75,-67.87,-8.63,C6
0.018070818070818073,0.04395604395604396,0.03663003663003663,0.00757020757020757,0.0004884004884004884,129.5,-60.94,-11.69,C6
0.022466422466422466,0.051770451770451774,0.04322344322344322,0.010744810744810745,0.0004884004884004884,129.69,-56.0,-12.56,C6
0.019291819291819293,0.04664224664224664,0.03711843711843712,0.0019536019536019536,0.0004884004884004884,129.69,-56.5,-12.31,C6
0.00805860805860806,0.024175824175824177,0.02148962148962149,0.011965811965811967,0.0004884004884004884,129.44,-57.75,-11.38,C6
0.0004884004884004884,0.005616605616605617,0.00805860805860806,0.02271062271062271,0.0007326007326007326,129.75,-58.06,-10.13,C6
0.006593406593406593,0.007326007326007326,0.001221001221001221,0.030036630036630037,0.0014652014652014652,130.0,-58.75,-9.56,C6
0.010744810744810745,0.01611721611721612,0.007814407814407814,0.03540903540903541,0.0019536019536019536,129.94,-64.0,-8.38,C6
0.01098901098901099,0.018315018315018316,0.010012210012210013,0.03467643467643468,0.002442002442002442,130.0,-70.0,-7.06,C6
0.0029304029304029304,0.0031746031746031746,0.003663003663003663,0.019536019536019536,0.0014652014652014652,128.5,-72.69,-6.31,C6
0.002686202686202686,0.018070818070818073,0.013186813186813187,0.008791208791208791,0.0009768009768009768,125.06,-69.12,-3.19,C6
0.006593406593406593,0.028815628815628817,0.020024420024420026,0.0014652014652014652,0.0004884004884004884,121.94,-66.69,3.19,C6
0.005372405372405372,0.028327228327228327,0.02148962148962149,0.002442002442002442,0.0002442002442002442,126.5,-62.13,6.5,C6
0.0014652014652014652,0.021733821733821733,0.017826617826617826,0.00757020757020757,0.0,126.25,-61.19,10.31,C6
0.005616605616605617,0.008547008547008548,0.009523809523809525,0.015384615384615385,0.0002442002442002442,124.06,-64.19,9.69,C6
0.013186813186813187,0.008302808302808303,0.003907203907203907,0.026373626373626374,0.0002442002442002442,120.0,-67.06,11.75,C6
0.018803418803418803,0.020512820512820513,0.014407814407814409,0.034432234432234435,0.0007326007326007326,117.19,-70.19,13.94,C6
0.022466422466422466,0.02905982905982906,0.02197802197802198,0.04053724053724054,0.0014652014652014652,115.0,-72.87,16.69,C6
0.02442002442002442,0.03492063492063492,0.02735042735042735,0.04468864468864469,0.0009768009768009768,113.94,-75.06,20.87,C6
0.025396825396825397,0.03907203907203907,0.03076923076923077,0.04737484737484737,0.0004884004884004884,116.25,-80.12,54.81,C6
0.021733821733821733,0.03492063492063492,0.028327228327228327,0.04493284493284493,0.0002442002442002442,117.75,-80.31,78.12,C6
0.004151404151404151,0.0014652014652014652,0.006593406593406593,0.023931623931623933,0.0,117.25,-80.0,72.31,C6
0.00805860805860806,0.02197802197802198,0.00927960927960928,0.009035409035409036,0.0,115.5,-79.12,55.75,C6
0.016605616605616606,0.03833943833943834,0.02026862026862027,0.001221001221001221,0.0002442002442002442,112.87,-76.69,28.19,C6
0.01978021978021978,0.0463980463980464,0.028083028083028084,0.004395604395604396,0.0002442002442002442,113.75,-73.81,15.31,C6
0.014896214896214897,0.03785103785103785,0.022466422466422466,0.003663003663003663,0.0007326007326007326,113.81,-72.25,14.06,C6
0.004151404151404151,0.01562881562881563,0.006837606837606838,0.01684981684981685,0.0014652014652014652,113.5,-73.62,14.44,C6
0.003418803418803419,0.0002442002442002442,0.003907203907203907,0.02612942612942613,0.002197802197802198,112.94,-78.87,22.44,C6
0.008547008547008548,0.010744810744810745,0.011477411477411478,0.032722832722832725,0.002442002442002442,114.81,-82.69,55.06,C6
0.006105006105006105,0.004151404151404151,0.00463980463980464,0.025885225885225887,0.002686202686202686,116.31,-82.44,95.94,C6
0.0029304029304029304,0.017582417582417582,0.011965811965811967,0.011965811965811967,0.0017094017094017094,116.25,-82.37,82.62,C6
0.00927960927960928,0.03296703296703297,0.023687423687423687,0.0019536019536019536,0.001221001221001221,115.0,-82.06,64.19,C6
0.013675213675213675,0.04371184371184371,0.03199023199023199,0.004884004884004884,0.0007326007326007326,112.69,-78.75,23.87,C6
0.015384615384615385,0.04835164835164835,0.03711843711843712,0.006593406593406593,0.0004884004884004884,112.19,-74.5,9.81,C6
0.010012210012210013,0.038583638583638585,0.029304029304029304,0.0017094017094017094,0.0,113.37,-73.44,10.81,C6
0.0007326007326007326,0.01684981684981685,0.013186813186813187,0.014896214896214897,0.0002442002442002442,110.31,-74.31,15.5,C6
0.005860805860805861,0.0017094017094017094,0.0019536019536019536,0.02442002442002442,0.0002442002442002442,112.19,-74.0,21.0,C6
0.010500610500610501,0.009035409035409036,0.005860805860805861,0.03076923076923077,0.0004884004884004884,113.5,-72.69,24.56,C6
0.013186813186813187,0.013186813186813187,0.00927960927960928,0.03492063492063492,0.0004884004884004884,113.56,-71.25,20.06,C6
0.014652014652014652,0.01514041514041514,0.011233211233211233,0.037606837606837605,0.0004884004884004884,112.62,-70.12,12.56,C6
0.015873015873015872,0.01611721611721612,0.011965811965811967,0.03956043956043956,0.0004884004884004884,112.0,-69.87,6.19,C6
0.016605616605616606,0.016605616605616606,0.011965811965811967,0.04078144078144078,0.0004884004884004884,111.37,-70.06,0.0,C6
0.017094017094017096,0.016361416361416362,0.011477411477411478,0.04151404151404151,0.0004884004884004884,111.37,-69.5,-0.37,C6
0.01733821733821734,0.016361416361416362,0.011233211233211233,0.04224664224664225,0.0004884004884004884,111.56,-68.5,0.19,C6
0.017582417582417582,0.01611721611721612,0.010744810744810745,0.042735042735042736,0.0004884004884004884,111.69,-68.37,0.56,C6
0.017826617826617826,0.01611721611721612,0.010744810744810745,0.04297924297924298,0.0007326007326007326,111.94,-69.0,0.37,C6
0.017826617826617826,0.01611721611721612,0.010500610500610501,0.04322344322344322,0.0014652014652014652,112.44,-69.5,1.06,C6
0.018070818070818073,0.01611721611721612,0.010012210012210013,0.043467643467643466,0.0019536019536019536,112.69,-69.81,1.31,C6
0.018315018315018316,0.01611721611721612,0.00927960927960928,0.043467643467643466,0.002442002442002442,112.94,-69.56,1.25,C6
0.018315018315018316,0.01611721611721612,0.008547008547008548,0.043467643467643466,0.002686202686202686,113.0,-69.56,0.81,C6
0.01855921855921856,0.015873015873015872,0.00805860805860806,0.043467643467643466,0.0017094017094017094,113.0,-69.62,0.31,C6
0.01855921855921856,0.015873015873015872,0.007326007326007326,0.043467643467643466,0.0009768009768009768,113.06,-69.37,0.25,C6
0.018803418803418803,0.015873015873015872,0.007081807081807082,0.043467643467643466,0.0004884004884004884,113.31,-69.25,0.44,C6
0.01904761904761905,0.015873015873015872,0.006837606837606838,0.043467643467643466,0.0002442002442002442,113.37,-69.31,0.62,C6
0.019291819291819293,0.015873015873015872,0.006593406593406593,0.043467643467643466,0.0,113.31,-69.56,0.75,C6
0.01978021978021978,0.015873015873015872,0.006593406593406593,0.04371184371184371,0.0002442002442002442,113.31,-69.81,0.81,C6
0.020024420024420026,0.015873015873015872,0.006349206349206349,0.04371184371184371,0.0002442002442002442,113.25,-69.75,1.0,C6
