flex1,flex2,flex3,flex4,flex5,x,y,z,face,SIGN
22.0,1.0,2.0,2.0,1889.0,158.94,-12.63,20.25,0.003,Tôi
1.0,1.0,1.0,2.0,1889.0,159.0,-12.56,20.31,0.003,Tôi
30.0,0.0,1.0,1.0,1889.0,158.81,-12.56,20.25,0.004,Tôi
7.0,2.0,0.0,0.0,1888.0,158.69,-12.63,20.37,0.005,Tôi
2.0,3.0,2.0,2.0,1888.0,158.5,-12.75,20.25,0.007,Tôi
44.0,0.0,2.0,1.0,1889.0,158.0,-12.81,20.0,0.062,Tôi
4.0,2.0,1.0,2.0,1889.0,157.75,-12.19,20.87,0.242,Tôi
1.0,1.0,1.0,1.0,1889.0,158.75,-11.13,22.94,0.362,Tôi
58.0,1.0,2.0,2.0,1889.0,159.94,-11.44,21.87,0.346,Tôi
0.0,0.0,0.0,0.0,1888.0,160.12,-10.69,19.25,0.344,Tôi
0.0,1.0,2.0,1.0,1888.0,159.25,-5.5,10.5,0.214,Tôi
0.0,1.0,2.0,0.0,1889.0,157.44,-1.81,5.44,0.089,Tôi
1.0,2.0,1.0,1.0,1888.0,156.19,2.56,4.19,0.115,Tôi
14.0,2.0,1.0,1.0,1889.0,154.56,4.44,2.25,0.107,Tôi
8.0,2.0,1.0,2.0,1889.0,151.94,2.25,-0.37,0.093,Tôi
36.0,2.0,1.0,2.0,1888.0,151.19,-1.81,-4.19,0.047,Tôi
14.0,2.0,2.0,1.0,1888.0,154.19,-7.5,-9.5,0.065,Tôi
58.0,2.0,1.0,1.0,1888.0,158.94,-12.81,-15.69,0.076,Tôi
46.0,1.0,0.0,1.0,1888.0,164.06,-17.31,-21.69,0.075,Tôi
61.0,1.0,0.0,1.0,1888.0,169.0,-23.06,-28.81,0.004,Tôi
75.0,2.0,1.0,1.0,1889.0,170.12,-25.37,-31.75,0.063,Tôi
116.0,1.0,1.0,1.0,1888.0,166.87,-24.81,-34.31,0.026,Tôi
30.0,1.0,-1.0,0.0,1889.0,165.62,-22.37,-30.87,0.031,Tôi
34.0,-1.0,-1.0,1.0,1888.0,162.94,-17.81,-27.06,0.125,Tôi
27.0,2.0,0.0,1.0,1889.0,159.87,-13.19,-22.87,0.076,Tôi
21.973549345305987,0.9609948588377206,2.012149385840351,2.030036231365312,1889.0004219481764,158.94623225562916,-12.648922637252786,0.0,0.0025844010025893,Tôi
1.0064550655445703,1.008969397427378,0.9922915030185836,1.9987389879264583,0.0,158.98054661176715,-12.57829599668712,20.325428456263648,0.0053262389286645,Tôi
0.0,0.0389347342527564,0.9865158043618416,0.9893896997810474,1888.97424272342,158.78909982316557,-12.568305435943373,20.25409811917541,0.0297457352608327,Tôi
7.016293045257809,1.9904834046995104,0.0036243165677358,-0.0223819051326734,1888.0023667952369,158.69454475791534,-12.64094367616372,20.361665456323024,0.0020456332499956,Tôi
2.000835831173631,3.0100228382866265,1.9816689239401688,0.0,0.0,0.0,-12.754051795548827,20.26977027363879,0.0045536427295913,Tôi
44.00045176076186,-0.0193504378404039,1.9938735953475977,1.0314063134797318,0.0,158.02538301252048,-12.790905188052424,20.02154674211483,0.0751115726637471,Tôi
3.999074901594081,1.9961579161422105,0.9786039894930868,2.0246760383679225,1889.0128244194707,157.75241057746857,-12.137514809162129,20.83681316801747,0.2614314663469273,Tôi
0.9892046292374792,0.978830536940954,1.0039680916738412,0.982544924113042,1888.970686307695,158.77022011219609,-11.09605657943996,22.96645789899435,0.3738365846111385,Tôi
58.03952682664532,0.9744000853226508,1.9957974578884528,0.0,0.0,159.93888341220344,-11.429323292613567,21.85984238699212,0.3779526821204413,Tôi
0.0027522364776659,-0.0,-0.0207080487908958,0.0089995419404145,1887.983891316249,160.11475733147938,-10.713237910946583,19.21565323464464,0.0,Tôi
-0.0,1.021529860725789,2.021478701837214,0.9635450601504122,1888.0160270898227,159.2782658397555,-5.515343022307145,10.487586683094872,0.0,Tôi
-0.0356781947287055,0.9931048297083248,2.0085623533144146,-0.0089443353754747,1888.9881956791228,157.38975705969568,-1.822133309222514,5.419140679864176,0.0803036618734227,Tôi
0.99492154462585,1.9379102070545595,0.992547306874928,1.0193591682511858,1888.0139950126784,0.0,2.581644511902561,4.149874302700894,0.1222155034406214,Tôi
14.008925434322554,1.9859612026630784,1.021371302130455,0.9988615502368494,1888.9667278534027,154.54587079108376,4.481576785073503,2.255170901500244,0.1397420357287503,Tôi
7.982952470347048,1.9752710192348435,1.0026277505717904,1.9206191565583484,1888.999726339943,151.91982286829247,2.2721160637906745,-0.380103804695578,0.0834315077610118,Tôi
35.98492084572776,1.9817897105412603,1.0037694517903712,2.005008054776708,1888.0158573836347,0.0,-1.8132504687327675,-4.172525579948121,0.0106731330910051,Tôi
13.995492908282538,1.9909052235768523,1.976315316357891,1.0062869182740992,1887.991231825108,154.17462117077218,-7.459737569048458,-9.49241542276346,0.0556687662904218,Tôi
0.0,2.0253655881757258,1.008719680836607,0.97687244197186,1887.9949087298685,158.9639785829008,-12.81582180581048,-15.678039686123322,0.0913257004484885,Tôi
45.99162150582553,0.985931111904708,-0.0,1.0206303689078418,1888.0037783241808,0.0,-17.293987158282235,-0.0,0.0946331705126258,Tôi
60.9833770722101,0.0,-0.0059327396480881,0.991501816686824,1887.991664626084,168.99954726201062,-23.09160080439396,-28.85027895847084,-0.0074278608573255,Tôi
74.99263174085864,1.9688692428417605,0.9764232412437184,1.0045890022038906,1889.0097299989468,170.10758527175446,-25.362831976469263,-31.75605041068288,0.0771266703632651,Tôi
115.98275235427086,1.022943788695046,1.0155517718614648,0.9974377518502442,1888.032041047009,166.8761459114659,-24.824538654385563,-34.31692909158593,0.0415647228446106,Tôi
29.96186576789105,1.014764706338493,-0.9638719110712128,0.0104011418498947,1888.9899802964885,0.0,-22.38174098759683,-30.88122332416447,0.0447174239795795,Tôi
33.94067287392163,-0.992116273472848,-1.030295702646586,1.0204585719889456,1887.995717356479,162.96316255801304,-17.825959946460127,-27.04196595079353,0.1077106839878435,Tôi
26.996653114110146,1.9920189438979128,0.010778437776849,1.004887994629717,1889.002234030748,159.87603795429374,-13.198004729876835,-22.88512270780612,0.0858836544931455,Tôi
20.29906877232233,0.9168561091762856,1.869456750094964,1.834935862308541,1742.995816939005,146.65204169127225,-11.621392931924936,18.716340573305946,-0.0271508402504912,Tôi
0.9389480676171216,0.9457061690507054,0.9193375244986856,1.8345532286494988,1742.9688719223468,146.74365345411465,-11.61306225248253,18.742565126146594,-0.0115693236401762,Tôi
27.69228810377806,0.0267441588407072,0.9210603180280684,0.9254969222916783,1743.002603813727,146.56904532174295,-11.562228809323049,18.65562536672392,0.0009341508853122,Tôi
6.457912039783412,1.8545700686623807,0.026826647984606,0.0009977076349486,1742.0894791631472,146.4207447070206,-11.669737226904008,18.812664064619906,0.0172167115031127,Tôi
1.858267067819852,2.7729246264232947,1.8425188720276533,1.8624259040157305,1742.0836487471936,146.26802719246552,-11.744705848395716,18.695299852480296,0.0050505483446166,Tôi
40.600737989071135,0.020037228189895,1.8504326732642944,0.9029523443154068,1743.000773962135,145.79520762375915,-11.82318254264963,18.45668118976568,0.0623044003495072,Tôi
3.678144565993791,1.8491165592848056,0.9192788570422996,1.8494188387065729,1743.0197822317543,145.60197375488585,-11.198262668828548,19.24412108404604,0.2328719774924585,Tôi
0.9471346443832944,0.9197306354472226,0.9035820647348646,0.8950755944707932,1743.015766056782,146.47269466749148,-10.259679683901425,21.13980609677188,0.3408642365015192,Tôi
53.53563564609637,0.9435131851677528,1.83483861301361,1.86171608710836,1743.0241167087174,147.57026619519254,-10.568778319146777,20.16928988283638,0.3103665397100152,Tôi
0.0096481379795561,-0.0334967000367873,0.0124665765705529,-0.0025425826316096,1742.0470809396522,147.75374034184492,-9.861212945690797,17.785598785020348,0.336028956232657,Tôi
-0.0181537121581902,0.9037912616168068,1.8511820254692617,0.9375382973678892,1742.0818855913774,146.92294135333827,-5.074401713208503,9.704608856170928,0.1835094408584893,Tôi
-0.0390050098076824,0.902726793185934,1.8443341872936967,-0.0127537635908375,1743.0314042597822,145.27027004264212,-1.6644128169303731,4.97699604452882,0.1234224310894973,Tôi
0.9193787558820916,1.8288731261891176,0.8811513980566013,0.9279652621321792,1742.078150557286,144.10367337711165,2.359711993784725,3.8778948232300943,0.1062459133205261,Tôi
12.916582083769558,1.8536034933836785,0.945808289562988,0.9199412471485722,1743.006780363577,142.63910128016158,4.104180556376189,2.087724071412042,0.097480667850893,Tôi
7.361901308814223,1.8542906732066151,0.9673507643393148,1.8511759999544937,1742.9546161870264,140.2027172618569,2.08595982865069,-0.3400559947689756,0.0882868156028561,Tôi
33.25168110647393,1.8288945898437,0.9126983341602372,1.8915515279624928,1742.1093148193345,139.46641773673034,-1.67465855402692,-3.853758763488333,0.0574706273407299,Tôi
12.899410959911243,1.829086170410088,1.8751889902991816,0.9259435728809174,1742.098883560367,142.3097103199173,-6.921402324114387,-8.74608401363055,0.036125279467801,Tôi
53.52411632524185,1.8601657272223904,0.9229853646233732,0.8910169192560426,1742.0950599609594,146.67634129820573,-11.807683733415669,-14.474769055248387,0.0662246495101268,Tôi
42.43723226334545,0.917691269072902,-0.0062956463458917,0.9238082112770712,1742.0890699089418,151.41493740920544,-15.97747818865021,-20.0184481533776,0.0693684974046586,Tôi
56.29314023514471,0.8838364114543062,0.0003852094275302,0.9424111558257696,1742.0905660735498,155.94148300840024,-21.27719312836913,-26.591840697349344,0.0168903415736953,Tôi
69.20036342632172,1.8326019286859776,0.9139506355534168,0.8935291053011257,1742.9884638163635,156.9606311186474,-23.392635807433592,-29.31467876256235,0.0473245779704017,Tôi
107.03490463043396,0.9169132170357734,0.9585679815798498,0.9475207187527738,1742.101769512401,153.95647590970418,-22.899461762589,-31.642149917924016,0.0318413151787981,Tôi
27.66114413259826,0.9311733025144974,-0.8926426228722403,0.0130423802923556,1742.9827151093637,152.8340750738842,-20.65450605391775,-28.47290581614719,0.0117911066485093,Tôi
31.386580762145368,-0.9198903736163022,-0.9027754588959376,0.9351157484986192,1742.0845564903143,150.33803680044338,-16.44095483762607,-24.99262598557896,0.1005124599397237,Tôi
24.90947372566183,1.8403804595204407,-0.0031993224761243,0.9383844883385614,1743.038199479163,147.5105726337026,-12.137800622415652,-21.12327026136681,0.097064113864553,Tôi
21.41732073878753,0.9735145790357967,1.9470291580715933,1.9470291580715933,1838.9690397986203,154.73040719194955,-12.295489133222116,19.713670225474885,0.0029205437371073,Tôi
0.9735145790357967,0.9735145790357967,0.9735145790357967,1.9470291580715933,1838.9690397986203,154.7888180666917,-12.227343112689608,19.77208110021704,0.0029205437371073,Tôi
29.205437371073906,0.0,0.9735145790357967,0.9735145790357967,1838.9690397986203,154.6038502966749,-12.227343112689608,19.713670225474885,0.0038940583161431,Tôi
6.814602053250578,1.9470291580715933,0.0,0.0,1837.9955252195848,154.4870285471906,-12.295489133222116,19.830491974959184,0.0048675728951789,Tôi
1.9470291580715933,2.9205437371073906,1.9470291580715933,1.9470291580715933,1837.9955252195848,154.3020607771738,-12.41231088270641,19.713670225474885,0.0068146020532505,Tôi
42.83464147757506,0.0,1.9470291580715933,0.9735145790357967,1838.9690397986203,153.8153034876559,-12.470721757448558,19.470291580715937,0.0603579039002194,Tôi
3.894058316143187,1.9470291580715933,0.9735145790357967,1.9470291580715933,1838.9690397986203,153.57192484289695,-11.867142718446363,20.31724926447708,0.2355905281266628,Tôi
0.9735145790357967,0.9735145790357967,0.9735145790357967,0.9735145790357967,1838.9690397986203,154.54543942193274,-10.83521726466842,22.33242444308118,0.3524122776109584,Tôi
56.46384558407622,0.9735145790357967,1.9470291580715933,1.9470291580715933,1838.9690397986203,155.70392177098535,-11.137006784169516,21.29076384351288,0.3368360443463857,Tôi
0.0,0.0,0.0,0.0,1837.9955252195848,155.8791543952118,-10.406870849892668,18.74015564643909,0.3348890151883141,Tôi
0.0,0.9735145790357967,1.9470291580715933,0.9735145790357967,1837.9955252195848,155.03219671145064,-5.354330184696883,10.221903079875869,0.2083321199136605,Tôi
0.0,0.9735145790357967,1.9470291580715933,0.0,1838.9690397986203,153.27013532339586,-1.7620613880547924,5.295919309954735,0.0866427975341859,Tôi
0.9735145790357967,1.9470291580715933,0.9735145790357967,0.9735145790357967,1837.9955252195848,152.0532420996011,2.49219732233164,4.079026086159989,0.1119541765891166,Tôi
13.629204106501156,1.9470291580715933,0.9735145790357967,0.9735145790357967,1838.9690397986203,150.46641333577276,4.322404730918938,2.190407802830543,0.1041660599568302,Tôi
7.788116632286375,1.9470291580715933,0.9735145790357967,1.9470291580715933,1838.9690397986203,147.91580513869897,2.190407802830543,-0.3602003942432448,0.0905368558503291,Tôi
35.04652484528869,1.9470291580715933,0.9735145790357967,1.9470291580715933,1837.9955252195848,147.1856692044221,-1.7620613880547924,-4.079026086159989,0.0457551852146824,Tôi
13.629204106501156,1.9470291580715933,1.9470291580715933,0.9735145790357967,1837.9955252195848,150.10621294152952,-7.301359342768476,-9.24838850084007,0.0632784476373268,Tôi
56.46384558407622,1.9470291580715933,0.9735145790357967,0.9735145790357967,1837.9955252195848,154.73040719194955,-12.470721757448558,-15.274443745071652,0.0739871080067205,Tôi
44.781670635646655,0.9735145790357967,0.0,0.9735145790357967,1837.9955252195848,159.71480183661282,-16.851537363109642,-21.115531219286435,0.0730135934276847,Tôi
59.384389321183605,0.9735145790357967,0.0,0.9735145790357967,1837.9955252195848,164.5239638570497,-22.449246192565475,-28.046955022021304,0.0038940583161431,Tôi
73.01359342768477,1.9470291580715933,0.9735145790357967,0.9735145790357967,1838.9690397986203,165.61430018556976,-24.698064870138168,-30.90908788438655,0.0613314184792552,Tôi
112.92769116815244,0.9735145790357967,0.9735145790357967,0.9735145790357967,1837.9955252195848,162.45037780370342,-24.15289670587812,-33.40128520671819,0.0253113790549307,Tôi
29.205437371073906,0.9735145790357967,-0.9735145790357967,0.0,1838.9690397986203,161.2334845799087,-21.777521133030778,-30.05239505483505,0.0301789519501097,Tôi
33.09949568721709,-0.9735145790357967,-0.9735145790357967,0.9735145790357967,1837.9955252195848,158.62446550809273,-17.33829465262754,-26.343304508708663,0.1216893223794746,Tôi
26.284893633966515,1.9470291580715933,0.0,0.9735145790357967,1838.9690397986203,155.63577575045284,-12.84065729748216,-22.264278422548674,0.0739871080067205,Tôi
27.421808402501227,0.0,0.9140602800833744,0.9140602800833744,1726.659869077494,145.16191308004068,-11.48059711784718,18.509720671688328,0.0036562411203334,Tôi
6.39842196058362,1.8281205601667485,0.0,0.0,1725.7458087974103,145.05222584643064,-11.544581337453018,18.61940790529833,0.0045703014004168,Tôi
1.8281205601667485,2.7421808402501227,1.8281205601667485,1.8281205601667485,1725.7458087974103,144.8785543932148,-11.65426857106302,18.509720671688328,0.0063984219605836,Tôi
40.21865232366847,0.0,1.8281205601667485,0.9140602800833744,1726.659869077494,144.42152425317315,-11.709112187868024,18.281205601667484,0.0566717373651692,Tôi
3.656241120333497,1.8281205601667485,0.9140602800833744,1.8281205601667485,1726.659869077494,144.1930091831523,-11.142394814216331,19.076438045340023,0.2212025877801765,Tôi
0.9140602800833744,0.9140602800833744,0.9140602800833744,0.9140602800833744,1726.659869077494,145.10706946323566,-10.173490917327957,20.968542825112607,0.3308898213901814,Tôi
53.01549624483571,0.9140602800833744,1.8281205601667485,1.8281205601667485,1726.659869077494,146.19480119653488,-10.4568496041538,19.990498325423395,0.3162648569088475,Tôi
0.0,0.0,0.0,0.0,1725.7458087974103,146.3593320469499,-9.77130439409127,17.595660391604955,0.3144367363486807,Tôi
0.0,0.9140602800833744,1.8281205601667485,0.9140602800833744,1725.7458087974103,145.56409960327736,-5.027331540458558,9.59763294087543,0.195608899937842,Tôi
0.0,0.9140602800833744,1.8281205601667485,0.0,1726.659869077494,143.90965049632644,-1.6544491069509075,4.972487923653556,0.0813513649274203,Tôi
0.9140602800833744,1.8281205601667485,0.9140602800833744,0.9140602800833744,1725.7458087974103,142.76707514622225,2.339994317013438,3.8299125735493385,0.105116932209588,Tôi
12.79684392116724,1.8281205601667485,0.9140602800833744,0.9140602800833744,1726.659869077494,141.27715688968632,4.058427643570182,2.056635630187592,0.097804449968921,Tôi
7.312482240666994,1.8281205601667485,0.9140602800833744,1.8281205601667485,1726.659869077494,138.88231895586787,2.056635630187592,-0.3382023036308484,0.0850076060477538,Tôi
32.90617008300147,1.8281205601667485,0.9140602800833744,1.8281205601667485,1725.7458087974103,138.19677374580536,-1.6544491069509075,-3.8299125735493385,0.0429608331639185,Tôi
12.79684392116724,1.8281205601667485,1.8281205601667485,0.9140602800833744,1725.7458087974103,140.93895458605547,-6.855452100625307,-8.683572660792056,0.0594139182054193,Tôi
53.01549624483571,1.8281205601667485,0.9140602800833744,0.9140602800833744,1725.7458087974103,145.2807409164515,-11.709112187868024,-14.341605794508142,0.0694685812863364,Tôi
42.04677288383522,0.9140602800833744,0.0,0.9140602800833744,1725.7458087974103,149.9607295504784,-15.822383448243206,-19.82596747500839,0.068554521006253,Tôi
55.75767708508583,0.9140602800833744,0.0,0.9140602800833744,1725.7458087974103,154.47618733409024,-21.07823005872261,-26.334076669202013,0.0036562411203334,Tôi
68.55452100625307,1.8281205601667485,0.9140602800833744,0.9140602800833744,1726.659869077494,155.49993484778363,-23.189709305715205,-29.02141389264713,0.0575857976452525,Tôi
106.03099248967142,0.9140602800833744,0.9140602800833744,0.9140602800833744,1725.7458087974103,152.52923893751267,-22.677835548868515,-31.36140820966057,0.0237655672821677,Tôi
27.421808402501227,0.9140602800833744,-0.9140602800833744,0.0,1726.659869077494,151.38666358740844,-20.447528465465084,-28.217040846173763,0.0283358686825846,Tôi
31.078049522834725,-0.9140602800833744,-0.9140602800833744,0.9140602800833744,1725.7458087974103,148.936982036785,-16.279413588284893,-24.734471179056108,0.1142575350104217,Tôi
24.679627562251103,1.8281205601667485,0.0,0.9140602800833744,1726.659869077494,146.13081697692903,-12.056455094299706,-20.90455860550677,0.0694685812863364,Tôi
20.109326161834232,0.9140602800833744,1.8281205601667485,1.8281205601667485,1726.659869077494,145.2807409164515,-11.544581337453018,18.509720671688328,0.0027421808402501,Tôi
0.9140602800833744,0.9140602800833744,0.9140602800833744,1.8281205601667485,1726.659869077494,145.3355845332565,-11.48059711784718,18.56456428849333,0.0027421808402501,Tôi
1.0,1.0,1.0,1.0,1889.0,159.81,-9.13,-16.56,0.006,Tôi
1.0,1.0,1.0,1.0,1889.0,157.5,-1.75,-14.88,0.003,Tôi
75.0,1.0,1.0,2.0,1888.0,158.87,1.25,-18.56,0.004,Tôi
4.0,2.0,2.0,1.0,1889.0,162.87,-0.37,-25.87,0.003,Tôi
41.0,0.0,2.0,3.0,1888.0,169.5,-3.25,-30.75,0.005,Tôi
0.0,1.0,1.0,2.0,1889.0,178.75,-7.5,-26.12,0.004,Tôi
0.0,1.0,-1.0,3.0,1889.0,185.62,-6.31,-27.56,0.003,Tôi
686.0,1.0,2.0,30.0,1889.0,185.87,-7.69,-29.19,0.003,Tôi
44.0,2.0,2.0,59.0,1888.0,185.25,-8.88,-27.75,0.005,Tôi
0.0,2.0,1.0,7.0,1888.0,184.81,-10.06,-21.69,0.029,Tôi
86.0,2.0,2.0,6.0,1889.0,184.06,-14.38,-17.56,0.04,Tôi
89.0,1.0,1.0,15.0,1889.0,186.25,-17.87,-17.31,0.021,Tôi
102.0,2.0,1.0,40.0,1888.0,188.31,-18.19,-16.75,0.19,Tôi
123.0,125.0,0.0,56.0,1889.0,188.87,-21.69,-16.5,0.09,Tôi
108.0,3.0,2.0,33.0,1889.0,187.44,-19.81,-15.88,0.092,Tôi
175.0,1.0,2.0,30.0,1888.0,185.87,-18.44,-16.12,0.042,Tôi
35.0,2.0,1.0,3.0,1888.0,185.19,-17.5,-15.0,0.088,Tôi
138.0,2.0,1.0,2.0,1889.0,183.0,-14.31,-11.06,0.003,Tôi
120.0,2.0,1.0,0.0,1888.0,180.81,-13.06,-10.63,0.087,Tôi
79.0,1.0,0.0,5.0,1889.0,180.5,-12.38,-7.37,0.01,Tôi
56.0,2.0,1.0,8.0,1888.0,180.06,-13.31,-7.62,0.009,Tôi
74.0,4.0,189.0,118.0,1889.0,179.31,-13.81,-7.87,0.094,Tôi
9.0,44.0,239.0,1893.0,1888.0,178.62,-14.81,-6.75,0.004,Tôi
439.0,416.0,1.0,713.0,1888.0,178.5,-15.06,-5.31,0.141,Tôi
141.0,15.0,2.0,30.0,1889.0,177.56,-15.5,-6.25,0.002,Tôi
0.9363118634934462,0.9363118634934462,0.9363118634934462,0.9363118634934462,1768.69311013912,149.63199890488764,-8.548527313695164,-15.505324459451469,0.0056178711809606,Tôi
0.9363118634934462,0.9363118634934462,0.9363118634934462,0.9363118634934462,1768.69311013912,147.46911850021775,-1.6385457611135308,-13.93232052878248,0.0028089355904803,Tôi
70.22338976200847,0.9363118634934462,0.9363118634934462,1.8726237269868924,1767.7567982756264,148.7518657532038,1.1703898293668078,-17.37794818643836,0.0037452474539737,Tôi
3.745247453973785,1.8726237269868924,1.8726237269868924,0.9363118634934462,1768.69311013912,152.4971132071776,-0.3464353894925751,-24.222387908575453,0.0028089355904803,Tôi
38.38878640323129,0.0,1.8726237269868924,2.8089355904803384,1767.7567982756264,158.70486086213913,-3.0430135563537,-28.79158980242347,0.0046815593174672,Tôi
0.0,0.9363118634934462,0.9363118634934462,1.8726237269868924,1768.69311013912,167.3657455994535,-7.022338976200847,-24.456465874448817,0.0037452474539737,Tôi
0.0,0.9363118634934462,-0.9363118634934462,2.8089355904803384,1768.69311013912,173.7982081016535,-5.908127858643645,-25.80475495787937,0.0028089355904803,Tôi
642.3099383565041,0.9363118634934462,1.8726237269868924,28.089355904803387,1768.69311013912,174.03228606752683,-7.200238230264602,-27.330943295373697,0.0028089355904803,Tôi
41.19772199371163,1.8726237269868924,1.8726237269868924,55.24239994611332,1767.7567982756264,173.4517727121609,-8.314449347821803,-25.98265421194313,0.0046815593174672,Tôi
0.0,1.8726237269868924,0.9363118634934462,6.554183044454123,1767.7567982756264,173.0397954922238,-9.419297346744068,-20.30860431917285,0.0271530440413099,Tôi
80.52282026043638,1.8726237269868924,1.8726237269868924,5.617871180960677,1768.69311013912,172.3375615946037,-13.464164597035756,-16.441636322944913,0.0374524745397378,Tôi
83.33175585091671,0.9363118634934462,0.9363118634934462,14.044677952401694,1768.69311013912,174.38808457565435,-16.731893000627885,-16.20755835707155,0.0196625491333623,Tôi
95.50381007633152,1.8726237269868924,0.9363118634934462,37.45247453973785,1767.7567982756264,176.31688701445086,-17.031512796945787,-15.683223713515224,0.1778992540637547,Tôi
115.16635920969388,117.03898293668075,0.0,52.433464355632985,1768.69311013912,176.8412216580072,-20.30860431917285,-15.449145747641865,0.0842680677144101,Tôi
101.1216812572922,2.8089355904803384,1.8726237269868924,30.89829149528373,1768.69311013912,175.50229569321155,-18.548338015805168,-14.868632392275927,0.086140691441397,Tôi
163.85457611135308,0.9363118634934462,1.8726237269868924,28.089355904803387,1767.7567982756264,174.03228606752683,-17.265590762819148,-15.093347239514353,0.0393250982667247,Tôi
32.77091522227062,1.8726237269868924,0.9363118634934462,2.8089355904803384,1767.7567982756264,173.3955940003513,-16.38545761113531,-14.044677952401694,0.0823954439874232,Tôi
129.21103716209558,1.8726237269868924,0.9363118634934462,1.8726237269868924,1768.69311013912,171.34507101930066,-13.398622766591217,-10.355609210237516,0.0028089355904803,Tôi
112.35742361921356,1.8726237269868924,0.9363118634934462,0.0,1767.7567982756264,169.29454803825,-12.228232937224409,-9.952995108935331,0.0814591321239298,Tôi
73.96863721598226,0.9363118634934462,0.0,4.681559317467231,1768.69311013912,169.00429136056704,-11.591540870048863,-6.900618433946699,0.0093631186349344,Tôi
52.433464355632985,1.8726237269868924,0.9363118634934462,7.49049490794757,1767.7567982756264,168.59231414062992,-12.46231090309777,-7.1346963998200605,0.008426806771441,Tôi
69.28707789851502,3.745247453973785,176.96294220026132,110.48479989222665,1768.69311013912,167.89008024300983,-12.930466834844491,-7.368774365693421,0.0880133151683839,Tôi
8.426806771441015,41.19772199371163,223.77853537493365,1772.4383575930935,1767.7567982756264,167.24402505719937,-13.86677869833794,-6.320105078580762,0.0037452474539737,Tôi
411.04090807362286,389.5057352132736,0.9363118634934462,667.5903586708272,1767.7567982756264,167.13166763358015,-14.1008566642113,-4.971815995150199,0.1320199727525759,Tôi
132.0199727525759,14.044677952401694,1.8726237269868924,28.089355904803387,1768.69311013912,166.2515344818963,-14.512833884148415,-5.851949146834039,0.0018726237269868,Tôi
1.0031237783699225,0.9980062622260396,1.0089262709013291,1.0267244940100506,1888.979208594401,159.80479994497202,-9.12496207201088,-16.591080333474952,0.0114606001763946,Tôi
0.9938025568672804,1.019475630193591,1.0198116126181886,0.9743221128658104,1888.9729731703444,157.51063858793322,-1.714385933392103,-14.866403787194503,-0.0210508889166103,Tôi
75.00695241597158,1.0104877230712026,0.9799223294585162,1.9907072376599515,1888.0173831199304,158.8739199889123,1.2401356657662952,-18.55582629700718,-0.0191295017302098,Tôi
3.9817186080214535,1.974079888915372,2.0214187779931967,0.9690477544601804,1888.989199824572,162.8546006719461,-0.3977545498687171,-25.86080146752797,-0.0473358092915621,Tôi
41.00719990952307,-0.0056902954043013,2.0275530485781106,3.0006941110346355,1888.0155078534915,169.50883895091272,-3.2520284705501594,-30.72201533226986,0.0025956889514639,Tôi
0.005463612508048,1.0087221454965305,1.0033481054146056,2.024529777392307,1889.0054580111384,178.7327368893108,-7.497606580078256,-26.167197127951123,0.0297930526696021,Tôi
0.0118288448237078,0.9851445998298854,-1.0110670406965656,2.9940745961796886,1888.95364729244,185.6242008239865,-6.314869667980511,-27.560492246857592,0.0016630093074185,Tôi
685.9804366135114,1.0193499422058006,1.9965167920948008,30.008638434799742,1888.9685761845176,185.86180897607028,-7.711753613129695,-29.17729956713991,-0.0043670293350065,Tôi
44.01497225750348,1.982444336468712,2.00293988292908,59.03203808910697,1887.9699881069807,185.2668438584369,-8.854030906005429,-27.73046388828777,0.0061492425707765,Tôi
-0.0279465275662374,2.010932945924288,1.00380300348049,7.009054128796071,1888.0133375771493,184.83873690007164,-10.034652950286397,-21.702530947719524,0.0567576222879479,Tôi
85.99168654675016,1.9979204424400023,2.003335874571683,6.001632620102892,1889.0059566969217,184.04806430966707,-14.352608799562734,-17.57180489097266,0.0620133117910257,Tôi
88.98846233685643,1.002039635074402,1.006601306567856,15.016425150934662,1888.991957014425,186.22933527893767,-17.871995209655356,-17.30748776486826,0.0440770242898018,Tôi
102.0292446605054,2.0227360003406867,1.027875576366083,40.009024015166624,1887.964823132284,188.31049867569627,-18.19263821035162,-16.774561140607755,0.2023078743206909,Tôi
123.01254122873878,125.0106316634728,0.0222700843493726,56.00709771294786,1888.976115901298,188.8704677621435,-21.71782103876035,-16.51537176991562,0.0710723603375733,Tôi
107.98976890605503,3.004072576049825,1.998557217069033,32.97210738289868,1889.0112410739257,187.44299532870332,-19.77987177268908,-15.88597736134456,0.0878133212682759,Tôi
175.0390450460219,0.984804514375403,1.996980186776347,30.02171424347263,1887.9578182842265,185.909698810998,-18.418212404987525,-16.111814718363913,0.0120785100091721,Tôi
34.98861986243424,1.979628465648718,0.9877149160984606,3.0075178526045856,1888.0094077382416,185.1726773250355,-17.485384939150162,-14.959380020784543,0.0668577692822609,Tôi
137.98731362115393,2.0058200137721696,0.9976720117689934,1.9821014034583155,1888.9897713295527,182.97742397839284,-14.296872542068764,-11.08374129379754,-0.0152543891377406,Tôi
119.99262282952664,2.034199020176505,0.9858092964488032,0.0139357673379861,1887.9818288646609,180.8323885726132,-13.054558076436845,-10.621229815681394,0.1050810093662553,Tôi
79.01761584918799,0.9769894924259852,-0.0122246071505617,4.99806382775284,1888.995073168821,180.5275393352246,-12.397029899860105,-7.377502860050013,0.0090292585667835,Tôi
55.99815343373029,1.953297751909414,1.0058004736484922,8.003617858264505,1888.00882921408,180.0463231754176,-13.30826329079494,-7.602208405075856,0.033891067525715,Tôi
74.01667637651632,3.998547967757818,189.02804934450367,118.01911654581178,1888.988404674793,179.31611374139575,-13.792343552941428,-7.908188694210518,0.119541489445029,Tôi
8.998059238751582,44.017232844196585,238.98688412424656,1892.969704106634,1888.010488081504,178.63490368798094,-14.781672988375076,-6.777062683635898,-0.013455023355645,Tôi
439.0014909756437,416.0284947556573,0.9909599457373186,712.9899614639072,1888.0029536877776,178.4610277606274,-15.041385957377456,-5.305178429844034,0.1142102996294919,Tôi
140.9934753186225,14.986572174992489,2.0096437304964607,30.01417682745356,1888.990173350518,177.57616532898882,-15.477304108445791,-6.226108036723888,-0.0053379210690989,Tôi
1.026012805855944,1.026012805855944,1.026012805855944,1.026012805855944,1938.138190261878,163.9671065038384,-9.367496917464768,-16.99077206497443,0.0061560768351356,Tôi
1.026012805855944,1.026012805855944,1.026012805855944,1.026012805855944,1938.138190261878,161.59701692231116,-1.795522410247902,-15.267070551136444,0.0030780384175678,Tôi
76.9509604391958,1.026012805855944,1.026012805855944,2.052025611711888,1937.112177456022,163.0026544663338,1.2825160073199298,-19.04279767668632,0.0041040512234237,Tôi
4.104051223423776,2.052025611711888,2.052025611711888,1.026012805855944,1938.138190261878,167.10670568975758,-0.3796247381666992,-26.54295128749327,0.0030780384175678,Tôi
42.0665250400937,0.0,2.052025611711888,3.078038417567832,1937.112177456022,173.90917059258248,-3.3345416190318176,-31.54989378007028,0.0051300640292797,Tôi
0.0,1.026012805855944,1.026012805855944,2.052025611711888,1938.138190261878,183.39978904675,-7.6950960439195795,-26.799454488957256,0.0041040512234237,Tôi
0.0,1.026012805855944,-1.026012805855944,3.078038417567832,1938.138190261878,190.44849702298032,-6.474140804951006,-28.27691292938981,0.0030780384175678,Tôi
703.8447848171775,1.026012805855944,2.052025611711888,30.78038417567832,1938.138190261878,190.7050002244443,-7.890038477032209,-29.949313802935,0.0030780384175678,Tôi
45.14456345766153,2.052025611711888,2.052025611711888,60.53475554550069,1937.112177456022,190.0688722848136,-9.110993716000785,-28.47185536250244,0.0051300640292797,Tôi
0.0,2.052025611711888,1.026012805855944,7.182089640991608,1937.112177456022,189.617426650237,-10.321688826910796,-22.254217759015425,0.0297543713698223,Tôi
88.23710130361117,2.052025611711888,2.052025611711888,6.156076835135663,1938.138190261878,188.84791704584504,-14.754064148208474,-18.01678487083037,0.0410405122342377,Tôi
91.315139721179,1.026012805855944,1.026012805855944,15.39019208783916,1938.138190261878,191.09488509066955,-18.33484884064572,-17.76028166936639,0.0215462689229748,Tôi
104.65330619730628,2.052025611711888,1.026012805855944,41.04051223423775,1937.112177456022,193.2084714707328,-18.663172938519622,-17.18571449808706,0.1949424331126293,Tôi
126.1995751202811,128.251600731993,0.0,57.45671712793286,1938.138190261878,193.7830386420121,-22.254217759015425,-16.929211296623073,0.0923411525270349,Tôi
110.80938303244194,3.078038417567832,2.052025611711888,33.85842259324615,1938.138190261878,192.3158403296381,-20.325313684006247,-16.29308335699239,0.0943931781387468,Tôi
179.5522410247902,1.026012805855944,2.052025611711888,30.78038417567832,1937.112177456022,190.7050002244443,-18.919676139983608,-16.539326430397818,0.0430925378459496,Tôi
35.91044820495804,2.052025611711888,1.026012805855944,3.078038417567832,1937.112177456022,190.00731151646224,-17.95522410247902,-15.39019208783916,0.090289126915323,Tôi
141.58976720812026,2.052025611711888,1.026012805855944,2.052025611711888,1938.138190261878,187.76034347163773,-14.682243251798557,-11.34770163276674,0.0030780384175678,Tôi
123.12153670271329,2.052025611711888,1.026012805855944,0.0,1937.112177456022,185.5133754268132,-13.399727244478628,-10.906516126248684,0.0892631141094671,Tôi
81.05501166261956,1.026012805855944,0.0,5.130064029279719,1938.138190261878,185.19531145699787,-12.702038536496586,-7.561714379158307,0.0102601280585594,Tôi
57.45671712793286,2.052025611711888,1.026012805855944,8.208102446847551,1937.112177456022,184.74386582242127,-13.656230445942612,-7.818217580622292,0.0092341152527034,Tôi
75.92494763333985,4.104051223423776,193.9164203067734,121.06951109100136,1938.138190261878,183.9743562180293,-14.169236848870586,-8.07472078208628,0.0964452037504587,Tôi
9.234115252703496,45.14456345766153,245.2170605995706,1942.2422414853013,1937.112177456022,183.2664073819887,-15.19524965472653,-6.925586439527621,0.0041040512234237,Tôi
450.41962177075936,426.8213272360727,1.026012805855944,731.547130575288,1937.112177456022,183.143285845286,-15.451752856190517,-5.448127999095061,0.144667805625688,Tôi
144.6678056256881,15.39019208783916,2.052025611711888,30.78038417567832,1938.138190261878,182.1788338077814,-15.90319849076713,-6.41258003659965,0.0020520256117118,Tôi
395.2807995258105,374.5713271132965,0.9004118440223473,641.9936447879336,1699.9775615141916,160.723514157989,-13.560202370976551,-4.781186891758664,0.1269580700071509,Tôi
126.95807000715097,13.50617766033521,1.8008236880446946,27.01235532067042,1700.877973358214,159.877127024608,-13.956383582346383,-5.627574025139671,0.0018008236880446,Tôi
0.9004118440223473,0.9004118440223473,0.9004118440223473,0.9004118440223473,1700.877973358214,143.89481679321133,-8.220760135924031,-14.91082013701007,0.005402471064134,Tôi
0.9004118440223473,0.9004118440223473,0.9004118440223473,0.9004118440223473,1700.877973358214,141.8148654335197,-1.5757207270391078,-13.398128239052529,0.002701235532067,Tôi
67.53088830167604,0.9004118440223473,0.9004118440223473,1.8008236880446946,1699.9775615141916,143.04842965983033,1.1255148050279342,-16.711643825054765,0.0036016473760893,Tôi
3.601647376089389,1.8008236880446946,1.8008236880446946,0.9004118440223473,1700.877973358214,146.6500770359197,-0.3331523822882685,-23.293654404858124,0.002701235532067,Tôi
36.91688560491624,0.0,1.8008236880446946,2.701235532067042,1699.9775615141916,152.6198075617879,-2.926338493072629,-27.68766420368718,0.0045020592201117,Tôi
0.0,0.9004118440223473,0.9004118440223473,1.8008236880446946,1700.877973358214,160.94861711899458,-6.753088830167605,-23.51875736586372,0.0036016473760893,Tôi
0.0,0.9004118440223473,-0.9004118440223473,2.701235532067042,1700.877973358214,167.1344464874281,-5.681598735781011,-24.81535042125589,0.002701235532067,Tôi
617.6825249993302,0.9004118440223473,1.8008236880446946,27.01235532067042,1700.877973358214,167.3595494484337,-6.924167080531851,-26.28302172701232,0.002701235532067,Tôi
39.61812113698328,1.8008236880446946,1.8008236880446946,53.12429879731849,1699.9775615141916,166.80129410513985,-7.995657174918445,-24.98642867162014,0.0045020592201117,Tôi
0.0,1.8008236880446946,0.9004118440223473,6.302882908156431,1699.9775615141916,166.40511289377,-9.058143150864815,-19.52993289684472,0.026111943476648,Tôi
77.43541858592187,1.8008236880446946,1.8008236880446946,5.402471064134084,1700.877973358214,165.72980401075324,-12.947922317041357,-15.811231981032416,0.0360164737608938,Tôi
80.13665411798891,0.9004118440223473,0.9004118440223473,13.50617766033521,1700.877973358214,167.70170594916218,-16.090359652679346,-15.586129020026831,0.0189086487244692,Tôi
91.84200809027942,1.8008236880446946,0.9004118440223473,36.016473760893895,1699.9775615141916,169.55655434784822,-16.3784914427665,-15.081898387374318,0.1710782503642459,Tôi
110.75065681474872,112.5514805027934,0.0,50.42306326525145,1700.877973358214,170.06078498050073,-19.52993289684472,-14.85679542636873,0.0810370659620112,Tôi
97.24447915441353,2.701235532067042,1.8008236880446946,29.71359085273746,1700.877973358214,168.77319604354878,-17.837158630082698,-14.298540083074876,0.0828378896500559,Tôi
157.57207270391078,0.9004118440223473,1.8008236880446946,27.01235532067042,1699.9775615141916,167.3595494484337,-16.603594403772085,-14.51463892564024,0.0378172974489385,Tôi
31.514414540782155,1.8008236880446946,0.9004118440223473,2.701235532067042,1699.9775615141916,166.7472693944985,-15.757207270391078,-13.50617766033521,0.0792362422739665,Tôi
124.25683447508392,1.8008236880446946,0.9004118440223473,1.8008236880446946,1700.877973358214,164.77536745608955,-12.88489348795979,-9.958554994887162,0.002701235532067,Tôi
108.04942128268168,1.8008236880446946,0.9004118440223473,0.0,1699.9775615141916,162.80346551768062,-11.759378682931857,-9.571377901957552,0.0783358304299442,Tôi
71.13253567776543,0.9004118440223473,0.0,4.502059220111737,1700.877973358214,162.5243378460337,-11.14709862899666,-6.6360352904447,0.0090041184402234,Tôi
50.42306326525145,1.8008236880446946,0.9004118440223473,7.2032947521787785,1699.9775615141916,162.12815663466387,-11.984481643937444,-6.861138251450287,0.0081037065962011,Tôi
66.6304764576537,3.601647376089389,170.17783852022364,106.24859759463698,1700.877973358214,161.45284775164708,-12.434687565948616,-7.086241212455874,0.0846387133381006,Tôi
8.103706596201127,39.61812113698328,215.198430721341,1704.4796207343034,1699.9775615141916,160.8315635792717,-13.335099409970963,-6.0777799471508445,0.0036016473760893,Tôi
0.0,0.0,1.0,3.0,1889.0,169.44,-13.13,-0.31,0.004,Tôi
0.0,2.0,1.0,1.0,1888.0,156.94,-18.12,10.81,0.003,Tôi
2.0,1.0,0.0,324.0,1889.0,156.81,-23.87,-5.56,0.005,Tôi
1.0,2.0,2.0,752.0,1888.0,156.87,-25.12,-5.69,0.003,Tôi
28.0,1.0,2.0,1033.0,1889.0,156.87,-23.19,-2.62,0.005,Tôi
68.0,0.0,2.0,1511.0,1889.0,157.12,-23.19,-2.69,0.007,Tôi
115.0,1.0,1.0,1018.0,1889.0,157.62,-23.37,-2.94,0.022,Tôi
178.0,1.0,1.0,1117.0,1889.0,157.94,-23.31,-3.12,0.015,Tôi
185.0,2.0,1.0,968.0,1888.0,157.87,-23.81,-3.94,0.023,Tôi
192.0,2.0,2.0,1057.0,1889.0,157.5,-24.25,-4.31,0.023,Tôi
122.0,1.0,0.0,774.0,1889.0,156.19,-22.31,0.25,0.02,Tôi
0.0,2.0,1.0,2.0,1889.0,148.44,-10.88,5.69,0.008,Tôi
1.0,0.0,0.0,535.0,1889.0,138.69,4.94,3.31,0.016,Tôi
-1.0,1.0,1.0,282.0,1889.0,128.75,22.19,-5.62,0.006,Tôi
0.0,1.0,1.0,54.0,1889.0,122.0,37.75,-8.75,0.058,Tôi
1.0,1.0,1.0,1.0,1889.0,116.94,47.63,-9.0,0.006,Tôi
1.0,1.0,1.0,146.0,1888.0,114.94,52.81,-5.06,0.092,Tôi
1.0,1.0,1.0,145.0,1889.0,115.81,53.31,-2.94,0.069,Tôi
1.0,2.0,1.0,200.0,1889.0,116.37,51.38,-4.44,0.026,Tôi
2.0,2.0,1.0,111.0,1889.0,116.5,50.19,-5.5,0.031,Tôi
1.0,1.0,1.0,132.0,1888.0,116.37,50.19,-5.5,0.003,Tôi
-1.0,1.0,1.0,163.0,1889.0,116.44,49.44,-5.5,0.004,Tôi
0.0,1.0,2.0,22.0,1888.0,116.94,46.13,-4.31,0.006,Tôi
231.0,233.0,28.0,0.0,1889.0,113.81,40.5,0.0,0.009,Tôi
1434.0,1936.0,2520.0,2.0,1889.0,109.75,30.0,5.56,0.003,Tôi
-0.0341843603620731,-0.0090768594130893,1.0161501439534797,3.024497134723448,1889.00219703994,169.4315427117819,-13.119914161797045,-0.320873917671703,0.0526939427887375,Tôi
0.0138336139936343,2.0118493344280552,1.0060069671232963,0.9929625289295576,1888.003340782745,156.94448280727605,-18.11526631488261,10.802934150690822,-0.040699762814367,Tôi
2.007829425327679,0.9921645746831896,-0.0060752129625365,323.98713635138694,1889.016681901432,156.77036868858292,-23.865583258681216,-5.555391907567118,0.0244322690685477,Tôi
1.0065261771425862,2.029876446556995,1.9921145044849515,751.9929812062771,1887.981124999283,156.8765256256269,-25.08442135413383,-5.688816037630274,-0.0204737934764806,Tôi
27.99148390304238,1.0385561320823935,1.9718594352187828,1032.9991480734573,1888.9927701061576,156.91473663164643,-23.17996783986532,-2.625183841159061,0.0047293691284786,Tôi
68.02321732513842,0.0110738400116944,2.020009903048176,1510.986529272319,1889.039407212096,157.09202630539644,-23.19566275800913,-2.719342967194988,0.0261303568872658,Tôi
115.00431261417624,1.003381474347965,1.0178811098326752,1018.0069954469992,1888.996579647992,157.66478530913204,-23.407066030636813,-2.960560835274438,0.0118055527321641,Tôi
177.97965271894145,1.0182205269209526,1.0004209551039196,1116.9964926702155,1889.0033475356704,157.94924118447906,-23.349924383070046,-3.146781571578756,0.0242835916257602,Tôi
185.00514926664013,1.9847267908669808,1.020491549796955,968.014168574431,1888.0071292222028,157.89510430486254,-23.82200770963845,-3.933854345934895,0.0365892586685221,Tôi
191.9803482892984,2.015975239671846,1.999744181900429,1057.0072886330422,1888.992268039643,157.477587120844,-24.239901482335902,-4.308664343391692,0.0376817535703884,Tôi
121.9669308201301,0.9972692425645266,-0.0158368971909043,774.0168257805062,1889.0324515383568,156.17302382032514,-22.286026093361723,0.2461213276294034,-0.0059637733022896,Tôi
0.0008203821775751,2.014001043857225,0.967894172881394,1.960370523789835,1888.9763650161824,148.43048521487856,-10.87856269624308,5.695877776425233,-0.0089258419468837,Tôi
0.9624150750879092,0.0484368394736994,0.0033740424255635,534.9865413456042,1888.9779978782328,138.68126913569952,4.927494559405235,3.326510581942648,0.0243781306270455,Tôi
-0.9605618309973452,0.9932201168047458,1.0124845103275637,282.01505188594484,1889.0373617673831,128.7421137456331,22.201358575222866,-5.631549201348661,0.0089258896879912,Tôi
-0.0191001403669929,1.0100622636619423,0.9912549546622912,53.96306954074086,1889.0037014442423,121.99505968634112,37.75586920998606,-8.78672198503054,0.081550736257321,Tôi
0.971409708838398,1.0172676740859738,0.957478017313201,0.9980529299998434,1889.009239991277,116.96383918351,47.64581272644668,-9.014717171506714,0.0095964709320644,Tôi
0.9856454541427048,0.974215570396796,1.0114788669879962,145.99518872866264,1887.9847777681127,114.94136235564822,52.79932649971958,-5.0653308687993714,0.1024716579315166,Tôi
1.0346203853500036,0.9811256495290384,0.976587442298546,145.0105883484258,1888.9849995318789,115.83008079144052,53.339329633802095,-2.937205750327229,0.052101996538155,Tôi
1.013250985064745,2.0281273692465214,0.9850495481243704,199.9709731531946,1889.0567663149616,116.392115925581,51.38191137397679,-4.45075618270242,0.0559334408016827,Tôi
2.0272072391673643,1.9681873120517648,1.0209568402991291,111.01161464308068,1888.995082654448,116.50019470614497,50.20340212447018,-5.484389628556151,0.0227014021344939,Tôi
0.9791412075117596,0.9985994413557248,0.9973626873563244,132.02689978941393,1887.9472811165751,116.35622653205576,50.22648441934836,-5.502386854134732,0.0290312199231422,Tôi
-0.9897216396123728,0.9967387971009384,0.9676851650152122,163.0285183862906,1889.0175295729664,116.44856044362352,49.449714846056025,-5.497048675435989,0.0074684060705983,Tôi
0.0049773752375569,0.9954598561256808,1.998645141239925,22.01135286090916,1887.9792984757853,116.91470376304405,46.14170939993231,-4.281499837903545,-0.0130226953090022,Tôi
231.00215353437812,233.01659874602544,27.96271814083729,-0.0037124411531536,1888.9924637426795,113.79236551135956,40.519174987606206,-0.0144737200313387,0.0310367092266409,Tôi
1434.015361710129,1935.9605458415267,2520.008998146396,1.988338498652633,1889.018642726813,109.76075532776808,30.001889181751405,5.565705408521119,0.0112713722168635,Tôi
-0.0302232716540397,0.0015841586229706,0.9772127904305404,3.0201905931911344,1889.0012480914115,169.4544184719358,-13.126885374254895,-0.2768482314754404,0.0087823585992296,Tôi
-0.0042478975166444,2.020974554361012,0.9721920324788668,0.9871796583620392,1887.9904721202647,156.9277346380182,-18.1425733408826,10.82331353027186,-0.0437027552398643,Tôi
2.0292774384574765,0.9984089216136272,0.0029636760402995,324.02083468182644,1889.004808738303,156.80395848788163,-23.89285116868108,-5.545695786503522,-0.0116525440045609,Tôi
1.010062184129373,2.019396455194252,2.00553238777821,751.9593083172871,1888.0058197961944,156.87923162277178,-25.12422666006744,-5.686032443518278,0.0064359465230898,Tôi
28.01050256897341,1.018273108275113,2.0116045449591846,1032.9834713794587,1888.982206769501,156.8691999466045,-23.155211313124404,-2.630081985545736,0.0126296683928358,Tôi
67.98079880736786,-0.0114660500324722,1.9756386519983824,1510.9928052680718,1888.9964706575363,157.11300658172092,-23.16040107594667,-2.6646992398734524,-0.0126810760932983,Tôi
115.0084760022342,0.9724578126310768,0.9977403931924076,1017.9864187548328,1889.015631874017,157.64646842270605,-23.37836247977547,-2.929551551292396,0.0015455848324178,Tôi
178.0114311307785,1.0318041455855524,0.9799682690874568,1117.0029850226574,1889.006273484409,157.96712658684402,-23.3166463673684,-3.117582426945575,0.0369578686307847,Tôi
185.02692867376552,2.017034270211894,1.0311131169866117,967.980113517596,1887.9811662231584,157.8959347660249,-23.80374455123124,-3.965248683195129,0.0256850663202833,Tôi
192.02002365803,1.9976490879772808,1.9857309383222608,1057.005996427145,1889.018903669043,157.47327521668274,-24.229958773219103,-4.309483991502573,0.0423474270942925,Tôi
121.97158902669592,0.947789441726032,-0.0084233734154705,774.0025821664543,1889.0200088088388,156.16263047396646,-22.29586013704844,0.2229491068592534,0.0316928768881736,Tôi
0.0131571716936527,1.988105956884913,1.011538377593478,2.068777055462174,1888.9858433747029,148.41669909969693,-10.877013708294324,5.709727791995105,-0.0025909404504823,Tôi
1.0077224205689754,-0.0167960043923727,0.0071107559034999,535.0173755014365,1889.0017065002928,138.70098179213218,4.915074565664277,3.284958384261812,-0.0173316251083954,Tôi
-0.9873460597664512,0.9818880286607532,0.9717154941916484,281.9759257436276,1888.987453696447,128.7244959082948,22.207437472396688,-5.635686891682774,0.0356930756637766,Tôi
-0.002133146059747,0.987543400159577,1.008367723359764,53.971781343513626,1889.0121071700744,121.97856437539212,37.74271089096299,-8.74066892506487,0.049445808256634,Tôi
0.9834169745911624,1.0066749589548811,1.0252181390711084,1.012984951690568,1889.0195528130664,116.94435114767538,47.63804688064677,-8.976717109985854,0.0010315149174181,Tôi
1.006091471733637,0.9964089779144468,0.9830279678213928,145.95384116236292,1888.011836841457,114.94230113613506,52.80036254053119,-5.033010487988709,0.1042254896365521,Tôi
1.0019470685285203,1.0136195580041736,1.008785785493573,145.00404231436997,1888.963513179671,115.80907951619322,53.31809699898466,-2.946861262059491,0.0725672192641217,Tôi
0.9993751137187996,2.0229251798747363,0.9668840270383976,200.01211132509644,1888.985197923456,116.37714827366904,51.39901671459233,-4.421829515689271,0.0003180824511353,Tôi
1.9968104877483843,1.9770768238839984,0.9679854237373662,111.04455166542223,1889.003803628687,116.4987086298486,50.180502125109136,-5.533073280427334,0.0160441994232275,Tôi
0.975238338616004,0.9862990881816688,0.9996969157936336,132.02749635434563,1887.9750766035609,116.35046990780712,50.17617324400264,-5.466776136087808,-0.002975478018169,Tôi
-1.0314999611739075,1.001670373392976,1.017577935334998,163.02610133846716,1889.019669377982,116.42691256719948,49.46268199992045,-5.47308967909653,0.0045693908738176,Tôi
0.0141377609774357,1.0104427707141457,1.992740053622916,21.977639595879783,1888.0112846997013,116.97596580496274,46.13915303156413,-4.3011162754769225,0.0282874120784614,Tôi
231.0234069895916,232.99590889650185,28.02321672398806,0.041443567270709,1888.9845631293824,113.79706370664152,40.48155712335058,-0.0331202415205889,0.005926888060356,Tôi
1434.0041245609902,1936.030301999073,2520.002272429534,2.003293641929716,1888.9915391073075,109.75753238147198,29.98871518739038,5.572443557936095,-0.0060464322728631,Tôi
217.03205282098185,218.88453611476305,26.30917225841121,-0.0156570931565563,1774.6904533306656,106.90778738844496,38.05901028257581,-0.0356141602757709,-0.0,Tôi
1347.203046283673,1818.83798881322,2367.5112568341165,1.8881102979098128,1774.684067351457,103.10573760101737,28.206296694925896,5.198952794904072,-0.014975821865796,Tôi
-0.0,-0.0253019228149003,0.9563621972038966,2.806129467089537,1774.6929527677096,0.0,-12.348657908129493,-0.2861532712147316,-0.0363583021421806,Tôi
0.0205379196309559,1.8830019729746488,0.945817222455876,0.944788223162824,1773.7305667781857,147.4369850421146,-17.01087646321713,10.173055502572714,0.0059191414651835,Tôi
1.8715795067356469,0.9255179129425364,-0.008827144549092,304.40653724436385,1774.6535844741506,147.3016182452991,-22.395792742745687,-5.202848896907474,0.0135475164101481,Tôi
0.9363871478719228,1.885351047060273,1.8511433104373705,706.4828312151526,1773.742601435643,147.38934519583498,-0.0,-5.371408149216361,-0.0267642188971224,Tôi
26.286639495953192,0.928483538590598,0.0,970.4820718294764,1774.654545968643,147.3636415668654,-21.79196153851124,-2.4738237708863893,0.0,Tôi
0.0,-0.0307224680464815,1.8806402566604223,1419.5457466436835,1774.677262617754,147.60883316614903,-21.75180114717982,-2.516355604946072,0.0297402516425518,Tôi
108.08009986979572,0.9646028440950928,0.935091109133148,0.0,0.0,148.0976243284205,-21.93969478380835,-2.794017957738053,-0.0064270590632083,Tôi
167.24717601441023,0.9323643221269,0.9325346449633536,1049.382081379128,1774.6720274869178,148.40504777875014,-21.898742921212165,-2.9041157779113407,0.00824864267246,Tôi
0.0,1.8598753788994624,0.0,909.4418171878624,1773.725680739294,148.3260541201875,-22.355607485902084,-3.682251126032034,0.0140768127379681,Tôi
180.3897298039993,1.897187634581208,1.91780743577217,993.0302420762314,1774.6881176388445,148.00918565849202,-22.78807462526366,-4.044511686308322,0.0090954265891133,Tôi
0.0,0.9461262501244844,0.0,727.1682251372581,1774.673977735852,146.74436371742885,-20.94293348196953,0.2039199915314719,0.032945873303075,Tôi
-0.0303728109646458,1.8704952075974188,0.0,1.8638796769065635,1774.6754655544994,0.0,-10.18251790948264,5.324283211693509,0.0,Tôi
0.9437307906599856,0.0296987519774903,0.0115987272555462,502.6503523943653,1774.6763772710844,130.27648229214313,4.640619625959285,3.108226574522277,0.0377801528317387,Tôi
-0.9486604675114052,0.0,0.9500657425377548,0.0,1774.7074786699388,120.98213832004464,20.86156670988409,-5.264926013321849,-0.0254612137361384,Tôi
-0.0166753881440567,0.9383035828025128,0.947721610196298,0.0,1774.6927554091487,114.60009796676388,35.46895581230832,-8.227319433850537,0.0407288545953491,Tôi
0.9718547512117918,0.9146258056765324,0.97797311250971,0.9416200970389268,1774.6900078465535,0.0,44.76273415083704,-0.0,-0.0132381965129219,Tôi
0.9438613032123973,0.9368558410498216,0.9169871500693896,137.1569898619278,1773.7143260287198,107.9724035726259,49.61124431505278,-4.740189279058495,0.0674065862752044,Tôi
0.9362189460710622,0.9021224953216932,0.9595995768158156,136.23358414497827,1774.6422802073062,0.0,50.0876174501546,-2.7869220026975,0.0677104178328589,Tôi
0.952134430257562,1.8466214746657497,0.9337263582866192,187.9121996417781,1774.678891578327,109.33042369316188,48.250746862321286,-4.1624275994475735,0.0417024042741419,Tôi
1.884036254917849,1.8576360483714724,0.926202047255306,104.28066025650205,1774.6603794265732,109.458336558488,47.17535543749155,-5.158811972726388,0.0303761792223926,Tôi
0.9276118983621788,0.9651359811774436,0.9261184183588314,0.0,0.0,109.32748494206398,47.17074458818367,-5.175437187380796,-0.0371691714555875,Tôi
-0.9232281662854532,0.9132935633641308,0.9291176312880368,153.1297167855636,1774.700255135056,109.39008912936548,46.42976762002181,-5.123332570697472,0.0112830197398755,Tôi
-0.0146094845416671,0.9272301366004408,1.8964748059449328,20.64244435828878,1773.701793057862,109.87541678003107,43.330683090176464,-4.038328249708357,0.0099242075670036,Tôi
0.0,0.0,0.9851508766318564,2.955452629895569,1860.9500059575769,166.92396453650176,-12.935031010176276,-0.3053967717558755,0.0039406035065274,Tôi
0.0,1.9703017532637128,0.9851508766318564,0.9851508766318564,1859.964855080945,154.60957857860353,-17.85093388456924,10.649480976390368,0.0029554526298955,Tôi
1.9703017532637128,0.9851508766318564,0.0,319.1888840287215,1860.9500059575769,154.4815089646414,-23.51555142520241,-5.477438874073122,0.0049257543831592,Tôi
0.9851508766318564,1.9703017532637128,1.9703017532637128,740.833459227156,1859.964855080945,154.54061801723932,-24.746990020992232,-5.605508488035263,0.0029554526298955,Tôi
27.58422454569198,0.9851508766318564,1.9703017532637128,1017.6608555607075,1860.9500059575769,154.54061801723932,-22.845648829092752,-2.581095296775464,0.0049257543831592,Tôi
66.99025961096623,0.0,1.9703017532637128,1488.562974590735,1860.9500059575769,154.78690573639727,-22.845648829092752,-2.6500558581396936,0.0068960561364229,Tôi
113.29235081266349,0.9851508766318564,0.9851508766318564,1002.88359241123,1860.9500059575769,155.27948117471325,-23.02297598688649,-2.896343577297658,0.0216733192859008,Tôi
175.35685604047043,0.9851508766318564,0.9851508766318564,1100.4135291977836,1860.9500059575769,155.5947294552354,-22.96386693428857,-3.073670735091392,0.0147772631494778,Tôi
182.25291217689343,1.9703017532637128,0.9851508766318564,953.626048579637,1859.964855080945,155.52576889387117,-23.4564423726045,-3.8814944539295135,0.0226584701625326,Tôi
189.14896831331643,1.9703017532637128,1.9703017532637128,1041.3044765998725,1860.9500059575769,155.1612630695174,-23.88990875832252,-4.246000278283301,0.0226584701625326,Tôi
120.18840694908648,0.9851508766318564,0.0,762.5067785130568,1860.9500059575769,153.87071542112966,-21.978716057656715,0.2462877191579641,0.0197030175326371,Tôi
0.0,1.9703017532637128,0.9851508766318564,1.9703017532637128,1860.9500059575769,146.23579612723276,-10.7184415377546,5.605508488035263,0.0078812070130548,Tôi
0.9851508766318564,0.0,0.0,527.0557189980432,1860.9500059575769,136.63057508007216,4.866645330561371,3.260849401651445,0.0157624140261097,Tôi
-0.9851508766318564,0.9851508766318564,0.9851508766318564,277.8125472101835,1860.9500059575769,126.8381753663515,21.860497952460896,-5.536547926671033,0.0059109052597911,Tôi
0.0,0.9851508766318564,0.9851508766318564,53.19814733812024,1860.9500059575769,120.18840694908648,37.18944559285258,-8.620070170528743,0.0571387508446476,Tôi
0.9851508766318564,0.9851508766318564,0.9851508766318564,0.9851508766318564,1860.9500059575769,115.20354351332928,46.92273625397532,-8.866357889686707,0.0059109052597911,Tôi
0.9851508766318564,0.9851508766318564,0.9851508766318564,143.83202798825104,1859.964855080945,113.23324176006555,52.02581779492834,-4.984863435757193,0.0906338806501307,Tôi
0.9851508766318564,0.9851508766318564,0.9851508766318564,142.8468771116192,1860.9500059575769,114.09032302273528,52.51839323324427,-2.896343577297658,0.0679754104875981,Tôi
0.9851508766318564,1.9703017532637128,0.9851508766318564,197.03017532637128,1860.9500059575769,114.64200751364912,50.61705204134479,-4.374069892245442,0.0256139227924282,Tôi
1.9703017532637128,1.9703017532637128,0.9851508766318564,109.35174730613606,1860.9500059575769,114.77007712761127,49.44472249815287,-5.4183298214752105,0.0305396771755875,Tôi
0.9851508766318564,0.9851508766318564,0.9851508766318564,130.03991571540504,1859.964855080945,114.64200751364912,49.44472249815287,-5.4183298214752105,0.0029554526298955,Tôi
-0.9851508766318564,0.9851508766318564,0.9851508766318564,160.5795928909926,1860.9500059575769,114.71096807501335,48.70585934067898,-5.4183298214752105,0.0039406035065274,Tôi
0.0,0.9851508766318564,1.9703017532637128,21.67331928590084,1859.964855080945,115.20354351332928,45.445009939027535,-4.246000278283301,0.0059109052597911,Tôi
227.5698525019588,229.5401542552225,27.58422454569198,0.0,1860.9500059575769,112.12002126947158,39.89861050359018,0.0,0.0088663578896867,Tôi
1412.706357090082,1907.252097159274,2482.580209112278,1.9703017532637128,1860.9500059575769,108.12030871034624,29.554526298955693,5.477438874073122,0.0029554526298955,Tôi
1844.0,2377.0,2700.0,2.0,1889.0,103.5,14.25,9.69,0.003,Tôi
1059.0,1510.0,1146.0,1.0,1888.0,94.56,-6.44,14.94,0.005,Tôi
3.0,1.0,1.0,1.0,1889.0,84.69,-33.69,20.37,0.006,Tôi
1.0,0.0,0.0,1.0,1889.0,80.19,-50.44,22.75,0.006,Tôi
0.0,2.0,3.0,0.0,1889.0,72.44,-67.81,22.0,0.003,Tôi
1.0,1.0,0.0,1.0,1888.0,81.56,-76.56,2.5,0.003,Tôi
1.0,0.0,2.0,1.0,1889.0,82.44,-74.69,11.75,0.004,Tôi
0.0,0.0,2.0,2.0,1888.0,84.5,-76.0,23.06,0.005,Tôi
1.0,0.0,1.0,0.0,1888.0,83.75,-77.37,26.87,0.004,Tôi
4.0,2.0,2.0,2.0,1889.0,78.5,-78.44,27.37,0.005,Tôi
0.0,0.0,3.0,2.0,1889.0,76.81,-77.31,25.75,0.004,Tôi
1.0,0.0,2.0,2.0,1888.0,75.94,-76.94,25.69,0.005,Tôi
0.0,1.0,2.0,1.0,1889.0,74.44,-76.56,27.0,0.005,Tôi
1.0,1.0,1.0,2511.0,1888.0,70.44,-74.81,26.62,0.003,Tôi
6.0,1.0,1.0,2502.0,1889.0,67.56,-75.31,15.63,0.004,Tôi
1.0,2.0,1.0,22.0,1889.0,66.87,-73.94,10.13,0.003,Tôi
1.0,910.0,2474.0,1.0,1888.0,50.38,-56.13,-8.06,0.005,Tôi
3766.0,5963.0,9512.0,2.0,1889.0,45.88,-46.63,4.75,0.005,Tôi
2482.0,6944.0,8452.0,1.0,1952.0,52.69,-38.44,26.75,0.004,Tôi
6780.0,7247.0,7899.0,1.0,2032.0,68.94,-27.87,58.75,0.004,Tôi
7372.0,7253.0,6910.0,2.0,2192.0,107.25,-3.44,81.0,0.006,Tôi
6904.0,6903.0,6779.0,2.0,2257.0,154.87,21.19,83.31,0.005,Tôi
6778.0,6839.0,6498.0,67.0,2320.0,197.94,38.13,67.69,0.005,Tôi
6744.0,6237.0,6448.0,23.0,2320.0,223.81,38.56,47.06,0.005,Tôi
5353.0,5658.0,5951.0,12.0,2320.0,238.37,34.94,39.06,0.005,Tôi
1919.8474411149969,2474.7717412374,2811.0536187572293,2.098448770026942,1966.6785326946865,107.75470532074551,14.853311640611272,10.086949710486904,-0.0074817998582221,Tôi
1102.587565271459,1572.13956808798,1193.123660302237,1.0537618857270867,1965.652324212391,98.44665902896924,-6.650927128613243,15.499190750045358,-0.0200509246984553,Tôi
3.103721900245093,1.0898580119865986,1.0445391207888868,1.0243959939100262,1966.6741998667303,88.1774245166532,-35.071307709083,21.253883055943373,0.0033625285225807,Tôi
1.0667664063085045,0.0102981728144343,-0.0258758244051974,1.045057296864307,1966.7232169039444,83.46057637133472,-52.50674653146623,23.688626414913223,0.0177286144875899,Tôi
0.0416483429873925,2.0615239968697177,3.1248903520607145,-0.0223508624716105,1966.684656037285,75.43447345626727,-70.63214207717049,22.905488139424097,0.0085059035303126,Tôi
1.0575797836716296,1.0445593771651531,-0.0004388443070709,1.0439126774205103,1965.6414268431247,84.94093247514175,-79.68482281269945,2.605159055135276,0.0204349484254527,Tôi
0.998328088183611,0.005702003048059,2.0564916485653564,1.0678315561126843,1966.6754296074364,85.83891521011381,-77.81590278730756,12.244994758911169,0.0078380823397602,Tôi
0.0223319031397601,-0.0073007346470925,2.069808278603549,2.089680849738499,1965.6962933345512,87.99186578609466,-79.14088256157521,24.015317612770176,0.0288719318314671,Tôi
1.008484333389427,-0.0456489549887404,1.0228515080168972,-0.0007759332394481,1965.6454385111524,87.1947555258269,-80.50870476021412,27.947054226780853,0.0208121873251006,Tôi
4.165938275914344,2.089467046097328,2.0717855189635217,2.090893000216945,1966.6984155806224,81.75258975835237,-81.6658731828832,28.483643713745582,0.0255799309398415,Tôi
-0.0005798611292328,-0.0255025281941396,3.100941910928449,2.0822959363195914,1966.706710489726,79.97620307967952,-80.49905972359862,26.80597290154198,0.0455314125054602,Tôi
1.01798243643971,0.0093509786677863,2.086842219108854,2.044297409433152,1965.627153749804,79.03860850060201,-80.08771353479126,26.79173659930088,-0.0088988825348128,Tôi
-0.022232400137036,1.0419082107740636,2.0491843148875173,1.0586519076690188,1966.709473896993,77.5232191600525,-79.72730115739412,28.09113066998456,-0.0003718755404777,Tôi
1.0157332685117604,1.0080645122779734,1.068405981647691,2614.294686874572,1965.6438376231129,73.35382154062594,-77.89698707499991,27.73468269925759,-0.0001366204512937,Tôi
6.235835973399816,0.9864623206797818,1.045438909538876,2604.901121819982,1966.688327459193,70.35180449260723,-78.39400535976974,16.247844477744106,0.0189331078693207,Tôi
1.0574984367585816,2.0396781543386893,1.0332385516809386,22.94233918338997,1966.658893507336,69.60146231480938,-76.97741161406988,10.563778299220768,-0.0001825024736565,Tôi
1.0424147094068748,947.4332258721464,2575.741823719839,1.0457949279590306,1965.6658865536965,52.460471969874845,-58.4490865176076,-8.40311669654079,0.0361736853388842,Tôi
3920.898633188585,6208.246373799438,9903.221193497124,2.1267183605476903,1966.708387810605,47.76523390306178,-48.56330457845722,4.976249912620398,0.0082825416964693,Tôi
2584.0601763663653,7229.600914761781,8799.624635654525,1.0425199045849691,2032.2586077406309,54.84689270080014,-40.02704076681393,27.86046572532368,-0.021945290007936,Tôi
7058.813618315484,7545.073422255307,8223.904224193031,1.0490995881146388,2115.596914438975,71.77858780257252,-29.01015439706728,61.169229474479856,0.0042887638432877,Tôi
7675.222729429542,7551.315432052479,7194.203217137208,2.0680756905815274,2282.163388307621,111.6852813073527,-3.581346421913666,84.30073883045665,0.0187033461184679,Tôi
7187.960708265493,7186.94865091885,7057.846422067538,2.083667462380531,2349.814054904816,161.24785582501082,22.036859559222965,86.75826723489467,-0.00630411665307,Tôi
7056.750352960068,7120.2570321823605,6765.232836571043,69.74156470594718,2415.4437830395404,206.0934099612506,39.6798394828684,70.47574594968927,0.0381745211885682,Tôi
7021.391722124229,6493.537504006282,6713.2072467951775,23.96409087246711,2415.432645163117,233.01616870544728,40.1148522707175,49.03807567297457,0.0124018877754313,Tôi
5573.171411635459,5890.71594962676,6195.775657569004,12.473458455176718,2415.420531962143,248.1548822344198,36.37185275364724,40.66000201075375,0.0197891756916148,Tôi
1843.9751796360329,2376.9731926615914,2700.00997641219,0.0,1888.988009953812,103.45219250581056,14.24289544819523,9.682454708979057,0.0039230765970543,Tôi
1058.9549025956678,1510.0203984427353,1146.0037313000098,1.006159271587396,1887.94318127982,94.54737891158533,-6.472191214225438,14.939202498051294,-0.0162982520159482,Tôi
3.00213362819029,0.9918215155291764,1.0104619202229448,0.9576607570780722,1889.029015339172,84.66553913981922,-33.67858426853689,20.35167754504136,-0.0024983364494492,Tôi
0.980317275481614,-0.026384547282896,0.0083230554717695,0.0,1889.0104614629304,80.18293852617421,-50.483276986667725,22.774140340484905,0.0091927353001828,Tôi
-0.0383737468880253,1.984129398226166,3.002186523892172,-0.0118906786060266,1888.995292124575,72.46403578843498,-67.78556358338251,21.96934634840636,-0.0268023781276541,Tôi
1.041830538069537,0.9944379344988424,-0.0284820129765682,1.0139648899817535,1887.9940041460147,81.57088239652941,-76.59056675814696,2.4568034440348283,0.0060011053332926,Tôi
0.9783298071866926,-0.0323593959968107,1.9871433591374985,1.0230587894872152,1888.9977100101487,82.43725840221246,-74.68876932139011,11.762634060933246,0.0129927267105341,Tôi
-0.0088340353526237,-0.0,1.9794965142994885,2.0060701982577345,1888.008654046221,84.48136919108104,-76.0096680251341,23.03750131729908,0.005642922740841,Tôi
0.9929248182063928,-0.0045395270041471,1.043311420078908,0.0075006975045307,1888.023656011172,83.7643000303554,-77.35433688650393,26.931504994579736,0.004381329519082,Tôi
4.001612833689889,1.9795786240099789,1.9746882647479669,2.024632349077796,0.0,78.50332006200156,-78.4342943963853,27.33051146544213,0.0293499810000604,Tôi
-0.0152692024532105,-0.0124174313163435,3.0432242201101074,1.9980980073409285,1889.0012501533008,76.81610889966667,-77.3544443904198,25.72612044239736,-0.0,Tôi
0.965601526724836,0.024009709885559,1.9830118744232308,2.003599633715385,1888.0063410260552,75.93846658244993,-76.96206327602191,25.71580176188484,0.0322036812095079,Tôi
-0.0,0.0,1.9707763067381072,1.006559140276879,1889.0213295246965,74.43041637061626,-76.57868655629936,0.0,-0.0147156597186557,Tôi
0.993361444055372,0.0,0.9866485026389672,2511.0222364778306,1887.9837474255417,0.0,-74.81961842045673,26.665426664573666,-0.0334592052862183,Tôi
0.0,1.0167046035856735,1.0147467688532368,0.0,1888.989295375468,67.57233828110031,-75.3034795433064,15.636176133478624,0.0017545427180422,Tôi
1.0169820937511405,1.9948639568349424,1.0172643337749625,21.99655960520872,1888.9721932387044,0.0,-73.92669527185576,10.164928489711022,0.0098122130320494,Tôi
0.0,909.9913013328826,0.0,0.9684299695753548,1888.0257825297504,50.388218603306,-56.13211022365849,-8.050510126685348,-0.0074465482382426,Tôi
3765.98537188466,0.0,9512.008039388133,0.0,1888.9877196499388,45.85786143148653,-46.64515571009672,4.72503555971967,-0.0110330466683717,Tôi
0.0,6943.987993080225,8451.992387692817,1.004637841127724,0.0,52.68509109345754,-0.0,26.744997705114766,0.0562314557407342,Tôi
6779.983326148223,7247.012106137997,7898.99811453315,1.0230435510102598,2031.997436355196,0.0,-27.887271566828545,58.75608794555787,-0.0100937859062623,Tôi
7371.982868324503,7252.997536119147,6909.999794717096,1.9741575461570096,2192.0153042867,107.25624192008895,-3.45076144458402,80.99675014986873,0.0561426604809564,Tôi
6903.989512487791,6903.033307511741,6778.9692377203255,1.9750061477319825,2257.042428758171,154.87144903454714,21.219227095762275,83.30507661695759,0.0036305463982445,Tôi
6777.987074835121,6839.0216067798565,6497.993803779703,67.00427419839934,2319.9860716651183,197.9262046959976,38.12836406094735,67.66729863190207,-0.0115503233512428,Tôi
6744.017072529538,6236.9903270520535,6448.007117806829,23.02876167155038,2320.000042752861,223.80443605152564,38.56348543932514,47.0797115855902,0.0377536480980213,Tôi
5352.997918381481,5657.971401160407,5950.971875223254,12.009088765115967,2320.0477896427,238.391314994728,34.989708162271306,39.04191807713561,0.0461320342277961,Tôi
2.915601685572206,0.9759267831286976,0.9603770421674503,0.9858409844705944,1844.813039235456,82.68654808432846,-32.89737674248729,19.90140392626995,0.0230141186491921,Tôi
1.0049524545740782,0.0264347378383931,0.0078791851414794,0.9899205179813676,1844.802083687535,78.34336440494567,-49.235050535214064,22.19639036124921,0.0145961341693839,Tôi
-0.001899141052284,1.9201964290897104,2.9165529209650782,-0.0178483160008611,1844.8309854946149,70.7470699070854,-66.22569257366793,21.49947490517919,0.023732266495147,Tôi
1.0050474697401182,0.9884279980972884,0.0153303269957759,0.992510004588709,1843.8762165996504,79.6270765648542,-74.80522818324089,2.4594589512102094,-0.0017141583126567,Tôi
0.962467226432518,0.0229444466766274,1.9415790420019965,1.0146998796352054,1844.818447783054,80.49486414081298,-72.96286312682203,11.468142438045405,-0.009948034485282,Tôi
-0.0338093198941167,-0.0080116048819303,1.9754651882632936,1.9696915652351257,1843.817149368464,82.53603620294933,-74.24517680577569,22.54145847045379,-0.0226035374185647,Tôi
0.983352322924952,0.0014805320493519,1.0064344513667391,0.0169005003828573,1843.824599543619,81.76370887548127,-75.57637287204284,26.25725673402106,0.0164671829200773,Tôi
3.9179968094691535,1.9735965865706804,1.95893022263975,1.9522550831280463,1844.785484410972,76.6474545402863,-76.57945905571935,26.67535838502864,0.0218774035871598,Tôi
-0.015196851797866,0.0335956922756142,2.9323517056096104,1.986124626975765,1844.8267982404857,74.98947035604948,-75.47922513192346,25.16416085199623,-0.0021260991124052,Tôi
0.9709747943604868,0.0196616721494566,1.9701780860104707,1.965716166509816,1843.8513572131592,74.17904722090009,-75.16075182131574,25.06715881797001,8.02243950982793e-05,Tôi
-0.0104343996809521,0.9509766607694716,1.95898394608864,0.9912384996253196,1844.8045800465527,72.68359919013189,-74.75502838378272,26.36595884231198,0.0054623435745545,Tôi
0.9549203798490392,0.9820033156070588,0.979943612662724,2452.2563114233526,1843.849221944796,68.76988196453162,-73.06301696334857,25.98579289367036,0.0150535854177625,Tôi
5.86728236798692,0.9750630082745396,0.9865946573164032,2443.4674612700364,1844.8320009509885,65.98168718014729,-73.55612644258417,15.273183778683032,0.0206587394296844,Tôi
0.9638117942278456,1.9326526567391995,0.968051840229366,21.46874138650093,1844.80845831725,65.30261603933548,-72.22189395248695,9.858245579638783,0.0300908974375129,Tôi
0.9579012466817556,888.6993243421493,2416.155927576959,0.9742005483360452,1843.820233251743,49.199254369140206,-54.78741161017117,-7.891313259291979,0.0285323642355287,Tôi
3677.9173727178095,5823.494099393766,9289.523988059134,1.9868314007259096,1844.820019779168,44.801582991489184,-45.50012156082969,4.615572541657845,0.0227497340929018,Tôi
2423.954102353164,6781.556105014435,8254.221259333248,0.9401451378469184,1906.3696265331328,51.44577660317679,-37.53748963293058,26.124197445142453,0.0084274157462679,Tôi
6621.403069944365,7077.485006763761,7714.186774603789,0.9652710484619644,1984.4788886732813,67.34451476102825,-27.201124900870425,57.38061351270338,0.02763434247082,Tôi
7199.566570510233,7083.34568843699,6748.345762573171,1.9604651000641908,2140.728704223123,104.74399359859876,-3.350698261333419,79.10182319102704,0.0106705166682878,Tôi
6742.501441687348,6741.513184971322,6620.412029031953,1.9115288328289293,2204.209171032196,151.2436980382968,20.677901982712303,81.38893838148172,0.0169582382943952,Tôi
6619.405713880747,6679.009328707789,6345.987965858516,65.44947017225645,2265.7482703666165,193.3200163852552,37.215130975127344,66.11904358519764,0.0107119350848413,Tôi
6586.251512992332,6091.084940631737,6297.176734787084,22.507619075004584,2265.716469262406,218.5507215229169,37.66240513433181,45.93297366144639,0.0202831228734358,Tôi
5227.756666124788,5525.653688563831,5811.761119677242,11.755792477168416,2265.710273811243,232.7782393502302,34.12186530891729,38.13012205816023,0.0353849381602643,Tôi
1800.8575594537897,2321.410496620506,2636.848940873769,1.932338126688487,1844.8554329900253,101.04620987688251,13.875412457667103,9.45653544145496,0.012461453818539,Tôi
1034.231585545915,1474.6662600617346,1119.220139806464,0.9792346011161308,1843.8657244757208,92.34370243258014,-6.261766988972028,14.5685024165057,0.0083494530410593,Tôi
4966.8782877060285,5249.854888495936,5521.764886667593,11.105722001159696,2152.663020638986,221.19074374457253,32.44632627342773,36.24169718456997,0.0357576487469665,Tôi
1710.9666486945662,2205.544285668188,2505.2774166460936,1.855946964441069,1752.7393249199563,96.03843412334366,13.23444063019734,9.011835912200874,0.0060986935018491,Tôi
982.609347300731,1401.0673739201466,1063.3237492885776,0.9227019870898606,1751.795862836491,87.74388820440069,-5.999927756039988,13.84038355445676,0.0144588171039659,Tôi
2.759574841645887,0.9256117091116411,0.935285257078178,0.9005718726762932,1752.7659454993634,78.53870566587344,-31.31949138958481,18.89286105041081,-0.0017037425246752,Tôi
0.9147650224841748,-0.0090851977129282,-0.0160117062626614,0.939326558053982,1752.7705116072443,74.4484143285624,-46.83140177771156,21.08476714189759,0.0401938503546452,Tôi
0.0119407398354465,1.8572446188657528,2.7846313791123904,0.0250505159675617,1752.758331788221,67.20194246222279,-62.93768523024839,20.446535384264227,-0.0219441138466082,Tôi
0.91739056179941,0.9101515683881416,-0.0142157018824473,0.9473851345192256,1751.7953568202229,75.70860816093774,-71.05070971864029,2.3167292605039185,-0.0113480276028646,Tôi
0.8902858929632174,-0.0349251516136022,1.8434996065317584,0.9113825091695588,1752.7504517471052,76.50893321920671,-69.2902623015238,10.875044069322447,0.0046942568886408,Tôi
-0.0244389401225888,0.0049780368188593,1.8493932634744927,1.8685302836140776,1751.8450920928994,78.40291209480354,-70.49597102700638,21.407212673778982,0.0271933295793925,Tôi
0.9466004104661722,0.0070071178891251,0.947435438786685,-0.0042114056760675,1751.827495897709,77.71277930821526,-71.75188907880984,24.914669578495666,-0.0030852804978664,Tôi
3.702409199569832,1.875898764674811,1.8545293662851887,1.8832082032283608,1752.7664675133672,72.82061580783554,-72.80155546148727,25.38667348673602,0.0272767145961153,Tôi
-0.0328055177991654,0.0255986781407061,2.7679510386640644,1.836374006892432,1752.7771033000058,71.2822664077341,-71.73420065098469,23.91054918400046,-0.0004079301517642,Tôi
0.93969382487563,-0.0216872140454739,1.88313897498795,1.8582465116416889,1751.8270610347547,70.43589463529966,-71.39261634726857,23.839462887679364,-0.0115838457221244,Tôi
-0.0015851124489041,0.9329175601273506,1.9003650266237897,0.9235209373552444,1752.7351668258773,69.05416107158266,-71.02794270900667,25.05742617788959,-0.0026164069493368,Tôi
0.9377079079896238,0.928289993801535,0.9126257015877988,2329.8406555134943,1751.8161188216338,65.41018310735546,-69.40177735814326,24.71565659479326,0.0008620303753509,Tôi
5.594793268987006,0.909344697106844,0.9375291274886052,2321.5141612291163,1752.7489228596835,62.69532227613378,-69.88222795251701,14.491332020195186,-0.0061785187340743,Tôi
0.9245096716780042,1.8813476981897577,0.9397204966639536,20.41165662845114,1752.7102218054888,62.07442913907712,-68.628097598015,9.406646297164947,-0.00246093717153,Tôi
0.9116688242706342,844.386484936999,2295.5544620772066,0.9405953997938428,1751.7920919918624,46.72733508532372,-52.0707671850126,-7.499646078918526,0.0172426264113899,Tôi
3494.391131214738,5532.890781635383,8825.902860422277,1.8539093546194327,1752.7019459647984,42.5715831283092,-43.272758636238976,4.417264425004511,0.0132321884865019,Tôi
2302.973792601331,6443.133025063835,7842.361695340865,0.9205601293078244,1811.171530186256,48.90597864162925,-35.70610554105264,24.826936636834148,-0.0064541972892139,Tôi
6290.967198248468,6724.244025049425,7329.257102254645,0.9221610127585907,1885.427634801677,63.96245703528347,-25.8771682439014,54.50011036959298,0.0036809104020294,Tôi
6840.273445766759,6729.865114130771,6411.570714812561,1.841677842417653,2033.8953422006368,99.55228935075004,-3.139207752005007,75.15592570520954,-0.0127271889833867,Tôi
6406.024454036537,6405.07904549134,6290.056879858675,1.8378381817550296,2094.1871045798925,143.7135836006983,19.662620931668283,77.31855855289358,0.0181087230400665,Tôi
6289.147090527385,6345.709562140712,6029.299810990078,62.15545452283075,2152.6750578460087,183.67459559044568,35.38288718979557,62.78927152655635,0.008466280107166,Tôi
6257.571569258882,5787.144006403613,5982.895163801525,21.354839101898,2152.673350898741,207.70413045969343,35.77196093065722,43.68932723912194,0.035703039152869,Tôi
5588.0,5099.0,5239.0,169.0,2353.0,246.31,32.88,36.88,0.152,Tôi
5470.0,5302.0,5369.0,27.0,2304.0,250.5,29.69,36.44,0.026,Tôi
5142.0,4982.0,4331.0,919.0,2320.0,255.37,28.69,37.88,0.08,Tôi
5432.0,4683.0,3839.0,437.0,2352.0,255.31,25.44,36.75,0.167,Tôi
5137.0,4670.0,3724.0,741.0,2353.0,253.25,20.19,33.69,0.009,Tôi
5242.0,4430.0,3989.0,475.0,2353.0,253.69,19.0,32.81,0.005,Tôi
4695.0,4130.0,4067.0,45.0,2224.0,254.06,19.94,34.25,0.004,Tôi
4393.0,4117.0,3937.0,442.0,2113.0,252.69,21.87,34.88,0.008,Tôi
3993.0,3992.0,3113.0,22.0,2129.0,249.56,24.87,34.0,0.056,Tôi
3827.0,3540.0,2985.0,1.0,2080.0,238.44,29.44,33.13,0.004,Tôi
988.0,3607.0,3191.0,2.0,2001.0,208.19,33.56,37.38,0.029,Tôi
157.0,3057.0,1912.0,0.0,1888.0,171.44,29.06,30.25,0.025,Tôi
1.0,1528.0,6.0,92.0,1888.0,150.62,15.06,15.75,0.022,Tôi
10.0,1.0,0.0,232.0,1888.0,135.94,3.75,9.75,0.03,Tôi
-1.0,471.0,4.0,164.0,1888.0,124.37,-8.81,9.63,0.034,Tôi
79.0,140.0,4.0,492.0,1888.0,116.25,-21.75,10.13,0.027,Tôi
343.0,294.0,2.0,164.0,1888.0,110.31,-31.0,12.44,0.013,Tôi
1.0,127.0,87.0,16.0,1889.0,105.12,-39.56,14.31,0.015,Tôi
0.0,1.0,1.0,13.0,1889.0,99.0,-46.63,18.19,0.011,Tôi
0.0,1.0,2.0,18.0,1888.0,91.75,-53.56,22.25,0.007,Tôi
2.0,1.0,0.0,15.0,1889.0,87.19,-61.5,23.31,0.007,Tôi
0.0,0.0,1.0,2.0,1889.0,83.69,-68.5,20.31,0.005,Tôi
0.0,1.0,1.0,0.0,1888.0,91.19,-70.0,12.5,0.005,Tôi
0.0,2.0,1.0,8.0,1888.0,92.06,-70.06,8.38,0.006,Tôi
1.0,0.0,2.0,1.0,1889.0,92.94,-70.81,8.13,0.01,Tôi
6042.915266165012,5514.104670400528,5665.503371655514,182.78164031794665,2544.585489581196,266.368785960035,35.59012949894334,39.86898145045376,0.0,Tôi
5915.334678276926,5733.643666414749,0.0,29.21971881772302,2491.5080581680995,270.8996538293453,32.14209637984575,39.397443934863006,0.0,Tôi
5560.631691254074,5387.616384919839,4683.626981068149,993.7892287003738,2508.880561105122,276.15772576087966,31.03572693760863,40.9911360140241,0.1074950417958309,Tôi
5874.249136753434,5064.270434085563,4151.500231998038,472.55280496441344,2543.4858304887057,276.0943522498377,27.49303860662122,0.0,0.1885377597033457,Tôi
0.0,5050.144062195463,4027.139946875253,801.2877937634199,2544.5749739822045,273.9061465879782,21.8353396170247,36.3981764113345,-0.0323142365277288,Tôi
5668.746895471641,4790.659183814026,4313.718824077456,513.6496440245696,2544.600469961579,274.34072517518484,20.552798615032675,35.4757280125,-0.0005930856973702,Tôi
5077.198819759646,4466.247312352987,4398.117180763348,48.67994889468812,2405.006060467948,0.0,21.583159035088524,36.98534377673964,0.0194580758150922,Tôi
4750.64273187659,4452.189712500706,4257.530180146436,478.0146390823548,2285.0196616664066,273.2485858979111,23.639676730773186,37.7162732721936,0.0311986106141424,Tôi
4318.047669304156,4317.013105447565,3366.436367814496,23.789892645367164,2302.337541340875,269.8903084755991,26.88584292489932,36.76212927894781,0.0454541049727575,Tôi
4138.596466478447,3828.18139659184,3227.999661819204,1.0902669410981207,0.0,257.8179175442956,31.806982847875474,35.844985468207504,-0.0064548670704491,Tôi
1068.408784830813,3900.630726202605,0.0,2.165379546179256,2163.916245350816,0.0,36.273629784616745,40.38752138258775,0.0460728678350174,Tôi
169.7576906785929,3305.8780714102622,2067.6742701731805,0.022144370741254,2041.7131983307345,185.4091876606149,31.44933912390451,32.73349360056646,0.0087280141566032,Tôi
1.0667787382034928,1652.3846153867942,6.467967291452956,99.48089730786138,2041.7097832550648,162.88672146654153,0.0,17.031165917248035,-0.0185968476213002,Tôi
10.875660547113815,1.1076610593712304,0.0110975384301696,250.88438222747388,2041.6976361122504,147.0196872682819,4.055699780593249,0.0,0.0435053926987157,Tôi
-1.07842995854334,509.3355760333138,4.350449293147656,177.31794907205352,2041.713150610188,134.47390667432325,-9.55781044503962,10.38627537026183,0.0836343704044184,Tôi
85.43496740550627,151.38655656599687,0.0,532.0143338983287,2041.769825909379,125.75452893953296,-23.47176093265105,10.94996596250527,0.067627475968378,Tôi
370.893424783678,317.921023952748,2.175219792072665,177.30427182247524,0.0,119.2846804826426,-33.53881493413004,13.47637211966531,0.0121363852991198,Tôi
1.0832677193174156,137.3269699422297,94.08929675320776,17.2979776681377,2042.7903213197808,113.64497877099711,-42.78612110220261,15.500184904471084,0.036016412729328,Tôi
0.0155971352227475,1.0681511058089428,1.0454395700040289,14.067333140007763,2042.8124726320304,107.07193142450892,-50.435012791053694,19.638439108574584,0.0268103880584852,Tôi
-0.0109989115997287,1.0764970159275051,2.173663060109186,19.520803031975685,2041.7196564469564,99.24202209348157,-57.89070916305501,24.104884985233408,0.0269374448204126,Tôi
2.143823229896149,1.0665444814681224,0.0255822278176852,16.206168886023672,2042.7475480554967,94.2964729676848,-66.51625063393325,25.226299488007225,-0.0049181680871549,Tôi
0.0181504385172775,-0.0135501507701377,1.0935634487940629,2.1796311921129528,2042.784923036617,90.541891570406,-74.0356173437559,21.95210674984058,0.0224788984317987,Tôi
-0.0054194570027849,1.0732214680947196,1.069926132032589,-0.0197549978649997,2041.7260165999849,98.60024730277112,-75.73488009637643,13.535381890195447,0.0325793217689363,Tôi
0.0080553750636307,0.0,1.077048037075064,8.679216405674078,2041.7208599298228,99.55657451740451,-75.81027595677095,9.078334695361022,0.0238685644510848,Tôi
1.1092213708095504,0.0,0.0,1.0491676298771175,2042.829266780829,100.49720475269176,-76.56561650998502,8.791927859233633,-0.007532078032512,Tôi
5588.0,5099.0,5239.0,169.0,2353.0,246.31,32.88,36.88,0.152,Tôi
5470.0,5302.0,5369.0,27.0,2304.0,250.5,29.69,36.44,0.026,Tôi
5142.0,4982.0,4331.0,919.0,2320.0,255.37,28.69,37.88,0.08,Tôi
5432.0,4683.0,3839.0,437.0,2352.0,255.31,25.44,36.75,0.167,Tôi
5137.0,4670.0,3724.0,741.0,2353.0,253.25,20.19,33.69,0.009,Tôi
5242.0,4430.0,3989.0,475.0,2353.0,253.69,19.0,32.81,0.005,Tôi
4695.0,4130.0,4067.0,45.0,2224.0,254.06,19.94,34.25,0.004,Tôi
4393.0,4117.0,3937.0,442.0,2113.0,252.69,21.87,34.88,0.008,Tôi
3993.0,3992.0,3113.0,22.0,2129.0,249.56,24.87,34.0,0.056,Tôi
3827.0,3540.0,2985.0,1.0,2080.0,238.44,29.44,33.13,0.004,Tôi
988.0,3607.0,3191.0,2.0,2001.0,208.19,33.56,37.38,0.029,Tôi
157.0,3057.0,1912.0,0.0,1888.0,171.44,29.06,30.25,0.025,Tôi
1.0,1528.0,6.0,92.0,1888.0,150.62,15.06,15.75,0.022,Tôi
10.0,1.0,0.0,232.0,1888.0,135.94,3.75,9.75,0.03,Tôi
-1.0,471.0,4.0,164.0,1888.0,124.37,-8.81,9.63,0.034,Tôi
79.0,140.0,4.0,492.0,1888.0,116.25,-21.75,10.13,0.027,Tôi
343.0,294.0,2.0,164.0,1888.0,110.31,-31.0,12.44,0.013,Tôi
1.0,127.0,87.0,16.0,1889.0,105.12,-39.56,14.31,0.015,Tôi
0.0,1.0,1.0,13.0,1889.0,99.0,-46.63,18.19,0.011,Tôi
0.0,1.0,2.0,18.0,1888.0,91.75,-53.56,22.25,0.007,Tôi
2.0,1.0,0.0,15.0,1889.0,87.19,-61.5,23.31,0.007,Tôi
0.0,0.0,1.0,2.0,1889.0,83.69,-68.5,20.31,0.005,Tôi
0.0,1.0,1.0,0.0,1888.0,91.19,-70.0,12.5,0.005,Tôi
0.0,2.0,1.0,8.0,1888.0,92.06,-70.06,8.38,0.006,Tôi
1.0,0.0,2.0,1.0,1889.0,92.94,-70.81,8.13,0.01,Tôi
5588.0237838172,5099.035526433716,5238.986155457727,169.00953210834462,2352.978972109784,246.3362369165445,32.89489776474307,36.86027020032003,0.1445779232329753,Tôi
5469.968795700807,5301.9583978187975,5369.022604695391,27.03693768297095,2304.0010629778058,250.52897963184827,29.66281245956466,36.42933039667547,-0.0149096590107663,Tôi
5142.03432292389,4982.0088119323,4330.993029102555,918.9864636245844,2320.0157996921857,255.37801641276104,28.65625932464378,37.87340430829818,0.034114535378369,Tôi
5432.030846079771,4682.98108779104,3839.0331738932255,436.9739161957199,2351.99920818842,255.28755780266405,25.479886231304068,36.7594783737846,0.1613352886089652,Tôi
5137.0053800571695,4669.965233268924,3723.983467383698,740.9506551559042,2352.988054972978,253.2821904436929,20.164795314011,33.712764238149724,0.0405077991420043,Tôi
5241.964919727746,4430.014542981317,3988.987952764048,474.9856935974845,2353.018033792261,253.67046293860315,18.99569406310832,32.78133444253065,-0.0167479135527115,Tôi
4694.999005454452,4130.005090219024,4067.006417229624,44.99155697835445,2223.980338351411,254.04574343780573,19.91243292193159,34.26861853386463,-0.0288882403316505,Tôi
4393.02791797425,4116.987709509938,3937.0168373864367,442.0419033652345,2113.0090962586937,252.70087507994492,21.85284916427996,34.885293337051216,0.0356970753805293,Tôi
3992.980218111044,3992.011531971455,3112.9927277568017,21.998198945424857,2129.014686520261,249.5668289739572,24.89739545857697,34.0059999805891,0.0356040935271553,Tôi
3827.012144118981,3539.999268706871,2985.016710172075,1.0082243792940095,2080.019128151646,238.4330163230542,29.434820205463737,33.135293434270466,-0.0264972070461272,Tôi
988.0152356607632,3607.0064400222855,3190.991968454948,2.0113228688227816,2000.9883623100384,208.2305109271049,33.55933386701159,37.36142428896933,0.0451956629511867,Tôi
157.02973061567604,3057.0162986681626,1912.002675154438,-0.0101709158809381,1887.9918322154167,171.45364052457313,29.024366214030483,30.25340068465656,0.0405210081551278,Tôi
0.9836447884474276,1528.009666005845,5.964844360702261,92.01973116960887,1887.999081147964,150.6313256434711,15.043000254854675,15.757430295132524,0.0168419199529115,Tôi
9.998366657862348,0.9931270376989652,0.0156333212346345,232.0035217122777,1888.025464051373,135.9815823972102,3.741342583914773,9.756140738063808,0.0011266014727146,Tôi
-1.0003879008045582,471.0149872524561,4.006364796989171,163.9881601095654,1888.0061650042248,124.38485730708238,-8.803335321138839,9.580764149399393,0.0340232101209413,Tôi
79.00346003619607,140.0000112583378,4.012441829142145,492.031717478729,1887.980339301088,116.2657148821711,-21.76918803619799,10.115108693355191,0.0289369786174277,Tôi
343.0115841231373,293.99610295990846,1.997917208375091,163.96760258841212,1888.0240163182164,110.30023833517258,-31.00261410920637,12.428842740381384,0.0215247154648525,Tôi
0.9958695903256924,126.97546801207102,87.01294247611756,15.971514498929348,1889.010961807388,105.0981736041492,-39.52494376708457,14.31268121551568,0.0423759440785017,Tôi
0.0120325971750658,1.0243399183264903,1.0058097838798687,12.998760334891578,1889.054234136529,98.97527565859065,-46.63224174758315,18.17259831088204,-0.036598232315457,Tôi
-0.0318541253399788,1.007305620634812,2.0260930580000456,18.01315376737469,1888.0125025062484,91.75921161990274,-53.54410971714505,22.24361125032344,-0.0170373818866787,Tôi
2.008475614935192,1.0051121376949923,0.0017819838936547,14.984497598429185,1889.0358392506664,87.20075357380821,-61.47287810432154,23.32030007149085,0.0215570952857701,Tôi
-0.0073623818432339,0.0141221527547184,0.9909273069714144,2.0231748633492224,1888.9784575369804,83.67790139495523,-68.51239258309575,20.3193306783606,-0.0108138189657856,Tôi
-0.0228874752072474,1.0023449444183767,0.9705000296551826,0.0323190943107872,1888.010401403748,91.17927346428549,-69.9687518535892,12.502291388895136,0.0264352603164192,Tôi
0.019741394647107,1.9848102069509344,0.9801155690558576,8.003872860764607,1888.021797295376,92.03218919362334,-70.05141301968558,8.398207213987153,-0.0096445125476361,Tôi
0.975221260632342,-0.0090932087706966,1.972742733926081,0.9868430722366,1888.992498292882,92.95790219726712,-70.79566454107629,8.126016826659981,0.0063962133505346,Tôi
5588.0,5099.0,5239.0,169.0,2353.0,246.31,32.88,36.88,0.152,Tôi
0.0,5302.0,5369.0,27.0,2304.0,250.5,29.69,0.0,0.026,Tôi
5142.0,4982.0,4331.0,919.0,2320.0,255.37,28.69,37.88,0.08,Tôi
5432.0,4683.0,3839.0,437.0,0.0,255.31,25.44,36.75,0.0,Tôi
5137.0,0.0,3724.0,741.0,2353.0,253.25,20.19,33.69,0.009,Tôi
5242.0,4430.0,0.0,475.0,2353.0,253.69,19.0,0.0,0.005,Tôi
4695.0,4130.0,4067.0,45.0,2224.0,254.06,19.94,34.25,0.004,Tôi
4393.0,4117.0,3937.0,442.0,2113.0,252.69,0.0,34.88,0.008,Tôi
3993.0,3992.0,3113.0,22.0,2129.0,249.56,24.87,0.0,0.0,Tôi
0.0,3540.0,2985.0,1.0,2080.0,238.44,29.44,33.13,0.004,Tôi
988.0,3607.0,3191.0,2.0,2001.0,208.19,33.56,37.38,0.029,Tôi
157.0,3057.0,1912.0,0.0,1888.0,171.44,29.06,30.25,0.025,Tôi
1.0,1528.0,6.0,92.0,1888.0,150.62,15.06,15.75,0.022,Tôi
10.0,1.0,0.0,232.0,1888.0,135.94,3.75,9.75,0.03,Tôi
-1.0,471.0,4.0,164.0,1888.0,124.37,-8.81,9.63,0.0,Tôi
79.0,140.0,4.0,492.0,1888.0,116.25,-21.75,10.13,0.027,Tôi
343.0,294.0,2.0,164.0,1888.0,110.31,-31.0,12.44,0.013,Tôi
1.0,127.0,87.0,16.0,1889.0,105.12,-39.56,0.0,0.015,Tôi
0.0,1.0,0.0,13.0,0.0,99.0,-46.63,18.19,0.0,Tôi
0.0,0.0,2.0,18.0,1888.0,91.75,-53.56,22.25,0.0,Tôi
0.0,1.0,0.0,15.0,1889.0,87.19,-61.5,23.31,0.007,Tôi
0.0,0.0,1.0,2.0,0.0,83.69,-68.5,20.31,0.005,Tôi
0.0,1.0,1.0,0.0,1888.0,91.19,-70.0,12.5,0.005,Tôi
0.0,2.0,1.0,8.0,1888.0,92.06,-70.06,8.38,0.006,Tôi
1.0,0.0,2.0,1.0,1889.0,92.94,-70.81,0.0,0.01,Tôi
1.0,1.0,2.0,1.0,1888.0,89.5,-71.62,6.62,0.005,Tôi
0.0,0.0,2.0,-1.0,1888.0,88.12,-70.62,5.12,0.007,Tôi
2.0,2.0,2.0,1.0,1889.0,91.69,-70.75,3.87,0.013,Tôi
0.0,1.0,1.0,1.0,1888.0,91.75,-70.25,3.0,0.022,Tôi
1.0,0.0,1.0,0.0,1888.0,93.37,-68.25,3.56,0.009,Tôi
0.0,0.0,1.0,0.0,1889.0,94.12,-68.62,5.75,0.044,Tôi
1.0,1.0,0.0,1.0,1888.0,92.81,-68.62,5.69,0.005,Tôi
1.0,2.0,-1.0,2.0,1888.0,92.62,-68.56,5.94,0.005,Tôi
1.0,1.0,1.0,3.0,1888.0,93.0,-67.69,6.31,0.006,Tôi
1.0,0.0,1.0,2.0,1889.0,93.0,-66.25,7.94,0.005,Tôi
0.0,1.0,1.0,2.0,1889.0,93.44,-66.5,8.25,0.004,Tôi
2.0,1.0,0.0,2.0,1888.0,93.12,-66.37,8.38,0.004,Tôi
1.0,1.0,1.0,2.0,1889.0,93.25,-66.5,8.44,0.005,Tôi
0.0,0.0,0.0,2.0,1889.0,93.56,-66.37,8.63,0.005,Tôi
1.0,1.0,1.0,1.0,1888.0,93.25,-66.0,8.69,0.004,Tôi
0.0,3.0,2.0,0.0,1889.0,93.19,-66.06,8.81,0.006,Tôi
1.0,0.0,2.0,1.0,1888.0,92.75,-66.0,8.94,0.003,Tôi
1.0,2.0,1.0,2.0,1888.0,92.62,-66.19,8.69,0.045,Tôi
2.0,1.0,1.0,1.0,1889.0,92.25,-66.06,8.69,0.085,Tôi
0.0,2.0,0.0,1.0,1889.0,92.81,-65.69,9.5,0.045,Tôi
1.0,1.0,0.0,1.0,1889.0,92.62,-66.37,8.94,0.081,Tôi
1.0,0.0,0.0,1.0,1888.0,91.87,-66.37,8.19,0.08,Tôi
0.0,0.0,2.0,3.0,1889.0,91.81,-66.12,8.13,0.108,Tôi
-1.0,1.0,2.0,2.0,1888.0,91.87,-65.94,8.13,0.062,Tôi
2.0,0.0,3.0,-1.0,1889.0,91.75,-66.25,8.56,0.137,Tôi
0.936558803861016,0.9726866155098592,1.9676645549644285,0.9567751589047412,1834.922394870977,87.01934455035254,-69.62489215328971,6.442106308020869,0.0127779403826665,Tôi
0.0255889554456752,0.0292909293138347,1.9630987598703271,-0.9620548090802946,1834.908781946575,85.63068836326963,-68.63286792104977,4.937968129505098,0.0226397185321806,Tôi
1.924512840083905,1.923077613476228,1.9447048504445608,0.9597634524312212,1835.897225613079,89.14035407283352,-68.77713903970705,3.753942332471559,-0.0022391327476794,Tôi
-0.0193389277463803,0.9769166991714736,0.9778921664732876,0.9658476049478842,1834.8905025863808,89.18721151269285,-68.2376648924825,2.9412749436259,0.0162796509619804,Tôi
0.9680270815647,0.0049624355009314,0.9638407306737998,0.0384523491800092,1834.919173618047,90.72648703597616,-66.34124370669063,3.485855219488581,-0.005436690818677,Tôi
0.0031015454327503,0.0184464614947501,0.9729661303095134,0.0040681072177702,1835.883016012458,91.46323048260952,-66.69309637969023,5.609679523427532,0.0263339023037081,Tôi
0.9737283390780418,0.971312402275978,0.0031567616607252,0.9348964695937098,1834.8839362479443,90.18308029713764,-66.69650341423049,5.542368169374447,0.020124483942564,Tôi
0.9493810924822436,1.945553320043921,-0.9606706265989192,1.9318533459772225,1834.9165172291991,90.01546408878231,-66.62959384524186,5.794589281477252,-0.0625368454263842,Tôi
0.9855791402544049,0.9648158438189836,0.9332060946108536,2.930516002916397,1834.920038258278,90.36693688258995,-65.77608932425957,6.119436152738119,0.0235822281164141,Tôi
0.9869587868433942,-0.0077011494096868,0.9549337761836916,1.9599031368433024,1835.881327273326,90.40493889311357,-64.3676355118909,7.723959371161071,0.0306176844907075,Tôi
-0.0065719881381441,0.9782609719968216,0.9909669047824576,1.9371069206208584,1835.8803195595403,90.76221628640934,-64.67261207766971,7.99746684251403,0.0149707331187931,Tôi
1.9238228720199924,0.9693323534571,-0.0147946557107965,1.908586980727316,1834.9222969777893,90.52415352488264,-64.50789174312209,8.172406592925029,-0.0342992215016379,Tôi
0.9690627798349668,0.956396490851428,0.9889888322606232,1.982307340226308,1835.9106602860927,90.6495719221379,-64.62415521652306,8.221325343057455,-0.0074795951975788,Tôi
0.0400986584951076,-0.0001138340587016,0.019580793591874,1.9658187757753,1835.884744472689,90.93365308961576,-64.49070780607968,8.397876172058588,-0.004179381911198,Tôi
0.9610191605106342,0.9701672202856452,0.9741348282247876,0.939323869648423,1834.9035410676947,90.63107360337196,-64.09165999532591,8.436739906071494,0.0437515603670111,Tôi
0.0047070569818238,2.911551331658638,1.9681873333380304,0.0154751616691738,1835.9056772475672,90.58364956362662,-64.18674055491272,8.565414831580298,0.0362353540007399,Tôi
0.9593758124538896,0.0071173331025044,1.936569386011621,0.9427032798618588,1834.9051315633296,90.1371546327557,-64.13526929201981,8.699970890617386,0.0167415119416064,Tôi
0.9629212175821368,1.9423526837220584,0.9634944465758012,1.9381588969712749,1834.9506312710173,90.04563081439194,-64.305680542397,8.464638763354678,0.0691896768823201,Tôi
1.893765316468252,1.0051453617718689,0.9993484707231294,0.9609539713955296,1835.8906549165324,89.64761901475714,-64.18470227552906,8.426982773460818,0.0704534802130984,Tôi
0.0307626822254919,1.946637431507188,0.0073696363677374,0.9582809788600803,1835.8950953394808,90.1726637973334,-63.867037128486025,9.22592101722424,0.0379231573034298,Tôi
0.975434076939704,0.9682647087201244,-0.0045684833371747,0.9681415823099492,1835.8773741585337,90.06211219719522,-64.53236743778096,8.682955368891273,0.0802214465454563,Tôi
0.9647806513204866,-0.0218676319979901,-0.0101657796243355,0.9464510834939522,1834.8915534842763,89.31526484972953,-64.4786942596515,8.006659020160308,0.0867286390940352,Tôi
-0.0217409521626483,-0.0108657225885424,1.9286612391620657,2.9116434501530293,1835.906808894105,89.24748076243007,-64.25406599318455,7.927185194793566,0.0575475792433825,Tôi
-0.9870289447881164,0.962151134145064,1.971061870714232,1.941048126470352,1834.9508026686312,89.27741584759126,-64.07600984921609,7.900374774268633,0.0724390565770311,Tôi
1.9374857657523947,-0.018888359473637,2.908574414088928,-0.9703906578767032,1835.878384159256,89.17970305281433,-64.38144047981342,8.323324721744365,0.1199842378265709,Tôi
1.9940607043080207,1.9936630336559544,2.0214597896815154,1.015957871736772,1888.9736464499,91.69407628360624,-70.7481603806157,3.861404500630522,0.0101651393540701,Tôi
0.0022481108777415,0.9994647370720516,1.0187499558730524,1.0146772710085137,1888.0017715764093,91.742806133761,-70.28466886313811,3.000858780339398,0.0026589492539505,Tôi
0.9831221119268072,0.0448773498268164,0.9700381444271816,-0.0025224004193138,1887.9609050765068,93.31230832911926,-68.26413527711256,3.5753567467727683,0.0182093434522875,Tôi
0.037877250407783,-0.0077404339025794,1.038486565402022,-0.0117614111797734,1889.0107272596888,94.11324366684032,-68.61364839203142,5.7572066369897295,0.0529617583464544,Tôi
0.983816614054835,1.0194550184354216,0.0016409130034067,1.0081337846714111,1888.0184530321635,92.81207128284696,-68.65472878958208,5.712451263617841,0.045461869250766,Tôi
1.000521226556116,2.01768104842442,-1.0114750887121562,2.013892860556548,1887.971706149092,92.63192637536427,-68.54741427482811,5.940146314811633,0.007511789898185,Tôi
1.0150359859375389,0.9908021335319224,0.9814979028195948,3.0162000686323243,1888.0302197163696,93.00329272859406,-67.70070882510575,6.313705299960993,0.0086428690383897,Tôi
0.9845104867433144,-0.0190193936142115,0.9916697215056826,1.97329994797796,1889.0193093747337,93.045302176955,-66.25437311059008,7.968070120466967,-0.0092803375923818,Tôi
0.0294769483263805,0.989394182809612,1.0148621636792252,2.0391109998512364,1889.0072286532527,93.47174225508266,-66.49827498208782,8.21407406608543,0.0103092986586036,Tôi
1.991567630733173,0.9796168013397288,-0.0099324596863054,1.9919111166552868,1887.979662756595,93.08582440752726,-66.37744262068922,8.344357762164538,0.0007063842427223,Tôi
1.012632697378334,0.9912076429521092,1.0014449293226235,2.0250673932628,1889.012064910455,93.22896670157898,-66.52175608845468,8.444683131671392,-0.000274783342283,Tôi
-0.0229271609776206,0.0234350797963276,0.0098565125829211,1.970733761833372,1889.011284749043,93.54039236450846,-66.35030459718004,8.641306921082512,-0.0062381652780823,Tôi
0.9973599695691724,1.0257588614752813,0.9930492976000128,1.039826375777936,1888.022751884369,93.20774191465344,-65.96533696890462,8.666135394908501,0.0142412866754208,Tôi
-0.0139117559149003,2.980221290611506,2.015850618980189,0.0202968212370633,1889.0109010591104,93.1568240076448,-66.05592981050673,8.773248268543124,0.0292237805264131,Tôi
1.0029883629721577,0.0114572658715981,1.966826062725295,1.0335075430165463,1887.9998062834693,92.75286599557536,-66.03103091401789,8.961323610941221,-0.0355247863263108,Tôi
0.9712679297793816,2.0096844285171205,0.98765836677043,2.012141757693332,1888.013239195417,92.62206533175976,-66.17575475934541,8.693045208897273,0.0380539175209514,Tôi
2.0200438659449538,0.9758478907150016,1.0246098367956642,1.008688925971409,1889.0056775264609,92.28552590773153,-66.07327004400068,8.65598799986966,0.1104864312607339,Tôi
0.007915984905599,2.001420698473637,0.0198575940296861,1.0093956465887437,1889.0123326920807,92.78216993031954,-65.67665136781632,9.491671921218162,0.0449040185902097,Tôi
0.9668781314984404,0.9934573785213028,0.0300777921004739,1.0040275890070165,1888.995071062768,92.63593373449666,-66.33898744376523,8.925276928411858,0.1195418984931303,Tôi
1.018571469846713,-0.0082657266611734,0.0100465399533784,0.991564056845995,1888.0146834663008,91.83285830021484,-66.40735477585407,8.182591200439939,0.0598651689859785,Tôi
-0.0393321227243708,0.0036966688884449,2.010346017874666,3.0048108873785355,1888.975708869302,91.81287762551844,-66.12440362836135,8.133640564937009,0.1241669762015873,Tôi
-0.9923150602700704,1.002322854174507,2.008863766609782,1.994444321291988,1888.039235652897,91.89512078109853,-65.93183031755287,8.152015068195661,0.0636676734788328,Tôi
1.9857108071066127,0.0151831829449946,2.9623680829442964,-0.993802866651019,1888.969665537252,91.7552989707313,-66.23480990217746,8.574632738840602,0.1366831471718298,Tôi
1.0130065627676703,0.9833892946553304,1.993080201844342,1.0032446287779302,1888.0213628404024,89.50453933954317,-71.61697602677964,6.589491506483247,0.0012938901519498,Tôi
0.0419818071314852,-0.0215384428358636,1.9854458403650337,-0.9840147623467898,1887.9855893003823,88.10758082416585,-70.60480871118641,5.1169860044003785,-0.012077398749447,Tôi
-0.0237907158999931,0.984779787370333,1.028251567970641,0.9972744280452752,1888.0102025981369,91.7466792526967,-70.19885047935287,2.972018620720194,0.0524031062000194,Tôi
1.0043102089473834,0.015982339548698,1.0177391248891905,0.0150950547861306,1888.0126342990952,93.38602079652556,-68.26815440382845,3.554733964281411,0.0303495106655429,Tôi
0.0203887335790631,-0.0048842997778354,1.0237272156821338,-0.0173103637672962,1888.9896430635592,94.10343220836832,-68.63538005752181,5.772127431971239,0.0508413505536696,Tôi
1.0203029056090558,0.990961663130912,-0.0113663912665523,1.040941282251567,1887.992769914243,92.82026601022386,-68.65519615262234,5.678895734346237,-0.0422863143021681,Tôi
0.9856852622827376,2.0255390452750475,-1.0239076576852073,2.02897332147554,1888.007233232213,92.60167600793636,-68.58634586008884,5.9376254825089925,-0.0053396648090104,Tôi
0.994155262421982,0.9831068992404012,0.9699126626303776,2.9956962000358387,1888.0042350910023,92.99859323298818,-67.65911614617758,6.307744615063744,0.0217436861812036,Tôi
0.9782230660103034,0.0049318888810512,1.0073797469796266,2.009397398862589,1888.984720272435,93.01515875035328,-66.25581500520164,7.92928556822421,-0.0045982115760036,Tôi
-0.001842146239163,1.0045652106176235,1.007592003694603,2.0201873593201816,1889.0063259023457,93.41543761944466,-66.49366311652808,8.259888332880044,-0.0049871289729572,Tôi
2.0147987055296634,1.0162664280570717,0.00364579159756,2.0000309282227726,1888.0307798499844,93.1036672321892,-66.38626751748133,8.393816424781702,0.0013827132757995,Tôi
0.9704111044698284,1.0006034583259942,0.9876537454565414,2.005281247917013,1888.9834978693807,93.25256028582382,-66.50842339406107,8.438683876644317,-0.0025501097142209,Tôi
-0.0151414236885287,0.0222448392195051,0.0096182302310157,2.001825003832761,1889.008739442326,93.57674357563556,-66.34406876495893,8.632409639311145,-0.0261164334217546,Tôi
0.9986246216373732,0.9948714622557352,0.9926864589917976,0.9943087257197792,1887.987998468072,93.26024866169271,-66.00450785861412,8.732037601355735,-0.0001588226293869,Tôi
0.0010267461622386,3.0155512594810503,1.9761228264793915,-0.0326904014917704,1889.016031619703,93.16277720314,-66.05630825272902,8.796637875056188,0.0117670430502928,Tôi
1.018160433364512,0.0011429169321401,2.0188938659428097,0.995728987650048,1887.9719319489168,92.74618783123208,-66.03741286624654,8.977809281741822,-0.0130308439069661,Tôi
0.9754401547108448,1.9736125758983711,1.0026648149996291,1.9905999326137904,1888.005354571664,92.60411068558344,-66.18641141850145,8.69154949016635,0.0405551357207734,Tôi
1.9954467721156743,1.0000243966967253,0.9983854375128828,1.013507786152781,1888.999200452873,92.25548406470746,-66.0529120617845,8.695834542794868,0.0608576194060733,Tôi
-0.0125398466663559,2.001387284351423,-0.0013910221336317,0.9853399093658116,1889.008122234776,92.83767450737211,-65.66014449784754,9.48482072887013,0.0612082024641289,Tôi
0.99383530871197,0.9846152739625068,-0.0137256632680058,0.9929266716895764,1888.967771729212,92.6234647832622,-66.36725802163518,8.945721121686326,0.1126416647948185,Tôi
1.004887215988285,0.0025759061732312,-0.0130722965017208,0.9788754345629428,1887.999223198116,91.9041936845624,-66.37726373458203,8.179516184235926,0.1056076656029817,Tôi
0.0102922955179919,0.0115142499571875,1.9968034871813207,2.9748744577922035,1888.9912532780984,91.7930559906594,-66.11104413356523,8.12465808439132,0.0587454485627768,Tôi
-0.9923252029999546,0.967553960853032,1.9723292064523668,2.026683999851351,1887.9968239426485,91.87953852253698,-65.97288677344582,8.10783964797511,0.0430111672854773,Tôi
2.0396558617751634,0.0432433222686737,3.0143378524718,-0.9892534421321788,1889.0007322390447,91.70342857164226,-66.24375495616498,8.583315653386581,0.1164105416487726,Tôi
0.9950512671173872,0.9975055826191416,2.0084265159893264,1.022408343481866,1887.993036662604,89.49258927276871,-71.63833375402234,6.590852821194401,-0.0117296939389421,Tôi
-0.0145136766199443,0.0345084338137905,1.988211299513828,-1.0148138831394766,1888.011154739627,88.12272732585876,-70.64656876499215,5.109715975095989,0.0234697446404748,Tôi
1.9871872657590848,2.0117337356589013,2.0428613455715694,1.036049488828637,1888.981850205445,91.67209045513292,-70.7408418331622,3.86344263475514,-0.010598145624796,Tôi
2.0190224262132634,1.9890966481939003,2.009319316504657,1.0261633339419702,1888.98131562151,91.68010586387877,-70.76927783372763,3.867278204927966,0.0052883389097999,Tôi
-0.0202856049054717,1.002040144013566,1.0018176604437752,1.003614283739052,1888.0081530841253,91.74603528542124,-70.26179708342731,2.992314119061445,0.0511471414345818,Tôi
0.9982236239654824,-0.038824993045015,1.0103925600479904,-0.017786148578935,1888.0453026613627,93.37531501622092,-68.26639543976981,3.54269865136248,0.0470047406510835,Tôi
0.0042696818226206,-0.0251179639303045,0.975715909454124,-0.0173845125361288,1889.0032151106063,94.1157107129681,-68.57232177415831,5.774241130636443,0.0205231411897779,Tôi
1.0005611618126744,0.9997215439856362,-0.0094655126930691,1.0228343580431036,1887.976300881889,92.81658802765055,-68.62983443247491,5.6914901265349975,0.006417495690899,Tôi
1.0121537652259278,2.019795339230741,-0.992375523909968,2.021093451227693,1888.045803384236,92.63073636283058,-68.57320453743228,5.986394329339609,-0.0071959906844281,Tôi
0.9885410232759988,0.9885725444545602,1.0059981913199032,2.979229903511707,1888.0316345496904,92.987070528192,-67.67943584456002,6.317896839573755,0.0233294167732083,Tôi
0.9970637072647626,0.0385237731401168,1.022553862569345,1.948821036908591,1889.0150521406413,92.97895707935298,-66.23208299919817,7.937162101940159,0.0080864586500926,Tôi
0.0051980401364251,1.002173655018815,1.0042652541311723,2.0404125625702334,1888.9631038130472,93.42877726560452,-66.52646563885199,8.275870121852323,0.0127100173172276,Tôi
1.96800425533106,0.9962249544427646,-0.0224109848731221,2.01480772408506,1888.01179652923,93.11293537121875,-66.34316107545517,8.386504930526774,-0.0031770929253506,Tôi
1.0232670632862662,0.9885327630283984,1.0146865873879491,2.0004830233873023,1888.969880539005,93.27416270617398,-66.53653546886626,8.46929562676204,0.0208467133266113,Tôi
0.0292603452169167,0.019723643614262,-0.0612959820995533,1.983466730436368,1888.9723201770528,93.522364576719,-66.33360806509474,8.621654206967293,0.0173254627831667,Tôi
0.9849291119397016,0.9940543315250536,0.9690375389231124,1.001284436545399,1888.0130376685609,93.28081487855228,-66.0066535182476,8.665199077474876,0.0225027283052824,Tôi
-0.020535852922251,2.989690472044975,2.0284806608162085,-0.0098697190752188,1888.983461155492,93.18422466401248,-66.09314999160425,8.8257596466236,0.0549303014009431,Tôi
1.0131307440753778,0.0260158613461846,2.001817800633973,0.9650403569606624,1887.987496328424,92.7320158952864,-66.01031236226532,8.946040213431548,0.0160197419082775,Tôi
1.0190594954213186,2.0046747316783664,1.0003714830688069,1.9968010833922671,1887.9635479410888,92.64312537760064,-66.1812899992466,8.689118534992906,0.0497810656181192,Tôi
2.0376420157051287,0.9938327705168684,0.9937535017465832,1.0283652564444363,1889.0252164711187,92.24144036849005,-66.03704584444115,8.697056044353591,0.1072014188432718,Tôi
-0.0242177795188606,2.0297273294789817,-0.0141774238813684,0.9980219554751598,1889.018916099392,92.82276359088873,-65.69797756859309,9.512874347133042,0.0452814659447463,Tôi
1.0269387398256156,0.993429960047132,-0.0208308758069236,1.0118440513088,1889.0343344915275,92.6664366223032,-66.36860571426155,8.913245305612469,0.0948711895607516,Tôi
1.005331776176029,-0.0013015447939425,-0.0145139498302181,0.9993553103890644,1888.0165226737165,91.87969263041876,-66.37913111707712,8.199042702983412,0.082162384258935,Tôi
0.0023409022617813,0.0021171164191048,1.9985853702578,3.0040317085111163,1889.0083109205773,91.83799698646762,-66.1462316239608,8.121463415990057,0.1004804062930342,Tôi
-0.9609460558551048,1.0644334271343248,1.985056905472625,2.0024450187598686,1887.974039700403,91.88933087284752,-65.93216658773137,8.126665963021646,0.0817592909909834,Tôi
1.976196525608084,-0.00435809206042,2.994682336598677,-1.0006951085796874,1889.0010313055293,91.77288022802816,-66.23758979052566,8.575995588156504,0.108583794727348,Tôi
0.9931073517106528,1.0073198509186323,2.0242534427345595,1.0050444137323158,1888.01273336518,89.50735939435027,-71.62714861577797,6.6412411052800016,-0.0091854483588953,Tôi
-0.0230981844538321,0.0248336233104424,1.99691534819551,-0.982250212996828,1887.9962192255744,88.14214486773724,-70.58833421606792,5.089766316672578,-0.0080541548753374,Tôi
0.0,1.0,1.0,2.0,1888.0,91.44,-66.0,8.5,0.122,Tôi
0.0,1.0,1.0,1.0,1889.0,91.31,-65.75,8.63,0.167,Tôi
0.0,1.0,1.0,1.0,1889.0,91.31,-65.81,8.5,0.169,Tôi
0.0,1.0,0.0,2.0,1889.0,90.87,-66.69,8.5,0.167,Tôi
0.0,1.0,0.0,1.0,1889.0,90.81,-66.06,8.13,0.173,Tôi
0.0,0.0,1.0,2.0,1889.0,90.75,-65.81,8.19,0.161,Tôi
0.0,1.0,1.0,1.0,1889.0,90.56,-65.81,8.75,0.156,Tôi
3.0,2.0,1.0,2.0,1888.0,90.44,-67.81,10.56,0.071,Tôi
1.0,2.0,1.0,1.0,1889.0,90.5,-67.5,11.44,0.032,Tôi
0.0,1.0,1.0,1.0,1889.0,90.06,-67.12,13.31,0.003,Tôi
-1.0,1.0,0.0,1.0,1888.0,83.19,-62.06,27.87,0.004,Tôi
1.0,1.0,1.0,55.0,1889.0,77.56,-53.88,36.81,0.002,Tôi
0.0,3.0,2.0,129.0,1888.0,73.0,-47.88,44.38,0.004,Tôi
-1.0,0.0,2.0,108.0,1889.0,71.87,-44.81,49.31,0.004,Tôi
1.0,3.0,0.0,75.0,1889.0,74.44,-42.5,50.38,0.004,Tôi
0.0,1.0,1.0,42.0,1888.0,80.62,-41.75,45.63,0.004,Tôi
1.0,1.0,1.0,1.0,1889.0,82.5,-43.75,42.06,0.005,Tôi
1.0,1.0,2.0,2.0,1889.0,83.75,-48.25,37.5,0.005,Tôi
2.0,1.0,0.0,3.0,1889.0,86.12,-53.31,33.0,0.006,Tôi
0.0,1.0,1.0,2.0,1889.0,87.69,-55.19,32.5,0.004,Tôi
2.0,1.0,1.0,1.0,1888.0,87.56,-54.81,32.5,0.004,Tôi
1.0,1.0,1.0,1.0,1888.0,87.31,-54.5,32.75,0.005,Tôi
1.0,1.0,1.0,1.0,1889.0,88.0,-55.94,35.44,0.004,Tôi
1.0,2.0,3.0,0.0,1889.0,90.56,-56.75,36.25,0.003,Tôi
1.0,1.0,0.0,0.0,1888.0,91.5,-56.88,36.88,0.004,Tôi
-0.0352723269001344,0.9309390792773912,0.9111768709446272,1.8141224878273448,1713.6253175588463,83.01147772805258,-59.91556097097926,7.715811756484718,0.1084099977381956,Tôi
0.0289676871957006,0.904137757969033,0.8957880526536957,0.9078524697489913,1714.535151615952,82.86899187051789,-59.70979700534614,7.843323734453729,0.1294701832185367,Tôi
-0.0125713438071877,0.8932194007298426,0.9117083318948924,0.9104485912598164,1714.5567995691706,82.86831946757668,-59.6931106968152,7.722508964604933,0.1606706323086372,Tôi
0.0089203067974907,0.8953768882954312,0.0121622977700813,1.7868159387386449,1714.5332137453374,82.43780377070223,-60.52813842436844,7.722407504009299,0.1575120733445616,Tôi
-0.0042033744321573,0.8969346305535391,-0.016860202296843,0.8881198864079096,1714.5306682993528,82.40170435233237,-59.98940843054381,7.381102785248988,0.1703717300899727,Tôi
0.0179834188180087,0.0272556703826322,0.920835246900883,1.805888052289528,1714.517531756326,82.35971307408246,-59.71982586626363,7.449955437244167,0.1407135635223712,Tôi
-0.010261614775295,0.8873838212879196,0.880601611847785,0.8989587755639489,1714.5507791649825,82.16986770060346,-59.73102940786558,7.921172072433483,0.1591754783041676,Tôi
2.7232148793690625,1.8039728509867297,0.8974614862241042,1.795481430482292,1713.620858860908,82.0843561058664,-61.52820158960035,9.58144628437889,0.0402640914129131,Tôi
0.8680581458510565,1.8441822009787865,0.9069043901217468,0.914264223081976,1714.5531619712194,82.17201521947159,-61.25423294165877,10.40476753715622,0.0102432899355266,Tôi
0.0236493296109103,0.9168134700363044,0.8769037364906133,0.9013368132138134,1714.5171824000322,81.75395138545242,-60.91794482254189,12.084640449356437,0.0303944131723847,Tôi
-0.8862192308317686,0.92413482359527,-0.0121416118218337,0.9015485049642143,1713.653269433677,75.47799330017827,-56.34417314978208,25.289335938788227,-0.0146618934281807,Tôi
0.897816126427652,0.932696429023466,0.8878711540508734,49.92421176292686,1714.530832153043,70.4151826339741,-48.894120809164335,33.423912635552874,0.0108835328092551,Tôi
-0.0335564818211114,2.735767346082773,1.809518040268098,117.08828567792418,1713.6339131651064,66.28555660939249,-43.45612685027441,40.28717807057089,0.0027151924139876,Tôi
-0.9227545866060162,0.0171926088591969,1.788143331410788,98.02081076463972,1714.5290623407684,65.23623645018023,-40.6782221686807,44.73257201516253,-0.0476515617264606,Tôi
0.9137044951719616,2.7050423822776866,-0.0332622491223714,68.103973487365,1714.5492912607558,67.538825578025,-38.590159883374014,45.68795854643474,0.0001285218707391,Tôi
0.008117841677576,0.8864139895463662,0.9084449966925188,38.1076081036928,1713.6210334754342,73.16480681024557,-37.88159580756074,41.43197563671789,-0.0197595327361353,Tôi
0.9167704678985968,0.9231781237643616,0.918888127285629,0.8980383661564036,1714.5238561266644,74.87753644454189,-39.707985907290585,38.174908852082,0.0027780679413307,Tôi
0.9086161858843376,0.9062212570962914,1.8053304829786885,1.8105201727376792,1714.5354971032257,76.0057339875947,-43.781677620210566,34.080039677293634,-0.0241635417661709,Tôi
1.8168415556913105,0.8944884166182518,-0.0001463298589308,2.729379619869278,1714.5274509181772,78.17401170450007,-48.3769357553677,29.98573406624257,0.0038193468703257,Tôi
-0.0125018864915902,0.917239878616927,0.931465671997137,1.7940117481533595,1714.5634778495507,79.60066819450553,-50.08348690599646,29.51244362898255,0.0158272361062094,Tôi
1.8048644763622608,0.895774845475955,0.91163482580536,0.9175427776076206,1713.6786951075544,79.487913292345,-49.78798353621479,29.51990903574133,0.0091342216967047,Tôi
0.9084879711736986,0.8729040579057624,0.870937584466879,0.8984490841917143,1713.6222878250894,79.22703260501939,-49.46941201707819,29.7226074066686,0.0026934806340293,Tôi
0.8894068259905652,0.8967460460359254,0.9238358747927335,0.8736714136863033,1714.56681760352,79.86115987140333,-50.77453303946362,32.15947543821929,-0.0270729974315434,Tôi
0.934645455403366,1.8040619774714977,2.705056458440109,0.009838815998592,1714.5400385111698,82.17049761274814,-51.51761944203758,32.88765965992993,-0.0504080954286837,Tôi
0.9096228846724482,0.9240433698750382,-0.0108303578964346,-0.0067581857377304,1713.6694893405331,83.05392904619767,-51.63243584935001,33.46365251180607,-0.0031238353450081,Tôi
1.047018670963289,1.0464571826496256,-0.0016685130599745,0.0201136600171378,1975.913598998974,95.75427478267572,-59.538552654992735,38.61550258154914,0.0136846442628968,Tôi
0.0093346014679024,1.069908599548918,1.020834657874294,2.090037079531295,1975.864606500511,95.67835859536277,-69.06245142454591,8.890137663029066,0.1000786476784426,Tôi
0.0132643589416666,1.0653461434947906,1.061696924569845,1.0421115622843382,1976.9394034955435,95.5859566219357,-68.81653179738093,9.024799749105767,0.1955700692697856,Tôi
-0.0211524999298446,1.0477733135072358,1.0968842820242797,1.053134353051838,1976.935715706,95.60249691539798,-68.91350901715249,8.894903351128653,0.199126422152426,Tôi
-0.0188180402231706,1.0290829342919512,-0.0098285629925264,2.092551207224569,1976.9078125332665,95.12089466583174,-69.78638503807674,8.904947623447425,0.1816059296219791,Tôi
-0.0219875569998248,1.059036965310452,0.0050183381446049,1.037922461843229,1976.9179905039084,95.06744643712936,-69.14572533040335,8.510736301191072,0.1791358327756319,Tôi
-0.0363751595925365,0.0158179226472074,1.0526934302313322,2.0474506011540545,1976.870144029415,95.03239489394927,-68.85708325553496,8.538173363017352,0.1563987775626002,Tôi
-0.0202017427566214,1.0824371605062963,1.019523031142618,1.0275411587381,1976.943214502654,94.7450766253066,-68.86359867806753,9.16635821893592,0.191064166544305,Tôi
3.178591857222956,2.099149771757208,1.050763848027253,2.077874453360877,1975.8674996826944,94.62728047577018,-70.94715222733471,11.066307711017007,0.0328289946622066,Tôi
1.0699899411260778,2.107782452140931,1.0265969532940589,1.012441382049026,1976.9303919716965,94.69980254129533,-70.64518637974551,11.97631101452915,-0.0045899174423403,Tôi
-0.01233097720742,1.059138063889686,1.0390075336140536,1.036064842019766,1976.936137366576,94.27784740942552,-70.22369578143521,13.942863973291429,-0.0243928319672155,Tôi
-1.0710246369711496,1.0566627724480189,0.0219194917487057,1.0593131615392088,1975.8570905015872,87.06001415704246,-64.9182022724511,29.1717142074449,-0.0347696915532845,Tôi
1.0642510010846251,1.057189498085955,1.0502889737336447,57.568907493050496,1976.9218557929423,81.20737088257933,-56.40723098245432,38.53129149470039,0.0191719025377592,Tôi
-0.0361204041872696,3.177433412770479,2.115974438045579,135.03359258609285,1975.848565475091,76.3835127681271,-50.09071738596354,46.406196012634894,0.0276216702982888,Tôi
-1.0360512218682216,0.0079650173767698,2.0887580489667084,113.03728647691884,1976.9078837450809,75.22375973226939,-46.9177616696285,51.65845918084088,-0.0292148378683695,Tôi
1.0503524233506625,3.1183508159241806,0.0246800462380223,78.46157100725843,1976.9303555721856,77.90774222900943,-44.47240299136994,52.72060790123165,0.0137527448359412,Tôi
-0.0201699051531555,1.0504617790185868,1.0524501126878394,43.9737815224951,1975.906253742164,84.36258867531248,-43.703854032038144,47.735536917968005,-0.0057705582888508,Tôi
1.0631225468675125,1.0618975623666438,1.0177026104187654,1.0394456873622575,1976.9343289510307,86.3498687097003,-45.76409727523723,44.01756251966795,-0.0053371438836608,Tôi
1.068096629709374,1.0616363749284292,2.117987602359793,2.0758261664640174,1976.960259554785,87.6575229731272,-50.46435336310814,39.22356279761341,0.0020554204409299,Tôi
2.088008786652304,1.037198766188474,0.0024301927402022,3.176082441390008,1976.9345586506536,90.13431377477156,-55.779555949644,34.58243802045125,0.0142342210452827,Tôi
0.0201703987178605,1.0365474562693924,1.0550178471735876,2.1131855703826634,1976.8924396886,91.7784512233627,-57.74948603550158,34.023118571569825,-0.0293557606751253,Tôi
2.094439721290996,1.0722146329405482,1.013479975829517,1.0242823824028446,1975.915077077368,91.59874420339882,-57.35256302329651,34.00087594155181,-0.0001967214128884,Tôi
1.036395417319183,1.0388734011774436,1.0519484349017745,1.0275847064040329,1975.877658555071,91.37719011112212,-57.028394904437846,34.250010085667874,0.0161112730815894,Tôi
1.0211915636955926,1.0357849094093805,1.07110093046303,1.0214936076155217,1976.920842257224,92.0721352527743,-58.56897029507806,37.09604627613295,-0.0158963639653908,Tôi
1.058723566083849,2.0961381730394004,3.111901692295198,-0.024515167355884,1976.936041730208,94.80441783332218,-59.40130780061068,37.923786818377685,-0.0025388411647544,Tôi
0.009786808321444,0.9949625206907824,1.016402062996066,1.962180665198335,1887.9966876056549,91.45107287233638,-65.99552634318492,8.500465865614236,0.144174564560741,Tôi
-0.0114099530048054,0.9957556565223766,1.0289803387384786,0.979677582880348,1889.007207207703,91.34380501455072,-65.75741922233543,8.629873339552232,0.2291928449419487,Tôi
-0.0169721560165584,0.9751544181384036,0.9825406794080191,1.0234528734956156,1888.9812373964064,91.29904532109548,-65.80511561934603,8.499969815461034,0.2076630301435974,Tôi
-0.0087137029848595,1.0113440081801617,-0.0211935170017894,1.995321504723358,1889.001583138064,90.90267454297272,-66.69543018278291,8.497806612070502,0.1497287642065864,Tôi
0.0208537292112172,0.9991190818194952,0.0232412952782478,0.998332715334292,1889.0199965445208,90.80308121559672,-66.05722158102658,8.136930972801615,0.1617368654595603,Tôi
-0.0423571886060715,0.0001257481385039,1.0066164908362003,2.0034497873000667,1888.9783137901231,90.75638172291008,-65.84032438000582,8.19208759624737,0.1568267245504051,Tôi
0.013711962375647,1.003063634162347,0.9784376783231676,1.0207543359189533,1889.012365766104,90.57908618431192,-65.80061218019536,8.726238437817823,0.1637308542064321,Tôi
3.017345893774829,2.002900090074992,1.0070414139552757,2.0097983272985425,1887.9996338753333,90.42561560506424,-67.81186755000978,10.568679216718824,0.0938557132651837,Tôi
0.998846116777147,1.994584668745852,1.0159075956916712,0.9879915705782152,1888.9942093778025,90.52494491667274,-67.50218326169625,11.42283095774356,0.0081082594098213,Tôi
0.0084313578048019,0.9818313732076042,1.0181940906730509,1.0289241696412794,1888.977839464228,90.05300181175774,-67.09783444067367,13.302529252454876,-0.0039016178078107,Tôi
-1.022666460846376,1.0215584934506363,0.0142079580491433,1.0278920194579964,1887.982992133459,83.19974460324516,-62.08528636295917,27.83604536310712,-0.010857702901134,Tôi
0.9834010578381857,1.00899149388246,1.0058618293567425,54.99512032320342,1888.9968326517687,77.51918895295054,-53.877441853876206,36.76637015602277,0.0298930272814661,Tôi
0.0041796395051821,3.0051563887086354,1.9796810850299016,129.0069950779392,1887.983701915245,73.02990712342387,-47.876668362437485,44.38181091498627,0.0204412020583579,Tôi
-1.008034627364954,-0.0144067793170731,1.957650812774796,108.02125347286834,1888.9789158301217,71.90454019018061,-44.82126862895095,49.30860375717681,0.0142868366872879,Tôi
0.966771235559578,3.0005802194086746,0.0042855369056341,75.00879206425564,1889.0040147909813,74.46494787139534,-42.50821286267389,50.37842478087607,-0.0143749513444867,Tôi
-0.0239675015057837,1.0229801543349444,1.002097215331308,42.00622465981274,1888.0152604491727,80.60497077254985,-41.72432358864751,45.62098231461828,0.0154335640572626,Tôi
0.9903860097335948,1.001170860964386,0.9996972674753896,1.0061975567534327,1888.9597908901137,82.4735300395293,-43.739652758590616,42.050098160106295,0.009458693526341,Tôi
1.032452748285831,0.9972258747948212,1.9740739579842976,2.00726427261177,1888.971988327262,83.70976668310264,-48.26630508034042,37.483586766198094,0.0301745245249729,Tôi
2.0130014094372526,1.011266115411724,0.0191101452435771,2.997055814219864,1888.9780960001813,86.1245208468519,-53.320394977817465,33.02356228402982,0.0027265365197668,Tôi
0.003726352597823,0.9600933338806222,1.0311713221293046,2.004232821452854,1888.999519539297,87.71193773833211,-55.16172625632544,32.49118787973809,0.01239945843836,Tôi
2.00473373578679,1.037520275935328,1.034008955673278,0.970904383743172,1888.0055672872013,87.54273665888076,-54.82902128480736,32.506652675880225,0.0144847221312589,Tôi
0.9859169073422692,1.0105471425608443,0.989290736786652,1.002540550626822,1888.0160270266176,87.33071615194687,-54.48613198724616,32.70194876310898,0.009143614806361,Tôi
1.016412125771622,0.9606610383280578,1.0227905617587476,1.0219843875671186,1888.9996283100988,88.00505507767078,-55.947273104802775,35.412076318148564,0.00055414518389,Tôi
1.0157504120532534,1.9875405165902456,3.0021437314171107,-0.0258943131778073,1889.010943247664,90.5217376325382,-56.75577198930353,36.25536303010786,-0.0011274313964455,Tôi
1.002759144852836,0.9655224855220376,0.0288358388434597,-0.0331624968942915,1888.0259289242,91.46448744887506,-56.90794077727826,36.90639340476218,0.0172978721880879,Tôi
-0.0150159482645383,1.0239931957493391,0.9836402646485042,2.0131459132093643,1887.9966089608024,91.46727257613624,-65.96168075649516,8.495432109954915,0.1335958782459511,Tôi
0.0050370007813744,1.0054424409588694,1.0067626886680443,1.027272302210867,1889.0014181720896,91.29316237036063,-65.7415553183094,8.64422435968177,0.151802574406047,Tôi
0.0051625202252452,0.9807527123731676,0.9984937386387124,1.0008830368081034,1889.0096136208165,91.33900822097166,-65.84397549759838,8.516488433770354,0.164187881127776,Tôi
0.0081569140248403,1.0009243102422438,-0.0180365537914517,1.9818897289792448,1889.0133783380609,90.86494221265389,-66.70137515326068,8.507195626894653,0.1636998744432555,Tôi
0.00594191984996,1.0250616839328546,0.0415576049215105,0.994340277913985,1889.0222063525189,90.8238510470951,-66.09044031109728,8.137335118658577,0.1910676737285221,Tôi
6.62372320862515e-06,-0.0132146232780815,1.017876590289906,1.9968109356834,1889.030480514468,90.7679752052487,-65.80901463241332,8.198365458714832,0.1857646071187852,Tôi
-0.0138975522131845,0.990998422453194,1.0162887329676795,0.9991527025285052,1889.001921207216,90.56105152408875,-65.8098959474663,8.753086561783189,0.1886349326829729,Tôi
3.0058295117763656,1.988985712973944,0.979684179079453,1.9560250770379908,1888.0230227941208,90.45409530647234,-67.84874775503144,10.57744420248288,0.0827586918118761,Tôi
1.0252241560133135,2.000995835955792,0.9954701752596516,0.9951739014488942,1888.979221828332,90.49632133418154,-67.49378097865619,11.4433811209953,0.0672855069249427,Tôi
-0.0275742140301972,1.0277995314869135,1.00673951206459,0.9676894757659692,1889.009416872957,90.06774554208722,-67.17666402563923,13.329085221048915,-0.0228431922048667,Tôi
-1.0008536538538184,1.0028588716944402,0.0182299868766371,1.0117529981544184,1887.992472564268,83.16646713192343,-62.034383953275984,27.8576893842369,0.0044543905566797,Tôi
0.9898356000702784,0.9930531117785354,0.9969355154157916,54.974631635158765,1889.0046913347733,77.5292699668788,-53.88294203465157,36.81949891162629,0.0059319376923088,Tôi
0.0007777744548772,3.0361961577174155,2.0134679647543483,128.989617477273,1887.994515374968,73.00175989061145,-47.88148233671823,44.41086726563726,0.007540850581302,Tôi
-0.9819006569924804,0.0519645386916623,1.985665761571625,108.01587222403424,1889.018194161857,71.83604095265758,-44.81537762506207,49.28576004807202,-0.0068969213397371,Tôi
0.9929983960200632,3.0244168712772126,0.0186006748186902,74.9813096853714,1889.010112643491,74.43622976930882,-42.47464960365433,50.36190061560201,0.0200197388588496,Tôi
0.0013534215084728,1.0021105776146897,1.011644095864346,41.98502266723087,1887.9918806101823,80.64963196081197,-41.752992849918165,45.65253268762863,0.022301400844646,Tôi
0.9923159502764416,1.0217938946155245,1.0153230623473857,1.031569978742171,1888.9874471226224,82.47297131032771,-43.8073613168917,42.044684386920046,0.0071140432671893,Tôi
1.0266649566457025,0.9640417267053096,1.9940302581864224,2.0092917483898383,1888.999341784594,83.74248843627971,-48.24696480322257,37.498691004897466,0.0107137017612542,Tôi
1.9925582342313404,1.0172143919815135,-0.0221016604258146,2.998442880652944,1888.9877157705632,86.09952209318713,-53.32085482016046,33.005244471662934,0.0352158520866379,Tôi
0.0557708879657617,1.0095955506865653,1.0189729845256308,2.036428622088777,1888.9870325758795,87.70690476722983,-55.19672272944965,32.5062370728316,-0.0315186137042758,Tôi
1.962746684504194,0.9826868032470872,1.0111074730406198,0.9941322614098032,1888.0157882152769,87.55931382974363,-54.789039091009215,32.463249423156554,0.0091550684851945,Tôi
1.0227940588213875,0.9837037112431626,1.0422788810405352,0.9988442372420492,1888.0081182898,87.32112299296787,-54.53707163622249,32.73727268536612,-0.0230416261469676,Tôi
0.9858417892653808,1.028636942158696,1.000014408557989,0.9976048058912872,1889.0049807918424,88.00991531102467,-55.89430353188687,35.46337209244203,-0.0169283837757776,Tôi
1.0137436828158377,1.9998528996997664,2.965729440260265,-0.008321263432663,1889.0315353278509,90.5482163976668,-56.75651881015352,36.25535110434381,0.0460000657077666,Tôi
1.0165757427478972,1.0386477671261218,-0.014493895559068,-0.0091964379744844,1888.0204329664016,91.49774218470706,-56.89797215840254,36.85234182599586,0.0163097252452408,Tôi
1.0,1.0,1.0,0.0,1889.0,91.62,-56.5,36.25,0.154,Tôi
2.0,1.0,1.0,1.0,1889.0,91.37,-56.63,35.81,0.166,Tôi
1.0,1.0,2.0,2.0,1889.0,91.75,-56.56,35.5,0.134,Tôi
1.0,1.0,0.0,-1.0,1889.0,91.69,-56.25,35.25,0.158,Tôi
0.0,2.0,0.0,1.0,1889.0,91.69,-56.0,35.19,0.158,Tôi
1.0,1.0,1.0,74.0,1889.0,91.62,-55.75,34.94,0.165,Tôi
0.0,1.0,1.0,137.0,1888.0,91.62,-55.5,34.56,0.155,Tôi
1.0,1.0,1.0,49.0,1888.0,91.94,-55.06,33.81,0.149,Tôi
-1.0,1.0,1.0,92.0,1889.0,92.12,-54.31,32.44,0.134,Tôi
0.0,1.0,1.0,115.0,1889.0,92.06,-53.31,32.69,0.137,Tôi
0.0,1.0,1.0,38.0,1888.0,90.75,-51.56,34.5,0.148,Tôi
116.0,1.0,1.0,43.0,1889.0,86.62,-50.25,35.25,0.17,Tôi
47.0,1.0,1.0,6.0,1888.0,80.62,-49.38,36.5,0.154,Tôi
3.0,2.0,2.0,10.0,1888.0,76.0,-48.38,37.56,0.116,Tôi
431.0,2.0,645.0,0.0,1889.0,76.19,-45.25,33.44,0.016,Tôi
3696.0,4760.0,8347.0,1.0,1889.0,69.62,-37.94,38.56,0.006,Tôi
3953.0,7349.0,10046.0,0.0,1888.0,61.0,-28.87,56.94,0.088,Tôi
7925.0,8229.0,10575.0,0.0,2017.0,73.25,-15.31,80.12,0.004,Tôi
7497.0,8267.0,9120.0,299.0,2208.0,110.06,6.37,90.19,0.04,Tôi
5374.0,7504.0,9180.0,295.0,2176.0,147.69,25.31,90.25,0.117,Tôi
5550.0,7168.0,9064.0,25.0,2177.0,175.19,36.06,77.69,0.003,Tôi
4962.0,6332.0,8966.0,41.0,2193.0,198.06,40.0,59.19,0.063,Tôi
4525.0,6730.0,8796.0,5.0,2177.0,213.12,37.38,45.75,0.054,Tôi
4803.0,6548.0,8403.0,14.0,2128.0,224.37,32.63,39.13,0.104,Tôi
4654.0,6073.0,8201.0,17.0,2129.0,234.37,28.62,36.69,0.148,Tôi
1.0,1.0,1.0,0.0,1889.0,91.62,-56.5,0.0,0.154,Tôi
2.0,1.0,1.0,0.0,1889.0,91.37,-56.63,0.0,0.166,Tôi
1.0,1.0,2.0,0.0,1889.0,91.75,-56.56,35.5,0.134,Tôi
1.0,1.0,0.0,-1.0,1889.0,91.69,-56.25,35.25,0.0,Tôi
0.0,2.0,0.0,1.0,1889.0,91.69,-56.0,35.19,0.158,Tôi
1.0,1.0,1.0,74.0,1889.0,91.62,-55.75,34.94,0.165,Tôi
0.0,1.0,1.0,137.0,1888.0,91.62,-55.5,34.56,0.155,Tôi
1.0,1.0,1.0,49.0,1888.0,91.94,-55.06,33.81,0.149,Tôi
-1.0,1.0,1.0,92.0,1889.0,92.12,-54.31,32.44,0.134,Tôi
0.0,1.0,1.0,115.0,1889.0,92.06,-0.0,32.69,0.137,Tôi
0.0,0.0,1.0,38.0,1888.0,90.75,-51.56,34.5,0.148,Tôi
0.0,1.0,0.0,43.0,1889.0,86.62,-0.0,35.25,0.17,Tôi
47.0,1.0,1.0,6.0,1888.0,80.62,-49.38,36.5,0.154,Tôi
3.0,2.0,2.0,10.0,1888.0,76.0,-48.38,37.56,0.116,Tôi
431.0,2.0,0.0,0.0,1889.0,76.19,-45.25,33.44,0.016,Tôi
3696.0,0.0,8347.0,0.0,1889.0,69.62,-37.94,38.56,0.006,Tôi
0.0,7349.0,10046.0,0.0,0.0,61.0,-28.87,56.94,0.088,Tôi
0.0,8229.0,10575.0,0.0,2017.0,73.25,-15.31,80.12,0.004,Tôi
7497.0,8267.0,9120.0,299.0,2208.0,110.06,6.37,90.19,0.04,Tôi
5374.0,0.0,9180.0,295.0,2176.0,147.69,25.31,90.25,0.117,Tôi
5550.0,7168.0,9064.0,25.0,2177.0,175.19,36.06,0.0,0.0,Tôi
4962.0,6332.0,8966.0,41.0,2193.0,198.06,40.0,59.19,0.063,Tôi
4525.0,6730.0,8796.0,5.0,2177.0,213.12,37.38,45.75,0.054,Tôi
4803.0,6548.0,0.0,14.0,2128.0,224.37,32.63,39.13,0.104,Tôi
4654.0,6073.0,8201.0,17.0,0.0,234.37,28.62,36.69,0.148,Tôi
1.0109108687695914,1.0325187571131005,0.9881335850222748,-0.021270724192164,1889.001215871236,91.61502436328342,-0.0,36.24456799786248,0.0,Tôi
2.010723814535507,1.026099237650112,0.9836259724613384,1.0254164589883852,1888.9633339416755,91.30747475133016,-56.6237615332112,35.85660228002139,0.1954629545450696,Tôi
1.01850683232156,0.983821800581087,2.010974312299078,0.0,1889.0028426323488,91.7664954436272,-56.56165818925743,35.517051287388135,0.1402182770417381,Tôi
1.0021068674529066,0.0,-0.017698948528818,-1.0032952860195028,1888.9801870449053,91.71560961003344,-56.25470969632383,35.25158905594156,0.1470206037904566,Tôi
0.0125680396107147,2.002263109961325,-0.0198132857256691,1.0182159908279862,1888.9809113093493,91.69781047725004,-56.00480751749841,35.18700806205616,0.1643403822354646,Tôi
1.0107264307114638,0.0,1.01981003299734,74.01773178260477,0.0,91.59225408256056,-55.74300512854729,34.905455220751186,0.171738802069459,Tôi
0.0132430316998123,0.99648533710084,0.9760519267137168,136.9964916680159,1887.9966764706217,91.64031260600242,-55.4893450162192,34.55724930774905,0.137736263203517,Tôi
0.9803419549107928,0.9903842675926172,1.014414766354036,48.98900035190184,1887.9759010151663,91.92282120025642,-55.04385144113804,33.809852924880204,0.0,Tôi
-1.0168655582006243,0.9806641089311376,1.027261041294752,92.02438412627,1889.011760730009,92.15821342014524,-54.28938850516779,32.40342366228765,0.1261333841942826,Tôi
-0.0,1.0006667478830122,0.9881515908974736,115.00612765695936,1889.0191647291065,0.0,-0.0,32.66479666220201,0.150100846773062,Tôi
0.0191478846397213,0.9889188392754628,0.9966258131858816,37.9949621983232,1887.9729219765825,90.7691452812837,-51.60154151535169,34.506428783493234,0.1755298647710503,Tôi
116.00551523373292,1.0004168044495838,0.9986238023609822,42.9854842465193,1889.0192336762143,86.62064434760075,-50.24137414814494,35.24906347059701,0.1575379026151702,Tôi
47.00780147252577,1.0126237006394736,1.0154470461043927,5.994133170399176,1887.988875357852,80.63394568191475,-0.0,36.51236864103517,0.1434765055819313,Tôi
3.005127627136908,2.00735789354849,1.9948433556862133,10.00611030250818,1887.980069801855,0.0,-48.40855355393332,0.0,0.1283815320448768,Tôi
431.000936489716,1.9543334851944871,644.9981450920243,-0.0180169917444584,1888.9836454797032,76.19605939903647,-0.0,33.42431635335509,0.0267858510494972,Tôi
3695.9919329850895,4759.978117076212,8346.999777825624,1.0159233541259964,1889.0150305124605,69.65344806782355,-37.932819568756784,38.54671994113031,0.0285290469028945,Tôi
3952.954495980652,7348.967332484308,10045.997201273483,-0.0207721305793553,1888.02289699197,60.967379214079,-28.891069455839872,56.93024517108909,0.0977534808891677,Tôi
7925.015598133454,0.0,10575.01983827532,0.0110568664410644,0.0,73.24981597636835,-15.280968885565436,80.11770675315351,0.0146529133290443,Tôi
7496.9822672076125,8267.003171482,9120.01422032663,298.9798692623303,2208.016450754775,110.04408298305776,6.3704890815497865,90.188025193564,0.0801386462358294,Tôi
0.0,7504.013500597837,9179.98948889114,295.0024445091636,2176.007788126066,147.70475029536976,25.293741802919243,90.22249750615283,0.1154101666054741,Tôi
5550.010435452736,0.0,0.0,25.00105605073228,0.0,175.19322978821285,36.05030552108122,77.70234118053256,-0.0384461850703344,Tôi
4961.98760861144,6331.988715982695,8965.963997962732,41.02243753811793,2192.983362684773,198.02660104334385,0.0,59.2238283188621,0.0,Tôi
4525.041797201518,0.0,8796.030544903231,0.0,2177.0181478315208,213.1535890486438,37.394255673625125,45.78543046381669,0.0305087165952442,Tôi
4802.965666267611,6548.022379722073,8403.031147072197,13.998873366575989,2128.006590069883,224.3859161636055,32.602409546579864,39.10988499486851,0.087519204698683,Tôi
4654.0058386422215,6073.012434590792,8200.999725684906,17.027833447132487,2129.008523987416,234.3624094154929,28.608810846347644,0.0,0.1446348095677564,Tôi
1.029603654144886,0.9936160309569184,1.0157998818954592,-0.0113934078422637,1969.0394021344064,95.51708293031996,-58.89627339399604,37.7834287386132,0.1705204851824749,Tôi
2.0276329860230216,1.0514389326812743,1.0481190854000473,1.0468465624880456,1969.082733733846,95.25658703470404,-58.99620830724775,37.36537114991253,0.164489533670123,Tôi
1.0581927336179249,1.0456130770448904,2.071206740211547,2.0880881300479697,1969.061760621095,95.66524643732724,-58.969880110053744,36.97645507074946,0.1045219309771629,Tôi
1.047059500913708,1.0276225792579876,0.0181091182835785,-1.0140797109483353,1969.0613078506788,95.603324963066,-58.65698127340076,36.70313145983465,0.125611686200125,Tôi
0.0421174983626074,2.078579790166809,0.0189839928018622,1.0265842709672224,1969.0512132284468,95.5914299154478,-58.38501078605729,36.68245492307379,0.2004962487671378,Tôi
1.031942580752714,1.0645166906947574,1.0885145815470425,77.13953667052033,1969.0688024152328,95.49572123896736,-58.07211398480895,36.48111586355268,0.1914964792250518,Tôi
-0.0018691000798069,1.0565191724332714,1.0320686671995465,142.84641296382716,1968.0184947734008,95.54984015202096,-57.86892688877709,36.034227964880415,0.1517446323748174,Tôi
1.0564283750460088,1.0303801768944494,1.0573575992893365,51.07920569927575,1968.0485257239088,95.839585886854,-57.39541629017472,35.232077715638525,0.17704580436462,Tôi
-1.0359372050974334,1.0049917128194237,1.0645857301720372,95.85818041369316,1969.0653500580647,96.04474246830738,-56.634954754515725,33.816700036308724,0.1333815691596713,Tôi
0.0107508014134117,1.0445401848915754,1.0271703000287835,119.8733242854802,1969.051102299428,95.94291835741514,-55.607743929377634,34.08397740272576,0.111932216930825,Tôi
0.0597705910974812,1.0607950970079427,1.0551961689060287,39.62359139433445,1968.0095790398184,94.59649506991433,-53.76724441960863,36.003719961666505,0.1662976772947124,Tôi
120.87936784091836,1.0347890856247797,1.0328420049814355,44.83513578172379,1969.065274045096,90.28731821157062,-52.40651618889193,36.729846930300944,0.1728413785367771,Tôi
48.99539749001667,1.0526313892100705,1.0465906921302526,6.213351173494809,1967.9901380392696,84.00578732673007,-51.47312085948271,38.0539247886848,0.1834283972830568,Tôi
3.111412444847548,2.0860167954015023,2.076006056386982,10.410725428918678,1968.0404671692704,79.22032727915689,-50.44877213030278,39.16760315341594,0.1082373561453708,Tôi
449.2775364705442,2.088256702987189,672.334299445713,0.0027817956999572,1969.0756905635844,79.43835704890719,-47.15208033083336,34.84996424881527,0.022168007100565,Tôi
3852.654633720383,4961.79097316901,8700.82871637461,1.0488982301503755,1969.073813539068,72.5853941313617,-39.49808386706055,40.17720921229143,0.0361100268968797,Tôi
4120.523854711977,7660.442587041825,10471.819868932984,-0.0148649349991748,1967.9839770346928,63.640212756309325,-30.12134721874248,59.35024739603768,0.0954224691048216,Tôi
8260.925930215897,8577.805102823422,11023.210355577528,0.0149690451633862,2102.4952972961933,76.33796451272642,-15.93391083103428,83.50942821008994,-0.0077313501486448,Tôi
7814.740668748671,8617.387145183098,9506.5417924042,311.67437713696745,2301.5619826773027,114.73977063105497,6.672321732209491,94.0022970768531,0.0286309888199275,Tôi
5601.796361544304,7822.031667161677,9569.092548624978,307.5519744342672,2268.235349813365,153.9242858952393,26.39149281236037,94.08458085491434,0.1075628371356944,Tôi
5785.228883599886,7471.84217720293,9448.178231394,26.03675607103369,2269.255942579556,182.61313825841825,37.59343413693753,81.00463383860951,-0.017423945222071,Tôi
5172.296689855537,6600.397194760771,9345.99497758359,42.724488954074175,2285.956322872926,206.42655455188128,41.66687966539004,61.70608229861235,0.0849543130041223,Tôi
4716.80194208985,7015.246627634431,9168.815475067446,5.220413402752043,2269.274954921468,222.19017666985985,38.96505371262804,47.73576200542249,0.026235528631264,Tôi
5006.628581495971,6825.530167618873,8759.191565169316,14.591596900034013,2218.1911169638256,233.9070652199593,33.99750327549609,40.7970513300444,0.0747972601415098,Tôi
4851.298708731884,6330.373843570874,8548.625658428366,17.732563847619435,2219.2179822586136,244.3178587561692,29.81738265416377,38.24973949847607,0.1555597813161826,Tôi
1.0351425130853202,0.9934813557890092,0.9796494261065528,-0.0252671305271157,1888.9958522205427,91.60704221310768,-56.47734130564592,36.259533442610085,0.1153173715968267,Tôi
1.9913743166739268,1.0002592781161224,1.011461721148612,1.0016284915443263,1888.978942277612,91.40590485694892,-56.62064536080399,35.83510305054322,0.1641325808583766,Tôi
1.0271553186284408,1.03223998585909,1.9709137085821584,1.9731291037064584,1889.00052130628,91.76315773549264,-56.54942044785392,35.47096628899077,0.1319671535055234,Tôi
0.9664032510760704,0.9907502837012678,-0.0339402902260288,-1.0104489502675236,1888.9985523769144,91.71753990832016,-56.2683234577392,35.27220550586647,0.1113018327289159,Tôi
0.030710822121025,2.001534269465856,-0.0049785340978944,1.0123307998779087,1888.9693437488336,91.71176228783013,-56.01389431830488,35.219130493499705,0.1372473388438828,Tôi
0.9760571368217844,1.0291720151273005,0.98387825476543,74.00290065042864,1888.991999936298,91.63184230407887,-55.72571553296364,34.942118439252006,0.1421439675275528,Tôi
-0.004205059546378,1.020668512070527,1.0055347538965147,137.03686872312707,1888.023061980345,91.63301360093442,-55.49944242700513,34.55556686728188,0.1759189846399506,Tôi
1.0156253493475806,0.994544148315026,0.9910931137273062,48.998863759208,1888.004898769413,91.93890125407536,-55.075189362402114,33.81418913091784,0.1966106377902095,Tôi
-1.0050402216879966,1.0212207166679683,1.017633346190011,91.99917548305731,1888.96431099008,92.12221191767588,-54.30099343422194,32.4480932811248,0.1450438563766925,Tôi
-0.0207009195489587,0.9835260733140728,0.9654145355244091,114.9994163601167,1888.983562738096,92.07341601603558,-53.32224948656662,32.70238768865235,0.1397585940258872,Tôi
-0.0017958416537556,0.9931473326178072,1.011309596823167,38.022126496235664,1888.015353503668,90.74091052343285,-51.57141508395089,34.50092371095285,0.1967731881197564,Tôi
116.01718258939944,0.991606967315815,1.0242848592874034,42.98491722067426,1888.9967420407736,86.63110331165005,-50.2695279754013,35.25998585590316,0.1673011393998506,Tôi
47.01380025316679,0.9965743669066972,0.9983359026664828,6.01165193199373,1887.9861028808284,80.65094717320581,-49.40423047746147,36.53123274517337,0.1332317592636246,Tôi
3.0294596959245697,1.978870672716083,2.018024150904122,10.057534595793822,1888.0137191439471,75.99479548478737,-48.34951209723192,37.530305768995305,0.1208258530726846,Tôi
431.0026902487405,2.046528361910309,645.0275421923955,0.0197388090547819,1889.012511756852,76.18068127521889,-45.29646741785454,33.425815587469955,0.0195356340157954,Tôi
3696.003008318262,4759.9880477792285,8347.020973344195,1.012925821266919,1888.964536818084,69.63562819494015,-37.964034514046766,38.57928908895116,0.0175356643493299,Tôi
3953.003818917408,7349.058197468926,10046.01365243848,0.00404941679963,1887.9876919118944,61.017464991627584,-28.86293663884959,56.92188659971068,0.073293517296689,Tôi
7925.033402485848,8228.981188616197,10575.001360175977,-0.0130451225501258,2016.999607172963,73.22137838651958,-15.319675294479968,80.08409671895129,-0.0093747207886191,Tôi
7497.034888344815,8267.02430590268,9120.00224796315,299.02309446024253,2207.988650372163,110.0772514290567,6.307392416283225,90.20018895238576,0.0373827200079077,Tôi
5373.991386864253,7504.007996988808,9179.994547991224,295.0007744065055,2175.9866551933155,147.65897737227908,25.27984044183306,90.2857538975835,0.117011781896014,Tôi
5550.013243407088,7167.999671450932,9064.009601897456,24.99303229038602,2177.016386026432,175.1908723050845,36.09659291345888,77.68459342530697,0.0552890689349103,Tôi
4962.000756305766,6332.046012269805,8966.012945715112,40.99364390019741,2193.0048746690422,198.06411110399804,40.00574258817639,59.20138301242928,0.0502694282591048,Tôi
4524.991091553942,6729.993187967416,8796.006989940359,5.032184746669252,2177.006294870569,213.1309772991005,37.3770614169995,45.76689160927353,0.0671727920389268,Tôi
4802.990225716101,6547.991690613777,8403.014864522786,13.957676299798658,2127.996110209831,224.36086914180868,32.58825163874384,39.18156678377383,0.0844029472814712,Tôi
4654.003062398951,6072.982502168748,8200.992959802092,16.995307368282255,2129.001800660088,234.3876169688454,28.64795365150342,36.69894561898078,0.1518905570902849,Tôi
4597.0,5662.0,8285.0,41.0,2129.0,242.56,23.19,35.13,0.003,Tôi
4300.0,5677.0,8235.0,1.0,2129.0,246.44,17.69,32.5,0.005,Tôi
4195.0,5305.0,7500.0,2.0,2129.0,251.44,16.37,31.75,0.025,Tôi
4163.0,5196.0,7571.0,2.0,2129.0,254.62,16.5,31.37,0.014,Tôi
4063.0,5367.0,7627.0,1.0,2128.0,255.44,16.87,31.5,0.005,Tôi
3390.0,5336.0,8160.0,1.0,2145.0,255.31,16.81,31.94,0.002,Tôi
3801.0,5053.0,7481.0,1.0,2128.0,255.12,16.75,32.56,0.0,Tôi
3670.0,4768.0,7243.0,1.0,2097.0,254.5,16.87,33.25,0.002,Tôi
3054.0,4538.0,6508.0,1.0,2112.0,253.87,17.12,33.56,0.007,Tôi
3502.0,4639.0,6398.0,1.0,2065.0,251.31,18.62,32.44,0.005,Tôi
3856.0,4837.0,6048.0,2.0,2065.0,244.12,22.0,28.62,0.004,Tôi
4448.0,4838.0,6341.0,1.0,2096.0,234.25,25.94,25.87,0.005,Tôi
4180.0,4820.0,5968.0,1.0,2113.0,220.31,25.75,22.75,0.006,Tôi
3745.0,4779.0,6034.0,0.0,2096.0,200.75,21.81,16.06,0.004,Tôi
3327.0,5113.0,5967.0,1.0,2080.0,188.69,21.25,12.63,0.005,Tôi
3015.0,5126.0,6224.0,2.0,2049.0,179.81,23.56,11.75,0.004,Tôi
1624.0,4437.0,5998.0,1.0,1984.0,164.19,24.94,8.63,0.003,Tôi
876.0,3923.0,5767.0,1.0,1952.0,146.94,24.19,1.31,0.083,Tôi
1190.0,4111.0,5705.0,0.0,2032.0,133.87,18.62,-5.62,0.014,Tôi
897.0,3790.0,5515.0,1.0,2033.0,126.25,11.75,-7.06,0.084,Tôi
88.0,3428.0,3384.0,1.0,1969.0,116.62,1.19,-8.5,0.075,Tôi
2.0,3188.0,1943.0,1.0,1889.0,108.06,-8.06,-6.0,0.108,Tôi
1.0,1678.0,3.0,0.0,1888.0,101.12,-14.69,5.5,0.089,Tôi
2.0,3.0,0.0,2.0,1888.0,96.94,-25.0,8.31,0.07,Tôi
-1.0,1.0,1.0,1.0,1889.0,93.25,-38.94,13.44,0.052,Tôi
4597.012208815149,5662.021656464341,8284.98636575241,41.03060721911979,2128.98045679546,242.5813399515442,23.241903774062504,35.12372977920872,0.0153778213055374,Tôi
4300.023976111464,5676.999752581519,8234.985398249435,1.0021815167501154,2128.9710922763834,246.46288794842243,17.682181738668618,32.50888222194752,-0.027603114997503,Tôi
4194.998615983664,5305.037056667274,7500.022593757264,2.026698090416593,2128.9900719558937,251.44079837489505,16.327188095774986,31.698282418134063,0.0416322466475682,Tôi
4162.99789425935,5195.998052305291,7570.968525579973,2.0364760892535627,2128.987691644362,254.6388137434,16.519131251128723,31.40135580513449,0.0043483103191333,Tôi
4063.035105221591,5366.994478680509,7626.991806747133,1.0040392114041348,2128.004050302204,255.5013449869332,16.876052662667814,31.487885172288784,-0.0211812015147899,Tôi
3389.982930631112,5336.029037159028,8160.021394551956,0.9667410277472972,2144.994717224195,255.30436923666625,16.801894897122654,31.92598372066693,0.0022625415734143,Tôi
3801.006887215823,5053.003737167526,7481.005566071171,0.9885076062035568,2127.988817907611,255.14204558918004,16.724741818620423,32.56192810627902,-0.00961091233251,Tôi
3670.011312890672,4768.034532474231,7243.041204094903,0.9824686808040328,2097.0189657664428,254.50082481715103,16.834199204203966,33.25792299910609,0.0202743359649498,Tôi
3053.9924260640964,4538.016664692839,6508.0017943636685,1.0053763388072343,2112.0101590176937,253.86221753679263,17.096899950789155,33.50992782871544,0.0120188821746654,Tôi
3502.018292755872,4638.9801240262495,6397.979866309992,1.0007355687157604,2065.029829165258,251.29111043899465,18.634405034548067,32.43433241026431,-0.0204075949730619,Tôi
3856.00535805872,4836.99087770471,6048.038979685289,1.997345676252506,2064.996794179656,244.0812876918702,21.99549793866396,28.61151332083177,0.0083777345425991,Tôi
4448.04515285223,4838.013542426378,6341.018723280737,1.0419975919348363,2095.980339439838,234.23955385511408,25.92912917645554,25.87865225320336,0.0154904249958059,Tôi
4180.021681196911,4819.984348570119,5967.983373545437,1.017840209543678,2113.03067669176,220.28783095338105,25.74830013037388,22.75393224303444,-0.0022057372283653,Tôi
3744.981741636286,4779.017859497503,6033.988020615921,0.0061572361584733,2096.0106148190366,200.7834448947568,21.8211823964823,16.056600127628002,-0.0009927474892098,Tôi
3327.0181455240854,5113.019884460367,5966.994962657972,0.9945610240665548,2080.0214443737304,188.6512825279088,21.231895803806093,12.643138580526932,0.0053883326541979,Tôi
3014.998503803845,5125.988815167131,6224.012814472027,1.995530044411088,2048.982520665584,179.79992863329855,23.558374167432422,11.733619189584644,-0.0101618813089655,Tôi
1624.002500055334,4436.986746914061,5997.994278315971,1.0235843507368,1984.001497129768,164.19561203988866,24.910008690931136,8.615659469572513,0.0081073836932428,Tôi
876.0030073445859,3923.036899212038,5766.996845809639,1.0091493394598905,1952.0278951478228,146.93476928547165,24.183646972826885,1.2876966644958765,0.0915434476811638,Tôi
1189.9832964960033,4111.008629027141,5704.988988943643,-0.0237136607933961,2031.9926698792024,133.84187643349412,18.609680328424325,-5.613054263224281,0.0033811140517906,Tôi
897.0077330428272,3789.995890807128,5514.984415462972,1.0166429820015164,2033.002921274372,126.23101312536114,11.737798859964244,-7.058822241946507,0.0820950130622535,Tôi
88.01845130938482,3427.99444876398,3384.023321146362,0.954065327860504,1969.0100177104696,116.61072269890067,1.1476431881645226,-8.520229372477512,0.0373038340357069,Tôi
2.0000587751094008,3188.0035613470814,1943.0105507422809,1.0133280097606672,1889.003033756456,108.03052564635476,-8.09855701311783,-6.0155277378118095,0.1076425815168417,Tôi
1.013085566605883,1677.991763887843,2.975096335903626,0.0013569307225173,1888.024634117608,101.11683896838612,-14.714720940743064,5.488754639420725,0.103259698928786,Tôi
2.0209150447143767,3.003681492393442,-0.0002045498831156,2.0141893867605143,1888.0006299447816,96.9311684212803,-24.967023358000244,8.335450646168999,0.098016249321649,Tôi
-0.9521961660952742,0.9745091683067724,0.9917375412457796,0.9844183464238871,1889.0048328548648,93.25275963735037,-38.9207141558332,13.451781927874306,0.0411040091442747,Tôi
4596.96078313516,5661.972477160324,8284.998884677756,40.9973320975275,2128.9899252301857,242.5401650773404,23.179557480723247,35.12841635000024,-0.0351548379561978,Tôi
4299.986431531534,5677.018047805969,8234.985016185241,0.9985048048070796,2128.9788772249176,246.46666329474456,17.695143888107008,32.480201890151314,-0.0087676656590276,Tôi
4194.994034671935,5305.006495622917,7499.997448234044,2.018797604901529,2129.001194923064,251.44903526134303,16.335040973757582,31.739178288630107,0.0124384639060604,Tôi
4163.008432585481,5196.020905801864,7571.011533707412,1.9753802887132057,2128.96938385195,254.6524603761202,16.529243885069615,31.37391793811397,0.0100000107739906,Tôi
4063.025739567196,5367.002704698158,7626.9915609243235,0.9956495696983528,2127.998789928773,255.45852946463745,16.872930745011033,31.539434153695552,0.014991747511343,Tôi
3390.019914917631,5336.004645408293,8160.000584598982,0.9810545885665662,2145.0016140549246,255.30901387276452,16.81062081458395,31.92793210429656,0.0279271185674795,Tôi
3800.989024106914,5053.014953743731,7481.006349934155,1.016097621193682,2128.0015510667863,255.12884770384164,16.776116172432854,32.542201693207254,0.0066095503296744,Tôi
3669.990069166642,4768.016490126671,7242.990942958751,1.0013412028874995,2097.0060326209627,254.55201017068623,16.84414942840375,33.24456856165464,0.0174305148834477,Tôi
3054.01250836518,4538.030045078871,6507.988933747497,1.062224208899203,2112.014439533857,253.87603523912085,17.09271005021791,33.56368788632204,0.0213109062446693,Tôi
3501.973675285924,4638.962982604001,6398.019238630231,0.9836577234425056,2064.982909437353,251.3256085369452,18.592594645367164,32.471630490544186,-0.0403907731917371,Tôi
3856.0059799000537,4837.031993379548,6047.98699034935,2.0452798718318355,2065.015640477128,244.1223879045301,22.02515628486936,28.618717458835665,0.0243604308489878,Tôi
4448.02350346469,4837.972125347087,6341.013293555663,1.021704969401502,2095.999434784264,234.2856464544276,25.94384020669431,25.848941463214743,0.0347020574449472,Tôi
4179.988784777721,4820.0085916332455,5968.031184577908,1.0071013044951618,2113.0038902641268,220.3083821852344,25.734584911669664,22.72694601138365,-0.0105792840042091,Tôi
3744.9726652917216,4778.9982457153255,6034.009966941435,-0.0067514445823057,2095.994831348383,200.74995342338408,21.83768382709,16.06171814281154,0.0148759168527691,Tôi
3326.996840837456,5113.041415083229,5967.023563023904,1.028120604706508,2079.964703891351,188.6699800613119,21.27937477258741,12.624992213103663,-0.0084467684995355,Tôi
3014.979511146405,5126.022905972716,6223.992683234196,1.9753202231452407,2049.02581689262,179.82404737684624,23.56954950408569,11.7270612147371,-0.00686434069123,Tôi
1623.993437288755,4437.019707009431,5998.050355915439,0.993053190674777,1984.005809547628,164.18357824852308,24.93494090344629,8.633078756948525,0.0304227585143372,Tôi
875.964453878878,3922.996420901948,5766.973704624538,0.9721037964243676,1952.004587539269,146.9381338799232,24.228486908342248,1.362891682761436,0.1101062482411508,Tôi
1189.997733303678,4111.045305920725,5705.00746954462,0.02778104909429,2032.0028039579909,133.86988637580538,18.63086276849369,-5.629669008567655,0.0077256991072076,Tôi
896.9846896118299,3790.031183116718,5514.988725477769,0.9911371497380972,2033.0090449957013,126.25366941068845,11.697567440943814,-7.078060149459203,0.0694729684382808,Tôi
87.99257160064386,3428.0218048982206,3383.9793012268565,1.000942325997786,1968.989475976339,116.63634218663634,1.1804563712193636,-8.496142624200798,0.0846152417869714,Tôi
2.0225355879143225,3187.965098907608,1942.9853770796617,1.0184392537963414,1889.0034181013143,108.05862816545886,-8.08297131604007,-6.018771970091441,0.1217867914125409,Tôi
0.979150920497144,1678.0337177038823,3.008258203305527,-0.0055591793696073,1887.9962026258515,101.12224996412333,-14.66057048422035,5.446508451519128,0.0905517761405956,Tôi
2.029361945022855,3.03305802271909,0.0176094432947426,1.992904811297875,1888.006428989304,96.977554430023,-24.974893591179207,8.260312755779278,0.0748856756258669,Tôi
-0.9922713875715748,1.0080042527706363,1.0121521534747049,0.9926437410066054,1889.01617790778,93.23772324599544,-38.95533686177505,13.465377422616625,0.0690729776643756,Tôi
4720.464937860477,5814.005934447475,8507.454023715174,42.11638845219259,2186.1606344423963,0.0,23.80751534314589,36.07500601036509,0.0175759476176564,Tôi
4415.431208196468,5829.448055432324,8456.07873382358,1.0222105874184917,2186.135395848462,253.08683644152435,18.140166900301523,33.37265813816738,-0.0067484178848381,Tôi
4307.6579030431285,5447.459825927209,0.0,2.055972627230006,2186.1976525576224,258.17820570283993,16.861109527155918,32.62296411831741,0.0,Tôi
4274.802385262085,5335.47298709318,7774.248851465871,0.0,2186.169384032208,261.4502494631439,16.97123289092855,32.22610155482477,0.0261831761748684,Tôi
4172.084270994049,5511.083993215074,7831.778097109849,1.054456875499984,2185.1714326378788,262.3065097290299,17.333656605572568,32.368762970986175,0.0307385276034174,Tôi
3481.0266234562287,5479.3087215597725,8379.095100376751,1.055826256574449,2202.631503018482,262.12909375438863,17.259440601951574,32.80114786520779,-0.0,Tôi
3903.031972718424,5188.634204795863,7681.887445552494,0.991961213973122,2185.133853041292,261.9520048811862,17.195886976263868,33.42482196718427,-0.0215585788096034,Tôi
3768.546485399887,4896.039974350487,7437.4908517969825,1.030819153098014,2153.3082611840423,261.368675349699,17.323775951063727,0.0,-0.0205327530953778,Tôi
3136.0163468095043,4659.849640298285,6682.753507958799,1.0054147667187192,2168.70633911581,260.66218851562564,17.56998309699264,34.48792797446004,0.0014288340784519,Tôi
3596.000863508449,4763.524931984021,6569.804809713858,1.049781566458177,0.0,258.0654264049293,19.11630873073376,33.31762987511053,0.0387270652843474,Tôi
3959.540572709719,0.0,6210.379910431671,2.032664292919714,2120.4431280192184,250.7001499060817,0.0,29.38096909915118,-0.0274890667170873,Tôi
4567.426085824509,4967.900447530087,6511.258904365706,1.0406722979091778,2152.2506472640007,240.5565791485445,26.616411001263486,26.56746405535497,0.0156744123684224,Tôi
4292.22488842616,4949.401967215151,0.0,1.0114700798990504,2169.7314757458253,226.21201386983543,26.44219771342454,23.382701938814947,0.0024865214376075,Tôi
3845.5517662218617,4907.318213028908,6195.992006299603,-0.0055503382927499,2152.281899381745,206.11764930863845,22.360835018941813,16.517538936686066,0.0,Tôi
3416.3551495765087,0.0,6127.210025370036,1.0074180947087266,2135.839233207781,0.0,21.812799122410727,13.001655507945143,-0.0035937495034964,Tôi
3095.977199495873,5263.647968018695,6391.104745818413,0.0,2104.01925986289,184.63999822327253,24.191478286955256,12.043468107995878,0.0056269459766622,Tôi
1667.5982356358525,4556.118312266437,6159.060960094378,1.0195562140797034,0.0,168.6008334730692,25.58542843138799,8.851564024744814,0.0193744914261057,Tôi
899.539470637352,4028.356492851707,5921.796900731538,1.0200469143876243,2004.402357590324,150.83483088580235,24.830510123317826,1.3356625590810134,0.1047762582930181,Tôi
1221.9117903894344,4221.36617530527,0.0,0.0027030984300079,2086.5339658027824,137.46130218993423,19.094024686692965,-5.762786453708687,-0.0248471744442329,Tôi
921.0373347610044,3891.75791144052,5663.08086741762,0.0,2087.5832911003954,129.62393561536712,12.048238091829084,-7.249681185234926,0.1008671458500876,Tôi
90.35365840724631,0.0,3474.868873870846,1.0488222156289402,2021.829318367648,119.75557761369822,1.2017037587513617,-8.720280651994706,0.0727986193935874,Tôi
2.044049686685261,3273.615063456574,1995.182953205556,1.0121669081388442,1939.7416354162635,110.97417092183672,-8.260789008713203,-6.149766863197476,0.0903472852853591,Tôi
1.0354248687204497,1723.0556668622828,3.1453543258929417,-0.0374796651838011,1938.680190364557,103.82687202573516,-15.113073903515806,5.6421427647121005,0.062497321255338,Tôi
0.0,3.0571848991918364,0.0,2.0390604666328795,1938.7067079896576,99.53539424662564,-25.66994757518864,8.527351247001935,0.0487264979719019,Tôi
-1.0458214981481124,0.0,0.997750403022999,1.009660546179129,1939.7373976635552,95.73715141178911,-39.97284167954887,13.80309626871846,0.0561502917605844,Tôi
4534.581898080568,5585.131067005632,8172.606812300381,40.47752054734558,2100.093281282443,0.0,22.863154730801,34.65845399596559,-0.0233716540721176,Tôi
4241.619833337251,5599.935495320293,8123.270012449962,0.9487954315539132,0.0,243.1029256748264,17.402614936694047,32.0625237425346,0.0155258677283206,Tôi
4138.0867675028485,0.0,7398.202900501294,1.9554817084543503,2100.135412222338,248.0440458683677,16.169777785688957,31.315553912412213,0.0483607875130664,Tôi
4106.519403186322,5125.4654548808485,7468.271370408663,1.9500139186674696,2100.11543838254,251.1605648276609,16.27032970103768,30.94789517043869,0.0056497044898376,Tôi
4007.889116334401,5294.157326570453,7523.471728293141,0.995519733891623,2099.152611023245,0.0,16.641392368874484,31.09167131625997,-0.0005598579901122,Tôi
3344.017875221459,5263.584362301192,8049.268634040996,0.9941036723489948,2115.899612463624,251.84911102747463,16.574645007089334,0.0,-0.0227864593741595,Tôi
3749.428409317036,4984.3848046463445,7379.466566878677,0.9888358867783248,2099.145265324443,251.646973908468,16.54284943732852,32.129377862330216,0.0358003076918666,Tôi
3620.205737918841,4703.303972092738,7144.695753421575,0.9599793230246848,2068.534556540945,251.04139721317785,16.663373725342467,32.80279619026876,-0.0025772120607953,Tôi
3012.544384081419,4476.424881673712,6419.683501389089,0.9926313694434378,2083.350909274415,250.42626718017493,16.86396648173208,33.08243968238285,0.0076891704293955,Tôi
0.0,4576.050516366387,6311.160547161991,0.996934676772095,2036.9884502695936,247.8937994380432,18.349034662312576,32.010748007198096,0.0,Tôi
0.0,4771.358115331721,5965.95627506759,1.96353178527292,2036.9718289330604,0.0,21.70752546942896,28.26800661208876,0.0049846107482682,Tôi
4387.651546853433,4772.368074624806,0.0,0.9504499851586408,2067.5523953770107,231.06595872746647,25.5849190848204,25.505079738845065,0.0244140543890322,Tôi
4123.302028757432,4754.601098213807,0.0,0.9980195857724836,0.0,217.32122492705977,25.39160342712229,22.444148058765016,0.0241520510142525,Tôi
0.0,4714.169579213309,5952.108647094864,-0.032327750767053,2067.572941453944,198.02582679363016,21.502957830784663,15.86717590768489,0.0187881533586124,Tôi
3281.874468477284,5043.605129699367,5886.023759131141,1.0024211881366665,2051.7407195288524,186.157411037348,20.93106370252428,12.488592303730982,0.0140549204721057,Tôi
2974.117008119991,5056.416678572657,6139.510232333067,1.953190463127328,2021.1972855020315,177.36880198877478,23.22367009606992,11.577952218026816,-0.0076926603716302,Tôi
1601.9427648305775,4376.787374770113,5916.603012663616,0.0,1957.079212984724,161.95081671633974,24.58502386011297,8.533877789737742,0.0,Tôi
864.1086577699558,0.0,5688.73880465696,0.958621815668142,1925.4857297942365,0.0,23.85148092809044,1.31810433238822,0.085076529991742,Tôi
1173.8516415024797,4055.197383888277,5627.597956664832,0.0,2004.3927474070504,132.025079405319,18.336850832713026,-5.546299104854259,0.0060279542432401,Tôi
884.8328182775585,3738.580950767816,5440.15881062582,0.9749830678693951,2005.4148628489893,124.53509737784007,11.593853008270294,-6.97155032287291,0.0815877068434758,Tôi
86.76824257468165,0.0,3338.083311331314,0.9920196050702924,1942.2501678633137,115.0382395913864,1.1718218488406764,-8.398114347825581,0.0728717005561134,Tôi
1.973485742208925,3144.759520708312,1916.6254721882085,1.0118067341507828,1863.378215142224,106.60819417934307,-7.931493379123375,-5.9102265325526,0.1157759855489287,Tôi
0.954116741311306,1655.2491034148518,2.9201876207963333,-0.0018977743308957,0.0,99.7621560610837,-14.448000707499624,5.396733452115935,0.059152986769563,Tôi
2.012672130001679,2.9723164116272707,-0.0006868790185447,1.9612145578014508,1862.367563165094,95.63690132635251,-24.640721759369825,8.196308119141985,0.0585738498314077,Tôi
-1.0240344698653907,0.9828698188261524,0.9926294959921672,1.0034973544278174,1863.358307845988,0.0,-0.0,0.0,0.0,Tôi
1.0,4.0,55.0,2.0,1889.0,90.25,-54.19,19.19,0.001,Tôi
1.0,142.0,1.0,2.0,1889.0,88.44,-67.06,26.62,0.001,Tôi
0.0,203.0,1.0,390.0,1889.0,79.87,-77.25,49.63,0.002,Tôi
2.0,87.0,2.0,322.0,1888.0,81.31,-81.31,63.19,0.002,Tôi
0.0,291.0,1.0,39.0,1888.0,80.44,-80.56,69.31,0.002,Tôi
1.0,291.0,1.0,43.0,1888.0,81.44,-79.81,76.0,0.004,Tôi
2.0,179.0,1.0,39.0,1888.0,80.5,-76.56,74.25,0.003,Tôi
2.0,1.0,2.0,49.0,1888.0,79.44,-75.62,78.0,0.003,Tôi
2.0,33.0,1.0,37.0,1889.0,80.19,-75.56,77.94,0.002,Tôi
0.0,59.0,0.0,55.0,1888.0,78.37,-75.62,75.12,0.004,Tôi
2.0,1.0,1.0,49.0,1888.0,78.12,-75.19,74.44,0.002,Tôi
1.0,1.0,0.0,105.0,1888.0,78.62,-74.75,75.87,0.003,Tôi
1.0,1.0,0.0,263.0,1888.0,78.87,-74.31,75.06,0.003,Tôi
1.0,1.0,2.0,62.0,1889.0,79.06,-74.37,72.19,0.004,Tôi
1.0,1.0,1.0,15.0,1889.0,79.06,-73.75,70.0,0.003,Tôi
1.0,1.0,0.0,1.0,1889.0,79.62,-73.31,67.94,0.005,Tôi
2.0,2.0,2.0,1.0,1889.0,80.0,-72.69,65.19,0.004,Tôi
2.0,2.0,1.0,1.0,1888.0,80.37,-72.62,61.19,0.004,Tôi
2.0,0.0,1.0,1.0,1888.0,80.0,-72.37,58.19,0.004,Tôi
1.0,0.0,1.0,2.0,1888.0,79.94,-71.87,55.13,0.004,Tôi
1.0,1.0,0.0,1.0,1889.0,80.31,-71.37,51.0,0.004,Tôi
2.0,1.0,2.0,2.0,1889.0,83.31,-70.62,48.38,0.003,Tôi
2.0,1.0,0.0,1.0,1889.0,85.5,-67.87,45.63,0.004,Tôi
0.0,2.0,2.0,1.0,1889.0,85.94,-66.19,42.56,0.005,Tôi
3.0,0.0,1.0,1.0,1888.0,85.56,-65.81,39.0,0.01,Tôi
1.02315439753507,4.046218288916818,55.38367375248036,2.003926780567112,1903.5282122189,90.91639765330169,-0.0,19.29927782162776,-0.0351747871440314,Tôi
0.0,143.0832677487071,1.0084902163037182,0.0,1903.501235201601,89.12350677448876,-0.0,26.823592722882665,-0.0305482908385511,Tôi
-0.0003137285733215,204.5621599336528,1.0062748599091578,393.0046112593034,1903.513711724684,80.46216701439307,-77.85226227033141,0.0,-0.0342281900274413,Tôi
1.9732965984339448,87.64755850449016,2.011761393200017,324.4682979017389,1902.477055476949,81.92901893837326,-81.93360572931333,63.66862566044997,-0.003689133245573,Tôi
0.0081780525830751,293.2327029211655,0.9844924727887328,39.27771157421923,1902.492534125019,81.0223014511863,-81.17114638893769,69.85619845425173,-0.0,Tôi
1.0127234578732145,293.2304490819258,0.9982780512727348,43.30308162882391,1902.4847855497328,82.09829196481253,-80.42239085481415,76.59737055558985,-0.012170666918025,Tôi
2.031391182326822,180.3623281266276,1.013161585144714,39.27816001505048,1902.52822118985,81.1037609634352,-77.16968654585297,74.80756387138365,-0.0467697277928633,Tôi
2.0133449023006675,0.0,2.0038930792980514,49.35918160967482,1902.4534461807496,80.03254362382668,-76.19720176212863,78.5820337344121,0.0285209406394802,Tôi
2.0289422010093903,0.0,1.0338385466535145,37.25816767375714,1903.4854514940207,80.79843190315093,-76.15101403521925,78.56421574868935,0.0063437630476708,Tôi
-0.0079562018832225,59.4780157252744,0.0049968122501651,55.393293232114274,1902.503251580713,78.95937078608233,-76.19577397518236,75.68755600464573,0.0273513801874351,Tôi
2.0500318739926064,1.011568410455672,1.012297541193332,49.35253494923254,1902.5128560143785,78.70038344160028,-75.77525603693216,0.0,0.0352056088459652,Tôi
1.0177504012074328,0.980224766343799,-0.0449583334776976,105.79522435866856,1902.460997071533,0.0,-75.35614056383714,76.46746344001106,0.0153501269549273,Tôi
1.0198926495335905,1.0473515266248403,0.0007819172149023,264.9937696039286,1902.5115898732456,79.50450393423165,-74.88488780318197,0.0,0.0026957621462583,Tôi
1.0062643390960155,1.0179903906403531,0.0,62.48940208156548,1903.5001188729727,79.66495698107892,-74.93627701692877,72.74148790193209,-0.001978648087458,Tôi
1.015422103840198,1.0226141615465234,0.994976070836378,15.105453809151111,1903.5302553395315,79.6816669669359,-74.33745499609749,70.51010205530419,-0.0131842816762002,Tôi
0.0,1.0073343550870095,-0.0413828207406693,0.0,1903.524511752039,80.20700619844627,-73.86529651152996,0.0,0.0,Tôi
2.006931652937832,1.978915061844886,2.01366427569726,1.010497081635011,1903.4869765275496,80.5890606120074,-73.24299833133333,65.7358357016701,-0.002746396672924,Tôi
2.032670637026257,2.054690163609992,1.0157569183620077,1.028398236867185,1902.4997235967303,80.98701518529961,-73.18004019537953,61.66983010399111,0.0001504115926205,Tôi
2.0627962501123824,0.0140774701896415,0.0,1.0160802470155927,1902.5102228475264,80.62880140358001,-72.92911260291936,58.6272272692282,0.0148169763591473,Tôi
1.024643889589295,0.0359595894937167,1.0268169821487505,2.001075950616152,1902.5383694783195,80.54947616820914,-72.43045155400063,55.56199595053869,-0.0040069636349707,Tôi
1.0051833152160097,1.0225623824903871,-0.0263745952356559,1.0318417531224355,1903.513767922277,80.97298948444099,-71.94479872140954,51.385891848277616,-0.0115425467517736,Tôi
2.0289502345348933,0.957666975447491,2.006402201416245,1.99497168113867,1903.5257316241784,83.93881635551935,-71.16688778862351,48.76609147334453,-0.0084545575045992,Tôi
2.0327969895629048,1.0071760646587504,0.0019434892838434,1.0082869728125416,1903.479730609636,86.18848128679116,-68.3830741631311,45.94643405796533,0.0482821235728099,Tôi
-0.0136525085663148,2.0380195719585776,2.0029882647928337,1.0456091881983474,1903.4673092061644,86.60317495402987,-66.69685547087609,0.0,0.0286256947968188,Tôi
3.024883128648582,-0.0173638210866223,0.9965710154741232,0.0,1902.4874168901767,86.21968968232945,-66.32564485862592,39.27612926093119,-0.0,Tôi
0.992392418945052,4.023891255585979,0.0,2.0106206868936707,0.0,90.2348149410896,-54.174600463427424,19.19663257757093,-0.0221088946262301,Tôi
1.0175151397894229,141.9742787392145,0.978004781735158,1.9960502984452304,1888.9914597586776,88.4604906876082,-67.04991133060885,26.63166366994299,0.0,Tôi
-0.0224207134422572,202.9624618311149,0.9882574537420628,390.0277146962392,1889.026152902616,79.87696153386746,-77.2666122114988,0.0,0.023488234359209,Tôi
1.97992154011092,87.02284138303179,2.0146763207951874,321.97293774823225,1888.014811421241,81.31385134230231,-81.29794054115129,63.228694267838186,0.0082982381977809,Tôi
0.0142860041983041,291.0193721181431,0.9824803932846488,39.010828873094965,1887.97185308308,0.0,-80.55183952554604,69.28443829440168,-0.0049050031529394,Tôi
1.0064656012991762,291.00941452007834,1.028786730286939,42.991664358715965,1887.98521620476,81.46533384353748,-79.82837557877794,76.00579491260785,-0.0201461289016097,Tôi
1.9578477700993533,178.97773194742123,1.007572408209686,39.04695067562851,1887.969177531615,80.5128833017178,-76.57870719438473,74.27377532832519,0.0171414504927483,Tôi
0.0,0.9906036391755592,1.9956043906076784,49.012005474484646,1887.9779738149723,79.44733094620112,-75.6307331056389,78.02269155808975,-0.0198718881979016,Tôi
1.9788109382043328,32.99030083804788,0.9799385964406894,37.03289946144206,1888.986477500208,80.19824432877405,-75.5694824831368,77.9464253463957,-0.0029474681671137,Tôi
-0.0091419608318682,59.013911832497,0.0010663438016868,54.9891546029851,1888.015885371188,78.34541645233102,-75.59890733957106,75.11679036086836,0.0282830288038295,Tôi
1.9934780917733528,1.0369917078885451,0.9872961058047168,49.02407736260014,1887.946668131461,78.12446513362364,-75.20088349433377,74.44399627148756,0.0002463679697345,Tôi
1.0009569823853812,0.9961074182670973,-0.0,105.02120265263636,1887.995366027348,78.62138176325674,-74.78247560764281,75.8674386782761,-0.0257084139371107,Tôi
0.0,0.9924447317653226,0.0227203684773305,263.0041770903096,1888.0029716883328,78.87985161798483,-74.3109669188331,0.0,0.0680021021103387,Tôi
0.975261263051226,0.9746779312114716,1.9632786874267312,62.01721853330904,1889.0416063152857,79.06063627270237,-74.38138387634906,72.19772556810972,0.0188201561211784,Tôi
0.9995701381316072,1.0163361783146838,0.9914413795612872,14.982821829652684,1889.031607658133,79.03879024394436,-73.74424431976485,69.99587921484336,0.0192662031698031,Tôi
1.004144250455861,0.963984959691815,0.0078540191737657,0.9902170510010884,1888.995890423364,79.61536374387562,-73.32909333449447,67.94130371052827,-0.0310221616370088,Tôi
2.022706694668353,1.9821732076903555,2.025038040185561,0.9812921851370588,1889.005641102587,0.0,-72.72447455665876,65.19471050422672,0.0161531303592678,Tôi
1.993117810272531,2.011950129845701,1.0098939072973532,0.955341061661244,1888.0162443499648,80.376231247036,-72.60617140461201,61.193800371542345,-0.0,Tôi
1.9893709712376269,0.0261287782065762,0.0,1.0037825626096186,1888.020174646332,79.99541191818584,-72.3829254997245,58.21770757357406,-0.0136509136569834,Tôi
0.0,0.0375525787164646,0.0,0.0,1887.994232152172,79.94161154481644,-71.86258119829954,55.158407165761375,-0.0101726046221315,Tôi
0.0,0.0,-0.0011586442793394,1.0113347956637997,0.0,80.30008287288183,-71.3660000879803,51.00002377230015,0.020527681496264,Tôi
2.000050876483696,0.9906940467878717,2.001000451932334,1.9856770983512613,1888.9910399072328,83.32515499988163,-70.58875414495598,48.41891543566788,0.0082455322435602,Tôi
1.9960549039611213,0.0,0.0,1.0036028947751283,1889.006544929956,85.50529704436568,-67.8807011669974,45.65012099981126,-0.0120789115839154,Tôi
-0.0409233608379283,2.01304587326318,2.0020676139367826,1.003606818772942,1888.9988458536343,85.9209633674978,-66.2038039283639,42.61391654346801,0.0,Tôi
3.0027075574636,-0.0174117596830552,1.0055316475600384,0.974614041116101,1888.0103130852087,85.52684595086225,-65.8014735057956,39.00266915678967,-0.0136448993003672,Tôi
0.983950247366079,4.031989352205566,54.97581053026893,1.9833947092036863,1889.0153902430288,90.25486365856057,-54.19305254971984,19.23859989953155,0.0055435468830148,Tôi
0.9759062214617829,141.9877421888173,1.0091167929921472,1.979007693623095,1889.0132190844013,88.461345300156,-67.07445980402893,26.626329084532244,-0.0140346455999516,Tôi
0.0276614613983405,202.9849444624313,1.0498477709443603,390.00733966613655,1888.9936201663352,79.87958340338099,-77.23671138191158,49.60461640973589,-0.0035046278752799,Tôi
2.0150768890969166,87.01245192713861,1.994674903691851,322.00387704301136,1888.0233306505863,81.27684987315348,-81.31146572035074,63.198215513486296,-0.0014515024516983,Tôi
-0.0121097460554589,291.00552397110187,0.9948059808204548,39.02447739342785,1887.9903093971363,80.42833387541187,-80.57122865941504,69.2954702759128,0.0434027641986682,Tôi
0.99730884694213,290.9792394668606,1.001671466476892,42.96974074772658,1888.005100993516,81.42989110773686,-79.82778542010189,76.01673163591354,-0.0001678149367113,Tôi
1.9850241252905017,178.99774839934545,1.004424256425237,38.98733731174047,1888.0184330111176,80.45725919015695,-76.58688110916847,74.25147617455228,-0.0089599394237027,Tôi
1.9912851492909327,0.9883478345039252,2.0126883087081087,48.993468169497206,1887.9928929116893,79.43799565864693,-75.61359621978231,78.01944969232478,0.0125691803493463,Tôi
2.002587558159646,32.99542616174371,0.9961340834664428,36.98723054622253,1888.9805235525737,80.17016649326202,-75.54119494520886,77.90646678477637,0.0029707401069793,Tôi
0.0114976170020955,58.987609289182686,-0.0154370044229137,55.02390282752075,1887.9961950825457,78.3512881056961,-75.61886013060688,75.12159618646898,0.0312024730820679,Tôi
2.03298871923598,1.0026666338362389,0.975714927757369,49.0073004081994,1887.9972259046835,78.11879467477219,-75.17921038154978,74.46573415936737,-0.008644323087833,Tôi
1.0243038171571992,0.9846422720516425,0.0077511097825532,105.03274111667127,1887.9817118218552,78.62148869487076,-74.7483130141478,75.88388815752913,-0.0192279596448465,Tôi
0.9778590851838016,1.0107692416216794,-0.0134372699887175,263.00109856091643,1887.978574292716,78.86469773010748,-74.27471568944102,75.0710705869252,-0.0040586570070571,Tôi
0.9843697666638472,1.0053684748609577,2.003271627828755,61.987594233748176,1889.0030748267163,79.06716656804396,-74.35975741324222,72.16366112662516,-0.0010438969828386,Tôi
0.9777232158126916,0.98010125258213,1.0048181595320742,15.023384706248091,1888.985392732607,79.05308134546698,-73.76228809097377,69.99318158425392,-0.0508263597321947,Tôi
0.9854992815457329,0.9693709937370668,-0.0489164210219742,0.9745136921314924,1888.9966498195456,79.61145370582594,-73.29051811979933,67.9385514648789,0.002626373622658,Tôi
2.007089907049028,1.9991403608268417,1.985607623392875,0.9853722620726671,1889.0262743615765,79.97677658855326,-72.71481338522864,65.19794130391348,0.011137937715074,Tôi
2.024320816903997,1.975097950827729,1.007677217049306,1.0301979147567246,1888.013213269656,80.39384683531641,-72.61711080447627,61.22135590440229,0.0023355667591276,Tôi
2.002687447773331,-0.008848455783188,0.984158288311372,1.0003186125739278,1888.025347144836,80.01596339180479,-72.35373617035626,58.20355421840651,-0.0011703084939252,Tôi
0.9809180863740338,0.0431573626463796,1.001293970139027,1.957977426694788,1887.993869398016,79.92463859301921,-71.84151148844143,55.13983464133137,0.0120606310551336,Tôi
0.9930465908513488,0.996616446837124,-0.0618434532029898,1.0324503660914726,1889.0423004688253,80.33014792603835,-71.37815453013937,50.994324971712814,0.023794129137351,Tôi
2.002774494493374,0.998545857183511,2.0187406406740904,2.0322572088470072,1889.0148528236527,83.30706010875231,-70.63443127210644,48.355944397172514,0.0083611601526441,Tôi
1.981773019214743,1.0040657263864667,0.0190446728654433,1.009740653550578,1888.9879668160388,85.4992982245264,-67.83502090691057,45.63797034003451,-0.0034338410039249,Tôi
-0.019296520320413,2.012505432341522,2.0162280268601624,0.989264633900959,1888.9752786608208,85.96988396218269,-66.22736025964642,42.55956836648962,-0.022176140051313,Tôi
2.973035821977376,-0.0118373641373159,1.022438293314457,1.034862911840569,1888.0212234987844,85.55863782158751,-65.81252839249362,39.03914724142188,0.0049081099762955,Tôi
0.9816078118758372,3.973816922805349,55.008014823737895,2.0078157856777805,1888.999625346616,90.25527909140936,-54.172829517973,19.18392734101668,-0.0107527690464676,Tôi
1.0109796773484447,141.99868341199524,1.0233047658462526,2.02058442210326,1888.9787708774493,88.45443317345206,-67.05695565346996,26.62206966182637,0.016782999839776,Tôi
0.0213837758841573,202.9977009002152,0.9873072800629352,390.0008829743804,1888.975971387439,79.8726251774501,-77.24121811872533,49.63227013371775,-0.0020831954865534,Tôi
2.0302006422428147,86.98984769989679,1.9724288729459245,322.0422493763385,1888.01746373597,81.29281462420286,-81.28098474864902,63.20122160466228,0.0016343877075748,Tôi
-0.0029490524141765,291.0112046002884,0.995237496490805,38.994093146684975,1887.993577902457,80.44187352961899,-80.56707871421395,69.2708101212396,-0.0018741195799687,Tôi
1.0091723768500385,290.9808440547135,0.9859794660622154,43.004961603118,1887.9887666279096,81.44120775439434,-79.7979874679025,76.0229631136472,0.0019923174823445,Tôi
1.9907502556000467,178.9829417001371,1.0064551783756868,39.00735566627004,1888.0205209236424,80.48088922103878,-76.52941614257252,74.2591148271406,0.0092813216928203,Tôi
1.9636660379161373,1.0304108616967351,1.9204082336311123,49.04006628348566,1888.00081217903,79.44550281947444,-75.60691934603433,77.97462760983001,0.0151664100726438,Tôi
1.987797017573853,33.007006455183074,0.9652559719829495,37.00910621700513,1889.0126216430704,80.19743994570528,-75.56091844189451,77.95691962785929,0.0170771122580539,Tôi
-0.0030683047245383,59.00228205419803,0.0219516823088809,55.01075124602173,1887.995586886442,78.37308521815515,-75.6355102828374,75.11797426710976,0.0064021189872003,Tôi
1.9717915041970528,1.013713257072685,1.017471590825633,48.99007131226716,1887.9929647130928,78.12948299034994,-75.21595725364345,74.49033198380273,0.0388026089769786,Tôi
0.9948780075605758,0.970926484863336,0.0463584039899592,104.99132048250296,1887.9994063064264,78.64255660794551,-74.76787318869452,75.85639354943967,0.0120940432712412,Tôi
1.012875643792896,0.9860076096560352,-0.0260058763318624,263.0112286991051,1888.0094263408296,78.84097902627137,-74.29969676892179,75.08879154044706,0.0284106544183406,Tôi
1.0189796322953677,0.9986375988519466,1.985503366805795,61.97600420950253,1888.9866456089787,79.0531462654765,-74.3925129150695,72.17432759727133,0.0126931588382384,Tôi
1.0286220315440615,0.9989472999008052,1.027633464206873,15.00006266281516,1889.0180833478632,79.05013068607366,-73.76175300651126,69.99196394474757,0.0009909053492161,Tôi
1.0174961055814638,1.0025297162904203,-0.0069188290829889,0.966659899086204,1888.983895968088,79.65555398990853,-73.33053800851224,67.92426288892275,-0.0250843831298318,Tôi
2.020461639224662,2.0289151018343947,2.0034580533192323,0.964749238610536,1888.986655315208,79.97857284285347,-72.64756571905038,65.22418267945741,-0.0007609057716703,Tôi
1.9956393508103465,1.9829417928480937,0.9745676454990084,0.9588226534943636,1887.991840287756,80.36889592704624,-72.62726011893469,61.19936632540168,0.0189000650513336,Tôi
1.987819987868612,-0.0023667729745439,0.9757041193185024,1.0338304442578223,1887.9731312948943,79.9744912422528,-72.37352706045517,58.17285393236373,0.0243013391617227,Tôi
0.9917073588791646,-0.0141153929676218,0.9824692838885836,2.002282466145132,1888.0181958541968,79.96337113824958,-71.87220878361624,55.14830476053755,0.0058811898535066,Tôi
1.011114621440493,0.9820222784768726,-0.0182104122410587,1.029292938431433,1889.006541002071,80.30299702995335,-71.39000941532419,51.00275490322316,-0.0314106175263079,Tôi
2.023697856190897,0.9665136159970066,2.0226281291456143,1.9943717414773363,1888.9775762140243,83.33193416728369,-70.63192588939246,48.39591470740034,0.0097169831597056,Tôi
1.9797035488520247,0.9896085263655332,0.0043089579550505,0.9823034882316516,1889.0083013617464,85.49111722225399,-67.8341459542456,45.61443727213479,0.000572033983183,Tôi
-0.0203426929771979,2.00854566518735,1.9964946456283263,1.0101061133720792,1889.0171552952,85.93351996187471,-66.15908789340413,42.52347113133848,-0.00634777198918,Tôi
3.0113620363604805,0.0428958830140163,1.004264372785577,1.0131917093194558,1888.0210553640068,85.56575588883857,-65.8011816109603,39.04317494673637,0.0002168110079938,Tôi
1.0,2.0,1.0,1.0,1889.0,87.25,-62.69,37.5,0.004,Tôi
1.0,0.0,1.0,1.0,1888.0,86.44,-62.75,39.19,0.004,Tôi
0.0,2.0,0.0,1.0,1889.0,87.06,-62.38,38.81,0.005,Tôi
1.0,2.0,0.0,1.0,1888.0,85.94,-61.06,37.5,0.005,Tôi
2.0,1.0,3.0,2.0,1889.0,85.56,-60.88,36.38,0.004,Tôi
0.0,0.0,1.0,2.0,1889.0,85.69,-62.38,36.69,0.004,Tôi
0.0,1.0,1.0,1.0,1889.0,85.75,-64.12,37.38,0.004,Tôi
0.0,1.0,1.0,1.0,1889.0,86.37,-65.44,36.44,0.004,Tôi
1.0,0.0,1.0,1.0,1889.0,85.62,-66.62,34.06,0.004,Tôi
2.0,1.0,1.0,2.0,1889.0,83.87,-67.62,34.63,0.004,Tôi
2.0,1.0,2.0,1.0,1889.0,82.87,-68.37,33.5,0.004,Tôi
0.0,1.0,2.0,2.0,1889.0,83.37,-68.0,32.75,0.002,Tôi
2.0,0.0,-1.0,2.0,1889.0,83.87,-67.69,31.81,0.003,Tôi
-1.0,1.0,1.0,3.0,1888.0,83.56,-67.87,31.06,0.004,Tôi
-1.0,1.0,1.0,0.0,1888.0,82.81,-67.87,31.0,0.014,Tôi
2.0,1.0,1.0,0.0,1888.0,82.25,-67.5,31.0,0.016,Tôi
1.0,1.0,2.0,2.0,1888.0,79.62,-67.19,33.38,0.004,Tôi
2.0,1.0,2.0,2.0,1889.0,79.87,-68.0,34.63,0.004,Tôi
1.0,1.0,0.0,1.0,1888.0,77.75,-67.19,35.19,0.005,Tôi
2.0,1.0,0.0,-1.0,1888.0,77.62,-64.81,34.38,0.013,Tôi
0.0,2.0,1.0,2.0,1889.0,79.44,-63.75,33.31,0.005,Tôi
0.0,2.0,2.0,1.0,1889.0,79.37,-65.12,35.5,0.018,Tôi
2.0,1.0,1.0,1.0,1889.0,80.12,-66.19,46.44,0.005,Tôi
1.0,1.0,1.0,0.0,1889.0,81.31,-65.56,49.56,0.005,Tôi
1.0,0.0,2.0,2.0,1888.0,81.0,-64.87,47.31,0.004,Tôi
1.0011091293961405,1.9838328856451173,0.9892883371313984,0.9867212906983042,1888.9910301925847,87.24008668414524,-62.69246996561062,37.49085591223397,0.0039926913334782,Tôi
0.9970731093176812,0.0240155262985963,0.9767583239642816,0.9989747909357636,1887.9983036020176,86.46897644441819,-62.73444012455102,39.21192448259629,0.0165451182279091,Tôi
0.0114236856655822,2.0016998812388773,0.0017028508029225,1.0212180069509844,1888.9773591570377,87.04329143036274,-62.41715614496548,38.82762230244148,-0.019366580762163,Tôi
1.0043455087286697,1.9970438288643664,-0.008300344112729,0.9935212684038536,1888.019538636618,85.97004343769872,-61.023995844770944,37.504606543294095,0.0220826585924653,Tôi
1.980682022937988,1.030701252994011,2.9546884295565654,1.9978879029895285,1888.9941078126328,85.56203504220424,-60.90441004370642,36.383717316022135,0.0139265577114024,Tôi
0.0118828474895359,0.0371659419966378,0.9794358393365996,1.975977657506232,1888.9805153828188,85.67982879165987,-62.39809748056962,36.65498417697403,0.0060975393703615,Tôi
-0.0349852437161068,0.9650089365570188,0.9918808328054616,1.0194560452170238,1888.966109373296,85.75040639729659,-64.12764189045302,37.37756221581229,0.0367199813149619,Tôi
-0.0253829561175883,0.9973357325193952,0.9649763515321804,0.974550594274804,1889.008723452871,86.40782846036832,-65.4657183949627,36.44044074350765,-0.0132082751480073,Tôi
0.9883250700688596,0.0229112223574849,0.9843997714057038,1.0273760501862392,1888.987442647032,85.60800797597231,-66.61004483844107,34.08381474571717,0.0332479391124953,Tôi
2.0043143032151693,0.9915778739118528,0.998875383126393,1.988741907350192,1888.9839487165505,83.85876868417333,-67.603303575568,34.641546377198225,0.0378011224613177,Tôi
1.998324167532483,1.02499255788772,2.003366642596282,0.9587520207203716,1889.009602517844,82.87653676828639,-68.39644532977617,33.51237621711783,0.022468724437073,Tôi
-0.0065553165096026,0.98968993413921,1.9833871884840049,1.9905065596882656,1888.9970001002025,83.3711406430813,-68.0086789330368,32.76850673150229,-0.0120050240002684,Tôi
1.9688308858391663,0.0068035934690958,-1.0121777977417057,1.988210721131335,1889.0014095589088,83.85895257850889,-67.71843809757928,31.85344219135561,-0.0093652972637658,Tôi
-0.9948396565123232,0.9795121940392498,1.0168551040002969,2.996808318531148,1888.0052010362645,83.55359223474453,-67.85441619147349,31.044128928890533,0.0006705123506547,Tôi
-1.0148545912107565,0.988832568884311,0.9742465310661694,-0.0026837869388855,1888.0015886973467,82.82996233755723,-67.8840529509552,30.9625756215712,0.023229691049407,Tôi
1.981402972752099,0.999307568526824,1.0406447852128444,-0.0041390002478581,1888.016060801521,82.24227934511416,-67.52401816087475,31.018627331062817,0.004130104612885,Tôi
1.0069501174853992,0.9918103472936876,1.998236815843376,1.9828983818828745,1888.0296827028112,79.62776997630752,-67.18447700949463,33.38690364137736,-0.005534265239875,Tôi
1.9969242145029724,0.985342950065736,2.036496398043284,2.033475908842213,1889.004858881366,79.88790370143323,-67.99589660624144,34.60794158313892,-0.0003210366556135,Tôi
0.9966576233437662,0.9863312784443748,-0.0173787047145294,1.000608324731011,1888.008742808498,77.75835082244492,-67.18259448803582,35.18857310267495,-0.0214872736395951,Tôi
1.960467597173375,0.9892735086906635,-0.0009917248888045,-1.0045067320885963,1888.0118512056367,77.63040654342234,-64.8101662472128,34.329528551510506,-0.0402334545057464,Tôi
-0.0082891769136444,2.021810318644619,0.9938898278212202,1.985190157244935,1889.0190735876129,79.40865980058993,-63.740206779862845,33.31594470277501,0.0106529494603281,Tôi
-0.008066098223119,1.971758797156654,1.9774775340772648,0.9752738486892574,1888.9948076622863,79.35284135714055,-65.12418976857553,35.48093198478033,0.0182063133256985,Tôi
2.004236002054093,0.9710030079524734,1.0288846110697076,1.0104772635531385,1889.002648724835,80.13249924643901,-66.21428065341568,46.448616920481264,-0.006040942731658,Tôi
1.009518317326943,0.989647713360307,0.9915341097347804,0.0016366952182741,1889.0035083506395,81.28959385107767,-65.537860394988,49.57763740575199,-0.0323905016135703,Tôi
0.991135039241312,-0.0055143325831766,1.9794082813504807,2.0229366511869014,1887.985122747068,81.00072341006351,-64.88315628787723,47.28116669575675,0.0064291465746396,Tôi
1.0210466002578584,2.0203103336152823,1.0033940478364352,0.9702276833084524,1910.735406993214,88.25668561180547,-63.4114494477989,37.92770577331186,0.002103459799077,Tôi
1.0218151905083523,0.0110248197766257,1.0224373387687924,1.0108410670198535,1909.6766569862048,87.44373608565233,-63.45279606880298,39.64686803423571,0.0243822491478242,Tôi
-0.0317135215769475,2.0096436217117923,-0.0159614500403856,1.030718075353222,1910.706185575565,88.06414152103862,-63.08299021299201,39.24100920995359,-0.0207342761090378,Tôi
0.9808442161275084,2.036142817664464,0.0208050601259404,1.066141671432957,1909.6824767717048,86.95711424687956,-61.72967229014101,37.92912186396216,-0.0441312542756174,Tôi
2.018850515944853,1.0072861610137642,3.023489331316321,2.043636667054196,1910.712527812231,86.51877634058324,-61.546847846073824,36.79495600302776,-0.0113105017249746,Tôi
-0.0458324169106307,0.0212040540363053,0.9940867204159746,2.0052556506363968,1910.706977871979,86.65120095091073,-63.104658837018654,37.12892567476868,0.0026964874868247,Tôi
0.0230969387234041,1.007662889203652,0.9659246355075644,1.067403023161018,1910.6757071278644,86.68197061438427,-64.8449853250517,37.80253649267438,0.0040740701429068,Tôi
0.0063972042779281,1.0262201765706829,1.0495295858597975,0.9913920315094688,1910.6852079071364,87.35269699718754,-66.21807225827122,36.844853179036576,0.012772281333801,Tôi
1.0395739482060362,0.0168174595851358,0.9890151787275684,1.0325416290797238,1910.7033919288383,86.56987787400267,-67.40294418059176,34.44915409519829,0.0057468096386579,Tôi
2.024949688811973,0.9989042832357578,1.0001077388761217,1.9950802480047105,1910.6558140377283,84.85017646086206,-68.4008147777431,35.00427572908379,-0.0109391175182603,Tôi
2.044259906756424,1.043436184526651,2.020758843965669,0.9975993752430696,1910.7230212581533,83.8195977190241,-69.18438204345328,33.92134439238053,0.0233214941480736,Tôi
0.0271932803673983,1.0385995997783182,2.012242203650359,1.9982412441772763,1910.722753131815,84.30158875198384,-68.76026581499461,33.12017183000247,0.0102879577194093,Tôi
2.003830295402957,-0.0191559835741959,-0.995571774696018,2.008650107835542,1910.7321906587536,84.85085939115194,-68.45749813939908,32.16939711099202,-0.0017489754259036,Tôi
-1.02676099696883,1.0185753513114382,1.0001310663955578,3.054819187199916,1909.702814304888,84.51044382603689,-68.65541077894719,31.44716347574663,-0.0114602073855106,Tôi
-1.0171584882528102,1.027685964258789,1.0114563401196257,-0.0012471148416453,1909.729519000561,83.75766013402423,-68.65817394469983,31.3426734689144,-0.0290201108166184,Tôi
2.027546821073421,1.0075220527905453,1.0052154500956734,-0.0108742201458406,1909.7100542741832,83.17332718764864,-68.25364106291617,31.33934038697593,-0.0088747154047172,Tôi
1.0177265524480694,0.9805823936034832,2.0162911509892,2.0384372872233083,1909.6962187281056,80.53653362287464,-67.96615335716616,33.75741913358355,0.0159477482197983,Tôi
2.023342631939257,1.0443106779407143,2.0347435458531145,2.022963583677949,1910.7134963848573,80.81186063675669,-68.78587583726178,35.06139813720846,-0.0322138037894833,Tôi
0.9978018008200592,1.0338601435268542,-0.022478372270292,1.0321228488336966,1909.6545167065703,78.6478301633218,-67.97273062385504,35.608718378956986,-0.0362569389700387,Tôi
2.045628650082457,0.9832500749784668,0.0118640729363315,-1.0287172353816014,1909.6494189684904,78.5135812726947,-65.56752892600764,34.78397474500847,-0.0109406863249698,Tôi
-0.0217612503002657,2.0571770423514804,1.03406486531397,2.0401922413374045,1910.7226515084144,80.32830427425861,-64.50360590106993,33.69161382991639,0.0310654492267697,Tôi
-0.0045233165100035,2.032521425665553,2.024978503260608,1.0120342219587295,1910.6738362537767,80.29523653012015,-65.86897462463507,35.88881301013156,0.0227025585735985,Tôi
2.0208811450384343,1.0178085178386234,1.015024950999201,0.994175846546572,1910.7009965885727,81.022937901879,-66.95395727584543,47.00151984243077,-0.0096748698189589,Tôi
1.04088950891043,1.0479765426848444,0.9941741813739648,-0.0448514259482025,1910.6941645325644,82.22737572964854,-66.29873257271356,50.12435886747975,-0.0059397875325275,Tôi
0.9858329002154071,0.0196351078603641,2.007401277535455,2.0474237228333534,1909.6836309871603,81.95600210818942,-65.6312977475246,47.87294338813543,0.0257246530173074,Tôi
1.0126700812364686,2.0133735926511207,1.0044855080631732,0.9906207781553584,1889.0288457959025,87.23232487994163,-62.64287735419912,37.52335923851278,-0.014920641580359,Tôi
1.0130335064630127,0.0219349719104455,1.0068629513121243,0.9863904057285624,1887.9651489837745,86.42873882346443,-62.755975213514034,39.1932699311063,-0.0017036783491798,Tôi
-0.0017141570612432,2.0074519761897416,0.0034097126456265,1.0093058601803593,1889.0390763354897,87.04796810500861,-62.37087889383663,38.80665191411261,0.0036940995191135,Tôi
1.016077033297875,1.9865659161517968,-0.0342194872253198,1.0073250010911927,1888.009046022812,85.95873683089381,-61.03755214792079,37.49549870679367,-0.0249020195842676,Tôi
1.9874622552550507,1.005430745368166,3.006191395306296,2.016120071396968,1888.9892610563725,85.55512823273912,-60.89298938462142,36.39651557522381,0.0151436526317876,Tôi
0.0041729113651272,0.0059786117862059,1.008946954033456,1.993423010587948,1889.0259776754044,85.68004283906241,-62.39149167569822,36.70406215273104,0.0047309806038802,Tôi
-0.0137162798986529,0.972522614313334,1.0273636529602748,1.0137681916642156,1889.0103563191776,85.76416033681357,-64.10245399006405,37.36930380316762,-0.0061623601898994,Tôi
0.0269785637165228,1.0254221889179158,1.0223095413456669,0.9714796168919064,1888.996129692992,86.39128689691084,-65.41239284203078,36.43979704957203,-0.0159131370796346,Tôi
1.0175041930630178,0.0011801522310638,0.9807519897445256,0.9917711141828044,1888.986072438234,85.642128926282,-66.62297096982365,34.053698278612,0.0155875703011812,Tôi
1.9757478516491864,0.995002794167236,1.017526647250814,1.968028568873264,1889.023809214396,83.855818169434,-67.60798349542902,34.59887754649711,0.0208768429363321,Tôi
1.9820319232179449,0.980792024904671,2.012222407433021,0.9674465323631796,1888.986515075805,82.83443120197082,-68.36801129659553,33.49573851048876,-0.0180298085767241,Tôi
0.0083984856917722,1.0138319037530594,1.9752120849283648,2.009465346829512,1888.9975683771856,83.35407258447576,-67.98984859121919,32.745614838736074,-0.0036483832251713,Tôi
1.9997416752672232,0.0430847067435825,-1.0217378920550262,2.024588368142108,1889.046420529201,83.87923637014057,-67.68693072744112,31.835984468018687,-0.0178475690511753,Tôi
-0.9928985463741324,1.0030739336845866,1.003804833018149,3.021211261679724,1888.0046070412272,83.54233814378173,-67.84960126519591,31.07537667254588,-0.0081587334735664,Tôi
-1.040606186445288,0.999682201950822,0.9970835027574524,0.0181589969167634,1887.9900761184008,82.82916828461275,-67.83588929237978,31.000179474170988,0.0067697129716983,Tôi
1.988061967873856,0.9964320261191484,1.0053739105191986,-0.0062106351770197,1888.0089065073028,82.23952302572414,-67.52755902616475,31.018345531418884,0.0153462667760006,Tôi
0.9952577647329668,1.0252936957681005,1.977759178290932,1.987742692854313,1887.9989847422205,79.65587794664118,-67.19465166454967,33.391526289914374,-8.791232048654691e-05,Tôi
2.020130553081056,0.9830084946451754,1.9879363822592544,1.997989004558241,1889.0268921325712,79.85803001347955,-67.99826250129053,34.631842508415346,-0.0270086564964617,Tôi
0.9808540526207472,1.0025091783127418,0.0080935483863806,1.025597566713404,1888.03809802836,77.78716685649198,-67.2048884825412,35.197074271173186,0.0143033502387715,Tôi
1.9651066094621152,0.9752929325466508,-0.0157533787958852,-0.9956210480381958,1887.988474325551,77.62352963646411,-64.80673519533079,34.37120226700159,0.0068095591695844,Tôi
0.0019936154377348,1.975891437657692,0.9793697722080418,2.014581613976323,1888.9932074952208,79.40715095614209,-63.73451029013511,33.31116572475261,0.0186325805109402,Tôi
-0.0089251353618133,2.013702392005776,2.0177296239102023,1.010871046231772,1888.9997242741388,79.39219474538316,-65.12021641645525,35.522677525792815,0.0023623021702482,Tôi
2.02635495646268,0.9969656970126676,0.9952735457180738,1.025983755633977,1888.979226402136,80.1079138805072,-66.17014622085104,46.416844252220415,0.0249443000641991,Tôi
1.0002859771316617,1.04870248006269,1.0069654045163567,-0.0301041320805068,1888.9703612268704,81.29700758521992,-65.5402982099014,49.56649656438882,0.0058084005581594,Tôi
0.9850196556063026,-0.0080522504368648,1.987617577946544,1.987044037519706,1887.9932870798104,81.01221374601438,-64.88754541532255,47.32170363447982,0.0208079955696954,Tôi
0.0,2.046049534278468,0.0,1.0230247671392336,1932.4937851260124,89.06453622714169,-63.8162849741454,39.70359121267366,0.0051151238356961,Tôi
1.0230247671392336,2.046049534278468,0.0,1.0230247671392336,1931.470760358873,87.91874848794573,-62.4658922815216,38.36342876772126,0.0051151238356961,Tôi
2.046049534278468,1.0230247671392336,3.069074301417701,2.046049534278468,1932.4937851260124,87.52999907643283,-62.28174782343655,37.21764102852532,0.0040920990685569,Tôi
0.0,0.0,1.0230247671392336,2.046049534278468,1932.4937851260124,87.66299229616092,-63.8162849741454,37.53477870633848,0.0040920990685569,Tôi
0.0,1.0230247671392336,1.0230247671392336,1.0230247671392336,1932.4937851260124,87.72437378218929,-65.59634806896767,38.24066579566456,0.0040920990685569,Tôi
0.0,1.0230247671392336,1.0230247671392336,1.0230247671392336,1932.4937851260124,88.35864913781562,-66.94674076159144,37.27902251455368,0.0040920990685569,Tôi
1.0230247671392336,0.0,1.0230247671392336,1.0230247671392336,1932.4937851260124,87.59138056246118,-68.15390998681575,34.8442235687623,0.0040920990685569,Tôi
2.046049534278468,1.0230247671392336,1.0230247671392336,2.046049534278468,1932.4937851260124,85.80108721996753,-69.17693475395498,35.427347686031666,0.0040920990685569,Tôi
2.046049534278468,1.0230247671392336,2.046049534278468,1.0230247671392336,1932.4937851260124,84.7780624528283,-69.9442033293094,34.271329699164326,0.0040920990685569,Tôi
0.0,1.0230247671392336,2.046049534278468,2.046049534278468,1932.4937851260124,85.28957483639792,-69.56568416546789,33.504061123809905,0.0020460495342784,Tôi
2.046049534278468,0.0,-1.0230247671392336,2.046049534278468,1932.4937851260124,85.80108721996753,-69.24854648765472,32.542417842699024,0.0030690743014177,Tôi
-1.0230247671392336,1.0230247671392336,1.0230247671392336,3.069074301417701,1931.470760358873,85.48394954215436,-69.4326909457398,31.775149267344595,0.0040920990685569,Tôi
-1.0230247671392336,1.0230247671392336,1.0230247671392336,0.0,1931.470760358873,84.71668096679994,-69.4326909457398,31.713767781316243,0.0143223467399492,Tôi
2.046049534278468,1.0230247671392336,1.0230247671392336,0.0,1931.470760358873,84.14378709720197,-69.05417178189828,31.713767781316243,0.0163683962742277,Tôi
1.0230247671392336,1.0230247671392336,2.046049534278468,2.046049534278468,1931.470760358873,81.45323195962578,-68.73703410408511,34.14856672710762,0.0040920990685569,Tôi
2.046049534278468,1.0230247671392336,2.046049534278468,2.046049534278468,1932.4937851260124,81.7089881514106,-69.56568416546789,35.427347686031666,0.0040920990685569,Tôi
1.0230247671392336,1.0230247671392336,0.0,1.0230247671392336,1931.470760358873,79.54017564507541,-68.73703410408511,36.00024155562963,0.0051151238356961,Tôi
2.046049534278468,1.0230247671392336,0.0,-1.0230247671392336,1931.470760358873,79.40718242534732,-66.30223515829374,35.171591494246854,0.01329932197281,Tôi
0.0,2.046049534278468,1.0230247671392336,2.046049534278468,1932.4937851260124,81.26908750154071,-65.21782890512614,34.076954993407874,0.0051151238356961,Tôi
0.0,2.046049534278468,2.046049534278468,1.0230247671392336,1932.4937851260124,81.19747576784098,-66.6193728361069,36.31737923344279,0.0184144458085062,Tôi
2.046049534278468,1.0230247671392336,1.0230247671392336,1.0230247671392336,1932.4937851260124,81.9647443431954,-67.71400933694588,47.50927018594601,0.0051151238356961,Tôi
1.0230247671392336,1.0230247671392336,1.0230247671392336,0.0,1932.4937851260124,83.18214381609108,-67.06950373364816,50.70110745942042,0.0051151238356961,Tôi
1.0230247671392336,0.0,2.046049534278468,2.046049534278468,1931.470760358873,82.86500613827792,-66.3636166443221,48.39930173335715,0.0040920990685569,Tôi
1.0230247671392336,2.046049534278468,1.0230247671392336,1.0230247671392336,1932.4937851260124,89.25891093289813,-64.13342265195855,38.36342876772126,0.0040920990685569,Tôi
1.0230247671392336,0.0,1.0230247671392336,1.0230247671392336,1931.470760358873,88.43026087151536,-64.1948041379869,40.09234062418656,0.0040920990685569,Tôi
1.0,2.0,1.0,2.0,1889.0,80.06,-65.06,45.44,0.005,Tôi
1.0,1.0,0.0,0.0,1888.0,81.19,-65.0,48.44,0.004,Tôi
2.0,-1.0,1.0,1.0,1888.0,82.19,-65.81,52.13,0.003,Tôi
1.0,0.0,1.0,0.0,1888.0,82.87,-66.31,54.06,0.004,Tôi
0.0,0.0,0.0,1.0,1888.0,82.62,-66.31,52.06,0.004,Tôi
1.0,1.0,1.0,0.0,1889.0,82.06,-66.06,50.63,0.069,Tôi
1.0,1.0,0.0,1.0,1888.0,82.12,-66.0,50.94,0.057,Tôi
2.0,1.0,2.0,0.0,1888.0,82.75,-66.12,51.0,0.046,Tôi
1.0,1.0,1.0,1.0,1889.0,83.25,-66.12,51.69,0.064,Tôi
0.0,1.0,1.0,1.0,1889.0,83.37,-66.19,50.88,0.043,Tôi
1.0,1.0,1.0,2.0,1889.0,83.37,-66.31,50.19,0.062,Tôi
2.0,0.0,0.0,0.0,1889.0,83.37,-66.0,46.13,0.042,Tôi
1201.0,4190.0,8533.0,3.0,1889.0,78.19,-56.63,40.38,0.053,Tôi
5040.0,6503.0,9981.0,2.0,1921.0,73.37,-42.5,55.13,0.048,Tôi
6588.0,6825.0,8303.0,3.0,2144.0,84.0,-26.75,63.31,0.059,Tôi
4919.0,6578.0,9532.0,1.0,2225.0,103.12,-9.19,67.37,0.04,Tôi
4395.0,6230.0,9987.0,38.0,2256.0,120.37,4.19,72.19,0.051,Tôi
4670.0,6089.0,9276.0,8.0,2256.0,137.31,16.06,75.87,0.037,Tôi
5012.0,5642.0,9306.0,227.0,2273.0,157.37,28.12,75.87,0.054,Tôi
4419.0,5635.0,8973.0,269.0,2272.0,178.37,38.81,71.31,0.038,Tôi
3959.0,5154.0,8581.0,149.0,2289.0,198.06,44.94,58.25,0.038,Tôi
3569.0,4801.0,7543.0,158.0,2304.0,214.0,45.75,45.13,0.035,Tôi
3592.0,4529.0,5821.0,442.0,2273.0,224.56,42.88,36.06,0.037,Tôi
3528.0,4091.0,5874.0,586.0,2289.0,233.69,36.94,30.12,0.047,Tôi
3317.0,5560.0,5890.0,304.0,2289.0,240.0,31.12,26.25,0.047,Tôi
1.0135925300666255,1.977783907096756,1.0245626283963405,1.9875705104582229,1889.0015395636904,80.0890403540454,-65.07396319289144,45.434995893871296,-0.0029049907613228,Tôi
1.0206982623876415,0.9903966595252056,-0.0254685880469838,-0.0355698232039202,1888.006245649428,81.18455577100828,-64.99399323700491,48.43461604610269,0.0215414845056338,Tôi
2.003249422154171,-1.0106759294214984,0.978063100600982,1.000199365574683,1888.0143204597,82.16462138330027,-65.83364952415005,52.10901184104432,0.0194082941173115,Tôi
0.9978152821157572,-0.0302227028113396,1.0246320503102453,0.0365129666840391,1887.995181064868,82.90137377593962,-66.26108532481126,54.07382759731249,0.0265088539466797,Tôi
-0.0271286430971168,-0.0494254130209465,0.0076454397441512,0.9895845027047132,1887.9868984265563,82.60076521332186,-66.32422095273488,52.04782703886211,-0.0015469225902602,Tôi
1.019888453193735,1.0173372544080117,0.9897668618178548,-0.0032499907235524,1889.01823355927,82.06849619184055,-66.05875609267675,50.62965708061478,0.1095111985190564,Tôi
1.0105967800919815,0.964820525289334,-0.0160060708168265,1.011009363763272,1887.98191770939,82.11776240224107,-65.98312879575161,50.94295137031329,0.0596365962692676,Tôi
1.9796728127306684,0.9928479059337756,1.9784790512813768,0.0125242901722538,1887.9917818814145,82.74784064936291,-66.10852151842852,50.999882942588336,0.069501915220432,Tôi
1.0045698681272204,0.9703387125480724,1.0187821833072732,1.0325030221723006,1889.0128304548448,83.2479819518138,-66.12215208534111,51.719162198994894,0.0631676118978262,Tôi
-0.0109506418722776,0.9900660896259648,0.982419115052154,1.0275573127230395,1889.034270997548,83.40580171578425,-66.19277714038977,50.85182853476629,0.0536609883133732,Tôi
0.9933344945904976,0.9857409043218172,0.987366576799276,2.0012284053307727,1888.9876879406584,83.36550210137659,-66.3508227867203,50.19178120639289,0.0405039616783752,Tôi
1.984667310995702,0.0073746000881452,0.0271405644075474,0.0352467892478952,1889.025660857345,83.37486659662387,-66.01286207821524,46.101330141337904,0.0981315403115327,Tôi
1200.989879420182,4190.040268250408,8533.008099563674,3.004034557264198,1889.0186725075573,78.17120931310718,-56.60063618279415,40.41893798736276,0.0677714581467422,Tôi
5039.994856753194,6503.040312200335,9980.998760862283,2.0153814760967377,1920.96276211688,73.36935643998893,-42.47821057647921,55.12272433591284,0.0684213653187521,Tôi
6588.019837562729,6825.0122742579,8302.984682725615,3.0232138228575764,2144.001505342055,84.0117581003611,-26.757490177376425,63.27850930946022,0.0433429737658416,Tôi
4918.98189486361,6578.051119266498,9531.991789733403,1.0043712220795025,2225.0160095738147,103.11645883379504,-9.20561467231216,67.3476623164777,0.0449478137741071,Tôi
4394.986188684423,6230.014351573598,9987.0049702903,38.02450578276632,2256.0358470932656,120.38523952245588,4.216433733658496,72.16871795660023,0.0485515772677191,Tôi
4670.029870437365,6089.009532093876,9275.983859745458,8.001916262406539,2256.040706109636,137.29406563843244,16.069618757479017,75.87360301971786,0.038579330880581,Tôi
5011.995969356384,5642.028379237753,9306.01099715096,226.9953789554187,2273.01561559552,157.33358649567418,28.10945541071436,75.87549422162843,0.0406843418779958,Tôi
4418.978031553856,5635.009150388206,8973.045945620066,268.9998660493045,2271.975038498444,178.35722913172268,38.81626472943986,71.31230847050196,0.0508933935589594,Tôi
3959.015205695992,5153.994694912291,8581.030540554815,148.9716946651165,2289.0180650166662,198.0353105357012,44.94878128543381,58.24566130668727,0.0101697674662295,Tôi
3568.9961336489355,4801.044915196242,7542.953085135569,158.03208731696955,2303.9955182679387,213.97918903287288,45.75120690511665,45.10436869194092,0.0221459181103133,Tôi
3591.981726719335,4528.988358240716,5820.9953198628245,441.9819819862498,2272.9894503453834,224.57026266231964,42.89604974808493,36.07649854508226,0.0564330266968696,Tôi
3527.989531187073,4091.014170497304,5874.041689650098,586.0180677568211,2288.978429244282,233.7113990930325,36.9069817666499,30.11203391546772,0.003136480332116,Tôi
3317.013637980433,5559.948078527095,5889.984680103105,303.9986412199394,2288.995239944536,239.9480372183904,31.10118177658548,26.249658588303568,0.0545063516761789,Tôi
0.9833702864382706,2.0146805640336947,0.0,1.995709088982199,1897.6325389697288,80.42137238495887,-65.37999007272091,45.63580871580175,-0.0,Tôi
1.0105365751932032,1.003538192701959,0.0001178232449549,0.0001119000784374,1896.61478378852,81.61830885937864,-65.28231581833046,48.6948362540517,0.0275964333731072,Tôi
2.012223337378633,-0.964280505014081,1.029021466774537,0.988028705916044,1896.615609485324,82.55910228214445,-66.13901474926386,52.38204515333405,0.0330725212506951,Tôi
1.0051162725035134,-0.0064610963614882,1.0020004720426483,-0.0103228852023553,1896.6342622730324,83.20853718774627,-66.60815748461401,54.30145280044094,0.0252157301508493,Tôi
0.0010262050728784,-0.0351191408063119,0.0029933611712666,0.996163587462034,1896.6042498176416,82.99959393856567,-0.0,52.31002449595683,0.0143131443357267,Tôi
0.9956444593625644,0.9779224590284944,0.9980940459635071,0.0,1897.6424156210808,82.43359986480682,-66.38138353019495,50.83470473086999,0.0874219723310441,Tôi
0.9838069132877324,1.0156893888380256,-0.0031597107562335,1.0156691549772097,1896.630819066872,82.48366781556159,-66.30508343426034,51.13569755242311,0.0769925783754462,Tôi
1.975685861150029,1.0203063979040532,2.025885196329087,-0.005919341563305,1896.643059393149,83.1222879363313,-66.43562588177517,51.18690379165475,0.0845939896141533,Tôi
1.015892507210296,0.0,1.0217800418577374,0.0,1897.631548466776,83.61143869217209,-66.41084590319768,51.901485248412655,0.0552847490852866,Tôi
0.0076345382391689,1.0089055980543389,1.0373121722400347,0.0,1897.608110414576,83.74335507958799,-66.4892979615437,51.13237936086558,0.0655395740106957,Tôi
1.0130567876491818,1.033538565093217,0.9707713035026238,2.0372825268299994,1897.587800782692,0.0,-0.0,50.39587919589478,0.0672750252244106,Tôi
1.9731937427742925,-0.0,0.0018713020468259,0.0111088594924545,1897.6459002370923,83.74541788330461,-66.30513277936565,46.35055606606953,0.0657509715042284,Tôi
0.0,4209.120095459439,8571.940263387229,3.014491800996535,1897.5959748625328,78.54515545708632,-56.85765297706418,0.0,0.0352204768684377,Tôi
5062.9754610813725,6532.669842303315,10026.560417285173,2.048875928681669,1929.758508268124,73.70123252038164,-0.0,55.397343243961785,0.0730500204934922,Tôi
6618.090492399594,6856.114419115406,8340.916137225764,3.02479761098013,2153.7698663121973,84.37166081659852,-0.0,63.600421894430994,0.0616797515369023,Tôi
4941.446775349823,6607.990778989406,9575.460349513742,1.0167161750965232,2235.147166501375,0.0,-9.19010570044438,67.67133933341853,-0.0090919876813219,Tôi
4415.036359662116,6258.428928887473,10032.603996198755,38.170420074676926,2266.2675806406774,120.93538958925704,4.192903262651853,72.48728072679572,0.0578057398359592,Tôi
4691.307615268501,6116.784513807503,9318.363496527589,7.997843456447682,2266.303445585208,137.90994251958966,16.15992664244088,76.18148324790856,0.0320367791943912,Tôi
5034.866283182821,5667.766290763648,9348.470780921694,228.03707068086592,2283.363561544984,158.0623571237265,28.23746412331168,76.18668303691575,0.0321839409994613,Tôi
4439.159915212006,5660.743213451953,9014.004167103049,270.2321341423572,2282.372054992108,0.0,38.98300814849185,71.65387026129015,0.0663154016693397,Tôi
3977.039385304629,5177.517062998147,8620.168168866161,149.70274216205553,2299.474615504115,198.9814325582956,45.17047652409652,58.52093471004685,0.0,Tôi
0.0,4822.899047656402,7577.435825151259,158.70167858749042,2314.537721465961,214.9621778663844,0.0,45.33110084410862,0.021052611599827,Tôi
3608.387378625694,4549.712518467069,5847.5621036133325,444.015871387466,2283.3593847397665,225.558667161722,43.08703758796377,36.22732157008466,0.0,Tôi
0.0,4109.650665008488,5900.798566360442,588.6690278686223,2299.4365348906344,0.0,37.15147246528632,30.29112201183435,0.0,Tôi
3332.140197481648,0.0,5916.87625262743,0.0,2299.442298632196,241.11442999044988,31.24721894048356,0.0,0.0647530344346289,Tôi
1.0763448997620364,2.097027867064332,1.054545947611196,2.093852528463928,1975.1157722424755,83.74463226532986,-68.0158263281612,47.493963240008775,0.023906058206248,Tôi
1.106761108677809,1.008325864223278,0.0300994500198088,-0.0127335691265889,1974.0762755165429,84.8596652461668,-67.93160271556768,50.6660162300294,0.0355116082677789,Tôi
2.1063932763965387,-1.023146096985024,1.093651974172693,1.0739416263865895,1974.0555024526684,85.92643482801215,-68.82320934050944,54.50949610470115,-0.0015859183034308,Tôi
1.0363196773329348,0.0111013419851916,1.0287136055906112,0.0084537032682969,1974.072409177916,86.66756587414517,-69.29452486016127,56.51237012116711,0.0265974779919828,Tôi
-0.0103044931365057,0.0008035103798552,0.0151936572399296,1.0353407158346597,1974.0339076302896,86.38704534756344,-69.3244603352273,54.43743504636623,-0.0122588480495198,Tôi
1.0429901459624862,1.0593939794204617,1.0417266090145525,-0.0187970971702297,1975.073839886815,85.77331054845378,-69.09225185114738,52.95244419211273,0.0369110681977571,Tôi
1.038556324026878,0.9845784140729504,-0.001674539242755,1.053937419082943,1974.077439851793,85.87566298272537,-69.01354589718386,53.286055957295424,0.0850720123065141,Tôi
2.0837483885296755,1.0478311235504818,2.1329685803602536,0.0250685836516817,1974.05690848218,86.5059463285648,-69.11785622959123,53.28847356640026,0.0595310873751147,Tôi
1.0506788108247866,1.0554102280090274,1.002957438794679,1.031682369909357,1975.090171824812,87.02226780792732,-69.12370440916023,54.03335386838141,0.0549168788621982,Tôi
0.0349299777621923,0.9950837191777828,1.0691924861674935,1.0244186957499144,1975.1105654485584,87.17495755462097,-69.19013438785107,53.21201320816576,0.0314328554523858,Tôi
1.0576869936162532,1.0714619451427014,1.0596432817581305,2.055439682030628,1975.085315310861,87.20023680202513,-69.2777628507121,52.4920375840014,0.0555551896810002,Tôi
2.100385150118109,0.0064350090601214,-0.0006956945654887,0.0164329449072591,1975.099754102768,87.20092655462675,-69.01471997516204,48.20491687703913,0.0251847757209062,Tôi
1255.7498409320997,4380.935195266431,8921.955556796742,3.117738455429466,1975.099860246412,81.74290809136164,-59.23467945635279,42.19956266183488,0.068498462133805,Tôi
5269.710386233111,6799.394314144504,10435.938495730205,2.08265809920316,2008.5377325247096,76.71470977013517,-44.49035401386259,57.61959365877583,0.0450735261876682,Tôi
6888.211072330289,7136.107568311838,8681.455071676104,3.1274330008693503,2241.7673620986184,87.788779992505,-27.996658023346907,66.19367006787876,0.0591390568430766,Tôi
5143.20421478446,6877.8198827173965,9966.470727266902,1.0408111462543967,2326.387731502125,107.80379438818566,-9.598741539528293,70.44717162791807,0.0844495727186634,Tôi
4595.325235844258,6513.9444473410285,10442.19510759233,39.74316436778317,2358.838139055753,125.85077551511728,4.368538057767704,75.49575116062331,0.0267503554420812,Tôi
4882.882937660044,6366.543994364617,9698.81463639337,8.354620897452328,2358.815563875704,143.5520658719789,16.80166949005297,79.33746441405748,0.0433940821594284,Tôi
5240.46590033999,5899.193825807504,9730.187827934737,237.36113648865413,2376.6329076878133,164.5116780523691,29.39795875847932,79.32485097844614,0.0691077214633804,Tôi
4620.432026354899,5891.899122074087,9381.9944410669,281.27357763236216,2375.5587078561766,186.50742277700635,40.57379177255922,74.59438542240378,0.0057233895123847,Tôi
4139.450432205302,5388.912258615099,8972.160315714704,155.78843442223152,2393.360635051799,207.1041258350176,47.00134554288981,60.924833187556914,0.0644591376960695,Tôi
3731.709495029737,5019.824614545423,7886.814317254604,165.21535971447213,2409.042669283717,223.75395608543968,47.85426663794832,47.19212964490743,0.0272144070770789,Tôi
3755.724833841249,4735.426291808758,6086.325252296185,462.1439881464112,2376.623849686635,234.77720317046624,44.86556731768247,37.702665806586445,0.0268636470539482,Tôi
3688.8038511989657,4277.465960417589,6141.714921801712,612.6965712999564,2393.34857994064,244.3259565565032,38.65815316492214,31.48670002190885,0.0353931735632351,Tôi
3468.217304477247,5813.461474544098,6158.479731122658,317.85523434624446,2393.327127565316,250.95281950555457,32.52536656671852,27.431034579076066,0.0546833436421691,Tôi
1.0,2.0,1.0,2.0,1889.0,80.06,-65.06,45.44,0.005,Tôi
1.0,1.0,0.0,0.0,1888.0,81.19,-65.0,48.44,0.004,Tôi
2.0,-1.0,1.0,1.0,1888.0,82.19,-65.81,52.13,0.003,Tôi
1.0,0.0,1.0,0.0,1888.0,82.87,-66.31,54.06,0.004,Tôi
0.0,0.0,0.0,1.0,1888.0,82.62,-66.31,52.06,0.004,Tôi
1.0,1.0,1.0,0.0,1889.0,82.06,-66.06,50.63,0.069,Tôi
1.0,1.0,0.0,1.0,1888.0,82.12,-66.0,50.94,0.057,Tôi
2.0,1.0,2.0,0.0,1888.0,82.75,-66.12,51.0,0.046,Tôi
1.0,1.0,1.0,1.0,1889.0,83.25,-66.12,51.69,0.064,Tôi
0.0,1.0,1.0,1.0,1889.0,83.37,-66.19,50.88,0.043,Tôi
1.0,1.0,1.0,2.0,1889.0,83.37,-66.31,50.19,0.062,Tôi
2.0,0.0,0.0,0.0,1889.0,83.37,-66.0,46.13,0.042,Tôi
1201.0,4190.0,8533.0,3.0,1889.0,78.19,-56.63,40.38,0.053,Tôi
5040.0,6503.0,9981.0,2.0,1921.0,73.37,-42.5,55.13,0.048,Tôi
6588.0,6825.0,8303.0,3.0,2144.0,84.0,-26.75,63.31,0.059,Tôi
4919.0,6578.0,9532.0,1.0,2225.0,103.12,-9.19,67.37,0.04,Tôi
4395.0,6230.0,9987.0,38.0,2256.0,120.37,4.19,72.19,0.051,Tôi
4670.0,6089.0,9276.0,8.0,2256.0,137.31,16.06,75.87,0.037,Tôi
5012.0,5642.0,9306.0,227.0,2273.0,157.37,28.12,75.87,0.054,Tôi
4419.0,5635.0,8973.0,269.0,2272.0,178.37,38.81,71.31,0.038,Tôi
3959.0,5154.0,8581.0,149.0,2289.0,198.06,44.94,58.25,0.038,Tôi
3569.0,4801.0,7543.0,158.0,2304.0,214.0,45.75,45.13,0.035,Tôi
3592.0,4529.0,5821.0,442.0,2273.0,224.56,42.88,36.06,0.037,Tôi
3528.0,4091.0,5874.0,586.0,2289.0,233.69,36.94,30.12,0.047,Tôi
3317.0,5560.0,5890.0,304.0,2289.0,240.0,31.12,26.25,0.047,Tôi
3278.0,5226.0,6332.0,287.0,2304.0,244.0,27.56,23.94,0.002,Tôi
3707.0,5265.0,6208.0,1.0,2272.0,242.81,27.37,24.12,0.061,Tôi
3488.0,5420.0,5996.0,6.0,2240.0,243.25,28.37,26.56,0.104,Tôi
3657.0,5404.0,5655.0,218.0,2145.0,242.69,29.56,28.0,0.002,Tôi
2209.0,5112.0,4644.0,1.0,2080.0,239.44,31.81,27.87,0.127,Tôi
879.0,3801.0,4065.0,3.0,1937.0,218.5,39.75,35.06,0.11,Tôi
1.0,1912.0,1218.0,2.0,1888.0,196.87,37.94,30.37,0.06,Tôi
1.0,2.0,1.0,83.0,1888.0,178.56,32.56,22.56,0.106,Tôi
1.0,8.0,159.0,122.0,1889.0,162.94,22.94,15.06,0.047,Tôi
5.0,56.0,109.0,533.0,1889.0,149.87,14.31,6.25,0.074,Tôi
9.0,2.0,1.0,663.0,1888.0,138.69,6.0,5.87,0.069,Tôi
0.0,1.0,2.0,405.0,1888.0,130.69,-0.44,8.75,0.096,Tôi
0.0,1.0,0.0,424.0,1888.0,121.62,-11.44,10.5,0.139,Tôi
0.0,2.0,1.0,1.0,1889.0,112.69,-23.12,11.25,0.085,Tôi
0.0,2.0,2.0,0.0,1888.0,102.62,-36.94,16.81,0.136,Tôi
1.0,1.0,1.0,0.0,1889.0,94.37,-51.0,24.31,0.125,Tôi
0.0,1.0,1.0,2.0,1888.0,89.25,-61.44,33.81,0.127,Tôi
1.0,1.0,1.0,1.0,1888.0,83.62,-72.0,34.81,0.071,Tôi
1.0,2.0,2.0,2.0,1889.0,87.81,-76.87,25.19,0.116,Tôi
1.0,0.0,0.0,3.0,1889.0,87.69,-68.44,18.44,0.107,Tôi
0.0,1.0,2.0,0.0,1888.0,86.25,-55.0,9.63,0.006,Tôi
1485.0,1323.0,3070.0,1.0,1888.0,87.06,-49.06,8.81,0.007,Tôi
5213.0,4475.0,9002.0,1.0,1888.0,85.94,-45.88,4.87,0.086,Tôi
3731.0,5333.0,7532.0,4.0,1888.0,87.87,-46.19,9.38,0.086,Tôi
4384.0,6246.0,7710.0,12.0,1904.0,91.25,-45.69,13.25,0.053,Tôi
3473.092150349813,5537.028547201991,6708.852805373709,304.08097838633205,2441.123951923725,258.5218074085889,29.200250049920943,25.36480356295745,0.0021190312082671,Tôi
3927.624344523111,5578.3496557632,6577.472870461148,1.0595156041335612,2407.219452591451,257.26098383967,28.99894208513557,25.555516371701497,0.0646304518521472,Tôi
3695.590427217861,5742.574574403901,6352.855562384832,6.357093624801367,2373.314953259177,257.7271707054888,30.05845768926913,28.140734445787384,0.1101896228298903,Tôi
3874.648564316433,5725.622324737765,5991.560741375289,230.9744017011164,2272.6609708664887,257.133841967174,31.319281258188067,29.66643691573972,0.0021190312082671,Tôi
2340.4699695310364,5416.243768330764,4920.390465596258,1.0595156041335612,2203.792456597808,253.69041625373987,33.70319136748858,29.52869988720235,0.1345584817249622,Tôi
931.3142160334004,4027.218811311666,4306.930930802926,3.1785468124006835,2052.281725206708,231.5041595031831,42.115745264309055,37.14661708092266,0.1165467164546917,Tôi
1.0595156041335612,2025.793835103369,1290.4900058346775,2.1190312082671223,2000.365460604164,208.5868369857742,40.19802202082731,32.17748889753625,0.0635709362480136,Tôi
1.0595156041335612,2.1190312082671223,1.0595156041335612,87.93979514308558,2000.365460604164,189.18710627408868,34.49782807058875,23.90267202925314,0.1123086540381574,Tôi
1.0595156041335612,8.47612483306849,168.46298105723622,129.26090370429446,2001.424976208297,172.63747253752246,24.305287958823893,15.956304998251431,0.0497972333942773,Tôi
5.297578020667806,59.33287383147943,115.48720085055815,564.7218170031881,2001.424976208297,158.7896035914968,15.16166829515126,6.6219725258347575,0.0784041547058835,Tôi
9.535640437202051,2.1190312082671223,1.0595156041335612,702.458845540551,2000.365460604164,146.9442191372836,6.357093624801367,6.219356596264004,0.0731065766852157,Tôi
0.0,1.0595156041335612,2.1190312082671223,429.1038196740923,2000.365460604164,138.4680943042151,-0.4661868658187669,9.27076153616866,0.1017134979968218,Tôi
0.0,1.0595156041335612,0.0,449.23461615262994,2000.365460604164,128.85828777472372,-12.120858511287938,11.124913843402393,0.147272668974565,Tôi
0.0,2.1190312082671223,1.0595156041335612,1.0595156041335612,2001.424976208297,119.396813429811,-24.49600076756793,11.919550546502563,0.0900588263513527,Tôi
0.0,2.1190312082671223,2.1190312082671223,0.0,2000.365460604164,108.72749129618605,-39.138506416693744,17.810457305485162,0.1440941221621643,Tôi
1.0595156041335612,1.0595156041335612,1.0595156041335612,0.0,2001.424976208297,99.98648756208418,-54.03529581081162,25.756824336486872,0.1324394505166951,Tôi
0.0,1.0595156041335612,1.0595156041335612,2.1190312082671223,2000.365460604164,94.56176766892034,-65.096638717966,35.8222225757557,0.1345584817249622,Tôi
1.0595156041335612,1.0595156041335612,1.0595156041335612,1.0595156041335612,2000.365460604164,88.59669481764838,-76.28512349761641,36.88173817988927,0.0752256078934828,Tôi
1.0595156041335612,2.1190312082671223,2.1190312082671223,2.1190312082671223,2001.424976208297,93.036065198968,-81.44496448974685,26.68919806812441,0.1229038100794931,Tôi
1.0595156041335612,0.0,0.0,3.1785468124006835,2001.424976208297,92.90892332647198,-72.51324794690092,19.53746774022287,0.113368169642291,Tôi
0.0,1.0595156041335612,2.1190312082671223,0.0,2000.365460604164,91.38322085651966,-58.27335822734587,10.203135267806196,0.0063570936248013,Tôi
1573.3806721383382,1401.7391442687017,3252.7129046900327,1.0595156041335612,2000.365460604164,92.24142849586784,-51.979835538792514,9.334332472416676,0.0074166092289349,Tôi
5523.254844348255,4741.332328497686,9537.759468410315,1.0595156041335612,2000.365460604164,91.05477101923825,-48.610575917647786,5.159840992130443,0.0911183419554862,Tôi
3953.052719022317,5650.396716844281,7980.271530333983,4.238062416534245,2000.365460604164,93.09963613521604,-48.93902575492919,9.938256366772803,0.0911183419554862,Tôi
4644.9164085215325,6617.734463418223,8168.865307869756,12.714187249602734,2017.3177102703005,96.68079887718746,-48.40926795286241,14.038581754769686,0.0561543270190787,Tôi
3529.90714332166,5627.625120585453,6818.685820347593,309.0603930722432,2481.0974113362813,262.7415594336029,29.672666898535063,25.767550006972243,-0.020080893367224,Tôi
0.0,5669.6634448951245,6685.148576460112,1.0803763057154916,2446.595692853182,261.46801690058584,29.47362966972533,26.015482276794547,0.0740086392831916,Tôi
3756.084341462918,5836.562974032718,6456.887503852502,6.467622967304162,2412.180096772027,261.952617409994,30.573873785698897,28.57007887237265,0.0895720393083568,Tôi
3938.06993360928,5819.373455302578,6089.631490697003,234.76846487570825,2309.902157093696,261.3049975341378,31.852704431665053,30.126701365480127,0.002994001880536,Tôi
2378.7924592076843,5504.898642542162,5000.938165050402,0.0,2239.861296645053,257.87354934359945,0.0,30.03808207640041,0.128970590858515,Tôi
946.5643699240088,4093.088606072756,4377.44311210065,3.223449548490977,2085.8652919685924,235.2850713386277,42.79599173564348,37.76585711689144,0.1104798206892871,Tôi
1.0721471639387483,2058.9612601790577,1311.5768837353155,2.18772529006214,2033.1312025473344,212.01474430249297,0.0,32.65303736271322,0.1106114945093634,Tôi
1.0914929791768793,2.1608968987610613,1.0764525517521877,89.37684535207461,2033.0914085947995,192.30096154211773,35.102593356032926,24.28681998663638,0.1177389867004368,Tôi
1.0632806870963971,8.607561387588543,171.25065027351187,131.37676885027946,2034.161284227152,175.44136105735652,24.68530343312813,16.227758213337147,0.0,Tôi
5.363318300740528,60.32487980755815,117.37975357256236,573.9593235968567,2034.1712962251445,0.0,15.404078225748217,6.7455626452395325,0.1012160161090263,Tôi
9.697713071559695,2.1278994828373388,1.0482224485947145,0.0,2033.121597207845,0.0,6.496878887651782,6.341275387767452,0.0516901918080961,Tôi
-0.0378766070488668,1.079506960741072,2.1118242542969194,436.1229347563108,2033.0976723565905,140.72984651606237,-0.4638397319801129,9.434817607760966,0.0,Tôi
-0.0228024936653412,1.0821611250222551,0.0197987913652129,456.5904434405679,2033.077174435611,130.98262585089017,-12.322763045784908,11.349418074509945,0.110320670356156,Tôi
0.0075991462751293,2.1433931601211933,1.0350096428106534,1.0638246210569706,2034.1718059919149,121.34376267675869,-24.91919833752076,0.0,0.0798483980058278,Tôi
0.0078717725655938,2.1507349371339286,2.156746840007866,0.0271725980189368,2033.10483194442,110.51278355666491,-0.0,18.10867864959791,0.1770672991065084,Tôi
1.0738767802438798,1.0684575491182973,1.0355932511404071,0.0035475864281873,2034.1587307137784,101.6325260456542,-54.9252116882352,26.18327098318568,0.1309439988726851,Tôi
-0.0017061176443765,1.0849121525216845,0.0,2.1879080250951963,2033.1002595368109,96.1419715216658,-66.17514780363567,0.0,0.1450376253720862,Tôi
0.0,1.0694761425686143,1.080139490907564,1.0733937326837182,2033.112132762995,0.0,-77.53126157171147,37.45478814731364,0.0,Tôi
1.102385021904991,2.116399235762964,2.1754152741080945,2.149660756595333,2034.1766729583944,94.52898904605696,-82.78033912707862,27.116972451344747,0.1391875995875628,Tôi
1.1048406869527043,-0.0045925480885592,-0.0,3.2616601419085827,2034.183329455452,94.4284857907568,-73.67072321317725,19.811325429562995,0.0,Tôi
0.0,1.0560665703943528,2.166735013018833,0.0008783771802375,2033.0851421451928,92.88159552226296,-59.20097415127898,10.334352228122528,-0.0116888167348873,Tôi
0.0,1424.7478077374835,3305.954877521973,1.059756818847545,2033.1357699169896,93.74041857617976,-0.0,9.472839948514716,0.0,Tôi
5613.634080202696,4818.953519514237,9693.85443967758,1.090222883706416,0.0,92.51450554684128,-49.42739263207088,5.2449787202778655,0.0,Tôi
4017.751178281997,5742.854604690619,8110.911347593351,4.306749070325248,2033.1441021151404,94.60243108375518,-49.76498943905322,10.109151465566486,0.1094987592408643,Tôi
4720.932027702268,6726.055812809934,8302.631323105674,12.961391080979071,2050.342730863412,98.25541955469146,-49.19349367084175,14.257507187611118,0.07610602049623,Tôi
3527.187437189166,5623.231861926998,6813.385586490472,308.8475614455556,2479.133667171576,262.57008641276377,29.66497630082501,25.77178505946168,0.0215063505334271,Tôi
3988.7690289539055,5665.257869076629,6679.939750702253,1.0542600916390683,2444.701992887243,261.2310703813191,29.427385572613066,25.94650389371668,0.0576713257706452,Tôi
3753.155662695584,5832.035368618855,6451.789423113838,6.4458103408075855,2410.264649577626,261.70266441030907,30.534674974105947,28.589252221366536,0.0984386046836508,Tôi
3934.968127433204,5814.782279281907,6084.883403551706,234.5681321035172,2308.083800235945,261.13460658703235,31.79881075225269,30.09687044092806,-0.00105585485311,Tôi
2376.922176509505,5500.588806600474,4997.042000421176,1.0864077880565055,2238.11774605117,257.6896804457165,34.21248599083658,30.000004270751035,0.1424566970488401,Tôi
945.7878751673674,4089.927620241624,4373.994879296861,3.241373984605048,2084.244934159646,235.10823834949147,42.78255670533727,37.7034747582436,0.1185531051707092,Tôi
1.0742301465781785,2057.323745546667,1310.54649816087,2.157396829890674,2031.549394697211,211.8563927214344,40.85234085553464,32.700469031502195,0.069262553631453,Tôi
1.0517845634330678,2.1380616086553217,1.0749211023835077,89.32978101625343,2031.52348384863,192.1619906077904,35.009128481770574,24.289962805385592,0.0891335743563408,Tôi
1.1069374215046217,8.61332144436594,171.10228166213483,131.26118282243763,2032.5830400418097,175.3527563334677,24.670478843494028,16.19120563760206,0.0477057224398734,Tôi
5.383135757448614,60.25358228601749,117.25934681544322,573.5492993715822,2032.5788377587053,161.268011248061,15.392209851640352,6.724488184792017,0.0785612085235858,Tôi
9.661538743453898,2.1584382768022845,1.086187248233473,713.3788241624541,2031.5146865857816,149.25704759159572,6.433817547267852,6.3109963019076565,0.0699093752128295,Tôi
-0.025360166428785,1.1000560278002234,2.162725816430658,435.8036922342665,2031.5519061235727,140.6160297433654,-0.460257558683586,9.449790350093842,0.0862550322236426,Tôi
-0.0052389057217254,1.0625628034337689,-0.01831315256345,456.223178346342,2031.5577129091853,130.85815335042852,-12.316771971604563,11.286855120188214,0.1769517159109656,Tôi
-0.0047976991637803,2.1674898420764563,1.071176322026049,1.0822086081927622,2032.574389486808,121.25910607620244,-24.911422714175377,12.0979487002028,0.0657833549558137,Tôi
-0.0029735117622365,2.157078354270164,2.1425357540954035,-0.0031921603864827,2031.521127771964,110.41126338489867,-39.76796774046991,18.095246973509543,0.1586066169646174,Tôi
1.080588542901833,1.0661047758581523,1.1123821445942716,0.0024178389100319,2032.5980049372656,101.50984850465466,-54.898829904941735,26.12421143051201,0.1547160668502089,Tôi
0.0578476009959932,1.1233054006318834,1.0718692857172798,2.1514489556149567,2031.5207926386413,96.04280015215048,-66.12788075572006,36.393961679516174,0.1441662348023921,Tôi
1.0671035678764642,1.0883921649152586,1.0825548820818731,1.1032256686579165,2031.531375119976,89.99426972370424,-77.50181739080111,37.46714670471475,0.1131644321051903,Tôi
1.080190864838369,2.1700673008484346,2.1512160622244294,2.144282433449259,2032.587783115949,94.42728394081092,-82.70924439583968,27.096189729754084,0.1511422412292765,Tôi
1.0569169770616909,-0.0193915423324264,-0.0059334985888747,3.19054198679754,2032.5958022764253,94.3299225933664,-73.64045059588875,19.824002531131026,0.1309735159570708,Tôi
-0.0047569941500679,1.0352281371452652,2.14555154832332,-0.009243222086721,2031.5009410185448,92.8041857024862,-59.14276546530625,10.335638877307808,-0.0011326087018409,Tôi
1597.9189232864844,1423.550387398078,3303.374742623216,1.119250930588447,2031.525760304624,93.65754128247411,-52.80588402767956,9.448577854830017,-0.0214301212255739,Tôi
5609.259047677747,4815.180661597012,9686.31283849487,1.1004080991153322,2031.487679722208,92.47078074665362,-49.3574428022148,5.235357168825551,0.1040384997470945,Tôi
4014.615360741279,5738.405168638585,8104.549907831873,4.261942704410239,2031.5050784288287,94.55625050727178,-49.70269141641103,10.09219808451478,0.1141015949312824,Tôi
4717.21496239045,6720.791729088451,8296.07504253867,12.882691653213207,2048.751648348783,98.18546118537824,-49.19816369586523,14.242930633672048,0.0609936284507912,Tôi
3545.861988583302,5653.022574745738,6849.423706374572,310.4319363587726,2492.2750533070625,263.922422526727,29.83973449385962,25.878623642713915,0.0303649977762504,Tôi
4009.914608110049,5695.20044111171,6715.29063205154,1.1153720452842468,2457.6714179825726,262.65128285097705,29.58331133385184,26.087451191182858,0.0859394752483279,Tôi
3773.033691406962,5862.863905136066,6485.929770419783,6.49362367859113,2423.014876655426,263.14422052681766,30.69027301173718,28.735134388202773,0.161207936265091,Tôi
3955.85381714122,5845.582136812856,6117.119648007411,235.8373790277092,2320.2553400550805,262.53488918312905,31.945384580242,30.27230473927252,0.0506726422456381,Tôi
2389.516150802977,5529.718561836048,5023.486598617105,1.083954115719947,2249.9574067886942,258.9975947966484,34.44972061896287,30.185781759683547,0.1526737665379021,Tôi
950.8476128865568,4111.600189560176,4397.159902118708,3.242708017441635,2095.288566472216,236.35772040171787,43.04204711088273,37.922174403533326,0.1370829985267046,Tôi
1.088922121956989,2068.25407219061,1317.5169024188822,2.208712901351098,2042.2845949671907,212.9482857261494,41.00564372975482,32.837135849273835,0.0372841963304531,Tôi
1.0701074036737468,2.142721834562932,1.091395473947675,89.80978238827973,2042.2598148185152,193.14524739797235,35.247655700124845,24.404788242385564,0.1427638133518801,Tôi
1.071254057685944,8.631861727276629,171.97112646423872,132.02072530989287,2043.3617769512657,176.2763574282753,24.800048278730515,16.300116367516626,0.0482566527556671,Tôi
5.4102640072269885,60.52938295532407,117.9088834463866,576.5675545978477,2043.3486732917115,162.12354837657463,15.460113626217836,6.740872849678499,0.1021294438340685,Tôi
9.70913702861699,2.1916803399255373,1.0812662817661458,717.1782000168689,2042.256856379187,150.0221288691153,6.503585389091422,6.346154951057235,0.1001001459818917,Tôi
0.0318019530226759,1.0909752864280535,2.155208926776885,438.11003379948585,2042.2298865314388,141.35429512017188,-0.4494188684976591,9.443608994799044,0.0745821105293,Tôi
0.0157776139422956,1.0862953242252928,0.0166656802256159,458.6087363736317,2042.2925556068883,131.5225745992181,-12.383142903740588,11.32380553248452,0.1698051266813975,Tôi
0.0192850070423796,2.14820550834722,1.0532628559217831,1.0774193422953515,2043.331577553627,121.88604586997012,-24.988846662296204,12.14527109355245,0.0902249121298077,Tôi
0.0294537736327848,2.166397146780936,2.153311048746091,-0.0190609934961434,2042.279107947798,111.00163369766736,-39.94227822108088,18.201863546353778,0.2007557300317745,Tôi
1.086955442575507,1.0766054444539703,1.1200451618325644,-0.0141441459290008,2043.3731544876985,102.08434664929383,-55.19885252527713,26.29459170248734,0.1348206750632217,Tôi
0.003152538642084,1.0886105590773407,1.1061988645141323,2.166066396299977,2042.3001453624315,96.56095537660856,-66.42986788227707,36.57689630171858,0.1116584391648771,Tôi
1.1039318014583257,1.075498194062578,1.1003703169549686,1.0993992792593636,2042.2684325621635,90.47515424931336,-77.87558530682139,37.68780100678376,0.0859593726132811,Tôi
1.0881852996335002,2.181127652637444,2.1486094550592245,2.1606190323072627,2043.3212515540256,94.98400225447062,-83.11242542827809,27.211435384561494,0.1368100214149226,Tôi
1.0980633980803411,0.0024059269872843,-0.038412125730794,3.2263903382311545,2043.3925607698093,94.8502318417646,-74.01441163800654,19.92704364184757,0.1344002524129089,Tôi
-0.0082654080149435,1.0641421059906373,2.181875311365084,-0.0069482182463132,2042.291025554824,93.27424661896984,-59.4500034039681,10.427468726412512,0.0354938675163761,Tôi
1606.346962941774,1431.1048365176232,3320.8724483387323,1.0649487025272188,2042.2599410161024,94.13855936136004,-53.04690556623198,9.564535487253432,-0.0060239090199394,Tôi
5638.959151031579,4840.6852612464745,9737.597081195658,1.0693234515108982,2042.2702506431287,92.95317075912877,-49.62440252832619,5.25821465118977,0.1040320715864238,Tôi
4035.9004576295056,5768.774696444117,8147.484283121763,4.315411751803254,2042.3120530400777,95.06057189801427,-49.96702721990621,10.158827843452604,0.1072231444159313,Tôi
4742.251339790453,6756.381522804559,8340.034704009877,12.952677599732253,2059.579899084101,98.72330902765188,-49.44219468173189,14.33463419492642,0.0394086919813137,Tôi
3709.0,6728.0,7328.0,2.0,1905.0,91.19,-49.06,19.87,0.21,Tôi
2918.0,6675.0,6586.0,12.0,1920.0,90.56,-54.94,15.81,0.219,Tôi
2370.0,5695.0,5940.0,66.0,1904.0,90.5,-61.25,19.19,0.187,Tôi
1936.0,5867.0,5342.0,76.0,1920.0,89.19,-66.31,24.5,0.179,Tôi
1391.0,5642.0,4753.0,41.0,1953.0,88.44,-67.75,25.75,0.128,Tôi
1628.0,5343.0,5041.0,54.0,1952.0,86.94,-67.12,26.75,0.004,Tôi
1557.0,5556.0,4324.0,72.0,1904.0,86.31,-66.19,27.0,0.007,Tôi
1645.0,5599.0,4660.0,42.0,1905.0,88.25,-66.62,27.75,0.008,Tôi
1877.0,5606.0,4697.0,42.0,1904.0,89.06,-67.25,29.12,0.005,Tôi
1622.0,5386.0,4230.0,69.0,1904.0,89.19,-67.56,29.25,0.052,Tôi
1687.0,5537.0,3684.0,56.0,1905.0,89.0,-67.75,29.19,0.046,Tôi
1370.0,5545.0,3728.0,108.0,1904.0,88.69,-67.94,29.31,0.033,Tôi
1444.0,5752.0,3897.0,101.0,1905.0,88.75,-68.19,29.5,0.046,Tôi
1601.0,5987.0,3774.0,79.0,1904.0,88.62,-68.0,29.0,0.014,Tôi
1829.0,5733.0,3827.0,71.0,1904.0,89.19,-68.31,30.37,0.05,Tôi
1562.0,5804.0,3791.0,72.0,1904.0,89.62,-68.5,31.62,0.042,Tôi
1474.0,5487.0,3712.0,35.0,1904.0,90.5,-68.62,32.31,0.048,Tôi
1595.0,5209.0,3920.0,52.0,1904.0,91.75,-68.69,31.81,0.048,Tôi
1485.0,5363.0,4242.0,37.0,1905.0,91.75,-68.69,32.0,0.045,Tôi
1615.0,5313.0,4171.0,19.0,1905.0,91.31,-68.87,32.13,0.053,Tôi
1690.0,5532.0,4269.0,75.0,1905.0,90.75,-69.19,32.5,0.053,Tôi
1676.0,5240.0,4650.0,83.0,1905.0,90.81,-69.12,33.88,0.066,Tôi
1523.0,5037.0,4359.0,47.0,1905.0,91.44,-68.94,34.63,0.072,Tôi
1511.0,5169.0,4557.0,47.0,1904.0,91.81,-68.56,34.75,0.071,Tôi
1661.0,5091.0,4646.0,103.0,1904.0,92.06,-68.37,34.69,0.073,Tôi
2512.211624238574,6036.727932505772,6296.429134167565,69.96032371297295,2018.249338628796,95.9304438791523,-64.92530041544838,20.341494121999258,0.1982209171867567,Tôi
2052.16949558054,6219.048776121398,5662.5462011318405,80.5603727603931,2035.209417104668,94.54183745394026,-70.28892523344298,25.97012016617936,0.1897408779488205,Tôi
1474.466822496142,5980.547672554445,5038.203312238794,43.46020109442259,2070.189578961154,93.74683377538376,-71.81533229627148,27.29512629710687,0.1356806278069778,Tôi
1725.6879849199993,5663.606206036583,5343.484724804494,57.24026485606878,2069.129574056412,92.15682641827073,-71.147529206284,28.355131201848884,0.004240019618968,Tôi
1650.4276366833165,5889.387250746632,4583.46120810447,76.32035314142503,2018.249338628796,91.48902332828328,-70.16172464487393,28.62013242803439,0.0074200343331941,Tôi
1743.7080683006136,5934.967461650538,4939.622856097787,44.5202059991646,2019.3093435335368,93.54543284348276,-70.617526753913,29.4151361065909,0.0084800392379361,Tôi
1989.629206200761,5942.387495983732,4978.843037573241,44.5202059991646,2018.249338628796,94.4040368163238,-71.28532984390047,30.86734282608746,0.00530002452371,Tôi
1719.3279554915473,5709.186416940489,4483.82074705872,73.140338427199,2018.249338628796,94.54183745394026,-71.61393136437049,31.00514346370392,0.0551202550465847,Tôi
1788.228274299778,5869.247157556533,3905.058069069581,59.36027466555281,2019.3093435335368,94.34043652203928,-71.81533229627148,30.9415431694194,0.0487602256181326,Tôi
1452.2067194965596,5877.72719679447,3951.6982848782295,114.48052971213755,2018.249338628796,94.01183500156924,-72.01673322817246,31.06874375798844,0.0349801618564864,Tôi
1530.6470824474688,6097.148212076067,4130.83911377963,107.06049537894346,2019.3093435335368,94.07543529585378,-72.28173445435796,31.270144689889424,0.0487602256181326,Tôi
1697.067852491965,6346.24936469044,4000.458510496362,83.74038747461914,2018.249338628796,93.93763465823731,-72.08033352245698,30.740142237518416,0.0148400686663882,Tôi
1938.7489707731445,6077.0081188859685,4056.638770447689,75.26034823668301,2018.249338628796,94.54183745394026,-72.408935042927,32.19234895701498,0.0530002452371007,Tôi
1655.7276612070264,6152.268467122652,4018.478593876976,76.32035314142503,2018.249338628796,94.99763956297932,-72.61033597482799,33.5173550879425,0.0445202059991646,Tôi
1562.4472295897292,5816.246912319433,3934.738206402357,37.1001716659705,2018.249338628796,95.9304438791523,-72.73753656339703,34.24875847221448,0.0508802354276166,Tôi
1690.707823063513,5521.5655488011525,4155.219226588696,55.120255046584745,2018.249338628796,97.2554500100798,-72.81173690672897,33.718756019843475,0.0508802354276166,Tôi
1574.107283541891,5684.806304131423,4496.540805915625,39.22018147545453,2019.3093435335368,97.2554500100798,-72.81173690672897,33.92015695174446,0.0477002207133906,Tôi
1711.9079211583532,5631.806058894323,4421.280457678942,20.14009319009828,2019.3093435335368,96.78904785199332,-73.00253778958253,34.057957589360925,0.0561802599513267,Tôi
1791.4082890140044,5863.947133032823,4525.160938343659,79.50036785565108,2019.3093435335368,96.1954451053378,-73.34173935909998,34.45015940411547,0.0561802599513267,Tôi
1776.568220347616,5554.425700848155,4929.022807050367,87.98040709358719,2019.3093435335368,96.25904539962232,-73.26753901576804,35.91296617265945,0.0699603237129729,Tôi
1614.3874699220878,5339.244705185526,4620.561379770441,49.820230522874674,2019.3093435335368,96.9268484896098,-73.07673813291447,36.70796985121596,0.076320353141425,Tôi
1601.6674110651836,5479.165352611472,4830.442350909359,49.820230522874674,2018.249338628796,97.31905030436434,-72.6739362691125,36.835170439785,0.075260348236683,Tôi
1760.668146776486,5396.484970041595,4924.782787431399,109.18050518842747,2018.249338628796,97.58405153054984,-72.47253533721153,36.77157014550048,0.077380358046167,Tôi
3931.558191688132,7131.712999104273,7767.715941949481,2.1200098094840287,2019.3093435335368,96.66184726342428,-52.003840626643225,21.062297457223828,0.222601029995823,Tôi
3093.094312037198,7075.532739152946,6981.192302630907,12.720058856904172,2035.209417104668,95.99404417343682,-58.236669466526266,16.75867754397125,0.2321410741385011,Tôi
3708.9989229506527,6728.020569936948,7327.990721113961,2.039359858835959,1905.0381376660728,91.2243968859916,-49.06044447030354,19.901290250565047,0.1775600436255057,Tôi
2917.99815470867,6674.994373770693,6586.01372668828,12.01405039007119,1920.019986352264,90.58431597636026,-54.90006235809017,15.79160446875431,0.2296092473029486,Tôi
2369.991015573715,5694.992181466581,5939.982068102146,66.00879182328381,1904.0259791918093,90.4871728608185,-61.226279569945845,19.180596373891994,0.1701079604414799,Tôi
1935.9941274253056,5867.006922244488,5341.99944633797,0.0,1919.9783151104425,89.20108276725479,-66.27942800559015,24.49427662507573,0.1929455987752807,Tôi
1390.9771942162704,5641.991312777588,4753.020044884097,40.99620467183638,1952.978340740584,88.42889849549755,-67.78057045898765,25.77510948368993,0.1348678899467016,Tôi
1628.0213820932668,5343.029364578456,5041.001816437444,53.98830254170328,0.0,86.92047606889491,-67.12654462165641,26.731554889755664,-0.0062564721626081,Tôi
1557.0231961826048,5555.978556308644,4323.995014109799,72.02378075495089,1904.0042719493133,86.29474874497302,-0.0,27.03117313889816,0.0165027335813851,Tôi
1645.0065574733917,5598.993279525982,4660.029071976722,41.97148073730789,1905.0040173681448,88.26771832609046,-66.60360671445885,0.0,-0.0020872062441056,Tôi
1876.9868536589893,5606.012441286757,4696.976305934248,0.0,1903.9948309477163,89.07702272078961,-0.0,29.125518255781834,0.0061142113210072,Tôi
1622.006183857734,5385.974928073759,4229.987096816535,69.01526922223276,1903.9746360034085,89.17820460939734,-67.54612313216391,29.25522623187869,0.068717807085808,Tôi
1686.9823885445255,5536.987865810191,3684.0308793024105,55.99448224104556,1904.9774340999047,0.0,-67.73081931440876,29.1748320437544,0.0149875860367667,Tôi
1370.0019957084994,5544.992680959452,3728.018922986893,108.02053653474132,1904.002862213576,88.66251018634118,-67.92317810663717,0.0,0.0361792037257512,Tôi
1443.985119246138,5751.989914762695,0.0,0.0,1904.9953987957915,88.72889016696443,-68.19747468274733,0.0,0.0460842172046433,Tôi
1601.026230308599,5987.005777708077,3774.010285167602,79.00554728580644,1904.0018900287096,88.62687302233122,-68.01531221152665,28.981512414720708,-0.0168023576684965,Tôi
1828.9910128115407,5732.975678013679,3826.96431105649,71.0105795117189,0.0,89.20972017273532,-68.30557290172449,30.34776084270017,0.0738404211315017,Tôi
1562.0328684632066,5803.999479992105,3790.9904448022967,71.9770439670142,1903.982157789453,89.6271542481144,-68.51224888309197,31.614695245650456,0.0238419833667168,Tôi
1474.0217052485311,5486.964285453781,3712.003965031448,34.99752745689315,1903.9964416521773,90.510113055513,-68.62000088494165,32.30666938537023,0.0568597663466573,Tôi
1595.009955696476,5209.02990488868,3920.032578326321,52.00093565593505,1904.0107453255653,91.71747290782766,-68.72501557922139,31.79087271760926,0.0367621665190188,Tôi
1485.0237150211033,5362.992633155467,0.0,37.02258493109202,1905.0118960271675,91.70251061831864,-68.63363371921393,32.0124836445444,0.0453739384829032,Tôi
0.0,5312.958726245696,0.0,19.001094619408352,1904.995751173456,91.3081797177948,-0.0,32.10847916383694,0.0,Tôi
1689.9981054369014,0.0,4268.962995237552,74.99703020106456,1905.0252536693715,90.7414528792051,-69.18701446388047,32.49514483628164,0.1130832197476736,Tôi
1675.964963706061,5240.014548062351,4650.019766015806,83.04518265693059,1904.959643465157,90.79000081280006,-69.11208101916708,33.85332115095534,0.0432982880074471,Tôi
0.0,5036.959824781139,4358.99138795193,0.0,1905.019055801452,91.45372403781148,-0.0,0.0,0.0579071169188666,Tôi
1510.963609614239,5168.981432814343,4556.998263698588,47.02667850704881,1904.0524282342749,91.79399337444232,-0.0,34.74013184255005,0.0,Tôi
1661.0225486497443,5090.967829837435,4646.002655938376,0.0,1904.0038701475744,92.04876871636432,-68.3691862298154,34.68441807030195,0.0818619187323442,Tôi
3709.0,6728.0,7328.0,2.0,0.0,91.19,-49.06,19.87,0.0,Tôi
2918.0,6675.0,6586.0,12.0,1920.0,90.56,-54.94,15.81,0.219,Tôi
2370.0,5695.0,5940.0,66.0,1904.0,90.5,-61.25,19.19,0.187,Tôi
1936.0,5867.0,5342.0,76.0,1920.0,89.19,-66.31,24.5,0.179,Tôi
1391.0,5642.0,4753.0,41.0,1953.0,88.44,-67.75,25.75,0.128,Tôi
1628.0,5343.0,5041.0,54.0,1952.0,86.94,-67.12,26.75,0.004,Tôi
1557.0,5556.0,4324.0,72.0,1904.0,86.31,-66.19,27.0,0.007,Tôi
1645.0,5599.0,4660.0,42.0,1905.0,88.25,-66.62,27.75,0.008,Tôi
1877.0,5606.0,0.0,42.0,1904.0,89.06,-67.25,29.12,0.005,Tôi
1622.0,5386.0,4230.0,69.0,1904.0,89.19,-67.56,29.25,0.052,Tôi
1687.0,5537.0,3684.0,56.0,1905.0,89.0,-67.75,0.0,0.0,Tôi
1370.0,0.0,3728.0,108.0,1904.0,88.69,-67.94,29.31,0.033,Tôi
1444.0,5752.0,3897.0,101.0,1905.0,88.75,-68.19,29.5,0.0,Tôi
0.0,5987.0,3774.0,79.0,1904.0,88.62,-68.0,29.0,0.014,Tôi
1829.0,5733.0,3827.0,0.0,1904.0,89.19,-68.31,30.37,0.05,Tôi
1562.0,5804.0,3791.0,72.0,1904.0,89.62,-68.5,31.62,0.042,Tôi
1474.0,5487.0,3712.0,35.0,1904.0,90.5,-68.62,32.31,0.048,Tôi
1595.0,5209.0,3920.0,52.0,1904.0,91.75,-68.69,31.81,0.048,Tôi
1485.0,5363.0,4242.0,0.0,1905.0,91.75,-68.69,32.0,0.045,Tôi
0.0,5313.0,4171.0,0.0,1905.0,91.31,-68.87,32.13,0.053,Tôi
1690.0,5532.0,4269.0,75.0,1905.0,90.75,-69.19,32.5,0.053,Tôi
0.0,5240.0,4650.0,83.0,1905.0,90.81,-69.12,33.88,0.066,Tôi
1523.0,5037.0,4359.0,47.0,1905.0,91.44,-68.94,34.63,0.072,Tôi
1511.0,5169.0,4557.0,0.0,1904.0,91.81,-68.56,34.75,0.071,Tôi
1661.0,0.0,4646.0,103.0,1904.0,92.06,-68.37,34.69,0.073,Tôi
2093.1114850690496,6343.248686296136,5775.609125088813,82.16176016949886,2075.8317756200504,96.4474892077004,-71.70487245970945,26.46476274060468,0.2148482765292323,Tôi
1503.9168188179758,6099.9680804274085,5138.791223966294,44.34710216750288,2111.525306297397,95.61631758073842,-73.19795453613469,27.87218622701541,0.165423175453542,Tôi
0.0,0.0,0.0,58.391882972917145,2110.482167516736,94.02549647544348,-72.50984188350576,28.9479263056986,0.0015589373668841,Tôi
1683.3987697674124,6006.996917227793,4675.00204534846,77.84247193005451,2058.5126579650023,93.29482941000616,-71.55167184211196,29.187408192856537,0.0324189432904176,Tôi
1778.5413228390876,6053.459434080205,5038.242096600898,45.38734199861844,2059.627596277062,95.41558884899445,-72.00406970515803,30.01516422942544,0.0268759502939181,Tôi
2029.3593997235373,6061.086068313517,5078.261656785907,45.428374986166425,2058.5279153936526,96.30943272468996,-72.69634249823292,31.50252237189303,-0.0030560151788876,Tôi
0.0,5823.186442769061,4573.355988206987,74.55616580396449,2058.5569388336085,96.37845662890672,-73.04561196249391,0.0,0.0589792063459202,Tôi
1823.9231478292727,5986.474690557051,3983.0699928059935,60.53523590105766,2059.68827986566,96.21017641958257,-73.24412038336698,31.571255336902738,0.0619836378617465,Tôi
0.0,5995.121425927548,4030.619755587032,116.770684324184,2058.556750544324,95.84922774666586,-73.48437170728245,31.72722242106901,0.0252912995904395,Tôi
1561.2400026630314,6218.912415701172,4213.343789194184,109.20186707860984,2059.6104718408246,95.90741814741897,-73.7315948049734,31.90086738190988,0.0484836312986911,Tôi
1730.986356982668,6472.989758856911,4080.357190983361,85.39471755985564,2058.540727409136,95.8403397979049,-73.525391784002,31.355837656179546,0.0368818142195282,Tôi
1977.4690651021624,6198.344363419558,4137.662522243909,76.73986064776282,2058.547211630471,96.45794265311967,-73.83542612047617,32.861424269157666,0.0803433852006769,Tôi
1688.8341317690536,6275.118488586557,4098.753852680348,0.0,2058.517220301948,96.89994140482268,-74.08332140502633,34.20740436543399,0.02170928620303,Tôi
1593.7008526503564,5932.412997247609,4013.314553378361,37.82249348318986,2058.527869418765,97.83886893497262,-74.21634815188243,0.0,0.0844196820892915,Tôi
0.0,5631.844915732547,4238.2285630393335,56.19044171388072,2058.514823914817,0.0,-74.24279473513947,34.372114567820184,0.0706285786322408,Tôi
1605.5073392481831,5798.370126723234,4586.3677027218255,40.011840098095725,0.0,99.21663063920228,-0.0,34.59153057333819,0.0450032698208126,Tôi
1746.0948753472285,5744.269856815566,4509.59604279945,20.504365972702868,2059.63576709712,98.72817831232514,-74.43117905574205,34.729922653123296,0.0712799244772629,Tôi
1827.12968156678,5981.051805358944,4615.537214718073,81.06001294276142,2059.651696664896,98.11881354254524,-74.80588237969494,35.13966344618804,0.0,Tôi
1812.0604800006272,0.0,5027.442910155947,89.74061719830941,2059.637503455476,98.18496466851109,-74.76908000545414,36.60101702334241,0.0721619793990429,Tôi
1646.6194807184622,5445.865662568143,4712.8482068090925,50.84056047309366,2059.672026370624,98.86899666416784,-0.0,37.45923151389804,0.084842989520733,Tôi
1633.662293606027,5588.585887132548,4926.908851237508,50.80765947631006,2058.5283715844184,99.26663029778652,-74.15999158138871,0.0,0.0626508448838138,Tôi
1795.8102428437971,5504.215634874496,5023.1377656812765,111.29928855822092,2058.535895982516,99.53962076176344,-73.93168291488583,37.52698764720567,0.068898458384576,Tôi
4010.074310513052,0.0,7922.863192300779,2.11592883024491,2059.6366658955176,98.59573155911164,-53.01741550874173,21.482666737392588,0.2186302855035875,Tôi
3154.8515918359203,7216.848319640999,7120.636749661223,12.941985533229548,0.0,97.89743614458214,-59.43311913121953,17.103208527979447,0.0,Tôi
2562.371409837722,0.0,6422.20008212015,71.39372241428396,2058.5276158693764,97.84888032608116,-66.21969218444656,20.75405772387425,0.1557009989345769,Tôi
1398.0,4832.0,4923.0,105.0,1905.0,91.19,-67.69,37.31,0.003,Tôi
1504.0,4964.0,4753.0,75.0,1905.0,88.94,-64.75,43.69,0.003,Tôi
1714.0,5020.0,4821.0,54.0,1905.0,89.69,-63.25,44.0,0.004,Tôi
1721.0,4971.0,4729.0,42.0,1905.0,91.5,-63.5,42.19,0.003,Tôi
1825.0,5129.0,4285.0,60.0,1905.0,93.5,-65.31,40.25,0.002,Tôi
1690.0,5340.0,4283.0,46.0,1904.0,93.25,-67.37,39.81,0.003,Tôi
1632.0,5455.0,4568.0,92.0,1905.0,92.69,-68.44,39.25,0.003,Tôi
1712.0,5253.0,3981.0,94.0,1905.0,92.69,-68.25,40.0,0.003,Tôi
1837.0,5034.0,3787.0,90.0,1905.0,92.87,-67.81,39.88,0.002,Tôi
1462.0,4743.0,3816.0,82.0,1905.0,93.69,-67.44,39.31,0.006,Tôi
1493.0,4919.0,4080.0,73.0,1904.0,93.94,-67.37,39.75,0.005,Tôi
1652.0,4784.0,4395.0,1.0,1904.0,93.87,-67.94,39.94,0.004,Tôi
1598.0,4775.0,4397.0,1.0,1937.0,93.75,-68.37,40.0,0.004,Tôi
1659.0,4680.0,4076.0,75.0,1920.0,93.81,-68.5,39.94,0.004,Tôi
1610.0,4586.0,4295.0,93.0,1953.0,93.75,-68.37,39.94,0.004,Tôi
1461.0,4792.0,4266.0,5.0,1936.0,94.0,-68.37,39.81,0.005,Tôi
1567.0,4699.0,4043.0,59.0,1936.0,94.0,-68.44,39.81,0.005,Tôi
1252.0,4831.0,3437.0,0.0,1953.0,93.81,-68.44,39.5,0.004,Tôi
1240.0,4877.0,3588.0,68.0,1953.0,93.37,-68.37,39.25,0.003,Tôi
1309.0,4846.0,3462.0,83.0,1953.0,93.12,-68.44,39.13,0.002,Tôi
1385.0,4723.0,3713.0,81.0,1952.0,93.0,-68.69,39.38,0.004,Tôi
1442.0,4588.0,3842.0,82.0,1953.0,93.31,-68.81,39.81,0.004,Tôi
1394.0,4711.0,3801.0,89.0,1952.0,93.94,-68.94,40.0,0.004,Tôi
1366.0,4877.0,3845.0,86.0,1953.0,94.12,-68.81,39.56,0.005,Tôi
1387.0,4723.0,3826.0,83.0,1952.0,93.87,-68.37,38.69,0.005,Tôi
1616.6335162736875,5335.833250411551,5109.02647554286,80.62726485225443,2047.717415036554,95.617469580818,-69.5647926863027,46.94631861423267,-0.0406137698738653,Tôi
1842.429411971667,5396.046228943516,5182.074878250316,58.01728071242351,2047.674890777478,96.39470419353594,-68.00454678118136,47.292938099059,-0.0093357261905237,Tôi
1849.8876468275507,5343.316201233427,5083.175124048007,45.18572748191108,2047.7118093691213,98.36024253543847,-68.26758086771159,45.34832676419787,0.0110514750253562,Tôi
1961.6854228012044,5513.196635864811,4605.949432036935,64.49172816311962,2047.6824352090896,100.51477082753868,-70.20999072514422,43.243820659674284,0.0216539825199922,Tôi
1816.5924423748893,5739.95581969218,4603.809699541872,49.45136304626907,2046.60367497944,100.2457961408718,-72.40697934122795,42.80929884554435,-0.0089135243462303,Tôi
1754.2079520185405,5863.591843643309,4910.139509246672,98.89094070542784,2047.6952924384743,99.62046633566916,-73.5500881493418,42.2199110380639,-0.0060868378057376,Tôi
1840.231042861086,5646.442279408169,4279.180549290676,101.07614646102527,2047.662231437504,99.60556085039968,-73.36519390074778,43.003207278450326,0.0194364065193098,Tôi
1974.587076171952,5411.048690153597,4070.676084156246,96.75520166543949,2047.6885135795944,99.85191165381168,-72.89707764852959,42.8712733146302,0.0062891670822122,Tôi
1571.5002874494742,5098.207008754074,4101.840484836849,88.15136484812987,2047.7282831995203,100.72704396049556,-72.52010407351199,42.24289016800287,0.0073257258677048,Tôi
1604.8542424751993,5287.455290258761,4385.57263957803,78.48879205423084,2046.5970284655648,100.9726814221034,-72.4175835857652,42.69084124788281,-0.047883917534355,Tôi
1775.7707021041765,5142.293040057352,4724.193743009922,1.0682476894152182,2046.6325473234208,100.908005766071,-73.02316698634897,42.91050480846314,0.0014002911040671,Tôi
1717.6910806904502,5132.674243812485,4726.334042258126,1.0583378206367364,2082.0747536384056,100.80399006018308,-73.50521961193938,43.01515016383804,-0.0221460984132904,Tôi
1783.2780323693007,5030.543742805283,4381.330832305146,80.64316416217456,2063.8032002205555,100.84541396108186,-73.67429573148502,42.96851776088956,-0.022643475876572,Tôi
1730.5873897658955,4929.476799668267,4616.665032557819,99.95740633489538,2099.28121651142,100.76244929382744,-73.47988214974895,42.93277838745939,-0.0460733452666574,Tôi
1570.4239889964513,5150.9352294607415,4585.53940443183,5.385283903976136,2081.0235605808284,101.03247335013285,-73.51846880700208,42.778445689004656,-0.0130588626821159,Tôi
1684.3658744841212,5050.928640980239,4345.841065002842,63.445565902007935,2080.972228465552,101.06067361276172,-73.58176724597483,42.78131680980833,0.0316104516356333,Tôi
1345.745827230094,5192.873229452571,3694.424551840949,-0.0245184417999424,2099.2825712292647,100.82664248846932,-73.55782485889375,42.45756877782221,-0.0225796925131832,Tôi
1332.8468347445655,5242.300764056135,3856.7589822102814,73.10036209574184,2099.253574007017,100.39484447024422,-73.54436630929695,42.17102773190356,0.037276109943851,Tôi
1407.0571566943222,5208.983945576498,3721.282320389927,89.24897746958044,2099.2809812976075,100.1074553461346,-73.5767809381982,42.060991486029565,-0.0052640042723079,Tôi
1488.7352258315136,5076.74725106178,3991.0996085086335,87.03423404720321,2098.184490594216,99.96818996915944,-73.82964566255202,42.34145603123558,-0.010998958121114,Tôi
1550.030327295228,4931.621461024619,4129.783169299912,88.171667216891,2099.275443723709,100.26720722554178,-73.9753005584587,42.747657279177766,0.0004562432496045,Tôi
1498.3744696496028,5063.858448213874,4085.6798337938153,95.64992546260434,2098.200994367504,100.95723228725238,-74.07201750458786,43.02206356891571,0.0154776045899532,Tôi
1468.3357413109848,5242.310116628411,4132.993500886691,92.44077268225074,2099.293299699837,101.17625213913192,-73.97217773813155,42.52536901893427,0.0072216447445832,Tôi
1490.8703448533538,5076.766391670305,4112.577933751359,89.21523757852444,2098.2217088256366,100.88168346805207,-73.46722988073736,41.5708415592548,0.0266315916833456,Tôi
1502.731353325476,5193.889368771354,5291.733290497881,112.83627974183534,2047.654589361207,98.05127432713516,-72.81221734787432,40.09094046625577,-0.0059121288098321,Tôi
1323.0307250147837,4572.872438153804,4658.997309462772,99.3694657188806,1802.888555267241,86.3143984307803,-64.06959199968036,35.30546560451494,0.0265546344114097,Tôi
1423.3518397613552,4697.813119025342,4498.138700621859,71.0083050186866,1802.8381505851644,84.20072286268038,-61.283525265010766,41.3501648009806,-0.034310149333281,Tôi
1622.10539390299,4750.784149708113,4562.475778385578,51.11874661540665,1802.864391901134,84.86171161429412,-59.85135038636531,41.632490876645576,0.0183176781677415,Tôi
1628.7496211352052,4704.47960270617,4475.434425625085,39.75589327750856,1802.8461583884443,86.60497835717635,-60.111987205437536,39.9522148495809,0.0506934140750619,Tôi
1727.1370442267987,4853.979855597389,4055.238530058141,56.77614556782047,1802.8111192925671,88.47081083879381,-61.80421575694391,38.10790618654072,-0.0008853789270317,Tôi
1599.3894017579646,5053.653019941302,4053.342895884799,43.535300010744834,1801.9150150084247,88.26062752891416,-63.74516355210637,37.69834305402167,0.0245982702737634,Tôi
1544.521130498071,5162.463164973878,4323.069184819663,87.07594370217156,1802.875716862628,87.73809475416529,-64.7667371119534,37.169751787949664,0.0170403262325107,Tôi
1620.2317739379018,4971.356387267474,3767.545904966686,88.97903605586734,1802.847974300827,87.71120255698219,-64.59360148913942,37.85140756121621,0.0178808265580897,Tôi
1738.4802655166864,4764.07676137288,3583.93240054058,85.16263876226876,1802.8407354072924,87.88121160222272,-64.19596024468747,37.73564866240353,-0.0125445549291623,Tôi
1383.6012895294853,4488.675097228934,3611.396055163564,77.593310272593,1802.8582810431767,88.65369145029901,-63.82820119756815,37.24334287145499,0.0090602995564417,Tôi
1412.952383196612,4655.230448579463,3861.213898231895,69.05182438397058,1801.9045098314905,88.88886192078996,-63.74810656167649,37.646181024459686,0.0012690893969912,Tôi
1563.423855400361,4527.441863149219,4159.3236861004,0.9593463213237944,1801.924974176668,88.85753833362143,-64.29508139316523,37.79180267780555,-0.0036505135607566,Tôi
1512.282207174344,4518.922313480067,4161.24684589914,0.9753992413770112,1833.158093185017,88.72720063862539,-64.68791239385168,37.89305758437652,-0.0019529697077893,Tôi
1570.061629139002,4429.053408106392,3857.4267884948745,70.96234499254041,1817.0223815858087,88.76341818799933,-64.820820802862,37.82439047324608,-0.0028780238742234,Tôi
1523.6500669501863,4340.1051010252495,4064.67566062695,88.04068424372316,1848.290515094576,88.71103683316528,-64.73780459990834,37.7712663501318,0.0007403386729822,Tôi
1382.668492242727,4535.046944336745,4037.239377273015,4.7460557693510665,1832.1930147798807,88.97318358029783,-64.69616358578962,37.707231834810976,-0.0369378697504251,Tôi
1482.9848844543906,4447.057185020135,3826.216576807754,55.85996315383608,1832.176217421448,88.94350109839776,-64.79992923113147,37.68675723580213,0.0110763012130785,Tôi
1184.8399052513944,4571.931427421997,3252.702841501461,0.0157231909936696,1848.28142884278,88.7720095133297,-64.7902799689782,37.377540271066906,-0.0213561157572394,Tôi
1173.507886633692,4615.487260954343,3395.603826429324,64.3558573489003,1848.2963369660656,88.37013595799016,-64.71335501868526,37.15362941533417,1.974521288559604e-05,Tôi
1238.7942141260376,4586.125936944759,3276.339400830201,78.55418969214163,1848.298519840368,88.10268093779568,-64.74539879233586,37.01161408681233,-0.0006577872535483,Tôi
1310.7435412902953,4469.723536996268,3513.888768064088,76.65569487992164,1847.356915522184,88.02162029461587,-65.0385093614106,37.27937545442919,-0.0152734713762763,Tôi
1364.6737571524957,4341.965835989077,3635.959671869692,77.60618841678424,1848.30927927958,88.2963629754227,-65.11613060541289,37.69454212866791,-0.0254449091436384,Tôi
1319.260278377429,4458.388007142672,3597.180417142915,84.24046750240075,1847.3154056055423,88.89519044689139,-65.26989382456874,37.88436842168633,0.0024214521572267,Tôi
1292.7537086338364,4615.508482833973,3638.8171808278566,81.40278356381987,1848.2499820883693,89.03047783424847,-65.14083794210757,37.4436040767969,-0.0442568625652471,Tôi
1312.634905358018,4469.756215463759,3620.814580876262,78.5510525582815,1847.3286120974,88.83116958394133,-64.76013351983086,36.62206199396314,0.0080584982559554,Tôi
1360.6419367426463,4702.878074828734,4791.429123758044,102.20293182459451,1854.0657645643803,88.76450818085392,-65.88753377958508,36.313144801954216,-0.027010495865661,Tôi
1463.7685438275585,4831.313611466087,4625.937515170343,73.00949597294243,1854.0717415069016,86.54007166685676,-62.99061882061513,42.51833982259057,0.0304982632842773,Tôi
1668.173939908358,4885.832091437914,4692.113922403032,52.55186368335459,1854.08125422282,87.31083286236992,-61.55929197299558,42.81951233589714,-0.0381450915618725,Tôi
1674.9802036608528,4838.109205134107,4602.62248859766,40.8825042855283,1854.086990864561,89.02366873250624,-61.81711388870922,41.07220420605052,-0.021497091920412,Tôi
1776.2192478242662,4991.929518543461,4170.471892628212,58.39616316043999,1854.0616131580207,90.98995054242104,-63.559414927687165,39.179859051563255,0.019189685173038,Tôi
1644.7769129018154,5197.266391767893,4168.511624581782,44.74168685430055,1853.1250046175087,90.784602097646,-65.59077777861395,38.73616795238254,0.0151774327308358,Tôi
1588.4069205929416,5309.219041061721,4445.899484500798,89.51948382035333,1854.0621686592897,90.20977637185416,-66.63369694419137,38.14971269633335,-0.0199792967862867,Tôi
1666.2336120111854,5112.60524422649,3874.604194937666,91.511333470942,1854.1003661278069,90.19270136500153,-66.4284458897436,38.93615722959225,-0.0323665658421694,Tôi
1787.901600647143,4899.475638578402,3685.75034729528,87.56629958044485,1854.0634188496915,90.3767156004257,-65.99221673666324,38.78915897389176,0.0007297306451467,Tôi
1422.9257888259267,4616.196530403733,3713.990099397168,79.80356628888124,1854.0674242839373,91.17416860179068,-65.63487506814053,38.26546533697327,0.0131191702847311,Tôi
1453.1145428427124,4787.523847943733,3970.9560043738406,71.05435091261302,1853.1046400909693,91.41822639230534,-65.58140826386149,38.702003713886256,0.0077974749053431,Tôi
1607.8795256482424,4656.135293810423,4277.529931128003,0.9901641806786724,1853.0800919546543,91.34509660833672,-66.15257276968589,38.85714749201173,0.0088795597370869,Tôi
1555.2802446922526,4647.354768387518,4279.469738312204,0.9824406846094536,1885.2309243697816,91.24514894190408,-66.57059079567763,38.947234423013,-0.0190432071328963,Tôi
1614.6433734454467,4554.912491062947,3967.0864080142815,73.00260220818919,1868.6647378337927,91.33092338055002,-66.65268987418547,38.90078980664236,0.0019471885463009,Tôi
1566.9930889748116,4463.400004142844,4180.166159180088,90.548865970546,1900.7884724226944,91.2466768343074,-66.56241548460794,38.892742759011696,0.0045362526029862,Tôi
1421.9828030337517,4663.881729701617,4151.997369472399,4.869312022215024,1884.2854821410267,91.49681250396166,-66.51758248037012,38.75552164523505,0.0005347157966146,Tôi
1525.117083147204,4573.364171131826,3934.9341640240136,57.42206498746073,1884.2243862249773,91.46781676364792,-66.61038562765637,38.77525935163591,-0.0191283388695904,Tôi
1218.5108859186143,4701.842361605549,3345.1484814274977,0.040124135557942,1900.7862728245188,91.30120816335176,-66.60288851961468,38.452467593846016,0.015703983909419,Tôi
1206.8415895472497,4746.6259247633625,3492.1323089938774,66.18231012022574,1900.80330029074,90.88867269313768,-66.53429498022886,38.195396634268185,0.002400402383974,Tôi
1273.9644030930694,4716.479360839746,3369.4700991776053,80.79140463543136,1900.79914915738,90.64614755264296,-66.57100735622011,38.08107093066229,0.0032937444465552,Tôi
1347.977634379245,4596.761256348158,3613.7346605623848,78.82349948804173,1899.834506993368,90.4866560433579,-66.89182773824264,38.31522177185874,0.0281911092677592,Tôi
1403.4765201572886,4465.371352821397,3739.3238241763866,79.82036266540506,1900.8200283258475,90.85406508828028,-66.96628381440924,38.73285411221018,-0.005575621541824,Tôi
1356.749459525888,4585.116555965592,3699.429779267844,86.6121004264625,1899.810697597332,91.44968189036328,-67.07749279377413,38.914214432574205,-0.0039198224001887,Tôi
1329.4887474199625,4746.633850421716,3742.217396660277,83.68831116644391,1900.8011710234805,91.6077760454102,-66.94653638599205,38.513907746691125,-0.0082294841329944,Tôi
1349.9193124367569,4596.77830487835,3723.72835948424,80.78728676058819,1899.8001797881573,91.35474846245803,-66.54613529636416,37.640652619394345,-0.0006599974082525,Tôi
1398.006097594004,4831.996079813836,4923.022409984054,104.9575036250724,1905.0070097318085,91.16981365629664,-67.67874000798244,37.33907682665791,0.0024065184233421,Tôi
1504.008957127939,4963.986311382722,4752.996662336544,74.99544896009559,1904.977740138368,88.95074832596947,-64.77418894991459,43.71038639601285,0.0196121271980741,Tôi
1713.9880352252778,5019.973229175917,4821.013572595337,54.01057591147202,1905.0035834713792,89.70171994545692,-63.23891851448689,44.02425927156925,0.0308809159255087,Tôi
1721.0364344730526,4971.018782172548,4728.98000972823,42.00148243999725,1905.003299515239,91.50964600120754,-63.51189475987795,42.14657023537718,-0.0212775921767853,Tôi
1824.9763260823413,5128.977674870574,4285.05986288976,59.9979468705486,1905.0317764819763,93.48846206774326,-65.32016727767284,40.25557890605937,-0.0166780751850938,Tôi
1689.9992824724477,5340.010158473353,4282.98421502763,46.02240279540275,1903.995244918327,93.26216004726848,-67.35903793896343,39.78816395571732,-0.007387622350917,Tôi
1631.9863978882686,5454.974497599546,4567.996191104469,92.01434782580084,1905.0345310296416,92.673388233363,-68.48195640515789,39.23550781799886,0.0232289215977606,Tôi
1712.0300488724408,5252.975094417599,3981.01659269194,94.04383145202505,1904.9986570730769,92.67337322413604,-68.23897554279878,40.01272320005033,0.0235770573763,Tôi
1836.9970891501075,5034.017947781173,3787.0070870572144,90.01424124768477,1904.998417590027,92.83987871323056,-67.84615293286666,39.888705740737024,-0.000145834010494,Tôi
1461.9618375231585,4743.008547523982,3815.985063422957,82.04133155114064,1905.016942761143,93.70150158691696,-67.42860613654884,39.28209663240217,0.0315083248873129,Tôi
1493.023477927625,4918.975787934083,4080.0103372436015,73.01145863744341,1903.9853107347087,93.9601464190261,-67.35170293316142,39.75365556491357,0.0016365204741275,Tôi
1651.9647836016477,4783.999404701361,4395.0175552559485,0.9978195950618194,1903.9911980483305,93.8716871998428,-67.94620523805881,39.96330947709572,-0.0147642018457581,Tôi
1597.9990292593416,4774.996253755217,4397.010178469733,1.0143106800824393,1936.981205845866,93.74534754075516,-68.3748059964735,40.01041430476109,0.0025928016920239,Tôi
1659.0006139959412,4680.013508909911,4075.983601840108,75.04659721856329,1919.995270766107,93.8147802512322,-68.5158159021915,39.97758355816756,0.0285025907311693,Tôi
1609.9820311908747,4585.991658587027,4294.9443944092345,93.01215625842713,1952.991932296168,93.72224627858348,-68.38052584934222,39.93919998665983,0.0161305848130423,Tôi
1461.00627975401,4791.9659500886255,4266.029642231318,5.005575586953873,1935.9884457438447,93.97532752482518,-68.36970687921807,39.79606629015564,-0.0202148477633357,Tôi
1566.9996340517007,4698.997251741145,4043.0073002006575,59.01133671854803,1935.9874946502705,94.00124333272588,-68.423918437859,39.82359144521772,0.0059014107151568,Tôi
1252.0127428690107,4831.0170922602565,3436.970738165925,-0.0047064880611905,1952.9995699174733,93.7880570370574,-68.45878064676569,39.502116083423424,-0.007300491158108,Tôi
1239.9558637265482,4877.009061904852,3588.0212088941284,68.00084639790512,1953.0229969179736,93.36416110881552,-68.3512330155241,39.27191338843613,-0.0038905299324883,Tôi
1308.969109992991,4846.009979214009,3462.0230509909816,83.03243879722466,1953.0015600599552,93.1307873132981,-68.48052241227374,39.14369473366104,-0.0082190069085906,Tôi
1385.010131002343,4723.005727348477,3712.965948857476,80.97274318305443,1951.961862778839,92.97231481894376,-68.70819844427176,39.37256042569258,0.0185575968811735,Tôi
1441.9769205898294,4587.997957510776,3842.036622007113,81.98450665650626,1952.9920723369985,93.3182752277929,-68.797381622479,39.82139183449873,-0.0004470893567723,Tôi
1393.994726314843,4710.9669519626605,3800.9954891321895,89.01025280908435,1952.0104309843848,93.94673794114632,-68.93169113828786,39.98937019585652,-0.0005812504596411,Tôi
1365.9973517985788,4876.999251630133,3845.0040570841816,86.02567804962868,1952.9963093439185,94.13605335801653,-68.82483397376305,39.55045498934066,0.0287758380186727,Tôi
1387.0247027819496,4723.008163370004,3825.9761009717954,82.9862748295497,1951.983025957053,93.90173846459771,-68.35809977132267,38.66146363389745,0.0145286160908349,Tôi
1474.0,4697.0,3740.0,91.0,1952.0,93.19,-68.5,38.31,0.005,Tôi
1519.0,4713.0,3792.0,104.0,1936.0,92.62,-68.81,38.56,0.005,Tôi
1359.0,4603.0,3796.0,90.0,1905.0,91.62,-68.62,40.31,0.005,Tôi
1209.0,4716.0,3693.0,39.0,1921.0,91.31,-68.19,42.06,0.006,Tôi
1421.0,4713.0,3998.0,33.0,1920.0,91.5,-68.0,41.94,0.004,Tôi
1526.0,4535.0,3976.0,10.0,1921.0,91.0,-67.37,44.13,0.005,Tôi
1212.0,4386.0,3977.0,10.0,1936.0,89.06,-65.19,48.63,0.006,Tôi
815.0,4395.0,3675.0,1.0,1937.0,85.5,-55.25,68.37,0.005,Tôi
751.0,4007.0,3057.0,1.0,1969.0,93.94,-29.44,95.0,0.006,Tôi
471.0,3605.0,2878.0,1.0,2000.0,132.69,2.19,104.0,0.004,Tôi
529.0,3967.0,2361.0,1.0,2033.0,186.75,30.69,93.12,0.004,Tôi
803.0,3739.0,1803.0,1.0,2016.0,218.81,38.0,63.56,0.005,Tôi
925.0,4088.0,1942.0,1.0,2033.0,239.19,29.0,40.81,0.005,Tôi
696.0,3907.0,1739.0,1.0,2048.0,245.44,19.75,33.81,0.004,Tôi
601.0,4429.0,1571.0,1.0,2032.0,252.44,19.0,34.69,0.005,Tôi
752.0,4645.0,1442.0,2.0,2097.0,255.94,19.69,35.75,0.004,Tôi
845.0,4807.0,2034.0,2.0,2096.0,255.19,19.25,35.38,0.005,Tôi
753.0,4688.0,2422.0,1.0,2112.0,254.12,19.37,35.63,0.005,Tôi
826.0,4786.0,2614.0,1.0,2096.0,254.0,20.0,36.0,0.005,Tôi
955.0,4697.0,2648.0,1.0,2064.0,255.06,20.87,37.5,0.005,Tôi
694.0,4534.0,1756.0,1.0,2080.0,254.81,24.12,38.25,0.005,Tôi
568.0,4576.0,1871.0,0.0,2081.0,250.94,28.25,39.56,0.004,Tôi
723.0,4609.0,2142.0,2.0,2081.0,250.12,32.13,41.44,0.003,Tôi
637.0,4742.0,2309.0,0.0,2080.0,254.0,31.12,38.63,0.005,Tôi
662.0,4603.0,1928.0,2.0,2081.0,257.62,26.87,37.75,0.005,Tôi
1538.25609449673,4901.756360821669,3903.03785170812,94.96696377150776,2037.093552549265,97.2524324600748,-71.48612108075034,39.980048154796286,0.0052179650423905,Tôi
1585.2177798782448,4918.453848957319,3957.304688148982,108.53367288172312,2020.3960644136152,96.65758444524228,-71.80963491337855,40.24094640691581,0.0052179650423905,Tôi
1418.2428985217475,4803.658618024727,3961.479060182896,93.92337076302964,1988.044681150794,95.61399143676418,-71.61135224176772,42.0672341717525,0.0052179650423905,Tôi
1261.7039472500314,4921.584627982753,3853.9889803096494,40.700127330646175,2004.742169286444,95.29047760413596,-71.16260724812211,43.89352193658919,0.0062615580508686,Tôi
1482.94566504739,4918.453848957319,4172.284847895472,34.43856927977753,2003.6985762779657,95.4887602757468,-70.96432457651129,43.768290775571806,0.0041743720339124,Tôi
1592.5229309375914,4732.694293448216,4149.325801708954,10.43593008478107,2004.742169286444,94.96696377150776,-70.30686098117008,46.05375946413887,0.0052179650423905,Tôi
1264.8347262754658,4577.198935184978,4150.369394717432,10.43593008478107,2020.3960644136152,92.94239333506022,-68.03182822268779,50.74992800229035,0.0062615580508686,Tôi
850.5283019096573,4586.591272261281,3835.204306157043,1.043593008478107,2021.4396574220928,89.22720222487816,-57.65851371841542,71.35045398964819,0.0052179650423905,Tôi
783.7383493670584,4181.677184971775,3190.2638269175736,1.043593008478107,2054.834633693393,98.03512721643338,-30.72337816959548,99.14133580542016,0.0062615580508686,Tôi
491.53230699318846,3762.152795563576,3003.460678399992,1.043593008478107,2087.186016956214,138.47435629496002,2.2854686885670543,108.53367288172312,0.0041743720339124,Tôi
552.0607014849187,4139.933464632651,2463.923093016811,1.043593008478107,2121.624586235992,194.8909943332865,32.02786943019311,97.17938094948134,0.0041743720339124,Tôi
838.00518580792,3901.9942586996426,1881.5981942860271,1.043593008478107,2103.883505091864,228.3485861850946,39.65653432216807,66.3307716188685,0.0052179650423905,Tôi
965.323532842249,4266.208218658502,2026.657622464484,1.043593008478107,2121.624586235992,249.61701169787844,30.264197245865105,42.58903067599155,0.0052179650423905,Tôi
726.3407339007625,4077.3178841239646,1814.808241743428,1.043593008478107,2137.278481363164,256.1394680008666,20.610961917442616,35.2838796166448,0.0041743720339124,Tôi
627.1993980953424,4622.073434549537,1639.4846163191062,1.043593008478107,2120.5809932275138,263.44461906021337,19.828267161084035,36.20224146410553,0.0052179650423905,Tôi
784.7819423755366,4847.489524380808,1504.8611182254303,2.087186016956214,2188.4145387785907,267.0971945898867,20.54834633693393,37.30845005309233,0.0041743720339124,Tôi
881.8360921640005,5016.551591754261,2122.6681792444697,2.087186016956214,2187.3709457701125,266.31449983352815,20.089165413203563,36.92232063995543,0.0052179650423905,Tôi
785.8255353840146,4892.364023745367,2527.582266533976,1.043593008478107,2204.068433905762,265.1978553144566,20.21439657422093,37.18321889207496,0.0052179650423905,Tôi
862.0078250029164,4994.63613857622,2727.952124161772,1.043593008478107,2187.3709457701125,265.0726241534392,20.87186016956214,37.569348305211854,0.0052179650423905,Tôi
996.6313230965924,4901.756360821669,2763.434286450028,1.043593008478107,2153.975969498813,266.178832742426,21.77978608693809,39.134737817929015,0.0052179650423905,Tôi
724.2535478838063,4731.650700439737,1832.549322887556,1.043593008478107,2170.673457634463,265.9179344903065,25.171463364491945,39.9174325742876,0.0052179650423905,Tôi
592.7608288155649,4775.481606795818,1952.5625188625384,0.0,2171.7170506429406,261.8792295474962,29.481502489506525,41.28453941539392,0.0041743720339124,Tôi
754.5177451296714,4809.920176075596,2235.3762241601053,2.087186016956214,2171.7170506429406,261.02348328054416,33.530643362401584,43.24649427133276,0.0031307790254343,Tôi
664.7687464005543,4948.718046203184,2409.656256575949,0.0,2170.673457634463,265.0726241534392,32.4766144238387,40.31399791750928,0.0052179650423905,Tôi
690.8585716125069,4803.658618024727,2012.0473203457905,2.087186016956214,2171.7170506429406,268.85043084413,28.04134413780674,39.39563607004855,0.0052179650423905,Tôi
1359.0,0.0,3796.0,90.0,1905.0,91.62,-68.62,40.31,0.005,Tôi
1209.0,4716.0,3693.0,39.0,1921.0,0.0,-68.19,0.0,0.006,Tôi
1421.0,4713.0,0.0,33.0,1920.0,91.5,-68.0,41.94,0.004,Tôi
1526.0,4535.0,3976.0,10.0,1921.0,91.0,-67.37,44.13,0.005,Tôi
1212.0,4386.0,3977.0,10.0,1936.0,89.06,-65.19,48.63,0.006,Tôi
815.0,0.0,3675.0,1.0,1937.0,85.5,-55.25,68.37,0.005,Tôi
751.0,4007.0,3057.0,1.0,1969.0,93.94,-29.44,95.0,0.006,Tôi
471.0,3605.0,2878.0,1.0,2000.0,132.69,2.19,104.0,0.004,Tôi
529.0,3967.0,2361.0,1.0,2033.0,186.75,30.69,93.12,0.004,Tôi
803.0,3739.0,1803.0,1.0,2016.0,218.81,0.0,63.56,0.0,Tôi
925.0,4088.0,1942.0,1.0,2033.0,239.19,29.0,40.81,0.005,Tôi
696.0,3907.0,0.0,1.0,2048.0,245.44,19.75,33.81,0.004,Tôi
601.0,4429.0,0.0,1.0,2032.0,252.44,0.0,34.69,0.005,Tôi
752.0,4645.0,1442.0,2.0,2097.0,255.94,19.69,35.75,0.004,Tôi
845.0,4807.0,2034.0,2.0,2096.0,255.19,19.25,35.38,0.005,Tôi
753.0,4688.0,2422.0,0.0,2112.0,254.12,19.37,35.63,0.005,Tôi
826.0,4786.0,2614.0,0.0,2096.0,0.0,20.0,36.0,0.005,Tôi
0.0,4697.0,2648.0,1.0,2064.0,255.06,20.87,37.5,0.005,Tôi
694.0,4534.0,1756.0,1.0,2080.0,254.81,24.12,0.0,0.005,Tôi
568.0,4576.0,0.0,0.0,2081.0,0.0,28.25,39.56,0.004,Tôi
723.0,4609.0,2142.0,2.0,2081.0,0.0,32.13,41.44,0.003,Tôi
0.0,4742.0,2309.0,0.0,0.0,254.0,0.0,38.63,0.005,Tôi
0.0,4603.0,0.0,2.0,2081.0,0.0,26.87,37.75,0.005,Tôi
1474.0,0.0,3740.0,91.0,1952.0,93.19,-68.5,38.31,0.005,Tôi
1519.0,4713.0,3792.0,0.0,0.0,92.62,-68.81,38.56,0.005,Tôi
1450.035182627771,4620.58896799965,3679.158257304322,89.51388048841997,1920.2417442787705,91.71365441554448,-67.37539526152138,37.68853983243769,0.0296523299184366,Tôi
1494.295790867528,4636.315168415769,3730.331230407667,102.338770460884,1904.504183588572,0.0,-67.64197686427973,37.91501017612546,0.0,Tôi
1336.911034974801,4528.16317451131,3734.250171510654,88.51544773215295,1873.9790395318269,90.16404516226372,-67.50992106774875,39.61866010190947,0.0336983436102346,Tôi
0.0,4639.258709494712,3632.914330371077,38.380961875418514,1889.789039029588,89.81656424020588,-67.0729273656118,41.370556139177246,0.0001510999210011,Tôi
1397.864547835226,4636.33990817807,3932.9664047368783,32.4087589669429,1888.765229533311,89.99642097522258,-66.89387976510896,41.275099926576864,0.0134014999065216,Tôi
1501.1678559107409,4461.220985429624,3911.325476274016,9.862513938512166,1889.733061618976,0.0,-66.29401521267297,43.397250532912444,-0.0417378879603891,Tôi
1192.2880031293964,0.0,3912.287685487292,9.844884433687035,1904.462583643276,87.59520169334472,-0.0,47.8618084150589,-0.016192001899154,Tôi
801.7894199578817,4323.507612769578,3615.2235557509057,0.979093174163234,1905.490804515268,84.10615975784204,-54.37942924782859,67.23130855355687,-0.0135458941459892,Tôi
738.8073674717134,0.0,3007.292266430449,0.9792458710076476,1936.998302188519,92.4065693631864,-28.96839510534223,93.47519473172314,0.0483369918079415,Tôi
463.31624916693033,0.0,2831.1760481176543,0.0,1967.4699309324712,0.0,2.169184590213745,102.34345382761744,0.0002550068869677,Tôi
520.383839937842,3902.501922795032,2322.6262127427235,0.0,1999.943113271906,183.7218747303248,30.212660164328163,91.60562974948222,-0.0,Tôi
789.9679916878093,0.0,0.0,0.9996082116162124,1983.2073453959483,215.2478874949741,37.37078457491805,0.0,0.0101919503063401,Tôi
909.938085759566,4021.4874601755832,1910.4202799816217,0.0,1999.941216523572,0.0,28.50620314862533,40.165378983783626,0.0,Tôi
684.6277898894799,3843.435462667951,1710.6946844369115,0.9583510575473012,2014.679150221612,241.44746526384068,19.418674708567085,33.22522813734942,0.0233660361146259,Tôi
591.17668446324,4356.941964548342,0.0,1.0003492961622675,1998.9595111721271,248.33714110275824,18.709304206629703,34.12860828132019,0.024930900439929,Tôi
739.7700493433792,4569.44696149621,1418.554877859105,1.9938366797175848,2062.8805285453946,251.81281725267525,19.3810612709805,35.156651003230415,0.008724470751832,Tôi
831.2472061637834,4728.78783732769,0.0,1.9797835274144904,2061.918399586376,251.0352936430119,18.92579923988161,34.821931386329496,0.0189661105731127,Tôi
740.7705119761472,0.0,2382.6006246798306,0.9962196515244804,2077.6200841978475,250.0124384714412,19.05250019029394,35.052086608253624,0.0035066805457959,Tôi
812.5717893771734,4708.166593391914,0.0,0.9839214986438763,2061.89843396438,249.85910801147267,19.693377739005324,35.44181587832407,0.0381745161847443,Tôi
0.0,4620.604787534427,2604.922725666886,1.0078495566283787,2030.3751255504824,250.9073399787784,20.535749413540195,36.89806546721383,0.0060674803398606,Tôi
682.6929860250837,4460.271198708876,1727.442135611411,0.9638003843235822,2046.1565776592768,250.65857580230693,23.72264850968408,0.0,0.0287689631805797,Tôi
558.7284669870526,0.0,1840.583403969584,0.0328012618966564,2047.1555443760708,246.8354510922184,27.78876630005525,0.0,0.0244550756338447,Tôi
711.2759927241066,0.0,2107.1515322299124,2.014918812779708,2047.161469339643,246.03584267292547,31.61869724212544,40.74569239108112,-0.0,Tôi
626.6202275536552,4664.85933954775,2271.466231978279,0.0058259250490797,2046.202360079241,0.0,30.62664408365591,0.0,0.01768613914237,Tôi
651.2247451874866,4528.155142146429,0.0,1.9313127532924648,2047.1740143218583,0.0,26.43318393523725,37.15536150346852,0.0032352942020305,Tôi
1421.2264403961667,4528.882281819824,3606.126293374682,87.73828882928457,1882.120048956144,89.86638510342853,-66.05788543485077,36.925352222169046,0.0067372487021839,Tôi
1464.6372487692715,4544.277907150699,3656.247863154217,100.27196412908978,1866.6801393491328,89.3093621218688,-66.37905703492376,37.15674335229642,0.0062426979556322,Tôi
1310.3702506644254,4438.1966290414175,3660.109528278652,86.74408241592829,1836.7933450750409,88.31397167328832,-66.17365419921461,38.90386829440815,-0.0332180103967692,Tôi
1165.726956299648,4547.188560434096,3560.777095582767,37.60828580965947,1852.263617585489,88.03869886068408,-65.75564035574851,40.55256175100521,-0.0062032555499476,Tôi
1370.0909584956962,4544.278160539797,3854.8688348745936,31.81757617496352,1851.2811060864424,88.24327205897609,-65.55041709226097,40.42636189310083,0.0279607395740399,Tôi
1471.3709113501973,4372.668629246065,3833.666693286207,9.644202963435385,1852.2376252748847,87.73254563917632,-64.96291377560482,42.58898914484664,0.0017528349006195,Tôi
1168.6527994654955,4228.990117679086,3834.6250717539615,9.62812227463084,1866.693247478168,85.89632634984574,-62.83738945684603,46.90456385935606,0.0055642853997488,Tôi
785.7984175772021,4237.630741305368,3543.4373256100635,0.953670686587924,1867.640428133,82.43453699311186,-53.27527366574823,65.93529627136226,0.0188658559447207,Tôi
724.1351310960328,3863.555734774081,2947.5793404021733,0.9692810766980912,1898.5339228873656,90.60186058028133,-28.39694336181124,91.5798210907062,2.291871020356929e-05,Tôi
454.1741020091267,3475.9819052177254,2774.924314141087,0.9864682374629326,1928.4283442660696,127.93234780455542,2.1343802612734755,100.264336564191,0.009185303129351,Tôi
510.07817837616864,3825.00332299966,2276.4735646131867,0.9406995464548178,1960.206498300154,180.0750197614096,29.572672498563826,89.78739618912176,0.0119151386851887,Tôi
774.2489242045893,3605.15283158684,1738.4534329283222,0.9810412181576728,1943.814083315685,211.00522438732887,36.6385777353605,61.272478256620175,-0.0104482675951114,Tôi
891.891440068567,3941.621966929508,1872.4692907227247,0.9877182578528808,1960.2332281252548,230.6084773797513,27.98077549883861,39.3629653842303,0.0025015418848307,Tôi
671.0959557294349,3767.150394023723,1676.7408391534716,0.968708436482988,1974.6672875965548,236.6926367883825,19.043376571942723,32.61588737860852,0.0320763592539125,Tôi
579.4885159740202,4270.4831334653545,1514.7550416878094,0.9729369583529526,1959.2873644668875,243.4045158692079,18.338824642135897,33.45514860474475,0.0220310138925983,Tôi
725.1000497127169,4478.727943233933,1390.3892521500604,1.960360550977079,2021.9385568545183,246.75009701969788,18.99537911312546,34.46766892035361,0.0135433370294634,Tôi
814.7413311569189,4634.882476283084,1961.1710520843487,1.9438614181732703,2020.9547955639312,246.05651201246164,18.55873495700456,34.13385156978869,-0.0087763499376494,Tôi
726.0329118296753,4520.194253145406,2335.271272779209,0.945133811567564,2036.3886677655264,245.0111746504325,18.68033187431294,34.371813924003995,0.0387703783931092,Tôi
796.4292353014158,4614.663655515143,2520.430168102092,0.964782048395629,2020.94652949906,244.91706081794567,19.28851611973549,34.739850300813806,-0.007508699618542,Tôi
920.8174806125884,4528.854122702149,2553.204284816581,0.9406195151773652,1990.129952908026,245.95710379974923,20.179221032640395,36.14826408684871,-0.0034865933732888,Tôi
669.1920720956143,4371.731455525986,1693.130550998905,0.9786699794947468,2005.4936881845967,245.67052738117235,23.260512011029395,36.88174978729153,-0.0063543258950522,Tôi
547.6472831145326,4412.229499589622,1804.0340408477296,-0.014660784970944,2006.5101204627983,241.9913890054947,27.226727892453265,38.17245022028176,0.0062098890380267,Tôi
697.0891794602442,4443.981624046075,2065.3537036482667,1.9403632986599573,2006.5048265172584,241.1973950662373,30.961197668915663,39.961329671987,0.0168989973065413,Tôi
614.1985276120589,4572.267221016387,2226.3082106669044,0.0053170878646404,2005.5329377523185,244.91501623378844,30.00993163089976,37.28516719957637,-0.0022061538410619,Tôi
638.3027828986753,4438.225508778293,1858.995980030077,1.9526091257953908,2006.524290248264,248.40535370494644,25.92752110629071,36.41444172660054,0.0214812760024376,Tôi
580.0,4539.0,1719.0,2.0,2080.0,261.44,27.44,40.81,0.084,Tôi
599.0,4548.0,1700.0,1.0,2032.0,261.5,28.69,42.31,0.065,Tôi
286.0,4146.0,1281.0,1.0,1920.0,256.19,32.44,42.81,0.099,Tôi
515.0,4108.0,1229.0,2.0,1968.0,242.31,37.5,47.81,0.144,Tôi
369.0,3621.0,1507.0,1.0,2001.0,204.44,34.69,52.81,0.092,Tôi
54.0,3238.0,1908.0,1.0,1952.0,165.31,29.31,31.81,0.076,Tôi
11.0,3868.0,2107.0,1.0,1953.0,142.87,23.81,7.75,0.067,Tôi
64.0,4128.0,2044.0,1.0,1952.0,129.75,16.69,5.81,0.058,Tôi
137.0,4441.0,2351.0,1.0,1953.0,120.62,9.88,7.44,0.028,Tôi
169.0,4560.0,2711.0,1.0,1953.0,112.56,-0.37,7.62,0.076,Tôi
54.0,4587.0,2151.0,-1.0,1936.0,104.31,-15.13,14.38,0.083,Tôi
1.0,2548.0,1177.0,0.0,1889.0,96.37,-34.94,23.31,0.096,Tôi
0.0,388.0,1.0,0.0,1888.0,86.69,-49.13,47.75,0.089,Tôi
41.0,1.0,2.0,1.0,1888.0,81.56,-62.5,55.5,0.119,Tôi
1.0,2.0,4.0,265.0,1889.0,89.25,-71.56,52.0,0.104,Tôi
49.0,0.0,1.0,1.0,1888.0,90.56,-72.12,58.06,0.088,Tôi
0.0,4.0,28.0,1.0,1889.0,88.75,-71.94,52.81,0.101,Tôi
1.0,2.0,1.0,4.0,1889.0,86.81,-70.06,46.44,0.055,Tôi
1.0,2.0,1.0,1.0,1888.0,85.5,-69.5,48.25,0.051,Tôi
7.0,1.0,28.0,1.0,1888.0,86.94,-69.0,41.19,0.057,Tôi
12.0,1.0,1.0,2.0,1889.0,86.37,-67.81,38.44,0.061,Tôi
6.0,1.0,1.0,0.0,1888.0,86.0,-66.75,35.38,0.056,Tôi
2.0,1.0,1.0,1.0,1889.0,86.62,-67.75,33.38,0.072,Tôi
26.0,2.0,1.0,0.0,1889.0,87.56,-68.94,32.69,0.031,Tôi
2.0,2.0,1.0,1.0,1889.0,86.94,-69.06,33.88,0.059,Tôi
615.2377516390391,4814.765783947583,1823.4374052888072,2.12150948841048,2206.369867946899,277.3237203250179,29.107110180991786,43.28940111101584,0.0891033985132401,Tôi
635.3920917789387,4824.31257664543,1803.283065148908,1.06075474420524,2155.453640225048,277.3873656096702,30.433053611248333,44.8805332273237,0.0689490583733405,Tôi
303.3758568426986,4397.8891694749245,1358.8268273269125,1.06075474420524,2036.6491088740604,271.7547579179404,34.41088390201798,45.41091059942632,0.1050147196763187,Tôi
546.2886932656985,4357.580489195126,1303.66758062824,2.12150948841048,2087.565336595912,257.03148206837164,39.77830290769649,50.71468432045252,0.1527486831655545,Tôi
391.4185006117335,3840.9929287671735,1598.5573995172963,1.06075474420524,2122.570243154685,216.8606999053192,36.79758207647977,56.01845804147872,0.097589436466882,Tôi
57.28075618708295,3434.7238617365665,2023.9200519435976,1.06075474420524,2070.593260688628,175.3533667645682,31.09072155265558,33.742608413168675,0.0806173605595982,Tôi
11.668302186257636,4102.999350585867,2235.0102460404405,1.06075474420524,2071.6540154328336,151.5500303046026,25.25657045952676,8.220849267590609,0.071070567861751,Tôi
67.88830362913535,4378.79558407923,2168.18269715551,1.06075474420524,2070.593260688628,137.6329280606299,17.703996680785455,6.162985063832443,0.0615237751639039,Tôi
145.32339995611787,4710.81181901547,2493.834403626519,1.06075474420524,2071.6540154328336,127.94823724603604,10.48025687274777,7.892015296886985,0.0297011328377467,Tôi
179.26755177068554,4837.041633575894,2875.7061115404053,1.06075474420524,2071.6540154328336,119.3985540077418,-0.3924792553559387,8.082951150843927,0.0806173605595982,Tôi
57.28075618708295,4865.682011669435,2281.683454785471,-1.06075474420524,2053.6211847813443,110.64732736804856,-16.04921927982528,15.25365322167135,0.0880426437690349,Tôi
1.06075474420524,2702.8030882349512,1248.5083339295672,0.0,2003.765711803698,102.22493469905896,-37.06277076253108,24.72619308742414,0.101832455443703,Tôi
0.0,411.57284075163307,1.06075474420524,0.0,2002.704957059493,91.95682877515225,-52.11488058280344,50.6510390358002,0.0944071722342663,Tôi
43.49094451241484,1.06075474420524,2.12150948841048,1.06075474420524,2002.704957059493,86.51515693737936,-66.29717151282749,58.87188830339081,0.1262298145604235,Tôi
1.06075474420524,2.12150948841048,4.243018976820959,281.10000721438854,2003.765711803698,94.67236092031766,-75.90760949532697,55.15924669867248,0.1103184933973449,Tôi
51.976982466056754,0.0,1.06075474420524,1.06075474420524,2002.704957059493,96.06194963522653,-76.5016321520819,61.58742044855623,0.0933464174900611,Tôi
0.0,4.243018976820959,29.70113283774672,1.06075474420524,2003.765711803698,94.14198354821504,-76.31069629812495,56.01845804147872,0.1071362291647292,Tôi
1.06075474420524,2.12150948841048,1.06075474420524,4.243018976820959,2003.765711803698,92.08411934445688,-74.3164773790191,49.261450320891335,0.0583415109312881,Tôi
1.06075474420524,2.12150948841048,1.06075474420524,1.06075474420524,2002.704957059493,90.694530629548,-73.72245472226417,51.18141640790282,0.0540984919544672,Tôi
7.425283209436679,1.06075474420524,29.70113283774672,1.06075474420524,2002.704957059493,92.22201746120356,-73.19207735016155,43.69248791381383,0.0604630204196986,Tôi
12.729056930462878,1.06075474420524,1.06075474420524,2.12150948841048,2003.765711803698,91.61738725700656,-71.92977920455732,40.775412367249416,0.0647060393965196,Tôi
6.364528465231439,1.06075474420524,1.06075474420524,0.0,2002.704957059493,91.22490800165065,-70.80537917569976,37.52950284998139,0.0594022656754934,Tôi
2.12150948841048,1.06075474420524,1.06075474420524,1.06075474420524,2003.765711803698,91.88257594305789,-71.866133919905,35.40799336157091,0.0763743415827772,Tôi
27.57962334933624,2.12150948841048,1.06075474420524,0.0,2003.765711803698,92.8796854026108,-73.12843206550923,34.67607258806929,0.0328833970703624,Tôi
2.12150948841048,2.12150948841048,1.06075474420524,1.06075474420524,2003.765711803698,92.22201746120356,-73.25572263481386,35.93837073367353,0.0625845299081091,Tôi
581.4486449411922,4550.103908220946,1723.2180657852134,2.0263704449375424,2085.077693981459,262.09152277347465,27.513753635893096,40.90951815748923,0.1047543055630957,Tôi
600.488570102473,4559.199333056222,1704.156108916162,1.004869736561344,2037.0038125840947,262.1634496900225,28.75762640662336,0.0,0.0,Tôi
286.6822171393021,4156.182613600813,0.0,1.031300460845641,1924.7016950614643,256.8224910002888,32.51287667686666,0.0,0.0878448413730389,Tôi
516.3104338372132,4118.106698182211,0.0,2.006736400320028,1972.8008163409936,242.90542802708543,37.61828269576312,47.90568639230093,0.1185828953792546,Tôi
369.9203068330912,0.0,1510.6930343567444,1.0006173130391902,2005.9133613031297,204.9488971615433,34.77527852604558,52.92170704623922,0.0800859117344398,Tôi
54.132474132610085,3245.945900581094,1912.6606584609308,0.986928806197409,1956.808260946483,165.70139831550105,29.3864889081552,31.88264747653181,0.0938545356273632,Tôi
11.01377256596282,3877.51128649808,2112.17382174499,1.029340437139333,1957.7900664055232,143.2035305462389,23.84892795765245,7.759320419870159,0.0896226782117832,Tôi
64.17255137367002,4138.139046115222,2049.0358674689123,1.006376304112336,1956.7974032908005,130.0939178267817,16.734701254865254,5.8249237269968335,0.0986442563585749,Tôi
137.3388410718668,4451.890594515262,2356.756815718769,1.0224488815027772,1957.809274885033,120.89700677088884,9.919538383592773,7.449632756424118,0.0388166653976702,Tôi
169.4105009506537,0.0,2717.662223858446,1.0019600062280265,1957.787996961472,112.81950958318282,-0.0,7.634383845952799,0.0844530494105608,Tôi
54.13558893087116,4598.239780187191,2156.296538007437,-1.011955342652632,1940.737459597644,104.6050884356485,-15.181187370922515,14.417702704760336,0.1092917541335939,Tôi
0.9881877771793418,2554.2280984194326,1179.90037401848,-0.0120766666842304,1893.6779908526285,96.58764410806722,-35.01577590624914,23.36321825047597,0.140821531917308,Tôi
-0.0127077691938234,388.9473380745317,0.9806524635174616,0.0366220752855902,0.0,0.0,-49.243988840750994,47.8280870222402,0.07200551077469,Tôi
41.09311204836237,1.0116334715540771,1.9887202193679028,1.019789526637316,1892.6230304211883,81.75445960439401,-62.65816736443438,55.66344408426612,0.1189623577891006,Tôi
1.0017442237805294,1.988544692530389,4.04061466119895,0.0,1893.662470894099,89.46589114074538,-71.76341272814015,52.1442814742664,0.1011724714482411,Tôi
49.0993884931876,0.0047299285280065,1.0454439704641525,0.9782445158250658,1892.6313035249864,90.74504676865192,-72.29412344322274,58.20349654342961,0.0786257182012466,Tôi
-0.025642175585812,3.9854333798441255,28.042180175352552,0.9893865644066132,0.0,88.93712824048674,-72.1285417872496,52.89956917505823,0.0961058591773836,Tôi
0.993046824512526,1.9450498623792007,1.024431734847701,4.0367380022318855,1893.6596235774248,87.0389682990196,-70.22654965851164,46.53696867306644,0.0,Tôi
0.99568927900918,1.999034530538962,1.0145624304527563,1.009646040841498,1892.6195920737912,85.69940989314638,-69.65614121058262,48.36197922291715,0.081164980450653,Tôi
7.015923761082854,0.9826057239687128,0.0,0.9979958344695046,1892.645150640676,0.0,-69.15626029730775,41.27456180063325,0.0646148560449651,Tôi
12.049861665409937,1.0204800065015711,1.004983587585469,0.0,1893.667083072727,86.56212226567077,-67.93527227209653,38.49845663107429,0.0721794330649677,Tôi
5.994982964760654,1.0167459501632732,0.0,-0.015523492067585,1892.6266698635648,86.22473446964356,-66.88065926232743,35.473196572817606,0.0429633156092538,Tôi
2.0072842954892205,1.0021387231398138,0.0,1.0141904388111451,1893.639125536288,86.83275070998708,-67.93279942066442,33.482897616594215,0.0887480269635306,Tôi
26.08639373707255,2.003122468118772,1.0033151866864287,-0.0,0.0,87.76307573272989,-0.0,32.78279421916547,0.0185628412144964,Tôi
2.007726547615249,2.0016215932382586,1.0278889518712069,0.9920985796957904,1893.620509921462,87.20275719669789,-69.23958305701194,33.98245479526444,0.0209845357693559,Tôi
594.5957743149879,4653.205699218968,1762.2498591890023,2.080617975022484,2132.310493065237,0.0,0.0,41.81605013886435,0.0,Tôi
614.082580051011,4662.399360164755,1742.760780019051,1.0156277438150485,2083.147449172482,268.0733976348136,29.430336002228664,43.35756909360856,0.0739809396986479,Tôi
293.1405738912487,4250.324270001155,1313.2055955580126,1.0174408004706357,1968.3174358429287,262.6401255863915,33.25435006035195,43.91196746304093,0.1256923621657296,Tôi
528.002973340953,4211.366192404778,1259.9029572625334,2.054464772297022,2017.4843994566163,248.4134005056796,0.0,49.0196726948888,0.1464859518150696,Tôi
0.0,3712.125084333455,1544.9078723884368,0.9922852765233312,2051.352675821898,209.58837601815708,35.54996814737098,54.1635823010103,0.097606864706336,Tôi
55.38634299010634,3319.4651062286,1956.007332084637,1.0068813712418403,2001.089200410876,0.0,30.071591245672057,32.58534440932655,0.0601596114157093,Tôi
11.295925334668496,3965.339880414416,2159.994373743064,1.0613838526877557,2002.172513395243,146.45843343375645,24.39826907143267,7.951033523137514,0.0678920347993495,Tôi
65.60138968875475,4231.863957937678,2095.425884442317,0.997440944722296,2001.0893123105045,133.01836423753764,0.0,5.929907443429418,0.0710222688547732,Tôi
140.46143384664862,4552.722198322607,0.0,1.062424745388677,0.0,123.64790236938512,10.10305206716583,7.646381648138133,0.0597298356809457,Tôi
173.23716595082,4674.702903862006,2779.220527185166,1.029279908355801,2002.122560483485,115.39428575379073,-0.3510743074031617,0.0,0.0749847315714557,Tôi
55.37327375928536,0.0,2205.108568808155,-1.040150544016454,0.0,106.93607048390449,-15.496560272577865,14.732385212748271,0.0693675945855264,Tôi
1.0189585323853254,2612.1219446490686,1206.6320032866931,0.0070693144930789,1936.5486754885007,98.79205214757148,-35.804385730008335,23.90976962495932,0.0683900432499119,Tôi
0.0260749380347447,397.716428514228,1.002781658230264,0.0148494935022261,1935.495518616862,88.84804151821426,-50.34459939017633,48.92488299300686,0.0917426844324291,Tôi
42.00881188452976,1.0322661933543815,2.063465599144965,1.0203993469871484,1935.493305236264,83.58865575123852,-64.02639085847815,56.91286123784495,0.0,Tôi
1.0094853592194262,2.0576444451456126,4.145747901870524,0.0,1936.4941018636728,0.0,-73.34900107394412,53.29417326096444,0.0951659565895021,Tôi
50.2432526680675,-0.0251910290898977,0.0,1.038123930373242,1935.499496277848,92.84498822795906,-73.96583743114523,59.50531102737487,0.0901335940563767,Tôi
0.0183648152031119,4.125145676587727,28.70624934928071,1.0332540761270723,1936.5104950342431,90.96961221127304,-73.75000596861118,54.120487948238896,0.075328765596359,Tôi
1.0431562821329587,2.040269572158629,0.9889496808701312,4.0625962225247525,1936.524338781746,89.02533306285275,-71.81496463467292,47.613030899851154,0.0697587250618772,Tôi
1.0501911544047873,2.015702829652426,1.0385256437397932,0.9714698955068336,1935.500742851136,87.6497528029838,-0.0,49.478017634906784,0.0064402422460958,Tôi
0.0,1.0038627396962505,28.755092510878416,1.001123457181441,1935.49799451534,89.13386386874268,-70.71360209377728,42.212473028944125,0.0591071011583821,Tôi
12.257192558978645,1.0140385239723095,1.0364702331100613,2.0587919469629368,1936.5418361294687,88.54131550929223,-69.50719059100983,39.40145619922518,0.0815491167160755,Tôi
6.1815881871658815,0.9942093482087768,0.980802942039714,-0.0287433997473666,1935.4743465383049,88.1744493574265,-68.43626813538835,0.0,0.0324233107897831,Tôi
2.085425572400003,1.0217739692053214,0.9962998093035031,0.0,1936.535648847217,88.80598662275737,-69.46878549769791,34.226598685214064,0.0650175975043437,Tôi
26.658539448180665,2.06548609083709,0.9872633527050176,-0.0316899620850913,1936.518299264353,89.75123436130978,-70.64731330323939,33.48921363451828,0.0278401865997121,Tôi
2.0376328845413267,2.0564432495487885,1.0546462815704554,1.0459928330888062,1936.5151859946216,89.11485836419074,-0.0,0.0,0.0741174778068227,Tôi
580.0,4539.0,1719.0,2.0,2080.0,261.44,27.44,40.81,0.084,Tôi
599.0,4548.0,1700.0,1.0,2032.0,261.5,28.69,42.31,0.065,Tôi
286.0,4146.0,1281.0,1.0,1920.0,256.19,32.44,42.81,0.099,Tôi
515.0,4108.0,1229.0,2.0,1968.0,242.31,37.5,47.81,0.144,Tôi
369.0,3621.0,1507.0,1.0,2001.0,204.44,34.69,52.81,0.092,Tôi
54.0,3238.0,1908.0,1.0,1952.0,165.31,29.31,31.81,0.076,Tôi
11.0,3868.0,2107.0,1.0,1953.0,142.87,23.81,7.75,0.067,Tôi
64.0,4128.0,2044.0,1.0,1952.0,129.75,16.69,5.81,0.058,Tôi
137.0,4441.0,2351.0,1.0,1953.0,120.62,9.88,7.44,0.028,Tôi
169.0,4560.0,2711.0,1.0,1953.0,112.56,-0.37,7.62,0.076,Tôi
54.0,4587.0,2151.0,-1.0,1936.0,104.31,-15.13,14.38,0.083,Tôi
1.0,2548.0,1177.0,0.0,1889.0,96.37,-34.94,23.31,0.096,Tôi
0.0,388.0,1.0,0.0,1888.0,86.69,-49.13,47.75,0.089,Tôi
41.0,1.0,2.0,1.0,1888.0,81.56,-62.5,55.5,0.119,Tôi
1.0,2.0,4.0,265.0,1889.0,89.25,-71.56,52.0,0.104,Tôi
49.0,0.0,1.0,1.0,1888.0,90.56,-72.12,58.06,0.088,Tôi
0.0,4.0,28.0,1.0,1889.0,88.75,-71.94,52.81,0.101,Tôi
1.0,2.0,1.0,4.0,1889.0,86.81,-70.06,46.44,0.055,Tôi
1.0,2.0,1.0,1.0,1888.0,85.5,-69.5,48.25,0.051,Tôi
7.0,1.0,28.0,1.0,1888.0,86.94,-69.0,41.19,0.057,Tôi
12.0,1.0,1.0,2.0,1889.0,86.37,-67.81,38.44,0.061,Tôi
6.0,1.0,1.0,0.0,1888.0,86.0,-66.75,35.38,0.056,Tôi
2.0,1.0,1.0,1.0,1889.0,86.62,-67.75,33.38,0.072,Tôi
26.0,2.0,1.0,0.0,1889.0,87.56,-68.94,32.69,0.031,Tôi
2.0,2.0,1.0,1.0,1889.0,86.94,-69.06,33.88,0.059,Tôi
1.0,1.0,1.0,1.0,1889.0,87.37,-69.12,32.31,0.091,Tôi
0.0,1.0,1.0,2.0,1889.0,87.62,-69.25,32.13,0.106,Tôi
1.0,0.0,0.0,3.0,1888.0,87.81,-69.5,31.87,0.131,Tôi
2.0,3.0,1.0,2.0,1888.0,88.0,-69.75,30.94,0.082,Tôi
1.0,1.0,-1.0,-1.0,1888.0,88.94,-70.0,30.87,0.083,Tôi
1.0,1.0,1.0,2.0,1889.0,88.62,-70.06,30.87,0.12,Tôi
0.0,1.0,0.0,1.0,1888.0,88.5,-70.25,31.44,0.075,Tôi
1.0,0.0,1.0,21.0,1889.0,90.44,-70.44,36.81,0.148,Tôi
2.0,1.0,1.0,136.0,1968.0,91.81,-71.06,50.06,0.088,Tôi
1.0,1.0,1.0,6.0,1936.0,91.37,-71.94,61.94,0.014,Tôi
0.0,0.0,1.0,1.0,1920.0,90.94,-71.87,62.44,0.034,Tôi
2.0,1.0,2.0,0.0,1888.0,90.31,-70.31,64.06,0.045,Tôi
1.0,2.0,1.0,1.0,1889.0,91.44,-67.94,63.0,0.056,Tôi
1.0,2.0,1.0,1.0,1889.0,91.44,-66.56,60.5,0.06,Tôi
1.0,1.0,1.0,420.0,1889.0,92.06,-65.81,55.69,0.061,Tôi
1.0,1.0,0.0,112.0,1888.0,91.87,-65.69,53.75,0.064,Tôi
1.0,1.0,1.0,2.0,1889.0,90.37,-65.75,48.31,0.067,Tôi
1.0,0.0,2.0,2.0,1888.0,86.31,-65.0,33.94,0.053,Tôi
0.0,1.0,1.0,1.0,1888.0,80.87,-62.31,22.62,0.04,Tôi
1.0,1.0,1.0,1.0,1889.0,77.5,-60.13,17.75,0.006,Tôi
0.0,2.0,1.0,3.0,1889.0,76.87,-59.94,18.94,0.003,Tôi
0.0,2.0,1.0,1.0,1889.0,78.0,-61.44,26.0,0.003,Tôi
1.0,0.0,1.0,1.0,1888.0,81.87,-62.0,28.87,0.002,Tôi
2.0,1.0,1.0,1.0,1889.0,83.62,-62.94,29.25,0.002,Tôi
1.0,0.0,2.0,3.0,1888.0,83.56,-64.37,29.69,0.003,Tôi
1.0084026290796555,0.985592030953,0.9713101489479088,1.0097970475287663,1889.0104196370976,87.34339223187301,-69.13856611746543,32.292963196283615,0.0999044020083737,Tôi
0.0171667398582905,0.9918091751127474,1.0307701403125895,1.9887474934086784,1888.995259132421,87.61563415633817,-69.27240970422812,32.11514417448698,0.0921847407735489,Tôi
0.9951144314041188,0.0125270198491372,0.029897105783451,3.0228273010105577,1887.9746794726288,87.80425769505136,-69.53009203835323,31.893104508349648,0.1171892823737497,Tôi
1.9690311146150368,3.012629111454684,1.044207689258032,2.004899883896848,1887.985565655562,88.01513647689328,-69.7408483638761,30.91434794314189,0.0585197060887081,Tôi
1.037519785150828,1.0036729341304438,-1.0234539721514138,-0.9784891248047736,1888.006518460464,88.93290570420609,-70.00524455642916,30.89385366808786,0.0518089134644786,Tôi
1.0083307890752071,0.9845288969487926,1.023121539422459,2.009831832378686,1888.9879534115328,88.60755273440608,-70.0719011928915,30.89013573757626,0.1408784897901648,Tôi
0.0370163591360357,1.0305275170727182,0.0192967767074592,0.9643115014410956,1887.981039040872,88.5260177792644,-70.25841013735705,31.40589179766148,0.0443385991882026,Tôi
0.9907966801892,0.0215354278514031,0.9817375176118628,21.026901696385742,1889.0084085342105,90.39685829341153,-70.45681465398266,36.79064594865399,0.1681933466043393,Tôi
1.9902138278506865,1.0400966219821857,1.0270452472775715,136.01922467006423,1967.9544706914448,91.78642434463184,-71.04198056604042,50.0554901653315,0.1087926612720059,Tôi
1.0016617872623403,0.9792918604689096,1.0054740406031704,5.966857675885887,1936.0054456971163,91.34860496965617,-71.92129007502402,61.94151136019086,-0.0006412824235928,Tôi
0.000731158207289,0.0048431574571559,0.978954809344688,0.9980945629199424,1920.0051986678304,90.9540497645548,-71.8529472872368,62.44509984016376,0.0109318901637188,Tôi
2.0142899440246014,1.0164915357395363,2.0247231812043034,0.0296178687638359,1887.966406576116,90.32952015793028,-70.30703827683186,64.04016417064032,0.0242119055367404,Tôi
1.0119873858151598,2.0085293783935083,1.0134753391472588,1.007528477704874,1888.9896058875693,91.455022597334,-67.9478902211374,63.00534298529755,0.0700561128250492,Tôi
1.017473316777196,1.973702645550084,1.0109477794050912,0.990075956733634,1889.0184146868487,91.44657697863414,-66.56350319729601,60.48788025943395,0.0722710366703226,Tôi
0.9853867842356488,1.016342199161444,0.9957984219029644,420.0251662895423,1889.0636225159444,92.09139693871847,-65.85446035041012,55.67027055047194,0.0292085741910701,Tôi
0.9779232750970211,0.9782681641118351,-0.0087986088712612,112.02504677170502,1887.9635918255967,91.86579627844011,-65.72520145290174,53.76127445518434,0.0324627287879776,Tôi
1.0168923845284,1.0352050779651452,1.0075706128837505,2.00926413972085,1888.983392137925,90.34952190870592,-65.75496053045006,48.29319239302822,0.0369505243951672,Tôi
0.9662883148841744,-0.0018191708545524,1.98849205548718,1.9557850065450069,1887.992637468608,86.324663921086,-64.95731998798604,33.90705025119912,0.0629018199181223,Tôi
0.0236284244333346,1.015143733578401,0.9842480260543692,1.0081957517593532,1887.9895082991384,80.88695078359754,-62.32451222063829,22.60995672774577,0.0312318482434943,Tôi
0.9773954995933706,0.9969791397241848,0.9796763950564046,1.0434290260419414,1889.00101264174,77.495544815268,-60.13575066936352,17.75018488111495,-0.0005964003122707,Tôi
0.0022789431573899,1.988289734332012,0.9865605072409752,2.9956429740797543,1889.0304608248528,76.84439195471214,-59.91964050769344,18.908861178082013,-0.0108933014415907,Tôi
0.0398284234858518,1.987875768387072,1.033330026398776,1.0262279007115995,1888.9742230802783,78.01818490089346,-61.42626687403264,26.06013162711796,0.0129382180616196,Tôi
1.0034898057516004,0.0230157620374116,0.9802922049229618,0.994160441352128,1888.0043097869395,81.90197319679743,-61.99030075264158,28.89821358336055,-0.0373948582298603,Tôi
2.011961532993961,0.9919866722806132,1.005138481218769,0.9725504719536324,1889.0065849169664,83.63994116552739,-62.93532933594541,29.262697026208443,0.0188641452649762,Tôi
0.9816178825633533,0.0059035658254684,2.0012844271713,3.0047329692756777,1887.9747997033576,83.56153813167697,-64.37782696773799,29.672580131137583,-0.0226356229767494,Tôi
1.0048411131441772,0.9811129718802866,1.0034576985400918,1.0013717274522478,1889.026579218808,87.38854841986948,-69.14952190235617,32.31806732421287,0.1208696859871679,Tôi
-0.0212237864233552,0.9924173645553376,1.0150169503848183,1.998835393537188,1889.0135229455127,87.6344130557958,-69.25921042717827,32.1503004181705,0.0991741084537495,Tôi
1.0157795663263487,-0.0172621967855568,-0.0205255533624982,2.99207615505939,1888.0151698540003,87.80083634061316,-69.52836508222869,31.87137949484788,0.1472467461206684,Tôi
2.002122775221938,2.968584270624092,0.985955629670561,2.003217152100952,1888.0256419866369,87.99551305745376,-69.7425960679105,30.94458637726825,0.0870056366705568,Tôi
1.0113461868058762,1.0016128408878722,-1.0113404313465724,-1.0115353526296404,1887.999844903476,88.93616623756705,-70.00287063988853,30.822597549487348,0.0866941819355294,Tôi
1.0106045933993475,1.000454881371987,0.9889112915389092,1.960980471576397,1888.99285240838,88.63416024538603,-70.07239174805854,30.91646937299764,0.1421261168102242,Tôi
0.011246783626359,1.0090451237648834,-0.0413098416611031,0.998198143291115,1887.9953098718045,88.49948662690436,-70.24501213699322,31.461876475734208,0.0926591658150059,Tôi
0.988900004665308,-0.0422917856092023,1.0161002277786,21.005876272565548,1889.0038726227613,90.41219696146952,-70.44077852502123,36.795733052972594,0.1480235817611129,Tôi
2.004358973990104,0.9714546300825776,1.0317548020847196,135.9835905997427,1967.9886347272463,91.82673764010882,-71.05689858682537,50.07967583387664,0.0969080740905076,Tôi
1.0162082111364164,0.9875370146718728,0.9939460607149382,5.989656404069243,1936.0071943334333,91.37405804461996,-71.91397147133024,61.95309031815929,0.0045762844605561,Tôi
0.0007986076059968,-0.0283433970975727,0.9909024652423148,1.0014599562596205,1919.9994352479969,90.90445703026954,-71.87393866491455,62.4141232579366,0.0595903437451389,Tôi
2.020570712600957,0.9749283763101132,2.025798503518008,-0.0037635051686324,1888.0441726094507,90.30193769601294,-70.30093568391628,64.10612640668377,0.0183584184855493,Tôi
1.01459087462782,1.9751504920221168,1.0195222140318798,1.0213126424841568,1889.0087536353053,91.41851695821504,-67.95799645951134,62.99434598129491,0.0619931522343794,Tôi
1.00599367701759,2.0021854656815066,0.9947008302907154,0.993663630284459,1888.9842090079687,91.42816179084625,-66.54842430496086,60.49437848416038,0.0719159326376434,Tôi
0.978574713272368,0.9932308748981182,1.000571336103395,420.0288481437872,1889.0519223872896,92.04351932119394,-65.81095033509344,55.68196441399797,0.0795015650474145,Tôi
1.000737647540519,0.9741018229375428,0.02521564517567,111.9686129033387,1887.9938305853707,91.8613667598095,-65.71239234972226,53.7618368515451,0.091974209818341,Tôi
1.005347576761184,1.025937093484524,0.99801108942337,2.020802843018423,1889.002736289597,90.39234466412192,-65.73016238435541,48.30510399304053,0.1105709788758588,Tôi
1.0049231802069545,0.0059791856496966,2.0123591155376963,1.976224758851812,1888.0098995064843,86.33015085539851,-64.96166073865055,33.931698921049595,0.0483929800139402,Tôi
-0.0135567334889155,1.0137039064093445,1.021347575829338,1.0142324106376033,1888.021144720399,80.83745557396509,-62.30971095764627,22.671458023658904,0.0307145235375238,Tôi
0.9757190804212016,0.9962714497352958,0.9954081908502354,1.0041363408634554,1888.9855070310853,77.50090324706643,-60.14920575465028,17.761041953378445,-0.0298077996286253,Tôi
-0.0201010623544407,1.981203733807807,1.0362960468024436,3.0077389118945264,1888.99419707668,76.84546535430846,-59.950475857053135,18.95699749509532,0.01705415413143,Tôi
-0.0091078462382751,2.006250099009608,1.0051524259392235,1.02546765598376,1889.00333454108,77.98411534587915,-61.45474154296414,26.01666212623692,0.014369633096138,Tôi
1.0169107862530309,-0.0011398049868208,0.9952527586429194,1.014468385093974,1887.980506132732,81.86418519269135,-61.97378108623857,28.874499798982377,0.0067020721155239,Tôi
2.0121839561664494,1.0272259259967154,1.0096506745441076,1.0184720986894047,1888.9908894449773,83.60531551123283,-62.95690444029405,29.245307588539266,-0.0076141953587959,Tôi
1.0046861838841192,-0.0067815403142467,1.955832730806122,3.023291682292473,1888.029919858487,83.5486384258349,-64.35958927075393,29.679693703598552,0.0321090907563213,Tôi
1.0,1.0,1.0,1.0,1889.0,87.37,-69.12,32.31,0.091,Tôi
0.0,1.0,1.0,2.0,1889.0,87.62,-69.25,32.13,0.106,Tôi
1.0,0.0,0.0,3.0,1888.0,87.81,-69.5,31.87,0.131,Tôi
2.0,3.0,1.0,2.0,1888.0,88.0,-69.75,30.94,0.082,Tôi
1.0,1.0,-1.0,-1.0,1888.0,88.94,-70.0,30.87,0.083,Tôi
1.0,1.0,1.0,2.0,1889.0,88.62,-70.06,30.87,0.12,Tôi
0.0,1.0,0.0,1.0,1888.0,88.5,-70.25,31.44,0.075,Tôi
1.0,0.0,1.0,21.0,1889.0,90.44,-70.44,36.81,0.148,Tôi
2.0,1.0,1.0,136.0,1968.0,91.81,-71.06,50.06,0.088,Tôi
1.0,1.0,1.0,6.0,1936.0,91.37,-71.94,61.94,0.014,Tôi
0.0,0.0,1.0,1.0,1920.0,90.94,-71.87,62.44,0.034,Tôi
2.0,1.0,2.0,0.0,1888.0,90.31,-70.31,64.06,0.045,Tôi
1.0,2.0,1.0,1.0,1889.0,91.44,-67.94,63.0,0.056,Tôi
1.0,2.0,1.0,1.0,1889.0,91.44,-66.56,60.5,0.06,Tôi
1.0,1.0,1.0,420.0,1889.0,92.06,-65.81,55.69,0.061,Tôi
1.0,1.0,0.0,112.0,1888.0,91.87,-65.69,53.75,0.064,Tôi
1.0,1.0,1.0,2.0,1889.0,90.37,-65.75,48.31,0.067,Tôi
1.0,0.0,2.0,2.0,1888.0,86.31,-65.0,33.94,0.053,Tôi
0.0,1.0,1.0,1.0,1888.0,80.87,-62.31,22.62,0.04,Tôi
1.0,1.0,1.0,1.0,1889.0,77.5,-60.13,17.75,0.006,Tôi
0.0,2.0,1.0,3.0,1889.0,76.87,-59.94,18.94,0.003,Tôi
0.0,2.0,1.0,1.0,1889.0,78.0,-61.44,26.0,0.003,Tôi
1.0,0.0,1.0,1.0,1888.0,81.87,-62.0,28.87,0.002,Tôi
2.0,1.0,1.0,1.0,1889.0,83.62,-62.94,29.25,0.002,Tôi
1.0,0.0,2.0,3.0,1888.0,83.56,-64.37,29.69,0.003,Tôi
0.9799256296702736,0.0,0.0,2.9397768890108207,1850.0995888174768,86.04726954134674,-68.10483126208402,31.23022981759162,0.1283702574868058,Tôi
1.9598512593405475,2.9397768890108207,0.9799256296702736,1.9598512593405475,1850.0995888174768,86.23345541098408,-68.34981266950159,30.318898981998267,0.0803539016329624,Tôi
0.9799256296702736,0.9799256296702736,-0.9799256296702736,-0.9799256296702736,1850.0995888174768,87.15458550287414,-68.59479407691916,30.250304187921348,0.0813338272626327,Tôi
0.9799256296702736,0.9799256296702736,0.9799256296702736,1.9598512593405475,1851.079514447147,86.84100930137966,-68.65358961469937,30.250304187921348,0.1175910755604328,Tôi
0.0,0.9799256296702736,0.0,0.9799256296702736,1850.0995888174768,86.72341822581922,-68.83977548433673,30.808861796833405,0.0734944222252705,Tôi
0.9799256296702736,0.0,0.9799256296702736,20.578438223075747,1851.079514447147,88.62447394737954,-69.02596135397407,36.071062428162776,0.1450289931912005,Tôi
1.9598512593405475,0.9799256296702736,0.9799256296702736,133.2698856351572,1928.4936391910985,89.96697206002783,-69.63351524436965,49.0550770212939,0.086233455410984,Tôi
0.9799256296702736,0.9799256296702736,0.9799256296702736,5.879553778021641,1897.1360190416497,89.5358047829729,-70.49584979847948,60.696593501776746,0.0137189588153838,Tôi
0.0,0.0,0.9799256296702736,0.9799256296702736,1881.4572089669248,89.11443676221468,-70.42725500440257,61.186556316611885,0.0333174714087893,Tôi
1.9598512593405475,0.9799256296702736,1.9598512593405475,0.0,1850.0995888174768,88.49708361552241,-68.89857102211694,62.77403583667773,0.0440966533351623,Tôi
0.9799256296702736,1.9598512593405475,0.9799256296702736,0.9799256296702736,1851.079514447147,89.60439957704982,-66.57614727979839,61.73531466922724,0.0548758352615353,Tôi
0.9799256296702736,1.9598512593405475,0.9799256296702736,0.9799256296702736,1851.079514447147,89.60439957704982,-65.22384991085342,59.28550059505155,0.0587955377802164,Tôi
0.9799256296702736,0.9799256296702736,0.9799256296702736,411.56876446151495,1851.079514447147,90.2119534674454,-64.48890568860071,54.57205831633754,0.0597754634098866,Tôi
0.9799256296702736,0.9799256296702736,0.0,109.75167052307064,1850.0995888174768,90.02576759780804,-64.37131461304027,52.67100259477721,0.0627152402988975,Tôi
0.9799256296702736,0.9799256296702736,0.9799256296702736,1.9598512593405475,1851.079514447147,88.55587915330263,-64.4301101508205,47.34020716937092,0.0656550171879083,Tôi
0.9799256296702736,0.0,1.9598512593405475,1.9598512593405475,1850.0995888174768,84.57738109684132,-63.69516592856779,33.25867587100908,0.0519360583725245,Tôi
0.0,0.9799256296702736,0.9799256296702736,0.9799256296702736,1850.0995888174768,79.24658567143503,-61.05916598475475,22.16591774314159,0.0391970251868109,Tôi
0.9799256296702736,0.9799256296702736,0.9799256296702736,0.9799256296702736,1851.079514447147,75.9442362994462,-58.92292811207356,17.39367992664736,0.0058795537780216,Tôi
0.0,1.9598512593405475,0.9799256296702736,2.9397768890108207,1851.079514447147,75.32688315275394,-58.7367422424362,18.559791425954984,0.0029397768890108,Tôi
0.0,1.9598512593405475,0.9799256296702736,0.9799256296702736,1851.079514447147,76.43419911428134,-60.20663068694161,25.478066371427115,0.0029397768890108,Tôi
0.9799256296702736,0.0,0.9799256296702736,0.9799256296702736,1850.0995888174768,80.2265113011053,-60.75538903955697,28.2904529285808,0.0019598512593405,Tôi
1.9598512593405475,0.9799256296702736,0.9799256296702736,0.9799256296702736,1851.079514447147,81.94138115302829,-61.67651913144702,28.662824667855503,0.0019598512593405,Tôi
0.9799256296702736,0.0,1.9598512593405475,2.9397768890108207,1850.0995888174768,81.88258561524806,-63.07781278187552,29.093991944910425,0.0029397768890108,Tôi
0.9799256296702736,0.9799256296702736,0.9799256296702736,0.9799256296702736,1851.079514447147,85.61610226429181,-67.73245952280932,31.661397094646546,0.0891732322999949,Tôi
0.0,0.9799256296702736,0.9799256296702736,1.9598512593405475,1851.079514447147,85.86108367170938,-67.85984985466645,31.485010481305896,0.103872116745049,Tôi
1.0,1.0,0.0,2.0,1888.0,83.25,-65.44,31.69,0.056,Tôi
28.0,1.0,1.0,2.0,1905.0,86.19,-68.37,39.19,0.079,Tôi
153.0,1.0,1.0,2.0,1888.0,88.87,-68.44,44.69,0.03,Tôi
194.0,2.0,2.0,1.0,1889.0,89.44,-68.5,47.13,0.021,Tôi
397.0,1.0,2.0,3.0,1888.0,89.0,-68.44,45.88,0.005,Tôi
227.0,1.0,3.0,0.0,1888.0,88.87,-68.56,44.75,0.079,Tôi
119.0,1.0,1.0,2.0,1889.0,89.37,-68.81,44.25,0.102,Tôi
125.0,2.0,2.0,1.0,1888.0,89.37,-69.44,44.69,0.12,Tôi
0.0,0.0,1.0,1.0,1888.0,85.94,-68.44,34.69,0.069,Tôi
2.0,1.0,1.0,1.0,1888.0,83.94,-68.69,36.19,0.034,Tôi
0.0,1.0,1.0,2.0,1888.0,83.5,-69.87,40.56,0.014,Tôi
2.0,1.0,1.0,0.0,1888.0,86.12,-71.69,52.69,0.009,Tôi
1.0,1.0,0.0,1.0,1888.0,88.25,-72.12,56.0,0.02,Tôi
2.0,0.0,1.0,-1.0,1889.0,88.0,-71.37,56.63,0.021,Tôi
2.0,0.0,1.0,1.0,1889.0,88.0,-70.75,57.44,0.011,Tôi
2.0,1.0,2.0,0.0,1889.0,88.19,-70.87,58.38,0.011,Tôi
0.0,2.0,1.0,0.0,1889.0,88.06,-70.94,57.69,0.008,Tôi
1.0,1.0,1.0,3.0,1888.0,87.69,-70.75,57.06,0.042,Tôi
0.0,1.0,1.0,1.0,1889.0,87.69,-70.75,57.13,0.011,Tôi
0.0,0.0,1.0,1.0,1888.0,87.56,-70.75,56.19,0.009,Tôi
1.0,1.0,1.0,2.0,1888.0,87.5,-70.69,56.75,0.027,Tôi
0.0,2.0,2.0,2.0,1889.0,87.56,-70.69,57.13,0.024,Tôi
0.0,2.0,1.0,1.0,1889.0,87.62,-70.62,57.69,0.02,Tôi
1.0,2.0,1.0,1.0,1888.0,87.62,-69.75,59.19,0.025,Tôi
0.0,1.0,2.0,3.0,1888.0,85.19,-66.25,66.12,0.026,Tôi
1.042629328941859,1.06300556991012,0.0022051229712246,2.103788770724042,1973.1877873113208,87.00049890423175,-68.35546870184075,33.13797920851237,0.0517242842935855,Tôi
29.2244477095476,1.0284116691901966,1.0756798189409789,2.054685790119896,1990.9494074511288,90.08841336617684,-71.42775064323244,40.977070354124,0.0923208477586722,Tôi
159.9311092413219,1.0527066006867274,1.0269603324722931,2.0754380605553258,1973.14876547771,92.84395834516812,-71.51030601638472,46.64530450934477,0.0517902854901441,Tôi
202.70404848664967,2.111292345264174,2.0735382204070367,1.0509964406918797,1974.209618099325,93.45005653458576,-71.5492267470085,49.238834377949495,0.0182642623899418,Tôi
414.90414847403486,1.0443359334905182,2.117137861819536,3.123322108324264,1973.126118393627,93.01888586023466,-71.5533638387348,47.98286334688988,0.0367639761862834,Tôi
237.221330259123,1.0321890715078923,3.1134718442981564,-0.0193069797300881,1973.1585120505813,92.88333111358914,-71.64706104431359,46.7958959533236,0.1021762828238169,Tôi
124.3799488142832,1.007056560486458,1.069609374142618,2.095309138040365,1974.19654514456,93.39028362755974,-71.96001420849892,46.25810343016719,0.1128389268231295,Tôi
130.66360386176973,2.086563647349553,2.130285763356747,1.0532302939274638,1973.1649428844348,93.40746847191558,-72.56338762231317,46.67976357274226,0.1350891322979556,Tôi
0.0047499375768937,0.005190642893829,1.0274138819743606,1.03456151569973,1973.1800469029265,89.80573845509444,-71.53406794845525,36.264121020151016,0.1010544542619334,Tôi
2.114298739013984,1.022694153490925,1.0429573056972965,1.0426686327659451,1973.1959600714208,87.74461719579396,-71.79766737460912,37.852832070949326,0.0218818283698061,Tôi
-0.0309493225372462,1.033758804538366,1.067932315809908,2.1165579166831536,1973.192375171412,87.2369755424605,-73.03889815250724,42.40288598453458,0.0247665736464649,Tôi
2.094725221038172,1.0528023565726936,1.0283178585806405,-0.0445311525891042,1973.192323871048,89.9460483706939,-74.95332537325406,55.03879530813114,-0.0126184670052325,Tôi
1.041134880495505,1.034567486273544,0.0242674975091259,1.061606876887784,1973.1769395805863,92.20731052488728,-75.37441991185717,58.50567646107213,0.0134451345626359,Tôi
2.085691324824441,-0.0159858491082041,1.0302651424477722,-1.04683416693049,1974.2082352695309,91.9596705211383,-74.58180763670521,59.192233006672645,0.0459898824251006,Tôi
2.1093633341495504,0.017893966509053,1.098949927840021,1.052440806409136,1974.2187165476253,91.94200537944542,-73.93488637283203,60.045281557866375,0.016682711250016,Tôi
2.0701788857732404,1.0113145512909985,2.078812070431096,-0.0038182069910562,1974.2028945016448,92.17441003032404,-74.07998220175416,61.031392605312654,-0.0094006973035165,Tôi
-0.0214559087108517,2.0868889729899367,1.0849553021070644,0.0031976223425765,1974.2440768523625,92.03036591204403,-74.15514463785034,60.28482234208742,0.0113403689514563,Tôi
1.08180840660626,1.0850553492625004,1.0453628815429268,3.120216855470931,1973.140784285791,91.65442047551214,-73.92938907178723,59.60468151565537,0.0304345654265597,Tôi
-0.0045028221575766,1.0431267004980809,1.0332325334830628,1.0548388393924746,1974.26258060138,91.63839130822394,-73.97449062011958,59.704175425418,0.0651652693193528,Tôi
0.0068797315349076,-0.021858712770615,1.0312803938893669,1.035778775654003,1973.1646122232548,91.49370845441412,-73.93012610770394,58.7539658127638,0.0180417952034358,Tôi
1.0560095826119047,1.0221033746334005,1.0225613349623506,2.066305109270129,1973.136584646615,91.4230600239628,-73.89848571494126,59.319760953296914,0.0526594931509283,Tôi
0.0159897024529494,2.125464395592803,2.088094618817869,2.063160779535871,1974.194733424014,91.48641865621414,-73.87496384202599,59.712629989351214,-0.0015515484150757,Tôi
-0.0067016311859422,2.089303725081477,1.093322348514682,1.0646519661136558,1974.216330080251,91.56494814978116,-73.79027342341011,60.29451988253725,-0.0030255115895685,Tôi
1.0592270829576214,2.100165420076777,1.0313390960246849,1.0716592091627124,1973.1402119050647,91.59153552190502,-72.88961658467473,61.87986207092304,0.0290579612837905,Tôi
0.0184336829408478,1.0533167037360796,2.097174073367283,3.131410898821016,1973.172094554088,89.02815087870717,-69.20495522255511,69.06088170658794,0.0341240608945551,Tôi
1.0088535467546855,1.026775772261681,-0.0025729607146283,1.98318793067556,1883.8600402265988,83.08008299986504,-65.29951206310086,31.621925139223023,0.0620230684770881,Tôi
27.971011480593464,1.0102566802370474,1.0014505686339237,1.9821002953842068,1900.797862861364,86.00297996610644,-68.22865791493452,39.11453883201321,0.0822366481927597,Tôi
152.65690915462122,0.9884264433496796,0.9913891905704107,2.0023428609278344,1883.8891981665056,88.69618331450559,-68.2929450410975,44.575707496494125,0.0267720758119863,Tôi
193.56500492388432,1.9824057107083977,2.004903755488175,0.9934743894429556,1884.8665766610115,89.25145332022144,-68.3484605315295,47.04665994027916,-0.000471737988608,Tôi
396.13437792773584,0.9625889597581824,1.9922694766047588,2.992411976739669,1883.883593902769,88.80764440006058,-68.31286239651473,45.7970898296043,0.0253781116399571,Tôi
226.50105494973653,0.9956082161679656,2.987497992559645,0.0041077672907801,1883.8788168804228,88.69690066196901,-68.43306958455517,44.65366420186551,0.0489894029616116,Tôi
118.77641844904797,0.978008688289684,0.9731065295512418,1.996576561244065,1884.8336557714144,89.1762717390447,-68.62914281794697,44.15859470273928,0.1157531142073684,Tôi
124.71361293292868,2.020015363598389,2.0107781741903863,1.0476416649966085,1883.8681295902225,89.19065282903482,-69.29708146240377,44.61960309870531,0.1239550461362014,Tôi
-0.0116774065846471,-0.0079678285489321,1.017979997973533,1.0337062711848173,1883.850109972128,85.73891534693625,-68.28122399416579,34.591886694482035,0.0823728913589093,Tôi
2.03120366770464,1.0233549279516732,0.9953942484436828,0.9878340615170208,1883.846430202596,83.75760537407908,-68.55195295416985,36.1070777299907,0.0178008297424457,Tôi
0.0040312742953109,0.993976707618626,0.9768548356404868,2.00070201520578,1883.833415492388,83.31787648439227,-69.70881054171954,40.4893392612796,0.0238025313643654,Tôi
2.0112993343770458,0.9580913314556858,0.992157854018157,-0.0101079745652476,1883.8644169399647,85.9174649991279,-71.55126959146796,52.549782610235965,-0.0022654093915565,Tôi
0.9938110592197604,0.9552485569154688,-0.0182739411832976,1.02312321964102,1883.87343832655,88.0607139176819,-71.96257539517273,55.91942563991004,0.0221088493094372,Tôi
2.01948985752575,0.0121774578015276,0.9872092250279656,-0.998397331381384,1884.876680873328,87.83159885340018,-71.18958111091989,56.50922313904528,0.0399110222251854,Tôi
1.9493509366766253,0.0388475048537527,1.0251344903768955,1.033293719937885,1884.9131788969653,87.8268612093964,-70.58608198022947,57.28219966714649,0.021947854234657,Tôi
2.0468514080802644,0.9933799851764687,2.027883382025793,-0.0138182574814139,1884.838830564231,88.00357520249392,-70.74423177830681,58.23295651644877,-0.017515654425073,Tôi
0.011952205262217,1.988891690897404,0.9988476324027784,0.0049410222410032,1884.8566858117288,87.85505239368898,-70.80107308785664,57.55282558152171,0.0408096142828955,Tôi
0.97424904997952,1.011163964458072,0.9942828608989704,2.965746829380412,1883.858220746386,87.45920739648619,-70.5830103833338,56.93082878346687,0.0439840788395388,Tôi
-0.0021173903164192,0.9972236473626532,0.9798625189998948,1.003975310942841,1884.8523281848536,87.50536141945992,-70.6102475372125,57.01593516406586,0.0019757392853307,Tôi
0.0049021871043676,-0.0119235962406086,1.0066852548477985,1.022950384629281,1883.87764701524,87.35971568236323,-70.60709158682224,56.04795712622772,0.0380406979794475,Tôi
1.0184442461256784,0.9732397529053878,1.009685513877813,2.0001169817376256,1883.8477017365344,87.29704242775807,-70.50657785884559,56.65720648735533,0.0569575087485328,Tôi
0.0064381968097047,2.015669734189045,1.979573753337106,1.9467227014991488,1884.851268788594,87.37992153748968,-70.55392832826617,56.99773666915292,0.0118891066083611,Tôi
-0.0402223217818106,1.9771083493620007,0.9971517047380304,0.9934369605429788,1884.85418800664,87.42026534080067,-70.47190786339704,57.60175119498471,0.0275847541369961,Tôi
1.001997268113208,1.9999459468807952,0.9706582042830052,1.0255888231679215,1883.846068700347,87.41447459861261,-69.59167886249573,59.07930553897514,0.024398217207149,Tôi
0.012113241072772,0.9989733875443916,2.0003979242075323,2.9866107289813923,1883.856531777763,85.01110387413146,-66.08764568138358,65.9427310494096,0.0240168115660256,Tôi
0.0,0.9449121545833123,1.8861539021185112,2.863698618139882,1793.8707837022152,80.94053386640691,-62.98086360792854,62.79885696263065,0.0575253718294461,Tôi
0.966730040522218,0.9733472034908306,-0.007904574651903,1.91759983888298,1793.880887252821,79.1075983696045,-62.195308191697,30.09108370482389,0.0279456599505007,Tôi
26.57998658485792,0.9728408016620405,0.927264055977702,1.8886414481791625,0.0,81.9248639888043,-64.94090786770023,37.23300673766407,0.0745083527405899,Tôi
145.35558898607206,0.9689105618022934,0.9467210651016016,1.866859819106988,1793.866134994102,84.42929048514739,-65.01891763720553,42.48098596828274,0.0412264809837329,Tôi
184.33116795451843,1.9009183112915933,1.9191078361993348,0.9642472353652822,1794.8178359743708,84.99068584396805,-65.07042545264326,44.78404446898552,0.0320392258367885,Tôi
377.2238185007466,0.0,1.8885214982023013,2.846517471655506,1793.851926987434,0.0,-0.0,43.59732532089825,0.0102050957433302,Tôi
215.68325721678804,0.9361721132929643,2.8734481603941275,0.0194827547209722,1793.8916198102838,0.0,-0.0,42.498248990508166,0.1098254061394199,Tôi
113.04800164067608,0.966860856518798,0.9436807252613408,1.9252257003985933,1794.8393055823,84.89190627767925,-65.36700896874719,42.02935276835154,0.0877431489496774,Tôi
118.7690068447504,1.893782465389095,1.930258834568884,0.9295735524162008,1793.875285908839,84.92198454917573,-66.00200216162739,42.42116403939335,0.0843789319782846,Tôi
0.0,-0.0140919279137743,0.9591092902245064,0.9870192974368546,1793.8793969726069,0.0,-65.04639597456774,32.96920390398605,0.060038563660977,Tôi
1.8907088225597752,0.0,0.9277589502718534,0.9424243472003624,0.0,79.73274287742976,-65.28975527142104,34.37350951438993,0.0200867264437455,Tôi
-0.001635532067451,0.951418840487574,0.9385566402023954,1.926203446919936,0.0,79.34816143394883,-66.40464452939476,38.55927613175087,-0.0101237549546139,Tôi
1.877075558305432,0.968379751381457,0.9406982438267916,-0.0033051739317993,1793.8890478819246,81.86087344381423,-68.1443791148016,50.07187975471091,0.0126216824428703,Tôi
0.9232452346748716,0.9376321530740702,-0.017171211958704,0.9781603848809444,1793.8859244215566,0.0,-68.53734291353659,53.20648954573098,0.0259826562151323,Tôi
1.909506713073399,-0.0260440641451524,0.9648683300088924,-0.940479650243479,0.0,83.6030256051704,-67.82755202106833,53.826148556234585,0.0068425436697851,Tôi
1.9340347499700927,-0.0003261790862402,0.9735325459173508,0.0,1794.833710730487,0.0,-67.22911008859178,54.5604583957165,-0.010747419172494,Tôi
1.904996675443119,0.9150236517224308,1.9044916913624508,-0.0,1794.844689294771,83.79259273380116,-67.35364419341524,55.44570353358706,0.009650346355931,Tôi
0.022627852671344,1.917327354992175,0.950639838795152,-0.0,1794.808806314085,83.69903675621681,-67.41160723784476,54.84635584978247,0.008615390835676,Tôi
0.96391537218651,0.0,0.9241247830178152,2.857646710565438,1793.8839438909367,83.31316085291381,-67.16234326965659,54.21043855323701,0.0765939158423915,Tôi
-0.0198014302943883,0.9370716181523796,0.9674876364608294,0.9524991183773738,1794.8207932777502,0.0,-67.23364214522633,54.24938492645218,-0.0097065813542579,Tôi
-0.0268212673878586,-0.0,0.9262371460700628,0.9448213936873678,1793.8461417842966,83.21930135594002,-67.24006907272764,0.0,0.0133239574525745,Tôi
0.0,0.9538085479537424,0.9543853194021186,1.869292163261173,1793.8706153998053,0.0,-67.16744323341437,53.91255170155636,0.0458722842650054,Tôi
-0.0374735855760055,1.8786708582954013,1.896513118504691,1.8891570801655504,1794.806733010851,83.22261297768968,-67.12867427616285,54.27069975410032,0.042916535878694,Tôi
0.0,1.9026535389561905,0.979010088715675,0.0,1794.8174248818036,83.2352892775216,-67.11822780974387,54.81006643676025,0.0,Tôi
0.9205768611884724,1.931415436963317,0.947012086628852,0.9723640902165516,1793.893584311177,83.25596915637608,-0.0,56.253493813396354,-0.0103614550861858,Tôi
0.9927273930692052,1.0225546317950427,-0.0133844871942494,1.9872109322131013,1888.0236222840097,83.2673318499299,-65.45779649294558,31.67061017269668,0.015533902839006,Tôi
28.017812975918343,1.0243713033047694,1.024914009315694,1.971594685701612,1905.001215748422,86.15725471276225,-68.34751608404133,39.18326527698211,0.0625281402065644,Tôi
152.99845234617,0.985127276535901,1.0178580060116502,2.015406404478729,1887.9927229868847,88.85118026622341,-68.43768645051837,44.73461695116849,0.0558502210167183,Tôi
194.0044530537966,1.999020280553072,1.9823658797914023,0.9905677605419964,1888.9776898123955,89.43545044172411,-68.50256563905394,47.12040259599155,0.0406475286429341,Tôi
396.9997683893528,0.9927365004913415,1.985327122046055,2.9601616249000453,1888.0005925306448,89.0284523757509,-68.44959185582618,45.883725262965854,0.0131076873716058,Tôi
227.00646262577064,1.0001776292494795,3.018044433434622,-0.0032716622047431,1887.95028877234,88.85232258695525,-68.55487049172125,44.75102534286663,0.0911669030756301,Tôi
119.04730577528076,0.9891208910654056,1.0051960016343373,2.0133712494361307,1889.0541567611035,89.40125348261017,-68.84277026337188,44.24514258052528,0.0880140446860084,Tôi
125.00567051562643,1.98870717391002,2.0048787347331856,1.0289607216674714,1887.9882674255905,89.37381967240799,-69.43306011527994,44.67229741617546,0.1118434065656537,Tôi
0.0044969807257905,0.004797627248224,1.0088132267645342,1.0138178848039092,1888.008687613852,85.95799962295723,-68.43141877468845,34.66399675879296,0.099065428373714,Tôi
2.003255242964124,1.0104788337890485,0.9983799579038584,1.0199171930419493,1887.989367391238,83.92327167228866,-68.70456362636531,36.209277270058514,0.0535052836005624,Tôi
-0.0055236026835693,1.0094545501242016,1.0061598082081111,2.011482474143308,1888.0241504171595,83.518448483233,-69.86498872597679,40.51823758031404,0.0049508896548222,Tôi
1.9985362259371733,0.995230984292548,0.9925118982381292,0.0213637464022422,1887.9483884538693,86.11457438481938,-71.71186891782025,52.65586306975497,0.0051193949046002,Tôi
0.9851193897227084,0.9865561373685732,-0.010370183476644,1.0312004795842007,1888.0387269437088,88.25918954590202,-72.11043411734406,56.01041680187681,-0.0144410842037597,Tôi
2.00778824012824,0.0159613439656999,1.0087597338630605,-0.9836052275767762,1889.0045058261887,87.9785653749875,-71.3545672225898,56.62073405731087,0.0036442027961603,Tôi
1.9944962271408355,0.00354455761592,1.008175285026083,1.028947052318042,1889.0369050239328,88.00119452410752,-70.76561832037491,57.45797585053341,-0.0189258554914999,Tôi
2.0104310745920047,1.005359108775284,1.990449961790868,0.0189179373822254,1888.9712442284865,88.20073148793657,-70.88197403741442,58.40177829174105,0.0233658455195327,Tôi
0.0006912849087791,1.9932613969339803,1.0013188971835998,0.0165505459211709,1888.990712255916,88.05567985429909,-70.93717003099601,57.72644521674484,0.0099581977755423,Tôi
1.0008958196682558,1.0521885889734497,0.976770496638254,2.9882510532729967,1887.9985974297383,87.68294892653576,-70.72743012643818,57.03387382496456,0.0711315801909698,Tôi
-0.0107193537229415,1.0077627137689482,0.9899724839220112,0.9838616116306288,1889.012768952673,87.7169558699141,-70.76050616507123,57.10699208667279,0.038612262741054,Tôi
0.009680352232504,0.0266257538671004,1.0060821504618658,1.00635365690067,1888.001793552394,87.56511351302692,-70.75034833251124,56.19056176248303,0.0150855571783617,Tôi
1.001553128444142,1.009046819707387,0.972733879734436,1.992524038900494,1888.0407704311417,87.47465359951931,-70.67497606474039,56.77767088721099,-0.0027543264338806,Tôi
0.0082958145084743,2.004320389078233,1.9988394099287603,1.9768752638902944,1889.018038623857,87.60030472937694,-70.68413075099721,57.1333796367412,-0.0113652474622679,Tôi
0.0153209541138188,1.984765021494047,1.0028964734586183,1.024598461390961,1888.9831446187743,87.6115739144814,-70.61900748021277,57.687130554056,0.0340902858062598,Tôi
1.0232621961063042,2.010968322277645,1.0086557537285767,0.9889432850394124,1887.995413615644,87.61731662900075,-69.74478907716527,59.1953439301209,-0.0098032704550047,Tôi
-0.0590116875775664,1.025227864581946,2.0297750002013943,2.9795188901229257,1887.9808522117096,85.20743373933965,-66.271792995847,66.13248398103273,0.0513392629430635,Tôi
0.0,2.0,1.0,0.0,1889.0,82.62,-62.94,68.31,0.003,Tôi
1.0,1.0,1.0,0.0,1889.0,80.94,-59.81,70.69,0.004,Tôi
1.0,0.0,1.0,2.0,1888.0,80.12,-57.69,72.94,0.006,Tôi
2.0,2.0,2.0,1.0,1889.0,77.25,-53.19,82.87,0.005,Tôi
0.0,1.0,0.0,1.0,1889.0,73.0,-41.0,91.87,0.006,Tôi
1.0,2.0,8.0,2.0,1889.0,73.62,-24.69,108.19,0.004,Tôi
56.0,740.0,3877.0,1.0,1888.0,90.37,-10.25,113.94,0.005,Tôi
2722.0,3463.0,8244.0,43.0,1888.0,120.19,5.06,118.81,0.006,Tôi
1774.0,4657.0,7986.0,282.0,1952.0,144.31,16.25,118.87,0.005,Tôi
3194.0,5286.0,7305.0,321.0,2097.0,160.19,23.94,115.94,0.006,Tôi
2749.0,4901.0,7648.0,525.0,2145.0,174.44,31.81,110.75,0.005,Tôi
3270.0,5227.0,7082.0,601.0,2177.0,204.44,46.31,104.81,0.005,Tôi
2677.0,5300.0,6479.0,489.0,2177.0,220.75,49.25,78.56,0.005,Tôi
2713.0,5006.0,6310.0,346.0,2176.0,231.12,44.94,56.0,0.005,Tôi
2339.0,4708.0,6331.0,166.0,2160.0,243.19,40.69,41.31,0.005,Tôi
2237.0,4378.0,6132.0,118.0,2144.0,247.69,34.19,33.69,0.004,Tôi
2090.0,4079.0,5829.0,2.0,2160.0,250.06,34.31,31.31,0.004,Tôi
1776.0,4547.0,5302.0,3.0,2160.0,250.31,32.06,30.87,0.004,Tôi
1485.0,4613.0,4593.0,2.0,2129.0,248.62,32.63,31.81,0.004,Tôi
1618.0,4353.0,4300.0,20.0,2129.0,243.69,37.25,35.88,0.004,Tôi
1598.0,4463.0,4073.0,55.0,2112.0,238.75,43.06,42.56,0.003,Tôi
1811.0,4352.0,4081.0,64.0,2113.0,236.81,45.38,43.13,0.005,Tôi
1959.0,4446.0,4216.0,48.0,2113.0,242.81,43.31,38.19,0.004,Tôi
1746.0,3889.0,4102.0,1.0,2096.0,247.94,30.75,30.81,0.004,Tôi
1865.0,4566.0,4249.0,0.0,2113.0,247.75,28.75,29.44,0.005,Tôi
1.978237310796349,1.9821674362478143,2.0053110726534094,0.0,1889.000532247408,77.29936004618669,-53.19330561748843,0.0,-0.0208421023556304,Tôi
0.0138004216335788,0.9974657739408196,0.0100400365517865,1.006235190117018,0.0,73.01405136306566,-40.98732573179005,91.88242441906976,-0.0125410009111133,Tôi
1.0120256213360894,1.989669145649862,7.9854210747725105,2.0013112253436214,1888.989850581862,73.63327928621052,-24.71230615609945,108.19273338538405,-0.013184614645877,Tôi
56.00489781173706,740.057442752975,3877.006533542471,0.0,1887.9949893177609,90.3576035263938,-10.24364835047714,0.0,-0.0108115859016666,Tôi
0.0,3462.9961673029143,8243.983559688662,43.00285803473631,1888.008259352744,120.17937393376924,5.086822565473854,118.8013538696827,-0.0,Tôi
1774.0437244571103,4656.996734054751,7985.994005752619,282.0206076346015,1952.0022063533947,144.30058566902616,16.222282460864914,118.87635391054108,0.005556830601676,Tôi
3193.9947860495668,5285.981906502283,0.0,320.985771210092,2097.0000788268285,160.18959158900495,23.95195295059699,115.93662594823104,0.0262815728846242,Tôi
2748.976042840363,4901.010777460894,7648.012830045397,525.0293306287415,2144.983415900386,174.42061268394326,31.800558158837475,110.77636178777878,0.0052331754670834,Tôi
3269.997582399345,5226.993460510811,7081.998313111834,601.017954944069,0.0,204.44098824088323,46.32118420179265,104.80513950752892,0.0037425761221623,Tôi
2677.0138992250904,5300.0155221381865,6479.015747966648,488.9989088873931,2177.011376876356,220.74011422770693,49.24655852570052,78.54853370197536,0.0176915513471749,Tôi
2712.9812861272453,5006.000699497473,6310.003366095491,345.9918768675583,2175.9771017817743,231.0810009179364,0.0,55.98834633707272,-0.0310600179269492,Tôi
2338.974579816598,4708.032812103192,6330.997642851032,166.0021607894365,2159.995828665564,243.2102607122605,40.6953933874518,41.29326592206293,-0.0135168940209538,Tôi
2237.0227457273827,4377.970256390005,6132.02245785828,118.00085598165882,2144.004801413257,247.64698913331887,34.2064044738481,33.7035363524021,0.0089105995335144,Tôi
2090.004559019444,4078.991454972144,5829.015781617887,1.9968992854592464,2160.0105188861844,250.0511187111008,34.346717659689595,31.31219817267213,0.0180644796188944,Tôi
1775.9936158452354,4546.987455572944,5302.004464723076,2.9942234481901724,2160.0291030552044,250.35894589304348,32.03953055675125,30.836228751758387,-0.0306278545657734,Tôi
1485.014776033501,4612.986336171273,4592.997578562173,2.0454288076054934,2128.9841541921933,248.64833258667244,32.6033659609477,31.81247169559474,0.0179551285321573,Tôi
0.0,4352.986091910492,4300.016451222512,0.0,2129.000265231346,243.6886508738036,37.26229292879812,35.89397294692314,-0.0017142203359481,Tôi
0.0,4463.026944512393,0.0,54.96340977518566,2111.9940259867,238.7254736216299,43.08011606915458,42.5929768968269,-0.0,Tôi
1810.9888642773024,4351.988557444616,4081.01138467578,64.03883481187071,2113.0079583049987,236.7870104611601,45.33225149618353,43.114099190786455,0.0,Tôi
1959.002110282585,4446.005658539774,4215.987717794736,48.02225789848901,2113.0146688783766,0.0,0.0,38.188453558653215,-0.0195866869775287,Tôi
1746.005925996982,3889.0184323628537,4101.9583679401685,0.9922244472231464,2096.015535718848,247.9461267985461,30.756591100554743,30.817029182808643,-0.0143916000210038,Tôi
1865.0177506796576,4565.975513451219,4249.029950635697,-0.0109480964106353,2113.041349812356,247.7487311056421,28.775442791362387,0.0,0.0071047163041364,Tôi
-0.0321162629357035,2.0158259117641824,1.0112330073211917,-0.0152443062185671,0.0,82.58748636356742,-0.0,68.31063712023581,0.0128006063837732,Tôi
0.9965604730683584,1.0390161563224083,0.9843058859678164,-0.0011547675006799,1889.0097361016888,80.93416636526119,-59.80293299017766,0.0,0.0,Tôi
0.981102477375404,0.0255955251126969,1.019358601008147,2.003496045492336,1888.0050173665427,80.14898004310994,-57.67079828145713,0.0,0.0214617670647618,Tôi
1.8308803672963148,1.854159961341621,1.8447586736876391,0.9324970196104186,1734.794287607027,70.9180971339286,-48.81846543435865,76.09142871871146,0.0266111629013814,Tôi
-0.0102701686055544,0.9085382396481058,0.0093024995880784,0.951460131490574,1734.795665386807,67.03358500572567,-37.6594710183949,84.37012719920605,-0.0129485839111935,Tôi
0.956271556302226,1.85624645166084,7.360851799678405,1.8203829625695205,1734.795318500128,67.62351382665642,-22.702629119163696,99.36305111117196,-0.0088792708604101,Tôi
51.40705030992701,679.6028109090453,3560.502475684233,0.9318307598808953,1733.8465412380565,83.00319761502813,-9.394855082093018,104.63468150511105,0.0049341868401279,Tôi
2499.7998435838176,3180.276958651021,7570.959447860384,39.47367718259707,1733.865147796729,110.38985050714932,4.650291987021689,109.11109720872496,0.0143595245579836,Tôi
1629.1512821243637,4276.824336178764,7334.0205058558095,258.9866195183026,1792.6831315127347,132.55947557375003,14.922827786458532,109.19685408643822,0.0175617253135983,Tôi
2933.238691918926,4854.445728693809,6708.6457960892985,294.7945459048198,1925.7853120945813,147.09033565016,22.015032887436707,106.47405966052308,0.0196697545995751,Tôi
2524.564661567237,4500.879456437433,7023.644127943083,482.12214441366,1969.8955901528343,160.1936481471171,29.210364876060584,101.71435530688942,0.0213751828429234,Tôi
3003.0323538534058,4800.269179402874,6503.826751069165,551.9546594340421,1999.262934159042,187.72803378097325,42.520914260624245,96.2519138764042,-0.004803661659832,Tôi
2458.4269566230187,4867.31168967234,5950.047857083132,449.0674756834708,1999.268188088137,202.71966272179165,45.22302101039499,72.149403670766,-0.0109677000543843,Tôi
2491.561571584939,4597.305211593498,5794.862934421423,317.7508035437939,1998.34828831444,212.2377506207713,41.303949783146535,51.418062254118745,0.0266987536369893,Tôi
2148.033331225774,4323.632259509845,5814.112611008412,152.43912219200763,1983.6536070171069,223.3028397184355,37.357903277382526,37.93868488443778,-0.0044033968142014,Tôi
2054.35932071401,4020.571582103743,5631.407853561549,108.3581345050306,1968.9998900961,227.45249843165607,31.39064688282481,30.92648678049632,-0.0286421235491455,Tôi
1919.405597444344,3746.022087431582,5353.143413813817,1.8133881057864387,1983.661218048848,229.630346632792,31.51497291388328,28.74491578593168,0.0015902781661282,Tôi
1630.9806160704736,4175.801211061739,4869.131500719408,2.769044917875878,1983.609990431186,229.8701625319388,29.45455267577988,28.338537541619367,0.0022802159985126,Tôi
1363.7564877984548,4236.407588961944,4218.059412571066,1.8284486630335937,1955.1614776377555,228.3359562381906,29.95740091428212,29.203354717077666,0.0110476283763521,Tôi
1485.8879329568688,3997.608166765441,3948.953098903588,18.355144280245835,1955.1894191153267,223.7992440149308,34.17043473270844,32.944843963159336,0.0038899073452793,Tôi
1467.5127430516015,4098.647405844451,3740.49161563014,50.49567087680537,1939.568625685333,219.26726791762192,39.53815801549626,39.08244895631864,0.0347344752832107,Tôi
1663.1215603040382,3996.688393222086,3747.8120766912734,58.75254084033195,1940.487640316852,217.47463367824253,41.68216238452992,39.63049376239126,0.0280437965225746,Tôi
1799.0951752446051,4083.0147860637817,3871.8117624000793,44.08100063037528,1940.456026670929,222.96624474865013,39.80919304527736,35.07908788809497,-0.0100385803512737,Tôi
1603.4481471406812,3571.494425291467,3767.100551073804,0.9136878064691812,1924.8950733861311,227.70248795949027,28.234870095798097,28.314438112050656,0.0207039485043277,Tôi
1712.7245153557142,4193.235638651177,3902.112217979476,0.0244223800733624,1940.5329250885588,227.5318610925294,26.382512490685645,27.044530826279964,-0.0054541194990665,Tôi
0.0151968926062381,1.8089124284313345,0.9042638123590672,0.0081319515921267,1734.790474137281,75.90137043017575,-57.781892779761385,62.73485726563835,0.0027295704952568,Tôi
0.935740101150444,0.9108060791387584,0.9394560557352808,0.0060285793130356,1734.7829364470483,74.3271555185543,-54.95017349284527,64.91461196360197,0.0058895195647007,Tôi
0.8903018250488778,0.0258290394113285,0.9309858802284084,1.8305121225628267,1733.8759976087852,73.55706660582669,-52.95217901824129,66.95614087709171,0.0482354889892127,Tôi
0.0139354273276148,1.910114072284808,0.906546729879076,0.0120547325349042,1778.8474045727503,77.8137354338445,-59.2586732648041,64.30858508486074,0.0022438758500842,Tôi
0.934288665359785,0.9257776089942696,0.9399584891471324,0.0168813046776682,1778.795035470687,76.20886890909746,-56.31844572470239,66.54283588618156,0.0186151038075228,Tôi
0.9231120382394384,-0.0004139837453426,0.9767320469697532,1.881701538615392,1777.8920806986675,75.44706551815148,-54.31637064615318,68.68235317139664,-0.0210229073081015,Tôi
1.9020327218911608,1.868491064811552,1.8383612762503003,0.9730865294706184,1778.8189415285754,72.76576280567338,-50.07611144614583,78.03630329638352,0.040502200036062,Tôi
-0.0130557138906297,0.927709294840298,0.0158987060342598,0.9632507929040016,1778.816707481689,68.72753371356879,-38.58958659581355,86.51692797092633,0.001144184444704,Tôi
0.959764525165376,1.851306383788004,7.52201144017187,1.8667495212107248,1778.869929150382,69.32161822428637,-23.2503870238435,101.83853483690388,0.0259293861872786,Tôi
52.72409078773333,696.8596593513569,3650.87651705141,0.9204522241107944,1777.872975803859,85.12626036091386,-9.631650462443762,107.28211018233696,-0.0028126142395553,Tôi
2563.247051801043,3261.0051854965177,7763.179220691962,40.50048076024533,1777.9062813397363,113.21889569295992,4.766032875036392,111.87646168121184,-0.0097047970381994,Tôi
1670.5174581200652,4385.367767201301,7520.233663320396,265.5296414680328,1838.1642528713128,135.88116990793057,15.311571516806342,111.92344094016238,0.0164814732376512,Tôi
3007.721409728063,4977.695306478586,6878.94472296128,302.2796470587001,1974.6981381888224,150.86408234270982,22.5408434738514,109.20133400860638,-0.0120975796483516,Tôi
2588.6530010740107,4615.168702383904,7201.960127938834,494.367479521817,2019.907113767942,164.27731459248554,29.96025052526115,104.26957985615392,-0.0068286019499726,Tôi
3079.2750223953794,4922.160436293022,6668.9442399446525,565.9516912288642,2050.025547207723,192.5385178793494,43.63461862532186,98.71749073968648,-0.0331000702911005,Tôi
2520.890800936791,4990.898681228472,6101.107091983117,460.5044950652327,2050.0527466824874,207.8719130859637,46.34297732530716,73.97943405744317,0.0036990692678905,Tôi
2554.811964290784,4714.022413138703,5941.983442051552,325.84377417909275,2049.091175397817,217.6189519677976,42.354762927646725,52.71084938128463,0.0083886190377621,Tôi
2202.5873927670127,4433.415003780878,5961.752243813645,156.2972277290773,2034.0053515157413,229.00623985361773,38.32462209024283,38.914530097969006,-0.0187078398638457,Tôi
2106.5369794160542,4122.658344542168,5774.357720668165,111.12175361805852,2018.9523455278847,233.2380486661159,32.20816247250681,31.725843665148407,-0.002431327453337,Tôi
1968.129280161003,3841.130089513852,5489.052015761653,1.830530421762577,2034.0197999510267,235.50873873352464,32.30408344921667,29.499682270931967,-0.0202544338648797,Tôi
1672.3987713617623,4281.851110341908,4992.790045372072,2.850522663677828,2034.0217715031465,235.72547732925565,30.21185026606204,29.07524269226783,-0.0104703218570507,Tôi
1398.4287720565555,4343.954816639176,4325.131523117157,1.8533793204520568,2004.8302205632467,234.12215212476323,30.713937795286817,29.9728797562706,0.0417876614088338,Tôi
1523.6620867066856,4099.11359219546,4049.209867298229,18.834351212563234,2004.8114715275624,229.4753378851325,35.058223666870845,33.754967156154066,0.0220000742565943,Tôi
1504.7980196248957,4202.7099057541145,3835.469962282704,51.77821237228088,1988.81089788734,224.81664300045588,40.54943171568693,40.07432093930508,0.0223898736198418,Tôi
1705.413729596947,4098.158025410244,3842.968448318139,60.25348036784565,1989.753287884397,222.9916314739665,42.727190170194326,40.62009229024682,-0.0391206938174587,Tôi
1844.741220971308,4186.715543477189,3970.093989215061,45.22025149942951,1989.771557997248,228.64136920475585,40.7866057714124,35.98318444697897,0.0126602274549597,Tôi
1644.173021221424,3662.191039518428,3862.780594279816,0.9172355680455154,1973.7570423411007,233.4876605810314,28.96835458525885,29.035296504538376,-0.0066757272988525,Tôi
1756.247350583479,4299.697588978974,4001.189589347471,0.0156671167982498,1989.724693542929,233.33041990922047,27.064963247215616,27.73771830016236,-0.0133461937674322,Tôi
0.0149507274504736,1.8379554585531392,0.9163032216421184,-0.0017336264509139,1764.325103238314,77.15729782250295,-58.79005054816871,63.77647324678317,0.0089249668276973,Tôi
0.9554375422565884,0.8950480358461743,0.916640279467542,0.0106057056829826,1764.3134710669383,75.59251617223998,-55.8770234143832,66.03481164827394,0.0082817025462035,Tôi
0.9249803591826056,-0.0091844053357175,0.9346003025986196,1.877332066108517,1763.3818833881232,74.83446860364366,-53.86031580960986,68.13275987198,-0.0055045121183663,Tôi
1.8092888256661936,1.855494228750055,1.8696161962849085,0.9125454680628196,1764.3378630425816,72.12556209465558,-49.65262764347278,77.42608930322056,0.0049724849776305,Tôi
-0.0050673520845301,0.9726484524351112,0.000183234495516,0.9258468552168896,1764.3201871067056,68.16120883876728,-38.31410138319223,85.76584885029811,0.0257509863271672,Tôi
0.93782775968848,1.85715411588248,7.499695254470814,1.88905478791365,1764.322185250929,68.76348833099011,-23.04441373367046,101.05967692973148,-0.0106455291120958,Tôi
52.33663918956011,691.1591305008593,3621.090595329492,0.8787261454344315,1763.4061417554926,84.43946791066782,-9.578146498716794,106.4021664343218,0.0315591317777216,Tôi
2542.3245196396347,3234.377777587132,7699.86036846213,40.17619692658415,1763.395090415837,112.2595303575914,4.725886315075574,110.9686975501011,-0.0171406456993719,Tôi
1656.9101334617546,4349.623850378035,7458.897886767921,263.3924423465039,1823.154733475244,134.77743553427638,15.17773240042724,111.04907881693738,0.0261064347231861,Tôi
2983.175752988692,4937.067782277514,6822.853861235471,299.8169879347789,1958.5750024294075,149.62254622731464,22.36469778319763,108.25008222921257,-0.001073784188965,Tôi
2567.551234424124,4577.499125240177,7143.189982079372,490.371630629618,2003.4056959113907,162.9173670204897,29.70598287311626,103.42428417806416,0.0423224122346357,Tôi
3054.1449029182863,4882.0179156615295,6614.524919274545,561.327993375054,2033.31894550374,190.98626308632103,43.25839775303879,97.90244256879186,0.0381285607705252,Tôi
2500.308436686933,4950.159362138365,6051.363568379848,456.7155277103301,2033.305699122489,206.18836291787724,45.96165754376688,73.3916477757106,0.0170576798708377,Tôi
2533.913996915945,4675.603056175169,5893.4812620784405,323.1585955791961,2032.3853006073143,215.8735133341793,41.98431815554106,52.2926528511484,-0.0045433033246556,Tôi
2184.654569025198,4397.242567539602,5913.106876738991,155.05055147958413,2017.413760341081,227.15449183848017,38.017328279518175,38.56997518013203,-0.0116160582999743,Tôi
2089.326091628001,4089.030955827327,5727.237885031638,110.20022445800606,2002.4898867840004,231.33919901434072,31.954712586106304,31.47011400993388,-0.0092418241519298,Tôi
1952.0472038962848,3809.7573702520967,5444.277389099974,1.841059041631029,2017.4513153030448,233.58300091354585,32.04150092405231,29.22753184699566,0.0006712950888008,Tôi
1658.7866423388857,4246.883223187791,4952.060731761793,2.791989515174737,2017.424143777882,233.8289149332002,29.93834618349547,28.826804346593992,-0.0016848282446372,Tôi
1386.989076521072,4308.549263706199,4289.840488736185,1.856516836407281,1988.4908821149488,232.19646325370047,30.487470224316784,29.700468892533703,-0.0082643977399944,Tôi
1511.214867073249,4065.693096147612,4016.192093784376,18.69088980598993,1988.483979282855,227.6119437136697,34.75830959782388,33.50188392632257,0.0253464561490875,Tôi
1492.520791567604,4168.42732701021,3804.1335000991007,51.37062142999085,1972.569701249188,223.0271272041692,40.24450516673589,39.74253162385461,0.0307109073652514,Tôi
1691.4753773049526,4064.772705015614,3811.641849422237,59.75481101250456,1973.5402894990293,221.17925364722672,42.39473064743294,40.28887581908769,0.0046410476287511,Tôi
1829.7145545156268,4152.530456482305,3937.7311047909056,44.84317270058366,1973.5434374942545,226.7635148442783,40.43973163738602,35.6780766371446,-0.0234167550758279,Tôi
1630.7792914022532,3632.317616396877,3831.25702918942,0.9318042330748616,1957.6836905452865,231.5717033626126,28.71369295417305,28.7799396745778,0.0009339261306472,Tôi
1741.880417001769,4264.609760345318,3968.541136200688,-0.0359752604967757,1973.5414196465176,231.39241008824752,26.828802197358804,27.509746449245707,0.0419099375442765,Tôi
1723.0,4180.0,3519.0,1.0,2096.0,242.31,30.81,28.75,0.202,Tôi
1971.0,4262.0,3784.0,1.0,2113.0,235.69,34.69,31.5,0.151,Tôi
1944.0,4221.0,3662.0,1.0,2097.0,233.0,35.38,33.19,0.174,Tôi
1707.0,3940.0,3594.0,1.0,2112.0,243.31,30.69,30.25,0.068,Tôi
340.0,3920.0,2735.0,0.0,2017.0,237.31,33.19,32.38,0.15,Tôi
3.0,1975.0,1486.0,0.0,1889.0,204.25,36.38,33.81,0.084,Tôi
0.0,1.0,1.0,531.0,1889.0,177.06,28.94,30.75,0.057,Tôi
67.0,1.0,2.0,264.0,1889.0,158.12,14.88,28.75,0.074,Tôi
1.0,0.0,49.0,346.0,1889.0,140.69,1.87,21.87,0.084,Tôi
2.0,0.0,0.0,630.0,1889.0,127.06,-12.56,19.25,0.004,Tôi
2.0,2.0,0.0,493.0,1888.0,117.5,-25.31,21.06,0.0,Tôi
0.0,0.0,2.0,433.0,1889.0,108.19,-38.44,28.0,0.012,Tôi
2.0,1.0,1.0,205.0,1889.0,100.44,-51.75,30.81,0.237,Tôi
1.0,2.0,2.0,1.0,1888.0,93.81,-64.0,38.88,0.056,Tôi
1.0,2.0,2.0,2.0,1888.0,91.5,-74.06,49.75,0.002,Tôi
1.0,1.0,1.0,1.0,1889.0,98.19,-81.87,62.19,0.002,Tôi
0.0,2.0,1.0,1.0,1889.0,96.0,-78.94,49.38,0.002,Tôi
0.0,1.0,1.0,2.0,1889.0,96.62,-72.69,37.13,0.093,Tôi
0.0,1.0,1.0,2.0,1889.0,99.25,-66.31,32.69,0.047,Tôi
596.0,469.0,4182.0,1.0,1889.0,99.37,-64.75,26.25,0.009,Tôi
1940.0,1717.0,3617.0,2.0,1888.0,96.19,-64.06,16.25,0.105,Tôi
1169.0,2614.0,2593.0,3.0,1905.0,93.06,-62.94,12.63,0.02,Tôi
2914.0,3925.0,4558.0,5.0,2065.0,91.19,-61.69,8.56,0.006,Tôi
2548.0,4141.0,6132.0,60.0,2160.0,91.37,-61.31,8.69,0.01,Tôi
2785.0,4477.0,6201.0,81.0,2192.0,92.06,-61.19,9.19,0.008,Tôi
2701.267725826479,4342.417234458655,6014.615016677108,78.59533925472283,2126.097909603417,89.27743385560228,-59.32453605980589,8.942501074503133,0.0200997547429278,Tôi
1671.158009032428,4054.338236302077,3413.2317810456016,0.9532242239286868,2033.023086195348,235.04513381061383,29.876640894078864,27.87167675026208,0.2072565988728754,Tôi
1911.7415555127668,4133.847730098488,3670.2387933955024,0.9363042424564983,2049.491424717497,228.61230349974656,33.665859685206655,30.538024647521027,0.1473287139977553,Tôi
1885.5539188736147,4094.087306294727,3551.8989507241063,0.9784219888481748,2033.9633664828973,226.0014827506388,34.33664102222159,32.22133512146142,0.1930358290578678,Tôi
1655.6714937291167,3821.5710445802097,3485.951362046126,0.9586047410731136,2048.473630325312,236.03023621529127,29.745390254077545,29.32260501629117,0.0950402519840413,Tôi
329.78789779273114,3802.104963047772,2652.7826899641964,0.0192919069124502,1956.340703480216,230.1661487067328,32.22316127564592,31.39236108940745,0.1570522793937896,Tôi
2.9078091283757543,1915.6279961508665,1441.3348718246575,0.0078292751511783,1832.197056705977,198.1631948582933,35.26514902657553,32.81277670436433,0.096078971491651,Tôi
0.0160161937573686,0.9727192354203278,0.9562466372044544,515.0472706560598,1832.188335415873,171.74809929043832,28.04891831264537,29.81694216748145,0.0436463988560744,Tôi
64.95967810782068,0.9718471700559096,1.9472027411427435,256.04856078038944,1832.220804895964,153.342445945952,14.44556961025924,27.888917419188576,0.0412731347506554,Tôi
1.008226859208562,0.0112708149037132,47.52496886775618,335.6267353190375,1832.256009120893,136.46935891410035,1.8334813829317016,21.218484845857976,0.0714051961212656,Tôi
1.9306734000344528,0.0162159403999986,-0.0124971046918031,611.0716405838302,1832.2219345536848,123.24443586096169,-12.194669932694222,18.660933666378163,-0.0131674788069566,Tôi
1.990659944290754,1.952297999907804,-0.0122653189987928,478.1767951388238,1831.217553015942,113.96838567002608,-24.54399157093153,20.462573886229432,-0.0320991667207738,Tôi
-0.0136662955922893,-0.0365347943300112,1.9219356224395547,420.0156103585584,1832.1868218645584,104.9567398517601,-37.28719590838871,27.13356314760457,0.0137780339980293,Tôi
1.9651551664102669,0.9677174604772026,0.9434161898166272,198.8444942464752,1832.2100931747216,97.36450947074522,-50.17651825743117,29.907047473777755,0.2165527889341939,Tôi
0.9731053374657148,1.9516314830760213,1.937919002194652,0.9767674165959264,1831.2455699306947,90.98598585395158,-62.064144813462775,37.69607258746829,0.0869888335605379,Tôi
0.9868442042961724,1.9504559810244024,1.944852660306686,1.943831069152528,1831.2310379239004,88.75978493409353,-71.77926631272054,48.232529386099685,-0.0026279753522967,Tôi
0.9609210997973076,0.9354717690053924,0.9506849872745748,0.991629973851032,1832.1918385009349,95.20766749228956,-79.40612615759416,60.33021922498859,0.0351537406239464,Tôi
0.0003671814375237,1.9543017125370803,0.997945434938869,0.9838567344461386,1832.204691109996,93.07417745346442,-76.53454073441615,47.87495271287983,0.0150043177766175,Tôi
-0.0245651455984651,0.9880209701513876,0.9468636299599428,1.9310955655411857,1832.200707918128,93.74955539801772,-70.52045678281594,36.03542518206478,0.1083873050339667,Tôi
-0.0466854424585911,0.9788164218850152,0.992482060509037,1.956931377758796,1832.196812159256,96.27262162439516,-64.3080261505088,31.706144572469427,0.0560935327337582,Tôi
578.1154270845092,454.908695584714,4056.30620223222,0.9742427778004668,1832.195156071528,96.39893670323156,-62.78619613474463,25.478755077056544,-0.0113487077370177,Tôi
1881.6861509349487,1665.3467826820097,3508.2930873241694,1.9261139811172416,1831.207477295526,93.3027623291687,-62.156493087314686,15.7774244418752,0.0793325108702155,Tôi
1133.817299700072,2535.388009084116,2515.0532237351003,2.901562517608582,1847.740791898376,90.25646823401374,-61.056816101069465,12.268698872910742,-0.0224416680108761,Tôi
2826.387511662123,3806.97947994612,4420.966860597861,4.879230241826059,2002.9100720754404,88.45595598910053,-59.869026940515816,8.313367238503213,-0.0263205513357126,Tôi
2471.3880480882667,4016.536581738087,5947.652775525095,58.2049804184904,2095.080859065203,88.61098271268041,-59.45828139232465,8.418744299905661,0.0241060689628928,Tôi
1722.9246140443329,4179.73354093337,3518.7903621626465,0.977979775812442,2095.846443907082,242.30440159283108,30.798095377770416,28.77624169650846,0.2041243338453753,Tôi
1970.854930018564,0.0,3783.787356011148,0.992522432271877,2112.869055595836,235.6781358375907,34.680365692577766,31.471169400385552,0.0,Tôi
1943.880361988108,4220.747079830403,3661.766126550466,0.9646938865249858,2096.8695870451024,232.96649390309463,35.35559286718878,33.212461717075186,0.1843417415008588,Tôi
1706.9343105522628,3939.777720854641,3593.7941623636093,0.9788127586105172,2111.8905831991624,243.31669131980937,30.697518674561422,30.22705335981793,0.0498113488481032,Tôi
340.0058641470058,3919.758121574245,2734.8306053514607,0.0015931984043202,2016.913425299993,237.2792184830106,33.13904571559928,32.39817076196568,0.1506870872797531,Tôi
0.0,1974.8559199436845,1485.916767855558,-0.0357745555239194,1888.9089057767671,204.1961333920013,36.40906001383644,33.793645693262384,0.0715631876400554,Tôi
0.0109123857944919,0.0,1.0353569342727946,530.9709383109789,1888.878255751356,177.07701657657194,0.0,30.74366417879112,0.0362379945083787,Tôi
66.98252623300678,0.9855633301804164,2.0006790321360866,264.0070888442545,1888.8535962310773,158.1205478631384,14.864273961812184,28.75705831747621,0.069356363731843,Tôi
1.0505444454059492,-0.0149656790363596,49.00610959820602,345.9641717904402,1888.8989949740744,140.6778305520181,1.8956646434578257,21.839137153685595,0.0957374166525755,Tôi
2.0026076000784023,-0.0124592512688506,-0.0298767975083453,629.9368330953763,1888.9092968803968,127.04815766991624,-12.544561397807543,19.27384060866023,-0.0217028195545402,Tôi
1.994474009057157,1.9936906072077305,0.0017689819553534,492.9879163313329,1887.8995583483209,117.49670758126476,-25.32765507440314,21.06464901057389,-0.0012208872583158,Tôi
0.017328006194635,0.010600218230969,2.022064188827564,432.9612500369168,1888.8701152468848,0.0,-38.4584580425674,27.999915136014508,0.0343743283496738,Tôi
1.962392713803517,0.9666290058333766,1.002854675069218,204.9720632401445,1888.8811962953464,100.42630893287284,-51.71873335610788,30.822391970370703,0.2260154744879997,Tôi
1.0160436467963416,2.013417721551219,1.9776781702983104,1.0025359752494667,1887.911677499539,93.76665350692345,-63.983444304436425,38.86629640143212,0.0478908643615494,Tôi
0.9904633470912788,1.987347664553189,2.015849599793839,1.9816476628181816,1887.8897890889264,91.50285150854438,-74.07371703275598,49.75637714266511,0.0370584098979089,Tôi
0.0,0.9722668774037976,0.970803261559906,0.9889206170390674,1888.898499890646,98.18748817454244,-81.84629812121788,0.0,0.0464335084188444,Tôi
0.0089004924219492,1.9927484072768265,0.9952449943436744,0.9955883143560986,1888.905480773916,96.00603125750575,-78.95439097592553,49.3502239680418,-0.0022009229731231,Tôi
-0.0082097542964544,0.0,0.0,1.9955451792092,1888.90100446542,96.56971856922743,-72.69787670283462,37.102333385971,0.0,Tôi
0.0,1.0276034301046857,1.0049058074851156,0.0,1888.8617667054148,99.24074666987798,-66.28505838530462,32.68823696129272,0.0653330660207844,Tôi
595.9670092979992,468.9517580729903,4181.754617254512,0.9670042659714542,0.0,99.36891520280231,-64.7639931709559,26.25367724403856,0.0251477073934002,Tôi
1939.883533106005,1716.91549379479,3616.8280893463257,2.017692960726764,1887.8935493100869,96.16843549138596,-64.0746461121981,16.301544983565186,0.0,Tôi
1168.9349721091846,0.0,2592.835792944791,3.001266616951905,1904.888831825347,93.058524147813,-62.91273620652951,12.632139132843134,-0.0048455171939035,Tôi
2913.8352871820507,3924.759998729915,4557.739883228407,5.024469258122667,2064.8734918156847,91.19345227410656,-61.69025894571806,8.528982867581213,-0.039879067715784,Tôi
2547.885498850423,4140.796803492851,6131.632327702101,0.0,2159.885521995715,91.322090837786,-61.339648172679226,8.684993206620964,-0.0206588596759334,Tôi
2784.8385215292224,4476.712208720509,0.0,80.98505965315807,2191.873349353147,92.0490670675993,-61.19507884488613,9.180508803501567,0.0102237140425665,Tôi
1621.4323307911377,3933.605611703639,3311.533015002145,0.9213103740835218,1972.423393523364,228.0234842268477,29.018651100069096,27.060802838196512,0.1876117671427197,Tôi
1854.79034277006,4010.76367242724,3560.9220386730817,0.9609274328824344,1988.439020750549,221.76678966601503,32.60953431556876,29.643671876257216,0.1579410560044715,Tôi
1829.428609519092,3972.187274663057,3446.106627423545,0.9597832542247124,1973.4003479196808,219.25984013878104,33.311537497158724,31.234127838384538,0.1686777778682927,Tôi
1606.3992231741986,3707.742434196941,3382.148642296159,0.93463332283502,1987.520044760059,228.95908732903945,28.841969815129723,28.45690984830441,0.0439021165712487,Tôi
319.9630362356232,3688.908808536232,2573.7814975395345,0.0172336936809462,1898.1068113263984,223.32178503208016,31.23689949865041,30.47349664640047,0.1196825824282419,Tôi
2.796331681526784,1858.568125734164,1398.3914600408038,-0.0134516219479488,1777.6146834541978,192.2514199717648,34.25309146795206,31.8462866719345,0.1084530066444711,Tôi
0.0102801598015537,0.939427595019724,0.9359817560629242,499.71979818764817,1777.654843512263,166.624742626095,27.267161075331728,28.94655553581627,0.0935452488121903,Tôi
63.0649662969,0.9708862028272576,1.8977622450129936,248.42964416482144,1777.6776171997178,148.7486784781645,14.032808767834204,27.03072626838221,0.0694870101613119,Tôi
0.9107902541682132,0.0060507625765339,46.11818255023489,325.58093134612244,1777.6451032143182,132.38195645728473,1.760519054252002,20.570780127113945,0.0860536431662719,Tôi
1.908012404221488,-0.0218945352957327,-0.0104799646270168,592.8861585973231,1777.61385295863,119.57393729848144,-11.840881017203673,18.103409157579403,0.0136365517689643,Tôi
1.8832288190367072,1.85526426015575,-0.0050639215880684,463.9731597494595,1776.7225841770237,110.57979953990343,-23.84015151903679,19.816031399288825,-0.0102007515938799,Tôi
0.0132238282305254,0.0180805189779237,1.8609803135291327,407.52327516777376,1777.622181399625,101.81621074047295,-36.17256655765125,26.377612532472067,0.0340289582564914,Tôi
1.882324864941024,0.9466690466302656,0.9613919408543036,192.89388420871344,1777.627561054763,94.53360816407222,-48.70321602883149,29.021999984831204,0.2212281331361798,Tôi
0.9666082027969248,1.9119866561857464,1.8903527076270363,0.9655888873811768,1776.6944855293302,88.2757169499259,-60.21887436031868,36.59533588312098,0.0545267590980553,Tôi
0.9372140231514492,1.8907493345156468,1.882153689582359,1.906798657765033,1776.7072254792072,86.11725900711211,-69.68341765827296,46.83112743723019,-0.0231540752033041,Tôi
0.9320344289139568,0.931300021066056,0.9606939141006606,0.935229043561095,1777.6525951473025,92.39809357681744,-77.05461303417745,58.52728834429433,-0.0022825053779615,Tôi
-0.0347993521243383,1.8742756377431185,0.9167062684011802,0.9533476140562164,1777.6097974256254,90.33786893354328,-74.25599738250521,46.46937407072617,0.0054712401929016,Tôi
0.0312916158582461,0.9381527714875394,0.9255907798119634,1.8936521046215329,1777.6281584017347,90.92214262994422,-68.4310382670185,34.90096294100748,0.1003494169049963,Tôi
-0.0148392796163873,0.9425587614035388,0.956776217878256,1.889791634759865,1777.6409345074037,93.42210328787192,-62.369027747000274,30.77674227421646,0.0634391673190145,Tôi
560.8777684092228,441.3640409695982,3935.503247356332,0.9253349804790592,1777.610839436079,93.49601017821844,-60.94619108909559,24.724342340305192,-0.0179293571605107,Tôi
1825.6229830165064,1615.7782867107867,3403.8010232228407,1.8874978028623823,1776.7108795398658,90.5176109111798,-60.25422477207915,15.311763935699323,0.0896974499239126,Tôi
1100.0611371154307,2459.91717087495,2440.1000277879657,2.830127994409032,1792.681863249824,87.60154272998027,-59.241345570830525,11.859600928007747,0.0057484770723018,Tôi
2742.2241382274165,3693.659470974668,4289.301497621717,4.70514086256842,1943.2918558293693,85.80904853971802,-58.06730724905751,8.062597371020807,0.0241160659585244,Tôi
2397.7909914766533,3896.873333745033,5770.501758332762,56.455956212483066,2032.6870115849488,85.97002466187617,-57.70386514028513,8.200743663556825,0.0352113916990691,Tôi
2620.801728776124,4213.080742048238,5835.424324914428,76.20493613369972,2062.770231810683,86.6512218537589,-57.620647734386864,8.623551914492479,0.0145647161417826,Tôi
2929.797080909859,4709.713314968682,6523.371809761076,85.21464809136737,2305.939785254951,96.8610486211668,-64.38827985154822,9.708912162547255,-0.0025230041006846,Tôi
1812.5476941306747,4397.289614168076,3701.9770105812704,1.080529008173947,2204.9685140207544,254.8984979498516,32.4403912023177,30.225974105119548,0.2332111127621782,Tôi
2073.4529404446544,4483.5707258030825,3980.707584911335,1.0181274337785369,2222.84036397383,247.98059432228857,36.49279474014449,33.1526986054874,0.1468575503793733,Tôi
2045.0349082093985,4440.392350452218,3852.332939845079,1.0437206824682894,2205.9970830966427,245.0777111091081,37.19813396947738,34.90768110809552,0.1898853777138296,Tôi
1795.749293359262,4144.815319540577,3780.7936480641583,1.0943137768266142,2221.774358473623,255.98705226300663,32.313747385522106,31.80227653373942,0.0812489202488254,Tôi
357.718811453627,4123.774550051547,2877.188869671847,0.0117858306926231,2121.842284767962,249.61425963004268,34.89239549958208,34.03996995528828,0.1282207221016417,Tôi
3.190290701113512,2077.678285263141,1563.2672064472692,0.0154066561159148,1987.196278849657,214.893245850715,38.29849227682434,35.57041352871117,0.1196232523565434,Tôi
-0.0033890710767208,1.070110630218295,1.0387829533748545,558.6208697929825,1987.202457323848,186.2905601111169,30.46702015704442,32.31231459775245,0.051938785107444,Tôi
70.46601028880069,1.0292879113508824,2.1028519848549214,277.7180719504633,1987.146094829776,166.32162602542712,15.652082066714357,30.25630483434093,0.0772001982223819,Tôi
1.0446262451981552,0.0221778033576923,51.53967971766341,363.9908445636638,1987.2306515232744,148.05226701773512,1.968492069501512,22.998810108378265,0.0637765329461527,Tôi
2.0792018582225844,-0.0025394407129067,0.0342579850341483,662.7384495301019,1987.1930310863647,133.66753969498322,-13.231584562573486,20.23889462172443,0.0645094914223233,Tôi
2.0898971178480674,2.113791208075026,-0.0190313990574873,518.6458852858037,1986.1621902011248,123.5825307528563,-26.61309275778873,22.14935917773781,-0.0227904661629772,Tôi
-0.0150727101278061,0.0132597564263597,2.1360304552599283,455.4910253208847,1987.190868709269,113.7548696014494,-40.44798795140452,29.447032761750364,0.0268244008173589,Tôi
2.095543895215519,1.0880257949058956,0.9958345397241434,215.66878178663,1987.1555457304623,105.65674994404074,-54.42517509834549,32.41808839532137,0.271418165227144,Tôi
1.0334780001909942,2.11647291369861,2.0905396569230605,1.040989570879595,1986.1206420009185,98.66658780624336,-67.31095759121217,40.90426952016079,0.0351945846901473,Tôi
1.0831859891448912,2.113559313547231,2.1335628780663605,2.1240622352215563,1986.1332193963044,96.26775682859233,-77.90706607204778,52.34954757920821,-0.0082797974934867,Tôi
1.0617603440067342,1.0525122247873302,1.0866444100870534,1.0450650317486256,1987.2080569425607,103.3213112542731,-86.10792512417937,65.38402058847113,-0.0165468150896713,Tôi
0.0071559568504807,2.099088433893229,1.080302686493722,1.0590987032690342,1987.2054138443125,101.0071028655786,-83.01368358079266,51.93856870162789,0.0199296715276794,Tôi
0.0134448558658974,1.0376519806181048,1.0387422719944082,2.095233764335314,1987.218961302268,101.66470351738069,-76.46713879738672,39.06217167295204,0.0998636039707767,Tôi
0.0017091181932398,1.099663553446095,1.0862713942014723,2.101845782938969,1987.20099615398,104.41623008780562,-69.76663003287412,34.36982574300793,0.0632156114005282,Tôi
627.0033789094176,493.411588725532,4399.405274884555,1.0926586630773276,1987.211199415024,104.55267974974193,-68.10833949418937,27.5903693227865,0.0301760804630147,Tôi
2040.8577347675496,1806.249033782113,3805.0253995921566,2.156946133349716,1986.142106415864,101.1947301687176,-67.39799754530087,17.099336230846355,0.1193743119293372,Tôi
1229.732942711139,2749.9091499987653,2727.7873767473534,3.168497123949124,2004.05579594974,97.86611588614376,-66.22969403139668,13.294907986010791,0.0294844409160744,Tôi
3065.5002698223407,4129.068383511323,4794.954696595226,5.27411906493979,2172.3189617418457,95.92765373439362,-64.90663015968882,9.013467513123524,0.007329311314378,Tôi
2680.4565191580623,4356.280160486602,6450.792731996445,63.123365945733525,2272.3200851165298,96.10355248399338,-64.50333928804245,9.115203943254908,0.0400375938789124,Tôi
3052.0,5151.0,5891.0,54.0,2209.0,91.87,-61.06,9.56,0.002,Tôi
2825.0,5210.0,5114.0,94.0,2177.0,91.62,-61.13,9.94,0.001,Tôi
3036.0,5401.0,4720.0,44.0,2145.0,90.94,-60.81,10.0,0.002,Tôi
3249.0,5074.0,4502.0,12.0,2145.0,89.69,-59.63,10.75,0.002,Tôi
2384.0,5209.0,4332.0,11.0,2128.0,89.87,-59.13,11.13,0.003,Tôi
1999.0,5111.0,4537.0,2.0,2128.0,90.44,-58.81,10.88,0.003,Tôi
1081.0,4513.0,3744.0,0.0,2032.0,90.81,-58.38,10.5,0.003,Tôi
514.0,4548.0,4011.0,0.0,2065.0,90.87,-57.88,11.06,0.002,Tôi
437.0,4492.0,3863.0,2.0,2017.0,91.25,-57.94,12.06,0.002,Tôi
108.0,4867.0,3975.0,3.0,2049.0,91.37,-57.5,12.88,0.0,Tôi
6.0,4328.0,3651.0,2.0,2017.0,91.06,-57.0,13.31,0.002,Tôi
3.0,3832.0,2879.0,0.0,1905.0,90.75,-56.69,13.19,0.001,Tôi
0.0,3574.0,2342.0,0.0,1904.0,89.19,-56.0,14.31,0.001,Tôi
1.0,3119.0,2698.0,1.0,1904.0,86.69,-53.88,19.37,0.0,Tôi
2.0,3037.0,2488.0,1.0,1921.0,87.62,-47.56,27.19,0.0,Tôi
1.0,3338.0,2227.0,1.0,1905.0,86.44,-37.56,40.69,0.002,Tôi
61.0,2893.0,3753.0,0.0,1905.0,80.87,-27.12,62.75,0.001,Tôi
48.0,3094.0,3040.0,2.0,1921.0,79.5,-15.88,86.81,0.002,Tôi
2.0,3138.0,3431.0,1.0,1921.0,84.0,-9.31,96.31,0.002,Tôi
31.0,3088.0,3230.0,3.0,1952.0,89.12,-5.69,98.12,0.003,Tôi
30.0,3293.0,3700.0,1.0,2016.0,90.62,-4.5,103.31,0.003,Tôi
100.0,4218.0,4180.0,3.0,2033.0,89.06,-7.12,99.75,0.004,Tôi
828.0,3819.0,5674.0,2.0,2080.0,87.62,-12.69,89.5,0.004,Tôi
743.0,3607.0,6516.0,1.0,2064.0,89.5,-18.87,79.81,0.005,Tôi
908.0,3716.0,6562.0,2.0,2032.0,89.06,-23.94,75.94,0.002,Tôi
3051.9995724363416,5150.981877814678,5891.008513133745,53.98239169488738,2209.0184245973564,91.86481523969832,-61.09127019625559,9.54846514165702,0.0247918826005425,Tôi
2824.9822503882674,5209.985267572395,5114.026121634332,93.9831312468608,2176.991754182872,91.62053166585012,-61.156411111178365,9.95082020519629,-0.0044859965786552,Tôi
3036.0281120814884,5400.985898617249,4719.99598736748,43.9768420620309,2145.0034268823083,90.95074192360327,-60.81630088225079,10.049855293622892,0.0286769355122913,Tôi
3248.99458616877,5074.003963138652,4501.996367118755,11.983974856284952,2145.0119443408207,89.70948874209581,-59.62614866549506,10.776153434163875,0.0110904422180663,Tôi
2383.993134718667,5209.049307026368,4332.026151941616,10.979881028794743,2128.002253908616,89.85564541238612,-59.089397621295845,11.119806596019796,0.0162543981834497,Tôi
1998.9829043704967,5110.989808931848,4537.0030292528445,2.015834496860516,2128.007712676568,90.47616607695215,-58.82276541796226,10.900980978474598,-0.021412497948884,Tôi
1080.9923413194988,4513.011738995115,3743.996473708664,-0.0558890391707936,2031.987558179468,90.81877312332315,-58.39113563479975,10.50569786208263,-0.0065418387982517,Tôi
514.0031676597666,4548.005574486899,4011.005432322245,-0.000751219718565,2064.971993382269,90.89092013693462,-57.88399838840812,11.069272846430874,0.0227415090741252,Tôi
437.0221314731572,4492.015602731748,3862.962580797361,2.0108135609267017,2017.0079595207428,91.26941650220822,-57.9415385846574,12.070322581487968,0.0106737096839233,Tôi
108.0125035606562,4867.01772703995,3975.000623811568,2.989740154913658,2048.9695398071035,91.37184380545068,-57.50177526992497,12.859895177399531,-0.0085689994090494,Tôi
6.004433748802852,4327.966431806811,3651.010640249013,2.024136413893657,2017.0219265209969,91.07366429317052,-57.00565681537534,13.301615927790644,0.0057994809952695,Tôi
2.9813918867406795,3831.9886373609866,2878.978278489712,0.0170762229073816,1904.9936063108137,90.77220968055394,-56.68371150236859,13.202501591548208,-0.0040502787807248,Tôi
-0.012067107496308,3574.005665742304,2342.0025712659863,-0.0008639636951009,1904.0007697401368,89.17478552731502,-55.973173518870745,14.295770022817807,-0.0091991456944449,Tôi
1.0124378110212096,3118.998266252628,2697.996887997357,0.9967414427978128,1904.0021899652072,86.69288417743603,-53.855498058708775,19.31900500317964,0.0012367336975123,Tôi
2.0172007633179576,3036.99498434472,2488.003731715049,1.000033218962996,1921.008614405344,87.61101427881462,-47.58660995746003,27.180068541331824,0.0294070028943807,Tôi
1.0328719664007882,3337.993274305383,2227.0012346414933,0.997256212861554,1904.990456191573,86.43613383444443,-37.561135559525226,40.72686213353202,0.002901522021787,Tôi
60.98457831729175,2893.0008315038467,3752.992789478681,0.0154396884659516,1905.0089179692045,80.85909632109788,-27.14339788387952,62.7541929225869,0.0201913475288233,Tôi
47.9914614677686,3094.023286277324,3040.017232629149,1.9873500730991664,1921.0158541484143,79.50045073099211,-15.895358882484064,86.78924830894253,-0.013333854727456,Tôi
1.9943620137613047,3137.981514214712,3430.969017293926,0.9987607375094828,1920.974578984201,83.9845314507011,-9.31540416530008,96.25535093696296,-0.0114540683209204,Tôi
30.99263069490196,3087.983845168574,3229.9780827568225,3.01282148030729,1952.03044848862,89.13778858281069,-5.7241563713362815,98.09007441036188,0.0097820922904132,Tôi
29.971151069331874,3293.018588027504,3700.02099955294,0.9946613144010772,2015.9885876931708,90.62024548636296,-4.503922016767305,103.32884998407472,0.0058057776732646,Tôi
99.97951994064525,4218.006638092019,4179.982948083833,2.9979931144755554,2032.9968552499408,89.06957582940997,-7.1195807966844615,99.76521055550346,0.0192839427198024,Tôi
828.0143293820051,3818.989413862916,5673.990207299779,1.9798217216016951,2079.98352584977,87.63491030203595,-12.674727698149956,89.50582095645169,-0.0010175433010942,Tôi
743.0179641763308,3607.010876098287,6516.020884787808,1.00871772669121,2064.0102470015786,89.54884394128098,-18.838018326045752,79.84008975878757,-0.0382602812016143,Tôi
908.0352057049812,3716.005951581898,6561.977443519939,1.9814192660529464,2032.0341538388468,89.07800747365853,-23.931077144751416,75.93576920794553,0.0087143804342226,Tôi
3051.9842613467954,5150.9831037293925,5891.019641109816,53.97068086195132,2208.9836332176,91.86388692350371,-61.034746035366375,9.580136394957558,0.0053058438863389,Tôi
2825.027943968762,5210.026485690466,5114.007042037943,93.97215475012496,2177.0478314428588,91.62832090353248,-61.10822964734231,9.936344554588477,-0.002876735396078,Tôi
3035.999844666603,5400.992502670938,4719.991666951034,43.98108621515412,2144.9945189432533,90.91952392998668,-60.831609858496535,9.98618983178312,-0.0129819120119928,Tôi
3249.0003503518624,5074.033840652073,4502.038372114778,12.029008777437127,2144.9772437278607,89.70273793442055,-59.621947259369335,10.726324591971863,0.0155123388412857,Tôi
2383.973285587507,5209.011973649393,4331.97018118376,10.998070531767516,2128.0285294847886,89.87247547881549,-59.12543309153916,11.140257635167623,0.0150759266523719,Tôi
1998.994100089327,5111.005203567299,4537.021772180601,2.014645610955863,2127.9986837598026,90.4298094651402,-58.826202110104205,10.876731856070997,-0.0312253140436274,Tôi
1081.0179876806824,4512.977349736846,3744.008242209555,-0.0170354779439403,2032.036241957201,90.82845012149257,-58.367807267010086,10.484856765399114,0.022396789848137,Tôi
514.0057100378189,4547.989681940729,4010.977395771171,-0.0144837650247376,2065.0119469714923,90.87493231414842,-57.87965158596424,11.039752279806708,0.0027746254408714,Tôi
436.9974537015384,4492.002883735544,3863.012440471064,1.983488850418112,2016.976974387204,91.23979648173656,-57.96275769662121,12.037333518697311,0.0424138827969921,Tôi
108.01057314459176,4866.990158619476,3974.990054650554,3.01462762018613,2048.996311496981,91.3703906831803,-57.49990089410961,12.841267119039768,0.0467253291957064,Tôi
6.021843077616551,4327.990602316989,3651.020156314025,2.000806585391965,2016.993242925913,91.04083219281684,-57.00863546541263,13.301414235561344,-0.0047371759029739,Tôi
2.994619475511098,3831.96824028168,2878.97181138498,-0.0063736395795041,1905.0143841346744,90.74029104731343,-56.68694312932142,13.188783389097404,-0.0033228761808006,Tôi
-0.0067829011563673,3573.980462602122,2342.0014452039463,-0.0292248839752906,1903.975253919728,89.20059830771265,-55.96308540137741,14.306681703718317,-0.0331593729183688,Tôi
0.9825661485756784,3118.9955610554034,2697.986689710927,1.0239011737097716,1904.010656981361,86.67773716821574,-53.85703815717198,19.36976444707881,-8.697409895267934e-05,Tôi
2.0163316167920584,3037.023689557766,2488.007059593236,0.9944560328537868,1920.990861185625,87.62640262038143,-47.53372555180376,27.192318907438818,-0.0530485328400488,Tôi
0.9851005103194828,3337.995671024488,2227.0158595956004,1.0001332910413685,1905.0331810575108,86.4049440471303,-37.56327751409858,40.70835811117809,0.0162443542201035,Tôi
61.00303345148027,2892.975005649432,3753.001638456769,0.0058842181629448,1905.0303223152605,80.8812375500063,-27.143313108845422,62.75594470737703,0.0058444091121933,Tôi
48.026631683538696,3093.998084666956,3040.00424713385,1.9915905453347256,1921.004907235941,79.5126885627065,-15.866214024904044,86.839641885132,0.0247162411005111,Tôi
2.0135496364339125,3138.00799422568,3431.000330812178,1.0008675857557114,1921.012524324328,83.9632926829124,-9.30257842434526,96.30672090971164,-0.0310267469858692,Tôi
30.98022689969844,3087.9723178979148,3230.008732873297,2.959625458030894,1951.996540697526,89.15197406757443,-5.681581368027769,98.1002406499664,0.0225735072190684,Tôi
30.04374598246795,3293.0333319874226,3700.004703834577,1.0056763483163238,2015.982454490729,90.62184298852549,-4.502677578097958,103.32887074323108,0.0073364280158091,Tôi
100.02830630116196,4218.029991695489,4179.964709944964,2.9913689974978883,2033.004092693834,89.06301517273913,-7.115064666248023,99.74513819046766,0.0018575692796793,Tôi
827.991021344654,3819.046536059391,5674.017453622791,1.9798269054699549,2080.0220282059104,87.63764003640561,-12.696892415741118,89.51886360640754,0.0237471887547896,Tôi
743.0052754629507,3606.996213512677,6516.025516404508,1.0121840911473408,2064.023070550022,89.50011172335421,-18.882265115208195,79.82325074915968,-0.0088575787864099,Tôi
908.002535656138,3715.993058222081,6562.00257861076,1.995713375752661,2032.0162078474857,89.03904324511626,-23.93056379006899,75.96248432520962,-0.0073101296755429,Tôi
3051.986750823859,5150.979576205117,5890.97701740499,54.01096247522728,2208.996397392667,91.84506021007856,-61.04130945873606,9.531455322643142,0.016467583613122,Tôi
2825.0103140170927,5209.995544763696,5114.024257299553,94.00320510800456,2177.0415614797867,91.60164514680832,-61.135628775624525,9.93268595172784,-0.0059982846530037,Tôi
3035.961188209127,5401.011036727328,4720.015012143131,44.010792262410725,2145.017194744288,90.9384790728222,-60.825392070510105,9.973796840939738,0.008426373932499,Tôi
3249.019013346965,5074.01268810731,4501.985242280532,12.002406827125014,2144.989074999952,89.70038168832131,-59.63234866936648,10.729217215357115,0.0124466328884889,Tôi
2383.9750282563327,5209.007316057071,4331.967841138818,11.026844794434734,2128.0293373073305,89.85342848701839,-59.1296168224756,11.13588522275076,-0.0108113640354097,Tôi
1999.001051248761,5110.975648434756,4536.984091941276,1.9889613214214883,2127.9842392853225,90.40861198499472,-58.80870156923151,10.920771360795252,-0.0217901499264556,Tôi
1081.0009131951597,4512.982267846938,3744.021222233143,-0.0296204717229126,2032.035633639341,90.81519047712504,-58.38988349830466,10.508097297540653,-0.0114943016252101,Tôi
513.9868027601158,4548.00112264283,4010.986853489648,-0.0062181007045448,2065.002984059435,90.90680752138748,-57.90467901594366,11.09377805515824,0.0056259510116795,Tôi
436.9953506695963,4492.0008180896,3862.9936308247775,2.012802811884389,2016.960916345416,91.23993778293344,-57.94595845540184,12.081949104459058,0.0172637548169746,Tôi
107.99528165293805,4866.9980450843,3974.99784771363,3.017413828431343,2048.99254476085,91.35707727097748,-57.49562394798843,12.84306199648517,-0.0126764777962737,Tôi
5.977180071124283,4328.00084829294,3651.026114914577,1.966303416023433,2016.9773167683568,91.0804142797608,-57.026753577982575,13.279386741453704,-0.0135527180133341,Tôi
3.0123422915934226,3832.003506797511,2879.00558899466,0.026340198197027,1905.0420914511035,90.7652004232547,-56.7129886463571,13.17900557413538,0.0124088330593599,Tôi
0.0160981266376841,3574.0134794670626,2341.961779424796,-0.0114789058464154,1904.0465114549409,89.18397246339087,-56.01832812996401,14.307436377483231,-0.039921498207347,Tôi
0.9849338989626244,3119.0050624512373,2697.9843677217264,0.9900434093039426,1904.005583680519,86.68042540926302,-53.87154752671396,19.33914359468866,0.007314425142918,Tôi
1.9842746056696985,3037.0169189451885,2487.998618755873,0.9917738866276328,1921.0069044541629,87.60342889924225,-47.537117092987735,27.225798035363432,0.0026771977520767,Tôi
0.9838022681361248,3337.9872098265946,2227.014212904735,1.0195641494560153,1905.004784612832,86.42131103270144,-37.55552355984487,40.683295329895,0.0140449183657146,Tôi
60.941302000202384,2893.028120806144,3753.005603522178,0.0156865789747831,1904.987058170821,80.88837486499509,-27.11259406418748,62.77260755600499,0.0250499182686758,Tôi
47.998092372839615,3093.9878056563143,3040.0019122888752,1.9913176888154227,1920.9903895129216,79.48238752376716,-15.891335247018311,86.80874176915565,-0.0038572265744324,Tôi
2.0243731911940266,3138.0154042184454,3430.99307887286,0.976385226890248,1920.9801876827348,83.9992965110756,-9.284505675461707,96.29973171267557,-0.0185374544811145,Tôi
30.99722069596136,3088.025263091025,3229.970608251288,2.9740902808489658,1952.0277217189985,89.11494058744076,-5.68766147500275,98.09303679868012,0.0163463487632709,Tôi
30.01199436582716,3292.9963135086555,3700.02892130858,1.0158493711554235,2015.9982434795647,90.62251647852462,-4.503890408295175,103.30785105459674,0.0157712998088682,Tôi
100.01868204389608,4217.989381347781,4180.043075200998,3.0084644605641992,2032.9959356429536,89.06810534832847,-7.103288254204152,99.72481702111068,-0.0139918166307132,Tôi
828.0029237163855,3818.9646414558943,5674.001148320958,2.0103058189371352,2080.0115611512915,87.656365650195,-12.72943538747971,89.48523096488445,0.0162491531264186,Tôi
743.0008885464157,3607.02085841944,6515.981003691419,1.0259246009399323,2064.008934439232,89.50370716893421,-18.86836825383123,79.8133284292302,-0.0069612674273127,Tôi
907.9774625691588,3716.022030273125,6562.03313988958,2.038320033136806,2031.9893321936831,89.05935146896061,-23.94044469883137,75.94022338414356,0.0088478606830275,Tôi
3052.0,5151.0,5891.0,54.0,2209.0,91.87,-61.06,9.56,0.002,Tôi
2825.0,5210.0,5114.0,94.0,2177.0,91.62,-61.13,9.94,0.001,Tôi
3036.0,5401.0,4720.0,44.0,2145.0,90.94,-60.81,10.0,0.002,Tôi
3249.0,5074.0,4502.0,12.0,2145.0,89.69,-59.63,10.75,0.002,Tôi
2384.0,5209.0,4332.0,11.0,2128.0,89.87,-59.13,11.13,0.003,Tôi
1999.0,5111.0,4537.0,2.0,2128.0,90.44,-58.81,10.88,0.003,Tôi
1081.0,4513.0,3744.0,0.0,2032.0,90.81,-58.38,10.5,0.003,Tôi
514.0,4548.0,4011.0,0.0,2065.0,90.87,-57.88,11.06,0.002,Tôi
437.0,4492.0,3863.0,2.0,2017.0,91.25,-57.94,12.06,0.002,Tôi
108.0,4867.0,3975.0,3.0,2049.0,91.37,-57.5,12.88,0.0,Tôi
6.0,4328.0,3651.0,2.0,2017.0,91.06,-57.0,13.31,0.002,Tôi
3.0,3832.0,2879.0,0.0,1905.0,90.75,-56.69,13.19,0.001,Tôi
0.0,3574.0,2342.0,0.0,1904.0,89.19,-56.0,14.31,0.001,Tôi
1.0,3119.0,2698.0,1.0,1904.0,86.69,-53.88,19.37,0.0,Tôi
2.0,3037.0,2488.0,1.0,1921.0,87.62,-47.56,27.19,0.0,Tôi
1.0,3338.0,2227.0,1.0,1905.0,86.44,-37.56,40.69,0.002,Tôi
61.0,2893.0,3753.0,0.0,1905.0,80.87,-27.12,62.75,0.001,Tôi
48.0,3094.0,3040.0,2.0,1921.0,79.5,-15.88,86.81,0.002,Tôi
2.0,3138.0,3431.0,1.0,1921.0,84.0,-9.31,96.31,0.002,Tôi
31.0,3088.0,3230.0,3.0,1952.0,89.12,-5.69,98.12,0.003,Tôi
30.0,3293.0,3700.0,1.0,2016.0,90.62,-4.5,103.31,0.003,Tôi
100.0,4218.0,4180.0,3.0,2033.0,89.06,-7.12,99.75,0.004,Tôi
828.0,3819.0,5674.0,2.0,2080.0,87.62,-12.69,89.5,0.004,Tôi
743.0,3607.0,6516.0,1.0,2064.0,89.5,-18.87,79.81,0.005,Tôi
908.0,3716.0,6562.0,2.0,2032.0,89.06,-23.94,75.94,0.002,Tôi
940.0,3898.0,6204.0,2.0,2048.0,86.19,-30.0,73.75,0.005,Tôi
943.0,3560.0,5690.0,3.0,2032.0,82.44,-36.69,70.5,0.005,Tôi
697.0,3830.0,6056.0,3.0,2032.0,77.81,-42.63,76.25,0.005,Tôi
416.0,3877.0,5136.0,1.0,2016.0,78.44,-48.81,72.37,0.004,Tôi
357.0,3837.0,6037.0,1.0,2000.0,80.12,-52.25,75.75,0.005,Tôi
373.0,3900.0,6082.0,2.0,2000.0,80.44,-53.19,73.87,0.004,Tôi
463.0,4228.0,6260.0,1.0,1984.0,80.12,-54.13,71.56,0.005,Tôi
456.0,4194.0,6615.0,1.0,1984.0,79.37,-54.88,68.94,0.005,Tôi
712.0,4207.0,4993.0,1.0,1969.0,79.06,-55.94,67.62,0.005,Tôi
553.0,4450.0,6202.0,1.0,1984.0,80.25,-56.5,68.12,0.007,Tôi
505.0,4162.0,6966.0,2.0,1968.0,80.25,-57.5,66.87,0.005,Tôi
548.0,4262.0,6870.0,1.0,1969.0,78.81,-59.44,63.25,0.004,Tôi
411.0,3482.0,6633.0,0.0,1969.0,77.62,-61.75,55.69,0.005,Tôi
325.0,3191.0,7020.0,0.0,1985.0,80.62,-65.75,40.63,0.004,Tôi
221.0,3246.0,6714.0,2.0,2000.0,88.31,-68.94,21.5,0.005,Tôi
19.0,3217.0,6367.0,1.0,1985.0,91.44,-69.56,15.94,0.005,Tôi
30.0,3432.0,5691.0,0.0,1968.0,91.0,-69.06,14.38,0.005,Tôi
39.0,3070.0,5797.0,1.0,1968.0,90.56,-69.12,12.88,0.005,Tôi
82.0,3424.0,6240.0,1.0,1968.0,90.5,-70.31,12.69,0.004,Tôi
45.0,3303.0,5944.0,2.0,1969.0,90.5,-71.06,12.06,0.004,Tôi
57.0,3254.0,5675.0,3.0,1968.0,91.31,-70.81,10.94,0.006,Tôi
34.0,3212.0,6005.0,2.0,1985.0,92.06,-70.0,9.5,0.004,Tôi
13.0,3248.0,5953.0,1.0,1984.0,91.44,-69.75,6.06,0.006,Tôi
61.0,3357.0,5947.0,2.0,1968.0,90.06,-69.75,4.56,0.004,Tôi
72.0,3531.0,5803.0,0.0,1968.0,88.25,-69.44,3.62,0.005,Tôi
942.9917477188756,3560.0222289024628,5690.004048485672,2.964291788458863,2031.9841714343568,82.4817844873222,-36.71008726553557,70.50812485676163,-0.012888753076262,Tôi
696.9925747063056,3830.0181610126288,6056.015331302576,3.0087334661415004,2031.980148602996,77.80115510017745,-42.64209519687895,76.23331890247249,-0.0001489851237369,Tôi
415.98384792897394,3877.007847716057,5136.009337582857,1.022611593823645,2015.989243132815,78.44586505284394,-48.81101908134798,72.36654251205324,0.022652289609479,Tôi
356.979112129619,3837.00424725006,6036.974749633003,1.0226376483487858,1999.9845265344368,80.13810349478874,-52.264241593198,75.76293432145613,0.028878609233032,Tôi
372.9980284649936,3899.98438488234,6081.958413206372,1.9999149952270536,2000.0101333487785,80.43602807530186,-53.19570870143888,73.8575300041375,0.0107972680401966,Tôi
462.99836088137897,4228.018009277924,6259.970768205832,1.026570683744252,1983.9881970636104,80.09838790061079,-54.13231013666403,71.55729338746802,-0.021589462210974,Tôi
456.02685268045417,4193.98434662708,6614.984110898255,0.9708487633081772,1984.0133826597464,79.34700127382114,-54.86603645249003,68.93588947659579,-0.0201692429716204,Tôi
711.9771560702058,4206.98381097472,4993.046079435451,0.9921814879326948,1969.0060316028075,79.04581759769937,-55.91345262815157,67.60754454900854,0.0055474300649002,Tôi
552.9947553713666,4450.0255365787625,6201.99549521013,1.028697820729718,1983.986607848415,80.26911723535784,-56.4509905015369,68.12043910185338,0.015390326901545,Tôi
504.9867935149359,4161.9960745814,6966.023844857863,1.995739232026597,1967.995430202584,80.2501211105756,-57.45351902238575,66.88277545885524,0.0003393273937061,Tôi
548.0140605969882,4262.040910126497,6869.986365666518,0.9963311058267912,1968.981746709016,78.79104482187205,-59.42510990244857,63.27193002269744,-0.0127198687733697,Tôi
410.9937231588466,3481.983058532393,6633.014066062287,-0.0315977836860586,1969.0023421584688,77.65474410913475,-61.7350433278777,55.67025158011398,0.0080022852288292,Tôi
324.97797348864503,3190.9643229105823,7020.001099725156,-0.0144633896698786,1984.992685699952,80.61931478226809,-65.76019944796359,40.618967244662336,0.0030991487225733,Tôi
221.01185450590185,3246.0204939817704,6713.976140203993,2.0134831013771946,2000.013128332505,88.31824184965004,-68.94105803375903,21.49855842435825,0.0102592836714092,Tôi
19.008362327483447,3217.048249155353,6366.971137349354,0.9839614643670196,1984.9717266600687,91.46014073590284,-69.57570028183564,15.902927048744372,0.0157381488913912,Tôi
29.99710502705038,3432.009736073969,5690.976575098444,0.0186089242929297,1967.978184346068,91.01519433812808,-69.11627768508299,14.36692499126452,0.0078379085979716,Tôi
38.98754842834289,3069.989460670625,5797.031847403386,1.0170720451658557,1967.9661884059024,90.55971366665946,-69.11229016010941,12.87998919827872,-0.0026289694104461,Tôi
81.99892041963285,3424.0158190828192,6239.989885289361,0.9777763699127732,1967.9992466396948,90.48802735012914,-70.3034854881425,12.68931749079683,-0.0154983416311672,Tôi
44.96498633697632,3303.001419147338,5943.986478963645,2.002441888011752,1969.0163001364576,90.5129801105642,-71.04947023863596,12.04912030542386,-0.0181352482450736,Tôi
57.02411603164747,3254.0210665537984,5674.973570086449,2.9988033525633924,1968.0143841275208,91.3152811643891,-70.8279974394165,10.924595488064202,0.0129258854647746,Tôi
33.99392983757269,3212.014760436642,6005.006867090508,2.030009028553614,1984.9731287783525,92.08783473980662,-69.98503471657929,9.512442530519982,0.0219605155911349,Tôi
12.95393699786987,3247.973226405209,5953.0152264838325,0.980458542637626,1984.0051649992763,91.4169512362133,-69.73248529164381,6.078523254294836,0.0169531884912643,Tôi
61.00762391240232,3356.974378268629,5946.968849339518,2.014790257759476,1967.9791069090056,90.07061406362917,-69.72369739524115,4.554979422173164,0.0099543414004039,Tôi
72.01681960908006,3531.006932369798,5802.970039550097,-0.0449504514207273,1967.980983839568,88.20250010342399,-69.4576638511074,3.621951027177579,-0.0189079770266325,Tôi
939.9825380314386,3897.9864703717662,6204.004201718812,2.019119618221328,2047.977523540332,86.1885073652481,-30.002931645669868,73.72337261060738,-0.0387744974336126,Tôi
984.789490618938,4083.688960733272,6499.458251990144,2.0930343300647465,2145.5196419146887,90.2822990271134,-31.4248153295395,77.26806556519887,-0.0107710287404352,Tôi
987.913499939742,3729.57239510611,5961.010704819841,3.119880581778173,2128.811188982328,86.35823534479378,-0.0,73.84486699469379,-0.0192917547932857,Tôi
730.1888496149833,4012.412771577114,6344.450872210361,3.164709195741739,2128.7842531616348,81.52689405631438,-44.65893189096936,79.86820501910375,-0.0130858749162889,Tôi
0.0,4061.680681153564,5380.633672601659,1.0402350808890275,2112.052771517438,0.0,-51.13915798132364,75.7844478604916,0.0183452559846548,Tôi
374.0036602318181,4019.750421990449,0.0,0.9708675901194486,2095.2484709636424,83.93936032861411,-54.72996328111241,79.35534664510767,0.0222718010735704,Tôi
390.780138156224,4085.740106003275,6371.69267789726,2.1592401278223536,0.0,84.2406323693121,-55.73877565040537,77.38773950369593,-0.0118398083048086,Tôi
485.01079618359273,4429.383265283119,6558.151161887735,1.047618395913908,2078.507280224508,83.91687345075283,-56.73948661695338,75.01887380616265,0.0,Tôi
477.7378092337522,4393.76052513227,6930.081125645615,0.0,2078.472440980597,83.16810563450419,-57.486691339716565,72.18099784205313,-0.0131487675353598,Tôi
745.8838263185868,4407.413392529279,5230.814851765681,1.0570201102877497,2062.848462801196,82.83669383766913,-58.57838872338935,70.83866163679163,-0.0381709612856436,Tôi
579.3607317171496,4661.978588590823,6497.417821694363,1.0527904177931338,2078.5564188304616,84.07635719643737,-59.20593267988317,71.33123892434122,0.0261020262673487,Tôi
529.0285600320184,4360.221843622438,0.0,0.0,2061.742744985623,84.07919110024446,-60.22235745037975,70.01320059175166,0.0268074084885915,Tôi
574.0613867962614,4464.994692753961,7197.236081841032,1.0469505481363766,2062.800447726848,82.55100813488328,-62.28004757386706,66.2824522696746,0.0040435827258139,Tôi
430.5846340723169,0.0,6948.903960146409,0.0130197615225021,2062.7663622241885,0.0,-64.71068002376087,58.36974445822436,-0.0124213054129856,Tôi
340.50429492220525,3343.016592592963,7354.38889599056,-0.0213445829006372,2079.5574504993774,84.45408416208878,-68.89247253134319,42.55933065120394,0.0224378803921764,Tôi
231.5048611702249,3400.5838970645696,7033.758872322369,2.090645612700184,0.0,0.0,-72.21585579308731,22.540082551522577,0.0195109706401435,Tôi
19.884706850954444,3370.247745498773,6670.3040247903855,1.0139769009312078,2079.536527277829,95.82780857135336,-72.88689165932995,16.71845241867796,-0.0,Tôi
31.390722380330057,3595.4478878730047,5962.0535802111135,0.0216218429524084,2061.7699960239734,95.33004337218888,-72.34081496186714,15.124044915005248,-0.0008951318835543,Tôi
40.824989768718325,3216.2445566039546,6073.12444950816,1.0304305856991844,2061.7253217106463,94.8811359588862,-72.3844285945117,13.480632301602862,0.0009469060444823,Tôi
85.89259269243104,3587.0746308530875,6537.202996108295,1.0688609288819495,2061.7334048340704,94.80090644458228,-73.63140800882032,13.295795410769424,0.0111752119264023,Tôi
47.14145232695202,3460.321068320688,6227.12025433213,2.089734880830032,0.0,94.8039100231265,-74.45333217445584,12.653992812100324,0.0422180929991658,Tôi
59.71519125178354,3408.9607279983406,5945.325959454234,3.153656914272588,2061.763919680459,95.63290593275713,-74.18927898660387,11.505336779789276,-0.0,Tôi
35.61944553703957,0.0,6291.035835273367,2.093233254000296,2079.5867921759764,96.44736072817116,-73.37563606849919,9.981618735281858,0.0003415411942574,Tôi
13.609442107285492,3402.685659357792,6236.504508866353,1.053650137664368,2078.50876745938,95.8005931918095,-73.05129965033873,0.0,0.0110602410719235,Tôi
63.90649673313169,3516.877396196516,6230.26763076196,2.0930994266726044,2061.727911113369,94.33470000556515,-73.06889290323802,4.799626541952872,0.0187720296478266,Tôi
75.43984025501378,0.0,6079.434291086586,-0.0036467853083545,0.0,92.4857058404602,-72.75444387011567,3.777281795786674,-0.0208607862403178,Tôi
880.096967227013,3649.632650624759,5808.681386466517,1.8622755349185804,1917.459669893353,80.6974589897685,-28.080758051160217,69.07357351760469,0.0175323884668978,Tôi
882.8856601005575,3333.140457278548,5327.423334694057,2.84122414053429,1902.4913707668973,77.19750448695972,-34.384841202654336,65.99933932159345,0.0017583964045311,Tôi
652.5508647473629,3585.9515656036424,5670.142449935661,2.8090790481634054,1902.4970683521783,72.81928749266999,-39.904112072512895,71.38720896954443,0.0125005071223059,Tôi
389.46262433668255,3629.9659801374655,4808.727328360724,0.9217702806337356,1887.526901839109,73.44412896087965,-45.70737981956219,67.77281979950637,0.0159824031451924,Tôi
334.2544161256698,3592.5428686510536,5652.335956417053,0.939157022151082,1872.579603442999,75.03141945256483,-48.92901226070465,70.92866007128266,0.0127555419905562,Tôi
349.216032394691,3651.487485100269,5694.4712107481855,1.8823947542513488,1872.5682156915293,75.29379071219144,-49.80110426830103,69.15373748265961,-0.0142481517071547,Tôi
433.479844022834,3958.602269137884,5861.102612917703,0.9444293025918944,1857.533361764776,75.02031066029583,-50.68752347256689,66.99873742250332,0.0101181583311988,Tôi
426.9498447573773,3926.751036469501,6193.5264007818805,0.9590430535586664,1857.54861972634,74.30634614572504,-51.386424838207006,64.5501608229688,0.0297901703437399,Tôi
666.609449205025,3938.925434587956,4674.824554191981,0.916539587833477,1843.52874473989,74.026631877462,-52.351397518431256,63.29531820223339,0.0031537403362879,Tôi
517.7548322992786,4166.43295305102,5806.825074537916,0.9332467596506236,1857.5458819928533,75.15074379571978,-52.92794788178912,63.82563028382649,0.0169495449020705,Tôi
472.8071149788032,3896.7894491381376,6522.158060299757,1.8719715692161047,1842.6001687230705,75.14233582952345,-53.85791282612424,62.60917450000792,0.0024876838027647,Tôi
513.0771866950495,3990.442692952264,6432.27594151658,0.9270396882137,1843.543458116285,73.82240498633976,-55.64742811352445,59.26183028099538,-0.0054981893927617,Tôi
384.8378144423694,3260.104818157464,6210.352237647022,-0.0045270743094148,1843.599898688869,72.6500023349687,-57.808466550813776,52.118227856275695,0.0133830058166513,Tôi
304.2711234089812,2987.68198546723,6572.681062286159,-0.0096000164354277,1858.5374985056644,75.51987377910554,-61.519998650278616,38.02656709675308,-0.0306421202906907,Tôi
206.8996084062988,3039.1534658236906,6286.18509068148,1.866107058525056,1872.5750551235767,82.69418006415951,-64.57335153702833,20.15277573230321,-0.022093610198493,Tôi
17.784320453016385,3012.013715514395,5961.263919027791,0.9451883310763186,1858.542707791336,85.61529735503132,-65.10778837496512,14.889310222122557,0.0188451544110816,Tôi
28.069500605486738,3213.308378850546,5328.391396226075,0.0140987809204676,1842.572586179112,85.22766124559693,-64.64694549948385,13.471209036475718,0.002757214883237,Tôi
36.52969043597754,2874.3861887972425,5427.636351953698,0.9235672385029084,1842.59954670168,84.80481810280037,-64.70357517287695,12.05204270607629,-0.0153992257899858,Tôi
76.76189735933188,3205.8465730253783,5842.402253462371,0.922551627687724,1842.6044163756349,84.75984292167185,-65.83730206274517,11.860085378065742,-0.0394092144908421,Tôi
42.16450731161581,3092.5243916600484,5565.279977422275,1.8555182002451496,1843.5048277621315,84.72659517009441,-66.5458041808635,11.30576976096454,0.0149347311679694,Tôi
53.371621771786224,3046.64063166849,5313.378708217648,2.797988063047397,1842.635187808577,85.49419749244491,-66.28995744935555,10.23225727703311,0.0369851957398312,Tôi
31.8254253053626,3007.343853038132,5622.336358568953,1.8933817223563607,1858.534440253112,86.19350398874046,-65.51798713804715,8.896205372330044,-0.0193018560599533,Tôi
12.171118829165271,3041.034704267612,5573.662006122911,0.9222939657426312,1857.5871673188344,85.63478023633178,-65.29969464617487,5.665259031474939,-0.0198898666284257,Tôi
57.10305883381948,3143.082401277424,5568.053267493399,1.8892367655723823,1842.6236019467235,84.32463205923692,-65.31750035040912,4.25522269570267,0.0221038423951685,Tôi
67.40763123237335,3305.9991653953125,5433.218861911137,-0.0297901742356351,1842.5852726107075,82.65504511965622,-65.01900435148413,3.391711822887986,0.0023533398685079,Tôi
940.01501309656,3898.040132128325,6204.036914333921,1.986134695604037,2047.9857341852555,86.20087579540733,-30.00239652000059,73.77474725185564,-6.446601677437963e-05,Tôi
943.033046053897,3559.9999058433427,5690.0017453118135,3.0214957784421834,2032.016368610092,82.45271587889144,-36.69918505292036,70.49596127594815,0.0039580225312392,Tôi
697.030679480574,3830.02388651266,6056.015857048993,2.9790263136665,2032.000812338412,77.79712585395825,-42.62168470064038,76.27854616313302,0.0029060289744943,Tôi
416.00922996230446,3876.9965846459454,5135.983761474522,0.9832981545051446,2015.993143553265,78.45380879584663,-48.79686229533403,72.34609265509485,-2.25572635754864e-05,Tôi
357.00857553174853,3836.9666305854025,6037.021254985967,0.9687795496934396,2000.0396139385,80.12714128475994,-52.22440709285295,75.74499605445165,0.0615483609521799,Tôi
372.9951042192093,3900.0017380733534,6081.993496788293,2.010841773971708,1999.999704495213,80.40103619512324,-53.21241558432432,73.82622114014032,-0.0017150333898479,Tôi
463.026765043402,4228.017321389676,6260.009618863803,1.0116564415905185,1983.997138677208,80.09489298004723,-54.099388962942754,71.57594234700058,-0.0049280767762121,Tôi
455.9934961698101,4193.984253855216,6614.977280647668,0.9958688919582954,1984.001756446956,79.38542455680613,-54.87383339465722,68.9654747513821,0.006016057473843,Tôi
712.0012245294906,4206.986559558309,4992.963322131881,1.02087713814072,1968.999013710793,79.05624777286393,-55.95287973518796,67.65761965175987,0.0173114252546633,Tôi
552.976057893731,4450.031689513774,6201.950850495767,0.9819833926959656,1983.9900855943213,80.25873321350404,-56.51165514296268,68.14688599496289,0.0038588716281388,Tôi
505.0049645497478,4162.003135932239,6966.003983032399,1.9997576174490912,1968.0310048185336,80.28756737840854,-57.50942369731608,66.89777150716999,0.0352173451449331,Tôi
548.0009070516593,4262.000394899423,6870.006785753083,0.9628762907284996,1969.0055247949592,78.7621452787332,-59.46084847554142,63.24842703405656,-0.0201122240386789,Tôi
411.01430808033086,3481.972261335133,6632.999589860936,-0.0233590429317013,1969.0284819660897,77.6346502311656,-61.74064585838393,55.6898085672422,-0.0228438225300915,Tôi
324.99355084712005,3191.024084782404,7019.9919529049375,-0.0041989289978793,1984.9975259154703,80.62724686485588,-65.76100422001313,40.600793809738015,-0.0014099730079499,Tôi
220.99343813820573,3246.0115492626146,6713.992480716735,1.9940214736875408,2000.0200160576355,88.29839030876248,-68.96360217737649,21.482225925858792,0.0101825411778597,Tôi
18.99070691557119,3216.996007092277,6366.995609809902,1.038070232537438,1984.9752612375792,91.40366700242822,-69.55672732905121,15.935572792865402,-0.0167266088021818,Tôi
30.0215296614562,3431.986251014002,5691.001699698443,0.0194844637873792,1968.016047401888,90.96040479625884,-69.06625655296345,14.349172717029276,0.0116891582885982,Tôi
39.03044272529127,3070.0100182005885,5797.000734688711,0.9940955006146244,1968.0371388406,90.5507015173713,-69.10254396105407,12.872715968971454,0.0226793992460776,Tôi
82.02105970791555,3424.0204034034227,6239.958035408621,0.9813570283714416,1968.0054055229505,90.49103654563864,-70.30045515190112,12.662127474612234,-0.0313608971540978,Tôi
45.03876082989352,3302.985640177106,5943.983328440922,2.0266350066611896,1968.9717163973523,90.50625000201758,-71.06392397418831,12.049808602177457,0.0184360853103689,Tôi
56.95826181138506,3253.969188913992,5675.002353792432,3.025713952666667,1968.00883510036,91.31332642000206,-70.80860197323213,10.930020070832123,0.0644716306488961,Tôi
34.010408960001314,3212.017596493585,6004.957753502611,1.9894029901753187,1985.014787961684,92.03791283698811,-69.9956289084467,9.474446062692198,0.0079526079766272,Tôi
12.99904279162539,3247.9694845541053,5952.979489635336,1.0375651112527364,1984.0074748502736,91.4401376842995,-69.75658221971011,6.067291610956385,0.0007561293719278,Tôi
61.00630670868603,3357.021285670791,5946.996383437286,1.991821327152396,1968.001343031616,90.01534479383915,-69.73316283248387,4.5706033208381305,0.0105593854958024,Tôi
71.99769591111759,3531.025641529831,5802.9803924162925,0.0001089999780477,1967.978962922393,88.20468542130028,-69.44459430621106,3.6203583592089807,0.0473196024394861,Tôi
21.0,3477.0,6516.0,1.0,1968.0,86.69,-68.87,2.87,0.005,Tôi
42.0,3317.0,6649.0,2.0,1936.0,83.25,-67.69,-2.81,0.004,Tôi
51.0,3427.0,6493.0,0.0,1953.0,78.31,-65.25,-0.94,0.004,Tôi
68.0,3624.0,6374.0,2.0,1969.0,75.19,-63.06,19.31,0.002,Tôi
32.0,3923.0,6752.0,1.0,1952.0,77.87,-60.38,26.75,0.006,Tôi
89.0,3694.0,6998.0,1.0,1952.0,74.37,-61.0,34.69,0.002,Tôi
151.0,3825.0,7002.0,2.0,1984.0,62.81,-54.44,74.94,0.024,Tôi
25.0,3588.0,6925.0,0.0,1953.0,75.87,-35.13,91.81,0.006,Tôi
95.0,3573.0,6830.0,1.0,1968.0,99.12,-14.0,99.81,0.006,Tôi
113.0,3287.0,7059.0,1.0,1953.0,116.81,-1.31,101.06,0.006,Tôi
156.0,3007.0,6602.0,2.0,1953.0,151.62,18.06,116.94,0.006,Tôi
165.0,2913.0,5825.0,1.0,1921.0,202.12,42.63,100.87,0.005,Tôi
34.0,2768.0,4836.0,95.0,1936.0,229.5,49.81,66.31,0.003,Tôi
12.0,2953.0,4940.0,148.0,1920.0,243.69,42.25,47.63,0.003,Tôi
7.0,2900.0,4948.0,116.0,1984.0,249.62,35.31,41.19,0.003,Tôi
-1.0,3018.0,3504.0,623.0,1904.0,250.31,24.19,36.81,0.014,Tôi
3.0,3249.0,4225.0,2.0,1936.0,251.25,28.31,35.38,0.003,Tôi
6.0,3475.0,4283.0,1.0,1936.0,250.12,35.5,38.94,0.004,Tôi
3.0,3198.0,3737.0,2.0,1969.0,254.37,32.69,37.31,0.002,Tôi
1.0,3677.0,4487.0,2.0,1936.0,257.75,35.0,43.44,0.005,Tôi
2.0,3633.0,4624.0,2.0,1969.0,254.0,38.13,44.25,0.005,Tôi
2.0,3680.0,4319.0,1.0,1985.0,256.19,37.5,43.63,0.004,Tôi
2.0,3731.0,4634.0,3.0,1969.0,250.69,41.63,48.63,0.006,Tôi
6.0,3648.0,4841.0,1.0,2016.0,250.87,39.69,44.19,0.007,Tôi
1.0,3431.0,4705.0,1.0,2000.0,252.31,37.56,42.63,0.009,Tôi
6.386281144884755,3865.398916413007,5129.491908837647,1.0152001517506402,2136.151658154737,265.8086853235694,42.08034699845305,46.769705276579,-0.0098143148427039,Tôi
1.054769442574006,3635.440380862428,4985.355330390349,1.0784116973665727,2119.1895237545123,267.35233467561665,39.80229029558512,45.162379034111126,-0.0101565429227648,Tôi
22.269760694415023,3684.1591014893006,6904.295924211878,1.0764511259727612,2085.2635755134584,91.85251665630364,-72.98665871031059,3.019657768855206,-0.011317768804359,Tôi
44.51700414128023,3514.672607752591,7045.214590074344,2.1063354015727134,2051.359540782752,88.22891593181865,-71.72728497646726,-2.970523448918803,-0.0094910216137023,Tôi
54.04917237104212,3631.1947389930265,6879.90361965102,-0.0203612083165218,2069.397597754916,82.98187985807131,-69.11866259562508,-0.9786595777606758,0.0374037704800483,Tôi
72.03872146547452,3839.956469155819,6753.807454903886,2.131493863065069,2086.3164294533385,79.70894605833426,-66.83226422759694,20.4589614573508,-0.0064342044719499,Tôi
33.92666488538202,4156.804619148996,7154.356627025314,1.0733841060697644,2068.2990108539875,82.51355704002347,-64.007087430762,28.344800005939707,-0.0151685105399413,Tôi
94.29501046231934,3914.119331896317,7415.031612641164,1.0624361929469064,2068.3403816986497,78.80113339049274,-64.62807041000588,36.75443621317666,0.0077688250449988,Tôi
160.00302453516665,4052.939638201434,7419.213764207297,2.1028469354201533,2102.189969536415,66.55881289240169,-57.66411866115316,79.42546827654431,0.0340937030833812,Tôi
26.50717171589452,3801.81417208384,7337.683192871193,-0.0283706361814677,2069.384495998591,80.38668325002854,-37.21458977596748,97.29050052000107,0.0380566793636855,Tôi
100.65834560136332,3785.935413355428,7237.010887646659,1.0622807283017948,2085.282666197588,105.02599990048952,-14.801033535850022,105.74816502344731,-0.0013051240023745,Tôi
119.73481640402832,3482.8881376019235,7479.660106387285,1.0420995275302658,2069.3584986230926,123.7773723585935,-1.3764872904478076,107.0849115611964,0.0010758284445294,Tôi
165.31095919525225,3186.185684417172,6995.387053518091,2.08143047693173,2069.3867160174923,160.63799724479688,19.16383426924076,123.91676620342878,0.0229871977227845,Tôi
174.83171881599736,3086.593545455636,6172.144201606947,1.030424569932798,2035.4774903054288,214.1761946944622,45.1758321591573,106.88719042436618,-0.0091432303274124,Tôi
36.03361564813733,2932.9640262811604,5124.156488515488,100.63983168883628,2051.3455848041867,243.166122160704,52.78886826758131,70.24440474425765,-0.0236042849605218,Tôi
12.71738253432384,3128.9645037225628,5234.377152069581,156.84164880148748,2034.397239208432,258.1853620649167,44.769426800904,50.476065998634255,0.0365984665554845,Tôi
7.450930332435295,3072.8512596640257,5242.853909702716,122.87655001614452,2102.244270165792,264.4769910960447,37.387561115275744,43.62901739362023,0.001769177081467,Tôi
-1.0506195245521217,3197.8324456209016,3712.803351803251,660.1236976301789,2017.429047002124,265.2276122483485,25.64512893298734,39.00053339524893,0.0017967645407417,Tôi
3.1507119984764502,3442.634757752126,4476.813734902842,2.1454491974357537,2051.4028903638814,266.23240363149915,29.96598703594642,37.490579577349685,0.0381822936032482,Tôi
6.354070230147678,3682.074672460983,4538.23706655803,1.05038835904005,2051.3644766575567,265.01177507486415,37.5957810961292,41.28389426242453,0.0305343689383013,Tôi
3.2076802159894555,3388.569485953733,3959.692009903175,2.089075984799045,2086.333913822328,269.5264326946846,34.624734624868914,39.484172160211095,0.0387396984642256,Tôi
1.077972151083051,3896.11219297713,4754.385636181915,2.1207343750674084,2051.396962313682,273.106039075518,37.07815425832181,46.01423546287396,0.0374523997983854,Tôi
2.150878719031091,3849.495506596284,4899.5259929928425,2.120163179844181,2086.336164822544,269.147353723483,40.43985000657967,46.93159468909738,0.048026666350732,Tôi
2.1541837234347945,3899.296676850766,4576.383298576199,1.0587987565029575,2103.2731391364373,271.4321399962388,39.719663429417245,46.20970355978388,-0.0088549013444237,Tôi
2.115715873893875,3953.338595464896,4910.195046538228,3.171793629406864,2086.285637872984,265.60420161260646,44.11873133643409,51.546098037066365,0.0518003398204381,Tôi
20.990022858965407,0.0,6515.998538019587,1.0197782824112187,1967.9972741136576,86.68968762835414,-68.86542686642314,2.8755742437868888,-0.0104946036336032,Tôi
42.01874101746393,3316.984752498952,6648.998419742168,2.021437337240673,1935.9838945442807,83.24991384916277,-67.70565651055254,-2.812501313027936,-0.0324872433822879,Tôi
50.9871660442916,3426.9612915851776,6493.002116487881,0.0001518571126074,1952.9902571246607,78.32027929173859,-0.0,-0.9466736233672752,-0.0451171460735008,Tôi
67.97677127504622,3624.024558807559,6374.030227219139,2.0050701882915654,1968.9865119743265,75.20932925089798,-63.0552888595551,19.294027049731653,0.019393560076195,Tôi
31.996473287204346,3922.9986911148494,6751.997077135663,0.0,1951.9710274815795,77.8551570668798,-60.3887879105626,26.7306098563334,0.0350317028224326,Tôi
0.0,3694.006055501015,6998.002214346462,1.0254187857359045,1951.980622360355,74.37021698663867,-61.02655775064644,34.72904665106908,-0.0087809178599781,Tôi
150.9698424977314,3825.000718666014,7001.984678393625,2.0235905349637866,1984.030474118616,62.804666395412674,-0.0,74.92791090790892,0.013048672583925,Tôi
0.0,0.0,6924.991020540259,-0.0022884774243039,1953.0109588823027,75.82523482427575,-35.15643546410287,91.80903540626724,-0.0180487499679123,Tôi
95.0047297912923,3572.9788680552547,6829.99624406972,0.988296303718494,0.0,0.0,-14.005985523425514,99.82430144250306,0.0561344286557301,Tôi
112.97534791022986,3287.0103559643458,0.0,1.0003070933662757,1952.9908254140264,116.82706974942543,-1.2775899539182274,101.08646037844258,0.0241545366758689,Tôi
156.03961617134547,0.0,6602.012969374228,2.013841257465568,1952.990584117829,151.62973862811918,18.08031207142064,0.0,0.0170360333775087,Tôi
164.9813278062283,2912.993001748291,5824.994471024669,0.9868136691879004,1921.0220024255748,202.118698984954,42.673032874769135,0.0,0.0173215989336636,Tôi
34.01647578988626,2767.966419818842,4835.987843334829,0.0,1935.9684185484475,229.4866019217825,49.805304817799374,66.33039631438523,0.0176462799867435,Tôi
11.992605164240178,2953.018347328108,4939.995039900902,148.01730523858282,1919.9790892217889,243.669357555988,42.25931203356913,47.59520376892692,-0.0012427723872451,Tôi
7.018777738131898,2900.030501044646,4947.993862658462,116.00007102028522,1983.996098966334,249.6444622105351,35.30649638201455,41.1880583441851,-0.0004634322840364,Tôi
-1.0414336149169847,3018.0036195347816,3503.9660427448143,622.9731684690923,1904.043392743432,250.31445648564667,24.163145996260617,36.7811361634855,0.0,Tôi
2.9983967293929945,3248.9631427168424,0.0,2.003775685950832,0.0,251.25731108154343,28.30924805356672,0.0,0.0096727388609789,Tôi
5.980161136510175,3474.9930047302137,4282.995290176864,0.9906295710883982,1935.998378736388,250.1086971585344,35.5054792478537,0.0,0.035529595447008,Tôi
3.0114974801298686,3198.0006871834203,0.0,1.9963951075209725,0.0,254.3496894039168,32.71352933567934,37.30131802942858,0.0081991391500545,Tôi
1.000639633729352,3677.02378940802,4487.015478087629,1.989953025483574,1935.998660823556,257.7585384882816,0.0,43.44347283799809,0.0469847975992864,Tôi
1.9831499152787515,0.0,0.0,0.0,0.0,253.99323837931192,38.12109212814316,44.26315650287711,-0.0053448502391208,Tôi
2.0088874287886656,0.0,4319.000124054345,1.0157993141856694,1985.001515418381,256.2085609611586,37.482820595804455,43.626830410739785,0.0131677140519507,Tôi
2.0013576946252285,3731.0281465602266,4633.978732694631,2.995249981557293,1968.9863011871064,250.68353286362537,41.63332550515381,48.67046726534944,0.0414682517165186,Tôi
6.016339110257078,3648.007058032765,4841.02315081378,0.9970620167495694,2015.989508630395,250.90487508700244,39.68732739227179,0.0,-0.0055487905411412,Tôi
0.9997186720795096,3430.9810581462684,4704.983658467934,1.0184674819568436,1999.9814341461329,252.3283535643953,37.56561518417625,42.65022312862937,0.0243874916843035,Tôi
20.97521839475016,3477.0346375598992,6516.009075251789,0.9756239992651544,1968.012204607191,86.71290422270093,-68.87596032470772,2.8695819021553515,-0.0333435228318521,Tôi
41.9993303628665,3317.011923907262,6648.995343958822,2.0089552003734203,1936.0329168204933,83.2341180781826,-67.67935017095489,-2.7987136402780752,-0.0221284625089712,Tôi
51.00320708832746,3427.0195460330915,6493.010018451985,-0.0153463592491927,1952.9772149607315,78.32709621791268,-65.23657836373802,-0.9448434614079604,0.0417678015345603,Tôi
68.01365731810952,3623.9971943343344,6374.0054016747545,2.01133603747575,1968.9970501042665,75.18258233836136,-63.03966847802119,19.28982379204399,0.0220756688334925,Tôi
32.03127718951772,3922.990386345261,6751.997932854359,0.9919240551627349,1951.9898630455668,77.86994998783823,-60.37895978051033,26.7434334484848,-0.0182232849961351,Tôi
88.97403945833209,3693.975605726716,6998.019148167469,0.9948183835422308,1952.035319130638,74.36543433533592,-60.98545187690042,34.72062717818901,0.0329452707965488,Tôi
151.0181596934992,3825.0057328812345,7002.013598519632,1.9911117573448416,1984.0147293342125,62.81059221758138,-54.44872681649438,74.91150567958606,0.033371403412379,Tôi
25.0169385733656,3588.008866066415,6924.98619799132,0.034228079423813,1953.0238336879188,75.85013296639593,-35.12592486581589,91.78273391502132,0.0277155039148301,Tôi
95.0032307557973,3573.005928989176,6829.981452196216,0.9970819930012416,1967.951786436168,99.13983572581888,-13.998955108185474,99.8140036666833,-0.0119782881157388,Tôi
112.99721020972746,3286.9771362155816,7059.015346352883,0.9510261375506333,1953.020251305401,116.80237065676025,-1.3230682304481731,101.08140767992566,0.003978576469425,Tôi
156.00504589848214,3007.0007779723664,6602.003662721721,2.0151320070961773,1953.0231352101944,151.61738491616535,18.091579387277413,116.95321144902006,-0.0185724453102349,Tôi
164.98948419577928,2913.0200729603066,5824.955819418045,0.993841815881353,1921.0123780584408,202.10248652509367,42.63089776387472,100.86984813542836,0.0245823456802,Tôi
34.057750584536514,2767.9863021145056,4836.0011717142415,94.99557189264534,1935.981232179494,229.50834383058887,49.81673443224648,66.2981741135015,-0.0477467725684149,Tôi
12.019941250881356,2952.965328637005,4940.011496072184,147.98655037674453,1920.0177227049053,243.7175007057704,42.253835912974296,47.62205322296392,0.0104360260169856,Tôi
6.977525155101055,2899.978359490653,4947.99313211914,115.9912951800145,1984.0111155750467,249.62848657494243,35.33359745055206,41.16802955905443,0.0262590805155121,Tôi
-0.9990697081550988,3018.0273661344454,3503.9867637916504,622.9631104519611,1904.0051495358573,250.30622611902623,24.21420734274735,36.82010125780453,0.0111813017556749,Tôi
2.979942019484751,3249.032855913762,4225.011609439172,1.984508379533993,1936.0123780977344,251.2333853407473,28.3294933670887,35.361644662661554,-0.0123453740681418,Tôi
6.018077454089527,3474.990743856356,4282.966820766391,0.9917652770341874,1935.992606934232,250.1032216330364,35.47357073881096,38.95648529595302,0.0051934093327952,Tôi
3.028096365754322,3197.9995066148635,3737.022411830767,1.9923624568203613,1968.9638564391391,254.3677342321789,32.68473729767229,37.30650741063155,-0.034531386570067,Tôi
1.0005827808596366,3677.038009623433,4487.009477837407,1.9876837804598524,1935.9662955671963,257.7803948527823,34.97908184530559,43.44977832413592,-0.0153989589573005,Tôi
1.9835983401895865,3632.963728000383,4624.010734525725,2.0039774279660105,1969.0053071885368,254.0526027818728,38.128360284099344,44.23058918946198,-0.0105478827672536,Tôi
2.0291508358987644,3680.0147472345616,4319.006405556511,1.0091928554988785,1984.9756442447383,256.19466441106846,37.50041034786229,43.65139015287088,0.0178766553586506,Tôi
1.993922905273993,3731.0270384376618,4633.9844732470965,3.0061252492425714,1968.9880816843288,250.68209699539955,41.61255622333781,48.62629364922109,-0.0006286233476993,Tôi
6.0388883109626414,3647.993730662409,4840.994851793653,0.955449518895182,2016.0200764162896,250.89181600784647,39.69058971111792,44.19510644816811,-0.007716105531212,Tôi
0.9896153739552248,3431.006837505224,4704.99163212441,0.9773530669236332,2000.0366925769065,252.31400830496352,37.533582335682375,42.60926034708657,-0.0246776082682039,Tôi
21.036142699227987,3477.0013281040656,6515.978441595893,0.9963044879334424,1967.978261800916,86.70826243269174,-68.90118617341487,2.8848890792029604,0.0376742854445571,Tôi
41.98700567719701,3317.014080083466,6648.9846832317335,1.9859395706372391,1936.015413060508,83.25323718298394,-67.68526029634347,-2.808514399328613,0.0085799164168189,Tôi
51.03447947337345,3427.0173524842503,6493.021562476656,-0.0011015586341528,1953.0065585332884,78.31927957277688,-65.24076074972048,-0.9465913755889726,0.0508230340038824,Tôi
67.98538831334282,3624.004542017348,6373.983779875686,2.0190472070813907,1969.0146537981327,75.19002518903608,-63.05207996308678,19.2947611318307,0.0083443691676097,Tôi
32.032794531219245,3922.990969104736,6752.027075943968,1.019187402935113,1951.9877985544456,77.88045817849861,-60.38942519529312,26.734244740593272,-0.0213707108915628,Tôi
88.99417416425656,3693.971083430112,6997.981303923265,1.0004242898643914,1951.9931973878065,74.35971657318369,-61.01472470884585,34.67435889066076,0.001104767987741,Tôi
151.0487599781757,3824.9743207521456,7001.990510480346,2.0328782600781725,1984.015413440377,62.849972327556486,-54.39568140626694,74.94377001755615,0.0171553952365524,Tôi
25.004459315919743,3588.008732165948,6924.99353533904,0.007967739592863,1953.012427743336,75.89933375577976,-35.1177742195054,91.8180160318663,0.0088157549622493,Tôi
95.03959734557864,3573.0455755050702,6829.995515273326,0.995782645429162,1967.997134764388,99.07154249162764,-14.041846189005454,99.77668547335844,-0.0086690313531343,Tôi
113.018652419637,3287.007138291049,7059.001882591224,0.9971114191679612,1952.998744689433,116.81594781574776,-1.3353182506683063,101.05405048005532,-0.0060635915282512,Tôi
155.99993780021686,3007.022170621298,6602.031287259575,1.9812638201384387,1953.00013027172,151.6163501603875,18.06309100806865,116.94941529179016,0.0269261870375709,Tôi
164.99137322033096,2912.9889773061536,5824.986391457808,0.9840921822844518,1921.026440495183,202.13252693162283,42.611055619504064,100.8609491767231,-0.0100836932297104,Tôi
33.98976251920204,2768.005563690946,4835.997249559785,94.98958639238546,1935.9928377720075,229.51075953431672,49.83788694516966,66.3352872183077,0.0080520013698996,Tôi
12.011478791208363,2952.9929634941955,4939.998936718471,147.97161863127496,1920.0057418610209,243.7013193542335,42.25362053861832,47.59544656273981,0.0317335570806254,Tôi
6.999685426575095,2900.022074662729,4947.980145159705,115.98229606971154,1984.0019768760567,249.63173072494868,35.30763401746133,41.208878254223805,0.0387789230247954,Tôi
-1.0048464426842147,3018.047800216804,3504.020041151748,623.0095973203729,1903.962121781828,250.31761258470945,24.189735957741245,36.79618009942483,0.0509648592090169,Tôi
3.0256373151151155,3248.9846970529607,4225.008786514609,2.008341293158416,1935.9875414352484,251.25284983410893,28.32195982628724,35.382316718659666,0.0039379545643715,Tôi
5.993278667906663,3475.024522663202,4283.001665080431,0.979509414036837,1935.997110873977,250.0962167354253,35.50155611160849,38.94162992233658,0.0435627124772223,Tôi
2.99910319917139,3198.0026541406496,3736.968139549523,1.9868476360538376,1969.01871574362,254.3625249757271,32.65214819704569,37.28590435161984,-0.0225924352954677,Tôi
1.0269973358097366,3677.047656819183,4487.003065862339,2.0009456844360702,1935.996610606348,257.75783577214213,34.990827653558995,43.47348271576325,-0.0013409323041731,Tôi
2.027991100917822,3633.031935839611,4623.974090786248,1.969211826136318,1968.9753070452748,254.01070222673613,38.14081369251591,44.26833171467345,0.0153221298830634,Tôi
1.998567317887684,3679.979295615553,4318.991233292926,1.0113268082807298,1984.9981712957288,256.2011922429273,37.50499061040098,43.65178842361392,0.0278862336019145,Tôi
1.991523255206547,3730.974384591263,4634.013269171174,2.9841830031800023,1968.994675309944,250.68980017657665,41.64918642124003,48.62099652403634,0.0229408327827345,Tôi
5.977251623431657,3648.030301840907,4840.999606037161,1.0063148822585322,2015.9999688605844,250.8664558358525,39.69605748983044,44.15594081030344,0.0136947800281052,Tôi
0.996382754895882,3430.9952093211846,4704.988058667827,1.0198359747770092,2000.0165094121232,252.3310355977115,37.584698612948905,42.63986880500256,-0.0093502123238115,Tôi
0.0,3072.0,4206.0,0.0,2001.0,249.5,35.25,42.19,0.0,Tôi
2.0,3022.0,4340.0,1.0,1985.0,254.5,32.19,42.0,0.005,Tôi
2.0,2738.0,4894.0,1.0,1969.0,247.87,34.25,42.13,0.003,Tôi
1.0,3114.0,5222.0,223.0,1952.0,225.81,33.13,44.69,0.001,Tôi
2.0,2976.0,5397.0,2.0,1969.0,197.75,32.94,52.75,0.001,Tôi
122.0,3068.0,5700.0,1.0,2001.0,166.87,22.81,34.25,0.006,Tôi
150.0,3165.0,6672.0,360.0,2000.0,148.44,17.0,19.87,0.001,Tôi
2.0,3392.0,6642.0,663.0,1969.0,134.44,8.81,19.5,0.002,Tôi
1.0,3160.0,7025.0,490.0,1936.0,121.69,-4.06,17.37,0.001,Tôi
1.0,2751.0,5806.0,513.0,1936.0,108.56,-20.31,17.94,0.002,Tôi
0.0,3512.0,6398.0,628.0,1936.0,96.5,-37.13,23.62,0.001,Tôi
1.0,3522.0,5510.0,607.0,1937.0,84.87,-51.81,25.62,0.001,Tôi
2.0,3302.0,6186.0,414.0,1937.0,73.81,-73.37,6.37,0.0,Tôi
2992.0,3309.0,5703.0,424.0,1936.0,79.31,-78.0,-39.75,0.002,Tôi
28.0,3494.0,6344.0,302.0,1936.0,83.12,-77.87,-36.69,0.003,Tôi
3.0,3772.0,6552.0,106.0,1952.0,79.19,-77.81,-27.5,0.003,Tôi
60.0,3331.0,5684.0,126.0,1905.0,78.06,-77.69,-22.56,0.005,Tôi
86.0,3477.0,6098.0,38.0,1936.0,78.06,-77.62,-23.69,0.005,Tôi
161.0,3691.0,6579.0,1.0,1936.0,77.56,-77.81,-25.25,0.004,Tôi
146.0,3938.0,6269.0,2.0,1936.0,78.31,-77.87,-25.94,0.004,Tôi
20.0,3845.0,6127.0,1.0,1952.0,79.25,-77.5,-25.12,0.004,Tôi
88.0,3775.0,6482.0,1.0,1953.0,79.19,-77.62,-24.87,0.004,Tôi
24.0,3779.0,6380.0,2.0,1936.0,80.19,-78.06,-25.12,0.003,Tôi
22.0,3490.0,6459.0,1.0,1936.0,80.56,-78.0,-24.5,0.004,Tôi
93.0,3558.0,6502.0,1.0,1952.0,79.62,-77.69,-22.56,0.004,Tôi
0.0,0.0,4206.0,0.0,2001.0,249.5,35.25,0.0,0.0,Tôi
2.0,3022.0,4340.0,1.0,1985.0,254.5,0.0,42.0,0.005,Tôi
0.0,2738.0,4894.0,1.0,1969.0,247.87,34.25,42.13,0.003,Tôi
1.0,3114.0,5222.0,223.0,1952.0,225.81,0.0,0.0,0.001,Tôi
2.0,2976.0,5397.0,2.0,1969.0,197.75,32.94,52.75,0.001,Tôi
122.0,3068.0,5700.0,1.0,2001.0,0.0,22.81,34.25,0.006,Tôi
150.0,0.0,6672.0,360.0,2000.0,148.44,17.0,19.87,0.001,Tôi
2.0,3392.0,6642.0,663.0,1969.0,134.44,0.0,19.5,0.002,Tôi
1.0,3160.0,7025.0,490.0,1936.0,121.69,-4.06,17.37,0.001,Tôi
1.0,2751.0,5806.0,513.0,1936.0,0.0,-20.31,17.94,0.002,Tôi
0.0,3512.0,0.0,628.0,1936.0,0.0,-37.13,23.62,0.001,Tôi
1.0,3522.0,5510.0,607.0,1937.0,84.87,-51.81,25.62,0.0,Tôi
2.0,3302.0,6186.0,0.0,1937.0,73.81,-73.37,6.37,0.0,Tôi
2992.0,3309.0,5703.0,424.0,0.0,79.31,-78.0,-39.75,0.002,Tôi
28.0,3494.0,6344.0,302.0,1936.0,83.12,-77.87,-36.69,0.003,Tôi
3.0,3772.0,6552.0,106.0,1952.0,0.0,-0.0,-27.5,0.003,Tôi
60.0,3331.0,5684.0,126.0,1905.0,78.06,-77.69,-22.56,0.005,Tôi
86.0,3477.0,6098.0,38.0,1936.0,78.06,-77.62,-23.69,0.005,Tôi
161.0,3691.0,0.0,0.0,1936.0,77.56,-77.81,-25.25,0.004,Tôi
146.0,3938.0,6269.0,2.0,1936.0,78.31,-77.87,-25.94,0.004,Tôi
20.0,3845.0,6127.0,0.0,1952.0,79.25,-77.5,-25.12,0.004,Tôi
0.0,3775.0,6482.0,1.0,1953.0,79.19,-77.62,-24.87,0.004,Tôi
24.0,3779.0,0.0,0.0,1936.0,80.19,-78.06,-25.12,0.003,Tôi
22.0,3490.0,6459.0,1.0,0.0,80.56,-78.0,-0.0,0.004,Tôi
93.0,3558.0,6502.0,1.0,1952.0,79.62,-77.69,-22.56,0.004,Tôi
93.0,3558.0,6502.0,1.0,1952.0,79.62,-77.69,-22.56,0.004,Tôi
0.0,3072.0,4206.0,0.0,2001.0,249.5,35.25,42.19,0.0,Tôi
2.0,3022.0,4340.0,1.0,1985.0,254.5,32.19,42.0,0.005,Tôi
2.0,2738.0,4894.0,1.0,1969.0,247.87,34.25,42.13,0.003,Tôi
1.0,3114.0,5222.0,223.0,1952.0,225.81,33.13,44.69,0.001,Tôi
2.0,2976.0,5397.0,2.0,1969.0,197.75,32.94,52.75,0.001,Tôi
122.0,3068.0,5700.0,1.0,2001.0,166.87,22.81,34.25,0.006,Tôi
150.0,3165.0,6672.0,360.0,2000.0,148.44,17.0,19.87,0.001,Tôi
2.0,3392.0,6642.0,663.0,1969.0,134.44,8.81,19.5,0.002,Tôi
1.0,3160.0,7025.0,490.0,1936.0,121.69,-4.06,17.37,0.001,Tôi
1.0,2751.0,5806.0,513.0,1936.0,108.56,-20.31,17.94,0.002,Tôi
0.0,3512.0,6398.0,628.0,1936.0,96.5,-37.13,23.62,0.001,Tôi
1.0,3522.0,5510.0,607.0,1937.0,84.87,-51.81,25.62,0.001,Tôi
2.0,3302.0,6186.0,414.0,1937.0,73.81,-73.37,6.37,0.0,Tôi
2992.0,3309.0,5703.0,424.0,1936.0,79.31,-78.0,-39.75,0.002,Tôi
28.0,3494.0,6344.0,302.0,1936.0,83.12,-77.87,-36.69,0.003,Tôi
3.0,3772.0,6552.0,106.0,1952.0,79.19,-77.81,-27.5,0.003,Tôi
60.0,3331.0,5684.0,126.0,1905.0,78.06,-77.69,-22.56,0.005,Tôi
86.0,3477.0,6098.0,38.0,1936.0,78.06,-77.62,-23.69,0.005,Tôi
161.0,3691.0,6579.0,1.0,1936.0,77.56,-77.81,-25.25,0.004,Tôi
146.0,3938.0,6269.0,2.0,1936.0,78.31,-77.87,-25.94,0.004,Tôi
20.0,3845.0,6127.0,1.0,1952.0,79.25,-77.5,-25.12,0.004,Tôi
88.0,3775.0,6482.0,1.0,1953.0,79.19,-77.62,-24.87,0.004,Tôi
24.0,3779.0,6380.0,2.0,1936.0,80.19,-78.06,-25.12,0.003,Tôi
22.0,3490.0,6459.0,1.0,1936.0,80.56,-78.0,-24.5,0.004,Tôi
93.0,3558.0,6502.0,1.0,1952.0,79.62,-77.69,-22.56,0.004,Tôi
0.0,3072.0,4206.0,0.0,2001.0,249.5,35.25,42.19,0.0,Tôi
2.0,3022.0,4340.0,1.0,1985.0,254.5,32.19,42.0,0.005,Tôi
2.0,2738.0,4894.0,1.0,1969.0,247.87,34.25,42.13,0.003,Tôi
1.0,3114.0,5222.0,223.0,1952.0,225.81,33.13,44.69,0.001,Tôi
2.0,2976.0,5397.0,2.0,1969.0,197.75,32.94,52.75,0.001,Tôi
122.0,3068.0,5700.0,1.0,2001.0,166.87,22.81,34.25,0.006,Tôi
150.0,3165.0,6672.0,360.0,2000.0,148.44,17.0,19.87,0.001,Tôi
2.0,3392.0,6642.0,663.0,1969.0,134.44,8.81,19.5,0.002,Tôi
1.0,3160.0,7025.0,490.0,1936.0,121.69,-4.06,17.37,0.001,Tôi
1.0,2751.0,5806.0,513.0,1936.0,108.56,-20.31,17.94,0.002,Tôi
0.0,3512.0,6398.0,628.0,1936.0,96.5,-37.13,23.62,0.001,Tôi
1.0,3522.0,5510.0,607.0,1937.0,84.87,-51.81,25.62,0.001,Tôi
2.0,3302.0,6186.0,414.0,1937.0,73.81,-73.37,6.37,0.0,Tôi
2992.0,3309.0,5703.0,424.0,1936.0,79.31,-78.0,-39.75,0.002,Tôi
28.0,3494.0,6344.0,302.0,1936.0,83.12,-77.87,-36.69,0.003,Tôi
3.0,3772.0,6552.0,106.0,1952.0,79.19,-77.81,-27.5,0.003,Tôi
60.0,3331.0,5684.0,126.0,1905.0,78.06,-77.69,-22.56,0.005,Tôi
86.0,3477.0,6098.0,38.0,1936.0,78.06,-77.62,-23.69,0.005,Tôi
161.0,3691.0,6579.0,1.0,1936.0,77.56,-77.81,-25.25,0.004,Tôi
146.0,3938.0,6269.0,2.0,1936.0,78.31,-77.87,-25.94,0.004,Tôi
20.0,3845.0,6127.0,1.0,1952.0,79.25,-77.5,-25.12,0.004,Tôi
88.0,3775.0,6482.0,1.0,1953.0,79.19,-77.62,-24.87,0.004,Tôi
24.0,3779.0,6380.0,2.0,1936.0,80.19,-78.06,-25.12,0.003,Tôi
22.0,3490.0,6459.0,1.0,1936.0,80.56,-78.0,-24.5,0.004,Tôi
-0.0012905292989888,3072.01419505265,4205.986490867574,0.0156954407564313,2000.997779369416,249.4948234039072,35.239117061187216,42.19701974627598,-0.007881279545759,Tôi
2.0391530051279867,3021.9859145897185,4340.0059392056455,1.0039414060353158,1984.9828760119472,254.48073458158532,32.20569383317067,42.01419953784659,0.0116717219167117,Tôi
2.011251540493445,2737.980192924745,4894.011682256408,1.001767051224674,1968.9942415775247,247.8704250084778,34.250093818611695,42.094431822545005,0.0024636427103735,Tôi
0.996596342951316,3113.997214977344,5222.015116375064,222.9850900055832,1952.0029196612843,225.8469699892453,33.13213057742273,44.6741950353092,-0.0107739277683171,Tôi
2.0057875276527217,2975.9907149129385,5397.0010561415,1.9974924602363708,1969.024136819508,197.755443415926,32.951943161328785,52.79854791564095,0.0053937938727632,Tôi
122.00642021589113,3067.972019933678,5700.031019494895,1.0122990179140117,2001.000266786287,166.83022235259835,22.84080329167076,34.22767445311762,0.0216187114658192,Tôi
149.9803182584124,3165.034666491886,6671.973189125225,359.99521627574484,2000.01362496634,148.44026400682327,16.99471650942295,19.856713002078404,0.016172659645555,Tôi
2.004601153179567,3392.0126597595786,6641.980760537168,662.9974152717499,1969.0162224185144,134.41432397139565,8.816078711431535,19.483238633266502,-0.0055941216816576,Tôi
1.035076896978418,3160.002203604598,7025.026600353566,490.0196059944237,1935.994584850145,121.67280702086131,-4.043051869693174,17.351520232876307,0.0213866030768541,Tôi
1.0180809746649655,2751.00081522908,5806.045802902208,513.0048602826021,1935.9586234158007,108.56930830070137,-20.30848223858651,17.903463848805494,-0.0204480526934269,Tôi
-0.0139776678903272,3511.966616287839,6398.018532290259,628.0074684995336,1936.0108127393696,96.4579147069926,-37.11185595970412,23.63240756873005,0.0138853926073005,Tôi
1.0331125034444235,3522.015216157476,5510.007543550204,606.996176542444,1936.9908039905413,84.86330843361681,-51.82603907520038,25.60235223230663,-0.0132770016121237,Tôi
2.008744670027496,3301.994422154225,6185.9973768592645,413.9269259539064,1937.005161709924,73.79550301674323,-73.32631825153632,6.385547625808727,0.0268569932275595,Tôi
2992.0195779039486,3308.977489656392,5702.976127456965,423.9921175500678,1936.0044671935289,79.32503671469694,-78.00734689350928,-39.73211623606375,-0.0144893634793641,Tôi
28.04057159682735,3493.952167535388,6344.001991130929,301.9761386091739,1935.9708138238025,83.12086996858345,-77.90365659427195,-36.713540568007886,-0.0141724521826795,Tôi
3.0112882475105804,3772.014140696404,6552.006825278575,106.0031552968658,1951.9800882682853,79.19718117763173,-77.81518976140372,-27.507755540568308,0.0124083926064372,Tôi
59.99136335152437,3331.016859930376,5684.00751678842,125.99042489820184,1905.0115766548213,78.07836229168743,-77.65904871133141,-22.512272365992025,-0.0013811980035637,Tôi
86.04205109618461,3476.982632612558,6098.018404994721,37.97625662099082,1936.0311687782385,78.0331876812102,-77.61153475363572,-23.67044584197388,0.0210481046678899,Tôi
160.9935780239823,3691.021059474164,6579.007174068897,1.03522348057249,1935.9908449973768,77.5479489391969,-77.81829391711011,-25.2394933673078,-0.018600600659831,Tôi
145.95384691578246,3938.020677381946,6269.016431044833,1.9990591295420608,1935.972852311284,78.34852353947807,-77.8642618819568,-25.93193581138769,0.00458725931426,Tôi
19.99836839079785,3844.9846856163167,6126.953514042849,0.9930380441736244,1952.009926040465,79.26576509328987,-77.51159726746282,-25.12906043390152,-0.0162648614335974,Tôi
87.99746905403327,3774.970413639496,6481.982986949118,1.006406564727212,1953.0140989479096,79.20267805566468,-77.63109322503622,-24.893224331534352,-0.0088913852244981,Tôi
24.009947478244683,3778.994117671064,6379.986854751034,2.025594928831336,1936.0130195580264,80.21754921872815,-78.0678089228749,-25.086363214426264,-0.0164395237228392,Tôi
22.00476302941871,3490.0023623205507,6459.007200318308,0.968846542819353,1936.0407634604207,80.55422561374087,-78.00657813344964,-24.478264892260484,0.0111359889257228,Tôi
92.99930004908632,3558.0094845181607,6501.981490311743,1.008073038049187,1951.990493590601,79.66926200156527,-77.69270379738157,-22.55539298584371,0.0169494223260288,Tôi
40.0,3752.0,6724.0,0.0,1968.0,78.87,-77.62,-20.44,0.002,Tôi
73.0,3759.0,6984.0,1.0,1953.0,77.56,-77.56,-23.25,0.002,Tôi
60.0,3933.0,7003.0,2.0,1952.0,78.37,-77.56,-25.44,0.002,Tôi
141.0,3605.0,6823.0,1.0,1952.0,77.12,-76.94,-22.0,0.006,Tôi
15.0,3915.0,6928.0,2.0,1953.0,73.62,-76.0,-15.44,0.005,Tôi
36.0,4146.0,6769.0,1.0,1953.0,73.37,-76.06,-14.75,0.003,Tôi
9.0,4045.0,6062.0,1.0,1920.0,75.37,-77.0,-14.88,0.003,Tôi
1.0,4228.0,5995.0,1.0,1920.0,74.06,-73.19,12.38,0.004,Tôi
1.0,4271.0,6278.0,0.0,1921.0,70.19,-68.12,26.69,0.003,Tôi
1.0,4243.0,6309.0,0.0,1921.0,69.81,-63.81,30.37,0.003,Tôi
1.0,4031.0,5451.0,1.0,1920.0,68.81,-62.63,32.56,0.003,Tôi
1.0,4071.0,6035.0,2.0,1921.0,67.12,-66.25,30.62,0.003,Tôi
0.0,3937.0,6078.0,-1.0,1937.0,68.37,-70.19,28.31,0.004,Tôi
1.0,3774.0,6543.0,0.0,1937.0,70.31,-69.25,28.06,0.002,Tôi
1.0,3694.0,6363.0,2.0,1937.0,70.06,-66.5,27.75,0.001,Tôi
1.0,3776.0,6187.0,2.0,1936.0,68.81,-65.69,27.37,0.001,Tôi
0.0,3449.0,6319.0,0.0,1920.0,69.56,-66.37,24.31,0.001,Tôi
1.0,3680.0,6286.0,1.0,1921.0,70.19,-66.5,25.12,0.001,Tôi
2.0,3439.0,6479.0,1.0,1936.0,69.75,-67.31,25.56,0.001,Tôi
2.0,3710.0,6602.0,0.0,1921.0,71.75,-68.44,26.06,0.001,Tôi
3.0,3656.0,6523.0,2.0,1937.0,73.81,-67.75,26.69,0.002,Tôi
2.0,3562.0,6223.0,2.0,1920.0,74.5,-65.75,27.44,0.002,Tôi
0.0,3605.0,6334.0,1.0,1920.0,72.81,-65.19,24.12,0.002,Tôi
2.0,3782.0,6041.0,1.0,1920.0,69.87,-65.75,23.56,0.012,Tôi
1.0,3371.0,5616.0,1.0,1904.0,67.62,-67.5,21.62,0.005,Tôi
40.03297719925622,3751.988098281861,6723.987494812022,-0.0285109230345501,1967.992322090745,78.8539597299846,-77.58416536323843,-20.43985047797344,-0.0224358993872711,Tôi
72.99055123359933,3758.991732623821,6983.967628348487,1.0186619339873202,1952.978384759139,77.5884999275277,-77.55368625700045,-23.27866876001445,0.0223168268844557,Tôi
59.96608964503045,3932.981788954804,7002.995527995028,2.019774582240701,1951.9829592000349,78.36595434463202,-77.56707437961424,-25.44110145855405,0.0254263594083854,Tôi
140.9873250869869,3604.990214284862,6823.020902993155,1.011792870555437,1952.013106179473,77.164616679478,-76.96052828079397,-21.981822547813344,0.0041433249853335,Tôi
14.95674204415277,3914.9732508568495,6928.027962596216,1.9973777749481247,1953.0039759006547,73.65039915712785,-76.042269779156,-15.462584397583704,0.0208121778135684,Tôi
36.00096307754113,4146.001462901931,6768.98519825376,1.0039722460802458,1953.0039120684128,73.36803289267424,-76.08341439916896,-14.735562038629634,0.0357541859715503,Tôi
9.017765673627911,4045.0120267269353,6061.997786995335,0.9710423673285145,1920.010148882871,75.31764516400723,-77.02240134933096,-14.883568369925886,0.0255086596790715,Tôi
0.9833376948495388,4228.00020410968,5995.000976200163,1.0137476303016708,1920.008959144563,74.04580827848413,-73.19666903079218,12.382442277418768,0.0095943545309175,Tôi
1.044915712034792,4270.99547482342,6277.995695712617,0.0238051349901153,1921.0314547488133,70.1804600903031,-68.142439545714,26.678532576448223,-0.0135139031374275,Tôi
1.0110806393048568,4242.970182404269,6308.998596366245,0.0591234905700464,1920.9933945866887,69.78906744136768,-63.82063034135108,30.35759311895312,0.0349705312441565,Tôi
0.9985534588300083,4031.010878839402,5451.028985073118,1.0052623528110811,1920.0265878219475,68.82702035732537,-62.64260685699314,32.59037633027398,0.0045615060278326,Tôi
1.0333762941944005,4070.98020484493,6034.98060769692,2.013415099783412,1920.9724331458624,67.13703084600031,-66.22118183814955,30.605162619131605,-0.0080370135948729,Tôi
-0.0122737027450343,3936.9951395848784,6078.007989847205,-1.02406445053322,1936.935265719518,68.38668305138347,-70.18776546685802,28.281838886504342,-0.0093974380697192,Tôi
1.00742230416581,3774.00201449824,6542.993764382706,-0.0209289949526149,1936.986984908628,70.33449509843143,-69.27717703200821,28.09653744964505,-0.0357010599395071,Tôi
1.002261774336556,3694.006536229092,6363.005238017026,1.9542748457332848,1937.0100744731144,70.05968921250106,-66.49870830685984,27.80136053655283,0.00942032648818,Tôi
1.0135077532639112,3776.031535345524,6187.040917099769,2.033421212931647,1935.9638808505945,68.80472962900359,-65.70266159018689,27.340808041667675,-0.0213357903106501,Tôi
0.0115817433068883,3449.002434165673,6319.012709128073,-0.0024489035708428,1919.9759780063027,69.55690433339925,-66.36284216152308,24.29302567712135,0.0016763309340489,Tôi
1.0085280445827678,3679.98697176527,6286.024912610091,1.0014663307399307,1920.9955072965065,70.20736517084019,-66.50315934765511,25.14121233743746,0.0214774964651976,Tôi
1.9878706518065248,3438.991553167173,6478.98269198046,0.9904884604259958,1935.9669414311345,69.72293262297048,-67.33092957140869,25.578011186721685,-0.0250666180318689,Tôi
2.019857488163047,3709.985231480373,6601.974698900391,-0.0138550116412073,1920.9739034203344,71.74071181242994,-68.43210515972743,26.048300709713768,-0.0051396206880438,Tôi
2.991447449173166,3656.026767604287,6522.999244886104,2.005676585797035,1936.999491773348,73.79226672422827,-67.74551041521325,26.71060183460953,0.0092837947733924,Tôi
2.03234036837918,3561.976189700277,6223.034077218887,1.995042175280759,1919.9974909377545,74.48793570375123,-65.78981561182681,27.421654360873944,0.0003074640279848,Tôi
-0.0001807676127786,3605.0138736948666,6334.008741493947,1.0250185231368991,1920.004259339464,72.7724276664923,-65.20120203126983,24.15765694709641,-0.0203376315334083,Tôi
1.992779937336244,3782.007445790744,6041.013606413069,0.9991969426150732,1920.030013887569,69.86501275206835,-65.7693659247254,23.553769255768348,-0.0021003387261771,Tôi
0.9912436287477966,3370.9917088751904,5615.995840358575,1.009821416510725,1903.998177074568,67.57069671202323,-67.50034310587881,21.61031645274431,0.006895707149021,Tôi
71.67051038131599,0.0,6856.806089083711,0.9817878134426848,1917.431599653564,76.14746281061463,-76.14746281061463,-22.82656666254242,0.0019635756268853,Tôi
58.907268806561085,3861.371470270079,6875.460057539121,0.0,1916.449811840121,76.9427109395032,-76.14746281061463,-24.9766819739819,0.0019635756268853,Tôi
138.43208169541856,3539.3450674608785,0.0,0.9817878134426848,1916.449811840121,75.71547617269985,-75.53875436628016,-21.599331895739063,0.0058907268806561,Tôi
14.726817201640271,3843.699289628111,6801.82597153092,1.9635756268853688,0.0,72.27921882565046,-74.61587382164404,-15.158803839555052,0.0049089390672134,Tôi
35.34436128393665,4070.492274533371,6645.721709193533,0.9817878134426848,1917.431599653564,72.03377187228978,-74.67478109045061,-14.4813702482796,0.002945363440328,Tôi
8.836090320984162,3971.33170537566,5951.597725089555,0.9817878134426848,0.0,73.99734749917515,-75.59766163508672,-14.60900266402715,0.002945363440328,Tôi
0.9817878134426848,4150.998875235671,5885.817941588895,0.9817878134426848,1885.0326018099547,72.71120546356524,-0.0,12.154533130420438,0.0039271512537707,Tôi
0.9817878134426848,0.0,6163.663892793174,0.0,0.0,68.91168662554205,-0.0,0.0,0.002945363440328,Tôi
0.9817878134426848,4165.725692437311,6194.099315009898,0.0,1886.0143896233967,68.53860725643382,-62.64788037577772,0.0,0.002945363440328,Tôi
0.9817878134426848,3957.586675987462,5351.725371076074,0.9817878134426848,1885.0326018099547,67.55681944299114,-61.48937075591535,31.96701120569382,0.002945363440328,Tôi
0.0,3996.8581885251697,5925.0894541266025,1.9635756268853688,0.0,65.897598038273,-65.04344264057787,30.062342847615007,0.002945363440328,Tôi
0.0,3865.2986215238498,5967.306330104638,-0.9817878134426848,1901.7229946384805,67.12483280507637,-68.91168662554205,27.794412998562404,0.0039271512537707,Tôi
0.9817878134426848,3705.267207932692,6423.837663355486,0.0,1901.7229946384805,69.02950116315516,-67.98880608090592,27.54896604520173,0.0019635756268853,Tôi
0.9817878134426848,3626.724182857277,0.0,1.9635756268853688,1901.7229946384805,68.78405420979449,-65.28888959393853,27.2446118230345,0.0009817878134426,Tôi
0.0,3707.2307835595775,6074.321201769891,1.9635756268853688,1900.7412068250376,67.55681944299114,-64.49364146504996,0.0,0.0009817878134426,Tôi
0.0,3386.18616856382,6203.917193144325,0.0,1885.0326018099547,68.29316030307315,-65.161257178191,23.867261744791666,0.0009817878134426,Tôi
0.9817878134426848,3612.97915346908,6171.518195300716,0.9817878134426848,0.0,68.91168662554205,-65.28888959393853,24.662509873680243,0.0009817878134426,Tôi
1.9635756268853688,3376.368290429393,6361.003243295155,0.9817878134426848,1900.7412068250376,68.47969998762726,-66.08413772282711,25.094496511595025,0.0009817878134426,Tôi
1.9635756268853688,3642.43278787236,6481.763144348604,0.0,1886.0143896233967,70.44327561451263,-67.19355795201734,25.58539041831636,0.0009817878134426,Tôi
2.9453634403280544,0.0,6404.201907086633,1.9635756268853688,1901.7229946384805,72.46575851020457,-66.51612436074188,26.203916740785257,0.0019635756268853,Tôi
0.0,3497.128191482843,6109.665563053827,1.9635756268853688,1885.0326018099547,73.14319210148001,-64.55254873385653,26.94025760086727,0.0019635756268853,Tôi
0.0,3539.3450674608785,6218.644010345965,0.9817878134426848,1885.0326018099547,71.48397069676187,-64.00274755832862,23.68072206023756,0.0019635756268853,Tôi
1.9635756268853688,0.0,5930.980181007259,0.9817878134426848,1885.0326018099547,68.59751452524038,-64.55254873385653,23.13092088470965,0.0117814537613122,Tôi
0.9817878134426848,3309.60671911529,5513.720360294117,0.9817878134426848,1869.323996794872,66.38849194499434,-66.27067740738121,21.226252526630844,0.0049089390672134,Tôi
39.27151253770739,3683.667876036953,6601.541257588612,0.0,1932.1584168552035,77.43360484622455,-0.0,-20.06774290676848,0.0019635756268853,Tôi
43.59197709273068,4089.014567312703,7327.993200702821,-0.0051145140767289,2144.7832257718005,85.95482707024357,-84.65523996036522,-22.281389751064644,-0.0185124632847038,Tôi
79.55871190889741,4096.656221295861,7611.345729458063,1.114337017158498,2128.398451546137,84.51544646742778,-84.53253058838706,-25.343200906121297,-0.029171218396713,Tôi
65.39763829174869,4286.274747552672,7632.037875334538,2.1686622114118457,2127.369748324226,85.4012932748619,-84.49533310847897,-27.6798497158316,0.0598713080782039,Tôi
153.67713765190254,3928.811954986823,7435.85531609777,1.0907814392987591,2127.3684082163327,84.06173315177664,-83.87157138217134,-23.95565281120314,0.0144067488091098,Tôi
16.3831036299246,4266.656723540462,7550.313322000472,2.1805186108352457,2128.4407141507104,80.27059456613345,-82.82258140554501,-16.822555285819643,-0.0074751648960257,Tôi
39.22673518359424,4518.389971840336,7377.017570180932,1.1016191938102868,2128.443465127399,79.96685712449616,-82.86617253961006,-16.08223019637507,0.0534067135380785,Tôi
9.796921640583111,4408.326254154357,6606.514670514225,1.0643472644638838,2092.466155233608,82.08853120606061,-83.92760846743575,-16.23719971848398,0.0044432131732678,Tôi
1.0884589865131835,4607.749566070026,6533.542155971176,1.070682747668197,2092.4506615571863,80.72272337402953,-79.73462851973949,13.46129664043726,-0.0026216577968067,Tôi
1.0898409720389342,4654.657918460116,6841.932910872989,-0.0201484801312713,2093.568635073568,76.47587332124783,-74.21801231077895,29.08199414402741,0.0408545852819801,Tôi
1.080552221361583,4624.111934344014,6875.690168818439,0.0299608753902761,2093.568481447316,76.07468130222455,-69.55173112956938,33.079613437034496,-0.0107266699428046,Tôi
1.1065167539322955,4393.103208701639,5940.651503524173,1.081421070328558,2092.483689127618,75.00201684671673,-68.25320606466734,35.481341727794174,-0.0016351646476433,Tôi
1.094831394967572,4436.668816112911,6577.10246241482,2.1832800663152923,2093.563840073161,73.12227217614516,-72.24682349725488,33.36771558984571,0.0053389067684792,Tôi
0.0320297497932205,4290.635567377768,6623.95323833772,-1.1099152358909852,2110.9795655308208,74.51470890213163,-76.48131849733018,30.84737005334016,-0.0114443502321036,Tôi
1.0871497951012132,4113.010089945642,7130.668955161452,0.035926332901591,2110.9678470379704,76.5754812068705,-75.45641969232263,30.58930377233216,0.0056559660602525,Tôi
1.0946535736098175,4025.764187853574,6934.543035058141,2.1737124490471977,2110.9669530201872,76.36503727256961,-72.48935849927283,30.22940818403043,0.0200442804861355,Tôi
1.124648220304421,4115.192985643766,6742.743124136268,2.187289128125089,2109.9226332168464,74.9688946137972,-71.57726004485279,29.799330532081715,-0.0066865026212994,Tôi
-0.0191276184190017,3758.7944332539832,6886.59570209178,0.0001848905133017,2092.438277652295,75.78159246849862,-72.34162846974368,26.48998402281206,0.0039759697822333,Tôi
1.0844369679229728,4010.6079719505474,6850.644965164292,1.1206004553696665,2093.522419081341,76.506127021365,-72.46380139904284,27.38193773533407,-0.0217884683669013,Tôi
2.1669882939273792,3747.906147199389,7060.965406984174,1.078439786256744,2109.9117689111267,76.04160866210617,-73.36650784811044,27.922576385523435,-0.0249062388408403,Tôi
2.174812195182307,4043.229861438058,7195.040595035128,0.0079422657946123,2093.593891364005,78.2214956377057,-74.5602008407389,28.414079110022577,-0.0396095564401509,Tôi
3.3083054232513853,3984.4199402763,7108.883512009522,2.182792984425857,2110.9720133487635,80.41230516955979,-73.86744231071957,29.118876696996207,-0.0179306666573648,Tôi
2.203388299753925,3881.937145308691,6781.960445224423,2.181815781502621,2092.46635293015,81.14921200338092,-71.67282624081648,29.88283945034724,0.0090650989762039,Tôi
-0.0281195456177301,3928.8211830521263,6902.937092729595,1.1033520245468564,2092.484957247245,79.33827734603521,-71.02432313965242,26.26753307845672,-0.0155567241521394,Tôi
2.1642007964653605,4121.69932582644,6583.636274049766,1.080623648816984,2092.451227997852,76.1526012259397,-71.70245282998404,25.64312303345241,0.0085517729075965,Tôi
1.0473851378861854,3673.817065778693,6120.43677676546,1.1093483576304617,2075.02245897258,73.70310866114829,-73.58500787863908,23.57081863072715,-0.0161638412489752,Tôi
40.015580771152365,3751.978664700832,6724.000257354547,-0.0166440332793344,1968.029453432781,78.85955264155443,-77.60848633490076,-20.45182571855596,0.0260688507718242,Tôi
72.95555426079626,3759.0102302854098,6984.002725007119,0.9958157505122968,1953.016608785316,77.55832955595253,-77.55641936437725,-23.236694704016823,-0.0437025656020714,Tôi
60.02407618896841,3932.9860925581866,7002.999828567442,1.9828434485359472,1951.977561541252,78.36008402321447,-77.53830310810724,-25.44984961850507,-0.0365103151398355,Tôi
140.99305715035385,3605.008134162327,6823.01477212128,0.9800221626859384,1951.9934170801275,77.13119348589517,-76.90152975347125,-22.01850931118687,0.0354629675186915,Tôi
14.976888457689062,3915.027315583008,6927.976887326048,1.993574865050288,1952.994174652488,73.64697400606883,-76.03618576256225,-15.407184005189665,0.017434598274697,Tôi
35.99147464792132,4145.957683880889,6768.970919616343,1.0021519134741197,1952.9844085499203,73.35020061267191,-76.054762713065,-14.743654085598644,-0.0006659804293198,Tôi
9.000281471150812,4045.006109384715,6062.0266162561975,0.9923800354583644,1919.9901893215792,75.38260087290688,-76.99940548329127,-14.87507473943884,-0.0016065308465982,Tôi
1.016645353138627,4228.008549471064,5994.975075165426,0.9981882018913844,1919.9883325299,74.0249486591884,-73.18323452872977,12.392846859384516,0.0428923569424478,Tôi
1.0070309744756183,4271.036620474484,6278.0095671429945,-0.0047961817066559,1920.997059409708,70.19359510866538,-68.15806971377242,26.69022586594816,0.0178689556178485,Tôi
1.0059203533933103,4242.993744749179,6309.011225102433,0.0043347566281696,1920.9913863864072,69.84551546493965,-63.80909538075451,30.3550574161717,0.0093840524897565,Tôi
0.9972916971136208,4031.03929105286,5450.993406120354,1.0031645676949985,1919.9969546192624,68.79842613853624,-62.62226043733592,32.56056267907762,-0.0224283105628496,Tôi
1.0356287336707772,4071.00083894129,6034.98032363318,1.9824145376243447,1920.9977346852809,67.10063139115798,-66.30054324825,30.61826099658032,0.0202175939716292,Tôi
-0.0071557990950716,3937.02839534383,6078.009323201286,-1.009331075821697,1937.0123191875327,68.368083885812,-70.20628253174513,28.26584548171548,-0.0451380939517234,Tôi
1.00321049685943,3774.018780744202,6542.962838464214,0.0170173415703234,1936.9921736994409,70.33482567605488,-69.2814973333403,28.086576839133983,-0.0087402967496285,Tôi
1.0183601354935885,3694.003316082444,6363.007132859035,1.9951583418581536,1937.0165071205065,70.07067052736004,-66.48097002997842,27.7264858614447,-0.0447652727686893,Tôi
1.0012441962732346,3775.957630936938,6186.990730534252,2.0175957715985127,1936.02174897082,68.81377194985404,-65.67903570708144,27.353325072962907,0.0078597354032781,Tôi
0.0170864844701287,3449.055332635124,6318.987175647431,-0.008352186909476,1919.9955317391527,69.57211698844817,-66.3499000430455,24.30230216591351,-0.0039797276644547,Tôi
1.0165511207514757,3680.027546674138,6286.032600242204,0.9814761801899876,1921.005624477624,70.18896853284085,-66.529556713849,25.133658196576707,-0.001545878284349,Tôi
2.002130060456397,3439.0282918305284,6478.980839467039,0.9518691240195716,1935.9682152444404,69.76743489695484,-67.3343576386408,25.54288190488637,0.0247232055059851,Tôi
2.000297056705824,3709.980213352819,6601.992724559062,-0.0354005181976014,1920.985454049044,71.71576223313367,-68.44299672832003,26.03317285640498,-0.0311411662324393,Tôi
3.0080284449156234,3655.998803289802,6522.997695359317,2.0036371995136,1936.9836297497875,73.82424105777334,-67.75726056667963,26.69028028269813,0.0294154936614739,Tôi
2.014282576739153,3562.0081916842505,6223.0243643888425,2.0154358128382297,1920.0145600742665,74.52980443687609,-65.75637117110692,27.44764487080871,-0.0250543164686002,Tôi
0.0181454414077285,3604.994753976275,6334.001667475901,0.9897399630016422,1919.9695220770489,72.85622572046807,-65.1683784363276,24.13354084530928,-0.064639578217647,Tôi
1.989482518673629,3781.979943473943,6040.985908215514,1.033554444658217,1920.0292067037835,69.90024739060595,-65.75841428078516,23.54314051230329,0.0289979087582144,Tôi
1.0088071840214048,3371.0044012833537,5616.025077528102,1.0006419475342356,1904.003601875393,67.6292790906319,-67.50958654474893,21.61125818994568,0.034536583020015,Tôi
1.0,3753.0,6298.0,0.0,1905.0,67.44,-67.06,22.75,0.001,Tôi
0.0,3954.0,6274.0,1.0,1920.0,68.12,-67.31,20.62,0.001,Tôi
2.0,3871.0,6518.0,2.0,1921.0,69.19,-67.31,21.5,0.002,Tôi
2.0,3952.0,6569.0,3.0,1921.0,68.69,-66.87,21.0,0.003,Tôi
2.0,3519.0,6474.0,-1.0,1920.0,67.94,-67.19,19.94,0.001,Tôi
1.0,3378.0,6398.0,2.0,1953.0,68.06,-67.0,20.5,0.003,Tôi
2.0,3336.0,6414.0,1.0,1968.0,69.19,-66.56,22.12,0.002,Tôi
1.0,2663.0,5602.0,2.0,1888.0,70.37,-66.31,21.94,0.002,Tôi
0.0,2009.0,4882.0,3.0,1889.0,70.5,-65.44,19.06,0.002,Tôi
1.0,1774.0,2532.0,1.0,1889.0,71.31,-62.94,16.94,0.001,Tôi
0.0,81.0,398.0,2.0,1888.0,72.31,-61.69,18.37,0.0,Tôi
2.0,3.0,113.0,2.0,1888.0,73.56,-63.13,20.31,0.0,Tôi
2.0,1.0,14.0,1.0,1889.0,74.19,-65.94,21.75,0.0,Tôi
0.0,1.0,472.0,0.0,1888.0,73.87,-69.62,24.31,0.0,Tôi
16.0,5.0,253.0,2.0,1889.0,74.12,-72.12,28.81,0.001,Tôi
285.0,1.0,197.0,0.0,1888.0,74.87,-73.0,32.06,0.002,Tôi
2.0,1.0,2.0,2.0,1889.0,75.69,-73.06,34.06,0.002,Tôi
1.0,1.0,2.0,1.0,1888.0,75.87,-73.12,35.31,0.001,Tôi
0.0,1.0,1.0,3.0,1889.0,76.5,-73.12,35.06,0.002,Tôi
1.0,2.0,1.0,2.0,1889.0,76.69,-72.44,33.56,0.002,Tôi
0.0,1.0,1.0,1.0,1888.0,77.12,-71.81,32.13,0.002,Tôi
2.0,0.0,1.0,2.0,1889.0,77.56,-71.19,29.94,0.001,Tôi
2.0,1.0,1.0,1.0,1888.0,76.31,-70.94,27.37,0.001,Tôi
1.0,1.0,3.0,1.0,1888.0,74.31,-70.5,26.69,0.0,Tôi
1.0,1.0,1.0,-1.0,1889.0,71.06,-67.19,27.56,0.0,Tôi
-0.0176443263531055,3953.956199477069,6273.972688907232,1.0086055950081767,1920.0222306660448,68.09759457058684,-67.31287129910568,20.618509272590337,0.0022343084696373,Tôi
2.0030955850694565,3871.001586082341,6518.016080373044,2.013307744525106,1921.0278752761176,69.16553341258471,-67.30387007945042,21.46838409891856,0.0049078508753756,Tôi
1.9717592952492609,3952.0343404482414,6569.002518319331,2.9774314779532887,1921.024200588982,68.6760892537119,-66.89139862039616,21.01042603175279,-0.0088002567591603,Tôi
2.0094878793940967,3518.9442534125787,6473.960625090484,-0.984808252478338,1920.0318385901128,67.93973952872238,-67.19958811114404,19.95856569342862,-0.0286298907300346,Tôi
0.9936276807830676,3377.9823613120407,6398.002106977015,2.001543294027575,1952.9782875234448,68.05365523420282,-66.9978117401883,20.497781092727493,0.0017418784029934,Tôi
1.9550745809387,3335.9988033216337,6413.973293192972,1.0040671695911845,1967.955412050524,69.19232566880981,-66.56903154851462,22.1137490781094,-0.0035263893274714,Tôi
1.0335492480427455,2663.011604051339,5602.0173221701,1.9853696387314816,1888.017190536424,70.38600537162625,-66.31436216994221,21.934478332871954,0.021252553448005,Tôi
-0.0215736299376889,2009.076333924943,4881.997406641011,2.992763573119564,1888.981552886305,70.53170483046787,-65.43182388491904,19.06029910584453,-0.0212870103457999,Tôi
0.9611195380631892,1774.0202997818672,2532.0028556674743,1.0273541859779085,1888.993689756849,71.29910241822282,-62.95431935929264,16.914621565822376,0.0324574531646461,Tôi
-0.0266913525662532,81.03354073642917,398.0172088221296,1.9883061997607725,1888.03591472869,72.34477925859599,-61.685241098763335,18.341757184302843,-0.0169472661826927,Tôi
2.000101874696214,2.994693028162831,113.00928384178184,1.973902889487776,1888.0097640036413,73.560642416662,-63.14427847921647,20.30466834858472,-0.0133762118400769,Tôi
1.9921991855881995,1.014433158351927,13.975470304360185,0.9868292003049258,1889.016264727043,74.17817710629387,-65.91041679817641,21.72581146297712,-0.0036303617400794,Tôi
-0.0155465895013118,0.9682799112433982,472.00177488638735,-0.0322141689167635,1887.9418252289952,73.83506044610608,-69.65462124922276,24.34026829352964,0.0074035085713287,Tôi
15.98220467726864,5.026915175660106,252.98774564764125,1.98288395534854,1888.9661906392976,74.1214053363264,-72.13236984107924,28.822314620852296,0.0306808567270635,Tôi
285.02731891726467,1.0045616171598992,197.00517673787388,-0.0070278197360595,1887.984488321742,74.87814307361508,-72.99461181707656,32.02054109279452,0.0017322693771037,Tôi
2.023210860239145,1.0069507680949634,2.0239077871194406,1.9861767854991308,1888.975442897948,75.70843636831434,-73.06592798291113,34.05133362311606,0.0049933581929854,Tôi
1.0102456728169176,0.9770897978133884,2.001773247805115,0.9904181926821444,1888.009141876656,75.85952070995559,-73.12863479245469,35.2990717745506,-0.0191891709852547,Tôi
0.0080985255953389,1.0282392902907085,0.994845816453306,2.9835502901759168,1889.0450966379549,76.48911079796814,-73.13467163859585,35.06288327698031,0.02763232926761,Tôi
1.0003121172937413,2.016763428212608,1.0326921475107154,2.009108506349844,1889.0165979673427,76.68128508476076,-72.43987707821856,33.56550447952803,-0.0103515899589749,Tôi
0.0093268389062428,0.9835211213705496,1.0119927466028682,0.9853211915240208,1887.9957957150527,77.1294248299485,-71.81115794260285,32.113426598080736,-0.0005888498741482,Tôi
2.013509728904852,0.0019907435276445,1.0146072182831616,1.9982501226135567,1889.028017919256,77.53742458439899,-71.19451767845786,29.95240806814383,0.0050351786953348,Tôi
2.005223412940297,0.9678882019264962,0.987507214953934,0.9994754888105092,1887.9939789506727,76.30983236463707,-70.95685488203364,27.37656347214875,-0.0095674642088203,Tôi
0.9833355051079136,0.971235868292536,2.975019244962456,0.9689772231500188,1887.988374808766,74.2976743531589,-70.48884827651761,26.731057077372714,-0.0166989529982149,Tôi
0.9554324231825524,0.9603561591532852,1.0133670637639578,-1.023803982994724,1888.989348126596,71.0690483234042,-67.20257467919008,27.599014818833545,-0.0127262519219734,Tôi
0.9921840432399912,3752.970766911895,6298.024481929293,0.014359243712567,1905.0027246202644,67.45915002188468,-67.05706231899913,22.749646865448124,-0.001764851646638,Tôi
0.9727544033774492,3753.0162138942496,6297.986775210425,0.0197460324741988,1904.9640260113256,67.39326212315999,-67.04533713828265,0.0,-0.0191170153514702,Tôi
-0.0203202888133835,0.0,6273.979421609534,1.012658486696751,0.0,68.13512810716584,-67.29916227263274,20.62983476439382,0.0120553270984821,Tôi
2.003201994803751,3870.9860900433887,6517.978629755424,1.999941425912624,1921.005927122232,0.0,-67.28587727410032,21.51614571141133,0.0327450210505162,Tôi
1.951513658602288,3952.040172284762,6568.98354511514,2.977133989522604,1921.0264417698947,68.68879683440755,-0.0,20.976859909098884,0.006047478110941,Tôi
1.9767020610300925,3518.9948437433663,6474.004262206855,-0.9665781705555988,1919.99423219714,67.94922129080776,-67.19997721942093,19.936475187764067,-0.0051292228097364,Tôi
0.974227976550014,3378.018777303751,0.0,1.978122005594255,1953.0105480234365,68.06928386594309,-66.99548136382661,20.4862571759569,-0.0053255020249447,Tôi
2.006506666354609,3336.017739108157,6414.019252463088,1.0140318446583247,1968.005334661755,69.20437887957519,-66.55743521756303,22.1128366942028,-0.039492824316884,Tôi
0.9895200641698408,2662.9939185653034,5601.991776368232,2.0092969841245942,0.0,70.34709856707727,-66.34086359540038,21.93057089471475,0.0352543299613755,Tôi
-0.0259443284439616,2008.974937385244,4881.982428651798,3.0138904922711176,1888.9925681076493,0.0,-0.0,19.05531787968432,0.0128663655560459,Tôi
1.028331334619793,1773.9822896048615,2531.983281322136,1.0119884705855695,1889.0179573213045,71.30926501394475,-62.95166063796214,16.957084966980524,0.0063126171722209,Tôi
0.0162414952331937,81.01649470126164,397.9856026810573,1.9695329665082093,1887.9887689571333,72.2826116170398,-61.690055920392645,0.0,-0.0268987852548093,Tôi
0.0,3.0106251769197616,113.01032348130975,1.9781899067739697,1888.004609500168,73.54654762594659,-63.147782786239375,20.355350640934542,-0.0345717872429874,Tôi
1.9768264203155093,0.9969697733413894,14.050249042231409,0.9987855701946478,1888.9866758557189,74.14545045049002,-65.94245342369074,21.763483912153628,-0.0,Tôi
-0.0370558099551744,0.9967237849060748,471.9911741821245,-0.0269148022651082,1887.9706585154304,73.89687011085093,-69.62174669689071,24.29253312391858,0.0067922448762945,Tôi
16.048547555876382,4.973230500253655,253.034609105301,1.9848707183849268,1888.992691159952,74.13317222773678,-72.10959455819963,28.80452043468621,0.0071417760900843,Tôi
284.98911275319495,0.98449289151049,197.00159007231747,0.0,1887.994949409518,74.89897058757549,-72.98240328411853,32.070664063593625,0.0012071670624787,Tôi
1.9877600917733127,0.999407313781402,2.010286965924263,2.008872845290376,1888.991886989232,0.0,-73.03655313759137,0.0,0.000838322136861,Tôi
1.0226703183336574,1.0072473550839978,1.9830046213574768,1.036270269944497,1887.9652897264527,75.87641657223058,-73.15226877593342,35.300415247605414,0.0018808354532666,Tôi
-0.0,1.030455814505219,0.9834910810911128,3.0067310066642685,1888.961302452581,76.51095458590996,-73.10853155943364,35.038991552776466,0.0081139533658211,Tôi
0.9976586899054136,2.006327304294715,1.0039006194459623,2.0125529352216622,1888.99939422622,76.72470950314093,-72.46492884894745,33.56891987518333,-0.0103609372417747,Tôi
0.0,1.0112046166392294,1.014686077642815,1.0223359416523796,1888.019962862359,77.0790514616128,-71.8271117398257,32.14209026053663,0.0041355030701899,Tôi
1.9858017699780144,0.0078290393714088,0.0,2.0397726093826503,1888.9789193228376,77.550531680486,-71.21759458029922,29.96436236605914,0.0233353229631214,Tôi
2.010100991470925,0.998960574181852,1.0486653773278931,0.9943987438252136,1888.007585028246,76.32705481962796,-70.93860714312461,27.351768869008936,0.0094225563157258,Tôi
1.009169015852294,0.973042859569488,2.994979624037449,0.9782999539515792,0.0,74.33253093499434,-70.50151589785314,26.704350595015107,0.0139839840901385,Tôi
1.0081086654926843,0.9775712724226908,1.0235040448293675,-1.001448759454126,1889.024803046207,71.05370049257647,-67.21387040386556,0.0,0.0,Tôi
1.0,3753.0,6298.0,0.0,1905.0,67.44,-67.06,22.75,0.001,Tôi
0.0,3954.0,6274.0,1.0,1920.0,68.12,-67.31,20.62,0.001,Tôi
2.0,3871.0,6518.0,2.0,1921.0,69.19,-67.31,21.5,0.002,Tôi
2.0,3952.0,6569.0,3.0,1921.0,68.69,-66.87,21.0,0.003,Tôi
2.0,3519.0,6474.0,-1.0,1920.0,67.94,-67.19,19.94,0.001,Tôi
1.0,3378.0,6398.0,2.0,1953.0,68.06,-67.0,20.5,0.003,Tôi
2.0,3336.0,6414.0,1.0,1968.0,69.19,-66.56,22.12,0.002,Tôi
1.0,2663.0,5602.0,2.0,1888.0,70.37,-66.31,21.94,0.002,Tôi
0.0,2009.0,4882.0,3.0,1889.0,70.5,-65.44,19.06,0.002,Tôi
1.0,1774.0,2532.0,1.0,1889.0,71.31,-62.94,16.94,0.001,Tôi
0.0,81.0,398.0,2.0,1888.0,72.31,-61.69,18.37,0.0,Tôi
2.0,3.0,113.0,2.0,1888.0,73.56,-63.13,20.31,0.0,Tôi
2.0,1.0,14.0,1.0,1889.0,74.19,-65.94,21.75,0.0,Tôi
0.0,1.0,472.0,0.0,1888.0,73.87,-69.62,24.31,0.0,Tôi
16.0,5.0,253.0,2.0,1889.0,74.12,-72.12,28.81,0.001,Tôi
285.0,1.0,197.0,0.0,1888.0,74.87,-73.0,32.06,0.002,Tôi
2.0,1.0,2.0,2.0,1889.0,75.69,-73.06,34.06,0.002,Tôi
1.0,1.0,2.0,1.0,1888.0,75.87,-73.12,35.31,0.001,Tôi
0.0,1.0,1.0,3.0,1889.0,76.5,-73.12,35.06,0.002,Tôi
1.0,2.0,1.0,2.0,1889.0,76.69,-72.44,33.56,0.002,Tôi
0.0,1.0,1.0,1.0,1888.0,77.12,-71.81,32.13,0.002,Tôi
2.0,0.0,1.0,2.0,1889.0,77.56,-71.19,29.94,0.001,Tôi
2.0,1.0,1.0,1.0,1888.0,76.31,-70.94,27.37,0.001,Tôi
1.0,1.0,3.0,1.0,1888.0,74.31,-70.5,26.69,0.0,Tôi
1.0,1.0,1.0,-1.0,1889.0,71.06,-67.19,27.56,0.0,Tôi
1.0043234775178769,1.005065165876957,0.9833679696817452,-0.9773364466022938,1864.3573207591803,70.125335350306,-66.30285927614158,27.243286652697574,0.0003947757077315,Tôi
0.9981459986562548,3704.031673516815,6215.865971477196,0.0113334512675759,1880.171983935312,66.53799628447094,-66.16338953631376,22.432010769057328,-0.0126213068827094,Tôi
-0.0015390282229758,3902.444821695776,6192.188850709086,1.0060339046724691,1894.9673055445137,67.26687992672788,-66.39759782247855,20.37345442592972,0.0066069206364934,Tôi
1.9710890227582167,3820.485408698986,6432.97139761612,2.006623781469283,1895.95520171562,68.29946073403981,-66.42112313706879,21.229536371671145,-0.0362357951078958,Tôi
1.9874561895985257,3900.49634722648,6483.345179077736,2.972468955043548,1895.935253446264,67.78183434026079,-65.98960416996867,20.71950340397236,-0.0005029609910277,Tôi
1.9855006347875508,3473.126315787147,6389.5472311120375,-0.975379949550673,1894.9295694986904,67.0311792881619,-66.3379814933591,19.66507138967315,0.0225696943345437,Tôi
0.9960300069670104,3333.941264663545,6314.576627667808,1.9767436794819933,1927.5351359238505,67.142252659007,-66.10633694999379,20.207183440492503,-0.0193195442551531,Tôi
1.971950064612456,3292.512052762099,6330.324339962619,0.9838502747640626,1942.312726982484,68.2986147168126,-65.68175470786652,21.80206781604839,0.0250442761702167,Tôi
0.9593139965064356,2628.2745646707667,5528.92219009406,1.949909549634017,1863.369370535584,69.5042760075179,-65.4714081503233,21.66726896336786,0.0132883681215966,Tôi
-0.0356941113763666,1982.7767577100324,4818.377827371184,2.9611591467928124,1864.368007895266,69.59100934212677,-64.58184599960593,18.78500160408578,-0.0200634320039495,Tôi
0.9784698517869502,1750.854553847039,2498.970613741644,0.978189505640834,1864.359491467652,70.35638350624531,-62.11416483279117,16.75499510516617,-0.0140849813376417,Tôi
0.0372804227793409,80.00391379296573,392.79176370778777,1.951772704795874,1863.4048470864109,71.3533580616062,-60.88970065352067,18.11551539747097,0.0247873051008399,Tôi
2.011306103170058,2.9574103245200867,111.50977041292543,1.9788727424376888,1863.3865297004345,72.56940636773243,-62.27612734918222,20.05875139512635,0.0112917038117725,Tôi
1.975179293873449,1.0095098226465136,13.818033249843442,0.9686177089832848,1864.3976459883283,73.2251424245934,-65.06086615916024,21.45965623462844,-0.0186726978385291,Tôi
0.0060856932629805,0.9812982138139984,465.83434290559495,-0.0015735053939446,1863.4062614499128,72.91282408038023,-68.73579025392448,23.99266031527016,-0.0185931495983136,Tôi
15.788772682523774,4.95579216435512,249.70729976457707,1.9579942747273809,1864.3444130095247,73.161371193649,-71.19520380432765,28.46550762603049,-0.0079982697131035,Tôi
281.26635535086706,0.999796172549758,194.3944964857324,0.0207008930523821,1863.382191407372,73.89861897977853,-72.04697098239987,31.6431997048003,-0.0190619412851026,Tôi
1.977505555648188,0.9685561323346894,1.9704144165693176,1.9641827008163504,1864.3362600901564,74.70978996448537,-72.0685793402163,33.61990506762527,-0.0328398215314728,Tôi
0.9637207007439478,0.9809395991981318,1.929574200636195,0.9833807595156822,1863.3994224417968,74.87444537635251,-72.13450300274415,34.84739812303318,0.0185117902634719,Tôi
0.0354847489235424,0.969800691906567,0.977755845169816,2.988771326713356,1864.364005592816,75.53510201774026,-72.16228284554127,34.60361933186686,-0.015084967318898,Tôi
0.9870674561053876,1.9419141349665128,0.9854677255372208,1.9405070882442288,1864.3724760236064,75.68094896586493,-71.47488828147723,33.12398103690504,0.0154626907334607,Tôi
-0.0114595812444266,0.9950192968889096,1.03419553749522,0.9370720982608952,1863.387101267304,76.10353268754943,-70.86492152466245,31.6863037405042,0.0115317572815706,Tôi
1.9598956679394304,-0.0107719765792207,0.9860716073470432,1.9783040058558208,1864.3459400504275,76.53519767646641,-70.24844739434437,29.56093776218736,-0.0117410924580852,Tôi
1.98354166368195,0.9760067495390108,1.004820415209174,1.020902792922569,1863.3853874625977,75.28565102462284,-70.01338564260055,27.0205396555529,0.0060459561207808,Tôi
1.0312948692031794,0.9870614603821132,2.958535745914721,0.9909463919732758,1863.4014834862649,73.32433263855792,-69.54555944934349,26.32121761897991,0.0005899632042975,Tôi
2.0,1.0,1.0,1.0,1889.0,71.06,-66.56,25.94,0.003,Tôi
1.0,1.0,2.0,2.0,1888.0,72.31,-66.75,23.25,0.003,Tôi
0.0,1.0,1167.0,3.0,1888.0,73.94,-66.75,13.88,0.002,Tôi
2798.0,2047.0,1783.0,2.0,1888.0,73.0,-62.25,-3.94,0.002,Tôi
356.0,3058.0,1983.0,2.0,1904.0,73.12,-60.63,-9.31,0.001,Tôi
866.0,3742.0,3897.0,1.0,2016.0,74.87,-60.19,-6.06,0.001,Tôi
573.0,4274.0,5783.0,27.0,2097.0,73.44,-63.88,-7.44,0.002,Tôi
752.0,4499.0,6520.0,103.0,2113.0,71.5,-65.94,-8.69,0.002,Tôi
601.0,3979.0,6474.0,320.0,2097.0,68.69,-66.06,-5.56,0.002,Tôi
980.0,4106.0,6521.0,57.0,2080.0,62.19,-60.88,26.0,0.002,Tôi
1365.0,4215.0,6168.0,198.0,2097.0,71.37,-44.19,49.25,0.002,Tôi
1566.0,3854.0,4952.0,23.0,2064.0,94.5,-17.69,71.31,0.002,Tôi
1485.0,3614.0,4110.0,1.0,2032.0,129.25,8.06,76.75,0.001,Tôi
1473.0,3776.0,4286.0,0.0,2032.0,169.94,31.69,69.37,0.002,Tôi
612.0,3480.0,2991.0,2.0,2033.0,196.69,35.63,53.31,0.002,Tôi
644.0,3129.0,3914.0,2.0,2033.0,214.56,28.0,46.25,0.002,Tôi
647.0,3601.0,3598.0,1.0,2001.0,233.06,26.37,44.75,0.002,Tôi
871.0,3352.0,3068.0,474.0,2000.0,247.56,27.12,46.13,0.002,Tôi
557.0,3492.0,3138.0,738.0,2000.0,251.94,31.94,47.63,0.002,Tôi
558.0,3247.0,3230.0,382.0,2017.0,243.75,38.13,53.19,0.001,Tôi
686.0,3631.0,3500.0,269.0,2001.0,250.06,33.31,47.94,0.002,Tôi
514.0,3941.0,3197.0,400.0,2001.0,245.44,36.19,48.56,0.002,Tôi
379.0,3649.0,3413.0,305.0,2001.0,243.87,37.13,47.31,0.002,Tôi
235.0,3638.0,3561.0,332.0,2000.0,243.5,35.44,47.81,0.002,Tôi
221.0,3695.0,3519.0,420.0,2000.0,237.44,39.69,50.94,0.001,Tôi
2798.00185864772,2047.0462284702824,1783.0307204498747,2.040670432791064,1888.0052042275847,72.97840466766093,-62.2761111963941,-3.953333355436608,-0.0176229163645726,Tôi
355.9687278048552,3057.99231751571,1983.0174519384395,2.027186443425055,1904.000035328164,73.12491747916016,-60.65165770695437,-9.34354543183471,-0.0169030980863108,Tôi
866.0084800869037,3742.008701876453,3897.004457550422,0.9987700773667332,2015.987069577657,74.8989533671972,-60.215152574872114,-6.063836844533447,-0.0085767773130196,Tôi
572.9752265706429,4273.977098754296,5783.011706197748,27.01314241533625,2097.016465974568,73.44707842568783,-63.869553892303095,-7.401365780371606,-0.005263422642372,Tôi
752.0106166267904,4498.9824953391935,6519.999935108742,103.00799136901507,2113.018432467106,71.5059157352902,-65.90556589235517,-8.688933776486214,-0.0077159556755348,Tôi
601.0225984487819,3978.97935352133,6473.992635845245,319.9978283465856,2097.044026083493,68.7270834268498,-66.05689179700039,-5.599151193646981,0.0120759683253548,Tôi
979.9834835852564,4106.02215893973,6521.000473900352,57.03601561342027,2079.979630236424,62.188380718889526,-60.84888578697606,26.00218221343257,-0.0252327493485313,Tôi
1364.9827660375945,4215.013061240233,6167.993652741116,198.0069206443126,2097.0318597141727,71.37436656363457,-44.17938942111076,49.25570220136954,0.0142486592065506,Tôi
1566.0053313880037,3853.999317503835,4951.970866512318,22.97741674838408,2063.972450404941,94.50140275341576,-17.6690296185527,71.31178619189501,-0.0276605201585422,Tôi
1485.0182195233513,3614.006906392701,4110.001263793836,0.9985587661689116,2031.973986296364,129.26741836321506,8.052715737857325,76.7358925289473,0.021726875397855,Tôi
1473.021084769632,3775.990498948191,4286.002196169853,-0.0199173451144213,2032.014987483856,169.96237829548394,31.697442366375626,69.34606183475788,0.0040466069574632,Tôi
612.0545493186316,3480.014726349716,2990.978234359648,2.003482697863076,2032.98555056162,196.68258029977028,35.66178713107566,53.27889862997493,0.018103368390754,Tôi
644.0220090058107,3128.9541890009336,3913.976346339012,1.9959940279258173,2033.0210837762409,214.549416746553,28.03454842081074,46.257259016757146,-0.0273514452453965,Tôi
646.9696378227591,3600.9704076672565,3598.036674730496,0.9952045927997656,2000.9853362073245,233.04990517058536,26.362817247283104,44.78662141636696,0.0438775700997994,Tôi
871.0182511672812,3351.983918037643,3067.9790091980967,473.9793654784231,1999.9991487128468,247.5572672371149,27.1273474518002,46.13640329024236,-0.0273648429389033,Tôi
557.0043685926615,3492.004322718458,3138.015105247979,738.0210255067241,2000.025742462284,251.9030587001036,31.942108722010342,47.65412517355007,-0.0071613627673835,Tôi
557.9966528825158,3246.989012474999,3229.9904847539296,381.99832956907335,2016.9666103577017,243.7395236500896,38.10546522403708,53.17243381466238,0.0380177204038154,Tôi
686.0092751557161,3631.0239405512752,3500.014028566293,269.0020684002745,2000.9901822360848,250.056633379758,33.31438836026665,47.92813485422823,-0.0023318495588443,Tôi
513.9811590033912,3940.9965659559,3197.000521759994,400.01284517628153,2001.0115243595808,245.42073929061831,36.18603438904341,48.54938616478896,-0.026389221846498,Tôi
379.0143923061124,3648.980803347607,3413.0007936895777,304.98339672210767,2001.0240120009687,243.87486503530693,37.15323988484782,47.30347878051037,-0.0029065427705516,Tôi
235.0128805336847,3637.9942351501095,3561.034970888969,331.9865260243011,2000.0326602973223,243.47988383513567,35.42670679956436,47.80126336315519,-0.0108229741455672,Tôi
220.9993836027793,3695.002180204777,3519.042246621545,419.97971983386367,2000.0328115631653,237.44196554894668,39.67909488317328,50.888885317944485,0.0256104300185913,Tôi
1.9649468035516413,0.9871249779604266,0.971194776177812,1.0281173538437158,1888.9828786079868,71.07106028215425,-66.55851353984943,25.93048952471036,-0.0140764734673602,Tôi
0.9901475128567367,0.9835506833956216,2.039190674328,1.9892014845861208,1887.9971654185256,72.32154359213848,-66.73996908248176,23.238792110844024,-0.0252803321522931,Tôi
-0.032158480233106,0.9714525273348612,1167.0183498569947,3.04780781020223,1887.9543137114808,73.94060206317667,-66.70347278470442,13.898046625839577,0.0340143512796224,Tôi
2.002848887188147,0.9843002080564875,1.017166961062379,1.003293174527227,1889.0119161517184,71.08516874479652,-66.55049902323088,25.92386747474982,0.0182318139654136,Tôi
0.987842308736944,1.0617166362274888,1.964810156934205,1.965219186784432,1888.0042078009144,72.29086872303365,-66.73066502163819,23.272103698965022,0.0341807064251082,Tôi
-0.0136344376160344,1.0034191634331782,1166.9992760722646,3.0097790106493503,1887.9880157562743,73.9299652630158,-66.78921029895423,13.837359298256558,0.0198245128945811,Tôi
2798.000472419828,2047.025437426924,1782.9941598225062,2.014053214049326,1887.980955708266,72.99250914685466,-62.23584853123434,-3.959588398219472,0.0199189964851216,Tôi
356.01632792092187,3058.009961436061,1983.007088116038,1.96107643744534,1904.028272406112,73.11545059913924,-60.63565525693068,-9.323048187874528,-0.0160287779560871,Tôi
865.9824905652456,3741.998411986515,3896.982625865838,1.033210081454763,2015.997916953244,74.89584899898851,-60.15692781795792,-6.061062626897602,-0.0041763933643321,Tôi
572.967961380059,4273.966742759728,5782.97670807001,27.02124807660058,2096.9796697134857,73.43436752888732,-63.89026889876665,-7.458991490294698,-0.0127585145478027,Tôi
751.981385935077,4499.014338587334,6520.010904339528,102.98165063822093,2112.98006425808,71.52533708044878,-65.95488252899932,-8.6809020499487,-0.0066013950393658,Tôi
600.9687334617471,3978.993661596925,6473.998360731911,319.9969215426968,2097.002683411385,68.70470643412587,-66.03915326885314,-5.5516928156539445,0.000899087628252,Tôi
980.0229319451956,4105.995858901967,6521.0061154476425,57.02603880415084,2080.0021650594103,62.21488768832615,-60.85352885133208,26.03479137590762,0.0098523610886738,Tôi
1364.9838135364623,4214.980340109609,6167.9853994079385,198.03467220240933,2097.0110030585874,71.32256342676105,-44.19309186128205,49.27851571488884,0.0260118939208534,Tôi
1565.996918560811,3853.9760573600793,4952.0106245189145,22.99338151028928,2063.991039181244,94.4918955743974,-17.700975333972337,71.31924954492182,0.0063293104430331,Tôi
1484.976970010054,3613.986552659378,4109.979333098064,0.9985746954682948,2032.0017001273573,129.26405032779454,8.077259269062084,76.73288962620647,0.0170573840228228,Tôi
1472.9974280809554,3775.994840367264,4286.009510990032,-0.0126360711107186,2032.0016688656804,169.9246431850557,31.69821693879248,69.34113428286558,-0.01634833706337,Tôi
612.0192086281171,3480.016866365665,2991.0029456050124,1.987815401351109,2033.016158889632,196.6874310056337,35.62302088259113,53.3030238136876,0.0275107830894778,Tôi
644.0144453562757,3129.004841590071,3913.987250423376,2.00105615980738,2032.992379737031,214.5574782474027,28.010907682057365,46.23805429910712,-0.0180248477274575,Tôi
646.9964124376703,3600.98990195228,3597.981406219179,0.99399499999038,2000.999224096202,233.09655075679072,26.38608993140483,44.76789215339591,-0.0045960987630084,Tôi
870.9877841350794,3352.0227846749613,3068.013754449238,473.999614615986,1999.9926891402304,247.5614893222085,27.112788447772985,46.13925679779642,0.0135184066711791,Tôi
556.9926494218759,3492.036927124802,3138.016001177761,738.0296597214241,2000.0099004291728,251.9889296475083,31.923193279741472,47.62685381693007,0.0331877120695559,Tôi
558.0076999795539,3246.978670800237,3229.9792863886087,381.9886443506203,2016.993652165405,243.76801801071687,38.16438134878681,53.2237925222108,-0.0028268172344597,Tôi
686.0065114973133,3630.959767176081,3499.995060504492,268.9982330251437,2000.9807187889555,250.10155718519616,33.298336249370735,47.91782326012745,0.0002076684787671,Tôi
513.9689991944198,3940.991635902333,3197.0194874416025,399.9961713787252,2001.013722496839,245.39973236845623,36.17562686330423,48.601826412018674,-0.0407476117025402,Tôi
378.99359991203903,3649.008026642084,3413.012115127793,305.0141035408068,2001.000667413936,243.87504280479328,37.138715150389984,47.30245775698895,-0.0450602301513388,Tôi
235.0021272095288,3637.991432161664,3560.983877907134,332.000615511956,2000.006854891256,243.5391483632544,35.42812962451302,47.778422080294106,-0.0017032267136811,Tôi
221.02857510206104,3695.0073194663128,3519.0007523751137,419.9937896594101,1999.987752623564,237.46521992046,39.68389771971664,50.93520269917947,-0.0027398238233053,Tôi
220.9850277581817,3694.986187966154,3519.0208338248303,420.0089351578495,2000.01755448536,237.4817307833988,39.659255424995344,50.94054777905224,0.0049198649349981,Tôi
1.9970296675665364,1.0220948617066956,0.9661816356203734,0.9763779517971936,1889.013133103659,71.08951362798456,-66.54742210279407,25.94978411539908,-0.0030900204245934,Tôi
0.9981278809949974,1.0157238779741844,2.00181619584982,1.999128008769028,1887.9731559987267,72.33342341994681,-66.75683537204222,23.29203183985679,0.0060408034030089,Tôi
0.0171853436286082,0.9872488913345064,1166.9969671098877,3.0136423972821804,1888.00606934128,73.94395249698194,-66.77551880683062,13.886267611698612,-0.0125744420713504,Tôi
2797.9839718868534,2046.989136361088,1783.02599590006,2.0429452341580387,1887.9873120058576,73.00625391356883,-62.28767091001581,-3.968174735756802,-0.0127001064891561,Tôi
355.9908994993091,3057.983358694816,1982.9831894088625,1.976972424939504,1904.0085611041964,73.14633443054142,-60.616754818698816,-9.347228063312905,0.0120581987101943,Tôi
866.006952145018,3742.0210618620354,3896.9669895838138,0.9997462207726224,2015.986183105076,74.92104868050019,-60.22129187375812,-6.0815715423886845,-0.0079781484304109,Tôi
573.0034263071976,4273.955290759821,5783.001687661536,27.04062542293753,2096.983984529903,73.4768530509125,-63.86270958618621,-7.429722539011789,-0.0060639706900462,Tôi
751.9996524604583,4499.032711853557,6520.025795582962,103.0078307109054,2112.980329151177,71.46010696079439,-65.9162511547763,-8.691225770247431,-0.0100320194721114,Tôi
600.9852627228029,3979.020137096779,6474.021974881144,319.97665770335453,2097.017485533265,68.72207934604856,-66.0591359988168,-5.580129227134158,0.01207337010011,Tôi
980.0084618903855,4105.9500784721495,6521.005586669508,57.01371418794043,2080.0017939491054,62.17104757682978,-60.86673190198608,25.96840399686267,-0.0015429299264142,Tôi
1365.011726222465,4214.999806035333,6167.990790051369,197.94321130314725,2096.9854798161823,71.36771044141385,-44.18681512233093,49.22764488339456,0.0100347307002364,Tôi
1565.9823764293492,3853.996788691432,4952.025258257724,23.01210483119997,2064.0132019190924,94.4976049450076,-17.686324255175357,71.29080908324627,0.0211617175405515,Tôi
1484.9937253284074,3613.966537368884,4109.973337441676,1.0509030554867993,2032.0088466650184,129.2528918249691,8.092082289056115,76.72296699253138,-0.0259523265700548,Tôi
1473.0219681213723,3775.997467165552,4285.987202682152,-0.0347339681209556,2032.0194598552632,169.9386389711153,31.70212589482898,69.3701993235601,0.048272921662031,Tôi
612.0089502769124,3480.0038683490584,2990.9874691174664,1.9896965709050616,2033.028022338557,196.7123095246845,35.61988398034202,53.31918338665858,-0.0114131789020093,Tôi
644.0038632467966,3128.995482948836,3913.9831298248514,1.982121783785711,2033.0244376075536,214.5609853233385,28.054303168239564,46.247178661021366,-0.0143664788639479,Tôi
646.9827296444919,3601.026203134754,3597.999519633612,0.984096464617354,2000.9985787054463,233.07897750964983,26.365503420802167,44.74473796288881,-0.0064723283359003,Tôi
870.9817465217169,3352.0051691484014,3067.9860925686103,473.9693765339519,1999.9851995002552,247.58480519339065,27.10022385030325,46.14752338473208,-0.0052462719074729,Tôi
557.0076643009337,3491.993104857777,3137.982693411958,738.0338022800786,1999.9967434047232,251.94343502308172,31.950577472224165,47.677623320200006,-0.0053324500334889,Tôi
558.004497090355,3247.0035666577173,3230.0071398159366,382.0145685086217,2017.017076114732,243.75892677272108,38.12706728668246,53.15546693421119,-0.0147618671590597,Tôi
686.016456599753,3630.981035576355,3499.9847076573164,269.0057887591755,2001.011458259665,250.0413767186093,33.30130278033677,47.91749381647589,0.0341814455671203,Tôi
514.0261802289676,3940.975070776175,3196.9930267841346,400.0328405484415,2001.0025559625203,245.454028982784,36.19011736189664,48.57173235493407,0.0230490449839762,Tôi
378.9312325781256,3648.993820390969,3413.0087772374586,304.99653957465137,2001.0212602829856,243.88155607311043,37.11294134879103,47.30025384386717,0.0343239395815237,Tôi
234.9898471659673,3638.022967533836,3561.0091582890946,331.9715092177129,1999.9793014918207,243.5163549013552,35.4113237638755,47.799146894988624,-0.0056312228711404,Tôi
0.0,0.9992401934304124,0.0,1.0166696794335663,1889.0039098236657,71.0419218675595,-66.58914827851468,25.946381502910736,0.0003359081758098,Tôi
1.0039467036290328,0.996404434218162,2.01840858065293,2.040164818108885,1888.044892194916,72.30069257353531,-0.0,23.252006211042904,-0.0274481747478373,Tôi
0.008298053274685,1.022009819142133,1167.0099148016568,3.001297634229873,1888.0118002210029,73.92940832163225,-66.78037284871212,0.0,-0.0093460461003193,Tôi
2797.981468224859,0.0,1782.9690219936344,1.984522560492519,1888.0283464278905,0.0,-0.0,-3.940752473109903,-0.0136788404610705,Tôi
355.9920509518341,3057.996561748527,1983.0178206888047,1.980726705778412,1903.9893938362727,73.09068832318476,-60.64007805877322,-9.305761355504554,-0.0159594553193618,Tôi
865.9935470720201,3742.002946064544,3897.0138455369497,0.9686612455374276,2016.0042418892967,74.89744440877749,-60.21171804920521,-6.059605095758368,-0.0156644478200069,Tôi
573.0225712487951,4273.996510264191,5782.991783785696,26.973683940194466,2097.046910491321,73.47740937524888,-63.87968897748111,-7.41465700603757,0.0243722162550693,Tôi
752.0051277265821,4498.980845005949,6519.99635318627,102.9877869807049,0.0,71.50366548773012,-65.90003337973367,-0.0,0.0159573951695826,Tôi
0.0,3978.985314776101,6474.01740357964,319.9729691469864,2097.000373954118,68.70408555050207,-66.07712547157286,-5.541309623198652,0.0179556043428802,Tôi
980.033361564837,0.0,6521.041788603891,56.99599123440013,2080.0311675765224,62.16491360539646,-0.0,26.00435085760736,-0.0072709977877142,Tôi
1364.96784545734,4215.022007051132,6167.965163575804,198.0396411977784,2096.986171454064,71.37041027136443,-44.21123386363561,49.22232756709179,-0.0076296091606765,Tôi
1565.9783900438608,3853.973987854642,4951.999045897172,0.0,2063.9873823520884,94.50957915837616,-17.67233102933138,71.31474290046184,0.0193443747621777,Tôi
1485.0133960314738,3614.0092873169474,4109.981663917728,0.9968153522833968,2031.9987064358645,129.24769999900366,8.047540387730777,76.75143902457658,-0.0111034224607422,Tôi
1473.021269988992,3775.9991869026094,4286.024487843947,0.0443004697255423,2032.0092861582748,169.94396857327862,31.681640887605926,69.35287682320529,0.0,Tôi
611.9928956573154,3480.0228691451343,0.0,2.008071220197308,2032.992799542443,196.6917892277509,0.0,53.31925648591314,-0.0343979192628507,Tôi
643.9946981204123,3129.022046863581,3914.020491317193,1.9745681533296568,2032.994139624181,214.5907058490655,27.963254580450567,46.229165359772736,-0.0,Tôi
647.0090204142349,3600.974460700349,3597.9587411706307,0.9606967939238368,2000.9966939034969,0.0,26.382309750523383,44.73921013763389,-0.0005926762570916,Tôi
870.9975511867814,3352.0110287007665,3068.0056113001788,473.9796813816204,2000.035616001962,247.5572980976841,27.11033944083038,46.1417616643209,0.0322375583729148,Tôi
557.0127455947531,3491.989691061118,3137.977088565048,737.9600252280558,2000.022247770108,251.91609517958548,31.954946314306145,47.62195075153669,0.0055227968661341,Tôi
558.0180242642847,0.0,3230.002654364756,381.9873230873536,2017.013872089093,243.76362340980327,38.169045588113605,53.155574461463694,0.0235456917857397,Tôi
685.9777925063947,3631.001466880183,3499.989548912146,269.0293216140842,2001.0030414597816,250.0679015088233,0.0,47.94877955940287,0.0042478392437331,Tôi
513.9971729517631,3940.997737758675,3196.981820630555,400.0079511508612,2001.0383141563284,245.433925681574,36.19955615532716,48.561896254062326,0.0021433450280161,Tôi
379.019466989145,3649.029163571148,3413.0236007606386,304.95919818213906,2001.0061604055163,243.8674285974988,37.13368372382066,47.31976950781589,-0.0072886467400892,Tôi
235.0125110948512,3638.001262097716,3561.004330469395,331.96268453200736,0.0,0.0,0.0,47.81797911834169,0.0104884855083384,Tôi
220.99309740560216,3694.9959349650726,3519.013819071641,419.9798153197213,1999.978949717416,237.4313562991224,39.67095948210458,0.0,-0.011318523989652,Tôi
174.0,3773.0,3162.0,302.0,2000.0,240.12,36.75,48.06,0.005,Tôi
190.0,3647.0,2874.0,465.0,2000.0,238.0,38.19,47.69,0.003,Tôi
258.0,3223.0,3449.0,419.0,2001.0,230.62,39.88,52.75,0.004,Tôi
308.0,3145.0,3154.0,532.0,2000.0,240.56,36.75,46.38,0.003,Tôi
162.0,3472.0,2673.0,501.0,2001.0,238.37,38.19,47.81,0.003,Tôi
66.0,2577.0,2384.0,340.0,1969.0,217.19,40.56,55.13,0.002,Tôi
2.0,2803.0,2188.0,1.0,1889.0,180.75,36.63,50.63,0.001,Tôi
1.0,10.0,0.0,520.0,1888.0,156.06,29.0,24.56,0.001,Tôi
182.0,1.0,187.0,276.0,1888.0,142.62,17.62,7.44,0.002,Tôi
2.0,2.0,469.0,3.0,1888.0,132.75,6.87,9.06,0.002,Tôi
237.0,861.0,1144.0,1.0,1888.0,122.69,-7.81,5.69,0.001,Tôi
162.0,2.0,222.0,272.0,1889.0,112.44,-31.25,4.0,0.002,Tôi
281.0,3.0,195.0,65.0,1889.0,105.19,-52.38,6.19,0.002,Tôi
219.0,0.0,1.0,702.0,1888.0,105.69,-70.81,-4.56,0.002,Tôi
83.0,1.0,2.0,57.0,1888.0,108.81,-85.62,-3.19,0.002,Tôi
1.0,2.0,2.0,2.0,1888.0,105.37,-87.44,-0.44,0.002,Tôi
4.0,1.0,2.0,0.0,1889.0,106.0,-83.69,-0.81,0.003,Tôi
1.0,1.0,1.0,1.0,1889.0,106.56,-83.25,0.5,0.002,Tôi
0.0,2.0,0.0,1.0,1889.0,107.56,-84.06,1.37,0.002,Tôi
0.0,1.0,1.0,1.0,1888.0,107.06,-84.19,1.62,0.002,Tôi
1.0,2.0,1.0,1.0,1889.0,106.12,-83.81,0.5,0.004,Tôi
0.0,1.0,1.0,2.0,1888.0,104.06,-82.44,-3.37,0.003,Tôi
1.0,1.0,1.0,1.0,1888.0,101.75,-82.75,-8.0,0.004,Tôi
1.0,1.0,0.0,2.0,1889.0,100.56,-83.0,-6.19,0.003,Tôi
0.0,1.0,2.0,1.0,1888.0,100.5,-83.0,-5.87,0.003,Tôi
161.14304793100277,3493.454882672285,2927.7100811928126,279.5957812823981,1851.8187795936813,222.32774706915475,34.00505899889438,44.502960840605496,0.0039437467561071,Tôi
175.92335037732877,3376.810335571279,2661.059204066792,430.5515623088679,1851.8541816623028,220.3648888188636,35.378980789848384,44.18042690192074,0.0008849849105322,Tôi
238.89114779509345,2984.2030143705824,3193.492449236176,387.9462481568254,1852.7474793561985,213.5485145820193,36.952939709046085,48.8421234791453,-0.006898405907534,Tôi
285.16394353915746,2911.992265573793,2920.3234532466354,492.5650472030045,1851.826329726554,222.727460162641,34.01468180346799,42.941472986156406,0.0123629996679626,Tôi
149.9786986240045,3214.7407931721764,2474.9680102225484,463.8715162330347,1852.7604728191689,220.71544010754724,35.352839102953055,44.26212764066318,0.0065297510243349,Tôi
61.13418811882122,2386.0763433525462,2207.4014594540745,314.81373456404714,1823.0992948995183,201.10017548616145,37.52156667238204,51.04466907796604,0.008432783718932,Tôi
1.85175872141876,2595.320748724984,2025.911033235952,0.9120287454452328,1749.073535493747,167.35776502116542,33.93334145875726,46.870648357990575,-0.0035696550644815,Tôi
0.901559553670052,9.2443616000327,-0.0006789203655191,481.45764771306295,1748.1461917292404,144.49050794036555,26.84500595999906,22.759979589749346,0.00971206292921,Tôi
168.50725317991007,0.9485316347815388,173.11526207667723,255.5634307091809,1748.1151612265744,132.0481294382216,16.31071953555921,6.888505120688112,0.0190077413960803,Tôi
1.824159305361376,1.8508924422428947,434.267228806809,2.769115580865976,1748.113870377559,122.87796645372626,6.369125201593365,8.350434785327472,0.0043417901004548,Tôi
219.393007729913,797.228388389396,1059.25516318093,0.9391641394813316,1748.1294713008665,113.6075421145372,-7.251258273474817,5.263097373304321,0.0160994946238178,Tôi
149.99612008862567,1.8223668416329697,205.5503722050031,251.87310858212936,1749.0451252252396,104.12984206645626,-28.97062261459028,3.678917859682689,-0.0019110425204925,Tôi
260.1844712571917,2.7546270057782243,180.55503422683412,60.17127462494678,1749.0441522038147,97.3778192299418,-48.50778190413655,5.744645307062316,0.0049906255396516,Tôi
202.79060532736864,-0.0113461450514599,0.9213334932452654,649.9728776888188,1748.1142205182607,97.8637280727677,-65.57705967446904,-4.226628218755339,-0.0354300977464378,Tôi
76.84205081987173,0.9086704480921196,1.811609711091314,52.78300329765005,1748.1271532925623,100.73943835744892,-79.24999385276404,-2.922489427022982,0.008309221925995,Tôi
0.9517467223741422,1.847778047422448,1.8450826173016928,1.839504591343672,1748.1212879804254,97.55570457105158,-80.97422374475495,-0.4150934941666841,0.011551684042316,Tôi
3.690741967478847,0.9289292375838564,1.85684152610852,-0.004703922500863,1749.0210704534943,98.10700856629484,-77.51168104886582,-0.7495283560712718,0.0246560260336853,Tôi
0.9511385159910536,0.9322050053671792,0.931799000377163,0.9699142782203952,1749.0459122946006,98.68880852673928,-77.05940792701627,0.4424731583785533,0.0107138787816458,Tôi
0.0128697256604813,1.8350508283257416,0.0266559076663795,0.9073874269948652,1749.0454064873602,99.58392993656,-77.84100851354822,1.2533101247113925,-0.0132008780900343,Tôi
0.0068979685232828,0.8978260111686925,0.9350163753123668,0.8951307287608085,1748.117640528881,99.13496744879224,-77.9273125054833,1.513320062595953,-0.0099671606866943,Tôi
0.921424827268685,1.8297140907358207,0.9447575443870516,0.9417202476889364,1749.0449915079762,98.2852835591802,-77.58652152434492,0.4975936877710986,0.0048996481913515,Tôi
-6.033957926843037e-05,0.915992901102786,0.9343649583792784,1.8369226497996696,1748.111439426781,96.3381559804532,-76.34964732360866,-3.117359154124857,-0.0196100860667259,Tôi
0.9450151845736532,0.9111754197706392,0.9156741848385568,0.9160972885798876,1748.134112450237,94.22118908115968,-76.6200898720404,-7.383997597817272,-0.006165951832641,Tôi
0.9014271916063462,0.926356043552919,-0.0188809330456353,1.86582603065622,1749.0135351666097,93.1199296286281,-76.864455012302,-5.688330434900156,0.0418579890475792,Tôi
0.0168170284497595,0.9336934333233534,1.8381768813433743,0.9161072969992756,1748.0864744078417,93.05579136252491,-76.83438330079863,-5.4175411070964,0.0049577554616133,Tôi
173.99985766444038,3772.9975725483023,3162.0135639538503,302.0144581316053,1999.9716420267405,240.10674863366768,36.75069549388633,48.07833338718203,0.0112100374391555,Tôi
189.97634203190512,3647.010610894374,2873.989435843025,465.0082963624122,2000.0473536858765,237.98625653126456,38.19508224544577,47.69617715121821,-0.0244536680744216,Tôi
257.9602002417888,3223.030586472913,3448.9424602803674,419.0014334247481,2000.989496624186,230.6233389183689,39.88414381310909,52.71393860113742,0.0381768720661143,Tôi
307.9957217642653,3144.9526007068657,3154.018258572108,532.0025499837554,1999.990026322768,240.5405762381092,36.79164272009873,46.37501630571501,0.0039905530012909,Tôi
162.02383586770014,3472.017436879089,2673.0147215492616,500.99117293141967,2000.9794264152208,238.37524020802456,38.202765233856695,47.81758460616985,0.0148372857587987,Tôi
66.01432551242966,2577.0058840732486,2383.978752938565,340.0210957136947,1968.997206059596,217.17555718483453,40.569551304341616,55.13455304777676,-0.0281862852432229,Tôi
1.9600500579885425,2803.010017313072,2188.011861460215,0.9908264792706656,1889.045091925198,180.76718195564808,36.57849822648197,50.6410019022164,0.0192445911267836,Tôi
1.010724598514752,9.999142588453848,0.0020949611929607,519.9927544770449,1887.9963740857936,156.07566017352752,29.030930085239024,24.553719406558912,0.0274015013575026,Tôi
182.02766122812903,1.0100590695282516,187.0256124698764,276.0244758519895,1887.9925887347115,142.6259910265438,17.64640522659772,7.457835679267021,-0.0111423321148101,Tôi
2.0115094488462355,2.005174415674904,468.987026319363,3.008036121690475,1888.003666752467,132.74029183847188,6.869283298976479,9.041926755987667,-0.0057485868656618,Tôi
236.9917753795126,861.0221660312878,1144.021964189557,1.0525762348470815,1887.978833902345,122.6737797128545,-7.789712286271087,5.665203880382161,0.002949565462728,Tôi
161.97153612423298,2.0245164954504493,222.016850003992,271.9902397972849,1888.9913820634576,112.45057170242949,-31.257217853642903,4.020514667147934,0.0159117851194609,Tôi
280.9713144940995,2.977209759449482,195.04909382606888,65.03552700302357,1888.996245935572,105.1866495432953,-52.335953034194006,6.174387236549791,-0.0022273973013448,Tôi
219.0372089835283,-0.0022054781981889,1.021480529297621,702.017728422747,1888.0203804692555,105.68086976441757,-70.79545001089147,-4.564161511773348,-0.0285195746944142,Tôi
83.00366932463275,0.9430626146352477,2.011086243640167,56.98465886177926,1887.9886160528267,108.81861517375678,-85.60609410182639,-3.173551971981797,0.0108208075783219,Tôi
0.9996882015633748,1.987213066007606,2.0297592621642946,2.0068420188800347,1887.996884707929,105.34374528093429,-87.43673039209285,-0.4265143299396055,0.0195891429308351,Tôi
4.02205702394537,1.0029980683716808,1.994172766155099,-0.0305969973792695,1888.9891805113853,105.9903728414795,-83.70922609506033,-0.8062753041933852,-0.0094686821025855,Tôi
1.0241620164646548,0.9986829507355436,1.005456127354151,1.0072304257137954,1889.024949295872,106.57793981619297,-83.22367059785755,0.5035328605243249,0.0023632339546889,Tôi
0.0324449849930266,1.9975649148522183,-0.015610045014874,0.9690641831640678,1888.98599641506,107.56430406307948,-84.04202808509771,1.394789927784702,0.011678912048885,Tôi
-0.0093652748041159,1.0337348941317688,0.9965335277341848,0.98230859218117,1888.0192699843333,107.08160270267732,-84.19684269191772,1.6387963529832048,0.0120889863633281,Tôi
0.9856517062881476,2.007147891655519,1.0145908490507325,1.0054845287589207,1889.0036032280773,106.09654143702063,-83.81132530216881,0.4955495955120613,-0.0418087445674286,Tôi
-0.0198416144515805,0.9907822712364004,1.0015301070193643,1.9862398782225623,1888.0069725571911,104.0790331852726,-82.42617800487747,-3.396468166914852,-6.978544555683811e-05,Tôi
1.003901225502348,1.0006481193312085,1.002069493442695,0.979390347418562,1888.007078053423,101.755633331856,-82.74644303498836,-8.018746248170952,0.0451502433474701,Tôi
0.9722077105641608,1.0102379741828809,0.0030231796019836,1.9809778377738136,1888.9896171422808,100.5719198842046,-82.9766831843196,-6.201948079261425,0.0202274144871379,Tôi
-0.0269627639425912,0.9758433931645376,1.9698768791163908,0.9941300677501504,1887.9887683700035,100.5066191821647,-83.02297685525798,-5.872920194526492,-0.008159661854612,Tôi
257.96827579145264,3223.027224742189,3448.993931290666,418.97387608404944,2000.9993181160585,230.6143963563088,39.85557361146324,52.7781674331894,0.0327259439626774,Tôi
307.9539884777782,3145.0233747473344,3154.0202087096814,532.0124144208952,2000.0130101671675,240.55795717877544,36.76553828989906,46.40094503692192,-0.027012389295954,Tôi
162.00070249419142,3472.02047422555,2673.0176364978106,500.99300298474753,2001.0418078037533,238.36255010894035,38.18186084744865,47.82783107107213,0.0219393584846817,Tôi
65.99694269355247,2577.0060256836105,2383.994829304097,340.0476949439301,1969.0166099297328,217.23530178326567,40.57082120661595,55.11815584318442,0.0159975316590062,Tôi
1.975831678508449,2803.01920069344,2188.0126242046417,0.9510604918351838,1889.0269328583768,180.7401869105624,36.618062548706895,50.65070976485366,-0.0043810353301825,Tôi
1.0113342459489447,9.965440814186408,-0.0024158614029071,519.9872518963709,1888.0084448616112,156.08057950176348,28.99446949715453,24.568175483798363,-0.0063792846288238,Tôi
181.990509597148,0.9593150156217446,187.00634172930933,276.02187561836337,1888.03337139438,142.5897131398348,17.617324359965497,7.459063485949319,-0.0007374290341268,Tôi
1.973021201265486,1.9888600911981027,469.0191777428064,3.0163506604902914,1887.97860161966,132.77401161000353,6.838489719888408,9.03253666724463,0.0343654084748178,Tôi
237.0353894351425,861.0306483725846,1144.0310531324192,0.9451414065622074,1887.9733153218035,122.6544101579436,-7.833022593505516,5.687942455988721,0.0267657234167995,Tôi
161.9843371287684,2.0152206454184585,222.0120658880616,272.013486461107,1888.973856134313,112.42201978096602,-31.283241712635743,3.99487782352538,-0.0232055845487755,Tôi
280.98560458423503,2.987005794126533,195.01608098273925,65.00685044433826,1888.9957423787312,105.17283938612748,-52.35610238107498,6.178690195721422,-0.0236530883701394,Tôi
219.00632856104963,0.008058246220999,0.9981848467211863,702.0005073793909,1887.982832869896,105.68492421831796,-70.8051608881122,-4.554891759089953,0.0106599274850631,Tôi
82.9714951106409,0.9788144564839522,1.9671535209263893,56.95873194057244,1888.030228326667,108.8168541097862,-85.6712642938277,-3.1846833349125423,-0.0178366757836828,Tôi
0.9973567610763754,2.019356567420236,1.9859070598301327,1.9967089934964253,1888.0090615871093,105.35573442622588,-87.47109121815204,-0.4636805851535836,0.0052235238774529,Tôi
4.03218682239031,0.96499949014256,1.964939281036944,-0.0017182631969064,1889.012691153994,105.99583044424388,-83.7088634683889,-0.8530751874261481,0.0088793929608218,Tôi
0.9785620173392992,1.0291929463228575,1.0171472360793488,0.9711495420214143,1888.9920066673728,106.56547859075222,-83.24999077488486,0.5108029239890388,0.0247455090443177,Tôi
-0.020960917890768,2.023384291029776,-0.0066265172296448,0.9902478640604816,1888.984962870268,107.55841768379358,-84.07930646210339,1.37528887521776,0.0177591141495729,Tôi
-0.0053633412976356,1.014385869788693,1.0054484360997638,0.9725602112868248,1887.9866879292488,107.075014204408,-84.18614402867289,1.6174003050544548,0.0239343202333476,Tôi
0.9599971506184832,2.0311993300110376,1.0016900386199474,0.9917588406177564,1889.014482329932,106.1614830221638,-83.82869351886913,0.4881313977904009,0.0302300582188972,Tôi
0.0039067451759931,1.0017588000187176,0.9660471830762868,2.0096798148857693,1887.9919011536315,104.04747401029314,-82.48091610441244,-3.385856452656105,-0.0087135517717922,Tôi
0.9885114211488516,1.0094757560755074,0.9790605122070128,0.98582578423296,1888.0027520663864,101.73711481489194,-82.758281698151,-7.96522016882537,0.0158490766401442,Tôi
1.0225963678471937,0.9966618425670544,0.0115056224264143,2.013425088665232,1889.0218403340768,100.56745312923152,-82.99750206371799,-6.197565012679322,0.0192709948566119,Tôi
-0.0086507622045334,0.989310586663196,1.992489394029787,0.9596114609389828,1887.9901636151687,100.51788699694288,-82.992298148954,-5.87021261718999,-0.0007765919702038,Tôi
173.9967957264983,3773.0089545480014,3161.989346257997,302.0144140799304,1999.9864554967487,240.0985312555924,36.74388567100344,48.032832136395584,0.0173894761042859,Tôi
189.96069174334048,3646.985837396316,2873.976905236588,464.9876112780376,2000.0125582529445,238.00388557323444,38.21100339309511,47.69479296309712,0.0408392916022074,Tôi
173.9946203648206,3772.978591545197,3162.0197076544973,301.982054736132,1999.988515884453,240.13916957765147,36.7522677781084,48.069513241048696,0.0139734371072153,Tôi
189.99019366911472,3646.9924752191214,2873.988646883348,464.9994822253328,1999.9889647107589,238.07033352356504,38.20131341880533,47.71698119035392,0.0422421755430461,Tôi
257.9923811709004,3223.009938931856,3449.0004845201,419.0022781543605,2000.9757194600368,230.6065977352432,39.86931895076178,52.74557156543809,-0.0053634937123057,Tôi
307.98827676910616,3144.955874843771,3154.0001716807224,531.9670853243846,2000.0532858580048,240.55033026886323,36.75081311409088,46.37997829641685,0.0001083065688898,Tôi
162.04361377928217,3472.000030064484,2672.995371751759,500.9502876604733,2001.007202607608,238.36388578997904,38.17791447461128,47.81992688924418,0.0153067604200543,Tôi
65.99614543927527,2576.9747524060385,2383.986284052625,339.9828177721574,1969.0221952586744,217.2013366672724,40.58031710564324,55.11735956157558,-0.0092510981238311,Tôi
1.989885057266731,2802.983704134613,2188.021256039101,0.994760346251928,1889.043718909766,180.7700728765812,36.61729763595224,50.67262515153342,0.0156148271463431,Tôi
1.024921431332512,10.01681147557849,0.009532938738893,520.0232018695812,1887.986899301933,156.0489361388318,29.001578934561987,24.573815997192906,-0.0047659906354411,Tôi
181.9785266505544,1.0248813116403277,186.99901248842016,275.9898115509367,1887.9980280154527,142.6168471198042,17.626392248183183,7.444696103485123,-0.0198381080208366,Tôi
2.0268252308418813,2.001593713535875,469.0053192665416,3.0087279491832346,1887.9984055989407,132.76675547789708,6.859604504211706,9.070866554651335,-0.0293996611907075,Tôi
236.98795384602465,860.999706430905,1144.021935596913,0.991387255632218,1888.012602141437,122.7310902253421,-7.812366469983811,5.688621225090712,-0.0072891266399896,Tôi
161.99465730069883,1.9948251815454587,221.9760964600364,271.9706697825869,1889.0139188143328,112.46621339112107,-31.25385150015325,3.995122175106964,-0.0019996765465627,Tôi
280.99819902555026,2.995953350182311,194.99019658131093,64.99143980881558,1889.0012281373567,105.18679016588048,-52.40220774661225,6.205252223222196,0.015385232401769,Tôi
219.0212310520886,-0.0061776918139347,1.002931743548478,702.0128871860696,1887.987219756376,105.65460311120664,-70.80544512473494,-4.55309139391124,0.0196180729316134,Tôi
82.99313341343988,0.9976447170317692,1.9572711349035945,56.98970853328367,1887.998122223353,108.79335533201544,-85.60159959297235,-3.185513284304,-0.026147363880137,Tôi
1.0196747063996885,1.9920549785081665,1.984092300666983,2.0170253689592914,1887.9572797214084,105.37939555096987,-87.40035460246813,-0.4291148860511712,0.0378790687442452,Tôi
3.994871049508606,1.014486603986953,2.0080589423816013,-0.0106959933900805,1888.992040476366,106.00869662130384,-83.70300793486392,-0.8139819690804285,0.0063049900786695,Tôi
1.005162592712599,1.01280595333186,0.9628835444500738,0.9775559615841946,1888.9902605058728,106.56960242853964,-83.22540293574914,0.482378502222782,0.0231601482149277,Tôi
-0.019071163776223,2.03241726310908,-0.0243465957176085,0.9936574725337334,1888.9885304370923,107.51873877483492,-84.03272081094748,1.3943912022378977,0.0127424911971831,Tôi
-0.0088462840894931,1.024741871865424,0.9754271762073016,1.0002400706427126,1888.012541201214,107.05578194487993,-84.17977409937251,1.6382752381775108,-0.0069037854080974,Tôi
1.0179466705106646,1.9785985668617203,1.0445476002091425,1.0146954664969166,1889.033936130246,106.14230241290322,-83.80954402304808,0.4960860877507166,-0.0135062974750297,Tôi
-0.0216028738368667,0.968423236276154,1.0033582366901184,1.973938459173921,1888.0019876573767,104.07271988620504,-82.45699576524899,-3.378942024983321,-0.0130995291848034,Tôi
0.9799092809041512,1.0064795503505677,0.9743581382824976,1.019386080894351,1888.010753588467,101.77699943561925,-82.74381339217078,-7.9976524459822995,0.0552647476084534,Tôi
1.0027096217044722,0.998960139813454,-0.0078575415706055,2.001549920805899,1888.984725098711,100.60281409840618,-83.02468841569045,-6.219421689279472,0.0269184336269646,Tôi
-0.0048093868143244,0.964250546077322,2.011631728738968,1.019027429964906,1888.0132475732853,100.49282864924383,-82.99787942394364,-5.86018618848245,-0.0219825464354821,Tôi
1.0,2.0,0.0,1.0,1888.0,100.81,-83.12,-0.69,0.001,Tôi
0.0,0.0,1.0,0.0,1888.0,101.37,-83.5,-0.37,0.002,Tôi
1.0,0.0,1.0,2.0,1888.0,100.75,-82.56,-4.37,0.002,Tôi
0.0,1.0,-1.0,3.0,1889.0,100.5,-80.69,-5.44,0.002,Tôi
3.0,0.0,2.0,1.0,1889.0,101.37,-79.5,-5.0,0.001,Tôi
0.0,2.0,2.0,2.0,1889.0,100.87,-79.06,-5.5,0.001,Tôi
1.0,1.0,2.0,2.0,1889.0,97.5,-79.06,-4.5,0.001,Tôi
0.0,2.0,1.0,2.0,1889.0,96.75,-79.69,-5.56,0.001,Tôi
1.0,2.0,1.0,1.0,1888.0,97.19,-79.75,-4.62,0.001,Tôi
3.0,0.0,1.0,1.0,1889.0,96.56,-79.87,1.5,0.001,Tôi
1.0,2.0,1.0,2.0,1888.0,95.25,-79.94,10.81,0.001,Tôi
0.0,1.0,1.0,2.0,1889.0,96.0,-79.62,14.31,0.002,Tôi
2.0,1.0,2.0,1.0,1888.0,95.69,-78.94,15.06,0.001,Tôi
1.0,1.0,1.0,0.0,1888.0,95.12,-78.06,17.12,0.002,Tôi
1.0,0.0,3.0,1.0,1889.0,94.31,-77.81,17.81,0.001,Tôi
1.0,0.0,1.0,2.0,1888.0,94.0,-77.75,19.62,0.001,Tôi
1.0,2.0,1.0,0.0,1888.0,93.62,-77.12,20.37,0.001,Tôi
0.0,1.0,1.0,1.0,1889.0,96.87,-77.56,18.31,0.002,Tôi
2.0,2.0,58.0,1.0,1889.0,101.37,-74.0,23.19,0.002,Tôi
0.0,795.0,2388.0,2.0,1888.0,104.5,-70.25,22.5,0.002,Tôi
7.0,1015.0,742.0,2.0,1889.0,105.44,-68.87,16.37,0.002,Tôi
24.0,1413.0,134.0,2.0,1888.0,101.81,-66.19,9.06,0.002,Tôi
77.0,1177.0,464.0,1.0,1889.0,100.5,-64.44,5.5,0.002,Tôi
2208.0,1159.0,223.0,0.0,1888.0,100.0,-60.88,1.94,0.001,Tôi
2544.0,2841.0,192.0,1.0,1889.0,100.69,-57.56,0.0,0.002,Tôi
1.0,2.0,0.0,1.0,1888.0,100.81,-83.12,-0.69,0.001,Tôi
0.0,0.0,1.0,0.0,1888.0,101.37,-83.5,-0.37,0.002,Tôi
1.0,0.0,1.0,2.0,1888.0,100.75,-82.56,-4.37,0.002,Tôi
0.0,1.0,-1.0,3.0,1889.0,100.5,-80.69,-5.44,0.002,Tôi
3.0,0.0,2.0,1.0,1889.0,101.37,-79.5,-5.0,0.001,Tôi
0.0,2.0,2.0,2.0,1889.0,100.87,-79.06,-5.5,0.001,Tôi
1.0,1.0,2.0,2.0,1889.0,97.5,-79.06,-4.5,0.001,Tôi
0.0,2.0,1.0,2.0,1889.0,96.75,-79.69,-5.56,0.001,Tôi
1.0,2.0,1.0,1.0,1888.0,97.19,-79.75,-4.62,0.001,Tôi
3.0,0.0,1.0,1.0,1889.0,96.56,-79.87,1.5,0.001,Tôi
1.0,2.0,1.0,2.0,1888.0,95.25,-79.94,10.81,0.001,Tôi
0.0,1.0,1.0,2.0,1889.0,96.0,-79.62,14.31,0.002,Tôi
2.0,1.0,2.0,1.0,1888.0,95.69,-78.94,15.06,0.001,Tôi
1.0,1.0,1.0,0.0,1888.0,95.12,-78.06,17.12,0.002,Tôi
1.0,0.0,3.0,1.0,1889.0,94.31,-77.81,17.81,0.001,Tôi
1.0,0.0,1.0,2.0,1888.0,94.0,-77.75,19.62,0.001,Tôi
1.0,2.0,1.0,0.0,1888.0,93.62,-77.12,20.37,0.001,Tôi
0.0,1.0,1.0,1.0,1889.0,96.87,-77.56,18.31,0.002,Tôi
2.0,2.0,58.0,1.0,1889.0,101.37,-74.0,23.19,0.002,Tôi
0.0,795.0,2388.0,2.0,1888.0,104.5,-70.25,22.5,0.002,Tôi
7.0,1015.0,742.0,2.0,1889.0,105.44,-68.87,16.37,0.002,Tôi
24.0,1413.0,134.0,2.0,1888.0,101.81,-66.19,9.06,0.002,Tôi
77.0,1177.0,464.0,1.0,1889.0,100.5,-64.44,5.5,0.002,Tôi
2208.0,1159.0,223.0,0.0,1888.0,100.0,-60.88,1.94,0.001,Tôi
2544.0,2841.0,192.0,1.0,1889.0,100.69,-57.56,0.0,0.002,Tôi
1.0115195872803455,2.069822641679498,0.0019826224032915,1.0321631908403912,1918.1886918194311,102.426011007358,-84.4339582238767,-0.6723602936989997,-0.0309311911503885,Tôi
-0.0181491614178049,-0.0229213010004845,1.0277301007284372,0.0022644038197648,1918.181744473561,102.98762242977092,-84.85358665084087,-0.40209977940502,-0.0258822445781943,Tôi
1.010100164397458,-0.0070197910957131,1.0147605614663262,2.0295746181065435,1918.2366955603388,102.36433354699744,-83.90064928997315,-4.433845285648912,0.0028167791753965,Tôi
-0.0428908647951368,0.9935230473902306,-1.004898172525395,3.044820537839903,1919.18969272072,102.130086868587,-81.96519051109138,-5.533617945425335,-0.0112129762385862,Tôi
3.048025987815016,0.0014274164731315,2.04926185663669,1.001133757478437,1919.2255389144984,102.97841403261862,-80.77127551772635,-5.061092387910388,-0.0267271753436527,Tôi
0.0034320350948111,2.0140690821573983,2.006173979088842,2.027838481028984,1919.1949562546388,102.4768797616344,-80.34568709326928,-5.603316898806917,-0.0023346023561193,Tôi
1.005414588029378,1.0132602215551447,2.019418019945875,1.9905197303288595,1919.2337585375683,99.05870230398936,-80.3447145348536,-4.569254280953997,-0.025036305560641,Tôi
-0.0182938322508356,2.036094316225616,0.9862967991521776,2.039058135389381,1919.195121761894,98.3285493916974,-80.9530762341546,-5.647681312323745,-0.0050872964942861,Tôi
1.0082740407134805,2.0640475383582526,0.9860445367000016,1.0202100021319482,1918.205034647216,98.8105669439407,-81.02409285872876,-4.719655744266864,0.0079686443283689,Tôi
3.0353466285906894,0.0263494504900332,1.0159024900656306,1.004742557821047,1919.240881620896,98.11446197857644,-81.18515710832243,1.496753298674521,-0.0206748320101235,Tôi
1.0266107566938176,2.010554452904167,1.0132072861932466,2.02015043779324,1918.181480969208,96.7691572950061,-81.23165023425219,10.96733496719748,0.0076978314195907,Tôi
-0.0101727635546886,1.0263076559824496,0.9908686394862374,2.017750356458522,1919.234974806552,97.52745713487518,-80.88189852738158,14.549675599341494,0.000767595256967,Tôi
2.078915769824468,0.9882452365073104,2.0306644024480547,1.0390556065100949,1918.1866031873708,97.23091779050972,-80.22613157226439,15.297359142800008,0.022991536814568,Tôi
1.0063917487931051,1.0385343701743988,1.0303497374868245,-0.0136418692653982,1918.20274949124,96.62182181378168,-79.31462119747862,17.403339078162407,0.0354951018256679,Tôi
1.0315966384051596,-0.0320627221142132,3.0581512118685983,1.014405744559333,1919.22455350426,95.82264893741848,-79.06607467779064,18.1286373065032,-0.0066900277659185,Tôi
1.0213929492929246,0.0031602739212955,1.030424224402965,2.0265233131792115,1918.198364735229,95.47632233358593,-78.99990607720643,19.936566020434903,0.0158109328789931,Tôi
1.016211344679982,2.027355436782741,1.0242215610158436,0.0066190761324924,1918.2038176244084,95.13074806968608,-78.36323791688062,20.681562599475065,0.0149228826507475,Tôi
0.0096850269860016,0.9835357036558754,1.012389771783941,0.9805742391993094,1919.24422387852,98.40441702516688,-78.78775348759382,18.60604125058088,0.0098186486496213,Tôi
2.033708798620773,2.0314889032875567,58.96123719635935,0.9901749615107588,1919.1905542153388,103.00473390508358,-75.16123472418961,23.568427592448646,0.021234960028742,Tôi
0.0100388117230567,807.7118590026405,2426.2158078794328,2.027944997880391,1918.1727602188296,106.18055394129384,-71.38822027482165,22.85669990887049,0.0158805774911417,Tôi
7.085390101395813,1031.2050393023978,753.8850661531288,2.000639384954388,1919.224194638032,107.189213659081,-69.92741372161737,16.64022097202852,0.0065887401771089,Tôi
24.402153727169548,1435.5839152826072,136.1196888456564,2.029237628012452,1918.2104497637129,103.4436450823306,-67.27024412309383,9.236143361892577,-0.0005416452845171,Tôi
78.21956858469952,1195.8471954728743,471.4111042347452,1.0212669553585023,1919.2476881456043,102.1146008915636,-65.50577129892582,5.580491405385837,-0.0399599063153986,Tôi
2243.327934251861,1177.5156676677832,226.5949671054817,-0.0543617301802477,1918.202662394964,101.56324387380214,-61.857243031316585,1.9668172667204384,-0.0257458623459742,Tôi
2584.708169817283,2886.444414666565,195.0856983455669,0.9892251622450298,1919.2415934489484,102.33718630036486,-58.49270124702715,-0.0212045890904973,0.014164014974899,Tôi
2008.095351450547,1054.0672311642456,202.84270630239303,0.009011395098053,1717.0993393663643,90.96600182822549,-55.40475863592909,1.744666528779937,-0.0441387399874703,Tôi
2313.660519556142,2583.7750772432214,174.5961310486347,0.9053430555309224,1717.9864964471717,91.56571585754357,-52.36690460583861,-0.0115905444274018,0.0128122851924678,Tôi
0.9064123637392032,1.7986465634682531,0.0068667203749518,0.8970983297321253,1717.0608505380535,91.67113961352766,-75.6174161702233,-0.6364195249058886,-0.006788534859733,Tôi
-0.0040660765991024,-0.0058986414403543,0.9217147696286974,-0.0200083294712879,1717.0957438920093,92.20735812024552,-75.94393248372322,-0.3319419844124498,0.0136089872073371,Tôi
0.892071497122303,-0.0026717186554428,0.9105940700065616,1.8045939202303136,1717.0843939328752,91.62354140946488,-75.10530384512457,-3.96733131395524,-0.0037286758178377,Tôi
0.0034602566376309,0.920040609738154,-0.921977452838934,2.7531408863048905,1717.9429528663338,91.40909144958766,-73.38036665292006,-4.92876281367275,0.001313266655159,Tôi
2.7573852006746646,-0.01432018357815,1.8406917357336696,0.9102100003034398,1717.969491099728,92.2022665983501,-72.32323815827375,-4.540150199021156,0.018432342789868,Tôi
0.0235479730459462,1.8139740463194645,1.8105389175628184,1.8227928174990915,1717.9943139622098,91.70156221079364,-71.89082137780991,-5.001879907812286,-0.0262473364989563,Tôi
0.9033179999106882,0.8906153495188367,1.840947693128064,1.8110479789929208,1717.9545634240214,88.66823639188377,-71.88551950347761,-4.113219026917871,7.684584120517869e-05,Tôi
0.0202435268696097,1.833625192482197,0.8925744546333121,1.836470726730434,1718.0013480185585,87.98305058372001,-72.5072469300161,-5.059840794621489,-0.0004464572182149,Tôi
0.8808971877242565,1.816931914816971,0.8957584438813412,0.9037309012649518,1717.0806323346287,88.38260156252569,-72.49390814208685,-4.182116675955881,-0.0041673432586463,Tôi
2.7330313253652982,0.0092785490130641,0.9111641987037912,0.8872810336628515,1717.956580369406,87.81311044386436,-72.6396917309133,1.4048264737216678,-0.0002378261439875,Tôi
0.9229774470995934,1.816323464194581,0.909481931318454,1.856134280329801,1717.0800381854108,86.65027447323634,-72.71855921425527,9.796510818380254,-0.0063466424121539,Tôi
0.0117306962551378,0.9097216063872346,0.9052831063685032,1.848059116282463,1717.999821709696,87.31140226447792,-72.40922561997945,13.026255219778868,0.0310155774731987,Tôi
1.806527076601896,0.9119615559666692,1.816761763026112,0.9163165243628189,1717.0910997067351,87.03277079458677,-71.76817006522825,13.733190116169652,-0.0014160602107294,Tôi
0.8937117434225506,0.8958248406189963,0.937095810524783,0.0108286367289504,1717.037142765916,86.48176451045816,-70.97589154279,15.581954065530798,0.0115633750937626,Tôi
0.8693914620972006,-0.0131788798224149,2.7114578414678934,0.8878603786908014,1717.9470653445985,85.79769562043401,-70.77898740814612,16.212992897625742,0.014905180957573,Tôi
0.9261563039519932,0.0166372834899587,0.9011950713881318,1.810992958022997,1717.0678423957254,85.50050335702662,-70.72572190123802,17.867302209081206,0.0117917012237537,Tôi
0.9167726372385196,1.836474999150456,0.9084420546049198,0.018390154848607,1717.0779191329284,85.15693806112036,-70.12912770251428,18.4636863210047,0.0305639578075224,Tôi
-0.0004754456242958,0.937050275288478,0.8981366753238004,0.9327194519693826,1717.9493544867948,88.09652453053883,-70.51885565611067,16.63115576232255,0.0186732474190162,Tôi
1.80405470189958,1.833480340290088,52.75285765022176,0.9087264818878608,1717.9778501967717,92.197276485178,-67.30088852050632,21.08870475798576,0.0184919929178938,Tôi
0.0041966352866906,723.0030165480385,2171.7982713842925,1.827110583709741,1717.0332706679255,95.03627261352368,-63.88443219798582,20.47874653224201,0.0025906607988689,Tôi
6.39153401407235,923.102540897577,674.8309018966038,1.84765273897928,1717.9871345365405,95.89137022434608,-62.64544956219908,14.869558604252076,-0.0477368630762481,Tôi
21.83397464479755,1285.059700226018,121.86041548457628,1.8202359684765863,1717.0701584499675,92.58903059030254,-60.17303462473412,8.248816148495925,-0.0140284681468125,Tôi
69.98954472207788,1070.4407597389204,421.9831930348908,0.9068315120205148,1717.9973178611765,91.37690085173747,-58.60148974868896,4.979438999550083,-0.0110428939305966,Tôi
1.0,2.0,0.0,1.0,1888.0,100.81,-83.12,-0.69,0.001,Tôi
0.0,0.0,1.0,0.0,1888.0,101.37,-83.5,-0.37,0.002,Tôi
1.0,0.0,1.0,2.0,1888.0,100.75,-82.56,-4.37,0.002,Tôi
0.0,1.0,-1.0,3.0,1889.0,100.5,-80.69,-5.44,0.002,Tôi
3.0,0.0,2.0,1.0,1889.0,101.37,-79.5,-5.0,0.001,Tôi
0.0,2.0,2.0,2.0,1889.0,100.87,-79.06,-5.5,0.001,Tôi
1.0,1.0,2.0,2.0,1889.0,97.5,-79.06,-4.5,0.001,Tôi
0.0,2.0,1.0,2.0,1889.0,96.75,-79.69,-5.56,0.001,Tôi
1.0,2.0,1.0,1.0,1888.0,97.19,-79.75,-4.62,0.001,Tôi
3.0,0.0,1.0,1.0,1889.0,96.56,-79.87,1.5,0.001,Tôi
1.0,2.0,1.0,2.0,1888.0,95.25,-79.94,10.81,0.001,Tôi
0.0,1.0,1.0,2.0,1889.0,96.0,-79.62,14.31,0.002,Tôi
2.0,1.0,2.0,1.0,1888.0,95.69,-78.94,15.06,0.001,Tôi
1.0,1.0,1.0,0.0,1888.0,95.12,-78.06,17.12,0.002,Tôi
1.0,0.0,3.0,1.0,1889.0,94.31,-77.81,17.81,0.001,Tôi
1.0,0.0,1.0,2.0,1888.0,94.0,-77.75,19.62,0.001,Tôi
1.0,2.0,1.0,0.0,1888.0,93.62,-77.12,20.37,0.001,Tôi
0.0,1.0,1.0,1.0,1889.0,96.87,-77.56,18.31,0.002,Tôi
2.0,2.0,58.0,1.0,1889.0,101.37,-74.0,23.19,0.002,Tôi
0.0,795.0,2388.0,2.0,1888.0,104.5,-70.25,22.5,0.002,Tôi
7.0,1015.0,742.0,2.0,1889.0,105.44,-68.87,16.37,0.002,Tôi
24.0,1413.0,134.0,2.0,1888.0,101.81,-66.19,9.06,0.002,Tôi
77.0,1177.0,464.0,1.0,1889.0,100.5,-64.44,5.5,0.002,Tôi
2208.0,1159.0,223.0,0.0,1888.0,100.0,-60.88,1.94,0.001,Tôi
2544.0,2841.0,192.0,1.0,1889.0,100.69,-57.56,0.0,0.002,Tôi
839.0,3249.0,1049.0,2.0,1904.0,101.81,-53.19,3.06,0.003,Tôi
1942.0,3679.0,1659.0,391.0,1969.0,101.5,-50.94,8.44,0.002,Tôi
2785.0,4624.0,1633.0,352.0,2049.0,94.81,-45.69,21.56,0.002,Tôi
1997.0,4775.0,4028.0,174.0,2049.0,97.25,-37.63,24.19,0.003,Tôi
2190.0,4761.0,3218.0,9.0,2049.0,99.81,-26.94,29.75,0.001,Tôi
1786.0,4518.0,4272.0,22.0,2065.0,104.56,-15.63,31.75,0.002,Tôi
1138.0,4177.0,3796.0,51.0,2080.0,109.87,-4.31,36.63,0.003,Tôi
921.0,4058.0,4545.0,32.0,2096.0,119.44,9.69,41.75,0.002,Tôi
990.0,3878.0,4677.0,74.0,2096.0,132.5,24.06,43.38,0.002,Tôi
1644.0,3931.0,4721.0,53.0,2033.0,143.37,33.88,42.0,0.002,Tôi
1644.0,3904.0,4733.0,0.0,2033.0,149.44,39.44,40.44,0.002,Tôi
2013.0,3757.0,4586.0,1.0,2000.0,152.75,41.69,42.44,0.002,Tôi
1879.0,3850.0,4646.0,2.0,2000.0,153.81,43.0,45.31,0.002,Tôi
1483.0,3899.0,4648.0,1.0,1984.0,154.87,43.75,44.13,0.002,Tôi
1434.0,3837.0,4637.0,1.0,1984.0,154.87,43.75,41.94,0.002,Tôi
933.0,3576.0,4293.0,3.0,1985.0,153.62,43.38,42.75,0.002,Tôi
1008.0,3827.0,4322.0,2.0,1969.0,150.56,41.63,44.56,0.001,Tôi
1108.0,4121.0,4531.0,1.0,1969.0,149.44,41.19,49.81,0.002,Tôi
974.0,4198.0,4316.0,0.0,1984.0,149.87,41.81,52.44,0.002,Tôi
1194.0,4266.0,4167.0,1.0,1969.0,148.94,41.56,50.75,0.002,Tôi
1218.0,4025.0,4533.0,1.0,1969.0,148.19,41.06,52.88,0.002,Tôi
1171.0,4078.0,4641.0,0.0,1968.0,149.5,41.06,54.5,0.001,Tôi
1163.0,4137.0,4318.0,1.0,1953.0,152.94,41.25,54.88,0.001,Tôi
1071.0,4108.0,4519.0,1.0,1936.0,159.06,41.75,57.75,0.002,Tôi
928.0,3920.0,4513.0,1.0,1921.0,187.12,47.88,70.25,0.001,Tôi
839.0003959547241,3249.013552078133,0.0,0.0,1904.013794296852,101.79415177498008,-53.2081517091787,3.060015991879271,0.0132350685659455,Tôi
1941.9957119365424,3679.0039666002535,1659.021507959628,390.9876446593474,1968.992647132528,101.50464177355462,-50.9515012075342,8.429503364532707,-0.0129083632573201,Tôi
2784.9807093950376,4624.008805448496,1632.9845930266454,351.9788729859779,2049.011832192191,94.8046857387871,-45.66941525819448,21.5416162001104,-0.0024220715958213,Tôi
1997.00435371401,4774.988331621973,4027.9722420230096,174.01951290201652,2049.0048362309853,97.2520215617729,-37.64801273315043,24.174398016991724,-0.0052784945029129,Tôi
2190.0095186680164,4760.979030247653,3217.968102874591,8.999332400606535,2049.0136380453214,99.79991955517124,-26.931200658535708,29.713266226882325,-0.0211538049129108,Tôi
0.0,4518.002213896197,4271.970529608057,22.045008195759607,2065.002852310618,104.55859825871202,-15.636744524275414,31.747475824949447,0.0016282901583188,Tôi
1138.0191886349464,4177.003487389997,0.0,50.98942272253753,2079.9980832547453,109.87864172529976,-4.324783873245339,36.64730233664405,0.003164228260241,Tôi
920.995178928094,4058.0201041617615,4544.990027805342,31.981663857113688,2096.0173585588955,119.42215258991446,9.694951163043775,41.71640744873967,0.0,Tôi
0.0,3877.9867338987074,4676.989453255183,74.01992596792405,2095.99708198028,132.49640309317303,24.04715403532405,43.36502132024131,0.0169613008983963,Tôi
1644.00722625854,3931.0353507197774,4720.995022148944,52.97355054835591,2033.014049357533,143.35620360174585,33.8869916809041,41.99119376550441,-0.0209435576961469,Tôi
1644.0242770015143,3903.985673390077,4732.984729121249,-0.0,2033.011723128482,149.42635955358728,39.46149815389246,40.44942791674477,0.0,Tôi
2013.002557194389,3757.020854247661,0.0,1.0048513979225675,1999.99602082671,152.75546508025852,41.67961267058687,0.0,0.003944123571389,Tôi
1878.96452567268,3849.996276547736,0.0,1.9730419122556984,2000.0244977312032,153.80367282858288,43.008898392234514,45.34490784852201,-0.0002274244463405,Tôi
1483.0010288403296,3898.953874765788,4647.995465499136,1.0089741576333575,1983.9935224619803,154.85012462689943,43.73769093457812,44.12351812986056,0.0242667140089484,Tôi
1434.009320070599,3836.992746227306,0.0,1.009140154817098,1983.9958635331625,154.92412029800155,43.741758166935135,41.913363785755685,-0.0217079912554786,Tôi
933.000710351788,3575.981105297144,4292.999206495402,3.002519160014186,1984.9897018269216,0.0,43.38412234056016,42.73992503044088,0.0103374973988113,Tôi
1008.0102051671048,3827.070734767112,4322.0060179083,2.0362313533693954,1968.9746199107287,150.54950115482916,41.65858500023965,0.0,-0.0031232031797588,Tôi
1107.9889867787324,0.0,4531.012378248244,1.0389086380669028,1968.959398839498,149.4317817700943,41.16542354248116,49.83150173948437,0.0110849263695597,Tôi
974.0016332694926,4197.998692062859,4316.013927091596,0.0268635072975105,1984.00121065924,149.8573554277636,41.81793165534845,52.41679938415755,-0.0424860983119108,Tôi
1194.004090319581,4265.98737441802,4166.993593705586,0.9990668935810956,1969.018187793612,148.96490475690624,41.5580737772674,50.7456690097264,0.0018883812293175,Tôi
0.0,4024.97559689119,4533.030480923421,0.9876296129497804,1969.020764298908,148.21327273132027,41.06088616751392,52.86820711268722,0.0086254332696515,Tôi
1171.0084297715523,0.0,0.0,0.0029102235214372,1967.9835935633696,149.48946478154275,41.07008564924026,54.49684541601372,-0.0307883540823086,Tôi
1163.0094266585484,4136.986454336272,4317.950927946232,1.035834428736891,1953.0005863222848,152.96975548812475,0.0,54.866124659305314,0.0073069090888842,Tôi
1070.9864221309176,4108.012975207956,4518.998932933188,0.9928591463076838,1936.0246500591832,159.0600324207644,41.73706423583231,57.717281722055525,0.0046022007851992,Tôi
927.9935625476356,3920.028307211531,4512.985988528751,0.0,1920.9831127688085,187.15083197019104,47.87016250623613,0.0,-0.0049192637710266,Tôi
839.0100763139925,3248.9816073276925,0.0,1.9931443722644453,1904.0268149859965,101.81397309526947,-53.19464584135559,0.0,0.0277794609130165,Tôi
1942.034661486745,3678.983550054424,1659.034285133372,390.9991754476917,1968.9711468904768,101.48580904911516,-50.94959939906645,8.454426049954515,0.0198898667528282,Tôi
2785.0309208993426,4624.009535056435,1633.0149892996108,352.0316516006199,0.0,0.0,-45.71259011559259,21.55845795772365,0.0032199344654669,Tôi
1997.032366529507,4774.980201035674,4028.026006663321,173.98184388961164,2048.963719521808,97.23922150597534,-37.676543492725536,24.20423817845649,0.0068721693814496,Tôi
2190.008073906359,4761.0026092062535,3218.042808759689,8.985416662692705,2048.999658535085,99.82685874657942,-0.0,29.741885901090484,-0.0110482683800127,Tôi
1786.0122090015236,4518.016529209567,4272.012455998156,21.98744132139893,2064.992823676688,104.58099053029774,-15.65463474917719,31.755580742224865,0.000982568006294,Tôi
1137.9942746678555,4177.005939132496,3795.990648339233,50.98021754604623,2080.0328903191835,109.8920817951684,-4.287756726831819,36.586472387689376,-0.0330278670084581,Tôi
920.984545765833,4057.969664223706,4544.980318191871,32.016746945687,2095.9910314599697,0.0,9.669830881174308,41.7256658410215,-0.0016446405236501,Tôi
989.9804625724134,3878.0190307834655,4677.019405794908,74.00527486919788,0.0,132.5148774033233,24.035518208254363,43.38046532006908,-0.0044691913344057,Tôi
1644.0011273677972,3931.016024066621,4721.009322231335,52.96967560021183,2033.0212558892008,143.33977433531822,33.87272662181181,42.01460977596163,-0.0099596845409786,Tôi
1644.0074724922529,3903.9724987196137,4732.997113176139,-2.4588574173732813e-05,2033.0065865215493,149.4442574954277,0.0,40.45718432985739,0.0209933104659163,Tôi
2013.008853146585,3756.977932187064,4585.974798536827,1.0064176318362656,1999.9879928580283,152.74724361969518,41.65965624596515,42.454652987761726,0.0027099137062041,Tôi
1878.9921090021724,3849.993527369074,4646.023672796558,2.0123479559917707,1999.9703756356355,0.0,43.033851213479394,45.32532998205628,0.0018659154698142,Tôi
1482.95932373382,0.0,4648.026550986933,1.0315749631724749,1984.019079725967,154.89793887957654,43.7635473854501,44.13235211813548,-0.0050313632318055,Tôi
0.0,3837.0029119593087,0.0,1.037264820004852,1984.0216728783687,154.87384598282475,43.75718432949327,41.96821441920431,-0.016868287762434,Tôi
932.9268775885506,3576.0317772170943,4293.001025336338,2.9880516616179973,1984.9831487981544,153.60654835614227,43.40592710698951,42.75606030265063,-0.0099379932934953,Tôi
1008.0344973853609,3827.003162918909,0.0,1.992114500424754,1968.9976283873204,150.55600071582035,41.643375579498105,44.554768121778736,-0.0406492296987414,Tôi
1107.965019009655,4121.009791643729,4531.012966315053,1.0082739241308694,1969.0332903795484,149.39749921743655,41.20164881489821,49.81022137095599,0.0053679492600285,Tôi
0.0,4197.984711279285,4315.952938885414,-0.0237727628639238,1984.0240797141696,149.87936283132066,41.810068829387184,0.0,0.0159817373076271,Tôi
1193.984497206129,4266.004838283751,4167.012593436325,0.9874376709440698,1968.996010416453,148.9430902104021,41.57525644116743,50.72857010839471,-0.0044659985468919,Tôi
1217.9833880007022,4025.007018532416,4532.989878254773,0.9971804123905212,1968.971950121496,148.20051864632202,41.02568967227124,52.86273340398583,0.0008434822293772,Tôi
1170.9953944599838,4077.962169203328,4641.020045753523,0.0073135820792164,1968.031970172151,149.47969679587433,41.06453469103435,54.50878809249375,-0.0,Tôi
1162.9834725712617,4137.019730115411,4317.978178552664,0.9779894143464286,1952.97068386172,152.9464672817023,41.26466650964093,54.89244388912827,0.0190484682032378,Tôi
1070.975431096223,4107.965796831004,4519.056173905244,1.014685895960401,1936.0033915733693,159.08365413291614,41.7447828782953,57.7456103469186,-0.0100190343168793,Tôi
928.0381458891252,3919.989294399665,4512.996531020632,0.999016533382074,1921.0289391350127,187.10499286752685,47.84995448072826,70.2366113276637,0.0199975275182738,Tôi
903.0824333155108,3497.136917692032,1129.0879372495658,2.132733780398807,0.0,109.59974296029095,-57.23438538550333,3.291072967098776,-0.0045758033411908,Tôi
2090.325168738045,3959.9825662922576,1785.713096162635,420.8327278225005,2119.3902270624226,109.28476028467225,-54.82708141429754,9.06525938996256,0.015067088186544,Tôi
2997.69654820207,4977.079283139107,1757.7261035026345,378.8984637507156,2205.447588076927,101.98490215927932,-49.206427959393785,23.210301126858752,0.0,Tôi
2149.5128124441976,5139.640685945263,4335.593458480545,187.2886855417949,2205.4540352186827,104.66786391407432,-40.52004717597265,26.04541928852697,0.0004153061167922,Tôi
2357.19345684125,5124.576569001345,3463.7718261539826,0.0,2205.4925058433823,107.42639759763031,-0.0,32.03051384803647,-0.0103106864826288,Tôi
1922.415926984944,4863.021718052955,4598.223678114648,23.710936365285693,2222.664874436225,112.54602990894008,-16.79155221279596,34.155738805755654,-0.0060439470340263,Tôi
1224.9362988559476,4495.970935414883,4085.889222967312,54.87556422158347,2238.826291602983,118.24713661704622,-4.651541805769443,39.40835785363777,-0.005199918226848,Tôi
991.3187901805358,4367.90862657557,4892.083564408122,34.43975769459887,0.0,128.5660798304412,0.0,0.0,0.0250621576344351,Tôi
1065.5939574660918,4174.138889809581,5034.150453242668,79.66693325637262,2256.061882969537,142.63988440973895,25.901181932120807,46.71143252180014,-0.0338584623005766,Tôi
1769.5636856106246,4231.206346853451,5081.546963236503,57.01201783335078,2188.223200505297,154.344327619486,36.49774940472626,45.21457366491352,0.0166776989193511,Tôi
1769.547699450136,4202.1537701107945,5094.4096347146415,-0.0112344846388902,2188.3107559338628,160.86801276534675,42.45308553385621,43.5275082318634,-0.0048647739996914,Tôi
2166.7221764079286,4043.885274539847,4936.202568741948,1.0609141021678852,2152.7228682491364,164.3872227798833,44.91005519181429,0.0,0.0480126486503765,Tôi
2022.5172028279048,4143.988034027905,5000.823457791954,2.1257709395362547,2152.762221466379,165.54771397834924,0.0,48.76677381763566,-0.0292924427066532,Tôi
1596.2505322733307,4196.740105709193,0.0,1.0387589826134545,2135.511691374617,166.69506883076687,47.09975140360024,47.503835995916894,-0.0,Tôi
1543.532431819067,4129.989306991523,4991.092191142847,1.0562910672868089,2135.5009286054224,166.67037442093883,47.07035290373608,45.15372544743548,-0.0124917203213049,Tôi
1004.215931883202,3849.06299473267,4620.834053487096,3.233296723890121,2136.5956477964123,165.33904818549632,46.67919523214865,46.01929230112345,-0.0098354685243308,Tôi
1084.9641733059557,4119.261504250912,4652.043199351591,2.1693114801486155,0.0,162.05539269395635,44.80903108740084,47.94841718591243,-0.0,Tôi
1192.6261279062398,4435.689794203958,4877.0017857247285,1.0699159751728888,2119.365822684212,160.843395910739,44.37552093151756,53.62382658253234,-0.0,Tôi
1048.3858701946208,4518.561893070385,0.0,-0.0522571521839957,2135.5274720546327,161.34361316923838,44.99227668478256,0.0,0.0179777003279123,Tôi
1285.1786246396669,0.0,4485.218076765789,1.09955016592682,2119.3602626750744,0.0,44.75597986672275,54.63908431862736,0.0334046943285936,Tôi
1311.0187697901547,4332.393272397291,4879.18369824445,1.070989836578929,2119.337371388341,159.5163073845376,44.2119934783582,0.0,0.0328661538327494,Tôi
1260.4480214464525,4389.450478771674,4995.403855990036,-0.037860644986102,2118.3220233260804,160.92388945760487,44.21632552737413,58.65250753655864,-0.0151552910886472,Tôi
1251.7948378044837,4452.897708313493,4647.732083597359,1.072015472237413,2102.1236708195547,164.61740881430933,44.42625161699866,59.08828811206012,0.0242552485151798,Tôi
1152.79157488272,4421.711825939118,4864.06907583087,1.0498522372430497,2083.8360409817087,171.17765366503625,44.92086812634811,62.16495537232367,0.0087105007230555,Tôi
998.837590468793,4219.38790083901,4857.650087638331,1.069731598339496,2067.666864107952,201.37381019333407,51.54528142381604,0.0,-0.0156985036336642,Tôi
2874.217239393371,4772.147627170299,1685.2739329517406,363.2819627530734,2114.6228033124967,97.85577275691412,-47.133703043658485,22.23870009544556,0.0039695451177167,Tôi
2060.9898821878937,4927.927234412363,4157.037803741042,179.57929638382535,2114.6287361457403,100.3810430065119,-38.8508587166419,24.976622252438727,0.0172025058789201,Tôi
2260.1628095655096,4913.48167611296,3321.069846840672,9.241015674912124,2114.65626024628,103.01190699221164,-27.77999917598637,30.696865392036536,-0.004363150960628,Tôi
1843.184116825364,4662.707870295577,4408.816186711048,22.70728576040465,2131.116068008408,107.91015924569255,-16.140905329117818,32.77837728445078,-0.0449365464395285,Tôi
1174.4765187910173,4310.786487011847,3917.62277788262,52.63483465153264,2146.598109274624,113.40709842576794,-4.43227054940785,37.813501936544206,0.0124315513190261,Tôi
950.50985169906,4187.975222368582,4690.575866029021,33.0207842304348,2163.16344314698,123.30747011338096,9.976431894811904,43.08124203792294,0.0223714252590105,Tôi
1021.7074566689136,4002.187313364553,4826.828721959405,76.36504012713552,2163.108744276994,136.71301683122385,24.798266664529223,44.79420862656101,-0.0144521465751072,Tôi
1696.6884734029416,4056.883880422949,4872.21425638349,54.70586452741559,2098.12356672482,147.96164703047972,34.98061674798116,43.33572121098282,0.0034775729818344,Tôi
1696.610226933179,4029.022610989755,4884.607436876247,0.0180564960596619,2098.127879568621,154.1963268309457,40.72648028051378,41.75060720109115,0.026114549711626,Tôi
2077.472646457873,3877.360256638096,4732.884659426864,1.0132823891995846,2064.031757690749,157.63198072139338,43.05061079237255,43.78627356082503,0.0119635884180045,Tôi
1939.174953963534,3973.329728696356,4794.853187303214,2.0493679885218303,2064.0741964766307,158.70855735539118,44.37456015684794,46.77875699304689,0.0097106113019642,Tôi
1530.4940689811317,4023.895642258476,4796.880508481259,1.007939608579203,2047.5641442826663,159.81829565010958,45.1171052289868,45.58243267961837,0.0217972863263589,Tôi
1479.9279043898334,3959.8881460386447,4785.560405157362,1.0276649022234985,2047.570383692824,159.84023251620278,45.14172464411792,43.29711913808674,0.0201406617023757,Tôi
962.882225367265,3690.564167793457,4430.488454421721,3.083176379742077,2048.578334290214,158.57448933145898,44.80138045006401,44.1156729237431,0.0349101804891698,Tôi
1040.3294180303783,3949.554128786031,4460.440938566106,2.066013178045118,2032.053541643934,155.4026705951706,42.9776030813054,46.00022357862954,-0.0148598256688889,Tôi
1143.5007581875975,4253.020115411246,4676.140026106626,1.0309211391153084,2032.05328738223,154.2105362978272,42.51853784221393,51.379005251591785,-0.0310632503665471,Tôi
1005.2017074391129,4332.486776960366,4454.229371025336,-0.0162724081052625,2047.5326198738649,154.64740882725266,43.1575802201812,54.086258718849,0.0343468577184256,Tôi
1232.2631816633968,4402.678208743018,4300.485873150618,1.0143052063947988,2032.052362223395,153.7025876089763,42.89045465941368,52.384083498000656,0.0277147233856203,Tôi
1256.999304873864,4153.929846750171,4678.207403071167,1.049888975363582,2032.063387650336,152.9169580674251,42.37932260242864,54.56888935713437,0.005997922091168,Tôi
1208.5204632436394,4208.638758970787,4789.697587446251,-0.0282529286992812,2031.0272647068527,154.2537834891953,42.34646238687938,56.24172273846385,-0.0203438201352599,Tôi
1200.2571750583245,4269.504193204996,4456.29297228376,1.052971338406924,2015.532182150366,157.83469090194714,42.56023397277661,56.60365590712179,0.024930874344578,Tôi
1105.3155824347862,4239.600843166717,4663.738547152432,1.0267699577640228,1998.0281372007623,164.1372025965213,43.10206103151028,59.59861768106536,-0.0121127945593327,Tôi
957.7151860864976,4045.570069232612,4657.579227110697,1.04189613584426,1982.528070386511,193.1294432929071,49.42984758524436,72.4890848916314,0.0146214798438022,Tôi
865.832149530435,3353.0962209148697,1082.5759991365053,2.083868238921822,1964.9870939974137,105.06345305669907,-54.90098235344203,3.165515068588113,0.0061057845052738,Tôi
2004.219310497032,3796.8349099898232,1712.1143004507658,403.5281072001867,2032.060247768631,104.7231216940099,-52.5477308909875,8.719180299371372,0.0058126409388131,Tôi
846.0,3880.0,4590.0,1.0,1921.0,220.12,58.5,70.94,0.004,Tôi
1030.0,3533.0,4154.0,1.0,1937.0,232.81,56.13,53.69,0.004,Tôi
635.0,3735.0,3580.0,1.0,1937.0,247.12,52.31,41.25,0.005,Tôi
1373.0,3407.0,2762.0,1.0,1953.0,256.12,49.94,35.75,0.006,Tôi
855.0,3202.0,3148.0,1.0,1969.0,258.81,46.69,34.13,0.004,Tôi
573.0,3429.0,3007.0,2.0,1953.0,255.37,44.75,29.5,0.004,Tôi
433.0,3687.0,3306.0,2.0,1969.0,250.5,46.75,29.87,0.006,Tôi
237.0,3428.0,2900.0,2.0,1968.0,252.81,42.13,30.56,0.005,Tôi
250.0,3518.0,3177.0,1.0,1969.0,253.5,44.94,30.62,0.005,Tôi
283.0,3678.0,3376.0,1.0,1953.0,251.37,48.81,33.19,0.009,Tôi
54.0,3688.0,2996.0,2.0,1968.0,251.75,44.69,33.88,0.006,Tôi
113.0,3495.0,3376.0,1.0,1952.0,252.62,46.88,32.5,0.005,Tôi
154.0,3821.0,3573.0,2.0,1968.0,250.06,50.81,35.69,0.004,Tôi
85.0,3700.0,3400.0,1.0,1968.0,248.12,45.81,34.94,0.004,Tôi
87.0,3875.0,3078.0,1.0,1969.0,251.5,44.13,34.19,0.005,Tôi
147.0,3765.0,2847.0,2.0,1985.0,249.44,47.81,35.44,0.005,Tôi
195.0,4012.0,2567.0,2.0,1968.0,251.31,44.25,32.63,0.006,Tôi
118.0,3814.0,2793.0,19.0,1969.0,246.12,47.44,34.44,0.006,Tôi
88.0,3861.0,2901.0,4.0,2001.0,238.19,48.94,38.81,0.006,Tôi
99.0,3618.0,2992.0,5.0,1968.0,248.69,41.44,35.75,0.004,Tôi
181.0,3924.0,2855.0,354.0,1968.0,250.19,45.94,35.25,0.005,Tôi
195.0,3537.0,3136.0,116.0,1985.0,245.06,47.75,38.0,0.005,Tôi
133.0,3815.0,3063.0,154.0,1985.0,248.62,45.06,36.0,0.004,Tôi
135.0,3267.0,2182.0,582.0,1968.0,239.5,48.31,40.38,0.005,Tôi
218.0,3117.0,3197.0,1.0,1952.0,212.37,44.19,47.94,0.005,Tôi
1030.0,3533.0,4154.0,1.0,1937.0,232.81,0.0,53.69,0.004,Tôi
635.0,3735.0,3580.0,1.0,1937.0,247.12,52.31,41.25,0.005,Tôi
0.0,3407.0,2762.0,1.0,1953.0,256.12,49.94,0.0,0.006,Tôi
855.0,3202.0,3148.0,1.0,1969.0,258.81,46.69,34.13,0.004,Tôi
573.0,3429.0,3007.0,2.0,1953.0,255.37,44.75,29.5,0.004,Tôi
433.0,3687.0,3306.0,2.0,1969.0,250.5,46.75,29.87,0.0,Tôi
237.0,3428.0,2900.0,2.0,1968.0,252.81,42.13,30.56,0.005,Tôi
250.0,3518.0,3177.0,0.0,1969.0,253.5,0.0,0.0,0.005,Tôi
283.0,3678.0,3376.0,1.0,1953.0,251.37,0.0,33.19,0.009,Tôi
54.0,3688.0,0.0,2.0,1968.0,251.75,44.69,33.88,0.006,Tôi
0.0,3495.0,3376.0,1.0,1952.0,252.62,46.88,32.5,0.005,Tôi
154.0,3821.0,3573.0,2.0,1968.0,250.06,50.81,35.69,0.004,Tôi
85.0,0.0,0.0,1.0,1968.0,0.0,0.0,34.94,0.004,Tôi
87.0,3875.0,3078.0,1.0,1969.0,251.5,44.13,34.19,0.0,Tôi
147.0,3765.0,2847.0,2.0,1985.0,249.44,47.81,35.44,0.005,Tôi
195.0,4012.0,2567.0,2.0,1968.0,251.31,0.0,32.63,0.006,Tôi
118.0,3814.0,2793.0,19.0,1969.0,246.12,47.44,34.44,0.006,Tôi
88.0,3861.0,2901.0,4.0,2001.0,238.19,48.94,38.81,0.006,Tôi
99.0,3618.0,2992.0,5.0,1968.0,248.69,41.44,35.75,0.004,Tôi
181.0,3924.0,2855.0,354.0,1968.0,250.19,0.0,35.25,0.005,Tôi
195.0,3537.0,0.0,116.0,1985.0,245.06,47.75,38.0,0.005,Tôi
133.0,3815.0,3063.0,0.0,1985.0,0.0,45.06,36.0,0.004,Tôi
135.0,3267.0,2182.0,582.0,1968.0,239.5,48.31,40.38,0.005,Tôi
218.0,3117.0,3197.0,1.0,1952.0,212.37,44.19,47.94,0.0,Tôi
846.0,3880.0,4590.0,1.0,1921.0,220.12,58.5,70.94,0.004,Tôi
845.9869978181704,3880.0435265478086,4589.979047052537,1.0286334551026215,1921.016274722194,220.13403366450007,58.5083509883599,70.93954013900371,0.0029154258627393,Tôi
1030.022282419964,3532.945577160761,4154.022040612356,1.0186168748472495,1937.023358364624,232.80181670507932,56.09012422300045,53.673070399622254,-0.0161571430637233,Tôi
634.9987473691643,3734.9701358838006,3579.9742423920866,0.9649204875351364,1936.987257068032,247.14979698025428,52.273369540410506,41.24776751552567,-0.0216501527759916,Tôi
1372.970666599383,3406.972469750381,2762.009245425126,0.9982895342362405,1952.9900679676475,256.137024619926,49.95274458973304,35.724718458334635,-0.0031294494994747,Tôi
855.0233566721562,3202.0173155347047,3147.988688088248,0.980974585679396,1969.005445894664,258.8087075095967,46.69086627574544,34.09118547412648,0.03148082527259,Tôi
573.0251346484388,3429.011840943037,3007.012598017752,2.035388666513197,1953.0161901578708,255.3868416866161,44.73413395128968,29.491504225761272,0.0480544348823923,Tôi
432.99814560864286,3686.98833606025,3305.9959038495363,2.023831491728868,1968.964670066878,250.4818165710026,46.750709168190696,29.89263017497857,-0.0114617101717378,Tôi
236.9763724265854,3428.042472200252,2900.027526435401,1.9956338049196625,1967.9943166095493,252.84680783085588,42.11900799072212,30.529105913201946,-0.0154956615582609,Tôi
249.9758331099996,3517.990866455684,3177.0269519281646,0.9847717793855816,1968.991109147603,253.498753935155,44.89914482564464,30.631836536202407,-0.0055288557223676,Tôi
282.98250540931224,3678.012854284475,3376.004024473526,1.0185485517807402,1952.975468167144,251.34917049232703,48.80431265466501,33.22983784428828,-0.0139443684599747,Tôi
53.96759229969907,3687.994818867287,2995.973399199529,1.9870852602530256,1967.993714253955,251.7475088041633,44.7272555088694,33.88961412159371,0.0015273109163628,Tôi
112.99361358533994,3494.977607479294,3375.9764634151866,0.9890297194520392,1951.998174549428,252.6541349115184,46.86911751731685,32.47035506476523,0.027360205418813,Tôi
154.0002767342814,3820.993189624003,3573.00503920358,2.0096334881177955,1968.0078915504,250.0357323362992,50.7991598846226,35.72437827701269,0.0227641436512329,Tôi
85.01082249065658,3700.00529269217,3400.0027511945086,0.9847897363975624,1968.019925529812,248.12597962392616,45.79689504409082,34.96354796410534,-0.0089808207575076,Tôi
87.01181322993234,3874.978782964121,3078.011786040994,1.0237832712673616,1969.014465768551,251.49646836031016,44.11710771144382,34.17999596292931,-0.0014752054150022,Tôi
147.01155068657235,3765.004220812029,2847.0180752665774,1.9940679975394773,1984.9966819898689,249.4185236930389,47.779964882541,35.47085468043564,-0.0142602084586823,Tôi
194.9957581727727,4011.970855029392,2567.028758786283,1.983974577946552,1967.9960224939184,251.2929140008483,44.2538346679418,32.634296267531724,0.0484011609028446,Tôi
117.97455632112182,3814.008990538275,2792.970229078647,18.996693997726,1969.025840159928,246.1287973884935,47.40356108544719,34.43415719580132,-0.0031132413999121,Tôi
88.00165730365546,3861.001916595572,2901.000876875456,4.004364916356266,2001.0136497242625,238.16836778580875,48.94155913972738,38.80261938968167,0.0060161238546706,Tôi
99.02427008572778,3617.96229307258,2991.944833230535,4.98543043369469,1967.99347660288,248.68859925542665,41.45176907035791,35.736673057155144,0.0046774558876087,Tôi
181.0029041826089,3924.038004068355,2854.9966084519506,354.0096621923957,1967.9914320820733,250.17810044339984,45.94143255869411,35.283412494481354,0.0026197264646177,Tôi
194.99094465178257,3536.987368022018,3135.969630427672,115.9833095484356,1984.97259856348,245.0462187011593,47.7411143523625,38.03474940706637,-0.0091968653212563,Tôi
133.00135208189965,3815.0056810591086,3062.971381870797,154.01565173706246,1984.989418189045,248.61874134510649,45.051187338221,36.01517163361197,0.04423406199997,Tôi
134.9967156489803,3267.011595535968,2182.0064911395484,582.0067493852174,1968.021913567972,239.46710724381404,48.314560659381485,40.39527436804877,0.0007598710215819,Tôi
217.99391789467373,3116.995494465458,3197.0217977535835,1.0286736865154729,1951.9535831993576,212.35658896464705,44.17617069844873,47.93153936958736,0.0286527458150509,Tôi
217.98196905154143,3116.97408387744,3196.995801715201,0.978706192477234,1952.000974901227,212.38190218118177,44.16603350678052,47.9074365693646,-0.0071034185814924,Tôi
845.9759711034299,3879.980064813312,4590.008967281014,1.0310028393697008,1920.9964349699128,220.15194417119883,58.49956896225143,70.94410619455745,0.0155108008062651,Tôi
1029.9960337745947,3532.992743705732,4153.994711895215,0.9530362040028046,1937.019427615136,232.7624648753261,56.08578619213871,53.71831421922853,-0.0016018966523359,Tôi
634.9749028453411,3734.99146766938,3580.0223676756195,1.0015609271386985,1936.987611462861,247.0784431057326,52.2755436946483,41.249900748322624,0.0055316960240664,Tôi
1373.00377727037,3406.9830816543995,2761.958419579661,0.9929093625357216,1953.0012338455845,256.1248940914259,49.94566817729317,35.74073241949832,0.0080212450527835,Tôi
855.0089168270035,3202.007993047734,3147.9918600073333,0.9772679079971428,1968.9997674370163,258.7868522450655,46.70357859293029,34.12513252550934,-0.0139449776230642,Tôi
572.9908662170656,3428.9927581389898,3007.04018708001,1.9838646980573715,1952.985975116014,255.3729310001189,44.74975091784092,29.4885513531865,-0.0244246612943063,Tôi
432.9865094400386,3686.9770020474007,3305.975436922242,2.013515085980865,1968.9739121320524,250.5201029558826,46.76960119395808,29.83971507379084,-0.0071601065469713,Tôi
237.01028411450943,3428.018536587082,2899.999473424908,1.996026921206104,1968.0005904504087,252.80011850396144,42.15421093743376,30.546394255263746,0.0155697552353366,Tôi
249.98170362311123,3518.032657426274,3177.0242347417725,1.0073569355328842,1969.0377489736984,253.513674169148,44.93963959908288,30.61277833018558,-0.0052238593045886,Tôi
283.02659183502703,3677.996341272573,3376.012132285253,1.0257560901156426,1952.9688329473263,251.3461388627794,48.79502083850223,33.20932653463617,0.01664484859878,Tôi
53.96337829875358,3688.0134137348095,2995.992173695944,1.9939463053084727,1967.9818569785027,251.7342026442236,44.65124253761401,33.88725019197726,0.0363595197594235,Tôi
113.00195543424871,3494.969833148192,3375.994824805378,1.017381792811388,1951.9626565728456,252.5970555079525,46.87738575644357,32.49226609919431,0.0130303490898788,Tôi
153.98980293701095,3820.999886046197,3573.029003781127,2.02228474255654,1968.0007774237324,250.05954386256147,50.779621647550655,35.67804363025828,-0.0035728785146335,Tôi
84.99436057301624,3699.976173445012,3399.990077329866,1.0072756921306314,1967.966959958924,248.1357739305068,45.78919486755777,34.92345920520174,-0.0255300181551639,Tôi
86.98628582232732,3874.998121664494,3078.0116431233632,0.9786696430055752,1969.000418005227,251.4837299676677,44.13906873184487,34.178248093934755,-0.0072116360373434,Tôi
147.00059931871283,3765.006954187129,2846.9650114460514,2.009009166095136,1985.036269967563,249.4575433055556,47.81108832225806,35.46838529025953,0.0204963661252664,Tôi
195.00428219013364,4011.992723919316,2566.9911978640857,2.0247695254508944,1968.032910994145,251.33486719607745,44.21728619242713,32.64721823912085,0.0305783491186322,Tôi
118.02425372405418,3813.988972005983,2793.0203751660247,18.97164182676492,1969.0062823550527,246.15553836361107,47.44888476006649,34.43150303291204,-0.0256274610763429,Tôi
88.02666567783066,3861.0065460818814,2901.0262420705253,3.9957404898815247,2000.9996643047268,238.16840775933488,48.937629371996266,38.78645344456333,-0.0072117234929359,Tôi
98.98910500005589,3617.9981229232862,2992.020315110098,4.99615730897904,1967.9991626328265,248.72066293890816,41.43858225423607,35.736864611588686,0.0200990840296049,Tôi
180.96858333539888,3924.008352045463,2855.0012541508927,353.9872919828242,1968.053219530384,250.1591290604932,45.93683657167429,35.22118490970029,0.0078434235100374,Tôi
195.0097141950347,3536.976701108033,3135.979144770052,116.00723236149916,1985.008625888429,245.03134436009708,47.77305171608984,38.0096819149163,0.0073526179661957,Tôi
133.0039407662216,3814.970054747904,3063.007162347558,154.02408957604302,1985.0070369093023,248.57129103457936,45.03150371606187,36.00013988201221,-0.0051467132957516,Tôi
134.9885921160584,3266.993744550932,2181.9897234342425,581.9627540839106,1968.021393564637,239.52834552477228,48.29953310432311,40.39993714673375,0.0029241129475285,Tôi
846.0,3880.0,4590.0,1.0,1921.0,220.12,58.5,70.94,0.004,Tôi
1030.0,3533.0,4154.0,1.0,1937.0,232.81,56.13,53.69,0.004,Tôi
635.0,3735.0,3580.0,1.0,1937.0,247.12,52.31,41.25,0.005,Tôi
1373.0,3407.0,2762.0,1.0,1953.0,256.12,49.94,35.75,0.006,Tôi
855.0,3202.0,3148.0,1.0,1969.0,258.81,46.69,34.13,0.004,Tôi
573.0,3429.0,3007.0,2.0,1953.0,255.37,44.75,29.5,0.004,Tôi
433.0,3687.0,3306.0,2.0,1969.0,250.5,46.75,29.87,0.006,Tôi
237.0,3428.0,2900.0,2.0,1968.0,252.81,42.13,30.56,0.005,Tôi
250.0,3518.0,3177.0,1.0,1969.0,253.5,44.94,30.62,0.005,Tôi
283.0,3678.0,3376.0,1.0,1953.0,251.37,48.81,33.19,0.009,Tôi
54.0,3688.0,2996.0,2.0,1968.0,251.75,44.69,33.88,0.006,Tôi
113.0,3495.0,3376.0,1.0,1952.0,252.62,46.88,32.5,0.005,Tôi
154.0,3821.0,3573.0,2.0,1968.0,250.06,50.81,35.69,0.004,Tôi
85.0,3700.0,3400.0,1.0,1968.0,248.12,45.81,34.94,0.004,Tôi
87.0,3875.0,3078.0,1.0,1969.0,251.5,44.13,34.19,0.005,Tôi
147.0,3765.0,2847.0,2.0,1985.0,249.44,47.81,35.44,0.005,Tôi
195.0,4012.0,2567.0,2.0,1968.0,251.31,44.25,32.63,0.006,Tôi
118.0,3814.0,2793.0,19.0,1969.0,246.12,47.44,34.44,0.006,Tôi
88.0,3861.0,2901.0,4.0,2001.0,238.19,48.94,38.81,0.006,Tôi
99.0,3618.0,2992.0,5.0,1968.0,248.69,41.44,35.75,0.004,Tôi
181.0,3924.0,2855.0,354.0,1968.0,250.19,45.94,35.25,0.005,Tôi
195.0,3537.0,3136.0,116.0,1985.0,245.06,47.75,38.0,0.005,Tôi
133.0,3815.0,3063.0,154.0,1985.0,248.62,45.06,36.0,0.004,Tôi
135.0,3267.0,2182.0,582.0,1968.0,239.5,48.31,40.38,0.005,Tôi
218.0,3117.0,3197.0,1.0,1952.0,212.37,44.19,47.94,0.005,Tôi
129.0,3031.0,2844.0,2.0,1937.0,176.19,31.19,40.94,0.002,Tôi
2.0,3143.0,2770.0,2.0,1937.0,147.62,15.63,22.69,0.002,Tôi
174.0,3322.0,2903.0,13.0,1952.0,134.31,4.87,16.62,0.002,Tôi
74.0,3141.0,2947.0,67.0,1936.0,123.31,-8.81,14.31,0.001,Tôi
46.0,2667.0,2760.0,106.0,1936.0,111.69,-24.31,16.12,0.001,Tôi
40.0,3049.0,3637.0,178.0,1937.0,107.31,-37.56,19.62,0.001,Tôi
9.0,3311.0,4159.0,127.0,1952.0,107.69,-43.06,25.31,0.002,Tôi
6.0,3092.0,4006.0,1.0,1905.0,102.94,-47.75,30.0,0.002,Tôi
53.0,3145.0,3791.0,1.0,1937.0,97.37,-52.94,28.25,0.003,Tôi
74.0,3529.0,4378.0,0.0,1937.0,92.56,-62.63,28.81,0.002,Tôi
14.0,3692.0,4568.0,1.0,1936.0,96.0,-65.37,25.81,0.002,Tôi
19.0,3691.0,4679.0,1.0,1937.0,94.81,-63.81,29.44,0.002,Tôi
61.0,3432.0,5071.0,3.0,1937.0,95.31,-63.88,27.25,0.003,Tôi
29.0,3427.0,4846.0,1.0,1936.0,93.37,-64.5,27.25,0.003,Tôi
38.0,3320.0,4802.0,1.0,1952.0,94.0,-64.0,27.19,0.003,Tôi
17.0,3859.0,4879.0,0.0,1952.0,93.25,-63.0,28.12,0.003,Tôi
34.0,4018.0,4947.0,1.0,1937.0,93.0,-63.5,28.75,0.003,Tôi
19.0,4014.0,5111.0,2.0,1937.0,94.81,-65.06,27.56,0.002,Tôi
42.0,3821.0,5052.0,1.0,1952.0,96.06,-66.19,27.69,0.002,Tôi
25.0,3701.0,4557.0,2.0,1952.0,97.31,-66.37,29.31,0.002,Tôi
27.0,3264.0,3672.0,1.0,1952.0,98.44,-66.31,30.5,0.002,Tôi
44.0,3213.0,3529.0,2.0,1936.0,98.25,-66.0,29.31,0.002,Tôi
26.0,3127.0,2411.0,1.0,1937.0,97.87,-65.69,28.19,0.002,Tôi
15.0,2886.0,2220.0,1.0,1937.0,96.5,-65.87,27.75,0.002,Tôi
27.0,3213.0,2253.0,2.0,1937.0,96.87,-64.56,27.94,0.001,Tôi
2.0,3143.0,2770.0,2.0,1937.0,147.62,15.63,22.69,0.002,Tôi
174.0,3322.0,2903.0,13.0,1952.0,134.31,4.87,16.62,0.002,Tôi
74.0,3141.0,2947.0,67.0,1936.0,123.31,-8.81,14.31,0.001,Tôi
46.0,2667.0,2760.0,106.0,1936.0,111.69,-24.31,16.12,0.001,Tôi
40.0,3049.0,3637.0,178.0,1937.0,107.31,-37.56,19.62,0.001,Tôi
9.0,3311.0,4159.0,127.0,1952.0,107.69,-43.06,25.31,0.002,Tôi
6.0,3092.0,4006.0,1.0,1905.0,102.94,-47.75,30.0,0.002,Tôi
53.0,3145.0,3791.0,1.0,1937.0,97.37,-52.94,28.25,0.003,Tôi
74.0,3529.0,4378.0,0.0,1937.0,92.56,-62.63,28.81,0.002,Tôi
14.0,3692.0,4568.0,1.0,1936.0,96.0,-65.37,25.81,0.002,Tôi
19.0,3691.0,4679.0,1.0,1937.0,94.81,-63.81,29.44,0.002,Tôi
61.0,3432.0,5071.0,3.0,1937.0,95.31,-63.88,27.25,0.003,Tôi
29.0,3427.0,4846.0,1.0,1936.0,93.37,-64.5,27.25,0.003,Tôi
38.0,3320.0,4802.0,1.0,1952.0,94.0,-64.0,27.19,0.003,Tôi
17.0,3859.0,4879.0,0.0,1952.0,93.25,-63.0,28.12,0.003,Tôi
34.0,4018.0,4947.0,1.0,1937.0,93.0,-63.5,28.75,0.003,Tôi
19.0,4014.0,5111.0,2.0,1937.0,94.81,-65.06,27.56,0.002,Tôi
42.0,3821.0,5052.0,1.0,1952.0,96.06,-66.19,27.69,0.002,Tôi
25.0,3701.0,4557.0,2.0,1952.0,97.31,-66.37,29.31,0.002,Tôi
27.0,3264.0,3672.0,1.0,1952.0,98.44,-66.31,30.5,0.002,Tôi
44.0,3213.0,3529.0,2.0,1936.0,98.25,-66.0,29.31,0.002,Tôi
26.0,3127.0,2411.0,1.0,1937.0,97.87,-65.69,28.19,0.002,Tôi
15.0,2886.0,2220.0,1.0,1937.0,96.5,-65.87,27.75,0.002,Tôi
27.0,3213.0,2253.0,2.0,1937.0,96.87,-64.56,27.94,0.001,Tôi
129.0,3031.0,2844.0,2.0,1937.0,176.19,31.19,40.94,0.002,Tôi
119.62245619768169,2810.664067714521,2637.257871520982,1.8546117239950648,1796.1914546892203,163.38201982534522,28.92266983570304,37.963901990178975,0.001854611723995,Tôi
1.8546117239950648,2914.522324258244,2568.637237733165,1.8546117239950648,1796.1914546892203,136.88889134807573,14.493790623021432,21.04057000872401,0.001854611723995,Tôi
161.35121998757063,3080.5100735558026,2691.9689173788365,12.054976205967922,1810.1010426191835,124.54645032488858,4.515979547927983,15.411823426398987,0.001854611723995,Tôi
68.6206337878174,2912.6677125342494,2732.770375306728,62.12949275383467,1795.2641488272227,114.34608584291573,-8.16956464419826,13.26974688518469,0.0009273058619975,Tôi
42.65606965188649,2473.124733947419,2559.364179113189,98.29442137173844,1795.2641488272227,103.5707917265044,-22.54280550516001,14.948170495400223,0.0009273058619975,Tôi
37.09223447990129,2827.355573230476,3372.611420085025,165.06044343556076,1796.1914546892203,99.5091920509552,-34.82960817662732,18.193741012391587,0.0009273058619975,Tôi
8.345752757977792,3070.3097090738297,3856.665080047737,117.7678444736866,1810.1010426191835,99.86156827851426,-39.92979041761375,23.470111367157543,0.001854611723995,Tôi
5.563835171985194,2867.2297252963704,3714.787283162115,0.9273058619975324,1766.517667105299,95.456865434026,-44.27885491038217,27.819175859925974,0.001854611723995,Tôi
49.14721068586922,2916.3769359822395,3515.416522832645,0.9273058619975324,1796.1914546892203,90.29177178269974,-49.09157233414936,26.19639060143029,0.0027819175859925,Tôi
68.6206337878174,3272.462386989292,4059.7450638251967,0.0,1796.1914546892203,85.8314305864916,-58.077166136905454,26.715681884148907,0.001854611723995,Tôi
12.982282067965452,3423.6132424948896,4235.933177604728,0.9273058619975324,1795.2641488272227,89.0213627517631,-60.6179841987787,23.93376429815631,0.001854611723995,Tôi
17.618811377953115,3422.685936632892,4338.864128286454,0.9273058619975324,1796.1914546892203,87.91786877598605,-59.17138705406254,27.299884577207354,0.001854611723995,Tôi
56.56565758184948,3182.513718375531,4702.368026189487,2.781917585992597,1796.1914546892203,88.38152170698481,-59.23629846440237,25.26908473943276,0.0027819175859925,Tôi
26.89186999792844,3177.8771890655435,4493.724207240042,0.9273058619975324,1795.2641488272227,86.5825483347096,-59.81122809884084,25.26908473943276,0.0027819175859925,Tôi
35.23762275590623,3078.655461831808,4452.922749312151,0.9273058619975324,1810.1010426191835,87.16675102776804,-59.34757516784207,25.213446387712903,0.0027819175859925,Tôi
15.76419965395805,3578.4733214484777,4524.32530068596,0.0,1810.1010426191835,86.4712716312699,-58.42026930584454,26.075840839370613,0.0027819175859925,Tôi
31.5283993079161,3725.914953506085,4587.382099301793,0.9273058619975324,1796.1914546892203,86.23944516577052,-58.8839222368433,26.660043532429057,0.0027819175859925,Tôi
17.618811377953115,3722.205730058095,4739.460260669388,1.8546117239950648,1796.1914546892203,87.91786877598605,-60.33051938155946,25.55654955665199,0.001854611723995,Tôi
38.94684620389637,3543.235698692571,4684.749214811533,0.9273058619975324,1810.1010426191835,89.07700110348297,-61.37837500561667,25.677099318711672,0.001854611723995,Tôi
23.18264654993831,3431.958995252867,4225.732813122755,1.8546117239950648,1810.1010426191835,90.23613343097988,-61.54529006077623,27.17933481514768,0.001854611723995,Tôi
25.03725827393337,3026.726333559946,3405.067125254939,0.9273058619975324,1810.1010426191835,91.28398905503708,-61.489651709056375,28.28282879092474,0.001854611723995,Tôi
40.80145792789143,2979.433734598072,3272.462386989292,1.8546117239950648,1795.2641488272227,91.10780094125757,-61.20218689183714,27.17933481514768,0.001854611723995,Tôi
24.109952411935843,2899.685430466284,2235.734433276051,0.9273058619975324,1796.1914546892203,90.7554247136985,-60.9147220746179,26.14075224971044,0.001854611723995,Tôi
13.909587929962989,2676.2047177248787,2058.6190136345217,0.9273058619975324,1796.1914546892203,89.48501568276188,-61.08163712977746,25.73273767043153,0.001854611723995,Tôi
25.03725827393337,2979.433734598072,2089.2201070804404,1.8546117239950648,1796.1914546892203,89.82811885170096,-59.86686645056069,25.908925784211057,0.0009273058619975,Tôi
128.97450236959352,3031.02140720057,2844.036522212029,2.035866019309634,1937.0096068865173,176.17558350455076,31.18693981865573,40.93147180325134,-0.0286800691011088,Tôi
2.009741878391168,3142.9849686770253,2769.974581519856,2.044287831275464,1936.973624482424,0.0,15.667176099466689,22.69830018669644,0.0139608458085911,Tôi
173.986616837771,3321.992449346952,0.0,13.011031183216351,1952.0199127990195,134.32439491958704,4.907574236221539,16.61287600163003,0.0085305604586321,Tôi
73.99478264813348,3141.0124808523296,2947.005249041865,67.03620239769573,1936.0007924562697,123.33022956249046,-8.822029470896375,14.299438973180596,-0.0187230762448311,Tôi
45.99299440489221,0.0,2759.9564582169733,0.0,1935.9701404232328,111.70945576881068,-0.0,16.114848200424696,0.0171004348911141,Tôi
40.02030184876882,3048.991708537386,3636.990733821614,178.01125892861705,1937.0126802656328,107.30295642209222,-37.565186041829016,19.630210154958792,-0.0202472260702176,Tôi
8.983031470864109,3310.9833119586524,4159.020970393748,127.023050480552,1952.0174544965887,107.71733701574512,-43.0519408591473,25.32656681157412,-0.0162095504479965,Tôi
6.011863859450828,3091.99116798712,4005.997118876142,1.0252282713939198,1905.0170838884872,102.8955438471138,-47.78365044075004,29.98992144721693,0.0466829878546755,Tôi
52.96367342343215,3144.999421438464,0.0,0.9945643132680116,1936.9892733169013,97.3482371729897,-52.88687104051994,28.274773804455005,0.013371771338612,Tôi
73.99057816479991,3529.005729976214,4378.022088680917,0.0046366010841953,1936.9921694356888,0.0,-62.64047046448785,28.825850051737508,-0.0,Tôi
13.963307668776004,3691.9639785348886,0.0,1.0185780015704669,1936.006595835236,95.963872688722,-0.0,25.807699971682588,-0.0223956353413723,Tôi
19.01814949078886,3691.0277620809006,4679.002562930149,1.0231043339793902,1937.0033633651592,94.81279911826852,-63.81235002190851,29.429086506935995,-0.0066037087591493,Tôi
60.97205298992753,3431.9810835837416,5071.00533086712,2.9806052678147688,1936.977197304796,95.33998618670176,-63.86588144434587,27.271689200118,-0.0,Tôi
28.98483726468987,3427.0209130659346,4846.007975897865,1.0017071324158353,1936.011634735356,93.37395996578392,-64.4886664868377,27.252726626513155,0.0130282137786643,Tôi
37.98153095667566,3319.970541645351,4802.022590903768,1.0154806905205265,1951.982692449504,94.01043468236068,-63.99236671279637,27.18842678580189,0.0360431302403388,Tôi
17.016230107154644,3858.974540762596,4879.041669657305,-0.0103229435961853,1952.0164214342856,93.2447525492638,-63.0037357523705,28.12394499388828,-0.0018418624720866,Tôi
33.980978739905794,4018.0235200936863,4947.015882564219,0.0,1936.979551842756,93.0365434333191,-0.0,28.77860555034796,0.0210112311952157,Tôi
18.988295415238422,4014.007524806957,5110.98173165477,2.022378934636261,1937.0342717348265,94.82284965521848,-65.04410916125448,27.58667986925706,-0.0410658667961971,Tôi
41.98420035686842,3821.001808962013,5052.049942148567,0.997544182399594,1951.9733538014173,96.04961657374643,-66.1841985226405,27.68819968974992,-0.0078635654056778,Tôi
24.99433073181755,3701.016706438192,0.0,2.0062200072650835,1951.9780299339093,97.28594368994112,-66.40395078478338,29.29129615159864,-0.0076842634523066,Tôi
27.02029051440364,3264.0218046634727,3672.0073135281177,1.0046586162637396,1952.0136836446425,0.0,-0.0,0.0,0.0100597167775255,Tôi
44.01962461131407,3212.990867177026,3528.9780168416546,1.992590573720012,1935.9984190254768,98.22593861460592,-66.01602161203486,29.29681767243507,-0.0,Tôi
25.97141900169205,3126.97544568536,2411.002451219772,1.0221225104967673,1937.0330386841897,97.88646168534515,-0.0,28.21085195238847,0.0198960822997099,Tôi
15.015034010750671,2886.002190640293,0.0,1.0071211471737145,1936.965585452789,96.50680390777252,-65.8920849606415,27.74473127291812,-0.0084669419906177,Tôi
26.973268164562203,3212.993909261101,2252.989220555975,1.9900109052032209,1936.9795831816675,96.855459425097,-64.56163690033878,27.9161473495048,0.009391045378563,Tôi
129.0,3031.0,2844.0,2.0,1937.0,176.19,31.19,40.94,0.002,Tôi
2.0,3143.0,2770.0,2.0,1937.0,147.62,15.63,22.69,0.002,Tôi
174.0,3322.0,2903.0,13.0,1952.0,134.31,4.87,16.62,0.002,Tôi
74.0,3141.0,2947.0,67.0,1936.0,123.31,-8.81,14.31,0.001,Tôi
46.0,2667.0,2760.0,106.0,1936.0,111.69,-24.31,16.12,0.001,Tôi
40.0,3049.0,3637.0,178.0,1937.0,107.31,-37.56,19.62,0.001,Tôi
9.0,3311.0,4159.0,127.0,1952.0,107.69,-43.06,25.31,0.002,Tôi
6.0,3092.0,4006.0,1.0,1905.0,102.94,-47.75,30.0,0.002,Tôi
53.0,3145.0,3791.0,1.0,1937.0,97.37,-52.94,28.25,0.003,Tôi
74.0,3529.0,4378.0,0.0,1937.0,92.56,-62.63,28.81,0.002,Tôi
14.0,3692.0,4568.0,1.0,1936.0,96.0,-65.37,25.81,0.002,Tôi
19.0,3691.0,4679.0,1.0,1937.0,94.81,-63.81,29.44,0.002,Tôi
61.0,3432.0,5071.0,3.0,1937.0,95.31,-63.88,27.25,0.003,Tôi
29.0,3427.0,4846.0,1.0,1936.0,93.37,-64.5,27.25,0.003,Tôi
38.0,3320.0,4802.0,1.0,1952.0,94.0,-64.0,27.19,0.003,Tôi
17.0,3859.0,4879.0,0.0,1952.0,93.25,-63.0,28.12,0.003,Tôi
34.0,4018.0,4947.0,1.0,1937.0,93.0,-63.5,28.75,0.003,Tôi
19.0,4014.0,5111.0,2.0,1937.0,94.81,-65.06,27.56,0.002,Tôi
42.0,3821.0,5052.0,1.0,1952.0,96.06,-66.19,27.69,0.002,Tôi
25.0,3701.0,4557.0,2.0,1952.0,97.31,-66.37,29.31,0.002,Tôi
27.0,3264.0,3672.0,1.0,1952.0,98.44,-66.31,30.5,0.002,Tôi
44.0,3213.0,3529.0,2.0,1936.0,98.25,-66.0,29.31,0.002,Tôi
26.0,3127.0,2411.0,1.0,1937.0,97.87,-65.69,28.19,0.002,Tôi
15.0,2886.0,2220.0,1.0,1937.0,96.5,-65.87,27.75,0.002,Tôi
27.0,3213.0,2253.0,2.0,1937.0,96.87,-64.56,27.94,0.001,Tôi
25.0,3452.0,2339.0,2.0,1952.0,98.62,-65.25,26.75,0.003,Tôi
10.0,3543.0,2008.0,1.0,1937.0,99.37,-65.69,27.37,0.002,Tôi
24.0,3228.0,1627.0,2.0,1952.0,100.37,-66.31,28.31,0.002,Tôi
8.0,3504.0,1508.0,123.0,1952.0,101.5,-67.31,29.44,0.002,Tôi
27.0,3314.0,1977.0,366.0,1952.0,101.94,-67.25,30.0,0.002,Tôi
17.0,3360.0,2009.0,2.0,1968.0,100.44,-66.69,28.81,0.003,Tôi
32.0,3265.0,2131.0,1.0,1969.0,98.37,-66.0,28.37,0.003,Tôi
35.0,3488.0,1986.0,1.0,1968.0,98.0,-65.25,27.94,0.004,Tôi
27.0,3520.0,2032.0,0.0,1968.0,98.5,-65.69,27.44,0.003,Tôi
57.0,3588.0,2194.0,1.0,1952.0,99.0,-66.25,26.62,0.002,Tôi
28.0,3584.0,1998.0,2.0,1968.0,100.06,-66.56,26.69,0.002,Tôi
58.0,3603.0,2048.0,1.0,1985.0,101.5,-67.25,26.75,0.002,Tôi
9.0,3620.0,2145.0,1.0,1968.0,102.69,-68.25,26.87,0.001,Tôi
25.0,3544.0,2218.0,1.0,1968.0,103.44,-68.44,27.87,0.002,Tôi
43.0,3624.0,2392.0,0.0,1969.0,104.69,-67.19,27.5,0.002,Tôi
22.0,2876.0,1865.0,2.0,1985.0,105.69,-65.06,26.12,0.001,Tôi
15.0,3094.0,2290.0,1.0,1984.0,105.56,-65.31,26.06,0.001,Tôi
32.0,3240.0,1991.0,3.0,1968.0,102.12,-68.5,29.0,0.002,Tôi
103.0,3246.0,2522.0,1.0,1969.0,100.12,-68.12,31.69,0.001,Tôi
47.0,3693.0,2865.0,1.0,1984.0,99.56,-67.94,33.06,0.002,Tôi
61.0,3686.0,2914.0,2.0,1984.0,101.56,-70.25,31.69,0.002,Tôi
48.0,3766.0,3019.0,1.0,1985.0,105.25,-70.94,32.94,0.001,Tôi
65.0,3636.0,2678.0,-1.0,1953.0,104.5,-68.37,32.88,0.002,Tôi
1.0,3004.0,2452.0,2.0,1904.0,100.62,-61.75,39.25,0.003,Tôi
0.0,2044.0,1261.0,3.0,1889.0,97.37,-51.81,47.69,0.002,Tôi
25.67713464492143,0.0,2402.352717378849,0.0,2004.8706730754648,101.29116074728606,-67.01732142324492,27.47453407006593,0.0030812561573905,Tôi
10.270853857968572,3638.963521878265,0.0,1.0270853857968572,1989.4643922885125,102.0614747866337,-67.46923899299554,28.11132700925998,0.0020541707715937,Tôi
24.65004925912457,3315.4316253522547,1671.0679226914865,2.0541707715937143,2004.8706730754648,103.08856017243056,-68.1060319321896,29.076787271909023,0.0020541707715937,Tôi
0.0,3598.9071918321874,1548.8447617816605,126.33150245301344,2004.8706730754648,104.249166658381,-69.13311731798646,0.0,0.0020541707715937,Tôi
0.0,3403.760968530785,2030.5478077203863,375.9132512016497,2004.8706730754648,104.70108422813162,-69.07149219483864,30.812561573905715,0.0020541707715937,Tôi
17.460451558546573,3451.00689627744,2063.414540065886,2.0541707715937143,2021.3040392482148,103.16045614943631,-68.4963243787924,29.59032996480745,0.0030812561573905,Tôi
32.86673234549943,3353.4337846267385,2188.718957133103,1.0270853857968572,2022.331124634012,101.03438940083684,-67.78763546259258,29.13841239505684,0.0030812561573905,Tôi
35.94798850289,3582.473825659438,2039.7915761925583,0.0,2021.3040392482148,100.654367808092,-67.01732142324492,28.69676567916419,0.0041083415431874,Tôi
27.73130541651514,3615.340558004937,0.0,0.0,2021.3040392482148,0.0,-67.46923899299554,28.18322298626576,0.0030812561573905,Tôi
58.54386699042086,3685.182364239124,2253.4253364383044,1.0270853857968572,2004.8706730754648,101.68145319388886,-68.04440680904179,27.34101296991233,0.0020541707715937,Tôi
0.0,3681.074022695936,2052.1166008221207,2.0541707715937143,2021.3040392482148,102.77016370283351,-68.36280327863881,27.41290894691812,0.0,Tôi
59.57095237621772,3700.588645026077,2103.4708701119634,1.0270853857968572,2038.7644908067607,104.249166658381,-69.07149219483864,27.47453407006593,0.0020541707715937,Tôi
9.243768472171714,3718.049096584623,2203.0981525342586,1.0270853857968572,2021.3040392482148,105.47139826747926,-70.0985775806355,27.59778431636155,0.0010270853857968,Tôi
0.0,3639.990607264062,2278.0753856974293,1.0270853857968572,0.0,106.2417123068269,-70.2937238039369,28.62486970215841,0.0020541707715937,Tôi
44.164671589264856,3722.15743812781,0.0,0.0,2022.331124634012,107.52556903907298,-69.00986707169083,28.24484810941357,0.0020541707715937,Tôi
22.595878487530857,2953.897569551761,1915.5142445111385,2.0541707715937143,2038.7644908067607,108.55265442486984,-66.82217519994353,26.82747027701391,0.0010270853857968,Tôi
15.406280786952856,3177.8021836554763,2352.025533474803,1.0270853857968572,2037.7374054209645,108.41913332471624,-67.07894654639274,26.765845153866096,0.0010270853857968,Tôi
32.86673234549943,3327.756649981817,2044.9270031215424,3.0812561573905715,2021.3040392482148,104.88595959757504,-70.35534892708472,29.78547618810886,0.0,Tôi
105.78979473707628,3333.919162296598,2590.3093429796736,1.0270853857968572,2022.331124634012,102.83178882598136,-69.96505648048192,32.5483358759024,0.0010270853857968,Tôi
48.27301313245229,3793.0263297477936,2942.5996303079955,1.0270853857968572,0.0,102.2566210099351,-69.78018111103847,33.9554428544441,0.0020541707715937,Tôi
62.65220853360829,3785.8367320472153,2992.926814212042,2.0541707715937143,0.0,104.31079178152882,-72.15274835222921,32.5483358759024,0.0,Tôi
49.30009851824914,3868.003562910964,3100.770779720712,1.0270853857968572,0.0,108.1007368551192,-72.86143726842904,33.832192608148475,0.0010270853857968,Tôi
66.76055007679571,3734.482462757373,0.0,-1.0270853857968572,2005.897758461262,107.33042281577156,-70.22182782693113,33.77056748500067,0.0020541707715937,Tôi
1.0270853857968572,3085.364498933759,2518.4133659738936,2.0541707715937143,0.0,103.34533151887976,-63.42252257295593,40.31310139252664,0.0030812561573905,Tôi
0.0,2099.362528568776,1295.1546714898368,3.0812561573905715,1940.1642937702632,0.0,-53.21329383813517,48.98170204865212,0.0020541707715937,Tôi
0.0,1995.0459567999808,1230.7988999631975,2.928149643052809,1843.758225242252,95.037976914684,-50.56914433552202,46.547818825729486,0.0019520997620352,Tôi
24.401247025440075,3369.3241892727656,2282.9806717001734,1.952099762035206,1905.249367746361,96.258039265956,-63.6872547363986,26.10933431722088,0.0029281496430528,Tôi
9.760498810176031,3458.1447284453675,1959.9081610833468,0.976049881017603,1890.608619531097,96.9900766767192,-64.11671668404634,26.7144852434518,0.0019520997620352,Tôi
23.42519714442248,3150.689015924823,1588.0331564156402,1.952099762035206,1905.249367746361,97.96612655773684,-64.72186761027726,27.63197213160834,0.0019520997620352,Tôi
7.808399048140824,3420.078783085681,1471.8832205745457,120.05413536516518,1905.249367746361,99.06906292328672,-65.69791749129486,28.73490849715824,0.0019520997620352,Tôi
26.35334678747528,3234.6293056923364,1929.6506147718007,357.2342564524427,1905.249367746361,99.49852487093445,-65.6393544984338,29.28149643052809,0.0019520997620352,Tôi
16.59284797729925,3279.5276002191463,1960.8842109643645,1.952099762035206,1920.8661658426429,98.03445004940804,-65.09276656506394,28.119997072117144,0.0029281496430528,Tôi
31.233596192563297,3186.802861522474,2079.962296448512,0.976049881017603,1921.8422157236605,96.0140267957016,-64.4192921471618,27.6905351244694,0.0029281496430528,Tôi
34.16174583561611,3404.4619849894,1938.43506370096,0.976049881017603,1920.8661658426429,95.6528883397251,-63.6872547363986,27.27083367563183,0.0039041995240704,Tôi
26.35334678747528,3435.6955811819626,1983.3333582277687,0.0,1920.8661658426429,96.1409132802339,-64.11671668404634,26.78280873512303,0.0029281496430528,Tôi
55.634843218003375,3502.0669730911595,2141.453438952621,0.976049881017603,1905.249367746361,96.6289382207427,-64.6633046174162,25.982447832688592,0.0019520997620352,Tôi
27.329396668492883,3498.162773567089,1950.147662273171,1.952099762035206,1920.8661658426429,97.66355109462135,-64.96588008053166,26.050771324359825,0.0019520997620352,Tôi
56.61089309902098,3516.7077213064235,1998.950156324051,0.976049881017603,1937.459013819942,99.06906292328672,-65.6393544984338,26.10933431722088,0.0019520997620352,Tôi
8.784448929158428,3533.300569283723,2093.626994782758,0.976049881017603,1920.8661658426429,100.23056228169766,-66.6154043794514,26.226460302943,0.0009760498810176,Tôi
24.401247025440075,3459.1207783263853,2164.8786360970435,0.976049881017603,1920.8661658426429,100.96259969246086,-66.80085385684475,27.2025101839606,0.0019520997620352,Tôi
41.97014488375693,3537.204768807793,2334.7113153941064,0.0,1921.8422157236605,102.18266204373286,-65.58079150557275,26.84137172798408,0.0019520997620352,Tôi
21.473097382387262,2807.1194578066265,1820.3330280978296,1.952099762035206,1937.459013819942,103.15871192475046,-63.50180525900526,25.49442289217979,0.0009760498810176,Tôi
14.640748215264043,3019.898331868464,2235.154227530311,0.976049881017603,1936.4829639389245,103.0318254402182,-63.745817729259656,25.435859899318736,0.0009760498810176,Tôi
31.233596192563297,3162.4016144970337,1943.315313106048,2.928149643052809,1920.8661658426429,99.67421384951764,-66.85941684970581,28.30544654951049,0.0019520997620352,Tôi
100.53313774481312,3168.2579137831394,2461.597799926395,0.976049881017603,1921.8422157236605,97.72211408748242,-66.48851789491913,30.93102072944784,0.0009760498810176,Tôi
45.874344407827344,3604.552210598008,2796.3829091154325,0.976049881017603,1936.4829639389245,97.17552615411256,-66.31282891633595,32.26820906644196,0.0019520997620352,Tôi
59.53904274207378,3597.719861430885,2844.209353285295,1.952099762035206,1936.4829639389245,99.12762591614776,-68.56750414148661,30.93102072944784,0.0019520997620352,Tôi
46.85039428884495,3675.803851912293,2946.694590792144,0.976049881017603,1937.459013819942,102.72924997710273,-69.24097855938875,32.15108308071984,0.0009760498810176,Tôi
63.4432422661442,3548.9173673800046,2613.861581365141,-0.976049881017603,1906.2254176273784,101.99721256633951,-66.73253036517353,32.09252008785879,0.0019520997620352,Tôi
0.976049881017603,2932.05384257688,2393.274308255163,1.952099762035206,1858.398973457516,98.21013902799122,-60.27108015283699,38.30995782994092,0.0029281496430528,Tôi
24.98119074919768,3452.021004386699,2338.9955854073087,1.98289832373994,1952.0281112384896,98.61782827862493,-65.26966141426058,26.74679484227419,0.0265097453230927,Tôi
10.0070613835192,3542.9987645791493,2007.9864700566743,1.014157483248135,1936.977529791887,99.36273460151682,-65.68248348139112,27.374921286612093,-0.0062953067809489,Tôi
24.019363251789454,3227.99518226668,1627.0093209681863,2.0299910853867504,1952.0045783088383,100.35055344594927,-66.33021393835736,28.31035626706464,-0.0019134491882838,Tôi
7.996684610182714,3504.004081763077,1507.9985147403029,123.02049655807384,1951.9979784212949,101.50604037571352,-67.34289686383164,29.43029924698106,-0.0055504009222647,Tôi
27.025254170042285,3313.98541728646,1977.0034894654184,365.99722480414925,1952.0529772800685,101.94175538148184,-67.22913220220953,30.00090419287164,0.0137749539388878,Tôi
16.982772357479824,3360.036317405735,2009.038122814914,1.988527461961185,1967.995239599965,100.4367176810007,-66.66028090503507,28.796348848589588,0.0019240228029173,Tôi
31.99817607527061,3264.990369131911,2131.009175544725,1.0084101294665595,1968.9945351451847,98.36482346161468,-65.9859040789784,28.330122777536328,0.0110600023596776,Tôi
34.9916784331488,3487.972097585859,1986.016312023553,0.977256363699477,1968.0291302433684,97.97487358395225,-65.25175387620288,27.95245646538732,0.0035968741281489,Tôi
26.99386874376649,3519.996522315045,2031.97734457306,-2.457360490895408e-05,1968.005835402513,98.51319237896,-65.68697800965384,27.46512417695779,-0.0261720383035378,Tôi
56.99560766539225,3587.991549753809,2193.999489228328,0.9710309546847028,1952.0227881217995,98.99373573847878,-66.25009041769425,26.66808147067849,0.0048525322331179,Tôi
28.000595778561827,3583.981567443285,1997.9911826398125,1.9481150206003428,1968.038275873385,100.0263838871482,-66.52406818875558,26.72407821423818,-0.0016046003370032,Tôi
57.953502173235776,3603.057120567065,2047.9950533125425,0.9911118192056592,1984.982057872356,101.49646909277682,-67.24769125091449,26.73465100058089,0.0106935334802913,Tôi
8.962777231442674,3620.01379566654,2144.978682937761,0.9962386957245524,1968.005751318336,102.6607021089111,-68.25597126556582,26.876859791177043,-0.0089013002029899,Tôi
24.980719283893915,3543.97290616877,2217.9890769912686,0.9515127259652748,1967.9677661158369,103.4323158747895,-68.44041092035462,27.89203187755049,-0.0037247236624907,Tôi
42.98373731515014,3623.982188106337,2391.9712410651614,0.035441792412121,1969.0239902291628,104.69194312537284,-67.1911452049325,27.51019621507,-0.0056843010383699,Tôi
22.00613349538427,2876.005395822596,1865.002928616124,1.9726766308356884,1985.01347641558,105.690599631363,-65.06440145815355,26.161293926183795,-0.0201485635347278,Tôi
14.9973160144082,3094.016005277182,2290.002994001064,0.9956280795234482,1983.997162069968,105.5747615932369,-65.2912857532261,26.05163775767446,-0.0169574967285533,Tôi
31.970855809384823,3240.0034809364297,1990.98493033341,2.990491856705856,1967.9788294059767,102.13584883206984,-68.47202931735508,29.023518113705617,-0.0120182757632044,Tôi
102.9993186619047,3245.9868242529387,2521.9899643622384,1.0139316863613086,1968.963246350169,100.13152878402592,-68.09515091188057,31.69839401671398,0.0127180175282093,Tôi
47.0146986199942,3693.026816521027,2864.9826079896216,1.0066526000329852,1984.01473419068,99.57852299204912,-67.93917437063334,33.0729803522762,0.0069766998286579,Tôi
60.99973809078268,3685.998656515032,2914.002585170944,1.9814820429253075,1983.9712671397133,101.56554241318594,-70.24318400963652,31.65690678233343,0.0245646593321965,Tôi
48.00037672415133,3766.004850634101,3018.9904277969194,1.0479039438266329,1985.0185576757829,105.21909977025936,-70.93740625400795,32.939716807434465,-0.0100557471657492,Tôi
65.00535461170132,3635.979457654288,2677.9901638192523,-1.0079378702073956,1952.984327440868,104.50347475417423,-68.36693938043048,32.860563706942216,0.0185879208160709,Tôi
1.009000888777048,3004.0239781541472,2452.008088877146,2.0104315741895333,1904.01824207352,100.61187162924276,-61.77463042804487,39.27340312972704,0.0259340710270254,Tôi
0.0183790682083983,2044.0062647984328,1260.9752685417718,3.0219514261987586,1889.0268957884448,97.33366446911364,-51.82882707135715,47.68567299566276,0.0104404483147081,Tôi
0.922520151858598,2760.7560724942687,2253.480144691274,1.8633424839617057,1749.7992344584188,92.4709240088936,-56.77362153132657,36.07182213720899,0.0147284716365001,Tôi
-0.0158182419248971,1878.4549848537588,1158.8821887357929,2.7542718819184766,1736.0187585210688,89.4969758048239,-47.6693195014178,43.82495096899492,-0.004993990418277,Tôi
22.97424994726523,3172.4673189807045,2149.564837975959,1.8463413468177143,1793.9195387196007,90.61852827738396,-59.925453185962326,24.58312549576896,0.0133431009180895,Tôi
9.15734790320752,3256.0800215581576,1845.3834961775992,0.9212380515510374,1780.1446502961876,91.34213712064704,-60.37531529159061,25.12085087827282,0.0088281175683888,Tôi
22.06769873344526,2966.6092270372706,1495.2592122755784,1.840488553633658,1793.9585062875078,92.22031229684944,-60.92358484259716,26.01046993720427,0.0345256778259537,Tôi
7.348564517831959,3220.238577573098,1385.893467016774,113.02605365787664,1793.9440147003568,93.27082337058135,-61.838474334477056,27.075173199947542,0.0272190947763947,Tôi
24.819326796041725,3045.664580611554,1816.927225059619,336.3601525688882,1793.9223665374182,93.6818386013308,-61.783906109740826,27.60326212888993,-0.0156028498135552,Tôi
15.64476852427533,3087.8880080342,1846.320379407267,1.7867259299086298,1808.630215719439,92.31051293006811,-61.29072332156426,26.46577876019766,0.0255761108718761,Tôi
29.40540856442009,3000.602672086775,1958.4124373247205,0.9460959674423788,1809.551590454825,90.39018598967849,-60.65056035725186,26.055572832828684,-0.0063642400403873,Tôi
32.15421760271255,3205.569745192952,1825.198661355893,0.9285918664652753,1808.6177415026104,90.07492651341754,-59.97241177361688,25.679725057727047,-0.002757527384954,Tôi
24.841959062122807,3234.911223323412,1867.490491099575,0.0227748501418697,1808.644020697417,90.55570650897266,-60.37729537471797,25.22633197165693,0.012277815971427,Tôi
52.38291191169411,3297.4358758550675,2016.3073584321817,0.9523651480997544,1793.931470654294,90.96155931836677,-60.88978667694624,24.465507319962747,0.0010570479885905,Tôi
25.733654219057467,3293.796814492664,1836.192275417488,1.874274851425059,1808.6589079837909,91.91398328094051,-61.178587215562125,24.533616710304383,0.028532317847653,Tôi
53.31278785579212,3311.2103144203247,1882.1821154504448,0.9114461402547748,1824.2354814645685,93.2777156394486,-61.7811307274384,24.591632589584947,-0.0171029806245896,Tôi
8.295950036714062,3326.8375214901343,1971.2906301607463,0.8905900661573822,1808.6106111406004,94.39309707774396,-62.73449116110564,24.729776121586887,0.0110873663036622,Tôi
22.979556621564257,3256.992421369492,2038.4020644627576,0.920376185855982,1808.6708232274448,95.08887822148932,-62.890570103268246,25.599568881665707,-0.0100773925082356,Tôi
39.50968420636082,3330.5299394870585,2198.2872324573377,-0.0079557992201966,1809.551555561688,96.22661924519991,-61.75969403364972,25.278746158899423,-0.0194090048086412,Tôi
20.276361309907514,2643.0986298751354,1713.9940179910402,1.849551284133007,1824.2693060943527,97.12162267988036,-59.7904099493138,23.99576589440592,-0.0636505343947718,Tôi
13.778690033330744,2843.450289948033,2104.547605297588,0.9324439628276132,1823.379776204596,97.00192285582108,-60.056672518989096,23.94896764936196,-0.0012128163353527,Tôi
29.40184474867095,2977.607768455102,1829.778843313921,2.742518378080717,1808.6249635186275,93.83782991373232,-62.96865375333612,26.654665617412643,0.0144514197742403,Tôi
94.62669435550195,2983.1306687365154,2317.759672751676,0.8972092635051664,1809.5689794650248,92.03020973790936,-62.60769731223655,29.158986716033954,-0.0062361591376671,Tôi
43.20784134222094,3393.953362633838,2632.996788662098,0.9379804064863146,1823.3351806724947,91.50783203950115,-62.44015789135757,30.33415394194321,-0.0331472281134226,Tôi
56.0488754198642,3387.5150123038693,2678.0392582008994,1.8514995716585103,1823.3436543940768,93.30879697475024,-64.55346725772795,29.110309327074287,0.0132983149144817,Tôi
44.11167435415871,3461.043386092181,2774.5160037910973,0.945419038959655,1824.221487064983,96.72950543956856,-65.19515556929532,30.27699151599232,-0.0008414741396856,Tôi
59.70522908184819,3341.559605938437,2461.132404337692,-0.9394941991199192,1794.8588503974636,96.03025198250036,-62.83156534025812,30.22207678751616,-0.0125505121556234,Tôi
1.0,1129.0,574.0,1.0,1889.0,97.62,-47.44,48.88,0.003,Tôi
1.0,1.0,1.0,1.0,1889.0,101.44,-48.63,41.69,0.005,Tôi
26.0,2.0,91.0,0.0,1888.0,103.69,-54.19,37.94,0.004,Tôi
1.0,2.0,253.0,4.0,1888.0,102.75,-61.31,40.88,0.005,Tôi
342.0,969.0,708.0,0.0,1889.0,105.25,-71.56,42.13,0.003,Tôi
137.0,87.0,545.0,1.0,1889.0,103.37,-75.37,47.19,0.001,Tôi
0.0,0.0,496.0,1.0,1888.0,102.81,-74.25,51.25,0.002,Tôi
0.0,1.0,62.0,2.0,1889.0,101.5,-72.37,52.13,0.001,Tôi
1.0,0.0,1.0,1.0,1889.0,102.69,-72.37,49.63,0.001,Tôi
2.0,1.0,4.0,2.0,1888.0,99.56,-71.44,47.94,0.002,Tôi
2.0,1.0,2.0,2.0,1889.0,96.62,-71.19,41.81,0.002,Tôi
2.0,1.0,1.0,0.0,1889.0,95.94,-70.56,38.31,0.002,Tôi
1.0,2.0,0.0,2.0,1888.0,96.75,-71.0,32.0,0.002,Tôi
2.0,1.0,1.0,2.0,1888.0,99.69,-71.25,32.63,0.001,Tôi
-1.0,1.0,1.0,0.0,1889.0,99.44,-71.19,41.19,0.001,Tôi
2.0,0.0,1.0,3.0,1888.0,101.0,-71.75,55.06,0.002,Tôi
1.0,1.0,2.0,1.0,1889.0,105.31,-70.44,66.5,0.002,Tôi
0.0,1.0,1.0,1.0,1889.0,106.37,-69.0,65.44,0.002,Tôi
1.0,1.0,1.0,1.0,1889.0,105.69,-67.94,63.38,0.002,Tôi
2.0,1.0,0.0,1.0,1888.0,105.5,-67.06,61.06,0.002,Tôi
0.0,1.0,1.0,1.0,1888.0,105.37,-64.81,52.75,0.003,Tôi
1.0,2.0,6.0,1.0,1889.0,109.06,-62.63,46.63,0.002,Tôi
155.0,1.0,600.0,296.0,1889.0,112.0,-62.63,39.88,0.002,Tôi
121.0,883.0,1326.0,2.0,1889.0,109.19,-63.69,30.69,0.003,Tôi
78.0,54.0,213.0,1.0,1888.0,107.06,-66.44,38.25,0.002,Tôi
28.16941001374101,2.171530823438967,98.67224057827568,0.0096554037285742,2047.7981950078367,112.50920232830222,-58.767392568300046,41.17142513628771,-0.0026648418860491,Tôi
1.1165230924208986,2.165706491840006,274.4063355530041,4.327224256854669,2047.771050838856,111.46670246561538,-66.52008274456956,44.35373617827906,-0.0006015689254492,Tôi
370.9904489189265,1050.9733447495266,767.9434018264831,0.0397511399616014,2048.8588385128296,114.14941568408942,-77.59147065459977,45.701484357231,0.0234812159488958,Tôi
148.57572340316912,94.3630625923239,591.0918055093007,1.058589710870093,2048.8282137303886,112.10685739312426,-81.74811216480092,51.1866661246853,0.0138979229491049,Tôi
-0.0168198010613639,0.0209433861826772,537.9866051625796,1.056560574684799,2047.7180553501344,111.51944738679566,-80.52218693972644,55.59111698556735,-0.0065855197644638,Tôi
-0.0218615126580685,1.066583742261266,67.25017993576333,2.195407236419793,2048.844498686474,110.1101822572988,-78.49968305232724,56.53616449518326,0.0392765581784512,Tôi
1.087119117793625,-0.0100126144280031,1.0877257308828945,1.0811998288170777,2048.837258374695,111.36291970880193,-78.51243709679521,53.86553312012282,0.006670681114151,Tôi
2.1754933586347014,1.1020057791612528,4.35757092956251,2.196970048477933,2047.7612824585024,108.00410259427298,-77.48189004659653,51.979496135859456,0.0255524493878457,Tôi
2.1591025280739724,1.0761089160266988,2.210871252491484,2.188782950379008,2048.83954595308,104.81906254400867,-77.23288205681222,45.306822530692536,0.0049065420305549,Tôi
2.1936238952989164,1.067533957874157,1.1145573918293996,0.0020789270133361,2048.8472655072696,104.03496980948093,-76.53787682767742,41.56623183113731,-0.0261067936998014,Tôi
1.1043930447887165,2.134697295345487,-0.0216392372987089,2.1847073053939403,2047.7904072963747,104.93927312092912,-77.0257954432642,34.65486886372998,0.0345490768208296,Tôi
2.13944807985328,1.099122139478668,1.1033152293265398,2.188387091742673,2047.746112343418,108.10375941679878,-77.25642962142726,35.41324108623815,-0.0145991527026821,Tôi
-1.09317652684919,1.077554543645986,1.0515130991832904,-1.7726644887409803e-05,2048.848587705602,107.83158300959478,-77.21362606142121,44.67475066749872,-0.0116846385101864,Tôi
2.165464251796997,0.0252539264237847,1.0673409113856591,3.2537934030929057,2047.80330171134,109.55459284751608,-77.81175877906999,59.726531825907415,0.0137682909724452,Tôi
1.0745457090523736,1.0741924839686376,2.1512272610540086,1.108163161060905,2048.8184399467186,114.2327407628765,-76.40224457009276,72.11070054822287,0.0062222884844812,Tôi
0.0051146200987139,1.088260894323348,1.0705801477643455,1.055017451413829,2048.82201235098,115.3615168841538,-74.84088330265239,70.93460494901063,0.0244306670751727,Tôi
1.0667064985272283,1.041311278191282,1.0817292418873268,1.1167357487713256,2048.8375712904767,114.62932862873345,-73.65934160896623,68.71637738380066,0.0280217282391885,Tôi
2.1784606541444136,1.075527949262021,-0.0196709058917904,1.0716275125048973,2047.730200640244,114.4597854278439,-72.71472214849699,66.23342162598168,-0.0023440812718435,Tôi
0.0296601711835269,1.0658347833079849,1.0741717687631251,1.0509853659473831,2047.7817382717628,114.28229755776528,-70.30804985347453,57.19275315364276,0.0151034820782342,Tôi
1.0906683810090756,2.204513265199766,6.515081160189064,1.0727347909452516,2048.842915121297,118.30995045596134,-67.9675372536487,50.5763223338209,0.0122036654162795,Tôi
168.05742026080637,1.1172416768105022,650.7916925421699,321.07137324817165,2048.823233831047,121.474532786017,-67.94899833238898,43.249574815118045,0.0608155870332929,Tôi
131.221758983199,957.7187740738948,1438.1983929200528,2.188879713752017,2048.8898823576897,118.40326431439532,-69.07371331571588,33.28020802791675,-0.0129011937746861,Tôi
84.57642495321353,58.54027259214222,230.97463691953908,1.096705021466453,2047.7509732101348,116.0992473486512,-72.07472627611226,41.48995670986688,-0.0345288757157873,Tôi
1.112580759587958,1224.5163207716555,622.5407819897356,1.0379609600089386,2048.8185109857723,105.85179350858569,-51.431141484822106,53.01085339511189,0.0054260461748354,Tôi
1.0573404970109952,1.0296537546345148,1.0931328950854866,1.0810816483989476,2048.841011436756,110.0536389793421,-52.74133433076676,45.241916697191705,0.0048207026029273,Tôi
0.9583205938829183,2.0005860189162665,253.0349679388588,3.987476739025242,1888.032642576513,102.76755071769512,-61.31088765938728,40.869900942937726,0.0109075479367408,Tôi
342.03987721231533,968.980949503968,708.001656037351,-0.0231927431688192,1889.0184256315456,105.23304355011756,-71.5408838265281,42.12762647681043,0.0602292540168506,Tôi
136.98473481081518,87.00836434496827,545.0303110129837,1.0255231616886629,1889.0155778502435,103.3749267492364,-75.37461757423922,47.16938745184958,0.0015347877939819,Tôi
-0.0060923370451166,0.0152816753946496,496.0055089854227,0.9651089856497584,1887.9909787432312,102.81584682994328,-74.27097119739659,51.21048204176368,0.0117122612905581,Tôi
0.0352768569519646,1.0352592570196366,62.01063269556856,1.976801789902904,1888.999989414529,101.50099945197611,-72.35389327858942,52.12267145664724,-0.0056223511332465,Tôi
0.9971253128237396,0.0341847782834625,1.0104045084469364,0.9750881828919516,1888.98932508577,102.7065273318882,-72.40704505985019,49.64509197815253,0.0196026594950837,Tôi
2.001606469967483,1.0077482750821185,3.989999926691422,2.0001856842237533,1888.0105758357456,99.56341353900464,-71.43700979028758,47.92897460551036,0.0054285515185231,Tôi
2.023464274817825,1.0198490816455692,2.020896688776881,1.999275204885805,1888.96686204642,96.63009243388706,-71.18861388908233,41.80858994390897,-0.0117616842919547,Tôi
1.971216216181741,1.002335156971164,1.0021894396487614,0.0083676685570959,1889.0171106447824,95.99432451557206,-70.53493092826237,38.28095722039547,0.0189167526194701,Tôi
0.9708874694222516,1.971525868401792,0.0261874125230082,1.9715845634798683,1887.993321457489,96.75132948882532,-70.98148422930129,31.98464601164581,0.0019934976242113,Tôi
2.0026471627174227,0.9561027406256604,1.0085028688907944,1.970621026871788,1888.0237438744423,99.67820496554056,-71.2302839374717,32.649262744858376,-0.0127047414850644,Tôi
-1.006046392039665,1.001310818931356,0.995075313004234,0.0155612632928188,1889.000802326004,99.46044026161849,-71.1566343083986,41.196203012297794,0.0150320488850302,Tôi
2.0304159800516346,0.005474998622471,1.0381520211329558,2.974408785962391,1888.00169466434,101.0110699433854,-71.71947804175338,55.07543232617527,0.017755151321907,Tôi
0.9861324212732366,1.0131529041496627,1.988714521808168,0.988729143425646,1888.9834775188287,105.32701130082648,-70.44829092201913,66.5053553606102,0.0240953388348526,Tôi
-0.0198618300590607,0.9767753506589671,0.9666394937953428,0.9898407168290104,1889.000470647308,106.36611017890618,-68.98187450118513,65.42194015664658,0.0193883842062919,Tôi
0.99872569797729,0.9827834748597352,0.982989276122666,1.0182609809355494,1888.999695270305,105.63421524304988,-67.92547978090869,63.377830323377886,0.0251004239194818,Tôi
1.9986309196606,1.011146950766021,0.0173192670553578,0.9982793316198108,1888.0128631998289,105.49961566301872,-67.0728616238155,61.04128087492592,-0.0015873889676675,Tôi
-0.0248261904126523,1.023877427256236,0.9968652497303652,1.0251984261360625,1888.0018397363235,105.36048170577432,-64.82343569776422,52.749588323283966,0.0011069343647211,Tôi
0.9990585154489364,2.001889699094897,5.973858255172996,0.9932532750565792,1889.0301932830305,109.09332095180793,-62.6219904832521,46.61850842402242,-0.005687535907307,Tôi
154.979829220967,0.997204826231794,600.0151870454812,295.9921579537342,1888.9861830193663,112.0001587750346,-62.6422507092054,39.89581934175217,0.0297228889358477,Tôi
120.982835608195,883.0064957549164,1325.9939932728707,2.00034632816056,1888.999492215659,109.21731391470703,-63.68264114327833,30.69082211236536,0.0433520616331935,Tôi
77.97774911887701,53.96988673318185,212.99371112648384,0.9651427483556692,1887.990899254646,107.06795300578784,-66.43481704311493,38.24323825776247,-0.0331868945731715,Tôi
1.022475800541487,1129.0393096238267,573.9820179973393,1.0116972550997982,1889.00664856125,97.63061139051256,-47.42937204696271,48.8593204632578,0.0130135016501654,Tôi
1.0314112728467495,0.9616239282075756,0.9739863056995316,1.020242407678885,1888.96396195852,101.46023468283084,-48.66697277659407,41.69627489596992,0.03912559743123,Tôi
25.994265358037804,2.0110533588155715,91.03651502844532,0.0188471182361837,1888.008901460908,103.68313205030252,-54.218054564949576,37.91633338869392,0.0195016012936001,Tôi
26.03901470237266,1.991076875054328,0.0,-0.0,1887.9915337781504,103.67479251261076,-0.0,37.93688258310643,-0.002603146331977,Tôi
0.0,1.976191850238706,252.98814313315825,3.9980180552166975,1888.010248,102.73912201771184,-61.2974091036421,40.88530725294005,-0.0240383260725492,Tôi
342.02659110144293,968.9932479165658,707.9938465155692,-0.015978373560921,1889.016614627664,105.24570085336558,-71.59777327541885,42.13927137719559,-0.004625846934082,Tôi
136.9551683777803,87.00180825716394,545.0340364367852,0.9718207498010708,1889.0206070926508,0.0,-0.0,47.15354493479887,0.0098818745913805,Tôi
0.0265612544727464,0.0014218389015503,495.9832637334716,0.9794583243898324,1888.0227332817965,102.82046255584646,-74.2289367506327,51.22593946177124,0.0031669783557326,Tôi
0.0111052572335949,1.010710827530955,61.984096930731056,1.994245079690364,1889.026689121643,101.541741933726,-0.0,52.16041880479365,-0.0012170707597088,Tôi
1.0001531154831558,0.0047983868538828,0.9644247600553376,1.0170058125624113,1889.034064701516,102.69794339597787,-72.36590358643328,49.64134712939143,0.0,Tôi
2.0058737532558086,0.0,4.050065656841016,1.9816921350743903,1888.029981776608,99.5486168138213,-71.42015703842387,0.0,0.0468071237734471,Tôi
1.9736302417288207,0.9976297701960184,1.9989795009982103,2.0222762222866995,1888.9903549273592,96.5842439172536,-71.16881079882981,41.79485680274975,0.0410357619003524,Tôi
2.026879138347452,1.0228656020544633,1.0203712762353083,0.0093487663954736,1888.9942712902568,95.94873013745332,-70.54201856243556,38.31068888554328,-0.0097792101304054,Tôi
0.9737047511864544,0.0,0.007797269659492,2.000599111093983,0.0,96.740989099231,-70.95132690058495,31.969429503674352,0.0148676232986719,Tôi
2.023638410511858,0.0,0.9788251704467305,2.009472604236734,1887.9929053396995,0.0,-71.21528822364863,32.65238063060416,0.0336975224241653,Tôi
-0.0,0.9792898458396146,0.0,0.0024711979067051,1888.9910532859635,99.45612161051068,-71.22431883236497,41.20896398292546,0.0046840059485912,Tôi
2.0101068683704533,-0.0040111275122621,0.9927181934393576,2.977175821082493,1888.045260694347,100.9552095762086,-71.73987559448533,55.056950415157104,0.0120038050641803,Tôi
1.000949786795857,0.0,1.9869657576247928,1.005864956794028,1889.00351718216,105.3317622907724,-70.44771752572858,66.4997063508253,0.02406481129913,Tôi
-0.0018842972483805,0.9776622699709532,1.0029657537087897,0.9985531489263452,0.0,106.38298312149269,-69.0038066770558,65.43101573523089,0.0272371467765456,Tôi
1.0245948933474824,0.99500372214726,1.0021721199909202,0.9730449868138672,1889.01727842186,105.68121399392524,-67.92259146044849,63.38987104373096,0.0032926777330525,Tôi
1.998096588756424,0.9789295984781434,0.0071956491415988,0.98601640153691,1887.992838874688,105.48876353384688,-67.07401302173882,61.06987965549228,0.0,Tôi
-0.0057497146605371,0.9798735807458984,1.0250882908326409,1.0346662743076809,1887.992463620361,105.35130904421987,-64.82619523703902,52.75379078723071,-0.0130113994424794,Tôi
0.9879305910249764,2.029060325465716,5.959113980128827,1.0091049364802056,1889.0125043411017,109.08253862208564,-62.60780286004904,46.64269960115226,-0.0202947539945401,Tôi
0.0,1.0082324603095152,599.9641694394218,296.01108708978853,1889.008620529652,112.00775226414947,-62.64993181822478,0.0,0.0015072973046756,Tôi
121.02141189826324,882.9905909146046,1326.0313690600155,2.015452984841903,0.0,109.18663284092814,-63.68927439145165,30.6861869118706,-0.0065786716910848,Tôi
78.02085167715903,54.00945377445268,213.0014780173335,0.0,1887.992308565908,107.07370845039333,-0.0,38.251296954043816,-0.0099098550233397,Tôi
0.0,1129.004340026503,574.004680730821,1.0115550227933514,1888.997575201824,0.0,-47.45704857048818,48.82779426096431,0.0,Tôi
0.9844712389526796,0.9966836114100244,1.020657741216058,0.9961104677157444,1889.00827014109,101.45620669956466,-48.61558805650069,41.69439873882903,0.0242818499513194,Tôi
1.0,2.0,253.0,4.0,1888.0,102.75,-61.31,40.88,0.005,Tôi
342.0,969.0,708.0,0.0,1889.0,105.25,-71.56,42.13,0.003,Tôi
137.0,87.0,545.0,1.0,1889.0,103.37,-75.37,47.19,0.001,Tôi
0.0,0.0,496.0,1.0,1888.0,102.81,-74.25,51.25,0.002,Tôi
0.0,1.0,62.0,2.0,1889.0,101.5,-72.37,52.13,0.001,Tôi
1.0,0.0,1.0,1.0,1889.0,102.69,-72.37,49.63,0.001,Tôi
2.0,1.0,4.0,2.0,1888.0,99.56,-71.44,47.94,0.002,Tôi
2.0,1.0,2.0,2.0,1889.0,96.62,-71.19,41.81,0.002,Tôi
2.0,1.0,1.0,0.0,1889.0,95.94,-70.56,38.31,0.002,Tôi
1.0,2.0,0.0,2.0,1888.0,96.75,-71.0,32.0,0.002,Tôi
2.0,1.0,1.0,2.0,1888.0,99.69,-71.25,32.63,0.001,Tôi
-1.0,1.0,1.0,0.0,1889.0,99.44,-71.19,41.19,0.001,Tôi
2.0,0.0,1.0,3.0,1888.0,101.0,-71.75,55.06,0.002,Tôi
1.0,1.0,2.0,1.0,1889.0,105.31,-70.44,66.5,0.002,Tôi
0.0,1.0,1.0,1.0,1889.0,106.37,-69.0,65.44,0.002,Tôi
1.0,1.0,1.0,1.0,1889.0,105.69,-67.94,63.38,0.002,Tôi
2.0,1.0,0.0,1.0,1888.0,105.5,-67.06,61.06,0.002,Tôi
0.0,1.0,1.0,1.0,1888.0,105.37,-64.81,52.75,0.003,Tôi
1.0,2.0,6.0,1.0,1889.0,109.06,-62.63,46.63,0.002,Tôi
155.0,1.0,600.0,296.0,1889.0,112.0,-62.63,39.88,0.002,Tôi
121.0,883.0,1326.0,2.0,1889.0,109.19,-63.69,30.69,0.003,Tôi
78.0,54.0,213.0,1.0,1888.0,107.06,-66.44,38.25,0.002,Tôi
1.0,1129.0,574.0,1.0,1889.0,97.62,-47.44,48.88,0.003,Tôi
1.0,1.0,1.0,1.0,1889.0,101.44,-48.63,41.69,0.005,Tôi
26.0,2.0,91.0,0.0,1888.0,103.69,-54.19,37.94,0.004,Tôi
4.0,0.0,3.0,2.0,1889.0,108.81,-67.12,45.19,0.003,Tôi
0.0,3.0,0.0,1.0,1889.0,108.69,-66.75,49.38,0.001,Tôi
1.0,0.0,2.0,0.0,1888.0,106.69,-66.69,49.56,0.002,Tôi
0.0,1.0,1.0,0.0,1889.0,105.5,-66.44,48.06,0.002,Tôi
2.0,1.0,0.0,3.0,1889.0,96.12,-64.69,49.56,0.002,Tôi
2.0,1.0,2.0,2.0,1888.0,91.31,-60.63,57.13,0.002,Tôi
1.0,1.0,1.0,1.0,1889.0,90.69,-47.25,66.06,0.003,Tôi
1.0,2.0,1.0,2.0,1889.0,91.37,-29.06,84.19,0.002,Tôi
-1.0,0.0,0.0,4.0,1888.0,106.25,-9.63,98.44,0.002,Tôi
1.0,1.0,0.0,629.0,1889.0,127.19,7.56,117.62,0.001,Tôi
1.0,0.0,2.0,674.0,1889.0,284.12,20.19,141.75,0.002,Tôi
1.0,1.0,2.0,397.0,1889.0,284.56,33.0,147.56,0.001,Tôi
127.0,4.0,1331.0,162.0,1889.0,221.12,44.88,139.69,0.002,Tôi
1490.0,1620.0,4085.0,91.0,1888.0,224.75,49.38,132.94,0.003,Tôi
1830.0,3994.0,3974.0,2.0,1888.0,232.19,51.5,135.81,0.002,Tôi
3219.0,5027.0,4989.0,2.0,1921.0,233.06,56.25,123.44,0.001,Tôi
3740.0,5981.0,5523.0,1.0,2049.0,232.44,57.31,111.37,0.002,Tôi
3131.0,4928.0,5713.0,2.0,2080.0,244.56,60.63,88.31,0.002,Tôi
2360.0,4926.0,4824.0,2.0,2033.0,245.37,46.31,54.63,0.002,Tôi
1861.0,4239.0,3671.0,2.0,2000.0,249.25,33.69,44.19,0.002,Tôi
2404.0,4601.0,4359.0,2.0,2001.0,255.56,30.56,41.25,0.002,Tôi
1973.0,4137.0,4832.0,3.0,1985.0,260.0,28.69,39.44,0.002,Tôi
1798.0,4281.0,4342.0,2.0,1952.0,261.94,24.44,38.25,0.002,Tôi
2691.0,4108.0,2935.0,51.0,1937.0,259.94,25.5,39.56,0.003,Tôi
2475.0,4243.0,3154.0,216.0,1953.0,259.56,28.94,40.31,0.005,Tôi
4.0,0.0,3.0,2.0,1889.0,108.81,-67.12,45.19,0.003,Tôi
0.0,3.0,0.0,1.0,1889.0,108.69,-66.75,49.38,0.001,Tôi
1.0,0.0,2.0,0.0,1888.0,106.69,-66.69,49.56,0.002,Tôi
0.0,1.0,1.0,0.0,1889.0,105.5,-66.44,48.06,0.002,Tôi
2.0,1.0,0.0,3.0,1889.0,96.12,-64.69,49.56,0.002,Tôi
2.0,1.0,2.0,2.0,1888.0,91.31,-60.63,57.13,0.002,Tôi
1.0,1.0,1.0,1.0,1889.0,90.69,-47.25,66.06,0.003,Tôi
1.0,2.0,1.0,2.0,1889.0,91.37,-29.06,84.19,0.002,Tôi
-1.0,0.0,0.0,4.0,1888.0,106.25,-9.63,98.44,0.002,Tôi
1.0,1.0,0.0,629.0,1889.0,127.19,7.56,117.62,0.001,Tôi
1.0,0.0,2.0,674.0,1889.0,284.12,20.19,141.75,0.002,Tôi
1.0,1.0,2.0,397.0,1889.0,284.56,33.0,147.56,0.001,Tôi
127.0,4.0,1331.0,162.0,1889.0,221.12,44.88,139.69,0.002,Tôi
1490.0,1620.0,4085.0,91.0,1888.0,224.75,49.38,132.94,0.003,Tôi
1830.0,3994.0,3974.0,2.0,1888.0,232.19,51.5,135.81,0.002,Tôi
3219.0,5027.0,4989.0,2.0,1921.0,233.06,56.25,123.44,0.001,Tôi
3740.0,5981.0,5523.0,1.0,2049.0,232.44,57.31,111.37,0.002,Tôi
3131.0,4928.0,5713.0,2.0,2080.0,244.56,60.63,88.31,0.002,Tôi
2360.0,4926.0,4824.0,2.0,2033.0,245.37,46.31,54.63,0.002,Tôi
1861.0,4239.0,3671.0,2.0,2000.0,249.25,33.69,44.19,0.002,Tôi
2404.0,4601.0,4359.0,2.0,2001.0,255.56,30.56,41.25,0.002,Tôi
1973.0,4137.0,4832.0,3.0,1985.0,260.0,28.69,39.44,0.002,Tôi
1798.0,4281.0,4342.0,2.0,1952.0,261.94,24.44,38.25,0.002,Tôi
2691.0,4108.0,2935.0,51.0,1937.0,259.94,25.5,39.56,0.003,Tôi
2475.0,4243.0,3154.0,216.0,1953.0,259.56,28.94,40.31,0.005,Tôi
3.9960497916451474,-0.0106106003816594,3.039947975357461,1.9879174391477032,1889.009517237676,108.80583680317844,-67.11240325153645,45.18059031239841,-0.0123959451739853,Tôi
0.03212816496894,2.981246487709976,-0.0221101858482628,1.0110477365550743,1888.989820356844,108.65210315701084,-66.73624292341937,49.36979746237956,0.0182289580085922,Tôi
1.0270500235110187,0.0073181560922057,2.0133966979947195,-0.018963549120739,1887.989209632737,106.67279326076324,-66.66974226871403,49.5476531345926,-0.0209910823577914,Tôi
0.0055126527273576,0.982488735389101,1.0135571351563717,0.0121356200269688,1888.9919712027804,105.4856469489523,-66.4294398541687,48.05519718409829,0.022949883437821,Tôi
2.011648239442508,1.03418792231947,-0.0027205675474873,3.0292820372236005,1889.0192613060792,96.11462044846331,-64.66662750551528,49.561214975572895,-0.0079925266240422,Tôi
2.0317135289157946,1.0114304693818652,1.9912883303566609,1.972517572287172,1888.0104380233608,91.31596903172986,-60.61990617612411,57.12142737086205,0.0094805752531359,Tôi
1.0011897212665504,1.0090592747999798,0.9846550602052492,0.9988821920712356,1889.0018539189125,90.68980779960393,-47.26893801560852,66.04225352794045,-0.0043791598535282,Tôi
1.0030938097635018,1.9752457475682976,0.9981689415916188,1.998923823585764,1889.0238852510204,91.3313521355326,-29.0935606775128,84.19041017144832,-0.0057019204390281,Tôi
-1.0384008249037766,-0.0216282660596091,0.0026419843166019,4.008663654454369,1887.9943894538803,106.2510050531666,-9.63883030033096,98.45004951405282,-0.0347996864368279,Tôi
1.0152896718713191,0.9890777393611028,0.0016796415031926,628.9748534538654,1888.9817015319627,127.1605050365506,7.522698632440709,117.63126537712708,-0.0055834344000152,Tôi
1.0302139722941737,-0.0146968009891126,2.015904077740712,673.9846100057931,1888.985895337173,284.10562417898905,20.18633768607384,141.7345015725169,0.0027340787044996,Tôi
1.0208643344037462,1.0081702923793077,2.0288684715180296,396.97606084737686,1889.004662735496,284.5666473793691,32.99958052447328,147.58711680830552,-0.0267416532478933,Tôi
127.03831135414411,4.0105228356634886,1330.986503616702,161.9979879969707,1888.9942604308887,221.1232921894488,44.885094644106985,139.67729117979664,-0.027840276569644,Tôi
1489.9995043620313,1619.9985476956529,4085.067296979859,91.0140408679087,1887.9981879415016,224.73820069785936,49.39792617321753,132.966588062267,0.0206939595235802,Tôi
1830.0223522346405,3993.973926703895,3974.0036110272986,2.006373913549494,1887.998413849977,232.1884804272276,51.53713197503493,135.80410346903014,0.0198121726759231,Tôi
3218.9879937729893,5027.004237696039,4989.0037026331,1.9881019460318785,1921.0092921597568,233.0650741820532,56.27703240081334,123.41514497641404,-0.0025975693545914,Tôi
3739.993466987401,5980.9851255145695,5523.002149904743,0.993649926158311,2049.000292428861,232.433572236796,57.32977479129089,111.35923436840072,-0.0285022378096487,Tôi
3130.9650779218578,4927.973477131717,5712.973117518875,2.012827706482018,2080.0188780633407,244.5580377282388,60.62460572950553,88.32626754667733,0.0240848970764105,Tôi
2359.9738534384824,4926.001448944805,4823.980036462257,2.0164189174868508,2032.9925128661253,245.3720084148389,46.31432355388517,54.63688214458948,-0.01071796289342,Tôi
1861.014835237444,4238.974000431136,3671.0144503581646,2.019140806925265,2000.005317603152,249.2402287959129,33.70231286501693,44.15980161366832,-0.0110714925479303,Tôi
2404.016385679736,4601.016004790837,4358.970919065456,2.0312288985837914,2001.0304832158547,255.53907239316868,30.543338044098974,41.265892735184806,0.0066161697596664,Tôi
1972.975111209613,4136.969732305302,4831.999565597466,2.994385626426153,1985.0168330604224,259.9868935780781,28.68104345974524,39.458046182935895,-0.0172710769556705,Tôi
1797.9864253350886,4280.995386238609,4342.014020761971,2.027652150986379,1951.950114867628,261.9275164121524,24.39848332111229,38.24495458515349,-0.0038790662756188,Tôi
2691.007758965796,4108.03515274894,2935.005116436291,50.98504979546525,1936.978692495004,259.9294259385893,25.477510958994465,39.543399859913535,-0.0065690588828618,Tôi
2474.953817931861,4242.99496439112,3153.989171606822,216.00523555421063,1952.995515724735,259.5786663407387,28.952851265463075,40.31688590605108,0.0028394481596125,Tôi
4.116049137192247,0.0239507875522266,3.0454763925951696,2.0513405392711674,1930.3394487276707,111.1861852067188,-68.62621326421839,46.18881376053002,0.0074473173974371,Tôi
0.0084498787682275,3.058411572896828,-0.0059243659101863,0.938829755939765,1930.324331382231,111.050752114039,-68.18994431039401,50.48808265163882,-0.0312482147606362,Tôi
1.0230083353258408,0.0202125324431365,2.0789876437186843,-0.0090824459612231,1929.3648795112013,109.03831615002797,-68.15330320983118,50.638373525238286,0.0116580900831838,Tôi
-0.0030581093660296,1.0124648477693663,1.0425974485225773,-0.0250108307320582,1930.333641684256,107.79182087768082,-67.91224646304426,49.12276175831778,0.0097277710025768,Tôi
2.019230253149221,0.9959762854322136,-0.0169353124428554,3.063435694141482,1930.3285477604093,98.23099878854576,-66.10120791565474,50.64791870470722,0.002742230934738,Tôi
2.0462706877178127,1.045248560519339,2.0388032570306245,2.024176618544082,1929.3198968500064,93.2823230322811,-61.934959058556856,58.37161673929421,0.0100149338701871,Tôi
1.0195455645037614,1.0375852169762885,0.994829924271997,1.0178083720020803,1930.3433169107348,92.68190260214168,-48.26421632675579,67.49160971403975,0.0020765402864121,Tôi
1.004414997237267,2.04857409459759,1.035731008493992,2.024232781078995,1930.3083674080988,93.41356486627858,-29.667612053051847,86.01293288945811,-0.0060295671860508,Tôi
-1.0117425462676684,0.001343926299152,0.0206749638183454,4.1140657372551,1929.324329530161,108.5790697425812,-9.833935125646764,100.60850573855495,0.0031326180495323,Tôi
0.9949315381470248,1.020198391657105,-0.0014619547271575,642.7617825538803,1930.3519685188144,129.98658263741004,7.730148626164482,120.20380446524224,0.006253294589366,Tôi
1.0402944296639225,-0.0061695821803616,2.0461558139055924,688.7635698495745,1930.365599100266,290.3240584400883,20.61288817742175,144.91354972547322,-0.0119929920620433,Tôi
1.0287887025033156,1.010737189699722,2.044416316324292,405.6997439495862,1930.352107138508,290.79317319578206,33.73249868852261,150.81054015109373,-0.0065330358545208,Tôi
129.7699456008528,4.113361680806349,1360.1568775153,165.52173771398455,1930.3203582042,225.9596511348972,45.904248283688005,142.74846665489136,-0.0030772422540327,Tôi
1522.5914831643938,1655.4762550426678,4174.423911590222,92.9914353694014,1929.321393120437,229.69205805284764,50.47393903689343,135.8682072437997,-0.0162762777578998,Tôi
1870.064362044724,4081.4295117374672,4060.98721993843,2.0365778452853536,1929.3350642584592,237.25623556211707,52.66476251980847,138.81278389863283,0.0235780178205969,Tôi
3289.482223918644,5137.04335446414,5098.206324422327,2.055442295614933,1963.048912221673,238.1641205277328,57.47281910503835,126.13483915783029,-0.0135755730928811,Tôi
3821.837261112042,6111.953131720866,5643.909411009724,1.0408319940277024,2093.867631792501,237.503609247692,58.53342279751579,113.78337213018922,-0.0214072704977912,Tôi
3199.5513247871686,5035.871871429559,5838.038966833628,2.06231372304033,2125.5172793673846,249.9292470515421,61.933858769797176,90.26944402956596,0.0163547952442061,Tôi
2411.67742909509,5033.837823292296,4929.596013732203,2.051440473654472,2077.461051801245,250.75762734731,47.3088085942032,55.843043542089205,0.0279854488521241,Tôi
1901.7469712670384,4331.803309845873,3751.3812262794286,2.048529162824192,2043.7626069703183,254.737198385854,34.440539399959896,45.16479431524344,0.0032513673678621,Tôi
2456.6028413443178,4701.7300448292135,4454.394129939712,2.048134049300698,2044.802313492456,261.1510801280845,31.23200531171071,42.1420306622648,-0.0161997163979127,Tôi
2016.1655118294648,4227.565857213995,4937.803689901122,3.077703780321388,2028.451849711288,265.7155514103752,29.314466723904246,40.36039916852743,-0.004661315958135,Tôi
1837.354148267939,4374.7334448273805,4437.073308676922,2.1026930361679272,1994.7378002654384,267.6881587951744,24.99111618986685,39.07938323198994,0.0434404754350006,Tôi
2749.8689810346,4197.910675670058,2999.233785414019,52.12469898969653,1979.4120946745552,265.65577309261846,26.058163781506817,40.4092191203357,-0.0131948696943165,Tôi
2529.2174759677496,4335.83761441606,3223.0230699095373,220.7324464095139,1995.785593604964,265.2630326484507,29.548945398743232,41.19125075244986,-0.017147719843096,Tôi
3.998506013227744,0.0294977974447286,3.026120709075665,1.999403503443569,1889.00310167321,108.82576893107898,-67.14448893993948,45.208995599438296,0.0408712136749846,Tôi
0.0211982340886303,2.9906432078734047,0.0009308154556629,0.9912662237795152,1889.016030667825,108.6830711984012,-66.76302289699764,49.38464378804582,-0.0003675314910748,Tôi
0.9825262322431914,-0.0338125747357093,2.007166949074764,-0.0023694583175006,1888.013406882196,106.68654696459376,-66.68370436996561,49.56066644935452,-0.0169589197159984,Tôi
0.031067055994694,1.0269762023421922,0.9681750168267328,0.0242544553238174,1888.997725677082,105.49163274701704,-66.45073641444652,48.0408874272253,-0.0040809429606231,Tôi
2.024497993802957,1.008743262501922,-0.0266314597871741,2.998944410125933,1888.994909546792,96.11284531954983,-64.68366214697302,49.57750678588586,-0.0067053122556561,Tôi
1.9895098297716336,1.0147256440878925,2.0188059037975585,2.01819784052896,1888.0035163137768,91.31947560572064,-60.61561284395677,57.12133254914704,-0.0002557531577225,Tôi
1.0042311079207422,1.024615316541532,1.0021676998096007,1.0346781345557052,1888.9997038532888,90.6900426515155,-47.267415790403234,66.05014902716343,0.00139560078713,Tôi
0.9916960391774534,1.9502580218714696,0.9947325047704704,2.008056322713276,1888.9795623849527,91.35956712019733,-29.0656924081198,84.20351457114697,-0.0036400527554012,Tôi
-0.9936154474394308,0.0170208978868105,0.0167195832668338,4.002658557074527,1888.012926782916,106.24275945414718,-9.61740389642619,98.443613882501,0.0110891442886146,Tôi
1.0155546350436209,1.0266585804371475,0.0215448649045106,628.9763589633052,1889.0188727350824,127.21634394117622,7.59193072893371,117.62954910846462,-0.0200252452197353,Tôi
1.00090693523229,-0.0052172359912427,2.007292778691421,674.0199168943283,1888.9386724428184,284.0965404751195,20.17984600835092,141.74100667948375,-0.0121044776624226,Tôi
1.04140087574909,1.0213072916986716,2.029029989189335,397.020894832333,1888.98899296908,284.5355274998399,32.994081809559496,147.56720115122667,0.0260126223865559,Tôi
127.00146193139098,4.016891263314178,1331.0094280210435,161.98110377082548,1888.9837084330964,221.1281572486016,44.92336381457836,139.6772348397142,0.0137174865220114,Tôi
1489.978518528359,1620.0479411231229,4084.982709957124,90.9694992361444,1888.0067895869524,224.77273102787868,49.34367835813448,132.9098963197513,0.0110765932500863,Tôi
1830.0253038508304,3993.996573407247,3973.9946861607664,1.9745008551414671,1888.0303010446232,232.1585274429822,51.50267114663972,135.8552804441045,0.0076552858371347,Tôi
3219.034672747037,5026.975992971018,4989.013900646569,2.015036586225881,1920.976702794058,233.0370851147984,56.2343363836935,123.4328365021072,-0.006481655496086,Tôi
3740.012139915416,5980.98296577245,5522.978479900351,0.9926351018160936,2048.994463935886,232.4681484568094,57.30191258687002,111.38375757589522,0.0329427528684986,Tôi
3130.9790638317927,4927.991995073656,5712.969820679417,1.992275162995144,2080.017141190522,244.5243915044272,60.61693274973785,88.28761435946615,0.0133735647046267,Tôi
2360.00376826855,4925.982209777374,4823.978029442294,2.038210083664215,2033.0167530513588,245.3869296005641,46.3119383637568,54.61478846793396,0.0122157626399706,Tôi
1860.994526122496,4239.032605338747,3670.9835378501934,2.033285305720999,2000.0390604285803,249.2353699060596,33.63841912241716,44.1866712620852,-0.0261631959965647,Tôi
2404.001144194433,4601.024905257585,4358.9900108388665,1.978296274846549,2000.980287208439,255.5794986184252,30.5703133702237,41.25682207573713,-0.0048300503633434,Tôi
1973.0163317781687,4136.944869110037,4832.037020615117,2.9993152650528647,1985.030201190612,260.02843446712467,28.656361158607364,39.41008574488047,0.0082698061292839,Tôi
1798.04286194528,4281.00931703623,4342.028221166146,1.965530623797364,1951.9915809893528,261.9324902191774,24.474191493063564,38.24821054351062,0.0082187092151146,Tôi
2691.020010123012,4107.983470097224,2934.976083340204,51.01339685372179,1937.0167143806543,259.9759526881776,25.5102670974741,39.55607853349541,-0.0338331383728916,Tôi
2475.0177867495177,4242.987571600215,3153.9913865738454,215.97072292646044,1953.0008812239305,259.55351293492345,28.932894280883666,40.30573623213745,0.0154015294877139,Tôi
2121.0,4029.0,2818.0,3.0,1952.0,262.56,26.37,39.06,0.002,Tôi
2030.0,4134.0,3097.0,0.0,1969.0,260.37,28.0,39.19,0.005,Tôi
2088.0,4590.0,3323.0,1.0,1936.0,257.69,31.69,40.56,0.004,Tôi
2099.0,4335.0,2608.0,0.0,1936.0,260.81,27.75,40.56,0.005,Tôi
1923.0,4478.0,3375.0,1.0,1953.0,260.12,25.81,41.31,0.005,Tôi
1793.0,4406.0,3675.0,2.0,1968.0,257.12,27.44,41.06,0.005,Tôi
1694.0,4256.0,3008.0,2.0,1969.0,261.12,25.56,40.25,0.004,Tôi
1618.0,4279.0,3781.0,2.0,1953.0,261.0,28.12,41.06,0.003,Tôi
1226.0,4274.0,4329.0,1.0,1953.0,257.94,29.19,41.81,0.002,Tôi
1097.0,4022.0,3999.0,0.0,1953.0,259.87,26.69,41.31,0.006,Tôi
972.0,3775.0,3076.0,1.0,1937.0,255.56,29.37,42.25,0.004,Tôi
270.0,3234.0,2992.0,1.0,1888.0,231.19,32.94,47.0,0.003,Tôi
1.0,3667.0,3293.0,2.0,1904.0,192.06,31.56,50.81,0.004,Tôi
1.0,4258.0,2456.0,1.0,1905.0,160.19,22.06,26.5,0.003,Tôi
1.0,4245.0,2863.0,3.0,1920.0,138.87,16.0,1.37,0.006,Tôi
1.0,4329.0,3170.0,1.0,1937.0,128.5,13.69,-11.63,0.004,Tôi
2.0,3797.0,3226.0,1.0,1920.0,124.69,13.13,-19.0,0.005,Tôi
2.0,2648.0,2556.0,3.0,1889.0,122.5,13.81,-23.62,0.004,Tôi
1.0,1685.0,133.0,1.0,1889.0,122.19,12.38,-24.37,0.004,Tôi
2.0,1.0,2.0,1.0,1889.0,120.69,-0.25,-20.75,0.006,Tôi
262.0,2.0,2.0,20.0,1889.0,118.0,-11.25,-16.31,0.006,Tôi
110.0,1.0,285.0,15.0,1889.0,115.87,-20.69,-12.19,0.003,Tôi
86.0,2.0,2.0,95.0,1888.0,114.5,-28.94,-9.69,0.004,Tôi
13.0,2.0,1.0,2.0,1889.0,113.19,-37.0,-7.06,0.003,Tôi
0.0,0.0,2.0,1.0,1889.0,112.94,-49.44,-4.94,0.004,Tôi
1951.6921442468656,3707.4165066217865,2593.084965642125,2.777310252471324,1796.204908002033,241.60395719016296,24.24908897911274,35.94199565085426,-0.0267673705529084,Tôi
1867.9572294490272,3804.059167875743,2849.7641030713507,0.0016974208003514,1811.8132915143328,239.5657604188128,25.76081631408398,36.066350081873885,0.0134681471338743,Tôi
1921.330613308603,4223.659807475799,3057.7426462679746,0.9130109824733535,1781.4991598555573,237.1123238815634,29.13136343672252,37.31587469270068,-0.0214613036112238,Tôi
1931.4699521727407,3989.002826344184,2399.8547498053326,-0.0133298834196567,1781.4909507345174,239.9911081208806,25.542009160226065,37.311529895097244,-0.0059458333307757,Tôi
1769.497367087594,4120.578939505061,3105.61830561594,0.8887276941530197,1797.1321461646364,239.3762178792843,23.74124094275862,38.03585448452419,-0.0182670778281155,Tôi
1649.894603411227,4054.323814245064,3381.654443047204,1.8303966194189032,1810.919638103032,236.5785273926592,25.303978776489565,37.779645988098345,-0.0031073269071458,Tôi
1558.8181360025117,3916.2655199391247,2767.917788421047,1.875864395097028,1811.864856545148,240.31447661568885,23.529813793751853,37.02438313161368,-0.0212178118774827,Tôi
1488.8375001806469,3937.43643180571,3479.1826528383003,1.827690217524408,1797.1181497317957,240.18894863066245,25.87465007627889,37.78777025812661,0.0305660216429573,Tôi
1128.122832286739,3932.875482396893,3983.4907201495,0.9194075727633844,1797.0886123261744,237.34735594408784,26.86542713288241,38.47732354166423,-0.0038239173090613,Tôi
1009.4633421717208,3700.986667373247,3679.7714235088592,-0.0134082713712574,1797.0981469769,239.11084429419657,24.581167410064506,38.00225932632393,-0.0067504815331656,Tôi
894.4090803085289,3473.694973859676,2830.4624689043653,0.9199327453023142,1782.397757819551,235.1748439521804,27.040246212563773,38.89387546993306,0.0006579648661235,Tôi
248.4629442485656,2975.888822396784,2753.167121735952,0.8923034747284613,1737.2910915845853,212.7121142440078,30.28750002960444,43.2361259268796,3.171876865204152e-05,Tôi
0.9408605634639106,3374.297048757041,3030.1847609069114,1.8594248245158,1752.035904456911,176.74498993210307,29.04312569095429,46.75332212326668,-0.0119232391769341,Tôi
0.9268470638579936,3918.1372579093218,2259.9450228065693,0.895588631408501,1752.972924873969,147.40350307259783,20.332679637332685,24.386564873457395,-0.0263475014772783,Tôi
0.9452676802616364,3906.173708657928,2634.492189444348,2.7141736307659228,1766.7672752169826,127.7933217369616,14.72725717588327,1.2615848963680008,0.0304589732606582,Tôi
0.9096764750102804,3983.470823151897,2916.9892580848546,0.9508993912743184,1782.3712292877844,118.2562290345797,12.62765857823212,-10.718473079797157,0.0162072867410378,Tôi
1.826555209848216,3493.896330808562,2968.509649213232,0.9003576760118516,1766.7212049749733,114.74707717414816,12.108247248258474,-17.46554386289467,0.0045908306386062,Tôi
1.855782935911052,2436.641200248409,2351.9956883772475,2.7844634180508963,1738.2163499605372,112.7391406201464,12.708528424773736,-21.734858401284363,-0.0201289436023768,Tôi
0.9304782598358848,1550.4934584948337,122.36461814366712,0.8950005722270268,1738.2367861396822,112.43449347426042,11.395699254481448,-22.38721609326785,0.0196003808379216,Tôi
1.8340609417911244,0.9066596824806964,1.8748955017453373,0.8867357327789289,1738.2318936669608,111.07996575927947,-0.2249782277848236,-19.06508676954304,-0.00667401944331,Tôi
241.08250205006183,1.84934324996531,1.8347042553618893,18.388300562783776,1738.2449968493024,108.58139732057732,-10.370536645244968,-15.00527982906094,0.0232776278698152,Tôi
101.2104093014522,0.920084813803328,262.2614714099115,13.79768119647938,1738.1793744862352,106.6376814789166,-19.014700796232283,-11.19004039378894,0.0260587886477302,Tôi
79.14539649930573,1.851246210112736,1.8129473347948863,87.40330812385459,1737.3000497464318,105.3582663938016,-26.64359801126422,-8.91125188983861,0.0341096917371313,Tôi
11.992487584313563,1.835126445430162,0.9158954245904956,1.833807205412856,1738.2524080189442,104.19437236340232,-34.0423079862459,-6.490827125077275,-0.0008010578878517,Tôi
-0.0052616863699095,-0.0084477675607181,1.8429630039903064,0.9023399174537442,1738.2374514710325,103.91127969609336,-45.48162430332147,-4.535400913034748,0.0242284685421576,Tôi
2120.979021104451,4029.020710378892,2817.981577182264,2.9553626577283576,1951.9960093030445,262.5401188090713,26.34602446330584,39.050105483493134,-0.0324422479035536,Tôi
2030.0018945949496,4133.993751470447,3097.0091894784355,-0.01867530365834,1969.0241435699504,260.344831923429,28.014263874213697,39.19321960277402,-0.0247869613804019,Tôi
2087.9552655955213,4589.99512142858,3323.006979783689,1.047967044883338,1935.9941059294645,257.73535119207463,31.706064096002272,40.55777561410262,-0.0241055371469908,Tôi
2098.993660866798,4335.007727096302,2608.012824085872,0.0122468652890931,1935.93703845013,260.81136059171484,27.724779249486456,40.56763625767463,0.0241634791064589,Tôi
1922.9926693191408,4478.015581228522,3375.010313448408,1.0202386351453174,1952.990672778984,260.115233240385,25.771238906233062,41.32399566935766,-0.0020744788990648,Tôi
1792.9862514486283,4405.990696528823,3674.9733462446825,2.0041589460281823,1968.004871134568,257.10989534296283,27.42997065079227,41.07821143330701,-0.0070718701877097,Tôi
1694.003996439148,4255.986373448131,3008.061429183359,2.0129104103882707,1969.023358326468,261.15076749343075,25.60642091768169,40.22474624926938,0.0165755915634201,Tôi
1617.9939882952403,4279.029781988864,3780.9958121104446,2.026446733821494,1953.0159605150109,261.01813909792844,28.114804697067218,41.0721366811249,0.0129732821249304,Tôi
1226.0227224355135,4273.973373110272,4328.978267167093,1.019117145897488,1953.0750420884312,257.9704538582066,29.180999973667635,41.80359117838117,0.0118982096460557,Tôi
1097.0047484504487,4021.977358209291,3999.007897613981,0.0415987589141277,1952.9879908207963,259.82367512852085,26.662089234455603,41.3279709858128,0.0129163575531889,Tôi
971.9981771965244,3775.0072138638698,3075.9939264364507,0.9822413242396736,1936.9900191607408,255.5653244961184,29.38791976240677,42.30479254225711,0.0550878752229886,Tôi
269.99680854190353,3234.0286996588065,2992.0034028743307,0.9597040644476452,1888.0187514404067,231.17291637391983,32.9479419080413,46.99664209549376,-0.0212102600691157,Tôi
0.9911772793706292,3667.001010205695,3293.0046752906446,1.993253223564732,1903.978693715154,192.05975880108804,31.56946423334126,50.80416981460165,-0.0006030208066749,Tôi
0.9781008550520144,4258.004214944024,2455.985666248496,1.0247574514891065,1904.9807787649345,160.15267940958435,22.06464739916812,26.5041187357685,0.0266281087456593,Tôi
0.988002512896566,4245.016518404509,2863.0068028898386,3.003465166779878,1920.0206799512248,138.86473403801534,15.968799461304574,1.3679697048689474,0.014774447576416,Tôi
0.97681156798365,4329.009596723851,3170.034772756433,1.0125076894573288,1936.9695041108505,128.4987049595768,13.696408121966636,-11.594905106483534,0.0202927393794273,Tôi
1.995463510672575,3796.995547381845,3225.981706542415,0.98132276410732,1919.993007224187,124.70640559172726,13.122626579328625,-18.98417428153427,0.0115772144042697,Tôi
1.9844298260639688,2647.9859552741896,2555.985177351165,3.022206367863367,1888.97980765008,122.52006950431826,13.817764661768308,-23.635721958993507,0.0102945863248472,Tôi
1.03374998176428,1685.015828395579,133.0086269267646,0.9968981717866068,1889.007426926709,122.19328663602968,12.3681989783244,-24.3905447427086,0.0272715245912016,Tôi
2.0135204837571585,0.9960658932115488,2.007217288680343,1.0120853659217712,1889.0089871111647,120.67628631307028,-0.1926568455535884,-20.784296496063973,0.0218057395840656,Tôi
261.9783611810546,2.013070093014563,1.9909454613084183,20.043056129570623,1888.9730089523616,117.99543039565346,-11.232294629514843,-16.31141623898646,0.0150421284491969,Tôi
110.00758581683644,1.010583254993081,284.97342011553656,14.969357549727205,1888.9986734362767,115.90384753593692,-20.668939527929226,-12.206312450815764,-0.0156428690813669,Tôi
85.99519480643865,2.0120990585302785,1.986232639558449,94.97641699207536,1888.0070539413464,114.49424446015624,-28.92450212432486,-9.685590973655872,-0.0070411640450933,Tôi
13.01600684921164,1.997809801534512,1.0215703644631478,2.0118677838731216,1889.010969430895,113.14492133103997,-37.014739923500265,-7.057553887119406,-0.0109950069795851,Tôi
0.0154262687486131,0.0145507433233104,1.993559529769964,1.0447920021701087,1888.986385480733,112.9217402299958,-49.4744869813837,-4.934099184969156,0.0122005425477554,Tôi
2015.5885792495808,3828.784567584555,2677.9586004533694,2.873254356674135,1855.008088390311,249.47332012853337,25.087693912859176,37.10480679418336,0.002214402174263,Tôi
1929.125951794724,3928.5490221604514,2943.110982944659,0.0064149695217766,1871.157534996477,247.4028412548639,26.61021315455469,37.23188121451211,0.0151484130347368,Tôi
1984.248332772748,4361.922653700767,3157.852051193084,0.9594956319432306,1839.7981495101883,244.896094351166,30.098835472645103,38.54514847872964,-0.0091301913575557,Tôi
1994.6673638720893,4119.588792629433,2478.389495596769,0.0105395767965083,1839.7895756549071,247.8434364437608,26.40433818032604,38.558615673166365,0.008079010951639,Tôi
1827.4563108091256,4255.459243201743,3207.310494423409,0.9685426924309246,1855.9267106064465,247.18187193586405,24.53782174203006,39.27018047454164,0.0079894847299871,Tôi
1703.919035212186,4187.017663625259,3492.3672673916835,1.9102271412039524,1870.1902994205773,244.3527751533229,26.05377215238177,38.997818913876095,-0.0013801467811526,Tôi
1609.8065153183031,4044.514588132485,2858.5147251289623,1.864688164527176,1871.149732709734,248.1430506504557,24.302477898951203,38.2499454891532,0.0130475342108387,Tôi
1537.5946813685027,4066.35242046234,3593.0989658772924,1.880039011009106,1855.9205474308017,248.04488625909664,26.70040563864886,39.01185401612447,-0.0150401440810919,Tôi
1165.0655692680834,4061.610356808705,4113.914141902012,0.993488564394078,1855.9372762164587,245.1087881825421,27.733096492999778,39.76887898368063,0.0247943237482211,Tôi
1042.431466359838,3822.134924095194,3800.2574993895055,0.0173621569674919,1855.9155103521623,246.9315609042407,25.37320916104184,39.28236293070511,0.0244676173502173,Tôi
923.6814960166269,3587.3784627437203,2923.1599164482463,0.9278172865457772,1840.736919909472,242.840138910944,27.89530662410388,40.16441544689255,0.0007397069750418,Tôi
256.55608428214754,3073.283022983011,2843.33367728063,0.9435632664861066,1794.190581935447,219.67859705074525,31.28443577267988,44.67561643415949,0.0461013193398801,Tôi
0.9174466630451912,3484.7560763459387,3129.3786572485424,1.90630599545788,1809.3557640842755,182.53427653182595,30.00980015184116,48.30321525924365,0.0075482462708872,Tôi
0.9191587893106662,4046.407224336584,2333.965881769379,0.9725403486396076,1810.331427263492,152.2261557697793,20.956529055345147,25.21096148749293,0.041332660668446,Tôi
0.9703770435298564,4034.0285200051694,2720.7392003167715,2.8510221533681164,1824.5806364421835,131.97796732949283,15.203402832232102,1.2972895374050053,-0.0012047169020792,Tôi
0.9487158616524568,4113.894484997783,3012.450890170686,0.9566767253240944,1840.756315737327,122.06768342739758,13.009842623834524,-11.07063319906602,-0.0035891973933175,Tôi
1.9091381783772807,3608.310050321804,3065.6702277031227,0.9881927214806008,1824.5905561764296,118.4748376376426,12.49895467455023,-18.077703157397416,-0.0081273776560777,Tôi
1.9357989249870875,2516.403488911493,2428.97559629245,2.8424646439445294,1795.1210277598052,116.39616942461616,13.115916674137091,-22.446124179686368,-0.0039298406379125,Tôi
0.9732219688093324,1601.303169058017,126.41086324944776,0.9709127411319348,1795.131014184327,116.12489896010636,11.75798315370391,-23.149373930849016,0.0054326739822099,Tôi
1.865667140108581,0.9349287011686735,1.9081796557231707,0.9433950169467324,1795.1253730774629,114.67738101446902,-0.2473168801772078,-19.711161391636377,0.0050425481045959,Tôi
248.96270250491816,1.927387496997201,1.902620780623832,18.97988377679256,1795.1500552889363,112.1358274497732,-10.672065875281824,-15.515399912664323,0.0245698655677439,Tôi
104.52778472939752,0.9314885656985308,270.7883881588653,14.215372096119577,1795.1261604577544,110.12250467352624,-19.68767907699085,-11.57340453629764,0.037525417052631,Tôi
81.69462309216536,1.9193095467121564,1.900789172978064,90.28672805956266,1794.1713589126568,108.79689786894733,-27.515309664283304,-9.1999278401179,0.0123938665150135,Tôi
12.33646423878587,1.9011687795954533,0.9551996535439484,1.8635224643841903,1795.1226679572944,107.5752615035678,-35.14449765810084,-6.701610682662458,-0.0098705188117166,Tôi
-0.0297528859138444,-0.0200666372168813,1.932663990260428,0.9194062958196126,1795.1380888040096,107.33555238114124,-47.00926878065615,-4.699352379729444,0.0155377957304002,Tôi
2121.010584991451,4028.9879308404848,2818.012969487363,2.9864756194221536,1951.9862849944063,262.56584321765746,26.36838247762393,39.06704887930021,0.0060861210475594,Tôi
2030.0031922453093,4134.02364077642,3096.970771157098,-0.0140934599928169,1968.9991599079265,260.3935220678034,27.98910226866132,39.16216676159284,-0.0182409713168937,Tôi
2088.0047228267404,4590.019421138923,3322.993344647665,0.9818984814711424,1936.00920037964,257.6832042935728,31.68487511766208,40.57994676452344,0.0037245106349067,Tôi
2099.031432793323,4335.010015353798,2607.9706114949345,-0.0265861072797131,1935.999110628682,260.7636538779128,27.739578446277147,40.56048486541084,-0.0064793408337733,Tôi
1922.9620147830096,4477.977787549537,3375.0093701867177,0.9829069349118248,1953.0251038547624,260.1388162382731,25.775294862976384,41.27857898639737,-0.0134055148916181,Tôi
1793.0233627527334,4406.010979712002,3675.025702379245,2.0080119867914856,1967.9647299547848,257.1147302679691,27.44256665935586,41.08219523830396,-0.0153166893733282,Tôi
1693.9960634516294,4255.999645378498,3007.9996037803785,1.997817740665201,1969.0234720717303,261.1184994494471,25.53302634360906,40.2155749832817,0.0140954636881107,Tôi
1617.9716093023649,4279.034921695638,3781.009503404505,1.9856558218684728,1952.978878673271,261.0067577459053,28.1535295418684,41.08960120293896,0.0182819252952414,Tôi
1226.0386163518808,4274.004832165814,4328.985595624577,0.9994327364605348,1952.9752454850973,257.92871356683816,29.154181998143645,41.83544452329388,-0.0167147682630106,Tôi
1096.9677894083763,4021.978814004057,3998.990189520351,-0.0084915214817772,1952.9959186336807,259.87911997933867,26.659195916577048,41.32729989318008,0.0037686517388113,Tôi
971.9825817652836,3774.978140518762,3075.966092147132,0.9790810014246628,1937.004062764108,255.5686131640036,29.350759170240856,42.23704789053401,-0.0275935966723849,Tôi
270.0236274349596,3234.0190687926424,2991.9929402075486,1.0015948951788105,1887.997609078909,231.2002263977033,32.929586203772445,47.00705061273712,0.011245145877899,Tôi
0.995258631943307,3666.9987904478585,3292.9954268235947,1.9811986964479524,1904.0171602041275,192.0479317262198,31.56348506793722,50.785276331262025,-0.007740184823066,Tôi
1.0067354090181415,4257.999018639073,2456.000478096529,1.029518869199458,1904.999202181777,160.1872372984659,22.04135241550917,26.49601894952105,0.0235431065810875,Tôi
1.0348259993658535,4245.007230468348,2862.9646605332464,2.998423605713814,1920.0085587154767,138.8867448240614,15.98410040630132,1.3477367257876658,-0.0153750696878275,Tôi
1.0028663446070094,4329.042448822453,3169.9741715537984,0.9934495851200716,1937.015543413125,128.50149631000403,13.695855818567557,-11.62186135767696,-0.0052387404628955,Tôi
2.020498570556553,3797.025245036657,3226.0044412531647,0.9696591502418506,1920.0391585056857,124.69432842364294,13.15018582560746,-19.02198558320643,-0.0130177819905247,Tôi
2.012787196757745,2647.994842227856,2555.993514097753,2.986659211538652,1888.983465782088,122.51006692862718,13.816003203279864,-23.601288112760063,0.005701283952841,Tôi
0.9869370051987484,1685.0209780099633,132.9937255486221,1.028573313734925,1889.0118886961104,122.17784176503775,12.379110478246083,-24.34212262595605,-0.0122321868151099,Tôi
2.0132659418638648,1.034192453006646,1.9708758487052591,1.0066381682843684,1888.9854881056976,120.71152574538176,-0.2231565061301407,-20.77392046508032,-0.0046323039868302,Tôi
261.9924433911356,1.998052326681376,2.0094976320278928,19.99568070203732,1888.9987485858928,117.9925023252592,-11.225672317329636,-16.27458846660495,0.0182892332759392,Tôi
109.99223961910032,1.027472591365449,285.01187825790936,15.005075669701425,1889.026243863878,115.91845482940695,-20.681145767183192,-12.200622927851358,-0.0006643572042097,Tôi
85.97995614216512,2.024869228414456,1.9702816483160968,94.98634893609233,1887.9976520471887,114.51565675069828,-28.942133912319044,-9.702414458496598,0.023874907097407,Tôi
12.9646264814427,2.0070122387549016,1.029676642481125,1.9977966968882663,1888.964795486885,113.18161943305996,-37.00567388721933,-7.043123463920656,0.0140606210721204,Tôi
0.0117417168778936,0.0135377745173819,2.0037794035674903,1.0199468617293654,1889.0043861870888,112.95438919719211,-49.467385458018,-4.926212180723522,0.0023852924570266,Tôi
2.0,1.0,0.0,2.0,1888.0,114.06,-64.94,-5.37,0.077,Tôi
1.0,1.0,1.0,2.0,1888.0,113.12,-73.94,3.12,0.096,Tôi
0.0,0.0,0.0,1.0,1888.0,110.5,-79.06,25.37,0.073,Tôi
0.0,0.0,1.0,2.0,1888.0,110.37,-83.19,4.75,0.005,Tôi
0.0,2.0,1.0,1.0,1888.0,110.87,-79.31,27.31,0.003,Tôi
1.0,0.0,0.0,2.0,1889.0,110.94,-76.25,23.25,0.056,Tôi
1.0,1.0,1.0,1.0,1889.0,112.06,-76.5,28.87,0.097,Tôi
2.0,0.0,1.0,1.0,1889.0,112.75,-77.94,37.69,0.096,Tôi
-1.0,2.0,1.0,1.0,1888.0,114.06,-78.19,56.44,0.002,Tôi
1.0,1.0,1.0,1.0,1889.0,116.12,-75.69,65.75,0.005,Tôi
2.0,2.0,1.0,0.0,1889.0,117.87,-74.37,67.0,0.01,Tôi
1.0,2.0,2.0,2.0,1888.0,116.31,-74.69,66.19,0.012,Tôi
1.0,2.0,1.0,1.0,1888.0,114.87,-74.19,66.69,0.007,Tôi
-1.0,1.0,0.0,0.0,1889.0,114.81,-74.19,65.19,0.008,Tôi
0.0,0.0,1.0,1.0,1889.0,114.81,-74.56,62.38,0.015,Tôi
2.0,1.0,1.0,3.0,1889.0,114.87,-75.37,57.19,0.041,Tôi
1.0,1.0,2.0,1.0,1889.0,112.56,-76.31,44.13,0.059,Tôi
1.0,1.0,1.0,0.0,1888.0,110.69,-75.37,29.44,0.067,Tôi
1.0,2.0,1.0,0.0,1889.0,110.81,-73.06,20.62,0.068,Tôi
1.0,2.0,1.0,1.0,1888.0,110.56,-70.37,14.94,0.074,Tôi
2.0,3.0,1.0,2.0,1889.0,108.87,-67.31,13.81,0.061,Tôi
2.0,2.0,0.0,0.0,1888.0,108.81,-66.75,17.56,0.07,Tôi
1.0,1.0,0.0,2.0,1889.0,109.12,-65.75,17.19,0.055,Tôi
2.0,1.0,2.0,2.0,1888.0,108.12,-64.06,19.0,0.064,Tôi
1.0,1.0,1.0,2.0,1889.0,109.25,-64.25,20.12,0.029,Tôi
2.042885404620866,0.9642492870806056,0.0169302544349946,2.044377378856668,1922.7203962716349,116.18341741333958,-66.11287215861721,-5.456618779603727,0.0661457467769717,Tôi
1.0290496693261924,1.042482475540398,1.0147899461544214,2.057828810456031,1922.7915757519231,115.21126286841182,-75.30594241912574,3.1914456247139755,0.1263247623063883,Tôi
-0.0052676871440901,-0.0337959825532526,0.0,0.9959954654359828,1922.8115574601816,112.53364311993089,-80.51470737910859,25.839962003420386,0.0727042047610828,Tôi
-0.0044695009736733,-0.0108771084468192,1.0418540214495962,2.03897801068167,1922.781280496497,112.41859323932476,-84.70393297306593,4.831853159219615,-0.0,Tôi
0.0283239306873375,2.0381613314765405,0.9864951040417476,1.0264034395803778,1922.755455001608,112.9035601597432,-0.0,27.829514897206604,-0.0278176438763432,Tôi
1.0175707939753034,-0.0,0.007806833016909,2.02381428089709,1923.8064236665227,113.00688397864768,-77.66009807156026,23.703241271883783,0.0270950396280514,Tôi
1.0324270353956722,1.0646062320309204,1.0055783517393806,1.0213274308328726,1923.824364460976,114.1160421321874,-77.89233644765253,29.36727412185801,0.1324936330481465,Tôi
2.051445169114436,0.0,1.0155801714371198,1.03133694750187,1923.810164654352,114.81723136889563,-79.37999277553112,38.36704076497965,0.0711860081558348,Tôi
-1.0303574030164748,2.050005303120724,1.029623767801081,0.0,1922.7406134561,116.1693487600385,-0.0,57.49587864239224,0.0019593275865213,Tôi
1.0332931861720904,1.0043581987027306,0.0,1.0104077322817464,1923.784965359238,118.25841124973446,-77.07831425879324,66.96579471950878,0.0,Tôi
2.0573456128048546,0.0,1.0580426979983966,-0.0,1923.809733295144,120.04527277665989,-75.74356655611895,68.26781764137105,-0.0104974716342125,Tôi
1.0293112447373025,2.06268224088403,2.014599285530138,2.0178909005269623,1922.7956543009843,118.41886174331822,-76.06041954874989,67.4019606584854,0.0308312157262644,Tôi
0.9979717727512424,2.0310422141156543,1.0090184413675785,1.0215734281653162,1922.7505812629483,116.95598819072714,-75.52063536025034,67.94165665308451,0.0229335034432774,Tôi
-1.016627271119849,1.022027106178612,-0.0040490189373075,0.0197831387488905,1923.811548232601,116.89424960899012,-75.56873910586178,66.40073190515301,0.0176591963336537,Tôi
0.0262337973087748,0.0068872873844895,1.030752289546672,1.0428283176264408,1923.8036144306257,116.94779692094968,-75.94460929404984,63.54164959149234,0.0173293320991887,Tôi
2.071600621172661,0.986745649143308,0.9723535535121688,3.044258337350987,1923.828652081328,0.0,-76.75812567220177,58.23342664421885,0.0777860353273456,Tôi
1.0047342658496528,0.9924873534322544,2.045853236172695,1.0445807165693255,1923.8235771359464,114.62598709771817,-77.68518526418812,44.94383110887416,0.0508596966302365,Tôi
1.0271760020264518,1.0237414304057553,1.016750562275701,-0.0343262792670158,0.0,112.72624922680988,-76.79437425729785,29.984738750796684,0.0578411339116632,Tôi
1.0030787066556166,2.0339531442905874,1.0601985435906367,0.0035188876878225,1923.8292823254635,112.90331980798868,-74.43769058026737,21.01696007263177,0.0891306028475088,Tôi
0.0,2.028152597403017,0.9823409213659912,1.017942065510745,1922.772856598938,112.60024634861756,-71.67040644728367,15.216519524828142,0.0,Tôi
2.028410025357113,3.0418373026712087,1.0338003034851704,0.0,1923.7819808782008,110.83731351701633,-68.56033727648423,14.045322792459926,0.0448408746873525,Tôi
2.043998616877296,2.0782344816778826,-0.0248122654110143,0.0013305554451063,0.0,110.81131166525806,-67.98711905557052,17.88319306637763,0.0826498107903175,Tôi
1.0152105087752317,1.0105093679981154,-0.0054846418073723,2.037532044695112,1923.759340550425,111.10515169974548,-66.98043541354473,17.492502781172167,0.0506922915325395,Tôi
2.0403117402383013,1.0119676860844022,2.037176181776521,2.027076676487706,1922.7895070227808,110.10670289221594,-65.24981538558258,19.339041519559736,0.0433474830468928,Tôi
1.0353595623102525,1.0136480122900782,1.0233073216044122,2.0593393254011483,1923.8265960563049,111.27423843380711,-65.46673810811144,20.472648036355693,0.0362482353290121,Tôi
2.0,1.0,0.0,2.0,1888.0,114.06,-64.94,-5.37,0.077,Tôi
1.0,1.0,1.0,2.0,1888.0,113.12,-73.94,3.12,0.096,Tôi
0.0,0.0,0.0,1.0,1888.0,110.5,-79.06,25.37,0.073,Tôi
0.0,0.0,1.0,2.0,1888.0,110.37,-83.19,4.75,0.005,Tôi
0.0,2.0,1.0,1.0,1888.0,110.87,-79.31,27.31,0.003,Tôi
1.0,0.0,0.0,2.0,1889.0,110.94,-76.25,23.25,0.056,Tôi
1.0,1.0,1.0,1.0,1889.0,112.06,-76.5,28.87,0.097,Tôi
2.0,0.0,1.0,1.0,1889.0,112.75,-77.94,37.69,0.096,Tôi
-1.0,2.0,1.0,1.0,1888.0,114.06,-78.19,56.44,0.002,Tôi
1.0,1.0,1.0,1.0,1889.0,116.12,-75.69,65.75,0.005,Tôi
2.0,2.0,1.0,0.0,1889.0,117.87,-74.37,67.0,0.01,Tôi
1.0,2.0,2.0,2.0,1888.0,116.31,-74.69,66.19,0.012,Tôi
1.0,2.0,1.0,1.0,1888.0,114.87,-74.19,66.69,0.007,Tôi
-1.0,1.0,0.0,0.0,1889.0,114.81,-74.19,65.19,0.008,Tôi
0.0,0.0,1.0,1.0,1889.0,114.81,-74.56,62.38,0.015,Tôi
2.0,1.0,1.0,3.0,1889.0,114.87,-75.37,57.19,0.041,Tôi
1.0,1.0,2.0,1.0,1889.0,112.56,-76.31,44.13,0.059,Tôi
1.0,1.0,1.0,0.0,1888.0,110.69,-75.37,29.44,0.067,Tôi
1.0,2.0,1.0,0.0,1889.0,110.81,-73.06,20.62,0.068,Tôi
1.0,2.0,1.0,1.0,1888.0,110.56,-70.37,14.94,0.074,Tôi
2.0,3.0,1.0,2.0,1889.0,108.87,-67.31,13.81,0.061,Tôi
2.0,2.0,0.0,0.0,1888.0,108.81,-66.75,17.56,0.07,Tôi
1.0,1.0,0.0,2.0,1889.0,109.12,-65.75,17.19,0.055,Tôi
2.0,1.0,2.0,2.0,1888.0,108.12,-64.06,19.0,0.064,Tôi
1.0,1.0,1.0,2.0,1889.0,109.25,-64.25,20.12,0.029,Tôi
0.9745163272503896,0.9766456312991222,0.9635543523815092,1.94829336724446,1848.212489730844,106.90391646170907,-62.88524017015889,19.66845760812653,0.0322992959621909,Tôi
1.9574098147789265,1.020789864695636,0.0008429804351448,1.956220165681998,1847.2602881199043,111.59531390228628,-63.55570418413448,-5.218932968965016,0.0682535436602589,Tôi
0.9747748353953628,0.9849350331994012,0.9659747765495872,1.9802667838207404,1847.2707811180464,110.67942653885068,-72.3305735554293,3.053457219867762,0.0910980900744123,Tôi
0.0040672220565931,-0.0141141110806891,-0.0114995211013188,0.98193654464096,1847.2599836029185,108.12018466654062,-77.34037597516024,24.81758590142675,0.0576853800310114,Tôi
0.0015220231178389,-0.0048304435985136,1.0401517818883113,1.9764727378451945,1847.2651807004363,108.0074989568044,-81.40091792802171,4.653908717999508,0.007474346228906,Tôi
0.0298712689728947,1.9521223197780488,0.9749009733356174,0.9959597433662976,1847.285799102127,108.46607091698372,-77.58476753950768,26.70211355891412,0.0011957510891442,Tôi
0.9747302098599654,0.0012662914062564,0.0077024781273331,1.9827984329255093,1848.2472598785007,108.57561809184062,-74.60547373019874,22.735965691326,0.08050146783493,Tôi
0.9732785367661692,0.973257926893454,1.0106051638988582,0.9723625090889862,1848.2256179287576,109.60393657059434,-74.840289923666,28.22502994365279,0.0902612589299595,Tôi
1.947794808660502,-0.0040405485804397,0.9973381174985244,0.9632613285138276,1848.2227680087608,110.28677113891838,-76.29174134541593,36.902466248464094,0.0736079121505189,Tôi
-0.9886147393725718,1.9585632821023,0.963042680808454,0.9831695896005458,1847.269247339482,111.58433823248824,-76.52497367048124,55.24037328019824,0.0207219522962593,Tôi
0.958523721960497,1.0179311995919624,0.9862322413322052,0.9895736037119148,1848.2376136632213,113.63290206147224,-74.0790905217719,64.31766766714613,-0.0220003552760688,Tôi
1.9760632421620643,1.9570526624516544,0.9684655620912708,0.0100917262936834,1848.212661839844,115.32869273178822,-72.76291147455423,65.54125632108551,0.0206835163219949,Tôi
0.985281525035144,1.938602023161688,1.9454996441920205,1.948100072990327,1847.278646765128,113.77184541200072,-73.11472738984516,64.76103517089247,-0.0015655407953565,Tôi
0.9732403025149932,1.968972667072298,0.95746873405806,0.9749449478424876,1847.2227169491257,112.3663236830955,-72.5893057292864,65.24031822122207,-0.0024239505103609,Tôi
-0.9776807341145496,1.0008939575581424,-0.0030882165022169,0.023035114146315,1848.25845409099,112.32330662103692,-72.58795933168982,63.76536506440736,-0.0093155803380754,Tôi
-0.0141728169499446,-0.0103494700492309,0.9871231353212144,0.9765637781687534,1848.2137824779115,112.32025564930052,-72.93421696970078,61.05093482066826,0.0512658745535924,Tôi
1.95525782160882,0.9730599373033502,0.9883795952095832,2.910799283443233,1848.2303230056948,112.3963759848822,-73.73333042934192,55.94381530575607,0.075201998367126,Tôi
0.9876655887754836,0.9705782003881476,1.9832838291959831,0.9728309617964754,1848.225395779036,110.15016913713524,-74.67998435102442,43.19009513916367,0.0311444313037538,Tôi
0.9994541053742008,0.9765830238757696,0.976430685867729,-0.0049377243357309,1847.268966428532,108.26973942414683,-73.77099108499885,28.76828612650563,0.1067392515337839,Tôi
0.9730233531523012,1.956264184653954,0.994169430714,-0.0036688676299892,1848.2456427619863,108.42120271120471,-71.47569347458435,20.16456221436484,0.0548132379956592,Tôi
0.9777213851113884,1.9727930097442468,1.0177735210550187,0.959503899036076,1847.2823601113344,108.173345298096,-68.88211206689049,14.616932347916356,0.0631199370342151,Tôi
1.9514023046402145,2.934665718126091,1.0100495886962757,1.9698473589365264,1848.231422060624,106.51846977366898,-65.8596654693944,13.503909585795007,0.042846460966023,Tôi
1.9807135455591247,1.9299866442421088,0.0105074832120528,0.0151100506269111,1847.2648124083487,106.47388628740332,-65.31863418909882,17.162516170353346,0.0917841724113126,Tôi
0.9577848764521212,0.9648423936083124,0.0046915558814059,1.937012224629317,1848.1980693767268,106.75502365022903,-64.35758630707008,16.802018099336408,0.0319370406033285,Tôi
1.94764712172425,0.9641513517133354,1.993258701790508,1.9657942477302688,1847.249539735653,105.78918312083032,-62.63763174762005,18.5688637595081,0.0481194676805916,Tôi
2.080866476256227,1.0271812941084548,0.0109308236492532,2.0799846952299323,1983.1619629025097,119.78956456193626,-68.18162248705713,-5.629118935263943,0.0595944021827286,Tôi
1.0396966121377058,1.0755594478026158,1.0448580941220624,2.111234481666133,1983.1929230541057,118.84868642216492,-77.66640211712392,3.2916275563812314,0.1116623780737487,Tôi
0.026400988192174,-0.0209096635016861,0.0269262669598533,1.097932185661597,1983.195325876159,116.08313262862532,-83.10565560452741,26.619171370395264,0.0720334798468512,Tôi
0.014273990839973,0.0089948871585363,1.038534936909326,2.068006774139841,1983.1451388896587,115.96240155685418,-87.3516464889069,5.006488621633025,3.899356293782454e-07,Tôi
-0.0040329222848914,2.076752071669254,1.027640685115153,1.054242239169919,1983.178244142284,116.45953735065476,-83.30915209936725,28.69456435456624,0.0209727265904892,Tôi
1.104356537451251,-0.0020435478439407,0.0256826678588416,2.08439005215361,1984.2153238405847,116.52099212471413,-80.12677798791493,24.43137217506892,0.0677881007199729,Tôi
1.0317902895112248,1.0602397008739135,1.0858510931307974,1.0788820883027663,1984.2116349373173,117.70410243661917,-80.34297372274963,30.29956862078736,0.1272841748521945,Tôi
2.110358550416496,0.0257018592103796,1.0539163997412295,1.0479649969619629,1984.2522068279995,118.38040586774515,-81.84234276259541,39.57677377335384,0.1074458812004827,Tôi
-1.057711295987559,2.0973702967954964,1.0471393909018252,1.051560249536205,1983.150667265627,119.76723786536144,-82.0988736588418,59.27341164873252,0.0178782581666042,Tôi
1.0246246854256067,1.0631432471091904,1.0272004659231984,1.0574003406987451,1984.263792244361,121.9820259635798,-79.50787988833586,69.06734642910538,-0.017687125755995,Tôi
2.085626967713957,2.09965625918931,1.0297188052770256,0.0256312411952191,1984.2357054442723,123.85808815260496,-78.0935000740109,70.35973126941265,-0.0054546544188627,Tôi
1.0811707959967014,2.0914780709628253,2.1514316017581594,2.11325930353866,1983.148965826833,122.17470097185496,-78.44812398088538,69.49460262267709,0.0026093486764967,Tôi
1.0571556856840605,2.106469654245393,1.0648087804962068,1.043017913310864,1983.1444013141,120.70631996508524,-77.96472677314324,70.0435209137358,0.0213151700231435,Tôi
-1.0750608443621168,1.05930916785592,-0.0246428149453974,-0.024958015584574,1984.2166105274207,120.57839919138677,-77.94809167095045,68.4374663947008,-0.0047207885495028,Tôi
-0.01056021331893,-0.0277044140524904,1.0467473110648542,1.06821612998569,1984.225615167123,120.60592582903622,-78.29887748991432,65.51970619044111,-0.0292468442119681,Tôi
2.1034235739074845,1.0737788335636131,1.0449011713681196,3.169356227735779,1984.238523113631,120.67255716186024,-79.16668254008911,60.096549378598255,0.0655686981806873,Tôi
1.0724120735191915,1.0434732101395412,2.071431029561435,1.0593788936933228,1984.203188277464,118.22573607370688,-80.15681101209834,46.3235961944976,0.0636705267112992,Tôi
1.0755335078036428,1.0461099495717885,1.038712916947497,-0.0004563306084855,1983.1505703774835,116.26934702255362,-79.1931358747288,30.93176320431954,0.0605635961297821,Tôi
1.0541693815231623,2.1157656261543494,1.044089768249483,0.0004621179922925,1984.237427184985,116.39313377972924,-76.75475995022045,21.677328220359872,0.0660033977043821,Tôi
1.0980221469981402,2.11228667130697,1.0133293243776722,1.031262144962262,1983.177586850332,116.15757496487966,-73.90849904695452,15.703768390842525,0.0688490398387671,Tôi
2.135360230947357,3.129077961263321,1.0764706216571402,2.1069307813507865,1984.201843085577,114.33800880605628,-70.70980699093201,14.51696767239222,0.0540090603557689,Tôi
2.109761403048376,2.094223763773279,-0.0059848148332055,-0.0223893246369011,1983.1717805919693,114.30732721742037,-70.10597326829193,18.407099688481946,0.0490055622808298,Tôi
1.0287714451070205,1.0351147470902404,-0.0378575886825816,2.0791351195402004,1984.2206115091408,114.62401690299984,-69.04098770354274,18.03217264159365,0.044288947139356,Tôi
2.0773843595650106,1.0677553587292552,2.106407485285565,2.0921022092350143,1983.1444508784125,113.5763699234303,-67.2515440885412,19.977204334316973,0.033552057398057,Tôi
1.0098487328131889,1.0442074617532695,1.0617127862114686,2.074813228861105,1984.2525366300847,114.7906894091978,-67.48165099603969,21.11778386398538,0.0449306528599655,Tôi
0.0,1.0,2.0,3.0,1888.0,111.31,-63.81,23.69,0.002,Tôi
1.0,2.0,1.0,1.0,1888.0,113.37,-64.06,27.31,0.005,Tôi
0.0,1.0,1.0,1.0,1888.0,115.75,-65.06,27.19,0.008,Tôi
1.0,1.0,2.0,2.0,1888.0,115.19,-65.5,26.62,0.011,Tôi
2.0,2.0,2.0,1.0,1889.0,114.25,-64.19,26.0,0.009,Tôi
2.0,1.0,1.0,1.0,1888.0,114.5,-62.44,22.94,0.006,Tôi
1.0,-1.0,0.0,1.0,1889.0,114.31,-58.88,20.25,0.009,Tôi
2.0,1.0,0.0,1.0,1889.0,113.12,-55.13,19.56,0.001,Tôi
2.0,1.0,0.0,2.0,1888.0,111.0,-52.81,18.87,0.001,Tôi
2.0,1.0,0.0,1.0,1888.0,109.44,-52.25,18.62,0.002,Tôi
1.0,2.0,1.0,2.0,1889.0,107.75,-56.0,18.94,0.002,Tôi
0.0,0.0,0.0,0.0,1888.0,106.62,-59.81,17.87,0.002,Tôi
-1.0,2.0,0.0,4.0,1889.0,106.12,-62.13,17.94,0.001,Tôi
1.0,1.0,0.0,2.0,1888.0,105.06,-63.25,18.81,0.001,Tôi
0.0,1.0,1.0,0.0,1889.0,103.44,-64.31,22.12,0.001,Tôi
1.0,2.0,0.0,2.0,1888.0,104.12,-65.69,26.06,0.003,Tôi
0.0,2.0,1.0,0.0,1889.0,105.69,-66.06,26.94,0.065,Tôi
0.0,0.0,2.0,1.0,1888.0,103.37,-65.06,27.06,0.133,Tôi
1.0,2.0,1.0,2.0,1889.0,102.31,-64.31,26.69,0.163,Tôi
1.0,3.0,1.0,1.0,1889.0,102.44,-63.63,24.31,0.008,Tôi
1.0,0.0,0.0,1.0,1888.0,103.12,-63.31,22.62,0.05,Tôi
2.0,1.0,0.0,1.0,1888.0,103.69,-62.31,23.25,0.052,Tôi
0.0,1.0,1.0,0.0,1889.0,103.5,-60.94,23.81,0.081,Tôi
0.0,0.0,2.0,1.0,1889.0,102.81,-60.25,24.87,0.01,Tôi
1.0,1.0,2.0,1.0,1888.0,102.37,-61.13,26.06,0.004,Tôi
-0.0003068346977398,0.9927748110039086,2.011902100530905,2.980623417481881,1887.9741383825944,111.31858101120125,-63.79997990285073,23.7052807088726,0.00011082150219,Tôi
0.9885809341167888,2.015299660469931,1.017372600161711,1.0187557265878897,1887.9994588336635,113.39421701398813,-64.05585467149929,27.27909834150493,-0.0047943829787327,Tôi
-0.0297111571785987,0.9787755569835866,1.0214928151919402,1.033115875537563,1887.9645794823464,115.73467943729295,-65.05094304189855,0.0,0.0027677403884762,Tôi
0.978235752206336,0.986354436487468,2.0007037438750586,0.0,1888.0253935110536,115.1694737337866,-65.50124863832816,26.621554796873586,0.0481907848716148,Tôi
2.0192061637822185,0.0,2.026746840447893,0.9687889263215316,1888.9860897414776,114.23283626576188,-0.0,0.0,0.0108742076752907,Tôi
2.0135101988693584,0.9833900599806478,1.0067719769436678,1.003224034155294,1888.02295758627,114.46932769330874,-62.44160470043676,22.91924542103518,-0.0086315652196387,Tôi
1.005449668387885,-1.0222139117009246,-0.0037476133633864,0.0,1888.977613131559,114.28474136771123,-0.0,20.261454889862407,0.014258035551077,Tôi
1.9870056015415885,0.9996976908074392,0.011227225701355,1.022286200058908,1888.9771899737684,113.14959576523034,-55.12915044738628,0.0,0.0,Tôi
1.9878057735994088,0.9986195979541442,-0.0014222896764684,1.9886673778330968,1888.00737122327,111.00580094677302,-52.83300567005913,18.84382254980338,-0.0308172660387726,Tôi
1.996590379884052,1.0013262994329448,-0.0220659095427799,1.013208745717728,1888.0103878908133,109.41265432551286,-52.21068613465575,18.62307788223448,0.0042007625487333,Tôi
1.0165360141117836,2.0239855428546027,0.9952799557069792,2.0224321162251586,1889.015665457739,107.73062308663675,-55.99591717938812,18.93036394582475,0.0009505150496774,Tôi
0.0345954647561412,-0.0206779966615075,-0.005810911696739,0.0009994492515419,1888.008347661741,106.62867221749347,-59.77685418899505,17.870137289050692,0.0121883066090683,Tôi
-1.015980879688657,0.0,-0.0205893556754485,4.009536710310284,1888.9874581914944,106.13862602284556,-62.14429658565392,17.918698157811484,0.0164454784891859,Tôi
1.0132865542754963,0.9977931555899388,-0.0002169004295493,1.986736880344809,1888.0145789910137,105.08018762646728,-63.2661946027997,18.816468300980755,0.0102581282189586,Tôi
0.0158423578434851,0.0,1.0183382111746997,-0.0066069685063318,1888.9659796921803,103.4236549527869,-64.32356888523881,0.0,0.0097344925380838,Tôi
1.026688574254484,1.997984572300628,-0.0050199488421104,2.034794157866652,0.0,104.11089806245197,-65.70081748897746,26.082116688873832,0.0,Tôi
0.0,2.009453546698385,0.9665128491147066,-0.0097833525645077,1888.950057914376,105.71039799351196,-66.09675047462476,26.97304852566302,0.0836832917213123,Tôi
0.0183845588232781,-0.0197870683244813,1.9835568804020824,0.9990358375821978,0.0,103.35418682283066,-65.05559832920659,27.041134389317296,0.1352664723649237,Tôi
1.0241988010634622,1.988905869385047,1.0163788270473122,2.0324561430487065,1888.9825308915024,102.3102124466404,-64.30166191400534,26.66531770155853,0.1517056207118628,Tôi
0.9962860806855112,2.9896941783887394,1.0058507960848164,1.0224595831702503,1889.0087912275203,102.44509765193818,-63.63794829713232,0.0,0.0134777209833782,Tôi
0.9765409811867936,-0.0093983324734796,0.0096130928880332,0.950318942395479,1887.9808522796163,103.15077196936096,-63.32199113198683,0.0,0.0677119883951535,Tôi
1.9755818328155723,1.0144104650427093,0.0,1.0057590924476885,1887.9828827031245,103.6867626179264,-0.0,23.281391638314368,0.0469466735897816,Tôi
0.0036318421969308,1.008812738971223,0.0,0.0445155370071817,1889.0035638338024,103.50480040443392,-60.96221577241014,23.843652882249025,0.0,Tôi
0.0450505812481474,0.0252020444802756,1.9944282102611584,0.0,0.0,102.81276791877735,-60.30161758230167,24.872238710917365,-0.0050726442842619,Tôi
0.9726987532399952,1.008955721193559,1.9670399073431737,1.010930021027662,1887.9985657838893,102.33806436819675,-61.14368094522428,26.02250295177591,-0.0017588475331116,Tôi
0.0,1.0,2.0,3.0,0.0,111.31,-63.81,23.69,0.002,Tôi
1.0,2.0,1.0,0.0,1888.0,113.37,-64.06,27.31,0.005,Tôi
0.0,1.0,1.0,0.0,1888.0,115.75,-65.06,27.19,0.008,Tôi
1.0,1.0,2.0,2.0,1888.0,115.19,-65.5,26.62,0.011,Tôi
2.0,2.0,2.0,1.0,1889.0,114.25,-64.19,26.0,0.009,Tôi
2.0,1.0,1.0,1.0,1888.0,114.5,-62.44,22.94,0.006,Tôi
1.0,-1.0,0.0,1.0,1889.0,114.31,-58.88,20.25,0.009,Tôi
2.0,1.0,0.0,1.0,1889.0,113.12,-55.13,19.56,0.001,Tôi
2.0,1.0,0.0,2.0,0.0,111.0,-52.81,18.87,0.001,Tôi
2.0,1.0,0.0,1.0,1888.0,109.44,-52.25,18.62,0.002,Tôi
1.0,2.0,0.0,2.0,0.0,107.75,-56.0,18.94,0.002,Tôi
0.0,0.0,0.0,0.0,1888.0,106.62,-59.81,17.87,0.0,Tôi
-1.0,2.0,0.0,4.0,1889.0,106.12,-62.13,0.0,0.001,Tôi
1.0,1.0,0.0,2.0,1888.0,0.0,-0.0,18.81,0.001,Tôi
0.0,1.0,1.0,0.0,1889.0,103.44,-64.31,22.12,0.001,Tôi
1.0,2.0,0.0,2.0,1888.0,104.12,-65.69,0.0,0.003,Tôi
0.0,2.0,0.0,0.0,1889.0,105.69,-66.06,26.94,0.0,Tôi
0.0,0.0,2.0,1.0,1888.0,103.37,-65.06,0.0,0.133,Tôi
0.0,2.0,1.0,2.0,1889.0,102.31,-64.31,26.69,0.163,Tôi
1.0,3.0,1.0,1.0,1889.0,102.44,-63.63,0.0,0.008,Tôi
0.0,0.0,0.0,0.0,1888.0,103.12,-63.31,0.0,0.05,Tôi
2.0,1.0,0.0,1.0,1888.0,103.69,-62.31,23.25,0.052,Tôi
0.0,1.0,0.0,0.0,1889.0,103.5,-60.94,23.81,0.081,Tôi
0.0,0.0,2.0,1.0,1889.0,102.81,-60.25,24.87,0.01,Tôi
1.0,1.0,2.0,1.0,1888.0,102.37,-61.13,26.06,0.004,Tôi
0.0,1.0644149906918023,2.1288299813836047,3.193244972075407,2009.615502426123,118.48003261390453,-67.9203205560439,25.2159911294888,0.0021288299813836,Tôi
1.0644149906918023,2.1288299813836047,1.0644149906918023,1.0644149906918023,2009.615502426123,120.67272749472964,-68.18642430371686,29.06917339579312,0.005322074953459,Tôi
0.0,1.0644149906918023,1.0644149906918023,1.0644149906918023,2009.615502426123,123.20603517257612,-69.25083929440866,28.94144359691011,0.0085153199255344,Tôi
1.0644149906918023,1.0644149906918023,2.1288299813836047,2.1288299813836047,2009.615502426123,122.60996277778872,-69.71918189031305,28.33472705221578,0.0117085648976098,Tôi
2.1288299813836047,2.1288299813836047,2.1288299813836047,1.0644149906918023,2010.6799174168143,121.60941268653842,-68.3247982525068,27.67478975798686,0.0095797349162262,Tôi
2.1288299813836047,1.0644149906918023,1.0644149906918023,1.0644149906918023,2009.615502426123,121.87551643421136,-66.46207201879614,24.417679886469948,0.0063864899441508,Tôi
1.0644149906918023,-1.0644149906918023,0.0,1.0644149906918023,2010.6799174168143,121.67327758597992,-62.672754651933325,21.554403561509,0.0095797349162262,Tôi
2.1288299813836047,1.0644149906918023,0.0,1.0644149906918023,2010.6799174168143,120.40662374705668,-58.68119843683907,20.81995721793165,0.0010644149906918,Tôi
2.1288299813836047,1.0644149906918023,0.0,2.1288299813836047,2009.615502426123,118.15006396679006,-56.211755658434086,20.08551087435432,0.0010644149906918,Tôi
2.1288299813836047,1.0644149906918023,0.0,1.0644149906918023,2009.615502426123,116.48957658131084,-55.61568326364667,19.81940712668136,0.0021288299813836,Tôi
1.0644149906918023,2.1288299813836047,1.0644149906918023,2.1288299813836047,2010.6799174168143,114.69071524704172,-59.60723947874093,20.160019923702738,0.0021288299813836,Tôi
0.0,0.0,0.0,0.0,2009.615502426123,113.48792630755996,-63.6626605932767,19.021095883662507,0.0021288299813836,Tôi
-1.0644149906918023,2.1288299813836047,0.0,4.257659962767209,2010.6799174168143,112.95571881221407,-66.13210337168168,19.095604933010936,0.0010644149906918,Tôi
1.0644149906918023,1.0644149906918023,0.0,2.1288299813836047,2009.615502426123,111.82743892208076,-67.32424816125649,20.0216459749128,0.0010644149906918,Tôi
0.0,1.0644149906918023,1.0644149906918023,0.0,2010.6799174168143,110.10308663716005,-68.4525280513898,23.544859594102668,0.0010644149906918,Tôi
1.0644149906918023,2.1288299813836047,0.0,2.1288299813836047,2009.615502426123,110.82688883083048,-69.9214207385445,27.738654657428366,0.0031932449720754,Tôi
0.0,2.1288299813836047,1.0644149906918023,0.0,2010.6799174168143,112.4980203662166,-70.31525428510047,28.67533984923716,0.0691869743949671,Tôi
0.0,0.0,2.1288299813836047,1.0644149906918023,2009.615502426123,110.0285775878116,-69.25083929440866,28.80306964812017,0.1415671937620097,Tôi
1.0644149906918023,2.1288299813836047,1.0644149906918023,2.1288299813836047,2010.6799174168143,108.9002976976783,-68.4525280513898,28.409236101564208,0.1734996434827637,Tôi
1.0644149906918023,3.193244972075407,1.0644149906918023,1.0644149906918023,2010.6799174168143,109.03867164646825,-67.72872585771938,25.87592842371772,0.0085153199255344,Tôi
1.0644149906918023,0.0,0.0,1.0644149906918023,2009.615502426123,109.76247384013868,-67.388113060698,24.07706708944857,0.0532207495345901,Tôi
2.1288299813836047,1.0644149906918023,0.0,1.0644149906918023,2009.615502426123,110.36919038483298,-66.3236980700062,24.747648533584403,0.0553495795159737,Tôi
0.0,1.0644149906918023,1.0644149906918023,0.0,2010.6799174168143,110.16695153660154,-64.86544953275843,25.343720928371813,0.086217614246036,Tôi
0.0,0.0,2.1288299813836047,1.0644149906918023,2010.6799174168143,109.4325051930242,-64.13100318918109,26.472000818505126,0.010644149906918,Tôi
1.0644149906918023,1.0644149906918023,2.1288299813836047,1.0644149906918023,2009.615502426123,108.9641625971198,-65.06768838098988,27.738654657428366,0.0042576599627672,Tôi
0.0,0.9745904817729604,0.9745904817729604,0.9745904817729604,1840.0268295873489,112.80884826522016,-63.4068567441488,26.49911519940679,0.0077967238541836,Tôi
0.9745904817729604,0.9745904817729604,1.9491809635459203,1.9491809635459203,1840.0268295873489,112.26307759542728,-63.835676556128895,25.9435986247962,0.0107204952995025,Tôi
1.9491809635459203,1.9491809635459203,1.9491809635459203,0.9745904817729604,1841.0014200691217,111.3469625425607,-62.55896302500632,25.339352526096967,0.0087713143359566,Tôi
1.9491809635459203,0.9745904817729604,0.9745904817729604,0.9745904817729604,1840.0268295873489,111.59061016300394,-60.853429681903634,22.35710565187171,0.0058475428906377,Tôi
0.9745904817729604,-0.9745904817729604,0.0,0.9745904817729604,1841.0014200691217,111.4054379714671,-57.38388756679191,19.73545725590245,0.0087713143359566,Tôi
1.9491809635459203,0.9745904817729604,0.0,0.9745904817729604,1841.0014200691217,110.24567529815728,-53.7291732601433,19.0629898234791,0.0009745904817729,Tôi
1.9491809635459203,0.9745904817729604,0.0,1.9491809635459203,1840.0268295873489,108.1795434767986,-51.46812334243003,18.39052239105576,0.0009745904817729,Tôi
1.9491809635459203,0.9745904817729604,0.0,0.9745904817729604,1840.0268295873489,106.65918232523276,-50.92235267263717,18.14687477061252,0.0019491809635459,Tôi
0.9745904817729604,1.9491809635459203,0.9745904817729604,1.9491809635459203,1841.0014200691217,105.01212441103648,-54.577066979285775,18.45874372477987,0.0019491809635459,Tôi
0.0,0.0,0.0,0.0,1840.0268295873489,103.91083716663304,-58.29025671484076,17.4159319092828,0.0019491809635459,Tôi
-0.9745904817729604,1.9491809635459203,0.0,3.898361927091841,1841.0014200691217,103.42354192574656,-60.55130663255402,17.484153243006908,0.0009745904817729,Tôi
0.9745904817729604,0.9745904817729604,0.0,1.9491809635459203,1840.0268295873489,102.3904760150672,-61.64284797213973,18.33204696214938,0.0009745904817729,Tôi
0.0,0.9745904817729604,0.9745904817729604,0.0,1841.0014200691217,100.811639434595,-62.675913882819074,21.557941456817883,0.0009745904817729,Tôi
0.9745904817729604,1.9491809635459203,0.0,1.9491809635459203,1840.0268295873489,101.47436096220062,-64.02084874766575,25.397827955003343,0.0029237714453188,Tôi
0.0,1.9491809635459203,0.9745904817729604,0.0,1841.0014200691217,103.00446801858416,-64.38144722592176,26.25546757896355,0.0633483813152424,Tôi
0.0,0.0,1.9491809635459203,0.9745904817729604,1840.0268295873489,100.74341810087093,-63.4068567441488,26.372418436776304,0.1296205340758037,Tôi
0.9745904817729604,1.9491809635459203,0.9745904817729604,1.9491809635459203,1841.0014200691217,99.71035219019156,-62.675913882819074,26.01181995852031,0.1588582485289925,Tôi
0.9745904817729604,2.923771445318881,0.9745904817729604,0.9745904817729604,1841.0014200691217,99.83704895282204,-62.01319235521346,23.692294611900664,0.0077967238541836,Tôi
0.9745904817729604,0.0,0.0,0.9745904817729604,1840.0268295873489,100.49977048042769,-61.70132340104612,22.04523669770436,0.048729524088648,Tôi
1.9491809635459203,0.9745904817729604,0.0,0.9745904817729604,1840.0268295873489,101.05528705503824,-60.726732919273154,22.659228701221327,0.0506787050521939,Tôi
0.0,0.9745904817729604,0.9745904817729604,0.0,1841.0014200691217,100.8701148635014,-59.3915439592442,23.204999371014186,0.0789418290236097,Tôi
0.0,0.0,1.9491809635459203,0.9745904817729604,1841.0014200691217,100.19764743107804,-58.71907652682086,24.23806528169352,0.0097459048177296,Tôi
0.9745904817729604,0.9745904817729604,1.9491809635459203,0.9745904817729604,1840.0268295873489,99.76882761909796,-59.57671615078106,25.397827955003343,0.0038983619270918,Tôi
0.0,0.9745904817729604,1.9491809635459203,2.923771445318881,1840.0268295873489,108.4816665261482,-62.1886186419326,23.08804851320143,0.0019491809635459,Tôi
0.9745904817729604,1.9491809635459203,0.9745904817729604,0.9745904817729604,1840.0268295873489,110.48932291860052,-62.43226626237583,26.616066057219545,0.0048729524088648,Tôi
0.0,1.0,0.0,2.0,1888.0,101.81,-61.56,25.87,0.094,Tôi
-1.0,0.0,0.0,2.0,1888.0,101.06,-62.5,25.44,0.075,Tôi
1.0,1.0,1.0,1.0,1888.0,100.44,-62.63,23.56,0.071,Tôi
0.0,0.0,1.0,1.0,1888.0,99.44,-61.63,20.5,0.026,Tôi
1.0,1.0,1.0,3.0,1889.0,97.5,-57.88,27.94,0.011,Tôi
1.0,1.0,1.0,2.0,1888.0,94.12,-50.31,48.69,0.026,Tôi
1.0,2.0,1.0,2.0,1888.0,90.94,-39.0,63.44,0.014,Tôi
70.0,0.0,3.0,1.0,1888.0,84.56,-26.44,82.75,0.006,Tôi
1.0,2.0,0.0,1.0,1889.0,73.75,-15.75,112.37,0.001,Tôi
0.0,1.0,1.0,8.0,1888.0,75.56,-7.19,131.62,0.003,Tôi
0.0,27.0,98.0,2.0,1888.0,272.19,5.25,140.81,0.001,Tôi
23.0,2770.0,5695.0,1.0,1889.0,136.87,16.19,134.19,0.001,Tôi
2114.0,2040.0,7009.0,2.0,1889.0,153.37,22.19,135.87,0.001,Tôi
2994.0,4536.0,9894.0,85.0,1888.0,155.5,25.37,134.0,0.001,Tôi
4171.0,5738.0,11281.0,220.0,1921.0,168.87,31.44,133.87,0.001,Tôi
3013.0,5678.0,11890.0,95.0,1936.0,192.81,42.31,130.87,0.003,Tôi
3228.0,5808.0,11116.0,5.0,1952.0,210.25,54.0,113.37,0.002,Tôi
3282.0,5327.0,10798.0,96.0,1921.0,228.12,58.5,70.5,0.002,Tôi
2731.0,4507.0,9811.0,33.0,1888.0,243.69,45.5,42.5,0.004,Tôi
1940.0,4629.0,9309.0,2.0,1904.0,252.94,32.25,34.44,0.002,Tôi
1551.0,4449.0,8795.0,1.0,1905.0,255.0,28.69,33.19,0.003,Tôi
1291.0,4394.0,9170.0,1.0,1904.0,250.0,27.62,32.44,0.002,Tôi
1094.0,4705.0,9085.0,1.0,1904.0,248.69,30.31,33.19,0.004,Tôi
867.0,4561.0,8607.0,2.0,1905.0,253.5,30.0,35.19,0.027,Tôi
678.0,4504.0,8477.0,1.0,1920.0,251.62,33.13,37.94,0.021,Tôi
0.042701324736809,0.991783689560161,0.0177060625890319,2.00242982503162,1887.9918092306607,101.80323482512505,-61.55226094621416,25.88408930527737,0.118195031501871,Tôi
-1.0108092238831623,-0.0464122764848117,-0.0112683666961535,1.9996614876475087,1888.0223477688933,101.00780623397333,-62.49205871318578,25.46442035632702,0.0412965395844571,Tôi
0.99298404697843,0.9984200525107366,0.9858474134195516,0.9794709996535604,1887.9995899048176,100.41367528370594,-62.59619023182065,23.569632703974168,0.0746003982761779,Tôi
-0.0164913774658442,0.0005062556302395,0.9877924810994464,0.9924939761294872,1888.0323677312056,99.42677492767125,-61.65319343585886,20.48509134175833,0.0323262270960084,Tôi
0.9952828825675196,1.0381822846395834,1.0148787169356,2.991493260803521,1889.005777325048,97.515704724891,-57.89472638000018,27.922996825401693,0.0126570935444116,Tôi
0.9995327409759176,1.004581996708384,1.007069979340824,1.977180877763508,0.0,94.14019273175036,-50.3040826316016,48.67672389598377,0.0244135106122074,Tôi
0.9901985625426128,1.9667695500859883,0.0,0.0,1887.989076811701,90.9645894264822,-39.01197607711712,0.0,0.0122416900502123,Tôi
69.99885756547116,-0.0130631515497558,3.0025900171790374,0.9874003049065332,1888.03317760616,84.55391902715175,-26.41984170818369,82.76907470519744,0.019676249942246,Tôi
1.0063863767644812,2.002631287685726,0.0025040297688757,0.9958590009232264,1888.9795414858088,73.74335718768901,-15.75724499687173,112.39438476948756,0.0025310789808969,Tôi
-0.0036282745588634,1.023186691231924,0.9843242167409288,8.007141037555186,1888.0121454203504,75.55616795495995,-0.0,131.58883551322623,-0.0563777160431076,Tôi
0.0265873504911842,26.998765163779893,98.00780995454733,1.9616711680497727,1887.9932408019693,272.17969841988673,5.274598888159578,140.81330909217257,0.0086517079604956,Tôi
23.00371175372124,2769.986866272331,5694.980885907497,1.0174023444092382,1888.9986326522069,136.8192593479978,16.182384254430648,134.14600496105152,-0.0209575162874053,Tôi
2114.0002014406714,2040.0256086324584,7009.025804812312,1.984927296116815,0.0,153.33885830689434,22.208420464681858,135.90964280202058,0.0242884079842446,Tôi
2993.990518702961,4535.993347216487,9893.98042300785,84.9731096215988,0.0,155.50339258620656,25.379761669867708,134.03719273053358,0.0221510946029831,Tôi
4171.011604164675,5738.016777201261,11280.99866268906,0.0,1920.9939933802923,168.86528308561583,31.402430861753626,133.86584910151913,0.0184503767678858,Tôi
3013.0344793648064,5678.048393744132,11889.987615349835,95.03707747156813,1935.974122007998,192.8183579435348,42.29735165508215,130.848543072171,0.0008830400906705,Tôi
3228.024659015658,5808.005855528098,11116.01553752218,5.007555719699727,1952.0278761980228,0.0,53.99728762094988,113.368130729657,0.0309276658573934,Tôi
3281.9803951254776,5326.996257510062,0.0,96.01312879059498,1920.9890214007885,228.1349633011085,58.53276429494479,0.0,-0.0107634673061913,Tôi
2730.98696185028,4506.998025614098,9811.033776200644,32.99537794155246,1887.9955416456053,243.69940989950229,45.48844726117389,42.51543515243422,0.0050762908104246,Tôi
1939.9936510841453,4629.003852795106,9309.009640141308,1.987351985877048,1903.974055798027,252.95361211307457,0.0,34.434948437551256,-3.730741174508105e-05,Tôi
1551.0175717265015,4449.039075764164,8795.038315377737,1.0116937525706378,1904.987165183016,254.99407186962804,0.0,33.210047270882754,0.0236237087504163,Tôi
1290.990813318581,4394.017308117303,9169.954910766948,1.009322185428068,1903.992946071148,0.0,27.57702577415745,32.4112444376639,-0.0265788901944646,Tôi
1094.0150280927717,4704.969744124826,9085.040096718716,0.9646000846675872,1903.991361479584,248.64572108827545,30.309836323273306,33.218247828167534,-0.0050323932818183,Tôi
866.998657252512,0.0,8607.027726654162,0.0,1904.9970276988167,0.0,30.03465464460674,35.21988588891965,0.0307197815920489,Tôi
678.0047381978975,4504.012759121262,8477.002270398352,0.987918641263759,1920.0088027665768,251.6074849437381,33.12714971589948,37.93990819119672,0.0130307782304911,Tôi
0.0,1.0,0.0,2.0,1888.0,101.81,-61.56,25.87,0.094,Tôi
-1.0,0.0,0.0,2.0,1888.0,101.06,-62.5,25.44,0.075,Tôi
1.0,1.0,1.0,1.0,1888.0,100.44,-62.63,23.56,0.071,Tôi
0.0,0.0,1.0,1.0,1888.0,99.44,-61.63,20.5,0.026,Tôi
1.0,1.0,1.0,3.0,1889.0,97.5,-57.88,27.94,0.011,Tôi
1.0,1.0,1.0,2.0,1888.0,94.12,-50.31,48.69,0.026,Tôi
1.0,2.0,1.0,2.0,1888.0,90.94,-39.0,63.44,0.014,Tôi
70.0,0.0,3.0,1.0,1888.0,84.56,-26.44,82.75,0.006,Tôi
1.0,2.0,0.0,1.0,1889.0,73.75,-15.75,112.37,0.001,Tôi
0.0,1.0,1.0,8.0,1888.0,75.56,-7.19,131.62,0.003,Tôi
0.0,27.0,98.0,2.0,1888.0,272.19,5.25,140.81,0.001,Tôi
23.0,2770.0,5695.0,1.0,1889.0,136.87,16.19,134.19,0.001,Tôi
2114.0,2040.0,7009.0,2.0,1889.0,153.37,22.19,135.87,0.001,Tôi
2994.0,4536.0,9894.0,85.0,1888.0,155.5,25.37,134.0,0.001,Tôi
4171.0,5738.0,11281.0,220.0,1921.0,168.87,31.44,133.87,0.001,Tôi
3013.0,5678.0,11890.0,95.0,1936.0,192.81,42.31,130.87,0.003,Tôi
3228.0,5808.0,11116.0,5.0,1952.0,210.25,54.0,113.37,0.002,Tôi
3282.0,5327.0,10798.0,96.0,1921.0,228.12,58.5,70.5,0.002,Tôi
2731.0,4507.0,9811.0,33.0,1888.0,243.69,45.5,42.5,0.004,Tôi
1940.0,4629.0,9309.0,2.0,1904.0,252.94,32.25,34.44,0.002,Tôi
1551.0,4449.0,8795.0,1.0,1905.0,255.0,28.69,33.19,0.003,Tôi
1291.0,4394.0,9170.0,1.0,1904.0,250.0,27.62,32.44,0.002,Tôi
1094.0,4705.0,9085.0,1.0,1904.0,248.69,30.31,33.19,0.004,Tôi
867.0,4561.0,8607.0,2.0,1905.0,253.5,30.0,35.19,0.027,Tôi
678.0,4504.0,8477.0,1.0,1920.0,251.62,33.13,37.94,0.021,Tôi
-0.0265311479468711,1.0377026267064142,-0.0091774798679683,2.126877703796223,0.0,107.44705875974095,-64.98888679889677,27.33509038763028,0.0859928521117919,Tôi
-1.059772911842824,-0.0033582454585397,0.0330199395509069,2.1359995834505265,1993.0445249426905,0.0,-65.93302222732801,0.0,0.1063604362937049,Tôi
1.0607956811363184,1.043581360795792,1.0557267971699351,1.0663388077897196,0.0,106.03746596047712,-66.13492902639447,24.8637185216738,0.0533921041693508,Tôi
0.0076203995916435,-0.0216787906754287,1.0689704002142504,1.0541045936778886,1993.065009953628,104.9599710708698,-0.0,21.67685715259677,0.017007962724582,Tôi
0.0,1.0639445510048655,1.068302467475992,3.155741450997012,1994.091606675892,102.91627943134462,-61.08841635494928,29.494981148623715,0.0221342841720878,Tôi
1.0835794667271048,1.0891242676990107,1.053198157937112,2.1033459190137904,1993.0448783692984,99.34559897563273,-53.09386746234091,51.373766341045005,0.0563680786981866,Tôi
1.0422299206401566,2.089144441667441,1.0604956343394432,2.108799175847544,1993.0484976195064,96.0199002477397,-41.15629713609353,0.0,-0.0176607516317623,Tôi
73.9043211760335,0.044529288420965,3.18114762376698,1.0125101860862982,1993.0530880558483,89.24767463172385,-27.8949156705756,0.0,0.0036261317235328,Tôi
1.04277055815718,2.1154307297228714,-0.0209266702181973,1.0714740812447476,1994.104278379792,0.0,-16.65705711126004,118.58053037797777,0.0083827709403676,Tôi
0.0098449458571169,1.0321830965044951,1.029406375214839,8.414601167213428,1993.0563367042323,79.77282005076465,-7.616128237834827,138.92663059144405,0.0097208207198733,Tôi
-0.0,28.493111485146947,103.4507213070438,2.1273440968850696,0.0,287.33478373501407,5.518232996193084,148.6593837914275,0.0271432027619018,Tôi
0.0,0.0,6011.886767623924,1.0802665355054242,1994.1082751928725,144.5032538511568,0.0,0.0,0.0242117064719043,Tôi
2231.627891401229,2153.534160622952,7398.985669021459,2.092081937498113,1994.08486026714,161.90479366224025,23.41743500870402,143.4484162938856,-0.0187269665175763,Tôi
0.0,4788.381509532866,10444.55397544552,89.71075373476279,1993.043947900054,164.13271566631855,26.78179995839342,141.45411743255136,-0.0019656529586912,Tôi
4403.076562096675,6057.263657323089,11908.757881210997,232.2426856854269,2027.8881821482184,178.27662742705866,33.212668607793766,141.3271982871235,-0.027275266587397,Tôi
3180.631946341521,0.0,12551.61550574994,100.27965474957288,0.0,203.539350745392,44.64007896916392,0.0,0.021071770548768,Tôi
3407.615000898791,6131.165090643311,11734.555785951548,0.0,2060.616963376171,0.0,56.98641728299663,119.6754804176831,0.0012612031412339,Tôi
3464.622332949089,5623.413115805935,0.0,101.33878036573728,2027.9063202657665,240.8145707059368,61.72638506542842,0.0,0.0213461223652723,Tôi
2882.955009652625,4757.810062035685,10356.905057302589,34.85382047977557,1993.041694030356,257.25294775582216,47.986006686401495,44.84137979832815,-0.0002386542320046,Tôi
2047.975423596856,4886.5852093381445,0.0,2.103805933516888,2009.9514567860083,267.03497389803937,34.021858892350835,36.35522572957683,0.006335962628266,Tôi
1637.266293059949,4696.554461212295,9284.364837200965,1.081035748364813,2011.016071841638,0.0,30.298942721655195,35.01831038364239,0.0291993405605932,Tôi
0.0,4638.486422427414,9680.24437823394,1.037747199222442,2009.940809193153,0.0,29.11407919301834,34.27670903528215,0.0125424293809647,Tôi
1154.8868090970166,4966.80963156922,9590.490938304089,1.02438754318272,2009.9343703855327,262.5341618608298,31.985512823651167,35.04434156946538,-0.0249898805586513,Tôi
915.217674783185,0.0,9085.929810346795,2.1291745544895515,2010.997784456438,267.64608040095345,0.0,37.14561849213539,0.0372637123497207,Tôi
715.733740033256,4754.618075468996,8948.709725490344,1.0249058757992515,0.0,265.63341019945545,34.96477434446841,40.04090074498211,0.0203665248831576,Tôi
0.0154847807778413,0.98530165296577,-0.0511789733757129,2.02451494215171,1888.0225722325565,101.81531870806786,-61.584595109631294,25.87587209140177,0.0759145655765535,Tôi
-0.9814755792578872,-0.0343808936822605,0.0015698343158189,2.020030345072864,1888.009216803796,101.069542626716,-62.50365709539003,25.453264467471435,0.0449420890249485,Tôi
0.9920924130395202,1.0041565852022698,0.9999287551366044,1.0020909781498435,1888.0045167389528,100.42526712468248,-62.63651654055984,23.58888508315229,0.0577172175804038,Tôi
-0.0373750755297298,0.0122557607681291,0.9794403258659752,0.9987002679764494,1887.9783548735927,99.44358578411158,-61.62038249457305,20.47455281516692,0.0219515079784791,Tôi
1.0220349526857802,0.9506162895813012,1.0122219007776307,3.013880715725661,1888.9599546968764,97.51652415857792,-57.884570849394045,27.95054765179193,0.029475851497888,Tôi
0.9882318319485632,0.9982150395999664,0.9966379494544628,2.0282695284261427,1888.02289347694,94.0954575966458,-50.2958335685559,48.68722801169036,0.0139280441024391,Tôi
1.0272280807826677,2.0116657905821698,1.0013247992343852,1.976552932183741,1887.965335438202,90.95382514099325,-39.01458454980744,63.46454820807753,-0.0143156820254153,Tôi
69.99736640337002,-0.0078068712597311,2.9776280821417047,1.0172729274844097,1887.984828153841,84.55556048810172,-26.4374197585758,82.77076166400751,0.0156393146098571,Tôi
0.9873665142376028,1.991922171436948,-0.0022541823597604,1.009396659081007,1888.9715618338723,73.75677661855833,-15.724200873214096,112.38600827654008,0.0357858289227252,Tôi
-0.0215000051356674,0.9796557998272843,1.014712203401421,7.989556946979396,1888.0021295243816,75.58132521299439,-7.217397842521686,131.641466431996,0.0089206180352937,Tôi
0.0020462514211572,26.973352590240683,97.98467270940316,1.9994902663056868,1887.996596301188,272.22696108594795,5.267192749681743,140.78571822220647,0.0111986655056689,Tôi
23.02604196925523,2770.001250249034,5694.98022477072,0.9941574064359332,1888.981046758185,136.88086772305408,16.196466307882744,134.17582745447717,-0.0075483546941764,Tôi
2113.9783302379155,2039.982833222936,7009.016422887258,1.9863420368959588,1889.0150904398447,153.3964555109096,22.2005482829172,135.88273757930563,-0.0014522682112305,Tôi
2993.998732847748,4536.016347292443,9893.981667200042,84.96167723021175,1888.033047870487,155.48384610330737,25.352256205587544,134.0276617754358,0.0023432636830026,Tôi
4170.994622452954,5737.977533417114,11281.010836649351,219.9969763139226,1920.9856175392613,168.84357836674067,31.45429284161675,133.8775660832424,-0.0288012062944436,Tôi
3013.032569583587,5677.987737871286,11889.992854216483,94.97602209730474,1936.0443159187016,192.78953149066243,42.31339447623446,130.8515820186267,0.0056511702891659,Tôi
3228.0330316163136,5808.017354416445,11115.98344751396,4.987010934994869,1952.0029250571868,210.2582642887268,54.00742274853435,113.36836678680912,-0.0155031583936457,Tôi
3281.995750147962,5326.985266502401,10797.994587673817,96.02787437994262,1920.983512747935,228.0955303550357,58.50549828597522,70.47546282307898,-0.0165408821328657,Tôi
2730.9712835555747,4507.007831617326,9811.02515286851,33.032878959072605,1887.978613233148,243.73734775995985,45.48273739216225,42.47457491093402,-0.0109397990474594,Tôi
1940.000143394469,4628.987504450563,9308.991263330694,1.9708557015383967,1903.999293671719,252.9343465157376,32.23305029558541,34.44972083386023,-0.0074700103232514,Tôi
1551.017424583148,4448.995310716822,8795.008485441991,0.9659411655243444,1905.0235752469616,255.0112888616999,28.690843016664907,33.17752472087201,0.0127267322266168,Tôi
1291.017705034692,4394.007096498685,9170.000424495807,0.9640845519481523,1903.9980264020053,250.0111181623196,27.618305011478736,32.45926207305354,-0.0406557097630583,Tôi
1093.984637617961,4705.01998268542,9085.012513921767,0.9689926415359692,1903.9914283052,248.7159506039767,30.30504712403388,33.16161954036876,0.0112372176015148,Tôi
866.9704291986868,4560.996195658905,8606.998923548872,1.9870867049457075,1905.0106416545384,253.5014123638076,30.01602350952572,35.18810983336227,0.0221861663697861,Tôi
677.9860972061265,4503.992506086832,8476.96942658133,0.9646256852891296,1920.0095139019743,251.63281093713047,33.130905184417806,37.90547656959965,0.0516283080927939,Tôi
685.0,4832.0,8266.0,2.0,1904.0,249.25,34.31,38.19,0.048,Tôi
476.0,4260.0,8339.0,2.0,1904.0,253.44,33.19,40.0,0.01,Tôi
176.0,4448.0,8336.0,3.0,1920.0,251.81,31.81,38.63,0.047,Tôi
1.0,3030.0,6361.0,40.0,1889.0,241.06,34.56,34.88,0.038,Tôi
1.0,1702.0,4423.0,162.0,1889.0,208.31,40.31,27.37,0.018,Tôi
1.0,5.0,54.0,1.0,1889.0,186.56,32.38,1.5,0.01,Tôi
66.0,1.0,265.0,55.0,1888.0,173.75,24.25,-14.5,0.002,Tôi
1.0,306.0,425.0,1.0,1888.0,160.37,19.06,-19.81,0.002,Tôi
1.0,358.0,821.0,1015.0,1889.0,151.87,18.56,-17.94,0.001,Tôi
2.0,291.0,346.0,167.0,1888.0,144.06,22.06,-15.5,0.001,Tôi
0.0,1.0,0.0,0.0,1888.0,130.0,23.94,-11.19,0.001,Tôi
1.0,0.0,2.0,0.0,1888.0,111.0,9.88,-1.56,0.001,Tôi
0.0,1.0,1.0,0.0,1888.0,100.81,-21.87,2.0,0.001,Tôi
2.0,1.0,1.0,1.0,1889.0,99.12,-50.81,2.0,0.001,Tôi
1.0,1.0,2.0,1.0,1889.0,100.81,-62.94,8.94,0.002,Tôi
2.0,0.0,1.0,0.0,1888.0,99.37,-70.06,15.0,0.003,Tôi
0.0,1.0,2.0,1.0,1888.0,99.06,-76.0,23.25,0.003,Tôi
2.0,1.0,1.0,2.0,1889.0,100.19,-81.06,22.5,0.004,Tôi
1.0,0.0,0.0,1.0,1888.0,99.37,-77.06,20.62,0.006,Tôi
1.0,1.0,2.0,1.0,1889.0,100.0,-75.31,21.37,0.004,Tôi
0.0,3.0,1.0,0.0,1888.0,102.0,-74.12,21.81,0.004,Tôi
1.0,0.0,1.0,2.0,1889.0,102.87,-74.31,23.0,0.004,Tôi
2.0,1.0,0.0,2.0,1889.0,101.75,-73.62,21.69,0.023,Tôi
2.0,2.0,1.0,0.0,1888.0,101.31,-74.0,23.19,0.037,Tôi
0.0,1.0,0.0,0.0,1888.0,101.37,-73.06,25.06,0.035,Tôi
684.9956502554027,4831.995716365184,8266.058916383012,1.9948477460697047,1903.999455032852,249.2662186525668,34.32342309994896,38.17831235409215,0.030028662415749,Tôi
476.0192130199321,4260.024679181579,8339.030621267146,1.9715836352661773,1904.008725336219,253.44900369765287,33.23442420570023,40.02403657011754,0.0076587339073712,Tôi
175.97856907816572,4448.024784656902,8336.030622307608,2.984234071613537,1920.0092304276648,251.80012359517332,31.779771402066963,38.59221716070808,0.0280327173741291,Tôi
1.02434529923804,3030.0170867868324,6360.986826100736,39.99164838468127,1888.9923321770325,241.1008715979133,34.55486348756488,34.899211004902284,0.0165340281158604,Tôi
1.0018868107574794,1701.9876018720392,4422.9609435436505,161.9859445503968,1888.9773582485088,208.29975013844532,40.31078461551892,27.39832335672396,0.0227118863212334,Tôi
0.9910757369465876,5.01284008886219,53.9911004638622,0.9634781607097664,1889.013110353934,186.5998170901287,32.39571921667172,1.5441628897284732,0.016141256484263,Tôi
66.00161311139038,0.9972596226107708,264.99060188750286,55.00335321924916,1888.0199683628,173.73935742553843,24.2305602914562,-14.498534774057235,0.0284270726340438,Tôi
1.0046296691202454,306.0015299441462,424.98550539436354,1.0426587073236733,1888.0230132852348,160.36274571085826,19.06426762145257,-19.78093744360146,0.0099515094742955,Tôi
0.9775983322186104,358.0016293792612,820.9860356039264,1014.9892516059548,1889.0005139256195,151.8519561491013,18.56416490787736,-17.935169711874636,-0.0078280156688825,Tôi
1.9983013677771584,291.01205766653754,346.0354126266116,166.9704904691531,1887.987276023962,144.0719762321626,22.03490241059171,-15.476652839378358,-0.0222584591744854,Tôi
-0.0170240810745864,1.0062420934782643,-0.0005591706025502,-0.016406677118117,1887.9945781406216,129.98800559009644,23.889736994969983,-11.173994709376178,0.0201607888954416,Tôi
1.0075802283022857,0.0086438435832209,2.000906525028461,0.0235154239332085,1888.030023291505,110.98788927007766,9.87827017319828,-1.5465739638498452,0.0343772823585627,Tôi
0.0218423402567049,0.993139519637794,0.9778009787700692,0.0069383833425759,1888.0396566893628,100.8053164404498,-21.86397321774644,1.9987271464168488,-0.0135081045634079,Tôi
1.9924174647613504,0.982344366154992,0.9704862894542106,0.9754940739110524,1889.0302517833493,99.10443632308262,-50.82614487312133,2.0111524277586232,-0.0229024368766325,Tôi
1.005458423757505,0.9658498480653976,1.9894419184515493,1.0047254788754176,1888.99765740169,100.83234076052508,-62.91812679779096,8.940790599302773,-0.0024400118624706,Tôi
1.984975027166332,0.0152611504743485,0.9877625519658014,0.0295981466109807,1888.003503745548,99.35319141749196,-70.05762734897246,14.962190703116509,-0.0070721636697067,Tôi
0.0112841011478516,1.028258457523752,2.0035655409511914,1.006064092434844,1887.9936618335007,99.10688120541296,-75.98027589241143,23.27151837121953,0.0007840258027342,Tôi
2.001311041518695,1.0261335711892086,1.0095448477878324,1.968537057356327,1888.9843083746869,100.19617310479256,-81.06690191369266,22.482224195735903,-0.0005882289696746,Tôi
0.9999242930964322,-0.017987403156797,-0.0010155622056974,0.9951527571931168,1888.0218316800544,99.40238489739012,-77.05031585249125,20.61699034742584,-0.010924207990991,Tôi
0.9931911323949888,0.9981608743887012,1.9923293484377944,0.9957665150209434,1888.9805640959592,100.01786824706085,-75.32813849468683,21.396734618511104,-0.0096480067567875,Tôi
-0.0077001873431479,2.971937506275665,0.9855940367328784,0.025303211551876,1888.008511395081,102.01701998449494,-74.13100481035028,21.807279082148195,-0.0105756247488355,Tôi
0.9638540042477458,0.0590065561424998,1.0128212805716366,2.0016485634034047,1889.0006347680685,102.89620793331372,-74.30071138727733,23.001720224598525,0.023848127724219,Tôi
1.9750296298307723,0.9940796377743828,-0.0071084823038561,2.037300985159525,1888.990674487861,101.72790086339964,-73.65791426346638,21.70173931120008,0.0294754344797603,Tôi
2.0360310319953734,1.9933153397147243,0.9981846861281782,-0.0114432395220803,1887.997307806771,101.2760420942932,-73.99895148450335,23.18524932803147,0.0317016445983307,Tôi
-0.0312814365228734,1.0352469755422136,-0.0060191045275654,-0.0043440991283654,1888.007938809233,101.3776063215473,-73.07408380237186,25.0658579435815,0.0154648647675151,Tôi
748.9909555144591,5283.4510882547365,9038.354234036844,0.0,2081.910999919033,272.5451294846534,37.514201633084376,41.76611617218906,0.0388949602952172,Tôi
0.0,4658.055557761183,9118.185109616175,2.18567746324197,2081.880862396641,277.1119693592926,36.32552372777361,43.76370107061436,-0.0,Tôi
192.45399423256808,4863.584664692677,9114.866670768057,3.2798185967740032,2099.391664884692,275.3459244029976,34.77699861402927,42.20322981306396,0.0329406653615521,Tôi
1.1082229445809169,3313.141914140808,6955.347749146616,43.75476732225889,2065.496320263608,263.5446333212566,0.0,0.0,0.0363587521924882,Tôi
1.0965134994453838,1861.0478867272243,0.0,177.12976025421773,2065.465966088429,227.7903872844545,44.073284417433335,29.960379301601343,0.022030766641912,Tôi
1.0905858706932654,5.483018013855277,59.05399775646876,0.0,2065.5328018020705,204.0446929554693,0.0,1.6354059968189822,-0.0084444809637166,Tôi
72.15204519295361,1.1209797555390808,289.7781410834588,60.13684148492382,2064.4537933157435,189.9807296285269,26.51179914912279,-0.0,0.0084465392978545,Tôi
0.0,0.0,464.6848002576376,0.0,2064.411162257146,175.35659549629966,20.880325014244125,-21.650687238303448,0.0155916480746427,Tôi
0.0,391.4430669392458,897.7347191052982,1109.8923496765833,2065.5385498582427,166.07693388867148,20.35788812879454,-19.60719860113849,-0.003612826369113,Tôi
2.1889163113437995,318.1597425260239,378.3467900077008,182.5944976947636,2064.392649895909,157.5256584324843,24.108713192859,-16.93274474776738,0.0634216280097509,Tôi
0.0124523151903534,0.0,-0.0131840009139688,0.0293822368872985,2064.383394560837,142.1727095918966,26.190091437689865,-12.235373968296258,-0.0149479522120963,Tôi
1.104172511204587,-0.0133542506438658,2.2025026396679683,-0.0061473199124901,2064.410578953188,121.3605929049293,10.837956387987674,-1.7184387059891375,0.0073158614372527,Tôi
-0.0034474364857756,1.0702493273483114,1.06308075661991,-0.0326065885261888,2064.445137069264,0.0,-23.946534875135484,2.157909167582486,-0.0268645746983768,Tôi
2.1424309073424577,1.0830034347963589,1.0972961798065994,1.0911656501607636,2065.483431562647,0.0,-55.57537495432952,2.1775825048451303,-0.0243937417917366,Tôi
1.1094754032296232,1.1222181596729033,2.211185863132497,1.094657013565513,2065.52722083676,110.24652597889948,-68.80134332858708,0.0,-0.0,Tôi
0.0,-0.0044721106424246,1.0609684436123967,-0.0369664380691024,2064.391103787682,0.0,-0.0,0.0,7.082332640351263e-05,Tôi
0.005643999461332,1.1035933442740231,2.168508405029077,1.0958124402088996,0.0,108.29177638370304,-83.11822826766038,25.41900393466296,0.0196999002882013,Tôi
2.1423076819957743,1.1117132666489005,1.0829315666559192,2.2089582016065865,2065.5182643111443,109.5652712249158,-88.65316998416924,0.0,-0.0307275867586759,Tôi
1.0877867112838775,0.0,0.0449257976004298,1.1245057783509294,2064.431996993972,108.659023261896,-84.26971270087606,22.55846128551684,0.0169953248429428,Tôi
1.1065642617342228,1.1061354103271086,2.197585358279995,1.1007669789997387,2065.4974883446675,109.35528103399317,-82.3410756640156,23.36989196760048,0.0127386803043055,Tôi
-0.0,3.2907423696700304,1.0714808296959266,0.0349266858055531,2064.3782689548057,111.51348665653023,-81.03022975861822,23.828320707150983,0.0037394254071821,Tôi
1.1006186743014523,-0.0056069126399254,1.0966877355837406,2.202957089321264,2065.5038449346107,112.4639378869835,-81.23948362860463,25.13606762158514,-0.012876633911755,Tôi
2.1522857062818024,0.0,-0.0057061737798562,2.1660954384669333,2065.520294868917,111.25067693140946,-80.51903606923912,23.691380773868456,-0.0294684697999308,Tôi
2.1921317955433253,2.1771539772771464,1.060737610437512,-0.0298463714719334,0.0,110.77053635053868,-80.88603439022265,25.393046863711493,0.0784294490444709,Tôi
-0.0101334933695314,1.095710458119418,0.0315282519426292,0.038213919618987,2064.4281026223643,110.82912351147496,-79.88090800319301,27.395992135015703,0.0344781645492569,Tôi
635.1663118997794,4480.472436641948,7664.649246954126,1.854500180729283,1765.4841720542772,231.1170850233869,31.81395060041085,35.41168095102565,0.0445080043375027,Tôi
441.3710430135693,3950.085384953373,7732.338503550745,1.854500180729283,1765.4841720542772,235.0022629020148,30.775430499202447,37.090003614585655,0.0092725009036464,Tôi
163.1960159041769,4124.408401941925,7729.556753279651,2.7817502710939244,1780.3201735001117,233.4908452547204,29.495825374499244,35.8196709907861,0.0435807542471381,Tôi
0.9272500903646416,2809.5677738048635,5898.237824809485,37.090003614585655,1751.5754206988076,223.52290678330047,32.04576312300201,32.3424831519187,0.0352355034338563,Tôi
0.9272500903646416,1578.1796538006197,4101.227149682809,150.21451463907192,1751.5754206988076,193.1554663238585,37.3774511425987,25.37883497328024,0.0166905016265635,Tôi
0.9272500903646416,4.636250451823207,50.07150487969064,0.9272500903646416,1751.5754206988076,172.9877768584275,30.02435792600709,1.3908751355469622,0.0092725009036464,Tôi
61.198505964066335,0.9272500903646416,245.72127394663,50.99875497005528,1750.648170608443,161.10970320085644,22.485814691342554,-13.445126310287302,0.0018545001807292,Tôi
0.9272500903646416,283.7385276515803,394.0812884049726,0.9272500903646416,1750.648170608443,148.70309699177756,17.673386722350067,-18.368824290123545,0.0018545001807292,Tôi
0.9272500903646416,331.95553235054166,761.2723241893706,941.1588417201112,1751.5754206988076,140.8214712236781,17.209761677167744,-16.63486662114167,0.0009272500903646,Tôi
1.854500180729283,269.82977629611065,320.82853126616595,154.85076509089512,1750.648170608443,133.57964801793025,20.45513699344399,-14.372376400651945,0.0009272500903646,Tôi
0.0,0.9272500903646416,0.0,0.0,1750.648170608443,120.5425117474034,22.19836716332952,-10.375928511180335,0.0009272500903646,Tôi
0.9272500903646416,0.0,1.854500180729283,0.0,1750.648170608443,102.9247600304752,9.161230892802658,-1.4465101409688408,0.0009272500903646,Tôi
0.0,0.9272500903646416,0.9272500903646416,0.0,1750.648170608443,93.4760816096595,-20.27895947627471,1.854500180729283,0.0009272500903646,Tôi
1.854500180729283,0.9272500903646416,0.9272500903646416,0.9272500903646416,1751.5754206988076,91.90902895694326,-47.11357709142744,1.854500180729283,0.0009272500903646,Tôi
0.9272500903646416,0.9272500903646416,1.854500180729283,0.9272500903646416,1751.5754206988076,93.4760816096595,-58.36112068755053,8.289615807859894,0.0018545001807292,Tôi
1.854500180729283,0.0,0.9272500903646416,0.0,1750.648170608443,92.14084147953444,-64.96314133094678,13.908751355469622,0.0027817502710939,Tôi
0.0,0.9272500903646416,1.854500180729283,0.9272500903646416,1750.648170608443,91.85339395152138,-70.47100686771275,21.55856460097792,0.0027817502710939,Tôi
1.854500180729283,0.9272500903646416,0.9272500903646416,1.854500180729283,1751.5754206988076,92.90118655363342,-75.16289232495784,20.86312703320443,0.0037090003614585,Tôi
0.9272500903646416,0.0,0.0,0.9272500903646416,1750.648170608443,92.14084147953444,-71.45389196349927,19.119896863318907,0.0055635005421878,Tôi
0.9272500903646416,0.9272500903646416,1.854500180729283,0.9272500903646416,1751.5754206988076,92.72500903646414,-69.83120430536115,19.81533443109239,0.0037090003614585,Tôi
0.0,2.7817502710939244,0.9272500903646416,0.0,1750.648170608443,94.57950921719345,-68.72777669782722,20.22332447085283,0.0037090003614585,Tôi
0.9272500903646416,0.0,0.9272500903646416,1.854500180729283,1751.5754206988076,95.38621679581068,-68.9039542149965,21.32675207838676,0.0037090003614585,Tôi
1.854500180729283,0.9272500903646416,0.0,1.854500180729283,1751.5754206988076,94.34769669460226,-68.26415165264491,20.11205446000908,0.0213267520783867,Tôi
1.854500180729283,1.854500180729283,0.9272500903646416,0.0,1750.648170608443,93.93970665484184,-68.61650668698347,21.50292959555604,0.0343082533434917,Tôi
0.0,0.9272500903646416,0.0,0.0,1750.648170608443,93.9953416602637,-67.74489160204071,23.23688726453792,0.0324537531627624,Tôi
684.9772730551342,4832.003064689903,8265.983935528982,2.007709511637036,1903.986897548588,249.2457369342044,34.32895901441016,38.223841856524814,0.0134414534821249,Tôi
476.0017168559792,4260.006182305327,8338.996456599738,2.003273421576292,1903.9421529929227,253.4664482834041,33.14893533961349,40.0236069610912,0.0157812640814452,Tôi
175.96861558692848,4448.011626579305,8335.99775965702,3.0106135898298008,1919.9728823110984,251.81803954330263,31.803847291850747,38.65517508926268,0.0654030771360986,Tôi
1.0188842330359564,3030.0070535981617,6360.994433748702,40.01152170542814,1888.972460502075,241.0757632309304,34.57642756903361,34.893140179395985,0.044706941455789,Tôi
1.0075632467585616,1701.9918532496995,4423.001531828179,161.9654462899216,1888.9825616386568,208.3452435966855,40.30848521533491,27.4004606810271,0.0091932489168175,Tôi
0.9808946656333084,5.002783771232389,54.00274083811643,0.9594660427100776,1889.053706717042,186.52996427357328,32.35902827024048,1.492305893414669,-0.0039987423664364,Tôi
66.00518488035273,1.0059129332771877,265.027302900066,54.97893899893218,1887.9975401181173,173.7343702153505,24.23112844085806,-14.484858257238516,-0.0112197951024144,Tôi
1.0020217008968402,306.0283977789503,424.99472027732304,0.9956065776184446,1887.9925313287383,160.33882878859532,19.079556469098087,-19.78074496108294,0.0403983783366105,Tôi
0.9526132136162592,357.9886953416838,821.0212892370976,1014.9975803984024,1888.9924360207249,151.85641182147114,18.53146831252582,-17.947075567904513,-0.0069525607071733,Tôi
2.004959594328565,290.9960125503487,346.0050189139314,167.0244810464237,1888.008676324181,144.06032498819394,22.055445880563337,-15.45714685016739,-0.0073966425532383,Tôi
-0.0242885688794343,0.9876799733245476,-0.0117753245237383,-0.0214034964560537,1888.017433640729,130.00587022930208,23.91838671539,-11.219186574107024,0.007230781556376,Tôi
0.9789346273927702,0.0279786150577386,2.005773744656576,-0.017951301583235,1888.010110469908,110.9912790615,9.876663607017711,-1.5561858093602552,0.0135129748747884,Tôi
0.0351660566086361,1.0120889391204468,0.9740196191169936,-0.0001497341042961,1888.0157039964347,100.80129438935872,-21.8294414102876,2.008093389222569,0.025177921912989,Tôi
2.021627646036752,0.984604190573835,0.9935979175230883,0.968951111002016,1889.01588137436,99.08226264562552,-50.82971852586607,2.0197812118474703,-0.0113617784732707,Tôi
0.9844307306687106,0.9951943416942736,1.9777168882739324,1.00124206783215,1888.9880432310435,100.83952740558944,-62.9410176577045,8.937638055523996,0.0049189403902368,Tôi
1.9972406874230784,-0.0188683586603818,1.0002148009910297,-0.00298696239502,1887.9932125136568,99.358534437299,-70.05570657151395,15.029867837996816,-0.0463274229179192,Tôi
0.0509492621501395,0.9866400110124354,1.993970664192402,1.000874515836164,1888.0226499178643,99.03518441283512,-75.98096685402433,23.264277037236,-0.008752372621892,Tôi
2.008025441474714,0.982140776777014,0.9632230703422768,2.0086883241641527,1888.9594948327376,100.19149490669211,-81.0828646318512,22.50432931856461,0.0501589768235382,Tôi
0.9887053436614068,-0.0058093872865659,0.0420944739629202,1.003428145519364,1888.0204108041496,99.36931134746968,-77.08067561024083,20.64354526488221,-0.0248481877215378,Tôi
1.0260797005681022,0.9892882896345778,2.0141628684913546,1.0091488122549253,1888.9848139468888,99.98995921031454,-75.34460921290625,21.39038255982382,-0.0343001192637084,Tôi
-0.0033398114993651,2.999727772249475,1.0064382982214763,-0.0204246962981862,1887.9937895874828,102.02750755109656,-74.09522399212636,21.83263473511282,0.0267240584295754,Tôi
0.9806532660531716,0.0106346099731569,0.985068931581732,1.9877924599999908,1888.9804706519228,102.89878832997005,-74.29622239040619,23.04335762381553,-0.0479327168574078,Tôi
1.9633203013787548,1.0017608722863738,-0.0370664088514755,1.981934452323216,1888.975450529808,101.79642329263471,-73.62829185680151,21.662418543841227,0.0204944393590251,Tôi
2.018473229587924,1.9848638675296848,0.983289247523502,-0.0241135224636727,1887.9948409796048,101.33611074748424,-74.01150169099185,23.201223113006574,0.0793142405031956,Tôi
-0.0091673354378579,1.0208872428165665,-0.0283327172844301,-0.0390615040870294,1888.013978302044,101.37535407213726,-73.09578909423803,25.076283013679944,0.045449391288905,Tôi
1.0,2.0,0.0,2.0,1889.0,100.69,-72.56,25.06,0.022,Tôi
2.0,0.0,0.0,1.0,1888.0,100.31,-72.31,25.19,0.113,Tôi
1.0,2.0,2.0,0.0,1889.0,100.44,-72.37,25.25,0.012,Tôi
1.0,1.0,1.0,1.0,1888.0,100.12,-72.37,24.62,0.01,Tôi
1.0,0.0,1.0,0.0,1889.0,100.44,-72.62,24.5,0.01,Tôi
1.0,1.0,1.0,1.0,1889.0,100.69,-72.69,24.5,0.009,Tôi
1.0,1.0,0.0,1.0,1888.0,100.44,-72.44,24.12,0.004,Tôi
2.0,2.0,0.0,1.0,1889.0,100.25,-72.44,24.06,0.002,Tôi
1.0,1.0,1.0,2.0,1888.0,100.56,-72.62,23.75,0.001,Tôi
0.0,0.0,1.0,0.0,1889.0,100.69,-72.69,23.31,0.002,Tôi
1.0,1.0,1.0,2.0,1889.0,100.56,-72.56,23.06,0.002,Tôi
-1.0,1.0,1.0,1.0,1889.0,100.62,-72.5,23.12,0.004,Tôi
2.0,2.0,1.0,1.0,1888.0,100.56,-72.5,23.06,0.003,Tôi
2.0,1.0,1.0,-1.0,1888.0,100.62,-72.69,23.0,0.003,Tôi
2.0,0.0,1.0,1.0,1888.0,100.69,-72.69,22.81,0.005,Tôi
2.0,1.0,2.0,2.0,1889.0,100.69,-72.69,22.75,0.08,Tôi
1.0,1.0,1.0,0.0,1888.0,100.56,-72.5,22.5,0.094,Tôi
1.0,1.0,1.0,2.0,1888.0,100.44,-72.5,22.75,0.129,Tôi
1.0,-1.0,1.0,1.0,1888.0,100.37,-72.44,22.69,0.118,Tôi
2.0,1.0,0.0,1.0,1888.0,100.31,-72.37,22.69,0.003,Tôi
-1.0,0.0,2.0,1.0,1888.0,100.31,-72.31,22.56,0.089,Tôi
2.0,1.0,2.0,1.0,1888.0,99.81,-72.06,22.69,0.117,Tôi
3.0,1.0,1.0,0.0,1889.0,99.5,-71.87,22.62,0.009,Tôi
-1.0,2.0,2.0,0.0,1889.0,99.44,-71.75,22.69,0.071,Tôi
-1.0,2.0,1.0,1.0,1889.0,99.5,-71.56,22.31,0.085,Tôi
1.0098182875014992,2.029551389531799,-0.0033771682621343,2.0155647133625982,1889.032382549069,100.69561694751552,-72.53744169289885,25.07167870294424,0.0129247967355531,Tôi
2.004522810636582,0.0022038897517449,0.0066644785867889,0.9873302650151372,1888.0047773884323,100.3092445105465,-72.31405922289656,25.16668584833204,0.1189961991252232,Tôi
1.006868984098,1.936549090915041,2.005932245711583,0.0033489397799961,1888.979239461212,100.42567973455772,-72.36169262234698,25.26711429235591,-0.0098283360548762,Tôi
1.0141345233894627,1.0233176873465566,1.0025395668655082,1.0147450500793016,0.0,100.11318850240974,-72.35803954797751,24.612899954769794,0.0088090462166109,Tôi
0.9991547708088376,0.0174115354976468,0.9910414297982122,-0.0026634661030715,1889.0124403877328,0.0,-72.63897751564929,24.49873717565811,0.0219716771615438,Tôi
1.0013665082895675,0.9903549420566266,0.982135857494687,1.00174988042104,0.0,0.0,-72.67392422554461,24.49972781534136,-0.0028636830254226,Tôi
0.9990694611480356,0.0,-0.0115751685105839,0.9639757759214582,1888.0216497851368,100.46708854792487,-72.48175181722277,24.090928399434144,-0.0165756612113468,Tôi
2.021093903649281,2.027160611233425,-0.0141612157756366,1.0228805652361226,1888.9863543255456,100.23897366136303,-72.44258810626427,24.061934455512112,-0.0185847027415531,Tôi
0.9867929648216944,1.0020348719215713,0.9960426788045212,1.9647000833178527,1888.0216161061048,100.52126014145072,-72.58878998070543,23.74534938736347,-0.0,Tôi
-0.0107509426768468,-0.0053295393666667,0.9982191525855222,-0.0131928414888552,1889.0206667342347,100.69164813828436,-72.72194747603004,23.32814375792896,0.0,Tôi
1.0105860253204075,0.9879674305755308,1.0137349498326464,2.0015083500211177,1889.0199711379544,100.5521810052614,-72.57261583108428,23.032813320627515,0.036006970029746,Tôi
-1.0128836578613831,1.00581272847225,0.9793195374953536,0.0,1889.01148766648,100.60968915713482,-72.51795824972375,23.11256402733753,-0.0,Tôi
1.995797054410364,1.987245353936627,0.983985251259562,1.040033791140384,1888.0005154847377,0.0,-72.48659894410297,23.058108535476684,0.0271552195791772,Tôi
1.9896085286884264,0.0,0.9871274772442584,-0.0,1888.038058951544,100.59945884240156,-72.70664682424848,23.00597774407948,-0.0236397571516125,Tôi
0.0,0.0059670738556531,0.0,1.025170196499383,1887.98657752764,100.68794996828282,-72.6723065921306,22.818209490196296,-0.0266177028195032,Tôi
2.002176650699207,1.0030065468496907,0.0,1.987962423020964,1888.9766336509003,100.65148986344384,-72.70344746420562,22.738806992044903,0.08307076285106,Tôi
0.990444038499724,0.9788027342156396,1.0010297885225088,0.0052264682070915,1888.0116124841927,100.55964734935198,-72.48332398953238,22.48583232015768,0.0806904567983119,Tôi
0.960841181140792,1.031753476523179,1.001241818659972,1.9965353279328364,0.0,100.4680566267516,-72.5211140166793,22.773649107922875,0.1409014890410056,Tôi
1.0036460604233286,-0.9797372553325384,0.9951600214592284,1.0028413659243147,1887.9876636196807,100.39268762907132,-72.46088376834142,22.661424863187328,0.0,Tôi
2.0052846399358253,1.0058074670300248,0.021455851438887,1.0122504278841833,1888.00438890788,100.3118810250133,-72.37330283283563,22.686684954410616,-0.0075800026746128,Tôi
-1.0024804958562117,0.0224549593811526,2.030849487082888,0.0,0.0,100.33310269486743,-72.33132426471975,22.544765841613312,0.0959244281839005,Tôi
0.0,0.9930211199844836,2.004530578866988,0.964123478513536,1888.0201791217448,99.82769285610296,-72.05266872528831,0.0,0.0867892970391505,Tôi
0.0,1.0003009068965658,0.9922260150988608,0.0,1889.0067769751383,99.57290432971551,-71.85504773327925,22.61722192701098,0.0224391982360359,Tôi
-1.0207760206918577,1.99974470616682,1.979093510028323,0.0102103286288137,1889.0039896803648,99.45549842199635,-71.77041426908576,22.65894131791188,0.0693779060066071,Tôi
-0.9597057339424492,0.0,0.984765503043974,0.9778480833569282,1889.005990556492,99.52688754803282,-71.54467015348678,22.312432385554573,0.0,Tôi
1.032439843784171,2.0160803234214817,0.0,1.9734848807032368,1888.993949921895,100.68129730640108,-72.5745474489827,25.04860883928393,-0.0038645513118389,Tôi
0.0,-0.0198822841327611,0.0011003345314178,1.0308274744871082,1887.9962217868813,100.32662857705536,-72.33480488245293,25.20767748382721,0.0892376500854375,Tôi
0.9920080378869506,0.0,2.01409543009931,-0.0287543227961206,1888.977910094959,100.45927119300175,-72.3167865605061,25.25693331455837,0.0275609669195677,Tôi
1.0067951801136827,1.0398651624684572,0.9725103297607318,1.0026966825908106,1887.9748029249856,0.0,-72.34621530204235,24.64212879087842,0.0264413570655523,Tôi
0.9782143956131082,0.0,1.0385774965944774,-0.0165493096497234,1888.996093593585,100.44196010503396,-72.63335963304091,24.5247340868394,0.0174246359948861,Tôi
0.0,0.9889147084271452,1.0059555400134053,0.9995033468763088,1888.9736920161968,100.65533442667385,-72.68748646275081,24.48750424744792,0.0019794702758794,Tôi
0.9879667987100178,0.0,0.0061518458304449,0.9831394667348744,1887.954198267594,100.4287905055154,-72.43333014796411,24.112391671661808,0.0035391875283376,Tôi
1.971383242215449,1.9708122782784647,0.0111345421381658,1.025122976804512,1889.0125444780188,0.0,-72.43852512226388,24.010785324703413,0.0002467463732569,Tôi
1.0158201093198742,0.9704236991868448,1.011951903127923,2.0045042758928786,1888.000747799463,100.57013492143346,-72.61472849307575,23.743737422238983,0.0040156859190638,Tôi
-0.0167230343948589,-0.0,1.0325309562163767,0.0202208339367265,1888.990370598197,100.6759745912686,-72.71867877380483,23.311322782582856,-0.0213241975469467,Tôi
0.0,1.0264240216568152,0.9883576066631088,2.0198235181607096,1888.9995525257343,100.53022150698544,-0.0,23.067548525854896,0.0564711756995327,Tôi
-1.015980116663015,1.0078647255442386,1.0031469148687828,0.9749887347466502,1889.033379143489,100.61998025699543,-72.51285465442278,23.13830643030567,0.0326615684257392,Tôi
1.993497592860982,1.9698778760298128,1.0059831038711224,1.007750484037097,1888.0397948844484,100.55102784638936,-72.5174418289889,0.0,-0.0108112606455192,Tôi
2.000153363745829,1.0184875621113108,0.9952220108002514,-0.9869092990983888,1887.9934013835127,100.63192734602926,-72.68269721877446,22.99972115766948,-0.0064722556573303,Tôi
1.9899289887209368,-0.0035703821471103,1.0067283537615055,0.984524327149258,1887.9856568040768,100.67917512690714,-72.68708526403688,22.814628716677404,-0.0424014275144199,Tôi
1.9769619868199173,1.0291783315523824,2.004507742285475,2.0017280112567706,1889.0110388326816,100.69479933427596,-72.70263139620569,22.76275565869682,0.0797698786378103,Tôi
0.9996831644183696,0.9843976488200415,1.0140688215291456,-0.0010012005045366,1887.9787563058203,100.59487299065034,-0.0,22.520177843257645,0.0818662230186497,Tôi
0.9904013931002962,0.9811870026071736,0.9937270144033588,0.0,1887.9981476572352,100.40212764703452,-72.52764748055391,22.71358796413481,0.153279388009273,Tôi
0.952300110525892,-0.9972071721088118,0.9693155213534564,1.0213578859577013,1887.9796062729808,100.36012135591838,-72.48370167852289,22.6762401799024,0.1686323842819838,Tôi
2.0057024379941706,0.986702703109455,-0.0080899885009835,1.0049184939259637,1887.9785946656723,100.31810398800675,-72.40025698947457,22.66223978598464,0.0129938206533521,Tôi
-1.0068650842812306,-0.0220074208119279,0.0,0.9536956137882862,1888.009341680659,100.3166217854818,-72.3194356975501,22.57641028809379,0.1025983193596419,Tôi
2.0141212471542245,0.9753373078548856,1.9893547936338365,0.0,1887.985242277132,99.81174668894924,-72.05970688211329,0.0,0.1304472644952193,Tôi
3.0208845529404416,1.001908739231684,1.0182922417810294,0.0302864024100454,1888.985727537124,99.52025740634552,-71.88836240856313,22.607410807144365,-0.0124782435964777,Tôi
-1.0165242830862642,2.012881610746293,2.011180304694408,0.0255615857370421,1888.993553235152,99.4171784178251,-71.72614897396633,22.71471897715173,0.055097162424363,Tôi
-0.9924283945286022,2.002535429151004,0.9756936626414808,0.99930964242104,1889.003037171392,99.46741853108092,-71.58279496350617,22.31666747565749,0.0788784410782622,Tôi
1.0008280258573272,2.0016560517146544,0.0,2.0016560517146544,1890.564140844491,100.77337392357428,-72.62008155620767,25.080750327984617,0.0220182165688611,Tôi
2.0016560517146544,0.0,0.0,1.0008280258573272,1889.5633128186337,100.39305927374848,-72.36987454974333,25.21085797134608,0.1130935669218779,Tôi
1.0008280258573272,2.0016560517146544,2.0016560517146544,0.0,1890.564140844491,100.52316691710996,-72.42992423129478,25.27090765289752,0.0120099363102879,Tôi
1.0008280258573272,1.0008280258573272,1.0008280258573272,1.0008280258573272,1889.5633128186337,100.2029019488356,-72.42992423129478,24.6403859966074,0.0100082802585732,Tôi
1.0008280258573272,0.0,1.0008280258573272,0.0,1890.564140844491,100.52316691710996,-72.68013123775911,24.52028663350452,0.0100082802585732,Tôi
1.0008280258573272,1.0008280258573272,1.0008280258573272,1.0008280258573272,1890.564140844491,100.77337392357428,-72.7501891995691,24.52028663350452,0.0090074522327159,Tôi
1.0008280258573272,1.0008280258573272,0.0,1.0008280258573272,1889.5633128186337,100.52316691710996,-72.49998219310478,24.13997198367873,0.0040033121034293,Tôi
2.0016560517146544,2.0016560517146544,0.0,1.0008280258573272,1890.564140844491,100.33300959219706,-72.49998219310478,24.07992230212729,0.0020016560517146,Tôi
1.0008280258573272,1.0008280258573272,1.0008280258573272,2.0016560517146544,1889.5633128186337,100.64326628021284,-72.68013123775911,23.76966561411152,0.0010008280258573,Tôi
0.0,0.0,1.0008280258573272,0.0,1890.564140844491,100.77337392357428,-72.7501891995691,23.329301282734296,0.0020016560517146,Tôi
1.0008280258573272,1.0008280258573272,1.0008280258573272,2.0016560517146544,1890.564140844491,100.64326628021284,-72.62008155620767,23.079094276269963,0.0020016560517146,Tôi
-1.0008280258573272,1.0008280258573272,1.0008280258573272,1.0008280258573272,1890.564140844491,100.70331596176428,-72.56003187465622,23.139143957821407,0.0040033121034293,Tôi
2.0016560517146544,2.0016560517146544,1.0008280258573272,1.0008280258573272,1889.5633128186337,100.64326628021284,-72.56003187465622,23.079094276269963,0.0030024840775719,Tôi
2.0016560517146544,1.0008280258573272,1.0008280258573272,-1.0008280258573272,1889.5633128186337,100.70331596176428,-72.7501891995691,23.01904459471853,0.0030024840775719,Tôi
2.0016560517146544,0.0,1.0008280258573272,1.0008280258573272,1889.5633128186337,100.77337392357428,-72.7501891995691,22.82888726980564,0.0050041401292866,Tôi
2.0016560517146544,1.0008280258573272,2.0016560517146544,2.0016560517146544,1890.564140844491,100.77337392357428,-72.7501891995691,22.7688375882542,0.0800662420685861,Tôi
1.0008280258573272,1.0008280258573272,1.0008280258573272,0.0,1889.5633128186337,100.64326628021284,-72.56003187465622,22.518630581789864,0.0940778344305887,Tôi
1.0008280258573272,1.0008280258573272,1.0008280258573272,2.0016560517146544,1889.5633128186337,100.52316691710996,-72.56003187465622,22.7688375882542,0.1291068153355952,Tôi
1.0008280258573272,-1.0008280258573272,1.0008280258573272,1.0008280258573272,1889.5633128186337,100.45310895529994,-72.49998219310478,22.70878790670276,0.1180977070511646,Tôi
2.0016560517146544,1.0008280258573272,0.0,1.0008280258573272,1889.5633128186337,100.39305927374848,-72.42992423129478,22.70878790670276,0.0030024840775719,Tôi
-1.0008280258573272,0.0,2.0016560517146544,1.0008280258573272,1889.5633128186337,100.39305927374848,-72.36987454974333,22.5786802633413,0.0890736943013021,Tôi
2.0016560517146544,1.0008280258573272,2.0016560517146544,1.0008280258573272,1889.5633128186337,99.89264526081983,-72.11966754327901,22.70878790670276,0.1170968790253072,Tôi
3.0024840775719817,1.0008280258573272,1.0008280258573272,0.0,1890.564140844491,99.58238857280406,-71.92951021836612,22.63872994489274,0.0090074522327159,Tôi
-1.0008280258573272,2.0016560517146544,2.0016560517146544,0.0,1890.564140844491,99.52233889125262,-71.80941085526322,22.70878790670276,0.0710587898358702,Tôi
-1.0008280258573272,2.0016560517146544,1.0008280258573272,1.0008280258573272,1890.564140844491,99.58238857280406,-71.61925353035033,22.32847325687697,0.0850703821978728,Tôi
1.0249956355427068,2.044253717905704,0.027314401965974,2.039861314035597,1932.064027905668,0.0,-74.19670583301412,25.630591642794013,-0.0017794879327786,Tôi
0.0,0.0124607655419922,0.0209529534007508,1.0255734724377692,1931.106175018792,102.57826410090593,-73.94176871704542,25.78612654879452,0.1433113107037623,Tôi
1.0587553502019844,2.0657261556570123,2.061533321452225,0.0010825567034619,1932.068799461936,102.73542726738246,-0.0,25.79068046695298,0.0205702785029407,Tôi
0.0,1.0256686829380697,1.0401641286431524,1.0229890228096348,0.0,102.39165221496754,-74.0094632102661,25.18080418346675,-0.027720042664963,Tôi
1.0277910157517012,-0.046599987800057,0.9973254399626348,0.0,1932.0677724682512,102.71607178952596,-74.28023708834716,25.0375633529024,0.0014550848441737,Tôi
1.0234314468215695,0.0,1.0280259191224466,1.0219286455216705,1932.054759029896,102.9805350451134,-74.34806417054715,25.03657037270636,-0.0103737351206742,Tôi
1.0489699126478498,1.0171575165406994,0.0099131276567308,1.0008497770888494,1931.0734358797024,102.72284525630316,-74.10061837231746,0.0,0.0025905383840798,Tôi
2.0338558266550293,2.02245204700244,-0.0073939389134416,1.0269811214940194,1932.104502030256,102.5710927768263,-74.06904440701838,24.607737937756536,0.0268870474084648,Tôi
0.0,1.0177361522128818,1.0558831610117514,2.0333517277223683,1931.060189581617,102.888682028896,-0.0,24.27825249569783,-0.0224560203567678,Tôi
-0.0015053178487629,0.0015896361465772,1.006205943330346,0.0578298720693991,1932.078620533611,103.00405104093458,-0.0,23.875435747379875,0.0020252950188494,Tôi
1.023952161240128,1.0164566637160266,1.0753339575362613,2.039476188553556,1932.0491140599768,102.78593566313802,-74.22531470214182,23.564378674576545,-0.055930087365758,Tôi
-1.0069249452777576,1.02756266524149,1.042614621868306,1.0289540437110891,0.0,102.90567009938836,-74.12989075575386,23.67293978558217,0.030292453717734,Tôi
2.0172909986300374,2.0648528243644177,1.0407050792717571,1.0159534729775972,0.0,102.87822213369256,-74.1653934730991,23.60738921101253,-0.0107776240609548,Tôi
2.038011612691121,1.024713655096681,1.0269262047671643,-1.0538651331732145,1931.0934725080613,102.89453593782208,-74.32976301025471,23.5296510015838,-0.0033359393244049,Tôi
2.016165899353033,-0.0191154788784798,1.030711025554692,1.027792886102534,1931.0585251736013,102.9701927463408,-74.3820382870707,0.0,0.02018554800186,Tôi
2.072493363787252,1.0139909155133455,2.0848552654911643,2.0251851671514145,0.0,102.96604795251557,-74.31268450402071,23.306218644123167,0.0590445925455106,Tôi
1.0495402175035102,1.0002224142731837,1.0327288811194213,0.0060627666829013,1931.064164566012,102.89997279536227,-74.15972354980659,0.0,0.0,Tôi
1.051178088688964,1.0616642711655602,1.0537402178265334,2.024867886951161,1931.092627660458,102.73152698753049,-0.0,23.26171216356276,0.1650338567252248,Tôi
1.0214864326660829,-0.0,1.0215696563504342,1.013184415995011,1931.0636142766075,102.64705606073608,-74.11948851285716,23.21682288860996,0.1184792540561176,Tôi
2.034001458889352,1.0647618737544038,0.0266822061027925,1.0442595168782636,0.0,102.62236990839187,-74.02683466303623,23.19328088632708,-0.0052608896837068,Tôi
-1.034039579474608,0.0,2.0429818651981777,1.0314760539364969,1931.026913797272,102.63873515591004,-73.982122092511,23.080855780805763,0.1288170451787346,Tôi
2.041066230669048,1.0219688360252048,2.03741602280384,0.9623367901367796,1931.0663969235648,0.0,-73.67266673102004,23.211191766186577,0.1017421662543094,Tôi
3.0856733008443755,0.0,0.9919844639204924,0.034349097382116,1932.071753134848,0.0,-73.50339710059342,23.16250454671185,-0.0394285509718216,Tôi
-1.021103787910758,2.080888550635595,2.054627272118026,-0.0096238557167289,0.0,101.74025373372795,-73.40698840412492,23.20964833893504,0.0822554916106537,Tôi
-1.0259185105809363,0.0,1.0444677713479489,0.0,1932.0691268165967,101.79788962102236,-73.19717489474395,0.0,0.0968519994491775,Tôi
1.0,1.0,1.0,0.0,1888.0,99.44,-71.37,22.19,0.003,Tôi
1.0,1.0,1.0,1.0,1889.0,99.62,-71.25,21.87,0.006,Tôi
1.0,0.0,2.0,1.0,1889.0,99.62,-71.25,22.0,0.005,Tôi
1.0,2.0,2.0,1.0,1888.0,99.5,-71.31,22.75,0.004,Tôi
2.0,1.0,2.0,2.0,1888.0,99.56,-71.31,22.81,0.003,Tôi
1.0,1.0,0.0,1.0,1889.0,98.69,-70.5,23.81,0.003,Tôi
1.0,1.0,2.0,1.0,1888.0,97.12,-60.44,30.12,0.003,Tôi
1.0,1.0,1.0,0.0,1888.0,94.94,-37.56,38.31,0.002,Tôi
1.0,1.0,1.0,1.0,1888.0,97.94,-25.44,34.81,0.002,Tôi
0.0,0.0,1.0,2.0,1889.0,102.12,-15.13,27.81,0.004,Tôi
1.0,1.0,1.0,0.0,1889.0,103.69,-10.75,19.25,0.004,Tôi
-1.0,2.0,1.0,2.0,1888.0,103.0,-10.06,15.31,0.004,Tôi
1.0,1.0,-1.0,1.0,1888.0,104.81,-10.31,17.81,0.005,Tôi
2.0,0.0,3.0,2.0,1888.0,104.81,-17.69,20.37,0.004,Tôi
0.0,1.0,0.0,2.0,1888.0,102.87,-24.5,19.87,0.003,Tôi
1.0,1.0,2.0,1.0,1888.0,105.19,-31.69,21.5,0.003,Tôi
0.0,2.0,2.0,1.0,1888.0,107.37,-34.75,22.87,0.003,Tôi
2.0,1.0,1.0,1.0,1889.0,106.37,-35.81,22.81,0.003,Tôi
1.0,-1.0,2.0,0.0,1889.0,105.62,-38.0,20.56,0.003,Tôi
1.0,1.0,1.0,0.0,1888.0,106.31,-41.0,17.31,0.003,Tôi
0.0,1.0,0.0,1.0,1889.0,107.12,-42.75,16.87,0.004,Tôi
-1.0,2.0,0.0,3.0,1888.0,108.0,-43.5,16.87,0.004,Tôi
0.0,0.0,3.0,1.0,1889.0,107.81,-43.13,18.81,0.004,Tôi
0.0,1.0,0.0,1.0,1889.0,106.06,-42.69,21.37,0.004,Tôi
1.0,2.0,1.0,465.0,1888.0,103.94,-42.75,23.94,0.005,Tôi
0.9928867863848638,1.0014252873889893,1.0238193853209865,-0.0301094179656956,1905.6110211282328,100.3445169099508,-72.03809043244429,22.366530590702,-0.0139596804135224,Tôi
1.015000203502587,1.0245632997785692,1.0264103563530855,0.9976691761527932,1906.5962619206607,100.5056585201218,-71.89097922602562,22.08716531086451,0.0105390902506336,Tôi
1.008951886073304,-0.0109858921933573,1.9950990272324145,1.0033870827322946,1906.602199932321,100.54470056604828,-71.93186406916962,22.18896578202532,0.0049349138976921,Tôi
1.0252350033226747,2.0154354458940005,2.031424178795024,1.0138631405497365,1905.5770626895423,100.40827950935068,-71.97339391559323,22.94546699804692,0.0560037128925107,Tôi
2.01217324362818,1.0138225931213982,2.031162959252467,2.0263329184783374,1905.5543974040745,100.4534098207306,-71.99586687284393,22.985369455050108,0.017163398354531,Tôi
0.992728436266942,1.0086959636102284,-0.0272762861547371,0.9958253444534116,1906.616023515155,99.60538519609504,-71.15213202165603,24.030346737667177,-0.0343391610664058,Tôi
1.0102353584490278,1.0030732256951715,2.014685244817765,1.0121467545815628,1905.577717672946,98.03459305181944,-61.01642270035274,30.38377807458716,0.0320801871147161,Tôi
1.0104479576822647,1.0370681273527418,1.0174724030725524,0.0023751511856911,1905.5818638997664,95.78985071196644,-37.92632852309946,38.6735571497308,0.0118092050021915,Tôi
1.0014520185412925,0.9847697500449945,1.0255696886064076,1.049135877626931,1905.5445279323733,98.86009978980957,-25.65469222295837,35.129767411384414,0.0169175567259191,Tôi
-0.0106035658293929,0.0179981228105978,0.9986516347401898,2.0116671285501617,1906.60617510342,103.09364547957006,-15.25319947454452,28.062223964514523,0.0519468524250367,Tôi
1.0049286389596157,0.9853223367162168,1.0068874229362736,0.0461731131904023,1906.598264857924,104.63625320316844,-10.873486346080984,19.399114882155487,0.0004803051087407,Tôi
-1.019102223713887,2.016967839083032,0.9760124039732722,2.0116070660386103,1905.6351845403549,103.97323666267148,-10.12450040760001,15.437878918483568,0.0060026463331026,Tôi
0.9740031662074043,1.0006615140691617,-1.0061979011764857,1.001898347082809,1905.600488473967,105.81997410912057,-10.423035569386274,17.984770898204637,0.0359760984243084,Tôi
2.0462564208220457,-0.0038148883213521,3.037675608295924,2.014958957207177,1905.591442574896,105.79729561763406,-17.847000033573813,20.60006055483837,-0.0222979930547542,Tôi
-0.0191043474203291,0.9840216857693804,0.0052193758587575,2.039727510422606,1905.5496975139645,103.83312439181802,-24.75805442065773,20.050094961942342,-0.0115212661552373,Tôi
0.9992088687975904,0.977288253441426,2.008576923522277,1.0213867045567164,1905.57502322608,106.1843607968919,-31.99187793610909,21.690917648097727,-0.0247674134772962,Tôi
0.0033223471807499,1.9937373182331712,2.0129771165335804,1.020539596787541,1905.594876178132,108.36995745331916,-35.050329558234225,23.104468750446216,-0.0040212032757552,Tôi
2.017726092423404,1.0019736041197411,0.98241692392464,1.003110497467928,1906.6079575735728,107.34368221472688,-36.14811116561508,23.00405246690488,0.0015974273813496,Tôi
1.0011056835106342,-1.0472945590946745,2.055667340032984,0.0153566358028022,1906.577724452617,106.562596165428,-38.31228827576288,20.70237087600364,0.0102511041283765,Tôi
0.9738736776644422,0.9475716618307232,0.9860545876390482,0.0048511975501642,1905.5652361997084,107.31024724509425,-41.37882090448143,17.482651116545536,0.0145378686397161,Tôi
0.0021405648852106,1.0077068389548318,-0.0135730338209537,0.9924932824507384,1906.583778757212,108.11072313991866,-43.12969129928366,17.04049591840148,-0.0144576692463771,Tôi
-1.0045531584044054,1.9961005986507985,0.0044306405580462,3.046338429932926,1905.5782908297988,109.01889282657037,-43.914235712531,17.025229478556657,0.0275343457036561,Tôi
0.0068920417517385,-0.0451435113862448,3.031305098933171,1.0244813312974657,1906.5895143153969,108.84682395286602,-43.4892653583827,19.01698115570488,0.0262093924485173,Tôi
-0.0092057567797772,0.983922840456289,0.0259061761488056,0.9892471552466748,1906.5581056248184,107.0131417722382,-43.0876980629524,21.59031462613368,0.0094629740078323,Tôi
1.013393772422541,2.0421949840580984,1.023552521747482,469.3030962678482,1905.585876522487,104.96225927611982,-43.13100077859705,24.192324405001457,-0.0135539797315061,Tôi
0.9668880569827816,0.995497684265399,1.00160645875547,-0.0142387027745642,1867.6771988369776,0.0,-70.61395604765812,21.97005771143269,-0.0078189350179074,Tôi
0.9796565491769448,0.9906784218114336,0.9925403574312344,0.982445138558722,1868.6585334841595,98.55229575547898,-70.4670510050502,21.62355822393313,0.0109702944283565,Tôi
0.9709806619780316,-0.0,1.9519714854429384,0.971568049698738,1868.625341973992,98.5426157693094,-70.49221792634347,21.77657651153113,0.0061548216835223,Tôi
1.0170717166682812,1.937985929427584,1.9968547218794908,0.9584945853804948,1867.6464976947152,98.43260341766066,-70.54070240170543,22.49838005149004,-0.0401468773866942,Tôi
2.00648984591677,0.9785808830098188,1.991587387185279,2.0007933431948337,1867.646216886588,0.0,-0.0,22.562875980034864,-0.0270358023038718,Tôi
0.0,1.0084040103258072,0.0222248185143544,0.9898700180612112,1868.6416486454184,97.6540596411673,-69.74520985214137,23.545783456962347,-0.0240257891538789,Tôi
0.9592016227431182,0.9839282578301976,2.000425615737457,0.9983388127462612,1867.656317038111,96.075821508826,-59.78803702002266,29.78633674303236,-0.0358676272643518,Tôi
0.9982320397107176,1.010180804182229,0.9430673692381482,0.0488246078293591,1867.6096351191368,93.9251386534071,-37.17002650185589,37.905732183710775,0.0124208318792095,Tôi
0.9572150561207784,1.0082168576319837,0.9907631081619976,1.0078369129625433,1867.638790649532,96.86133164565996,-25.179365702530937,34.4296780406286,0.0384054685996475,Tôi
-0.0240879460444437,-0.0136387459518326,0.961854145336152,1.994414755400112,1868.6044592957967,101.01857895290216,-15.000963757237994,27.493306022053456,0.0256687774113588,Tôi
0.9977751702474166,0.0,1.0066676194984514,0.0180384164811718,1868.6033150970595,102.55626934742614,-10.599985355473766,19.03871332907297,0.0153396803482984,Tôi
-0.9997198395496664,0.0,0.9959654789926068,2.0082616100712083,1867.6615338624013,101.92186988392278,-9.931485387566262,15.116727067390574,0.0121880749344929,Tôi
0.9876638547528472,1.0130401080567888,-0.980661106253499,0.9908115376502028,1867.6519720925223,103.6801745908956,-10.174313200360109,0.0,0.0137273745832736,Tôi
1.9627999886204115,-0.0150896161844472,2.9733656237924384,0.0,1867.6393522885803,103.66906832698156,-17.484349482929535,20.164760296718896,-0.0209425719916056,Tôi
-0.0283319521195595,0.9929961313393428,0.0278096011095261,1.9703812651743176,1867.631185386396,101.76445615892356,-24.20992662979723,19.6712128591248,-0.0040968566106483,Tôi
1.021511435145892,0.9652561395003684,1.972947556559924,0.9624374054872484,1867.6231058724384,104.05544883690064,-31.35706638103189,21.282633759214004,-0.0183910281008224,Tôi
0.0013393215564878,1.9912871624582795,1.997146762091972,0.967677167317297,1867.6547777480323,106.21772688900514,-34.37678528047862,22.652588321487027,0.0184099203941872,Tôi
0.0,0.0,0.9985112198104604,0.9550338168796448,1868.6714484426025,105.24370734920194,-35.40577302732381,22.55235164987689,0.0004643224782708,Tôi
0.9873407670101638,-1.008894001293812,1.977998734850826,0.0234651405753897,1868.64417191344,104.51390387024895,-0.0,20.30363256671375,0.011656209230484,Tôi
0.9713482464438928,0.0,1.0319360833057225,0.018047784280259,1867.6524752549265,0.0,-0.0,17.115180192473886,-0.0046604169412469,Tôi
0.0284207454597625,1.021482158006804,-0.0174746008502301,0.9862517423215832,1868.6477424433083,105.99796306860551,-0.0,16.702528134630203,0.0053340946454507,Tôi
-0.959681009854216,1.9602725158725,0.0058730657226098,2.9489652559065704,1867.6548514156573,106.82040658678406,-0.0,16.680649447226134,0.0,Tôi
-0.0060819860461855,-0.0291122842585456,2.988437992976702,0.9504456122036088,1868.6163511877708,106.65910814204544,-42.68137519678895,18.592421148091248,0.0197376625310468,Tôi
-0.0142688667691236,1.0087868692958295,-0.0,1.0039588064070335,1868.6269737642915,104.90106418418306,-42.23124065174179,21.15321785101145,0.0276114599306588,Tôi
0.964669528184928,1.9478183676726328,1.027527215576012,459.9966968390536,1867.659451340961,102.83731630400972,-42.27251382213422,23.68588689672645,-0.0314161455560897,Tôi
1.0332447752760203,0.9921441341471766,0.967182823976897,-0.0275025899815801,1888.0237770892625,99.44136899917105,-71.36867425921085,22.18701061495393,-0.0242899098988921,Tôi
0.9900072691082874,0.991247584340495,0.9815189947690418,0.9929766049853036,1889.008637596662,99.64612382455792,-71.25594181280628,21.85532111450136,-0.000143681769862,Tôi
1.0337499290804697,-0.0071173692200544,2.007785842225428,0.9816840689863282,1889.0127187235869,99.62362304885944,-71.22469283386903,21.994357461748923,0.0058277155659058,Tôi
0.9939361637854048,1.9676089050394567,1.9963791840796383,1.0052887240092174,1887.9668659392148,99.49667513773332,-71.31406120646594,22.72813830076366,-0.0028049817534602,Tôi
2.0117402269403173,1.005777138324673,1.974528433917449,2.022145951163516,1888.035866191341,99.54644754448503,-71.27833465735347,22.827238117357908,0.0199203042296853,Tôi
1.0060694096135807,1.0247119880622848,0.0055357744606694,1.0113761896030593,1889.013712360781,98.69188263172968,-70.47492885417336,23.811991224710404,-0.0124795502112147,Tôi
1.023985418283898,1.0459432778368043,2.0340220351627543,0.9966387976752984,1887.9783218255743,97.14190574921764,-60.42489651616667,30.123029407035983,-0.0165757551302812,Tôi
1.023743917984437,1.005586119327548,1.0110381023319917,0.021807757230414,1887.9786127288053,94.95092458101796,-37.5385581639632,38.28316262394246,-0.0015125084900036,Tôi
1.0247939743885452,1.0154312322615144,0.98095147880516,1.000161460101998,1888.0360905260045,97.92165107081992,-25.48392647027677,34.781073038850074,-0.0103453588090427,Tôi
0.0345125286186477,0.0069173714925566,0.9971348839118982,2.013663149136572,1889.0266334238493,102.16079318399424,-15.136957154751332,27.83744982923209,0.0046651468112085,Tôi
1.003947880425215,1.005321536644625,0.9783504272634248,-0.0109674326157592,1888.996493905066,103.66781045435796,-10.730808363580811,19.230130512286014,0.0079023009889714,Tôi
-1.0084325174386275,2.034824823315465,1.0005489184308551,1.9844629102392108,1887.9901878164585,102.9777505255522,-10.04546532354529,15.32033406404229,0.0441266272204073,Tôi
0.9844260419466466,0.9944216092428768,-1.0349366884637077,1.00781650678466,1888.0101051446725,104.7931388029576,-10.29001598386319,17.7881071082891,-0.0384445456246832,Tôi
1.9593988807863687,0.0216232125703462,2.9650834003698963,1.96289549192445,1888.016353826418,104.81196804370856,-17.71419700507615,20.402774838481417,-0.0185935931737739,Tôi
-0.0394662771178768,1.017495031580387,0.0247070608834473,1.995605926249072,1888.0164945228832,102.87797832287158,-24.53196480343213,19.84170111362215,-0.0097553735031445,Tôi
1.0044514330948664,0.9900695097108156,2.0051498707444733,0.9827191210679088,1887.9729402897333,105.2133778410944,-31.667140535386924,21.493870447535148,0.0142205400675296,Tôi
-0.0025521270435145,1.9790612738561792,2.030061483978544,0.9793299647647146,1888.0117194320865,107.36051831463848,-34.747719992773746,22.873719455275868,-0.0036752881697044,Tôi
1.97490960117624,1.024189130989149,0.9888556702820313,1.035497974865275,1889.030901256916,106.35862456751418,-35.815924237730385,22.83401870092362,0.0100972589184008,Tôi
1.0318654446978597,-0.9872773051947464,1.9801312789019911,-0.0265380317664932,1888.991635297555,105.67866807245385,-37.988797737951295,20.52570544789016,0.0156870393075472,Tôi
1.022980097366191,0.9966165364925872,1.000758839746791,-0.0296657433240901,1888.015554434481,106.33190534386436,-41.01877260603255,17.33624759808397,0.0022291165042427,Tôi
-0.0242028120055077,0.9922109638508652,0.019904973802226,1.0381448997577758,1889.011602143609,107.10334140745692,-42.754923860550505,16.846454103854295,0.0151227272149397,Tôi
-0.9892276409965068,2.0252916331748776,-0.0013372304693161,2.9649259188032056,1887.9727731945345,108.01969179383822,-43.52001294943964,16.879308441554336,0.0247331362494853,Tôi
0.0475493598890625,-0.0230430923184661,2.957563079081988,1.0048084939298136,1888.966419090295,107.82266785632348,-43.15541660504015,18.789147614132936,0.0075902964947225,Tôi
-0.0012092085067103,0.9967141100502712,-0.0084921919892903,0.9975575737669712,1888.9742886422173,106.030321889107,-42.69293635314572,21.367265361537704,0.0018122785527168,Tôi
0.9948488267213292,1.985744563184854,1.0129196794661144,464.9959686827281,1888.0026310076785,103.93196139109102,-42.73438885713615,23.927441061192145,0.0113008713762537,Tôi
0.9445409395433548,0.924051293587249,0.9184697862491836,0.009234820984272,1762.5778329524326,92.84439593982697,-66.6362513680015,20.715859822437448,0.0110652172753619,Tôi
0.94786167743955,0.9714095360129564,0.9329302294036076,0.9319836407641364,1763.4955330263026,93.02219697331635,-66.53719235357138,20.43875373899573,0.0361764866057425,Tôi
0.907964026815924,-0.0004616185121352,1.895255235811958,0.9260002524330346,1763.5057214083538,92.98761990619724,-66.53881889041399,20.49358882665476,-0.0295596761675175,Tôi
0.8936822488162228,1.8659048518186008,1.8708095428953977,0.952561792894612,1762.5703778978566,92.85867239018158,-66.57533805736274,21.275432786139536,0.0039987024816777,Tôi
1.871199889730859,0.931576595020783,1.8830381573975083,1.861393556153241,1762.5651273856158,92.94605116505906,-66.57747237438704,21.29114516097317,0.0110782277854013,Tôi
0.9412272460799386,0.9321765747048004,0.0006432447845355,0.9414560477871866,1763.4992308150534,92.15825965798192,-65.80454701509292,22.236162574941424,0.0297376181350144,Tôi
0.9236067129561084,0.9313197594374708,1.842514685577492,0.952342648605174,1762.5498539651403,90.69490107708798,-56.42090785770332,28.09982836112373,-0.0016419180551457,Tôi
0.9297663901361316,0.9227810879866476,0.952502000032316,-5.537158042379661e-05,1762.5755020986478,88.63040409596985,-35.08428634077358,35.769466546749655,-0.0245111842856986,Tôi
0.9299243424872822,0.9325512025214844,0.8794697697372013,0.9390791085592172,1762.5585422560146,91.43268258371988,-23.733634530185466,32.51929967916852,0.0190249015675636,Tôi
-0.009606137571296,-0.0069185201514963,0.9479914179170568,1.8740393398252315,1763.5270614492724,95.32201257340571,-14.099709479768572,25.96963535030945,-0.0004835284287601,Tôi
0.9583305594273496,0.9284148975800596,0.932189609192838,-0.0064233010948829,1763.5382918664177,96.81811820359783,-10.0207526777341,17.959338521278024,-0.0118447263859036,Tôi
-0.9295165921224956,1.844432007135256,0.9769307476406174,1.8683694307895933,1762.5903221042358,96.16803101635456,-9.41406598915458,14.284282937413067,0.0056634423129814,Tôi
0.9328555947806728,0.9336749659769054,-0.9399285078756124,0.9423093347009348,1762.5713142791135,97.87167305864676,-9.613295028973718,16.620720735443967,0.0003319186925037,Tôi
1.8587157796582217,-0.0160256666143623,2.776953087688625,1.872250703156462,1762.56200777782,97.8361075259606,-16.510662716126813,19.00511368824468,-0.0053834959322101,Tôi
0.0219747026608282,0.9603185312408544,0.00397989570942,1.882597274492086,1762.5626158361215,96.01697599244297,-22.87332680015036,18.54379939471277,0.0176908220941526,Tôi
0.9782772893742352,0.9243101051306272,1.8560706894533607,0.9419193391930832,1762.5812608353356,98.20420200686118,-29.63195515977776,20.04512320951384,-0.01588993398324,Tôi
0.0326090519500705,1.850293339479513,1.8646166878001456,0.9474697746884484,1762.5604862806651,100.24937724109893,-32.44470098488563,21.364438112829163,0.016846069032262,Tôi
1.8735643694590995,0.9172593250558534,0.977368573687428,0.927031982752107,1763.505659821869,99.34651385951094,-33.4329010682783,21.30232024377129,0.0043049901906555,Tôi
0.9511264834229108,-0.9527565003764016,1.8589740535954995,0.0259384756288832,1763.5088287191104,98.5910131479323,-35.478766365994844,19.17851971228217,-0.0313452629008457,Tôi
0.9142653391738426,0.9272858954130896,0.9476931353605896,-0.0064550934961867,1762.5454423870435,99.2234704492446,-38.24925978237808,16.140191145411816,-0.0413502904361072,Tôi
0.0306730204175793,0.9151738184451228,0.0106486029193496,0.9202334327543612,1763.4967238741067,99.97744338397084,-39.90648728639073,15.76746895069297,-0.0027543432050554,Tôi
-0.9342597056748826,1.870312440389135,-0.0121458224323052,2.8107229226124955,1762.5528473116176,100.81928086136378,-40.63137913412552,15.738166075306442,0.0119405330081922,Tôi
0.0091007884194265,0.0042746786062994,2.8209624515867144,0.9059276459901812,1763.5227335301315,100.64142984184956,-40.28499938015577,17.588330646143255,0.0116090100026675,Tôi
0.0154085173837677,0.9501429215180296,-0.0184953220399808,0.9089801438269758,1763.4862311066338,99.03281743444236,-39.85564679059494,19.965764988378808,-0.0034207107043941,Tôi
0.8996518562256381,1.8378287445667696,0.9433506043734656,434.1038258634212,1762.588893445427,97.0161669108584,-39.90839822517016,22.36222133201501,-0.0008409958659245,Tôi
2.0,1.0,2.0,1.0,1888.0,100.12,-42.81,29.69,0.115,Tôi
3.0,2.0,2.0,2.0,1889.0,93.44,-51.31,34.5,0.003,Tôi
1.0,1.0,-1.0,1.0,1889.0,91.75,-60.69,29.31,0.033,Tôi
0.0,1.0,1.0,1.0,1888.0,88.87,-71.81,20.0,0.009,Tôi
1.0,1.0,0.0,1.0,1888.0,88.5,-78.75,9.69,0.007,Tôi
2.0,1.0,0.0,1.0,1888.0,91.75,-74.87,10.25,0.007,Tôi
1.0,1.0,1.0,1.0,1889.0,92.25,-74.5,14.19,0.007,Tôi
0.0,1.0,0.0,1.0,1888.0,92.81,-65.31,31.12,0.004,Tôi
0.0,1.0,2.0,1.0,1888.0,79.62,-42.75,54.0,0.005,Tôi
377.0,625.0,3535.0,1.0,1888.0,68.31,-27.37,73.31,0.006,Tôi
3419.0,2455.0,9102.0,2.0,1888.0,64.31,-17.5,91.5,0.005,Tôi
3422.0,4353.0,8377.0,1.0,1936.0,63.56,-12.19,110.62,0.009,Tôi
4355.0,4365.0,8329.0,1.0,2096.0,69.06,-8.0,128.06,0.004,Tôi
4636.0,4519.0,8667.0,1.0,2144.0,101.19,3.19,130.5,0.004,Tôi
3962.0,4075.0,9099.0,129.0,2176.0,135.0,15.0,131.37,0.002,Tôi
3045.0,4227.0,9161.0,2.0,2177.0,164.69,25.81,129.5,0.003,Tôi
3119.0,4130.0,9022.0,63.0,2145.0,194.12,40.44,117.81,0.003,Tôi
1998.0,4015.0,8301.0,56.0,2128.0,218.5,51.69,92.69,0.005,Tôi
2154.0,3819.0,7761.0,33.0,2144.0,226.25,42.5,59.38,0.01,Tôi
2383.0,3848.0,7584.0,1.0,2113.0,232.25,28.94,46.13,0.008,Tôi
2633.0,3694.0,7625.0,188.0,2129.0,240.62,19.5,40.75,0.005,Tôi
1637.0,3902.0,7808.0,759.0,2113.0,241.62,14.0,37.69,0.003,Tôi
1523.0,3697.0,7168.0,356.0,2113.0,239.62,16.69,36.81,0.004,Tôi
1509.0,3571.0,7339.0,319.0,2113.0,241.25,21.12,38.69,0.006,Tôi
1442.0,3571.0,5881.0,1.0,2128.0,246.56,19.19,38.69,0.005,Tôi
1.973899115542766,0.9901969351368252,1.9957558608559751,1.0451786932804337,1888.002356089124,100.07662136652804,-42.80888589654037,29.70386152266037,0.1261918078791143,Tôi
3.012338624709754,2.0283390986111622,0.0,1.9775484699797723,1889.0121624279084,93.45416669072472,-51.31417754284605,34.523227368541406,-0.0083206543042713,Tôi
0.9944411432159572,0.9715937144603816,-1.0080277176372523,1.0187159916756188,1889.0083692290664,91.76204417254556,-60.73469059732371,29.30454089565145,0.0360872546130569,Tôi
-0.0046759452157692,1.0200006788186982,0.0,0.9737408410867928,1887.988720942055,88.86983183946751,-71.79994551702165,20.0004418346598,0.0092186220762393,Tôi
1.0169733822266187,0.9982742541349648,0.0,1.016081689270571,0.0,88.4707083562384,-78.7550790961561,9.689845171770743,0.007932987050819,Tôi
2.0314095307423057,1.0195853293265589,-0.0008387483784637,1.0013778099529096,1888.047336608901,91.7451385408412,-0.0,0.0,0.0187200650780284,Tôi
1.0091208025741525,0.9738465494714048,1.0108926243549272,0.9628298074511058,0.0,92.29834284744145,-0.0,14.178439506064365,0.0566570895438855,Tôi
0.0,0.9887165295520516,-0.0190807814518905,0.9764204056192638,1888.0071566488768,92.8311818653306,-65.28696381272563,31.127686786320407,0.0064972010353498,Tôi
-0.0117417740760107,0.9792020989622572,2.015712671858953,1.0185858338857023,1887.963738148217,0.0,-42.736523482831,53.98736979491868,0.0117795701714207,Tôi
377.0207229619312,625.0104401229554,3535.0078297731525,1.0011717988234683,1887.9948955364264,68.29805969963186,-27.37175603233065,73.30601245619104,0.0175299404861014,Tôi
3419.036649990221,2455.0073908644417,9102.010848493135,2.0261182869013794,1888.0253393972205,64.29790789189747,-17.494023421676612,91.49321975548987,-0.0,Tôi
3422.002986823982,0.0,0.0,1.017226050622046,1936.00258770936,63.56125941561989,-12.214559337108604,110.64332793677674,0.0250907061362375,Tôi
4354.947397087853,4365.019432195845,8329.01325256798,0.9987019960977724,2095.973919150988,69.06482250812365,-8.017548557848182,128.05903959591902,-0.0162462017908877,Tôi
4636.015548933372,4518.990464797736,0.0,0.9900728504843646,2143.98828187416,101.16361481465825,3.199372295486933,130.5016821422698,0.0201740441910305,Tôi
3962.002025594044,4074.997704032201,9098.992478040742,128.99729637079062,2176.006695014119,135.00337726084632,14.9933602717756,131.36991462095878,0.0249432727382011,Tôi
3044.992765991629,4226.981132262039,9161.00070215639,1.9940730712801225,0.0,0.0,25.784922418126737,129.4935139649123,0.0006243265973732,Tôi
3119.0077062620303,4130.01042856477,0.0,63.00764951134528,2144.9852932463778,194.13222942124915,40.42385965809043,117.80660661916906,-0.0034828386176928,Tôi
1998.0242203080247,4014.989520936161,8300.984296092493,56.00707436731122,2127.9930237963667,0.0,51.69208469824052,92.68736071877731,0.0,Tôi
2153.97654732328,3819.0029098980895,7761.027995038519,33.012700084243185,2144.019515295501,226.2614492018287,42.50168070590895,59.402206757524766,0.0359999490536868,Tôi
2383.00045736478,3848.016055744651,7584.007785498255,0.9939543256891658,2113.010094278408,232.26802152507065,28.925905031313288,46.13155457593707,-0.0213401048810752,Tôi
2632.995588061788,3693.997092389941,7625.000718108363,188.00509882164576,2129.0282845995134,0.0,0.0,40.73719555952399,-0.0148214962446776,Tôi
1636.98864296204,0.0,7808.0168800853635,759.0214006287928,2112.99543794692,241.63959870962816,13.986344804594308,37.67961042454094,0.0003368191792254,Tôi
1522.981629648663,3696.998736037368,7167.990524469004,355.9889141504842,2113.0007966961875,239.602580422612,16.677350646322374,36.80745017945693,0.0293115037779496,Tôi
1508.9554972165467,3570.990341180927,7338.98661655479,319.0404804502019,2113.0218190373043,241.2634102961992,21.14235878136065,38.711519477830855,-0.047534541644193,Tôi
1442.0102278932245,3571.0029206215127,5881.038176252882,0.9958835520534188,2127.981710604352,246.59465827646704,19.196504214838395,38.686203112879554,-0.0120954399735356,Tôi
-0.0290293961350684,0.9826540928696544,0.97693536029638,0.992835232605572,1887.9928147283167,88.84692754532084,-71.79486682827253,20.007244150685736,0.0152517654533987,Tôi
1.0189716845743528,1.004829603610442,0.0067237658007531,0.9612752992975864,1887.984354489988,88.54735285728522,-78.74326019701263,9.730109764672362,0.0040488894902452,Tôi
2.0068302992382208,0.9819730579632068,-0.0260586255506531,0.9834582169090044,1887.9964442917712,91.74614788664572,-74.9061730602585,10.229584622401129,0.0410369827309829,Tôi
0.9833114505463536,0.997726152605153,0.9898396975270158,1.0149365384426496,1888.9984271763403,92.2627936640106,-74.49069407944393,14.2021735336387,0.001036153837938,Tôi
-0.0021417571675933,1.0032750063539857,-0.0212046995119322,0.992407162445111,1888.0374601478973,92.79534659937524,-65.36587328217647,31.1122817872378,-0.0205770795397106,Tôi
0.0194052020866542,0.9941101574585473,2.0429773924842816,1.001188593944281,1888.005682597936,79.5863249153682,-42.75569239109063,54.01384522918241,0.0032700443789295,Tôi
376.9918256714536,625.0203552583032,3535.0342133594995,0.9966304224460087,1887.98970726609,68.35312489324672,-27.365518822244617,73.32071590456576,-0.0358985761632074,Tôi
3418.9475380316867,2454.994600098232,9101.982386291444,2.012165131726012,1887.9897516384613,64.30124949396081,-17.50753880800196,91.51061070438372,0.0080645140061128,Tôi
3421.98933935538,4352.9920551175965,8376.99751124716,1.0073017525237915,1935.9859241319773,63.55270221270813,-12.185426614383932,110.63940501927593,0.0418331326996842,Tôi
4355.0219376592095,4364.982625853733,8328.989289480267,0.9909064069122292,2095.980688225281,69.05466681048777,-8.005263569650326,128.03866234098422,0.0167331966884893,Tôi
4635.986258882847,4518.987384455792,8666.995753644365,0.9984579843378744,2144.010593185213,101.20802453367088,3.1758170234625096,130.50761725937636,0.0160380454222426,Tôi
3961.994606426773,4074.9928209608606,9098.984183256292,128.97175901335254,2176.018653215871,135.00902278916985,14.977078842581871,131.377782537917,-0.0025546932289126,Tôi
3044.9968473370805,4227.006696360927,9161.034424338395,1.9957988584869368,2177.001420395706,164.69064925241554,25.80718008751185,129.46086222864903,0.0117934374327564,Tôi
3119.0247030984824,4130.006982660512,9022.01749453358,62.97487475839578,2145.0031616567435,194.10567535884783,40.43434581362183,117.79511268362566,-0.0023847847905264,Tôi
1997.989995195179,4015.023491454252,8300.999254039236,56.02796986930122,2128.022809303379,218.49973334013475,51.70388873193483,92.71498287387786,0.0221575615370504,Tôi
2153.9860029691795,3818.994136815576,7760.968910962087,32.985358572903365,2144.034679180807,226.2300447483874,42.460787957840274,59.364152110130426,0.024432587852307,Tôi
2382.986163527813,3848.0030813507656,7583.992976615283,0.9921181518113672,2112.9908981568383,232.2734984949263,28.958790081522604,46.1107656333082,0.0119944845658016,Tôi
2633.014243147006,3694.010687214497,7625.028944820213,188.00651506094508,2129.006595947395,240.62788880759769,19.519239883549844,40.72187847258408,0.0305119487112778,Tôi
1636.994086437262,3902.014302360848,7807.991660112077,759.0358078915654,2112.9775597970524,241.6226873047464,14.001501358083596,37.67424164895496,0.0114227058281565,Tôi
1523.0320347221186,3696.995701001416,7168.008456084064,356.01402257688363,2113.005137916414,239.62143789227608,16.704771394738795,36.769504227765296,-0.0129502758475318,Tôi
1508.9949430757663,3570.9723370970287,7339.038009342951,319.0260684763233,2112.9691384591783,241.2121670031993,21.146177603733232,38.654800499162114,0.0170552629702948,Tôi
1441.9990788440514,3570.959047668676,5881.0368035474885,1.0090126439270406,2127.994434330027,246.5377295101739,19.18791556089235,38.68713008457181,0.0132191620781051,Tôi
2.0034193095761426,1.026368983427127,2.004657749865294,1.021557957447241,1887.9923693388823,100.1091688882928,-42.78975381247924,29.669744541302325,0.1149965604347854,Tôi
3.0104480988789,1.996200584950233,1.988762083805957,2.0105340105531484,1889.022166809305,93.45023533778308,-51.30757529259412,34.48866708297196,0.0007995941139211,Tôi
1.0222481449527356,0.9909550320621514,-1.0350590482971556,0.9949056620652068,1889.0065923197783,91.74485008888294,-60.671857865220886,29.332051627090696,0.0026484602362292,Tôi
1.979985034163069,1.0705632577224735,2.006896592954569,1.0096742278091433,1888.026603281794,100.09061959329668,-42.851470042104914,29.68575786654868,0.0879536296918335,Tôi
2.974251424902904,1.951708211596525,1.9721258206041887,2.0267063166900106,1888.981565683977,93.42184709884326,-51.27930338524562,34.50329939116808,-0.0094705956842641,Tôi
0.9627020466442188,1.0141198393903137,-0.9996724150676763,1.005037795409515,1889.0252679612424,91.73655630603118,-60.69962471350657,29.31264311848556,-0.0266215182730796,Tôi
-0.0113533164637178,1.001511850780351,1.0215216312459363,0.9836915572664728,1888.011039655508,88.85696415857352,-71.81150214573539,19.975694544065444,0.0248315353517125,Tôi
0.9404440998079204,0.9842795056180542,-0.0306637688283327,1.0217462798143124,1888.0228684609715,88.53185642958249,-78.74516720127365,9.66798340038406,0.0216524521615345,Tôi
1.9698980581831007,0.9809626140942812,-0.0102755861377681,0.977068984291482,1888.018771242737,91.76330762779624,-74.84086011308241,10.252096220573184,-0.002798565947601,Tôi
0.9885384085689376,0.9855450102576704,0.996892232917848,0.9829638612113146,1889.02062322248,92.24566110554028,-74.49860447607614,14.223812115598715,0.0139140275504085,Tôi
0.017637249601992,1.0237904602074914,-0.0428904631981251,1.0091916786216202,1887.998538477168,92.8156212532519,-65.33973167582508,31.140659374697503,-0.0076483930403702,Tôi
-0.0133326862550974,0.9977858560247368,1.991971144592217,0.936254996863468,1887.953857559744,79.63182271988337,-42.76291505212535,54.0072415375268,0.0006854673454745,Tôi
376.9990566981306,624.9906047911383,3535.0100500966664,1.0336012190570458,1888.0132926509807,68.30018411619956,-27.380280596350847,73.30988846971975,0.0163065235698848,Tôi
3419.0206823629887,2454.976720980509,9101.988502633068,1.98330876087259,1888.010975297365,64.31403629337353,-17.49003519528954,91.48851761271132,-0.0086810420277884,Tôi
3421.956696560196,4352.988927175967,8377.004334654437,0.9888837175373008,1936.0195758388588,63.5414435135486,-12.171834489257527,110.62905734604566,0.0316948548176245,Tôi
4354.972776576914,4364.958755953292,8328.998601615081,1.001737160578002,2095.990323742616,69.06030441689873,-7.98855652655256,128.07633602719022,-0.0332741604559202,Tôi
4635.999085189472,4519.048670331302,8666.9808159221,1.010480701971875,2143.9793489984204,101.21021813760164,3.208141042749754,130.50479674451668,0.006297079652237,Tôi
3961.982027715024,4075.007162012657,9098.994526632754,129.01299739017915,2176.0105015624263,134.9639195584248,14.977335068529245,131.3840621280153,0.02375749285054,Tôi
3044.978652781861,4226.985725764042,9161.00971344711,1.9947630243462235,2177.0509632773046,164.68345915400616,25.833453958601847,129.49307613920752,0.009468142629517,Tôi
3119.0219096127817,4130.013395000614,9022.008532211725,63.00699743356537,2145.001460410698,194.0912958571436,40.44467463510675,117.80585111298475,-0.0001592253015384,Tôi
1998.009995316872,4015.001117663211,8301.024427824334,55.99968632321399,2128.01528671711,218.5001493689368,51.67618777167299,92.66492028695616,-0.0215543571507568,Tôi
2154.018767084493,3818.995707520424,7761.013738090876,33.01734853255742,2143.917501154308,226.2197726515974,42.51026427802401,59.37106813720595,-0.0200614480684965,Tôi
2382.999957433397,3848.010915966137,7584.051307147297,1.017310343710527,2112.992250208474,232.25825609930305,28.950221703581605,46.130710635337415,-0.0147894922168543,Tôi
2632.9979874905302,3694.026097488988,7625.015829372541,188.00108739012063,2129.0070437744644,240.62447382184612,19.50824285112289,40.78072743284255,0.0065482447347612,Tôi
1636.961148770495,3902.0433738095294,7807.9923090421935,759.03413180096,2112.9858457770224,241.6215711873237,13.981423241994056,37.70200580697664,0.011023471843452,Tôi
1523.018998186967,3697.009090385795,7167.9740011939775,355.9965610050369,2112.9925399637964,239.66019728011955,16.68785896232244,36.81869024193032,0.0100015809292439,Tôi
1509.0183445722778,3570.9848016996884,7339.01169142117,319.0076019391024,2112.98706327049,241.26192873241385,21.12428179436967,38.70903467195956,0.0146789925978742,Tôi
1441.99906707663,3571.012121712365,5880.991453327556,0.975328946411164,2128.035395052417,246.5583498397411,19.20563114787481,38.68641870882062,0.0061916959732228,Tôi
2.898964520165472,1.9464497651883448,1.9389899934211443,1.9359026953692136,1824.6697596602608,90.26206222297355,-49.56944347323936,33.3545054344476,-0.0047714684710834,Tôi
0.9571481572229352,0.928945514299488,-0.9624420004855307,0.933111841592369,1824.6540576497264,88.60567425300134,-58.641936121701846,28.279866613034496,0.0658359665997093,Tôi
-0.0085337132551774,0.9325450421895578,0.9592664519341574,0.9469186628878176,1823.653260093391,85.82363208294483,-69.38181997991204,19.357231731381248,-0.0187264400626717,Tôi
0.9482142470622884,0.969163461411063,0.012700042899721,0.9680500141354038,1823.7119421530167,85.50378770389986,-76.08016070241017,9.348282504171507,-0.010289571054529,Tôi
1.9268975606033016,1.0016055968486175,0.0212318765706612,0.9518643725608542,1823.7047219356089,88.65148825590552,-72.33239157873022,9.905642884441342,0.0267542694666253,Tôi
0.979810051243876,0.9547612405683742,0.916621567304786,0.9555454671291372,1824.654967763803,89.11912378193313,-71.93963826057092,13.706836070818548,0.0319973323555363,Tôi
0.0325373699302233,0.949624662705934,0.0093970232379428,0.9841500522187387,1823.6298615180688,89.63420894324878,-63.11338515732178,30.050826328859063,-0.0528859256948684,Tôi
0.0248613429970301,0.9910322518262656,1.922262056791014,0.9730907270475292,1823.657968657872,76.91145850206856,-41.28542452766063,52.158013758759175,-0.0247332910612009,Tôi
364.11278475828783,603.7137095036788,3414.544866694722,0.9492221631614672,1823.6645072865304,65.97885032643174,-26.44782434210568,70.78714769971513,0.0042318892291945,Tôi
3302.4876415081103,2371.3363454356786,8791.841694662233,1.9206369792431748,1823.668401947942,62.1037323581439,-16.882970445213985,88.4045978827508,-0.0233609198337291,Tôi
3305.381416926432,4204.641333193542,8091.511849197342,0.991637095592248,1870.008546000236,61.41184909177919,-11.779774494560913,106.8339847139247,0.0123730695332448,Tôi
4206.59027415591,4216.274047810135,8045.147273812293,0.963007117352046,2024.561894303797,66.69873200966643,-7.761480155003956,123.70141172015111,0.0111075431886155,Tôi
4478.03441212728,4364.993319129504,8371.601354339557,0.9604426798512696,2070.9332958262216,97.74823324293348,3.050579118000324,126.07142102663822,0.0250315340356138,Tôi
3826.981351517063,3936.136202039503,8788.948217319843,124.61192437957034,2101.86970682658,130.40993351612187,14.472315039764473,126.86172163561636,-0.0020593027247721,Tôi
2941.2553649430456,4082.996657308816,8848.78602680398,1.910595058887809,2102.7892092820543,159.08677484036215,24.90773597288816,125.0765591956304,0.0020731985674303,Tôi
3012.703885371364,3989.261029351091,8714.508849053134,60.84343628201419,2071.868085040925,187.5303794206264,39.06536926010751,113.80655014603958,-0.0151100145828281,Tôi
1929.9232894818488,3878.157786708856,8018.112700519997,54.08086485032047,2055.4523881353434,211.03689474651355,49.9109145195354,89.53643243694191,-0.0002280426758243,Tôi
2080.6097862507463,3688.8367634705432,7496.524326073182,31.86710298001445,2070.934995679463,218.52960549436204,41.02106015288117,57.3478246304708,0.0327860925582691,Tôi
2301.782260370702,3716.870079520407,7325.530300812916,0.9657253789422664,2041.0053511751044,224.33599766201604,27.94265220119607,44.5889468737649,-0.011627633950333,Tôi
2543.2854324085088,3568.0896170367014,7365.171367838453,181.59860870006992,2056.4385113739627,232.4051889251959,18.85883403412217,39.331027926065566,0.0060606558317199,Tôi
1581.2303618862609,3769.024624792457,7541.942349328751,733.1187810507931,2041.0353268602948,233.4115109399201,13.5137584123256,36.40705002787192,-0.0024262013216746,Tôi
1471.10720544275,3570.988535184348,6923.7138933507895,343.88271576399745,2041.0059123714568,231.4344239352412,16.08914022688945,35.58753710581284,0.0278336600313581,Tôi
1457.557038287782,3449.343332923412,7088.935412268103,308.1839450193749,2041.008478246228,233.04003228283813,20.35407329576216,37.35739130184325,-0.0018369351653383,Tôi
1392.869655269707,3449.326075819908,5680.57947936853,0.9649231553734702,2055.452375782751,238.13925318658053,18.570281295436665,37.35044410134466,0.0031147147824882,Tôi
1.935615154707849,0.9866522901709786,1.940062187880999,0.947822396314997,1823.6733046450024,96.72030284257843,-41.34407782288656,28.657111722774403,0.0978657455828769,Tôi
1240.0,3836.0,4967.0,747.0,2112.0,249.25,21.69,39.19,0.004,Tôi
1428.0,3521.0,5619.0,284.0,2112.0,248.06,26.19,40.06,0.003,Tôi
1700.0,3710.0,5519.0,332.0,2112.0,244.25,27.87,41.06,0.003,Tôi
1407.0,3998.0,4891.0,2.0,2128.0,248.19,24.5,40.69,0.008,Tôi
1556.0,3999.0,4818.0,415.0,2112.0,245.75,23.56,39.38,0.003,Tôi
1439.0,3923.0,4917.0,102.0,2112.0,242.81,26.94,40.56,0.004,Tôi
1441.0,3906.0,4791.0,19.0,2112.0,241.69,29.12,42.38,0.07,Tôi
1599.0,4082.0,4548.0,548.0,2112.0,245.87,27.12,42.06,0.185,Tôi
1450.0,4207.0,4179.0,9.0,2081.0,244.12,27.19,41.31,0.107,Tôi
714.0,4103.0,4144.0,1.0,1969.0,228.12,31.87,41.19,0.103,Tôi
2.0,4167.0,5129.0,1.0,2001.0,192.37,34.38,44.44,0.084,Tôi
0.0,4158.0,4393.0,1.0,1968.0,152.87,31.56,28.31,0.085,Tôi
1.0,4307.0,4173.0,1.0,1968.0,125.5,29.31,18.0,0.03,Tôi
1.0,2731.0,3838.0,1.0,1889.0,111.62,11.69,20.0,0.006,Tôi
1.0,1803.0,710.0,3.0,1889.0,101.25,-9.75,16.31,0.107,Tôi
16.0,2.0,0.0,1.0,1888.0,94.87,-29.62,13.81,0.064,Tôi
1.0,1.0,60.0,1.0,1888.0,90.25,-55.25,17.87,0.031,Tôi
1.0,1.0,9.0,2.0,1888.0,90.31,-68.0,19.12,0.071,Tôi
1.0,2.0,21.0,0.0,1888.0,95.75,-79.81,45.19,0.142,Tôi
2.0,2.0,2.0,1.0,1888.0,98.12,-81.94,67.25,0.073,Tôi
1.0,1.0,1.0,1.0,1888.0,92.75,-77.19,39.81,0.005,Tôi
1.0,1.0,2.0,1.0,1888.0,93.0,-75.5,32.81,0.044,Tôi
1.0,1.0,1.0,1.0,1889.0,93.62,-76.12,36.5,0.12,Tôi
1.0,0.0,2.0,2.0,1888.0,91.0,-76.75,49.25,0.005,Tôi
0.0,3.0,1.0,1.0,1888.0,90.75,-77.25,43.06,0.005,Tôi
1239.9955955127325,3836.005391502036,4967.006219058354,746.9780784843717,2112.0030974979463,249.2653439651285,21.69614039929225,39.18778189317239,0.0271845567906045,Tôi
1428.001020867572,3520.997109567065,5619.021122195293,283.97808232897563,2112.0142742714183,248.07634816238,26.17597156427784,40.059666576533,-0.0027610412697542,Tôi
1700.014108119587,3709.993380609577,5519.013860748188,331.9506242341502,2111.969520324392,244.24062082650025,27.89637898517976,41.06411768722286,0.0039597910539514,Tôi
1406.9781010039294,3997.9889518147625,4891.015035970213,2.008678338643642,2127.9973654433247,248.2225608857937,24.51810673768835,40.6708568704626,0.0522667295208259,Tôi
1555.990289271965,3999.011678167944,4818.002963942811,414.9516899919336,2112.005954843792,245.76911422601523,23.56189494367944,39.35325410194032,0.0031327376264629,Tôi
1439.0247119677997,3922.996245018,4916.97742734864,101.99386811380845,2112.0034717857257,242.7799527968247,26.944155280563244,40.56657722285782,-0.00342099253221,Tôi
1441.014779725849,3906.0548084515767,4790.9852227864085,18.98780190992041,2111.9714853926084,241.6899413309364,29.13342124337084,42.379338173151744,0.0675786551402326,Tôi
1599.0149495649955,4082.058266329894,4547.993182618724,548.0207100904265,2112.0446608233688,245.8613496249424,27.121289012996964,42.07403718933138,0.1588893647636408,Tôi
1449.99174699367,4207.004116907526,4179.01210736047,9.035113717664904,2080.998133052456,244.1586151916556,27.17890278976449,41.32777539911712,0.1048296471797793,Tôi
713.9922335518523,4102.956483079052,4143.9953180268885,1.0129979859692348,1968.9992617828464,228.0951430846285,31.87649786261804,41.16899816950411,0.0970869442340892,Tôi
2.0320856525175697,4166.992495703611,5129.000660483279,1.0188423489788403,2000.964703823404,192.36219383048729,34.37374023099112,44.47344723428103,0.0897814173814559,Tôi
0.0201162452705847,4158.018461533761,4393.016969918221,0.9955487782331792,1967.9713553882848,152.88187334093212,31.54333548806822,28.26633669380888,0.0923677076984569,Tôi
0.9769251443976364,4307.010478249088,4173.012186367325,1.00329974656515,1967.9552661361363,125.51288779546232,29.304891588031545,18.01803362747557,0.0158422592338926,Tôi
1.009556478569586,2731.029027216831,3838.00138202708,1.03019575615101,1888.98210758114,111.63508995463796,11.683339750781936,20.01328047634156,0.0206078366110083,Tôi
0.991129015009739,1802.9797797678823,710.0203829053576,2.986773844287572,1889.010534808016,101.22709959547495,-9.756516179672296,16.33287308331402,0.1168615803766363,Tôi
15.999438203744209,1.968877777111376,-0.0169776595753897,0.97238017949513,1887.9871287358403,94.88320004568487,-29.60409440217109,13.846759592275127,0.046657238736749,Tôi
1.0012234089920653,1.025543462763813,59.985847918230654,1.0273825110932922,1887.9796277090045,90.2137867641268,-55.277580946626586,17.842722747878955,0.0292981657595469,Tôi
1.0191701471473684,0.9856987411440165,9.02933765038592,1.974891335654904,1887.9791301296127,90.29937021322728,-67.992644614472,19.136063712817748,0.0575582019791116,Tôi
0.9945191045386746,1.983511084174404,21.012192803235493,0.003211569381819,1887.9929376085915,95.77199794421134,-79.81722447446599,45.174081185589486,0.1563624378474239,Tôi
2.0129575735728973,2.010793706199802,2.0337053326832226,1.0362054749557914,1888.025845723663,98.1307792433404,-81.92615070869459,67.2506478636797,0.0685970966281439,Tôi
1.0182720577266775,0.9813431170763413,0.950217299190112,1.009306613636229,1888.04297575718,92.77642904902244,-77.14944946184771,39.7991351084201,-0.0136807661363434,Tôi
0.9834549436391988,0.9479050188958046,2.0250809546226742,1.0296996942458323,1887.987769109253,93.0068068751638,-75.45670422461586,32.811988520448246,0.0582194089918785,Tôi
1.020079423291885,0.9907499144179682,0.9731042603454706,1.0388147489275914,1888.9840343174424,93.62227845427152,-76.11541996542556,36.50726850937851,0.1268256832742227,Tôi
0.9765503540762974,-0.0331235395901061,2.0052865310127697,1.999420893533418,1887.995204332179,91.03268219443784,-76.74762903071394,49.23823360692986,-0.0241866060548658,Tôi
-0.0170429757107672,2.988833512446681,0.9804769184867148,1.0266893250646072,1887.989455671008,90.7496390782128,-77.2561837567701,43.053873949337785,-0.012376091497547,Tôi
1.0116599895892635,-0.0077999233280583,1.990389970659283,2.0313969040817006,1887.9934108655068,90.99798142497654,-76.75355589218412,49.23517711967431,-0.0061595074984776,Tôi
-0.0057893069967787,3.019986491335399,1.009044352557482,1.00578441760306,1888.0164867243773,90.77602190579738,-77.21330771007113,43.0545118192294,0.0165529124257869,Tôi
1240.0093734765078,3835.992152210986,4967.025912808843,747.0151601700851,2112.0272813153206,249.24136161393668,21.66889081149627,39.182773852719606,0.0030228947474883,Tôi
1428.0243485312062,3521.009484292572,5619.01811232153,284.00015463485187,2112.045534434539,248.08392722433032,26.20511594475352,40.07604521988868,0.0463850560873108,Tôi
1700.044300365323,3709.9856505332527,5518.987089814247,332.0594310734016,2112.001415073442,244.23609617844485,27.85779874087981,41.0601730970498,-0.0213072254466756,Tôi
1407.0184765296524,3997.988820163352,4890.976960328223,2.027063623538789,2127.9792616273844,248.18699303342865,24.49195475110197,40.68524509932967,0.043306332917657,Tôi
1555.9897332937007,3999.0008256203455,4818.01166509309,415.00111709663474,2111.9846785115915,245.73405637019133,23.568183737152623,39.41036795159753,-0.0201610402192479,Tôi
1438.9841725221909,3923.0012472614526,4917.014627361663,102.00496482652996,2112.0185390200345,242.78249518205328,26.95635394025892,40.573216932500806,-0.0349825613974417,Tôi
1440.998444566492,3906.002115461415,4790.971233509013,19.02332379921064,2112.0067869898257,241.68292735486088,29.11843880053709,42.3544457199935,0.0693255760819145,Tôi
1598.993956352626,4082.010536000837,4547.989726282445,548.0097321984364,2112.025487323594,245.86372135763176,27.13085259050861,42.057383728720886,0.183515021377842,Tôi
1450.0120817299617,4207.019952558846,4179.001522746904,9.015268178031633,2080.994717301806,244.0945558590728,27.19587393384808,41.35996386972799,0.1163892609395094,Tôi
714.0327056682293,4103.005009811156,4143.987671838414,1.001119774907108,1968.9736372924413,228.1182436983336,31.858035714192088,41.18619296896937,0.1177261385548076,Tôi
2.030082905151872,4167.018151769801,5129.03582301408,0.9940818528136786,2001.0178643579577,192.38738775906543,34.38053489046264,44.44915951513448,0.0622480579334028,Tôi
0.0245113413466058,4157.978599207796,4392.987082605216,1.0042552563313991,1968.0008996470344,152.87507616444103,31.58666541259713,28.31182841340245,0.1080194837206224,Tôi
1.0318793152904546,4307.024168362589,4172.992380222727,1.0442299789925291,1968.038657236849,125.5157336555146,29.31223510526461,17.98992488036419,0.0415193158027822,Tôi
1.0194522048647523,2730.990326495388,3838.0188343125415,1.0108148679321092,1889.0497414678248,111.64330746682649,11.663956659549775,19.97121377404797,0.0047082926736005,Tôi
1.0039161950253324,1802.9614002804856,710.0129487823248,3.000528530734709,1889.0143219320123,101.27230506828464,-9.75966040447286,16.266705413072806,0.1139337110994984,Tôi
15.974060274852429,1.9790224489509327,0.0124712629220879,1.0238195219118191,1887.9904018695324,94.87009085406692,-29.61222034244293,13.771824254677403,0.0503484913917585,Tôi
0.9701685361679842,0.9688844588388292,60.01045351280674,0.9736022994743668,1888.0018194609816,90.23736347646334,-55.2504335030407,17.885273655229064,0.0206162682812258,Tôi
1.0290264692586832,1.0113534095121517,9.02004393084001,1.9916071321242867,1887.99189886532,90.30666300436998,-68.03281063700683,19.153986759821844,0.072767412418199,Tôi
1.0166733183921484,1.9893470341866504,20.98514100454509,0.0004313674099856,1887.97825387174,95.73889410430677,-79.7939127359613,45.188413285294544,0.1407639331217308,Tôi
1.9997583612409813,2.023842812828662,2.009109859712682,0.981033925265923,1888.001125219048,98.13525617096056,-81.95527389690852,67.2518174712614,0.0496298589113006,Tôi
0.9945863771698708,1.0149300661485832,1.0236999412691694,1.0229947129620152,1887.953561403101,92.7534238949464,-77.20150725978748,39.81688691635752,-0.0273948778802856,Tôi
1.0047962411969644,0.991692068593252,2.016574036901048,0.9981492769589894,1888.0262603178064,92.97246544699934,-75.47214980125352,32.82650390542014,0.0209868584541075,Tôi
0.989812500215233,0.9814537629314076,1.0070676283112328,0.970116304135765,1888.9537189740925,93.62877218450554,-76.06512608756374,36.49582224064295,0.1023645039035781,Tôi
0.0039689186548237,2.988040660139228,0.994658153302555,0.9705613743068384,1888.015471027159,90.76124327951536,-77.23760524919628,43.08412793854615,-2.995282823306262e-05,Tôi
1239.9910050349554,3836.0073824641713,4966.984466986037,746.9871470488176,2111.998089673375,249.21292941408748,21.72476271595968,39.198056789525744,-0.0070660131576685,Tôi
1427.9815432780335,3521.000516271092,5619.016409573895,284.01704634091715,2111.984400664452,248.0822742818766,26.148928336718114,40.07954807119391,0.0366836459853716,Tôi
1699.974467427988,3710.0213120123663,5518.976689098708,331.9852545322103,2112.0029398773786,244.26864316497608,27.844776017063104,41.07588899810224,-0.0109480068065075,Tôi
1406.9710989143932,3998.008020774319,4891.007318662689,2.0023876612320546,2128.0209572669023,248.17251136240512,24.4930395886904,40.67581555520762,-0.0136110788988957,Tôi
1556.0075116599828,3998.973401111759,4817.982986079835,414.9847242650463,2112.007890506534,245.7395908186616,23.587944071321623,39.36459042354319,-0.0043276455021186,Tôi
1439.0127639192278,3922.981132834997,4916.974631216404,101.98655594848674,2111.972717966092,242.8310203005702,26.942208851624105,40.5596033996475,-0.0148085354243022,Tôi
1440.981148929346,3905.98700778022,4791.014054297809,18.979690011303543,2112.01952854002,241.69533982101976,29.13382472726758,42.41356553269976,0.0864392087416441,Tôi
1599.0151611572614,4081.968193254953,4548.006014800222,548.0299190375111,2112.002948353714,245.83782729496576,27.137705776963355,42.074734702079205,0.1859598258891048,Tôi
1450.0016779690843,4207.028298056169,4179.015247530345,8.972133891922775,2080.9846277065344,244.0888775912852,27.19967143574361,41.296425920726215,0.0673188016826036,Tôi
713.9661804656242,4103.000986453516,4144.008030054265,0.9945946391560572,1968.968201427411,228.1303905140885,31.86310756941184,41.17545755206391,0.1064504720940628,Tôi
1.984230659678678,4166.98170705903,5128.991452692449,0.9861694443799316,2001.006894716483,192.32441575785035,34.357158782051606,44.45249498931418,0.0796617363994364,Tôi
0.018577480539273,4157.9990340497725,4392.968044181186,0.9946652473576733,1968.0108915649053,152.8637147275484,31.57457319077005,28.30380435831728,0.085903094518057,Tôi
1.0251697519005518,4306.990457290374,4173.0078452026655,0.9966935918172946,1967.9857357816995,125.51417492483942,29.29466439239188,18.010893795810887,0.0383639281375351,Tôi
0.9975828188747404,2730.986505913461,3838.042048157082,1.0032117892208487,1888.994455587536,111.61196967229309,11.652734001287076,20.015757726830085,-0.0141483944625224,Tôi
1.0167380672082549,1802.989745952853,710.0148319803595,2.987232570559681,1889.0329289682911,101.28701371247756,-9.775667285435423,16.336304940145,0.1170803571322785,Tôi
16.014460218939238,2.012090628168744,-0.0076719988911147,1.0061956257409936,1888.01515885994,94.84024461631724,-29.602964032645925,13.783889760575317,0.056607336535423,Tôi
1.007230707843527,0.9737444350652248,59.97266792607875,0.99710046666517,1888.0049263133017,90.28121604063226,-55.262219091659055,17.86450969304331,0.0109964830005138,Tôi
1.0080606345542191,0.973478805005541,9.019172027744297,1.985137196550438,1888.0194129534896,90.29804117361456,-68.00593262269962,19.10164260415501,0.0952131630701737,Tôi
0.9986262270532664,2.0192557924432832,20.973280045348773,0.0017876493403709,1887.9922327324864,95.79628853969164,-79.80819906228825,45.179652082542304,0.125517281018368,Tôi
1.9978483052973977,2.019077331133309,1.9727851279296336,1.017230234269284,1888.0135092596784,98.10736255046042,-81.9460951802179,67.2581688526425,0.0970575468298101,Tôi
0.9404532350913144,0.9808871688141768,1.007220306737632,1.0145443459300674,1887.9990272120108,92.74847373972156,-77.21316638846332,39.85454695526405,-0.0129489415278913,Tôi
0.9877104510349632,1.0329554574505282,2.0064105788739504,0.9641125301272092,1887.982305155472,92.97979200831637,-75.49548046052476,32.81309181346298,0.0625591717090718,Tôi
0.9991514222521078,1.0104596643209245,0.9860617260917748,0.9748545926139576,1888.96604885902,93.64433800949942,-76.14295721093094,36.502113124809966,0.1172587471060862,Tôi
1.0330930174541857,-0.0003546343228811,1.993330866186513,1.9961826037717845,1887.949520856407,90.96495164506116,-76.74169772545487,49.2454774298686,-0.0124135146535098,Tôi
1266.588928913097,3918.252359917528,5073.537104826893,763.0462238248649,2157.2480405629994,254.6135640085264,22.15838450532865,40.01998161625264,0.0224641218478402,Tôi
1458.6218800758768,3596.4484815490405,5739.456999541794,290.0565664497847,2157.2554225014865,253.390493288148,26.78337915905709,40.90763620901103,-0.0230003246495675,Tôi
1736.4151844777407,3789.541209186244,5637.267100379628,339.1158193335496,2157.2817669940937,249.48610857472423,28.469629315370096,41.91468623161676,-0.0238696242790993,Tôi
1437.165598209157,4083.66815539021,4995.850392513012,2.060799103553808,2173.5956212559927,253.5159504481199,25.0161176665004,41.56017958290835,-0.0092612025811536,Tôi
1589.3503790154043,4084.722290391612,4921.273086731219,423.9120414783404,2157.258988669292,251.00934629428912,24.05716380862368,40.235579998586445,-0.0099229473753173,Tôi
1469.8628356917586,4007.093437025278,5022.398064819435,104.174872978121,2157.2751644120067,247.9914317539542,27.519678058051696,41.45081592964347,0.0161681619832193,Tôi
1471.9092266477403,3989.717132472223,4893.737635744632,19.4179204562836,2157.2902431780576,246.87431481381023,29.691447306116544,43.29728439014783,0.0816124246690855,Tôi
1633.2672725934408,4169.531805048583,4645.499561181274,559.7286832807258,2157.315389713746,251.13491851399667,27.70563081722506,42.97591766758435,0.1916652278495528,Tôi
1481.0661778132924,4297.20054534487,4268.5990451581965,9.205776690359958,2125.584638673446,249.3602911354153,27.75080170009866,42.19878562484186,0.139173621708678,Tôi
729.2869396541671,4190.975819491559,4232.792486944978,1.028750564129694,2011.239427446972,233.0149316107532,32.56320731973325,42.06638868271634,0.0776980784945949,Tôi
2.081681009999381,4256.3319619778,5238.952158381833,0.9617283397013804,2043.889896061235,196.5382178707333,35.11186997581214,45.395828433516456,0.0990323229317435,Tôi
-0.0125514252013583,4247.139357770647,4487.121667181439,0.9755933375462936,2010.2066800809584,156.1448587498098,32.20178884085908,28.953835999497365,0.0914131358165713,Tôi
1.0162861134404697,4399.360695743842,4262.455315634816,1.0118646501173454,2010.198173404931,128.21084855286688,29.954566521489056,18.413410861979223,0.0824135888135588,Tôi
1.0381845505648366,2789.570522470265,3920.306119898551,1.0308711981827487,1929.532931495796,114.0010747549058,11.943696474689876,20.4343706438754,-0.0197060653777845,Tôi
0.9775040620249256,1841.722774428329,725.1941997656818,3.058471161168145,1929.4813190069249,103.43467863370408,-9.965581192627694,16.633195286353278,0.1148231115362523,Tôi
16.351263192193457,1.9970978296468445,-0.0561877629611893,1.0003970696548947,1928.4617103382752,96.91262228190078,-30.251118494461306,14.120243415476962,0.0813527220520507,Tôi
1.041590829044994,1.0532194108913826,61.27635454715098,1.0417979869144598,1928.4724701686453,92.19041271474816,-56.39943636919592,18.2369496198196,0.0469724017184631,Tôi
1.020091170690813,1.0088624652378928,9.228822772135148,2.0299707273060608,1928.466753165425,92.23161086985928,-69.45254270629354,19.549677085725587,0.0679027123975418,Tôi
1.0350639219821087,2.052218185829862,21.400030028155605,0.0221843855680458,1928.4809282287952,97.83527738118872,-81.50815061039529,46.15328894741712,0.1175408292526222,Tôi
2.0644095773293767,2.0840489869029386,2.0615391659579307,1.0220509891762148,1928.5057820071484,100.252765682533,-83.67710424526828,68.69275423522889,0.0561542058816767,Tôi
1.0744913742018467,1.0064976783196002,1.022924325475185,1.0533546767773552,1928.482635452801,94.74475864269756,-78.83924070898706,40.69974515428108,-0.0112770542834874,Tôi
1.011082014308919,1.0082625271846364,2.039700996532922,1.0343986446137454,1928.469199018528,94.96605779058098,-77.12286569620457,33.53530735755639,0.0993335420599682,Tôi
1.048190234151121,1.0216936825364846,1.0536508823202615,1.0436759254908563,1929.4708317219463,95.63469958695178,-77.75240789610072,37.27998686121585,0.125897979828587,Tôi
1.0674235867984898,-0.0173622127031274,2.047663912972281,2.0745324567363386,1928.4715744720013,92.99075681775382,-78.4086653538755,50.27927703317911,-0.000843847806743,Tôi
0.0023122524062853,3.073950768050852,1.0373075033734027,1.0268569753333168,1928.4710268933045,92.71153389965176,-78.91049674306292,43.97763691209671,-0.0249911152132628,Tôi
1.0,1.0,1.0,-1.0,1889.0,91.06,-75.94,41.69,0.006,Tôi
0.0,1.0,1.0,0.0,1888.0,89.06,-73.87,46.88,0.002,Tôi
1.0,1.0,2.0,1.0,1888.0,88.94,-72.94,48.06,0.002,Tôi
1.0,0.0,1.0,0.0,1888.0,88.62,-72.69,47.5,0.002,Tôi
0.0,1.0,0.0,0.0,1888.0,88.19,-72.0,47.69,0.002,Tôi
1.0,1.0,3.0,0.0,1888.0,88.12,-71.37,47.63,0.001,Tôi
0.0,1.0,2.0,0.0,1889.0,88.19,-71.12,46.63,0.003,Tôi
1.0,1.0,3.0,2.0,1888.0,88.06,-71.0,46.38,0.003,Tôi
1.0,1.0,2.0,0.0,1889.0,87.94,-70.81,45.88,0.002,Tôi
1.0,1.0,1.0,2.0,1889.0,88.19,-70.62,43.94,0.003,Tôi
1.0,1.0,1.0,0.0,1889.0,87.81,-70.56,43.38,0.002,Tôi
1.0,1.0,1.0,0.0,1888.0,87.62,-70.75,43.25,0.002,Tôi
2.0,0.0,2.0,2.0,1888.0,87.81,-70.5,44.19,0.001,Tôi
0.0,0.0,1.0,2.0,1889.0,87.69,-70.06,43.31,0.004,Tôi
1.0,0.0,0.0,0.0,1888.0,87.25,-70.06,42.75,0.001,Tôi
1.0,1.0,1.0,-1.0,1889.0,86.69,-70.62,42.69,0.003,Tôi
0.0,1.0,1.0,1.0,1888.0,86.69,-70.87,43.69,0.011,Tôi
1.0,1.0,1.0,0.0,1889.0,86.81,-70.19,42.94,0.001,Tôi
3.0,1.0,0.0,2.0,1888.0,86.87,-69.62,42.44,0.003,Tôi
0.0,1.0,1.0,1.0,1888.0,86.75,-70.25,42.69,0.002,Tôi
0.0,2.0,2.0,0.0,1888.0,86.81,-70.81,42.94,0.002,Tôi
2.0,0.0,0.0,0.0,1889.0,86.56,-70.06,43.31,0.003,Tôi
2.0,2.0,1.0,1.0,1888.0,86.62,-69.31,42.63,0.006,Tôi
1.0,1.0,2.0,1.0,1889.0,87.37,-69.62,42.06,0.008,Tôi
1.0,1.0,2.0,0.0,1888.0,88.56,-70.37,42.06,0.053,Tôi
1.0,1.0,1.0,-1.0,1889.0,91.06,-75.94,0.0,0.006,Tôi
0.0,1.0,1.0,0.0,1888.0,89.06,-73.87,46.88,0.002,Tôi
1.0,1.0,2.0,1.0,1888.0,88.94,-72.94,0.0,0.002,Tôi
1.0,0.0,1.0,0.0,1888.0,88.62,-72.69,47.5,0.002,Tôi
0.0,1.0,0.0,0.0,1888.0,88.19,-72.0,47.69,0.0,Tôi
1.0,0.0,3.0,0.0,1888.0,88.12,-71.37,47.63,0.001,Tôi
0.0,1.0,2.0,0.0,0.0,88.19,-71.12,46.63,0.003,Tôi
1.0,1.0,3.0,2.0,1888.0,88.06,-71.0,46.38,0.003,Tôi
1.0,1.0,2.0,0.0,1889.0,87.94,-70.81,45.88,0.002,Tôi
1.0,1.0,1.0,2.0,1889.0,0.0,-70.62,43.94,0.003,Tôi
1.0,1.0,1.0,0.0,0.0,0.0,-70.56,43.38,0.002,Tôi
1.0,1.0,1.0,0.0,1888.0,0.0,-70.75,0.0,0.002,Tôi
0.0,0.0,2.0,2.0,1888.0,87.81,-70.5,44.19,0.001,Tôi
0.0,0.0,1.0,2.0,1889.0,87.69,-70.06,43.31,0.004,Tôi
1.0,0.0,0.0,0.0,1888.0,87.25,-70.06,42.75,0.001,Tôi
1.0,1.0,1.0,-1.0,0.0,86.69,-70.62,42.69,0.003,Tôi
0.0,1.0,1.0,1.0,1888.0,86.69,-70.87,43.69,0.011,Tôi
1.0,1.0,0.0,0.0,1889.0,86.81,-70.19,42.94,0.001,Tôi
3.0,1.0,0.0,0.0,1888.0,86.87,-69.62,42.44,0.003,Tôi
0.0,1.0,0.0,1.0,1888.0,86.75,-70.25,42.69,0.002,Tôi
0.0,2.0,2.0,0.0,1888.0,86.81,-70.81,42.94,0.002,Tôi
2.0,0.0,0.0,0.0,1889.0,86.56,-70.06,43.31,0.003,Tôi
2.0,2.0,1.0,1.0,1888.0,0.0,-69.31,42.63,0.006,Tôi
1.0,1.0,2.0,1.0,1889.0,87.37,-69.62,42.06,0.008,Tôi
1.0,1.0,2.0,0.0,1888.0,88.56,-70.37,0.0,0.053,Tôi
1.0188592386332218,1.0156417467268126,0.9800562110912636,-0.98527274728225,1888.999056258224,91.09376017735136,-75.94543893637184,41.73978387454661,0.0517792612764553,Tôi
0.0038972983758182,0.9907704115151292,0.9824058423395212,-0.0139398927866089,1888.00965869704,89.05610144461514,-73.88582470662132,46.88079743306165,0.0204932722241953,Tôi
1.0207050747701023,1.015287763165966,1.9916804909669528,0.958051825914095,1888.0091969464945,88.92460242401876,-72.92475393773097,48.04895048692461,-0.0055157329379932,Tôi
1.060263907705192,0.0113194045030907,1.0243205950134946,-0.0007769735267609,1888.001749718437,88.62318743030075,-72.72094478220558,47.46287398745319,-0.0182894838219914,Tôi
0.0109958033343399,0.9949701068728204,0.0046661784823039,0.0065272603005602,1888.033102940379,88.24490317900754,-72.00257441260594,47.70594610644501,-0.0038326439209138,Tôi
0.9952687476043864,1.0338861278910871,3.013180746566643,0.0153415412250523,1888.0305156880336,88.10985880512565,-71.34003391791204,47.62722586853455,0.0125528981496143,Tôi
0.0257690921442757,1.0136247483635128,2.0147340493710817,0.0146478108227337,1889.0080857611265,88.1482444945747,-71.09357151526746,46.61930730888275,0.019313436753717,Tôi
1.005257377130144,1.0097832097554078,2.984142021684875,1.952300687968443,1887.9833259539023,88.05119130057507,-70.99592991359727,46.36922175076003,-0.0227048906734407,Tôi
0.96243592425249,1.0214607673875566,2.027048656713076,-0.0108401843010364,1888.99382924803,87.94365720659775,-70.80917233531204,45.88885666194472,0.0105692331808698,Tôi
1.0133977202217093,1.006220719834103,0.9948666983216188,2.020004253582908,1888.9882317683048,88.20850998536021,-70.61376699380895,43.91878192536615,0.0356216540448802,Tôi
1.0305369288626332,0.9966557711005009,1.0214461760771925,-0.0313386902522929,1888.9892875036592,87.82251424959243,-70.54738420398724,43.3886290240428,-0.0217783961876994,Tôi
1.0284592896423048,1.040494049344791,0.9913598108169898,-0.017215223642067,1888.007922442515,87.61783874753039,-70.79400037153223,43.25438232679221,0.0022657202378006,Tôi
1.98907219602526,0.0294105221657075,2.017415049159509,2.004449611946302,1888.001124858842,87.80059206901366,-70.54206157227797,44.16798223618829,-0.0320570621194702,Tôi
0.0127007791066645,-0.0055927280797187,0.9870966260293628,2.0173786609510755,1888.981166261542,87.69710012078785,-70.08035144508423,43.29723323671056,0.0048371965017095,Tôi
0.9767356513914056,-0.0191716298616503,-0.0051532089773063,0.0112274412642948,1888.000282282557,87.27937577894754,-70.1130347142236,42.7478063374549,-0.0147834386678286,Tôi
0.976197975666734,0.9920445655250902,1.0217845353364483,-1.0390803038635723,1888.9791171656475,86.65678775583326,-70.61331726412115,42.67206549760614,0.0008089309626786,Tôi
-0.008284664985695,1.056785488263979,0.9494122183444488,1.009635793055169,1888.046706928606,86.69586608476878,-70.85649157247593,43.67629500756096,0.0197179694173858,Tôi
0.9893713520112706,1.0245576289357756,1.0003122664865092,0.009010189766496,1889.046134940927,86.75891970114412,-70.19274842237967,42.91886809901675,0.0181865917122435,Tôi
3.0063981912751903,0.9716219445221732,0.0325223756251266,2.040501319217525,1887.9955163449235,86.87350656939844,-69.57608891476703,42.439912032215766,0.0007974680801538,Tôi
0.0230878629983086,0.9887285741317569,0.9934557764609312,0.9907513218427728,1888.0153834422288,86.7593716246366,-70.23910750470289,42.6835148974308,-0.0152449089865005,Tôi
0.0132899396943437,1.962956383701,2.0094317895048457,-0.0068659656678771,1888.0029655750072,86.80416670962349,-70.81541337626261,42.91314477026214,0.0160367160280237,Tôi
2.0124384475596617,-0.0409754342346693,-0.0093324518581452,0.0010170891256014,1888.9464975554768,86.57051807279467,-70.05784806747202,43.29909493499917,0.013895406826148,Tôi
1.993535987920014,2.013971004296449,0.9906848804703698,0.9761586277004012,1887.9997635009083,86.56492037898018,-69.30293510470824,42.61879491640255,0.0063067476692926,Tôi
0.980945807550736,0.997709087476404,2.004923099906224,1.0252147620961498,1889.0038263633328,87.36085990342113,-69.59309697166866,42.07723968179509,0.0096680824342624,Tôi
0.980909129702909,0.9916800376755016,1.9735633653325493,-0.0061356802264809,1887.9987496303072,88.52889799175692,-70.35246877491176,42.00354281047344,0.0668284681375422,Tôi
1.0,1.0,1.0,-1.0,1889.0,91.06,-0.0,41.69,0.006,Tôi
0.0,1.0,1.0,0.0,0.0,89.06,-73.87,46.88,0.002,Tôi
1.0,1.0,2.0,1.0,1888.0,88.94,-72.94,0.0,0.002,Tôi
1.0,0.0,1.0,0.0,1888.0,88.62,-72.69,47.5,0.002,Tôi
0.0,1.0,0.0,0.0,1888.0,0.0,-72.0,47.69,0.002,Tôi
1.0,0.0,3.0,0.0,1888.0,88.12,-71.37,47.63,0.001,Tôi
0.0,1.0,2.0,0.0,1889.0,88.19,-71.12,0.0,0.003,Tôi
0.0,1.0,3.0,2.0,1888.0,88.06,-71.0,46.38,0.003,Tôi
1.0,1.0,2.0,0.0,1889.0,0.0,-70.81,45.88,0.0,Tôi
0.0,0.0,1.0,2.0,1889.0,88.19,-70.62,43.94,0.003,Tôi
1.0,1.0,1.0,0.0,1889.0,87.81,-70.56,0.0,0.002,Tôi
1.0,1.0,1.0,0.0,1888.0,87.62,-70.75,43.25,0.002,Tôi
0.0,0.0,2.0,0.0,1888.0,87.81,-70.5,44.19,0.001,Tôi
0.0,0.0,1.0,2.0,1889.0,87.69,-0.0,0.0,0.0,Tôi
1.0,0.0,0.0,0.0,1888.0,87.25,-70.06,42.75,0.001,Tôi
1.0,1.0,1.0,-1.0,1889.0,0.0,-0.0,42.69,0.003,Tôi
0.0,1.0,0.0,1.0,1888.0,86.69,-70.87,43.69,0.011,Tôi
0.0,1.0,1.0,0.0,1889.0,86.81,-70.19,42.94,0.001,Tôi
0.0,1.0,0.0,2.0,1888.0,86.87,-69.62,42.44,0.0,Tôi
0.0,1.0,1.0,1.0,1888.0,86.75,-70.25,42.69,0.002,Tôi
0.0,2.0,2.0,0.0,1888.0,86.81,-70.81,42.94,0.0,Tôi
2.0,0.0,0.0,0.0,1889.0,86.56,-70.06,43.31,0.003,Tôi
2.0,2.0,1.0,1.0,1888.0,86.62,-69.31,42.63,0.006,Tôi
1.0,0.0,2.0,1.0,1889.0,87.37,-69.62,42.06,0.0,Tôi
1.0,1.0,2.0,0.0,1888.0,88.56,-70.37,42.06,0.053,Tôi
0.9744920218057328,1.03400892016263,1.0136255568205566,-0.993759012039921,1888.33765987306,91.0399840471783,-75.93760464589309,41.65374983073005,0.0241643107166341,Tôi
-0.0019933084411379,1.0091067103427094,0.9950796304349984,0.0042166022928031,1887.353689994504,89.04563921757287,-73.83291329070542,46.83703327234839,0.0024420068061429,Tôi
1.0507962818361165,0.9723525124659468,1.965124213929624,1.0012801221904308,1887.3451276892192,88.89219900150576,-72.91242103732878,48.03955943391888,0.0188412345496711,Tôi
1.00017363890683,0.0061523855215407,0.9697443690680648,0.0115449623836303,1887.3368508093424,88.61746675437185,-72.68699691358763,47.46200306694495,0.0114232947188452,Tôi
0.0161800580289124,1.015422542409171,0.0163720970840566,-0.047693213562754,1887.3353854125,88.17502308094214,-71.98802111139706,47.68014379845052,-0.0139283249585269,Tôi
1.0072183315191727,1.0087884090351802,3.004547956722858,-0.0174678327847207,1887.3273923038644,88.11752071216571,-71.35772025761366,47.622421869468205,-0.0129201847706403,Tôi
-0.0117722771498323,0.9941081966923778,1.991100731922952,-0.0197092341952851,1888.341051627204,88.15199621350551,-71.08812307230276,46.61234655629666,0.0241297916786222,Tôi
1.0362883239216456,1.0073000075755991,2.966348650626118,1.998807417179852,1887.341340062524,88.04932972717943,-70.97977798543766,46.34566379891987,-0.0073748015018688,Tôi
1.0367382696645169,1.0164355997782428,2.0030248843586964,-0.0359085568772272,1888.3495331033864,87.90266951690168,-70.77763269984872,45.86917120546237,0.0387152633229184,Tôi
0.953571368654708,1.0217159453923117,0.9948809343740216,1.9579280301717936,1888.3499145880403,88.18243730263357,-70.59654660746908,43.96393884963419,-0.0064935086190725,Tôi
0.973516450521615,0.986796889638163,1.0003879987468929,-0.0031504812746073,1888.3397585316309,87.77610609017725,-70.53313510656429,43.38591440501458,-0.0285274665105032,Tôi
1.0072927171399886,0.9771697719782382,0.990418395973948,-0.0014127511435185,1887.3465584026208,87.60705514869443,-70.73317896889534,43.22476316453387,-0.0010611440723585,Tôi
1.9691605556735003,-0.0112913865396798,1.997445790200452,2.015207482155009,1887.3665653989144,87.78864374926364,-70.47234516707367,44.20011799870991,-0.0034259634224987,Tôi
-0.0531625753983635,0.0056803904469192,1.0064782869090243,2.012147955245769,1888.3863368144484,87.63715207398529,-70.03265859276699,43.30123783314366,-0.0223715567486861,Tôi
1.0055428784231846,0.0007894752837126,-0.0261612776979573,-0.0103551056899002,1887.3641912974608,87.20235651774689,-70.0138126852916,42.72598827487335,-0.0186331522280161,Tôi
0.9773309713614714,1.0219537469994333,0.9533657192014728,-1.0173528452244884,1888.3583646522768,86.6909267901429,-70.63050340086649,42.67728275599146,-0.043594791730794,Tôi
0.0066105375400445,0.9890857045632716,0.9862882349274332,0.9525951731010182,1887.3444261414743,86.63882676274946,-70.81235051716057,43.66635512982327,0.0295559965967395,Tôi
1.0190987685837674,0.9907627559586808,1.0091015964939851,0.0270613158153632,1888.3129714291645,86.75407126142738,-70.14380827462185,42.93772816113399,-0.0185676022158344,Tôi
3.009154851057715,1.030748864261421,-0.0118208652438545,1.994063175982276,1887.3131726690133,86.85454144044472,-69.5934762801527,42.43360555389838,-0.0018649118240418,Tôi
0.0014599769557194,0.9992657877084212,0.9872058050770368,0.9756952970117124,1887.3373609659068,86.75016569442091,-70.24105993580005,42.67069903770156,0.0152970876689745,Tôi
0.0240227279544356,1.988693986792156,1.986491890367292,0.0318775129428174,1887.3548819732823,86.79142260912866,-70.78922326571134,42.93509715784736,0.0074549756583842,Tôi
2.023765363248783,0.009049469472628,-0.0024886736516574,-0.0323026480795115,1888.3468791206817,86.50657029514782,-70.00997305525105,43.25766309121647,0.0079985104731243,Tôi
1.976015078150369,1.969814632175385,0.9816749169581664,1.00156739031396,1887.346948975064,86.57446235792952,-69.31138779765006,42.65004875226556,0.0054617817138972,Tôi
0.9908393373823912,1.0087224994085604,2.010725082495596,1.01942371557264,1888.373418551026,87.34650607817191,-69.5906318192395,42.00778562751387,0.0109697919718791,Tôi
1.0110194997753592,1.0275099574514173,1.9879103252065755,-0.0131740575519755,1887.3267252301,88.5418206515928,-70.3573258494419,42.06190240123015,0.0623178951894408,Tôi
1.0,0.0,0.0,0.0,1888.0,88.94,-70.19,42.31,0.097,Tôi
1.0,1.0,1.0,1.0,1889.0,88.37,-68.87,41.25,0.105,Tôi
1.0,1.0,1.0,3.0,1889.0,88.81,-68.62,42.0,0.12,Tôi
2.0,0.0,1.0,0.0,1888.0,89.19,-68.94,42.56,0.12,Tôi
1.0,1.0,1.0,1.0,1888.0,88.94,-68.06,41.69,0.125,Tôi
1.0,2.0,2.0,0.0,1888.0,89.0,-67.5,41.5,0.129,Tôi
1.0,2.0,0.0,0.0,1889.0,89.12,-67.81,41.69,0.129,Tôi
2.0,1.0,2.0,2.0,1888.0,89.0,-67.56,41.25,0.126,Tôi
0.0,1.0,2.0,0.0,1888.0,89.12,-67.56,40.75,0.112,Tôi
1.0,1.0,1.0,2.0,1888.0,89.06,-67.62,40.81,0.016,Tôi
1.0,1.0,1.0,2.0,1889.0,88.69,-67.56,40.31,0.003,Tôi
1.0,1.0,2.0,1.0,1888.0,88.69,-68.12,39.94,0.0,Tôi
1.0,1.0,1.0,1.0,1889.0,88.44,-68.44,38.94,0.002,Tôi
1.0,1.0,0.0,2.0,1888.0,87.06,-68.0,39.25,0.002,Tôi
0.0,1.0,3.0,2.0,1888.0,86.25,-64.94,35.25,0.002,Tôi
1.0,1.0,0.0,3.0,1888.0,85.25,-62.5,36.0,0.001,Tôi
1.0,1.0,2.0,3.0,1889.0,86.31,-63.0,35.81,0.001,Tôi
2.0,-1.0,2.0,1.0,1889.0,87.06,-60.25,34.13,0.002,Tôi
0.0,0.0,1.0,1.0,1889.0,87.12,-56.19,34.69,0.001,Tôi
1.0,1.0,1.0,0.0,1888.0,87.81,-50.88,32.38,0.001,Tôi
2.0,3.0,1.0,3.0,1889.0,88.19,-47.5,26.81,0.002,Tôi
1.0,2.0,2307.0,66.0,1888.0,88.31,-49.06,22.0,0.001,Tôi
778.0,2034.0,4916.0,207.0,1889.0,90.44,-50.31,18.06,0.002,Tôi
3215.0,4746.0,6472.0,1.0,1888.0,92.31,-48.13,14.75,0.004,Tôi
1911.0,4461.0,7153.0,1.0,1905.0,90.87,-46.25,20.5,0.004,Tôi
1.0,0.0,0.0,0.0,1888.0,88.94,-70.19,42.31,0.097,Tôi
1.0,1.0,1.0,1.0,1889.0,88.37,-68.87,41.25,0.105,Tôi
1.0,1.0,1.0,3.0,1889.0,88.81,-68.62,42.0,0.12,Tôi
2.0,0.0,1.0,0.0,1888.0,89.19,-68.94,42.56,0.12,Tôi
1.0,1.0,1.0,1.0,1888.0,88.94,-68.06,41.69,0.125,Tôi
1.0,2.0,2.0,0.0,1888.0,89.0,-67.5,41.5,0.129,Tôi
1.0,2.0,0.0,0.0,1889.0,89.12,-67.81,41.69,0.129,Tôi
2.0,1.0,2.0,2.0,1888.0,89.0,-67.56,41.25,0.126,Tôi
0.0,1.0,2.0,0.0,1888.0,89.12,-67.56,40.75,0.112,Tôi
1.0,1.0,1.0,2.0,1888.0,89.06,-67.62,40.81,0.016,Tôi
1.0,1.0,1.0,2.0,1889.0,88.69,-67.56,40.31,0.003,Tôi
1.0,1.0,2.0,1.0,1888.0,88.69,-68.12,39.94,0.0,Tôi
1.0,1.0,1.0,1.0,1889.0,88.44,-68.44,38.94,0.002,Tôi
1.0,1.0,0.0,2.0,1888.0,87.06,-68.0,39.25,0.002,Tôi
0.0,1.0,3.0,2.0,1888.0,86.25,-64.94,35.25,0.002,Tôi
1.0,1.0,0.0,3.0,1888.0,85.25,-62.5,36.0,0.001,Tôi
1.0,1.0,2.0,3.0,1889.0,86.31,-63.0,35.81,0.001,Tôi
2.0,-1.0,2.0,1.0,1889.0,87.06,-60.25,34.13,0.002,Tôi
0.0,0.0,1.0,1.0,1889.0,87.12,-56.19,34.69,0.001,Tôi
1.0,1.0,1.0,0.0,1888.0,87.81,-50.88,32.38,0.001,Tôi
2.0,3.0,1.0,3.0,1889.0,88.19,-47.5,26.81,0.002,Tôi
1.0,2.0,2307.0,66.0,1888.0,88.31,-49.06,22.0,0.001,Tôi
778.0,2034.0,4916.0,207.0,1889.0,90.44,-50.31,18.06,0.002,Tôi
3215.0,4746.0,6472.0,1.0,1888.0,92.31,-48.13,14.75,0.004,Tôi
1911.0,4461.0,7153.0,1.0,1905.0,90.87,-46.25,20.5,0.004,Tôi
2.0,0.0,1.0,0.0,1888.0,89.19,-68.94,42.56,0.12,Tôi
1.0,1.0,1.0,1.0,1888.0,88.94,-68.06,41.69,0.125,Tôi
1.0,2.0,2.0,0.0,0.0,89.0,-67.5,0.0,0.129,Tôi
1.0,2.0,0.0,0.0,1889.0,89.12,-67.81,41.69,0.129,Tôi
2.0,1.0,2.0,2.0,1888.0,89.0,-67.56,0.0,0.126,Tôi
0.0,1.0,2.0,0.0,1888.0,89.12,-67.56,0.0,0.112,Tôi
1.0,1.0,1.0,2.0,1888.0,89.06,-67.62,40.81,0.016,Tôi
1.0,1.0,1.0,0.0,1889.0,88.69,-67.56,40.31,0.003,Tôi
1.0,1.0,2.0,1.0,1888.0,88.69,-68.12,39.94,0.0,Tôi
1.0,1.0,1.0,1.0,1889.0,88.44,-68.44,38.94,0.002,Tôi
1.0,0.0,0.0,2.0,1888.0,87.06,-68.0,0.0,0.0,Tôi
0.0,1.0,3.0,2.0,1888.0,86.25,-64.94,35.25,0.002,Tôi
1.0,1.0,0.0,3.0,1888.0,85.25,-62.5,36.0,0.001,Tôi
1.0,1.0,2.0,3.0,1889.0,86.31,-63.0,0.0,0.001,Tôi
2.0,-1.0,2.0,1.0,1889.0,87.06,-0.0,34.13,0.002,Tôi
0.0,0.0,1.0,1.0,0.0,87.12,-0.0,34.69,0.001,Tôi
1.0,1.0,1.0,0.0,1888.0,0.0,-0.0,32.38,0.001,Tôi
2.0,3.0,1.0,3.0,1889.0,88.19,-47.5,26.81,0.002,Tôi
1.0,2.0,2307.0,66.0,0.0,88.31,-49.06,22.0,0.001,Tôi
0.0,2034.0,4916.0,0.0,1889.0,0.0,-50.31,18.06,0.002,Tôi
0.0,4746.0,6472.0,0.0,1888.0,92.31,-48.13,14.75,0.004,Tôi
1911.0,4461.0,7153.0,1.0,1905.0,90.87,-46.25,20.5,0.0,Tôi
1.0,0.0,0.0,0.0,1888.0,88.94,-70.19,42.31,0.097,Tôi
1.0,1.0,1.0,1.0,1889.0,88.37,-0.0,41.25,0.105,Tôi
1.0,1.0,1.0,3.0,1889.0,88.81,-0.0,42.0,0.12,Tôi
1.0043696250635612,0.0146801956518989,0.0007574844335638,-0.0086590232763651,1887.9755233934848,88.93309593139901,-70.16642109041639,42.30279851506001,0.0831229226591986,Tôi
0.964339371897526,1.0155590831566184,0.9758185684792114,1.0021008093970565,1888.986238167401,88.37396194501052,-68.86922270778253,41.25336733584248,0.1286487911671843,Tôi
1.0174355770689392,1.0177308560637022,1.0007258312351832,3.001459840278584,1888.9892192627267,88.80834008607422,-68.63090966627168,42.01060577197401,0.0937044754758884,Tôi
1.9787180860254352,0.003105861584093,0.9778510079320905,0.0022309365745118,1888.0222193064023,89.16242811798092,-68.94807239722843,42.565531127350106,0.161247293179037,Tôi
1.0392257619197278,0.9885943949083416,1.0099370640683365,0.9691171194636984,1887.985613741132,88.91657718572472,-68.09785048174605,41.69236864539375,0.1637813088410911,Tôi
0.998851179800063,2.009327173927804,1.97417488815358,-0.0287492980860919,1888.0372205235765,89.00352796920289,-67.50063652559189,41.51849078859388,0.1384928452870144,Tôi
0.9761474328001234,2.00936515784381,-0.0055006710418472,-0.009313829115447,1889.02425425146,89.11326551509826,-67.81942576976904,41.72046963009152,0.1467309966303126,Tôi
2.0011342997026653,0.9812679278927982,2.0149235769483336,2.018912318028363,1887.9829605168563,88.99726727871393,-67.55170205379768,41.24463330751538,0.1412059136937166,Tôi
0.0136771343905474,0.94371912663583,1.99182530695142,0.0398696914688815,1888.0096452211444,89.13821306543099,-67.57009580257846,40.72379923921788,0.1164431587278813,Tôi
1.0169571612939343,1.0079608836354512,0.9690615375363256,1.985518902401875,1887.9927975391265,89.07059853380579,-67.61818136087653,40.85630585881518,-0.001959288605943,Tôi
1.0046782011593336,0.9524537926095928,0.9929520296617276,2.037680454872378,1888.9926927074648,88.67239683438703,-67.58624056227983,40.33405031588625,0.0190653342676857,Tôi
1.009891237875015,0.988675601356995,1.971297262095944,0.9890014498576968,1888.0120634368488,88.69435472232976,-68.14957274670083,39.947163702105925,-0.0094777242560084,Tôi
0.9838254201699752,0.9921898925008408,1.0085593516705074,0.9874207536940184,1888.967536126501,88.45708417025156,-68.49920778956142,38.95454961463655,-0.0308083268979417,Tôi
0.9937473967948196,1.040459154842851,0.0012784130282755,1.9942513880698,1888.0064826747143,87.07974195915894,-68.01136820519216,39.20602599064325,-0.0155409373428248,Tôi
0.0307550311866237,0.9982747911055082,3.0160927069994163,1.998951665606956,1887.9781806181825,86.27046765044466,-64.94981557324418,35.232854825307065,0.022091640599983,Tôi
1.016206970144698,1.0425883003868128,0.0097426296705599,2.9846684092611024,1887.982146456708,85.29779088721705,-62.50971539071372,35.983036816329346,0.000534547015218,Tôi
0.9609995589586348,1.0231769399001502,1.9931681396496168,3.0054327525357416,1889.0175085629144,86.31080789966104,-63.01437294679925,35.83482253669664,0.0162917153174947,Tôi
2.015132894671675,-0.975815591678835,2.031682201039795,1.0130413162737444,1889.0032933704515,87.08874933133234,-60.22535084536365,34.16092565494079,0.0088469755349501,Tôi
0.0209005378975401,-0.0055297474199081,1.020923333329146,1.0112107882594066,1889.0157692855355,87.14890166713239,-56.18646697019166,34.656108388829615,-0.0059661843090002,Tôi
0.994055797602698,0.9835289180301372,0.9570330237071816,-0.0135992422777734,1887.992135575844,87.81283008267187,-50.87812519776149,32.36134040557627,0.0366841052840582,Tôi
1.986405607630803,3.015947811824816,1.030048184638762,2.9815629242518287,1888.9950309781127,88.19317970797621,-47.50808665842887,26.818183392506583,-0.0169484498812916,Tôi
1.0170293205352847,2.012380948206608,2306.956244539386,66.00170098496993,1888.0373394458804,88.30538426179875,-49.079143769339446,22.004523477466574,-0.0020026940702922,Tôi
778.0090191961413,2034.001478300868,4916.035450505952,206.98741318043372,1889.025750249387,90.41801629280104,-50.292312543829226,18.0604946290344,0.0093080616332341,Tôi
3215.005085694049,4745.980405149408,6471.999986328853,1.0087013193706382,1888.0065835055807,92.30916496808136,-48.11362900660686,14.763778702827397,0.0206387115816674,Tôi
1910.9994464428391,4460.973240999207,7153.014088218401,1.0077359701109694,1904.9823495434096,90.87278772190729,-46.27109638689489,20.51093071680204,-0.0099942766782435,Tôi
1.0588520398168295,0.0,0.0,0.0,1999.112651174174,94.1743004213088,-74.32082467474326,44.80002980465006,0.1027086478622324,Tôi
1.0588520398168295,1.0588520398168295,1.0588520398168295,1.0588520398168295,2000.171503213991,93.57075475861323,-72.92313998218505,43.677646642444216,0.1111794641807671,Tôi
1.0588520398168295,1.0588520398168295,1.0588520398168295,3.1765561194504883,2000.171503213991,94.03664965613264,-72.65842697223084,44.47178567230684,0.1270622447780195,Tôi
2.117704079633659,0.0,1.0588520398168295,0.0,1999.112651174174,94.43901343126302,-72.99725962497223,45.064742814604266,0.1270622447780195,Tôi
1.0588520398168295,1.0588520398168295,1.0588520398168295,1.0588520398168295,1999.112651174174,94.1743004213088,-72.06546982993342,44.14354153996362,0.1323565049771037,Tôi
1.0588520398168295,2.117704079633659,2.117704079633659,0.0,1999.112651174174,94.23783154369782,-71.472512687636,43.94235965239842,0.136591913136371,Tôi
1.0588520398168295,2.117704079633659,0.0,0.0,2000.171503213991,94.36489378847584,-71.80075681997921,44.14354153996362,0.136591913136371,Tôi
2.117704079633659,1.0588520398168295,2.117704079633659,2.117704079633659,1999.112651174174,94.23783154369782,-71.536043810025,43.677646642444216,0.1334153570169205,Tôi
0.0,1.0588520398168295,2.117704079633659,0.0,1999.112651174174,94.36489378847584,-71.536043810025,43.1482206225358,0.1185914284594849,Tôi
1.0588520398168295,1.0588520398168295,1.0588520398168295,2.117704079633659,1999.112651174174,94.30136266608685,-71.59957493241401,43.21175174492482,0.0169416326370692,Tôi
1.0588520398168295,1.0588520398168295,1.0588520398168295,2.117704079633659,2000.171503213991,93.9095874113546,-71.536043810025,42.6823257250164,0.0031765561194504,Tôi
1.0588520398168295,1.0588520398168295,2.117704079633659,1.0588520398168295,1999.112651174174,93.9095874113546,-72.12900095232243,42.29055047028417,0.0,Tôi
1.0588520398168295,1.0588520398168295,1.0588520398168295,1.0588520398168295,2000.171503213991,93.6448744014004,-72.46783360506382,41.23169843046734,0.0021177040796336,Tôi
1.0588520398168295,1.0588520398168295,0.0,2.117704079633659,1999.112651174174,92.18365858645318,-72.00193870754441,41.55994256281056,0.0021177040796336,Tôi
0.0,1.0588520398168295,3.1765561194504883,2.117704079633659,1999.112651174174,91.32598843420156,-68.76185146570491,37.32453440354324,0.0021177040796336,Tôi
1.0588520398168295,1.0588520398168295,0.0,3.1765561194504883,1999.112651174174,90.26713639438472,-66.17825248855185,38.11867343340586,0.0010588520398168,Tôi
1.0588520398168295,1.0588520398168295,2.117704079633659,3.1765561194504883,2000.171503213991,91.38951955659056,-66.70767850846026,37.91749154584067,0.0010588520398168,Tôi
2.117704079633659,-1.0588520398168295,2.117704079633659,1.0588520398168295,2000.171503213991,92.18365858645318,-63.79583539896398,36.1386201189484,0.0021177040796336,Tôi
0.0,0.0,1.0588520398168295,1.0588520398168295,2000.171503213991,92.2471897088422,-59.49689611730765,36.73157726124581,0.0010588520398168,Tôi
1.0588520398168295,1.0588520398168295,1.0588520398168295,0.0,1999.112651174174,92.9777976163158,-53.87439178588029,34.28562904926894,0.0010588520398168,Tôi
2.117704079633659,3.1765561194504883,1.0588520398168295,3.1765561194504883,2000.171503213991,93.3801613914462,-50.2954718912994,28.3878231874892,0.0021177040796336,Tôi
1.0588520398168295,2.117704079633659,2442.7716558574257,69.88423462791074,1999.112651174174,93.5072236362242,-51.947281073413656,23.29474487597025,0.0010588520398168,Tôi
823.7868869774934,2153.7050489874314,5205.316627739534,219.1823722420837,2000.171503213991,95.76257848103404,-53.2708461231847,19.12286783909194,0.0021177040796336,Tôi
3404.2093080111067,5025.311780970673,6852.890401694521,1.0588520398168295,1999.112651174174,97.74263179549152,-50.96254867638401,15.618067587298237,0.0042354081592673,Tôi
2023.4662480899613,4723.538949622876,7573.968640809781,1.0588520398168295,2017.11313585106,96.2178848581553,-48.971906841528366,21.706466816245005,0.0042354081592673,Tôi
2736.0,5304.0,7927.0,3.0,2016.0,90.69,-44.63,24.62,0.003,Tôi
2411.0,4923.0,6030.0,17.0,2048.0,88.06,-39.94,29.5,0.001,Tôi
3121.0,4620.0,6158.0,17.0,2081.0,85.5,-29.62,37.63,0.002,Tôi
2964.0,4575.0,5935.0,27.0,2113.0,85.87,-16.56,48.06,0.002,Tôi
1688.0,4262.0,6831.0,148.0,2129.0,91.81,-0.94,63.0,0.0,Tôi
1228.0,3993.0,7973.0,30.0,2128.0,108.06,16.12,80.94,0.001,Tôi
1537.0,3948.0,9158.0,82.0,2177.0,137.19,32.38,97.37,0.002,Tôi
1640.0,4102.0,9145.0,34.0,2145.0,181.31,51.88,94.0,0.001,Tôi
1236.0,3923.0,8475.0,2.0,2160.0,216.75,53.13,50.25,0.002,Tôi
1323.0,3487.0,7799.0,3.0,2113.0,236.06,34.31,31.0,0.001,Tôi
1163.0,3441.0,7589.0,3.0,2128.0,251.56,34.56,32.0,0.002,Tôi
1185.0,3516.0,7402.0,2.0,2145.0,242.5,34.5,31.94,0.001,Tôi
1250.0,4065.0,7255.0,2.0,2144.0,242.37,36.38,32.19,0.001,Tôi
1007.0,3961.0,7330.0,1.0,2144.0,245.0,34.38,33.13,0.058,Tôi
867.0,3848.0,6650.0,1.0,2097.0,240.94,35.69,33.44,0.06,Tôi
877.0,3867.0,6751.0,2.0,2097.0,237.19,39.0,34.75,0.1,Tôi
774.0,3719.0,6214.0,2.0,2113.0,242.62,33.31,32.5,0.102,Tôi
841.0,3972.0,6674.0,1.0,2081.0,241.87,36.19,31.69,0.028,Tôi
876.0,4171.0,6658.0,1.0,2112.0,238.5,41.06,33.94,0.036,Tôi
890.0,3730.0,6258.0,0.0,2113.0,245.81,37.0,34.75,0.032,Tôi
890.0,3851.0,6274.0,1.0,2080.0,243.81,39.19,33.5,0.11,Tôi
379.0,3709.0,4878.0,1.0,1984.0,230.75,47.19,33.75,0.003,Tôi
0.0,2595.0,3730.0,2.0,1889.0,200.12,54.06,55.56,0.004,Tôi
2.0,2135.0,1581.0,1.0,1889.0,158.12,46.56,48.25,0.077,Tôi
0.0,1337.0,2.0,14.0,1888.0,133.75,37.75,26.06,0.097,Tôi
0.0,5304.0,7927.0,0.0,2016.0,90.69,-44.63,24.62,0.003,Tôi
2411.0,4923.0,6030.0,17.0,2048.0,88.06,-39.94,29.5,0.001,Tôi
3121.0,0.0,6158.0,17.0,2081.0,85.5,-29.62,37.63,0.0,Tôi
2964.0,4575.0,5935.0,27.0,2113.0,85.87,-16.56,48.06,0.002,Tôi
1688.0,4262.0,6831.0,148.0,2129.0,91.81,-0.94,63.0,0.0,Tôi
1228.0,3993.0,7973.0,30.0,2128.0,108.06,16.12,80.94,0.001,Tôi
1537.0,3948.0,9158.0,82.0,2177.0,137.19,32.38,97.37,0.0,Tôi
1640.0,4102.0,9145.0,0.0,2145.0,181.31,51.88,94.0,0.001,Tôi
1236.0,3923.0,8475.0,0.0,2160.0,216.75,53.13,50.25,0.002,Tôi
1323.0,0.0,7799.0,3.0,2113.0,236.06,34.31,0.0,0.001,Tôi
1163.0,3441.0,0.0,3.0,2128.0,251.56,34.56,32.0,0.002,Tôi
1185.0,3516.0,7402.0,2.0,2145.0,0.0,34.5,31.94,0.001,Tôi
1250.0,4065.0,7255.0,2.0,2144.0,242.37,36.38,32.19,0.001,Tôi
0.0,3961.0,0.0,1.0,2144.0,245.0,34.38,0.0,0.058,Tôi
867.0,3848.0,6650.0,1.0,0.0,240.94,35.69,0.0,0.06,Tôi
877.0,3867.0,6751.0,2.0,2097.0,237.19,0.0,34.75,0.1,Tôi
774.0,3719.0,6214.0,2.0,2113.0,242.62,0.0,32.5,0.102,Tôi
841.0,3972.0,6674.0,1.0,2081.0,241.87,36.19,31.69,0.028,Tôi
876.0,4171.0,6658.0,1.0,2112.0,0.0,41.06,33.94,0.036,Tôi
890.0,0.0,6258.0,0.0,2113.0,245.81,37.0,34.75,0.032,Tôi
890.0,3851.0,6274.0,1.0,2080.0,243.81,39.19,33.5,0.11,Tôi
0.0,3709.0,0.0,1.0,1984.0,230.75,47.19,33.75,0.003,Tôi
0.0,2595.0,3730.0,2.0,1889.0,0.0,54.06,55.56,0.004,Tôi
2.0,2135.0,0.0,1.0,1889.0,0.0,46.56,48.25,0.077,Tôi
0.0,1337.0,2.0,14.0,1888.0,133.75,37.75,26.06,0.097,Tôi
2628.885125290112,5096.347479729076,7616.656574625262,2.882549479484772,1937.0732502137664,87.13947076482465,-42.882727756468455,23.65612272830503,0.0028825494794847,Tôi
2316.6089316792613,4730.26369583451,5793.924453764391,16.334447050413708,1967.820444661604,84.612435721143,-38.37634207020726,28.345069881600256,0.0009608498264949,Tôi
2998.8123084906574,4439.126198406549,5916.913231555742,16.334447050413708,1999.5284889359368,82.152660165316,-28.460371860779645,36.15677897100399,0.0019216996529898,Tôi
2847.9588857309545,4395.8879562142765,5702.6437202473735,25.942945315362945,2030.275683383774,82.50817460111912,-15.911673126755938,46.17844266134605,0.0019216996529898,Tôi
1621.9145071234316,4095.1419605213655,6563.565164786825,142.20577432124873,2045.649280607693,88.21562257049897,-0.9031988369052284,60.53353906918021,0.0,Tôi
1179.9235869357665,3836.673357194231,7660.855666644028,28.82549479484772,2044.688430781198,103.82943225104148,15.488899203098176,77.77118495649914,0.0009608498264949,Tôi
1476.826183322698,3793.43511500196,8799.462711040513,78.78968577258377,2091.7700722794493,131.8189876968386,31.11231738190564,93.55794760581074,0.0019216996529898,Tôi
1575.793715451675,3941.405988282178,8786.971663296079,32.668894100827416,2061.022877831612,174.21168204179466,49.84888899855665,90.31988369052284,0.0009608498264949,Tôi
1187.610385547726,3769.413869339586,8143.20227954448,1.921699652989848,2075.4356252290354,208.2641998927748,51.04995128167531,48.282703781369925,0.0019216996529898,Tôi
1271.2043204527845,3350.4833449878,7493.667796833912,2.882549479484772,2030.275683383774,226.8182100423917,32.96675754704084,29.78634462134264,0.0009608498264949,Tôi
1117.4683482135963,3306.2842529690333,7291.889333269977,2.882549479484772,2044.688430781198,241.71138235306304,33.20697000366457,30.747194447837565,0.0019216996529898,Tôi
1138.6070443964848,3378.347989956153,7112.210415715426,1.921699652989848,2061.022877831612,233.00608292501903,33.14931901407488,30.689543458247872,0.0009608498264949,Tôi
1201.062283118655,3905.8545447018655,6970.965491220672,1.921699652989848,2060.0620280051166,232.8811724475747,34.955716687885335,30.9297559148716,0.0009608498264949,Tôi
967.5757752803884,3805.9261627463934,7043.029228207793,0.960849826494924,2060.0620280051166,235.40820749125635,33.034017034895484,31.832954751776832,0.0557292899367055,Tôi
833.056799571099,3697.350132352467,6389.651346191244,0.960849826494924,2014.902086159856,231.50715719568697,34.29273030760383,32.13081819799025,0.0576509895896954,Tôi
842.6652978360482,3715.606279055871,6486.697178667231,1.921699652989848,2014.902086159856,227.903970346331,37.47314323330203,33.38953147069861,0.0960849826494923,Tôi
743.6977657070711,3573.400504734622,5970.720821839457,1.921699652989848,2030.275683383774,233.12138490419844,32.00590772054592,31.227619361085026,0.0980066823024822,Tôi
808.074704082231,3816.4955108378376,6412.711742027122,0.960849826494924,1999.5284889359368,232.40074753432725,34.773155220851294,30.44933100162413,0.0269037951418578,Tôi
841.7044480095533,4007.704626310328,6397.338144803203,0.960849826494924,2029.31483355728,229.1626836190393,39.45249387588158,32.61124311123771,0.0345905937538172,Tôi
855.1563455804823,3583.969852826066,6012.998214205234,0.0,2030.275683383774,236.18649585071725,35.55144358031218,33.38953147069861,0.0307471944478375,Tôi
855.1563455804823,3700.232681831952,6028.371811429152,0.960849826494924,1998.5676391094416,234.2647961977274,37.65570470033607,32.18846918757995,0.1056934809144416,Tôi
364.16208424157617,3563.7920064696727,4687.025453642239,0.960849826494924,1906.326055765929,221.71609746370368,45.342503312295456,32.42868164420368,0.0028825494794847,Tôi
0.0,2493.405299754328,3583.969852826066,1.921699652989848,1815.0453222489111,192.28526727816416,51.94354162031559,53.384816360057975,0.0038433993059796,Tôi
1.921699652989848,2051.4143795666623,1519.1035756884746,0.960849826494924,1815.0453222489111,151.92957456537738,44.73716792160366,46.36100412838008,0.0739854366401091,Tôi
0.0,1284.656218023713,1.921699652989848,13.451897570928937,1814.0844724224164,128.51366429369608,36.27208095018338,25.039746478457715,0.0932024331700076,Tôi
2736.000336377388,5303.9767309548215,7927.006704898005,3.0000067350014072,2016.004010606559,90.66375826598416,-44.55933499952716,24.64883924590356,-0.0137384390160487,Tôi
2410.9743197308926,4923.014357772832,6030.031265549525,16.970990694991144,2048.0286015775087,88.05081271099104,-39.94240911765993,29.513631575901464,0.0091083621335912,Tôi
3121.0130425870275,4620.005308456625,6157.970581145892,17.030507967749415,2080.982895086477,85.46818787515127,-29.632475713103315,37.588873333075725,-0.0002230105295722,Tôi
2963.998608703968,4575.024678376309,5935.030365704375,26.9874995808251,2112.982305182357,85.88011831683204,-16.559464768596825,48.018094903711976,0.0273101905167753,Tôi
1687.978837444645,4262.006603130019,6830.955710382451,148.0129005864416,2128.996851243162,91.83499109671362,-0.928201228902704,63.0386204787169,-0.0048248780970181,Tôi
1228.005424211075,3993.019403118987,7972.996085936721,30.000407332287686,2128.0303270071445,108.04937889592838,16.10718705666744,80.9106913515382,-0.0183997964079745,Tôi
1536.9939246075091,3948.016610639465,9157.996905039769,81.98353132151001,2177.001431894648,137.20588678108322,32.3730276439158,97.34559443128708,0.0186746543198936,Tôi
1640.0383716954668,4101.978206135285,9145.022202009764,33.99021573287548,2145.036902427841,181.3094964885173,51.8434135928842,93.97171632016963,-0.0276534503661071,Tôi
1235.981255365552,3923.023433584127,8475.012756202354,2.0095683639097013,2159.98323774593,216.74147054583264,53.15781884816619,50.24686107943273,-0.0086157983512434,Tôi
1322.9807565540286,3487.003617120701,7798.978525546002,3.012388259882509,2113.023569567497,236.053135839269,34.29787579527239,30.984762418880653,0.0261469417631409,Tôi
1162.9847760692917,3441.036570171075,7589.035498292866,2.9992008224555105,2128.0400686370795,251.5162441484792,34.56292452881652,32.0054721671777,-0.0357812688215406,Tôi
1184.9675333633916,3515.9887214364744,7401.962795616554,1.974515333164388,2145.015802914504,242.4617251918896,34.494497425937055,31.96105505744916,-0.040809106497892,Tôi
1249.969056094511,4065.035035839231,7254.986824520726,1.990153853884398,2143.996795810306,242.3448619561129,36.37391457233685,32.18281735817824,-0.0164743434061814,Tôi
1007.0039469521004,3961.013462868813,7330.010697703946,0.9957750372586138,2143.98705078102,245.02235550573496,34.38702727171805,33.11991743794175,0.0352972483443191,Tôi
866.9875815461672,3847.9959365527225,6649.995265975086,0.9697490025163298,2096.9907604208,240.9489228519869,35.66506628871641,33.4499735383176,0.0488696539546483,Tôi
876.9811240870173,3867.032073127408,6750.998168898956,2.0270859692086014,2096.9973552861984,237.15372400337063,39.011694145503775,34.74431986566339,0.101562440102017,Tôi
773.9990717900552,3719.0152534298,6214.01915154265,1.9616709952900064,2113.010180589034,242.61098899885292,33.31439160857667,32.49795234972068,0.0925531784006909,Tôi
841.0348320878081,3972.044912634654,6673.976775871659,1.0061539873508298,2080.9957837699394,241.88544485663888,36.17494707912291,31.729241802139605,-0.0119860826925601,Tôi
876.0106722335827,4170.998389807899,6658.008755704957,0.9907025321983676,2112.010845760843,238.486923684897,41.09210417296515,33.945438552621994,0.0425074227757747,Tôi
889.9941283313522,3730.0092100062457,6258.019537400344,-0.0206449434267731,2113.035793254056,245.8030204914508,36.98279248805815,34.769096596710874,0.0011857484588811,Tôi
890.022563944842,3851.015327904095,6274.033329868882,1.0297644889002693,2079.983445674868,243.8127643557461,39.18230699212046,33.46426801638786,0.1299714533646895,Tôi
378.9901012006531,3709.013263507884,4878.014893893695,0.9674293666660572,1983.996317739028,230.7533379107024,47.186828215348136,33.73576457308613,0.0242810722318067,Tôi
0.0246634021413421,2595.001148469967,3730.017128664951,1.9845484238903253,1888.973152401397,200.1146252090966,54.02901377589638,55.576121530994506,0.028537803236956,Tôi
2.0138738537874907,2135.0011700070986,1581.005039247527,0.9757154552364607,1889.013214494388,158.10911046457718,46.57982239233344,48.25795971807342,0.0634033193021132,Tôi
-0.0031337514817268,1337.0192081130056,1.971636673041795,13.964077185012972,1888.002478901911,133.73367966308143,37.742820419312416,26.03127042407899,0.0822864593187125,Tôi
2736.0,5304.0,7927.0,3.0,2016.0,90.69,-44.63,24.62,0.003,Tôi
2411.0,4923.0,6030.0,17.0,2048.0,88.06,-39.94,29.5,0.001,Tôi
3121.0,4620.0,6158.0,0.0,2081.0,85.5,-29.62,37.63,0.002,Tôi
2964.0,4575.0,5935.0,0.0,2113.0,85.87,-16.56,48.06,0.002,Tôi
1688.0,4262.0,6831.0,0.0,2129.0,91.81,-0.94,63.0,0.0,Tôi
1228.0,0.0,7973.0,30.0,2128.0,0.0,16.12,80.94,0.001,Tôi
1537.0,3948.0,9158.0,82.0,0.0,137.19,32.38,97.37,0.002,Tôi
1640.0,4102.0,9145.0,34.0,2145.0,181.31,51.88,94.0,0.001,Tôi
1236.0,0.0,8475.0,2.0,2160.0,216.75,53.13,50.25,0.002,Tôi
1323.0,3487.0,7799.0,3.0,2113.0,236.06,34.31,31.0,0.0,Tôi
1163.0,3441.0,7589.0,3.0,2128.0,251.56,34.56,32.0,0.002,Tôi
1185.0,3516.0,7402.0,2.0,2145.0,242.5,0.0,31.94,0.001,Tôi
1250.0,4065.0,7255.0,2.0,2144.0,242.37,36.38,32.19,0.001,Tôi
1007.0,0.0,7330.0,1.0,2144.0,245.0,34.38,33.13,0.058,Tôi
867.0,3848.0,6650.0,0.0,2097.0,240.94,35.69,33.44,0.06,Tôi
877.0,3867.0,6751.0,2.0,2097.0,237.19,39.0,34.75,0.0,Tôi
774.0,3719.0,6214.0,2.0,2113.0,242.62,33.31,32.5,0.102,Tôi
841.0,3972.0,6674.0,1.0,2081.0,0.0,36.19,31.69,0.028,Tôi
876.0,4171.0,6658.0,1.0,2112.0,0.0,41.06,33.94,0.036,Tôi
890.0,0.0,6258.0,0.0,2113.0,245.81,0.0,34.75,0.032,Tôi
890.0,3851.0,6274.0,1.0,2080.0,243.81,39.19,33.5,0.11,Tôi
379.0,3709.0,4878.0,1.0,1984.0,230.75,47.19,33.75,0.003,Tôi
0.0,2595.0,3730.0,2.0,1889.0,200.12,54.06,55.56,0.004,Tôi
2.0,2135.0,1581.0,1.0,1889.0,158.12,46.56,48.25,0.077,Tôi
0.0,1337.0,2.0,14.0,0.0,133.75,37.75,26.06,0.097,Tôi
-1.0,2.0,13.0,2.0,1888.0,119.75,20.12,15.0,0.098,Tôi
-1.0,2.0,1.0,110.0,1888.0,112.25,1.87,13.38,0.091,Tôi
1.0,1.0,110.0,377.0,1889.0,107.31,-13.06,12.38,0.053,Tôi
9.0,1.0,82.0,409.0,1889.0,102.44,-29.69,14.94,0.086,Tôi
43.0,1.0,0.0,245.0,1888.0,101.44,-44.25,17.75,0.04,Tôi
67.0,0.0,0.0,2.0,1888.0,102.44,-59.19,19.06,0.025,Tôi
96.0,1.0,1.0,3.0,1889.0,103.19,-67.0,16.87,0.104,Tôi
63.0,1.0,3.0,1.0,1888.0,106.5,-63.56,12.75,0.101,Tôi
43.0,1.0,2.0,1.0,1889.0,105.0,-63.19,14.25,0.003,Tôi
53.0,1.0,0.0,2.0,1889.0,104.94,-64.25,15.63,0.062,Tôi
23.0,1.0,0.0,1.0,1889.0,104.94,-62.0,15.25,0.09,Tôi
33.0,1.0,0.0,0.0,1889.0,104.69,-62.63,15.06,0.005,Tôi
1.0,2.0,0.0,1.0,1888.0,105.12,-62.5,14.81,0.098,Tôi
2.0,1.0,0.0,1.0,1888.0,105.0,-62.25,14.13,0.065,Tôi
6.0,1.0,2.0,378.0,1889.0,105.37,-61.94,13.5,0.01,Tôi
0.0,0.0,1.0,213.0,1889.0,104.62,-61.81,13.44,0.003,Tôi
1.0,0.0,2.0,154.0,1889.0,104.31,-61.63,13.31,0.012,Tôi
3.0,1.0,1.0,200.0,1889.0,103.94,-61.69,13.56,0.023,Tôi
24.0,0.0,1.0,225.0,1888.0,103.87,-61.38,13.5,0.004,Tôi
3.0,1.0,1.0,404.0,1888.0,103.62,-60.88,13.38,0.006,Tôi
2.0,1.0,0.0,64.0,1888.0,103.25,-60.5,13.31,0.019,Tôi
21.0,1.0,2.0,12.0,1888.0,103.19,-60.44,13.38,0.005,Tôi
25.0,1.0,1.0,36.0,1888.0,103.19,-60.25,13.19,0.005,Tôi
20.0,1.0,1.0,32.0,1889.0,103.19,-60.25,13.06,0.021,Tôi
1.0,1.0,1.0,19.0,1888.0,103.5,-60.38,12.81,0.016,Tôi
-1.0967348905946166,2.193469781189233,14.257553577730016,2.193469781189233,2070.6354734426363,131.33400314870534,22.06630599876369,16.451023358919247,0.1074800192782724,Tôi
-1.0967348905946166,2.193469781189233,1.0967348905946166,120.64083796540784,2070.6354734426363,123.1084914692457,2.050894245411933,14.674312836155972,0.0998028750441101,Tôi
1.0967348905946166,1.0967348905946166,120.64083796540784,413.4690537541704,2071.7322083332306,117.6906211097083,-14.323357671165692,13.577577945561352,0.0581269492015146,Tôi
9.87061401535155,1.0967348905946166,89.93226102875856,448.5645702531982,2071.7322083332306,112.34952219251252,-32.56205890175417,16.38521926548357,0.094319200591137,Tôi
47.15960029556852,1.0967348905946166,0.0,268.70004819568106,2070.6354734426363,111.2527873019179,-48.530518908811786,19.467044308054444,0.0438693956237846,Tôi
73.48123766983932,0.0,0.0,2.193469781189233,2070.6354734426363,112.34952219251252,-64.91573817429536,20.90376701473339,0.0274183722648654,Tôi
105.2865494970832,1.0967348905946166,1.0967348905946166,3.29020467178385,2071.7322083332306,113.17207336045848,-73.48123766983932,18.501917604331183,0.1140604286218401,Tôi
69.09429810746084,1.0967348905946166,3.29020467178385,1.0967348905946166,2070.6354734426363,116.80226584832668,-69.70846964619383,13.983369855081362,0.1107702239500562,Tôi
47.15960029556852,1.0967348905946166,2.193469781189233,1.0967348905946166,2071.7322083332306,115.15716351243476,-69.30267773667381,15.628472190973287,0.0032902046717838,Tôi
58.12694920151468,1.0967348905946166,0.0,2.193469781189233,2071.7322083332306,115.09135941899906,-70.46521672070412,17.141966339993857,0.0679975632168662,Tôi
25.224902483676185,1.0967348905946166,0.0,1.0967348905946166,2071.7322083332306,115.09135941899906,-67.99756321686623,16.725207081567902,0.0987061401535154,Tôi
36.19225138962235,1.0967348905946166,0.0,0.0,2071.7322083332306,114.8171756963504,-68.68850619794084,16.516827452354928,0.005483674452973,Tôi
1.0967348905946166,2.193469781189233,0.0,1.0967348905946166,2070.6354734426363,115.2887716993061,-68.54593066216354,16.242643729706273,0.1074800192782724,Tôi
2.193469781189233,1.0967348905946166,0.0,1.0967348905946166,2070.6354734426363,115.15716351243476,-68.27174693951488,15.496864004101932,0.07128776788865,Tôi
6.5804093435677,1.0967348905946166,2.193469781189233,414.56578864476506,2071.7322083332306,115.56295542195475,-67.93175912343055,14.805921023027324,0.0109673489059461,Tôi
0.0,0.0,1.0967348905946166,233.6045316966533,2071.7322083332306,114.7404042540088,-67.78918358765326,14.740116929591649,0.0032902046717838,Tôi
1.0967348905946166,0.0,2.193469781189233,168.89717315157097,2071.7322083332306,114.40041643792446,-67.59177130734622,14.597541393814348,0.0131608186871354,Tôi
3.29020467178385,1.0967348905946166,1.0967348905946166,219.3469781189233,2071.7322083332306,113.99462452840444,-67.6575754007819,14.871725116463002,0.0252249024836761,Tôi
26.3216373742708,0.0,1.0967348905946166,246.7653503837888,2070.6354734426363,113.91785308606283,-67.31758758469756,14.805921023027324,0.0043869395623784,Tôi
3.29020467178385,1.0967348905946166,1.0967348905946166,443.0808958002251,2070.6354734426363,113.64366936341418,-66.76922013940026,14.674312836155972,0.0065804093435677,Tôi
2.193469781189233,1.0967348905946166,0.0,70.19103299805546,2070.6354734426363,113.23787745389416,-66.3524608809743,14.597541393814348,0.0208379629212977,Tôi
23.03143270248695,1.0967348905946166,2.193469781189233,13.1608186871354,2070.6354734426363,113.17207336045848,-66.28665678753862,14.674312836155972,0.005483674452973,Tôi
27.41837226486541,1.0967348905946166,1.0967348905946166,39.4824560614062,2070.6354734426363,113.17207336045848,-66.07827715832565,14.465933206942992,0.005483674452973,Tôi
21.93469781189233,1.0967348905946166,1.0967348905946166,35.09551649902773,2071.7322083332306,113.17207336045848,-66.07827715832565,14.323357671165692,0.0230314327024869,Tôi
1.0967348905946166,1.0967348905946166,1.0967348905946166,20.83796292129772,2070.6354734426363,113.51206117654282,-66.22085269410296,14.04917394851704,0.0175477582495138,Tôi
-1.0052207220180889,2.002495750831436,13.026285470062184,2.002198876190249,1888.017304047336,119.74677738570789,20.15397559648777,15.000137332146643,0.1085550360848857,Tôi
-0.9821823465988738,1.976363038547396,0.9950057935263574,110.02777247388693,1887.936885650212,112.24753472379808,1.8854241936551472,13.367914564090883,0.0658894136672396,Tôi
1.0080894420713429,1.0127782740306552,110.00977747614708,376.9958555702396,1888.9943572323648,107.296148152108,-13.084112427888757,12.387988851258894,0.0574942140754198,Tôi
9.018131186670736,0.9544759663757616,81.98995238083259,408.9881666074263,1889.0105002805508,102.45286309182822,-29.677518385343014,14.94526336117562,0.0704623101323326,Tôi
42.97020545128644,1.0233420763816474,0.0128738481449512,245.0075118866012,1887.97086233114,101.41726122329396,-44.23523732804696,17.758563620213838,0.0185590118352512,Tôi
67.00379040810293,-0.0095275681538324,0.037361807184032,1.9731656903229,1888.0087107326665,102.4524464562612,-59.19014942915333,19.036309188441297,0.0365733088163617,Tôi
95.99764499910351,1.003540618921868,1.0146294843511092,3.055678676528096,1889.0181976107249,103.17095167865514,-66.99897786789333,16.821879099568513,0.0958100844897454,Tôi
62.9691730776809,1.0287339091537626,2.971495764881419,1.015310905706952,1887.9758674611755,106.52422330350088,-63.57937066480289,12.768286577443574,0.0869933119564654,Tôi
43.01159563660232,0.9727932505111536,1.986915674251935,1.0326202222717664,1889.0044392845373,104.96895640325538,-63.2000177475661,14.258306974856405,0.0011938851286194,Tôi
52.9782098487295,1.0152356189975016,0.0045421264060954,1.986255489317836,1888.9987698187035,104.91906012839448,-64.22745896378413,15.646341532960315,0.0678850853756494,Tôi
22.987933173015204,1.020526617914573,0.004443464186353,1.0157098480579216,1889.015114387244,104.92274600272034,-62.00697880407898,15.230113442288154,0.0640898510504619,Tôi
32.9741917249313,0.983135563900335,0.032453344188312,-0.0140654021551359,1888.998676833241,104.6946777541232,-62.652890142926935,15.07110239483396,-0.0090167013418797,Tôi
1.0212656219668317,1.9837341537769893,-0.0256288060690059,1.015408793346892,1887.9998293842264,105.11680627564692,-62.53447559399417,14.774075343594951,0.0881309616321958,Tôi
2.008508061185032,0.9901305908942546,0.020225949976288,0.9970597940017444,1887.984765477633,104.99779520931848,-62.25688727273492,14.131403535988628,0.073398858181585,Tôi
6.0003976495381295,0.9738653567908546,2.0098901134988605,377.9774985867241,1889.0134336685285,105.37119642817278,-61.97563847786424,13.476933213669737,0.0137032967840293,Tôi
0.0133737487836594,0.0240832674656474,1.0330490100778336,212.9977094451858,1889.0204656435017,104.66746816471309,-61.795411751284064,13.451987950328876,0.0160610165355844,Tôi
0.993415022004942,0.006664155100805,1.973433195166565,154.01469148147794,1888.972240067298,104.31074162533844,-61.63085365797147,13.371380602756387,0.0192033227080572,Tôi
2.99712084480748,1.025585902055474,0.9889125867707284,199.98538025086108,1888.98098071334,103.97259585431236,-61.699352163416734,13.549059335888568,0.0450020744478362,Tôi
24.002865628596485,-0.0301602818840585,0.981970410024015,225.02702919817344,1887.984180659511,103.87225383654388,-61.35702163356773,13.514530276377112,-0.020194807780828,Tôi
2.992745241706156,1.0163340853911522,0.9831709637410484,403.9715981306576,1888.0098260946768,103.6196726312217,-60.89209767852676,13.421246657355152,0.001548990133525,Tôi
1.996504934440008,0.9995258419706168,0.0154075655434213,63.99849917639831,1887.956314319375,103.26698645995022,-60.52167714429178,13.299847691531925,0.0237468040071386,Tôi
20.988427938104014,0.9533609052007684,2.000503230802003,12.038887628980367,1888.004476988037,103.19275540259372,-60.437960070138026,13.357604683232577,-0.0170422251781353,Tôi
25.00655684058431,0.9788058054245814,0.9602429910069266,36.00635316726673,1887.9911531498192,103.2216628047706,-60.25382467271561,13.200909948369588,0.031411187614455,Tôi
19.97603208686244,1.0059709036850908,1.0012799550379723,32.00974862012882,1888.9767350000864,103.1916515142708,-60.26691681613226,13.07471814508995,0.0183231474806979,Tôi
0.970553624383092,0.9809818576988216,0.9902123579502506,18.986401634863974,1887.9969321138267,103.4905794073327,-60.36455421533278,12.787372507278356,-0.0011993807985998,Tôi
-1.0,2.0,13.0,2.0,1888.0,119.75,20.12,15.0,0.0,Tôi
-1.0,2.0,1.0,110.0,1888.0,112.25,0.0,13.38,0.091,Tôi
1.0,1.0,110.0,377.0,1889.0,0.0,-13.06,12.38,0.053,Tôi
9.0,1.0,82.0,0.0,1889.0,102.44,-29.69,14.94,0.086,Tôi
0.0,1.0,0.0,0.0,1888.0,101.44,-44.25,17.75,0.04,Tôi
67.0,0.0,0.0,2.0,1888.0,102.44,-59.19,19.06,0.025,Tôi
96.0,1.0,0.0,3.0,1889.0,103.19,-67.0,16.87,0.104,Tôi
63.0,1.0,3.0,1.0,1888.0,106.5,-63.56,12.75,0.101,Tôi
43.0,1.0,0.0,0.0,1889.0,105.0,-0.0,14.25,0.003,Tôi
53.0,1.0,0.0,2.0,1889.0,104.94,-64.25,15.63,0.062,Tôi
23.0,1.0,0.0,1.0,1889.0,104.94,-62.0,15.25,0.09,Tôi
33.0,0.0,0.0,0.0,1889.0,104.69,-62.63,15.06,0.005,Tôi
1.0,2.0,0.0,1.0,1888.0,105.12,-62.5,0.0,0.098,Tôi
2.0,1.0,0.0,1.0,1888.0,105.0,-62.25,14.13,0.065,Tôi
6.0,0.0,2.0,378.0,0.0,105.37,-61.94,13.5,0.01,Tôi
0.0,0.0,0.0,213.0,1889.0,104.62,-61.81,13.44,0.003,Tôi
1.0,0.0,2.0,154.0,1889.0,104.31,-0.0,13.31,0.012,Tôi
3.0,1.0,1.0,200.0,1889.0,0.0,-61.69,13.56,0.0,Tôi
24.0,0.0,1.0,225.0,1888.0,103.87,-61.38,0.0,0.004,Tôi
3.0,1.0,1.0,404.0,0.0,103.62,-60.88,0.0,0.006,Tôi
2.0,1.0,0.0,64.0,1888.0,103.25,-60.5,13.31,0.019,Tôi
21.0,1.0,2.0,12.0,0.0,103.19,-60.44,0.0,0.005,Tôi
0.0,1.0,1.0,36.0,1888.0,0.0,-60.25,0.0,0.005,Tôi
20.0,1.0,0.0,32.0,1889.0,103.19,-60.25,13.06,0.021,Tôi
1.0,1.0,1.0,19.0,1888.0,103.5,-60.38,12.81,0.0,Tôi
-0.9394936434077218,1.878987286815444,12.213417364300383,1.878987286815444,1773.7639987537789,112.50436379807468,18.902612105363364,14.092404651115826,0.0920703770539567,Tôi
-0.0,1.878987286815444,0.9394936434077218,103.3443007748494,0.0,105.45816147251676,0.0,12.57042494879532,0.0,Tôi
0.9394936434077218,0.9394936434077218,103.3443007748494,354.1891035647111,1774.7034923971864,100.81706287408262,-12.269786982904847,11.630931305387596,0.0497931631006092,Tôi
8.455442790669496,0.9394936434077218,77.03847875943319,0.0,1774.7034923971864,96.24172883068702,-27.89356627277526,14.036035032511364,0.080796453333064,Tôi
40.39822666653204,0.9394936434077218,0.0,230.17594263489184,1773.7639987537789,95.3022351872793,-41.57259372079169,16.676012170487063,0.0375797457363088,Tôi
62.94607410831736,0.0,0.0,1.878987286815444,1773.7639987537789,96.24172883068702,-55.60862875330305,17.906748843351178,0.023487341085193,Tôi
90.19138976714127,0.9394936434077218,0.9394936434077218,2.8184809302231653,1774.7034923971864,96.9463490632428,-62.94607410831736,15.849257764288268,0.097707338914403,Tôi
59.18809953468647,0.9394936434077218,2.8184809302231653,0.9394936434077218,1773.7639987537789,100.05607302292238,-59.7142159749948,11.978543953448453,0.0948888579841799,Tôi
40.39822666653204,0.9394936434077218,1.878987286815444,0.9394936434077218,1774.7034923971864,98.64683255781078,-59.36660332693394,13.387784418560036,0.0028184809302231,Tôi
0.0,0.9394936434077218,0.0,1.878987286815444,1774.7034923971864,98.59046293920632,-60.36246658894613,14.684285646462692,0.0582486058912787,Tôi
21.6083537983776,0.9394936434077218,0.0,0.9394936434077218,1774.7034923971864,98.59046293920632,-58.24860589127875,0.0,0.0845544279066949,Tôi
31.00329023245482,0.9394936434077218,0.0,0.0,1774.7034923971864,98.3555895283544,-58.84048688662562,14.14877426972029,0.0046974682170386,Tôi
0.9394936434077218,1.878987286815444,0.0,0.9394936434077218,1773.7639987537789,98.75957179501972,-58.718352712982615,0.0,0.0920703770539567,Tôi
1.878987286815444,0.9394936434077218,0.0,0.9394936434077218,1773.7639987537789,98.64683255781078,-58.48347930213068,13.275045181351109,0.0610670868215019,Tôi
5.6369618604463305,0.9394936434077218,1.878987286815444,355.12859720811883,1774.7034923971864,98.99444520587164,-58.192236272674286,12.683164186004245,0.0093949364340772,Tôi
0.0,0.0,0.9394936434077218,200.11214604584475,0.0,98.28982497331586,-0.0,12.62679456739978,0.0028184809302231,Tôi
0.9394936434077218,0.0,1.878987286815444,144.68202108478914,1774.7034923971864,97.99858194385946,-57.9009932432179,12.504660393756778,0.0112739237208926,Tôi
2.8184809302231653,0.9394936434077218,0.9394936434077218,0.0,1774.7034923971864,97.6509692957986,-57.957362861822354,12.739533804608708,0.0216083537983776,Tôi
0.0,0.0,0.9394936434077218,211.3860697667374,1773.7639987537789,97.58520474076006,-57.666119832365965,12.683164186004245,0.0037579745736308,Tôi
2.8184809302231653,0.9394936434077218,0.9394936434077218,0.0,1773.7639987537789,97.35033132990812,-57.19637301066211,0.0,0.0056369618604463,Tôi
1.878987286815444,0.9394936434077218,0.0,60.1275931780942,1773.7639987537789,97.00271868184728,-56.83936542616717,12.504660393756778,0.0178503792247467,Tôi
19.72936651156216,0.9394936434077218,1.878987286815444,11.27392372089266,1773.7639987537789,96.9463490632428,-56.78299580756271,0.0,0.0046974682170386,Tôi
23.487341085193044,0.9394936434077218,0.9394936434077218,33.82177116267798,1773.7639987537789,96.9463490632428,-56.60449201531524,12.39192115654785,0.0046974682170386,Tôi
0.0,0.9394936434077218,0.9394936434077218,30.063796589047097,1774.7034923971864,96.9463490632428,-56.60449201531524,12.269786982904847,0.0197293665115621,Tôi
0.9394936434077218,0.9394936434077218,0.9394936434077218,17.850379224746714,1773.7639987537789,97.2375920926992,-56.72662618895824,12.034913572052917,0.0,Tôi
2.0,2.0,1.0,17.0,1889.0,103.31,-60.06,13.0,0.001,Tôi
2.0,2.0,1.0,1.0,1889.0,102.37,-59.5,12.5,0.004,Tôi
0.0,2.0,1.0,3.0,1889.0,101.12,-59.38,12.44,0.004,Tôi
1.0,0.0,1.0,2.0,1889.0,101.5,-59.81,12.44,0.007,Tôi
1.0,0.0,3.0,2.0,1888.0,101.69,-59.75,13.75,0.006,Tôi
0.0,1.0,2.0,2.0,1889.0,102.69,-59.56,14.5,0.004,Tôi
2.0,2.0,1.0,1.0,1889.0,103.5,-59.5,14.63,0.004,Tôi
1.0,2.0,2.0,1.0,1888.0,103.31,-59.0,13.69,0.005,Tôi
1.0,1.0,2.0,2.0,1888.0,104.25,-58.63,13.31,0.005,Tôi
0.0,1.0,1.0,0.0,1888.0,103.31,-58.31,13.81,0.057,Tôi
1.0,2.0,1.0,2.0,1889.0,101.69,-57.44,14.19,0.064,Tôi
0.0,2.0,1.0,1.0,1888.0,102.06,-57.06,14.25,0.083,Tôi
1.0,0.0,1.0,2.0,1888.0,102.44,-57.06,14.19,0.027,Tôi
0.0,2.0,2.0,1.0,1889.0,100.75,-55.56,15.0,0.04,Tôi
1.0,0.0,0.0,0.0,1889.0,100.25,-54.56,15.38,0.027,Tôi
0.0,1.0,1.0,1.0,1888.0,100.75,-54.88,15.25,0.006,Tôi
2.0,2.0,1.0,0.0,1889.0,102.25,-55.81,14.94,0.007,Tôi
1.0,0.0,0.0,2.0,1888.0,101.75,-56.25,14.75,0.032,Tôi
0.0,1.0,0.0,2.0,1889.0,102.06,-56.69,14.38,0.049,Tôi
1.0,1.0,1.0,3.0,1889.0,102.19,-56.75,14.56,0.041,Tôi
2.0,2.0,1.0,2.0,1888.0,101.31,-54.0,16.37,0.035,Tôi
0.0,1.0,0.0,3.0,1889.0,100.44,-50.81,16.19,0.034,Tôi
0.0,1.0,0.0,2.0,1888.0,98.94,-52.44,16.69,0.054,Tôi
2.0,-1.0,0.0,1.0,1889.0,99.87,-51.63,16.69,0.034,Tôi
6.0,0.0,0.0,3.0,1889.0,100.75,-50.38,16.56,0.053,Tôi
1.99052170000656,1.9863485764166504,0.9849626189048164,17.01026391601498,1888.972936822849,103.3172626614414,-60.08067822576472,12.992118561065766,0.0166711682377127,Tôi
1.962796809004104,1.995332379974668,0.9927297627145606,0.99806094679792,1889.033186059359,102.36048627144724,-59.52372744540943,12.514522646256577,-0.0196151807059442,Tôi
0.0236797706223042,1.968087989388355,1.0231432302855037,2.995884543183463,1889.0315901413408,101.10827707764236,-59.37501131402082,12.421142359536002,-0.0139826447887489,Tôi
0.944996009254641,-0.0058540880187179,1.0001053506516198,2.038102949246104,1888.994255278413,101.5104255744575,-59.80812155153473,12.43047836476181,0.0401136969728115,Tôi
1.0014174504054962,0.0067258577988349,2.993976782045927,2.0349747031586176,1887.9919530727504,101.73035856350911,-59.73918397001176,13.734502053314468,0.0142820088964745,Tôi
-0.0128848660447427,1.0134244566743258,1.974009144192577,2.019251525049568,1889.029701781324,102.72319290849552,-59.574967370336914,14.510506014768463,-0.0489289829377134,Tôi
2.025152761140568,2.009075372274216,1.0460337648302511,1.026938122324635,1888.994688543784,103.49140404330052,-59.515700584658994,14.646973088992882,0.0002270856163547,Tôi
1.0213838738170775,1.9815820071750647,2.024013786664001,0.9840633508248332,1887.9659143525896,103.32477358083034,-59.055219396469056,13.694955784602907,-0.0134621616880568,Tôi
0.9752081588386756,0.9900310807722398,1.994757455183676,1.977168967468726,1888.0077500515133,104.2802803457024,-58.61268702101489,13.306909690048109,0.0352846071515874,Tôi
0.0110482469232267,0.9982655090592454,1.0316130182743202,-0.0055303946882761,1888.015390526403,103.3290573494971,-58.303103130110976,13.81903782986334,0.0692541105093444,Tôi
0.9978150464736288,2.014573560613597,0.9901605679819367,1.9952599437549792,1888.9805662270908,101.68963460001892,-57.43105956493066,14.172683795692912,0.0405300032088495,Tôi
-0.035813972607696,2.007357439248701,0.9571527608006388,1.0207544109639577,1887.9907157416144,102.09466224186532,-57.08852535262864,14.24190345332874,0.0890232792702715,Tôi
0.981812824036566,0.0178731812024291,0.9529461924185776,1.987747092654976,1887.944635164868,102.4514928247598,-57.09343903279512,14.212043202046214,0.0155681993057827,Tôi
-0.0297266056538399,2.010243669168991,2.0010552237541903,1.002939923329234,1889.043125281632,100.7422016664413,-55.55659429027068,14.983287495271057,0.0225251511585881,Tôi
1.0272593452692906,0.0149539601232306,-0.0172551533094681,-0.0006253765704226,1888.9998484981024,100.24112787069475,-54.57713247636991,15.388098673319776,-0.0002730448950701,Tôi
-0.0194656299053963,1.030716161649082,0.999949625130559,0.980530121796803,1887.9672357337136,100.78335975448454,-54.9170440938186,15.247929434057603,-0.0367940132798049,Tôi
2.0245325875540736,1.9792781317022103,0.9973236494557144,0.0689240745737726,1888.964971022212,102.23040198955626,-55.788377123447226,14.91423416316639,0.0273170097694235,Tôi
1.0312247213286407,0.0100270719949295,0.0169113338724884,2.008151271942872,1888.022040172738,101.76303817718612,-56.26268502501117,14.763295846568695,0.0304733900166218,Tôi
-0.0036856288816995,1.0054628487422752,0.0078903396372768,1.9958334994832008,1888.9766168151668,102.04749158390582,-56.6840049036619,14.359090518844848,0.0667424269808455,Tôi
1.0078380680534516,0.991929879595112,1.0117222351898103,3.009244730996065,1888.978625675053,102.19418615945057,-56.740284308836735,14.576674673232242,0.0241563873948568,Tôi
1.9637399067328445,1.99971185951962,0.9838410817602214,2.003453181828514,1887.9463024265813,101.34028511907928,-53.99261923901121,16.375515844743227,0.0141926112624779,Tôi
-0.0101758943650341,1.0074012495096143,-0.001548003051372,2.9661527175038405,1889.002335544673,100.46109078027312,-50.7990461633646,16.201814076823332,-0.0079431618622996,Tôi
0.0111949042596678,0.9951158675135832,0.0244692417688927,1.98765095132196,1887.991946091802,98.91887473093188,-52.43769377021794,16.700862579334878,0.0684976061966511,Tôi
1.9883568457163023,-0.997573181846488,-0.024402792465689,1.0246534480086784,1889.036011061052,99.8616092248536,-51.60147755145356,16.673295353377146,0.0713720413060332,Tôi
5.9572144104039095,-0.0145178340443191,-0.0169630351568806,3.000422373587401,1888.9966138916016,100.7163074342204,-50.37740404902642,16.583458701589414,0.0537390300419537,Tôi
1.8776148796808207,1.884903708533589,0.9450636904013624,16.01382262415939,1779.166025812175,97.3185228088644,-56.526479244829545,12.238651373394624,0.0113872948285135,Tôi
1.876194793263923,1.863879992376855,0.9420443097917434,0.948211382108294,1779.1919510693906,96.3950261179758,-56.004731775754,11.789450658559137,-0.0102879910382588,Tôi
0.0011731486644879,1.909108190116924,0.9746003913185848,2.821070548245425,1779.1720398923612,95.26656383302108,-55.95995763417776,11.700719747883982,-0.0186228082580401,Tôi
0.9662045170824872,0.011745911028666,0.9325654901761868,1.8513384219639133,1779.183903018297,95.59047560377672,-56.33219494764422,11.726694576911653,-0.0218972694000676,Tôi
0.9375475751901317,-0.019637975015818,2.825240287683077,1.869182765202764,1778.2604591929594,95.78235661415088,-56.27231258120992,12.971853875890664,-0.018719863425475,Tôi
0.0288353590886682,0.904672840912802,1.8851558167965408,1.8490783968699136,1779.174253933424,96.7315933373602,-56.07418782818005,13.670093992625656,0.020838220960874,Tôi
1.8553091174558791,1.9151984976717285,0.933600129599329,0.9487146614485584,1779.2103909084767,97.4790137960051,-56.05016001031621,13.752478150268702,0.0112082898600552,Tôi
0.9338305888165808,1.9062993708384115,1.863915971422587,0.9229313221862816,1778.2369355011947,97.31728363438124,-55.5705701309503,12.888303486754204,0.0172955793445043,Tôi
0.9513632699340208,0.9354222981449246,1.8818816483394207,1.8766693911024752,1778.2272577375843,98.18808197041736,-55.20371421842315,12.534382531263727,4.424342253241709e-05,Tôi
5.596480412412085e-05,0.9732249349329458,0.9662059742336748,0.012253760843878,1778.26553582302,97.28304909975674,-54.88671162907355,13.019756106686655,0.09246217153137,Tôi
0.9466683273412456,1.9003902600700964,0.932035147686092,1.9048268207570016,1779.1995099002595,95.76660402313674,-54.10484776957039,13.367446191136606,0.0827287184401762,Tôi
0.026005985678066,1.864315593688777,0.9543860433471985,0.9416389444434484,1778.237703648589,96.11753268649188,-53.749728804202206,13.436305222455823,0.0888637475967019,Tôi
0.967149054655436,0.0076274299334485,0.9415083881074988,1.9032188289441527,1778.2524889292924,96.48208847893964,-53.75346319388224,13.369632910167164,0.0052639855058077,Tôi
-0.0074484300698053,1.862344416307757,1.8898088992149864,0.963475706552453,1779.1870455812843,94.9044885730143,-52.36474435185156,14.118777093402295,0.0232700050389811,Tôi
0.9426818913135732,-0.0151988662422421,4.794302836564341e-05,0.0063018508955013,1779.1785039842784,94.43229194724412,-51.385789377563306,14.48075190465368,-0.004894739624058,Tôi
0.0093384915331525,0.940460624392206,0.9558925253199312,0.9494924487669436,1778.2389636575626,94.85583550170928,-51.6888503643495,14.379011612249911,-0.0301914439820983,Tôi
1.8838366963321231,1.8689889302370817,0.9482618759231604,-0.0094347573898364,1779.169724150829,96.28472276939944,-52.57672679307303,14.079565917332545,0.0137348195623531,Tôi
0.9410289073586042,0.0270786661487558,-0.0202554698691277,1.8912889808057896,1778.243935073236,95.82155686231236,-52.94986774605403,13.882766116109645,0.0277485287655809,Tôi
0.0174132638512657,0.93739436982986,0.0044772067557271,1.850229622085532,1779.1826721487416,96.11498630255204,-53.42999959357506,13.551625083385304,0.0462904016069524,Tôi
0.9583370811461412,0.9651492193494478,0.927281799006711,2.830548413254917,1779.1942379830057,96.25685728726104,-53.43738020772362,13.735165524842683,-0.0063232169445695,Tôi
1.8886931931266508,1.8743374390831864,0.9738196037010368,1.8840753905860288,1778.255059911873,95.404346823716,-50.88961812117148,15.434724048128045,0.0082824539946121,Tôi
-0.0065630454536748,0.9472567462032628,-0.0209924383149348,2.832356709423696,1779.195003550455,94.59377718981332,-47.858264201522665,15.293297914585064,0.0263127095843033,Tôi
-0.002805025739416,0.9440312532456816,-0.0126764288856777,1.905335937042684,1778.2681661911267,93.19340497972176,-49.39750432682269,15.731992325284224,0.043021270214638,Tôi
1.862957346859012,-0.9474538356004496,0.0132820465040102,0.9105883967086869,1779.2008919189743,94.08390083148102,-48.6445307693356,15.7395499798994,0.0166153989485758,Tôi
5.649246974890456,-0.0029529783848683,-0.0086589146791881,2.86286520296193,1779.1598056289065,94.9082355734464,-47.43444489403519,15.591393095290176,0.0667839071152136,Tôi
1.963302057544624,1.991573684883376,0.953414099170706,17.005652254446346,1889.0205571433137,103.30930526846358,-60.043457993492034,13.018472385972949,-0.0022505705813207,Tôi
2.0285503249766688,1.9892420206621515,0.9709835463893826,1.0299417625451328,1888.968013281988,102.3865501095037,-59.53440972006076,12.514437191486532,0.0043198930035264,Tôi
0.0076092954852116,2.017266831368661,0.9874796537531316,2.999122794719947,1889.0092994612096,101.11209472244072,-0.0,0.0,-0.0,Tôi
1.0043273534399817,0.0276797212552139,1.0344509969426237,2.047183551291928,1888.9964474808169,101.45918086904906,-59.83636212031213,12.428341283813472,0.0,Tôi
0.9779846960688428,0.0213721902421521,3.0087423097991395,1.9964712758199283,1888.010143684816,101.71814536383653,-59.73859124075874,13.76596013143703,-0.041010184975344,Tôi
0.0,1.0098527497464085,2.038071191131937,0.0,1888.9899532601755,102.7195310858064,-59.59104405040516,14.503229308259025,0.0003845675500342,Tôi
2.0008745616075587,1.989166281879432,0.9671942460881672,0.0,0.0,103.49947863657086,-0.0,14.637774089321429,-0.0,Tôi
0.0,2.0313564212645083,2.0066896439417854,0.9682487049240066,1887.9982941261007,0.0,-0.0,0.0,0.0,Tôi
1.0035873057565343,1.0384475359053775,2.002592329160277,1.988702775266844,1888.0296972866047,104.26848094609004,-58.63795339022809,13.293393253602108,-0.0266240763034159,Tôi
0.0083741014966618,0.9955533251268238,1.013168766154386,0.0031190485251419,1888.0083272531488,103.31800798650944,-58.31868752521165,13.78601012700261,0.067242285375104,Tôi
0.9683603942250713,0.0,0.994786542634119,1.9988510710736944,1889.0148946830227,101.68759555590724,-57.43763794558308,14.19459718948425,0.0674122197260655,Tôi
-0.0183097727743234,2.0061783346529483,1.023363935162123,0.9583838283938828,1887.982175910884,102.0626924584085,-57.06088535831209,14.27262522574818,0.0806113141018483,Tôi
0.99812388641388,0.0213398187935901,0.9836943874678616,2.0250468255853105,1887.9803573314048,102.43717475267096,-57.082558225286704,14.181444812719064,0.0442806821683114,Tôi
-0.0218034854715288,0.0,2.011223047307971,0.9931470423602696,1888.9939132768789,100.75454011828349,-55.55888262862744,14.962160719550177,0.0307482153021783,Tôi
1.026695822584751,0.0,0.0171615007432952,-0.0044755619812995,1889.018833043854,100.24427347696007,-54.53985472513913,15.382691390418216,0.0647824049875422,Tôi
0.0,0.9877717586660149,0.9906657096953828,0.9726406795011598,1887.995548452073,100.75489675081862,-0.0,15.196593334624032,-0.0166140725915425,Tôi
2.0080500540142063,1.9810018322996017,0.9651366699667724,0.0181238624440605,1889.038464960224,102.27821700678176,-55.79939573245028,14.933674750224448,0.0106208052067856,Tôi
1.0287640026920573,0.0314539113626608,-0.0232321420077029,2.0151525600658733,1888.0120891365088,101.7686849879748,-56.2696204572025,14.778492725581602,0.0,Tôi
0.0107373574574152,1.006639449034832,0.0046841015284162,2.019436290231559,0.0,102.03356266230227,-56.6925004728116,14.383244595772004,0.0557181563744767,Tôi
1.0009384087819635,1.0077266168685404,1.0248527246223944,3.0023778985526723,1889.0131256267591,102.2064111906699,-56.7463182931783,14.571577632281848,0.0073228964832529,Tôi
0.0,0.0,1.007619592840043,0.0,0.0,101.302741263475,-54.02150462063448,16.3671342497358,0.0,Tôi
-0.0,1.0112529078541412,0.0005144051640352,3.023175205510668,1888.9811128253048,100.45036643551524,-0.0,16.206491015774482,0.0403170708779464,Tôi
0.0069189791889013,0.997531121325814,-0.021109826045409,1.982352848634602,0.0,98.98020767076945,-52.40491361358834,16.70610186842218,0.0504607780671751,Tôi
1.9789145572331792,-1.0059686874878064,-0.0359978433926082,0.9832425426512698,1889.0033055437527,99.83767795324684,-51.65050872953388,16.712840805546374,0.045089416533837,Tôi
6.012045771169875,-0.0010125226528357,0.0293117772102359,3.022140898625985,1889.006066249873,100.75888086637012,-50.38276208865074,16.541893157350003,0.0786714250703735,Tôi
1.9463704858380533,1.930586567867002,0.9540316969418432,16.248654432590886,1803.6972748551696,98.66239927023818,-57.37033285664383,12.460446376030834,0.0008028035898814,Tôi
1.89577941257104,1.903485563336408,0.9581554547051814,0.9564802812134828,1803.702170103863,97.76555290357672,-56.79128250546069,11.93215915420624,0.0394500866555245,Tôi
0.0037755203896452,1.910518107480384,0.9544263281623526,2.878696206195055,1803.6815413660936,96.56358655841156,-56.71925703506714,11.89640577524274,0.0321380689174869,Tôi
0.9572562962354804,0.0263980076658707,0.9591515975442354,1.90384772592158,1803.6953937753767,96.90181606680254,-57.12117903630852,11.902453285128932,0.0476166193410471,Tôi
0.9540637733031728,0.0191852728682517,2.8372936030690337,1.9080791543143256,1802.754172092802,97.10101534800496,-57.06065266248589,13.12081385517014,0.0220775624204141,Tôi
0.0031857794666257,0.9301960195513028,1.8800158856770328,1.8981238906293905,1803.700140341584,98.0431257779584,-56.89233000978406,13.811519231944557,0.0238456709061039,Tôi
1.9058308693146344,1.925278010640613,0.9211389496504704,0.9566782198666716,1803.7262446370528,98.81620505486944,-56.82133956312495,13.962490697937506,-0.0055463384417268,Tôi
0.932187303388396,1.947332077249275,1.923964465394588,0.9858067418027356,1802.7487760621675,98.61697007401328,-56.33614349013658,13.070044335280004,-0.0080794518846946,Tôi
0.9555287314690336,0.9648510990022836,1.9288199508468853,1.910170275023348,1802.778540123616,99.56043439469718,-55.98265142145006,12.680775163709615,0.0396615934557563,Tôi
0.0082962233466537,0.9695167010870868,0.9314007836754375,-0.0015886027618803,1802.7265010500607,98.65377804904016,-55.66436369106411,13.193391642783451,0.0760148358700629,Tôi
0.9406222786392904,1.8646839239031192,0.9955738038149,1.9047771591820448,1803.710969737192,97.13162940595706,-54.87902958146408,13.517671001607328,0.0621701298702576,Tôi
-0.0171393295690791,1.9439908532323225,0.9672634378145464,0.9787210257768224,1802.7331519329307,97.45090058038484,-54.46705603106026,13.59545286160331,0.0893823542580262,Tôi
0.9641304559758838,-0.0081126368798396,0.9624848168574844,1.9250624176515727,1802.758272566132,97.81244244083908,-54.4836509057133,13.547812968118242,0.0239822852519884,Tôi
0.0003035722873215,1.891520758603428,1.9235839422376824,0.9592025825379016,1803.7195353924485,96.2273943058801,-53.08060633607662,14.314553087068989,0.0403491861159496,Tôi
0.9722924722960956,0.0012381363677565,0.0116081200011489,-0.0010376691010833,1803.729430115001,95.7590438390352,-52.10719947643041,14.682163683975975,0.0324595349166887,Tôi
-0.011821500279976,0.9523066512477912,0.976993419680154,0.9449709947988896,1802.7621681276607,96.21218874934858,-52.36534003456486,14.553177207008536,0.0354801808244077,Tôi
1.889101609038934,1.918369261072146,0.9499779045508938,-0.0025672428741121,1803.7032281147988,97.63111908528808,-53.26783423121373,14.254030441354608,0.029515748151566,Tôi
0.9744062230211816,-0.0079817205887583,0.0209081275888485,1.922314956190104,1802.746134374957,97.15235904455072,-53.72078306591362,14.100168224391442,0.0197024723316474,Tôi
0.0346259701646693,0.97574654051666,-0.0045999272005225,1.9210526147999345,1803.693294777192,97.45089708259133,-54.12811539597569,13.739565887586592,0.0229628351581306,Tôi
0.956659173320924,0.9577382967084688,0.9306167509791282,2.863958658511109,1803.6982659835496,97.55089316607524,-54.18334048595417,13.87902923324202,0.0419665617043864,Tôi
1.8991430720983664,1.8953527911095844,0.95569617187874,1.91697841040677,1802.761750016116,96.72179880401433,-51.57727839143674,15.652509561114115,0.0097171389110267,Tôi
-0.0110693982381121,0.9461297057448964,-0.0212354511536105,2.864179323517196,1803.706217238892,95.88763954968584,-48.49673026356876,15.438144911711545,0.0120693266071106,Tôi
-0.0208883150056042,0.94941199837609,0.0133290626973842,1.9221708601191465,1802.7274015521189,94.445376306178,-50.08649698197284,15.940195558560031,0.0662531837214549,Tôi
1.9418723493142287,-0.9411874704580866,0.0096516703552724,0.9343380947770642,1803.7170949200483,95.34098620915589,-49.29283167050822,15.910300842419955,0.0139286773539849,Tôi
5.692222341040183,0.0029526656309429,0.027938296635689,2.863722021742954,1803.6952379604047,96.19966794318174,-48.12762364011583,15.839282019450351,0.0312143252593265,Tôi
